res,clim,lulc,years,post_sd,J_bayes,J_bayes_flood,J_bayes_short,J_blend,J_blend_flood,J_blend_short,J_plugin,J_plugin_flood,J_plugin_short,J_x4only,J_x4only_flood,J_x4only_short,J_frozen,J_frozen_flood,J_frozen_short
BUL,access1-0_rcp45_r1i1p1,FORE-SCE-A1B,72,0.6218384889569631,17095347273.534985,0.0,17095347273.534985,13764006595.311861,148623061.91331735,13615383533.398542,12620010788.561722,711733423.2187371,11908277365.342981,18283441273.91461,6755362150.378896,11528079123.535717,28885775319.858486,21066252493.371902,7819522826.486575
BUL,access1-0_rcp45_r1i1p1,FORE-SCE-A2,72,0.6218384889569631,14576577439.104383,0.0,14576577439.104383,11710838730.455559,0.0,11710838730.455559,10548711477.079166,258354363.2020832,10290357113.877085,16279284279.69765,6391769874.667136,9887514405.03051,27904738465.748665,21472047426.08107,6432691039.667601
BUL,access1-0_rcp45_r1i1p1,FORE-SCE-B1,72,0.6218384889569631,13060412431.523104,0.0,13060412431.523104,10543671913.696968,0.0,10543671913.696968,9609346171.175833,263146924.93109325,9346199246.244738,15367418773.756918,6396959206.087997,8970459567.668922,26911869322.318,21524978916.959778,5386890405.358221
BUL,access1-0_rcp45_r1i1p1,GCAM-26,72,0.6218384889569631,28532690318.84319,0.0,28532690318.84319,24647297191.997063,220396810.68542707,24426900381.311634,22387045126.371677,664648475.8497776,21722396650.5219,32275536300.462967,10762347353.140005,21513188947.32296,52919787560.07645,37978715817.816795,14941071742.259651
BUL,access1-0_rcp45_r1i1p1,GCAM-45,72,0.6218384889569631,21565901226.371037,0.0,21565901226.371037,17964629459.11751,149659959.90368828,17814969499.21382,16178134211.313545,575130024.0072539,15603004187.30629,26710050475.667732,10998253784.574293,15711796691.093443,48923459856.965,39268512052.48916,9654947804.47583
BUL,access1-0_rcp45_r1i1p1,GCAM-ref,72,0.6218384889569631,17130991900.248629,0.0,17130991900.248629,13845908798.149845,148841189.8432867,13697067608.306557,12557073298.687393,696441814.9682999,11860631483.719093,18200072320.94241,6714675524.280422,11485396796.66199,28780494896.94836,20951687640.756226,7828807256.192135
BUL,access1-0_rcp45_r1i1p1,LUCAS-BAU_High-0001,72,0.6218384889569631,11383138134.373034,0.0,11383138134.373034,8845992095.813726,0.0,8845992095.813726,8083383313.300818,267120644.64509022,7816262668.655728,14027806147.14914,6527142289.336325,7500663857.812818,25911585097.248264,21638399407.75207,4273185689.4961944
BUL,access1-0_rcp45_r1i1p1,LUCAS-BAU_High-0002,72,0.6218384889569631,11635326268.465994,0.0,11635326268.465994,9105215283.372892,0.0,9105215283.372892,8282114160.940684,260786062.28958306,8021328098.651102,14057773601.46524,6356616003.262974,7701157598.202272,26044404585.91127,21597499123.333527,4446905462.577752
BUL,access1-0_rcp85_r1i1p1,FORE-SCE-A1B,72,0.6266790236176377,26128119710.785576,770014156.8731968,25358105553.91238,22932857300.027092,1223646300.9383688,21709210999.088722,27156548180.145504,8910644213.51722,18245903966.62828,25441539636.83533,8103402421.6655245,17338137215.169807,27746108036.220238,4757055714.944283,22989052321.275963
BUL,access1-0_rcp85_r1i1p1,FORE-SCE-A2,72,0.6266790236176377,23374859842.238136,761623006.0486546,22613236836.189484,20390004697.005898,1230757663.622428,19159247033.383476,25057112670.33601,9168436726.5362,15888675943.799816,23392071949.227665,8399796039.189547,14992275910.038115,24951631341.36307,4964692072.750512,19986939268.612568
BUL,access1-0_rcp85_r1i1p1,FORE-SCE-B1,72,0.6266790236176377,21025353368.697037,819341469.9268055,20206011898.770233,19031141603.545853,1969271572.6439004,17061870030.90195,22896347390.913532,8227928677.455882,14668418713.457659,20600144163.589115,6612508155.907275,13987636007.681837,22857292447.772156,5144668665.5966015,17712623782.175556
BUL,access1-0_rcp85_r1i1p1,GCAM-26,72,0.6266790236176377,42772330086.32469,1753424931.3139067,41018905155.010796,38764584931.78962,1938664537.9831462,36825920393.806465,41135698756.4797,8835875652.605286,32299823103.874405,49233624756.215546,18379515501.88034,30854109254.335197,48592953499.25645,4855927324.878647,43737026174.37779
BUL,access1-0_rcp85_r1i1p1,GCAM-45,72,0.6266790236176377,32259401951.097492,883590094.4401772,31375811856.657314,29154039138.28712,1646850235.773306,27507188902.513813,34133708681.19835,10172508355.752657,23961200325.445694,35350216784.47187,12359527204.113058,22990689580.358818,38458535238.456764,5757329926.495925,32701205311.960842
BUL,access1-0_rcp85_r1i1p1,GCAM-ref,72,0.6266790236176377,26155684986.463467,769577000.6549895,25386107985.80848,22853256566.313046,1222949487.5705132,21630307078.74253,27638636289.334213,9426317435.766205,18212318853.568005,25453152832.52242,8096714106.399466,17356438726.122944,27700086834.522385,4752308595.290795,22947778239.23159
BUL,access1-0_rcp85_r1i1p1,LUCAS-BAU_High-0001,72,0.6266790236176377,18450151532.642284,803218171.1691475,17646933361.47314,16624574411.660744,2154483004.155819,14470091407.504929,19046883735.874794,6779996225.631975,12266887510.24282,18670855757.102592,6978558382.214831,11692297374.887768,20543773500.12572,5439044373.796456,15104729126.329264
BUL,access1-0_rcp85_r1i1p1,LUCAS-BAU_High-0002,72,0.6266790236176377,18845189576.21897,805796564.3841782,18039393011.834793,16918824275.916021,2054491715.4108603,14864332560.50516,21098226282.196182,8445715957.099112,12652510325.097063,18826223710.04919,6775257015.38317,12050966694.666021,20923007291.063347,5399734681.926039,15523272609.13731
BUL,bcc-csm1-1-m_rcp45_r1i1p1,FORE-SCE-A1B,72,0.6044322628157719,31499781508.229103,12984985539.70644,18514795968.522663,29838370242.1912,15023200099.941557,14815170142.249672,33756896135.078266,20258242527.525375,13498653607.552906,36388470654.19337,23252372944.30571,13136097709.887657,35732177456.57598,19018807597.011566,16713369859.564415
BUL,bcc-csm1-1-m_rcp45_r1i1p1,FORE-SCE-A2,72,0.6044322628157719,29360619124.957367,13140593712.856709,16220025412.100655,27710918530.368397,14857312539.084023,12853605991.284374,31171888475.55747,19472786900.340675,11699101575.216785,30746384258.097137,19501186673.832504,11245197584.264624,33540440121.972103,18994165016.042118,14546275105.929987
BUL,bcc-csm1-1-m_rcp45_r1i1p1,FORE-SCE-B1,72,0.6044322628157719,27563241921.705555,13150370942.437393,14412870979.268154,26345972693.894924,14881041357.291752,11464931336.60317,29138744041.44248,18406149732.826874,10732594308.615599,29860985451.70037,19523698157.150875,10337287294.549484,31829618545.277782,18985861086.61222,12843757458.66555
BUL,bcc-csm1-1-m_rcp45_r1i1p1,GCAM-26,72,0.6044322628157719,43252946737.628716,12693562016.62816,30559384721.000565,41259335476.88301,14968045099.208874,26291290377.67412,42889695618.87635,18241774927.17312,24647920691.70323,51695568819.30996,28186529527.710293,23509039291.599693,51054858165.166504,24243211320.039505,26811646845.127014
BUL,bcc-csm1-1-m_rcp45_r1i1p1,GCAM-45,72,0.6044322628157719,34655438661.121216,11680641526.6397,22974797134.481506,34151374753.060154,14797201836.31944,19354172916.74071,36173168539.654945,18229203519.431046,17943965020.2239,45624583469.24256,28209592404.063446,17414991065.17909,43883334450.015915,24450237721.410652,19433096728.60527
BUL,bcc-csm1-1-m_rcp45_r1i1p1,GCAM-ref,72,0.6044322628157719,31570940803.992172,12995147690.28126,18575793113.710922,30248137755.538292,15244468778.556463,15003668976.98183,34354422834.802204,20671270392.76579,13683152442.036415,36334818287.5536,23221697749.504814,13113120538.048767,35750453388.58143,19033618430.594063,16716834957.987349
BUL,bcc-csm1-1-m_rcp45_r1i1p1,LUCAS-BAU_High-0001,72,0.6044322628157719,25610363043.246326,13195347359.63022,12415015683.6161,24747648257.026344,14982927755.169567,9764720501.856777,26756566897.956966,17877862109.41937,8878704788.537607,27492559228.779106,18983406173.96045,8509153054.818646,29884997151.549683,18982808710.87079,10902188440.678902
BUL,bcc-csm1-1-m_rcp45_r1i1p1,LUCAS-BAU_High-0002,72,0.6044322628157719,25896960650.549084,13177712959.870455,12719247690.678629,24978757706.83251,14956128735.395596,10022628971.436926,27097548232.016605,17880736891.92127,9216811340.095318,27861628924.42945,18986736068.772133,8874892855.65732,30176237316.246956,18986134721.407227,11190102594.839735
BUL,bcc-csm1-1-m_rcp85_r1i1p1,FORE-SCE-A1B,72,0.5328678367301644,66671292250.63717,39344507454.72501,27326784795.91216,70085256531.48715,45774240521.82733,24311016009.65984,70976580487.48439,46899418039.600365,24077162447.884056,84429961471.65024,62173422838.78372,22256538632.86649,84445624444.88979,62173422838.78368,22272201606.106083
BUL,bcc-csm1-1-m_rcp85_r1i1p1,FORE-SCE-A2,72,0.5328678367301644,63781087944.33878,39350560847.54077,24430527096.798008,67166314191.96418,45592082889.48817,21574231302.47602,68049885192.787605,46622131591.68695,21427753601.10065,81969042925.04996,62275453713.35873,19693589211.69123,81969042925.04996,62275453713.35873,19693589211.69123
BUL,bcc-csm1-1-m_rcp85_r1i1p1,FORE-SCE-B1,72,0.5328678367301644,61176980577.059784,39334039983.19019,21842940593.869602,64542367789.94962,45417851433.8425,19124516356.107113,65560080559.95224,46592874309.627365,18967206250.324867,79621580980.52896,62235961341.167915,17385619639.36104,79621580980.52896,62235961341.167915,17385619639.36104
BUL,bcc-csm1-1-m_rcp85_r1i1p1,GCAM-26,72,0.5328678367301644,83757574862.2694,41582106625.285355,42175468236.98408,86219939194.26549,46931463144.082726,39288476050.18278,87022043894.39319,47960448425.839554,39061595468.55363,104901556130.78508,67606043478.62844,37295512652.156624,104946963235.59312,67606043478.62763,37340919756.96548
BUL,bcc-csm1-1-m_rcp85_r1i1p1,GCAM-45,72,0.5328678367301644,72358400818.3784,39297681163.11678,33060719655.26162,76906852204.09084,46667920620.57391,30238931583.51692,77752864387.49675,47856295599.85866,29896568787.638107,95456093776.45822,67675257766.01741,27780836010.44081,95475999517.99759,67675257766.01727,27800741751.980316
BUL,bcc-csm1-1-m_rcp85_r1i1p1,GCAM-ref,72,0.5328678367301644,66055188322.49431,39318372575.118546,26736815747.37577,69914071384.34178,45907077943.7985,24006993440.543247,70415598195.08328,46817728608.26491,23597869586.81839,84135608471.15436,62179140012.211975,21956468458.942352,84152294588.61559,62179140012.211914,21973154576.403633
BUL,bcc-csm1-1-m_rcp85_r1i1p1,LUCAS-BAU_High-0001,72,0.5328678367301644,58208652613.37559,39324768030.37274,18883884583.00284,61610623748.86128,45268469924.443474,16342153824.417822,62787480980.5756,46580859481.246826,16206621499.328773,77064650134.4619,62279127980.14994,14785522154.311945,77064650134.4619,62279127980.14994,14785522154.311945
BUL,bcc-csm1-1-m_rcp85_r1i1p1,LUCAS-BAU_High-0002,72,0.5328678367301644,58669969247.14038,39341318198.64613,19328651048.49424,62062210592.67822,45300357415.771805,16761853176.906414,63178160004.70114,46570796008.25356,16607363996.447573,77430619273.48067,62267272807.27972,15163346466.201008,77430619273.48067,62267272807.27972,15163346466.201008
BUL,bcc-csm1-1_rcp26_r1i1p1,FORE-SCE-A1B,72,0.6061864878398873,35885766392.81552,11850341889.557304,24035424503.25822,32590720000.94653,12406247361.32719,20184472639.619354,29817959122.658016,12884570064.619358,16933389058.038654,38973854651.933136,20649827948.108532,18324026703.824623,41767850524.996414,26904879356.20452,14862971168.791906
BUL,bcc-csm1-1_rcp26_r1i1p1,FORE-SCE-A2,72,0.6061864878398873,32985118458.60339,11450286552.536451,21534831906.066936,29910886416.433273,12155759134.50173,17755127281.93155,27037957358.941086,12765588608.951118,14272368749.989952,36034634331.82416,20632000689.155243,15402633642.66892,39559372580.13314,26999130638.71474,12560241941.4184
BUL,bcc-csm1-1_rcp26_r1i1p1,FORE-SCE-B1,72,0.6061864878398873,31024433291.60429,11451165479.05975,19573267812.544537,28784103041.38587,12223365501.334904,16560737540.050966,25377131699.989826,12818427206.082506,12558704493.907331,34119145142.606354,20679660897.20194,13439484245.404415,37904236619.397934,27098514608.57195,10805722010.825962
BUL,bcc-csm1-1_rcp26_r1i1p1,GCAM-26,72,0.6061864878398873,49106065172.20389,11402111989.63458,37703953182.56929,49037646619.661026,14337921175.132246,34699725444.52877,47198386222.38084,18528508859.89042,28669877362.49039,54648509321.610275,24506904429.914772,30141604891.69549,55125611354.33877,26721400226.65055,28404211127.68821
BUL,bcc-csm1-1_rcp26_r1i1p1,GCAM-45,72,0.6061864878398873,40935266275.088196,11843268464.66775,29091997810.420452,38079580646.80294,12199601970.750923,25879978676.052025,34375207851.43201,13023586887.596565,21351620963.83545,44708628717.27554,21376100971.060505,23332527746.21504,46910187857.198685,26938380209.35074,19971807647.847935
BUL,bcc-csm1-1_rcp26_r1i1p1,GCAM-ref,72,0.6061864878398873,35465734614.76399,11851475480.941427,23614259133.82257,32754800597.540157,12306864799.453363,20447935798.086784,29893297811.7282,12809515297.793177,17083782513.935017,39065140340.77868,20587217146.191395,18477923194.587276,41698736424.44374,26843985443.368946,14854750981.0748
BUL,bcc-csm1-1_rcp26_r1i1p1,LUCAS-BAU_High-0001,72,0.6061864878398873,29143025276.517002,11454092374.826107,17688932901.690903,26678751921.48774,12117462188.284586,14561289733.20316,23671466203.33061,12749054320.477512,10922411882.853106,32488123697.116867,20646348483.919025,11841775213.197851,36213428262.02072,27091658620.30094,9121769641.719782
BUL,bcc-csm1-1_rcp26_r1i1p1,LUCAS-BAU_High-0002,72,0.6061864878398873,29499679848.880775,11451416709.0292,18048263139.851574,27132405679.433308,12181389783.281927,14951015896.151386,24027812192.79598,12785817290.349045,11241994902.446924,32828371668.851444,20649225171.90273,12179146496.948727,36494823787.956184,27077794091.930023,9417029696.02618
BUL,bcc-csm1-1_rcp45_r1i1p1,FORE-SCE-A1B,72,0.6135785082319642,28616621764.592716,5328661071.525823,23287960693.066906,26876487394.424984,7908606824.066324,18967880570.35866,28075031257.850185,10359420919.717896,17715610338.132294,45867266519.7935,26006896208.16345,19860370311.630077,45087153404.89029,31288499912.894695,13798653491.995586
BUL,bcc-csm1-1_rcp45_r1i1p1,FORE-SCE-A2,72,0.6135785082319642,25745473044.80349,5326581970.431439,20418891074.37205,24604404907.93744,7987357442.41169,16617047465.52575,25981472969.230927,10387794060.044859,15593678909.18606,43381466658.28808,25677590787.327923,17703875870.960194,44052210191.440155,32128137440.831703,11924072750.60845
BUL,bcc-csm1-1_rcp45_r1i1p1,FORE-SCE-B1,72,0.6135785082319642,23937205140.091503,5267900261.727623,18669304878.363873,22909847103.009045,7718308266.348792,15191538836.660252,22952019936.247578,9262125040.07822,13689894896.16935,41521272269.78621,26001756460.1761,15519515809.61013,42509289224.57368,32378380253.853584,10130908970.72008
BUL,bcc-csm1-1_rcp45_r1i1p1,GCAM-26,72,0.6135785082319642,43008292204.65005,5541535741.992295,37466756462.65776,40776993266.70455,8191732915.290148,32585260351.4144,42578438205.90107,13389332481.690186,29189105724.210896,63333095419.275154,31630142626.683823,31702952792.591343,58289369902.62273,32076713861.83934,26212656040.783363
BUL,bcc-csm1-1_rcp45_r1i1p1,GCAM-45,72,0.6135785082319642,34320466211.277374,5328937098.971105,28991529112.306267,32405917760.414146,8034080090.806261,24371837669.607876,35100695570.412254,13338834602.24083,21761860968.171432,50038031300.68841,25763377242.724762,24274654057.96366,51283157952.12059,32843082109.434464,18440075842.686146
BUL,bcc-csm1-1_rcp45_r1i1p1,GCAM-ref,72,0.6135785082319642,28868431107.374138,5348351842.478942,23520079264.895195,27139716633.62769,8061950572.590006,19077766061.037678,28349483345.821846,11447071471.3005,16902411874.52135,44259887279.97849,25388757933.651894,18871129346.32659,44381625634.89909,30878526009.440365,13503099625.458723
BUL,bcc-csm1-1_rcp45_r1i1p1,LUCAS-BAU_High-0001,72,0.6135785082319642,21782075677.757565,5333297914.206964,16448777763.550598,21153661938.30544,7933508299.798593,13220153638.506847,21314011076.50649,9832711554.054565,11481299522.451918,39715373260.58242,26651692172.202984,13063681088.379436,41246082330.82229,32817829573.02662,8428252757.795651
BUL,bcc-csm1-1_rcp45_r1i1p1,LUCAS-BAU_High-0002,72,0.6135785082319642,22156880481.615032,5332112042.60448,16824768439.010557,21446569567.740257,7889345788.456405,13557223779.283854,21717153226.08068,9896301536.974455,11820851689.106218,40167644139.23611,26700748004.459404,13466896134.776703,41393161380.76194,32715268294.858227,8677893085.90369
BUL,bcc-csm1-1_rcp60_r1i1p1,FORE-SCE-A1B,72,0.6367671558449806,28986783080.98508,10468615563.549847,18518167517.43524,28440006115.9069,13475538650.564877,14964467465.342022,28154435082.95548,14919465697.298239,13234969385.657248,37969423137.84203,22999611126.556133,14969812011.285892,43120711420.45644,30262954628.51468,12857756791.941792
BUL,bcc-csm1-1_rcp60_r1i1p1,FORE-SCE-A2,72,0.6367671558449806,26747183925.57742,10455394224.87128,16291789700.706137,26407285945.402714,13382190012.9674,13025095932.435305,27005985615.115894,15580757327.064047,11425228288.051832,35963572674.11219,22856103277.262836,13107469396.849354,42051719406.204185,31282015176.766502,10769704229.4377
BUL,bcc-csm1-1_rcp60_r1i1p1,FORE-SCE-B1,72,0.6367671558449806,25207655626.24271,10454236288.547152,14753419337.695562,25329964121.015656,13385190459.317879,11944773661.697792,25779889303.522835,15581470134.580332,10198419168.942503,34553506035.130165,22849406230.562393,11704099804.567785,40706466925.115456,31353326517.72926,9353140407.386202
BUL,bcc-csm1-1_rcp60_r1i1p1,GCAM-26,72,0.6367671558449806,40435222092.78523,10498727393.70151,29936494699.08372,40089587857.99161,13569433579.68728,26520154278.304333,43051067555.57932,19731482539.605667,23319585015.973675,50076343880.651184,25214991170.316006,24861352710.33518,52149928613.79926,27905303564.426777,24244625049.37247
BUL,bcc-csm1-1_rcp60_r1i1p1,GCAM-45,72,0.6367671558449806,33858385234.544926,10507796108.06791,23350589126.477013,33824863201.542786,14031325911.963247,19793537289.57956,38698172815.38397,21996671560.792522,16701501254.591454,42567072910.79184,23938518805.6572,18628554105.13464,46733255188.57222,29629747817.36343,17103507371.20879
BUL,bcc-csm1-1_rcp60_r1i1p1,GCAM-ref,72,0.6367671558449806,29178326669.3155,10472493939.427433,18705832729.88806,28917917025.534355,13464831757.291328,15453085268.243025,27956322285.342762,14882036548.12116,13074285737.22158,37580598810.5392,22983679612.265594,14596919198.273598,43042718080.634186,29937414991.38899,13105303089.245192
BUL,bcc-csm1-1_rcp60_r1i1p1,LUCAS-BAU_High-0001,72,0.6367671558449806,23551837779.110878,10450762374.70401,13101075404.40687,23765652134.49079,13393622241.7138,10372029892.776985,24151206397.05153,15582716698.685501,8568489698.36603,32655377041.07523,22824024690.594765,9831352350.480473,39496538454.57439,31538103123.09966,7958435331.474723
BUL,bcc-csm1-1_rcp60_r1i1p1,LUCAS-BAU_High-0002,72,0.6367671558449806,23851933383.748123,10452231942.988377,13399701440.759748,24072003180.59907,13390051830.238415,10681951350.360659,24400051044.870613,15582087156.179943,8817963888.690676,32918326915.243275,22831170672.928467,10087156242.314796,39682997830.62879,31466387214.101665,8216610616.527139
BUL,bcc-csm1-1_rcp85_r1i1p1,FORE-SCE-A1B,72,0.6193936143765156,125008105017.14824,96757463538.2754,28250641478.87282,123554951949.98753,98703333291.94054,24851618658.04699,122797670101.75816,98245336497.02184,24552333604.73634,119796468898.84216,96273549099.72021,23522919799.121975,118791021415.34218,93840785952.69124,24950235462.650936
BUL,bcc-csm1-1_rcp85_r1i1p1,FORE-SCE-A2,72,0.6193936143765156,121315415810.52588,95720967541.56177,25594448268.964077,121082751476.62828,98807869477.00844,22274881999.61987,119353339718.12962,97601759129.9667,21751580588.162884,114654095365.29123,93949769640.14691,20704325725.144356,116230430381.01765,93949746788.49115,22280683592.526543
BUL,bcc-csm1-1_rcp85_r1i1p1,FORE-SCE-B1,72,0.6193936143765156,118425845072.28363,95720037909.62714,22705807162.656517,118205472497.31418,98617868075.21327,19587604422.100937,117279690025.9253,97694347679.58936,19585342346.33595,112671374960.44348,93976085507.73232,18695289452.711143,113564469088.04276,93976007414.51642,19588461673.526325
BUL,bcc-csm1-1_rcp85_r1i1p1,GCAM-26,72,0.6193936143765156,141267087570.06793,96385501643.32007,44881585926.74789,140495251852.8083,99886078947.26675,40609172905.54149,139232369759.89938,99220617765.13632,40011751994.763084,137260370514.08052,98903939146.57994,38356431367.50058,135894280514.37589,94513249344.87491,41381031169.500984
BUL,bcc-csm1-1_rcp85_r1i1p1,GCAM-45,72,0.6193936143765156,131257373970.19543,96180326045.18872,35077047925.00666,131482155144.8933,100360129787.77715,31122025357.11611,129623724658.72762,99057267176.299,30566457482.428658,127097420043.12997,98168353020.96521,28929067022.164757,125698221925.23714,94616500887.23917,31081721037.99794
BUL,bcc-csm1-1_rcp85_r1i1p1,GCAM-ref,72,0.6193936143765156,124580380187.23907,96757587566.83032,27822792620.408756,123314426309.93114,98926259961.72221,24388166348.208954,123028078356.11961,98269965483.94768,24758112872.171936,119816916736.31941,96238825218.57784,23578091517.74158,118399778337.2493,93834645637.68954,24565132699.55977
BUL,bcc-csm1-1_rcp85_r1i1p1,LUCAS-BAU_High-0001,72,0.6193936143765156,115542341313.27151,95845839917.43039,19696501395.841137,115266731909.89726,98568635248.66743,16698096661.229824,114400882281.97531,97674266513.4154,16726615768.559935,110064527707.29361,94136318972.96277,15928208734.330784,110898668797.62479,94136246134.1521,16762422663.472664
BUL,bcc-csm1-1_rcp85_r1i1p1,LUCAS-BAU_High-0002,72,0.6193936143765156,115955140720.99242,95833307928.42606,20121832792.566357,115625897829.479,98526866000.223,17099031829.256012,114754603899.66751,97631251744.73973,17123352154.927803,110416299297.35251,94101430091.49663,16314869205.855894,111263385914.67584,94101355925.83739,17162029988.838469
BUL,canesm2_rcp26_r1i1p1,FORE-SCE-A1B,72,0.5904727394581804,136181468332.07047,113250341629.17546,22931126702.894985,135362541858.51643,115529493586.11526,19833048272.401108,134245017409.89095,114905423507.36365,19339593902.527275,137789062888.2227,119937633934.66922,17851428953.553474,139314194844.62213,119934636514.70831,19379558329.91381
BUL,canesm2_rcp26_r1i1p1,FORE-SCE-A2,72,0.5904727394581804,133350532948.77232,113277359262.25641,20073173686.51591,132735447833.76791,115430699647.22177,17304748186.54616,131811551116.55733,114987800169.67294,16823750946.884315,135388503821.62994,120044410022.49648,15344093799.133457,136837956776.58665,120041490174.02443,16796466602.562218
BUL,canesm2_rcp26_r1i1p1,FORE-SCE-B1,72,0.5904727394581804,131186247383.14526,113271057069.39433,17915190313.75094,130897333594.37007,115406465749.06078,15490867845.309301,129336484709.00171,114018659836.22626,15317824872.775433,134345784805.59389,120110175819.79634,14235608985.7976,135121657687.83514,120107324918.12248,15014332769.712677
BUL,canesm2_rcp26_r1i1p1,GCAM-26,72,0.5904727394581804,149537322153.75412,113254156546.53076,36283165607.22339,148498125941.24548,115567693752.9595,32930432188.28606,146507798165.5929,114282001407.74077,32225796757.852093,153336951284.66443,123213626001.45349,30123325283.210938,155769357237.69333,123194097652.43652,32575259585.25687
BUL,canesm2_rcp26_r1i1p1,GCAM-45,72,0.5904727394581804,141472039885.18793,113233634784.46696,28238405100.72096,140804804375.12015,115623290912.92867,25181513462.191483,139064747473.7622,114788259132.65471,24276488341.107517,145414357685.77264,123154574774.95273,22259782910.82,147408413578.67526,123127580504.74265,24280833073.932613
BUL,canesm2_rcp26_r1i1p1,GCAM-ref,72,0.5904727394581804,136150525371.2792,113208669807.78564,22941855563.493523,135504700778.90956,115470194338.93417,20034506439.975426,133456471808.81775,113859049278.37279,19597422530.444942,138035649534.9556,119970059128.88057,18065590406.074978,139422018791.34625,119954989205.15417,19467029586.192028
BUL,canesm2_rcp26_r1i1p1,LUCAS-BAU_High-0001,72,0.5904727394581804,129377594187.6445,113502878532.31026,15874715655.334238,128294237708.55598,114869069293.37318,13425168415.182804,127573353939.12885,114308866558.51828,13264487380.610521,132245666222.03268,120036746285.81525,12208919936.217443,133036661314.29646,120026772904.57678,13009888409.719694
BUL,canesm2_rcp26_r1i1p1,LUCAS-BAU_High-0002,72,0.5904727394581804,129724177706.19954,113506231705.95686,16217946000.24267,128657698426.95961,114871367142.34676,13786331284.612852,127906150222.75018,114304481173.17204,13601669049.578161,132576202047.42995,120033879769.79178,12542322277.638184,133382760264.81848,120023882119.74394,13358878145.074568
BUL,canesm2_rcp45_r1i1p1,FORE-SCE-A1B,72,0.542821421606805,129392491445.15688,104546834499.90033,24845656945.25656,134681733392.96623,112073235948.44821,22608497444.518044,130491616995.92424,107860879906.44788,22630737089.47637,129782461405.64998,103557678673.19255,26224782732.457424,130410432368.18849,103626248858.18486,26784183510.003624
BUL,canesm2_rcp45_r1i1p1,FORE-SCE-A2,72,0.542821421606805,126495677863.07059,104456957580.35027,22038720282.720318,131443259317.81529,111470535283.63887,19972724034.17645,127764123795.16798,107904256116.87314,19859867678.29484,126596530868.43056,103577685308.07735,23018845560.353264,127187450210.3441,103640863690.9715,23546586519.372643
BUL,canesm2_rcp45_r1i1p1,FORE-SCE-B1,72,0.542821421606805,124408698929.05948,104498728614.69234,19909970314.367176,129148230777.51315,111217185530.03633,17931045247.47682,124370530714.25697,106534230386.86499,17836300327.392014,124436361717.9201,103616516213.69225,20819845504.22782,124900533878.1922,103616509659.56995,21284024218.622215
BUL,canesm2_rcp45_r1i1p1,GCAM-26,72,0.542821421606805,145298691620.73337,105942365086.04268,39356326534.690735,152381638345.34802,115853127398.40063,36528510946.94733,151105537987.24866,114741340755.0372,36364197232.21138,149508903165.01797,107791107811.13539,41717795353.88257,146935187824.59656,103788941419.0145,43146246405.58203
BUL,canesm2_rcp45_r1i1p1,GCAM-45,72,0.542821421606805,135205262653.89069,104402596189.10143,30802666464.789227,140860493680.74783,112724557840.215,28135935840.532875,138161855265.3264,110337014887.03499,27824840378.29142,139722644373.3966,107981952618.61722,31740691754.779404,136845798420.57968,103721941280.97696,33123857139.602745
BUL,canesm2_rcp45_r1i1p1,GCAM-ref,72,0.542821421606805,129439817766.93135,104535562146.48434,24904255620.446987,134375940868.02493,111689051088.46255,22686889779.562344,130588805996.22108,107861186529.06152,22727619467.159573,129882447370.30103,103533801022.27538,26348646348.02568,130534944743.05847,103604109065.43672,26930835677.621777
BUL,canesm2_rcp45_r1i1p1,LUCAS-BAU_High-0001,72,0.542821421606805,122009119679.68896,104451590817.61926,17557528862.069775,126385440059.97826,110853231503.83131,15532208556.146954,122200418496.87581,106599965942.53288,15600452554.342892,121893370014.1451,103574889339.04935,18318480675.095768,122333901910.07497,103574882616.60327,18759019293.471695
BUL,canesm2_rcp45_r1i1p1,LUCAS-BAU_High-0002,72,0.542821421606805,122441236205.25467,104490498461.7339,17950737743.52078,126805932841.8668,110880908798.97598,15925024042.890837,122535700503.06624,106593537651.32013,15942162851.74607,122321374170.59547,103578813014.15918,18742561156.43632,122770675562.09508,103578806354.3517,19191869207.74343
BUL,canesm2_rcp85_r1i1p1,FORE-SCE-A1B,72,0.5184468828015054,472633036534.21796,437178400959.5214,35454635574.696465,471786390970.1034,438312135502.6709,33474255467.432518,472632516616.25977,437789342569.32336,34843174046.936455,470885983403.3769,440181207419.9166,30704775983.46019,471363813256.5506,440181182942.6166,31182630313.934
BUL,canesm2_rcp85_r1i1p1,FORE-SCE-A2,72,0.5184468828015054,469852996392.19684,437688937571.2862,32164058820.910618,469393103827.4834,438274431905.01447,31118671922.468895,469546545792.4829,437615568923.1513,31930976869.331512,467430779255.1884,440278442017.06177,27152337238.12667,468014353407.78314,440278347222.34424,27736006185.43891
BUL,canesm2_rcp85_r1i1p1,FORE-SCE-B1,72,0.5184468828015054,466618932230.41864,437513070191.96875,29105862038.449745,467790067311.62524,438347163006.2115,29442904305.413803,469274427055.08905,438955507656.5726,30318919398.516422,464905138759.2089,440489242451.2698,24415896307.939217,465481187114.8726,440489146739.8132,24992040375.0596
BUL,canesm2_rcp85_r1i1p1,GCAM-26,72,0.5184468828015054,489187771105.9998,435634042636.26074,53553728469.73914,492656989029.6783,439583292227.46344,53073696802.21492,490247796623.44574,437603460503.05066,52644336120.39503,487485034621.97736,439661339701.65704,47823694920.32032,489298428189.3118,439661262147.2449,49637166042.066925
BUL,canesm2_rcp85_r1i1p1,GCAM-45,72,0.5184468828015054,478255926708.93835,435822177938.5686,42433748770.36966,480847365482.9904,439383263621.13196,41464101861.85851,478481659942.532,436981814488.75574,41499845453.776115,477316599976.07513,440114316526.4303,37202283449.64483,478531911323.44574,440114188764.126,38417722559.3197
BUL,canesm2_rcp85_r1i1p1,GCAM-ref,72,0.5184468828015054,472515735340.7507,437186486706.0714,35329248634.67924,472260531722.0198,438695178652.47363,33565353069.546158,474309169857.1374,439077036748.9903,35232133108.147064,471145440969.79224,440306124026.2998,30839316943.492413,471640697864.34717,440306100498.44165,31334597365.905487
BUL,canesm2_rcp85_r1i1p1,LUCAS-BAU_High-0001,72,0.5184468828015054,463316353003.3552,437403671164.91565,25912681838.439617,463200715412.99945,438185020035.4122,25015695377.58743,465182011886.1718,438931016370.62885,26250995515.54275,462256601557.74945,440769071435.45886,21487530122.290638,462812885298.6851,440768971251.81067,22043914046.87439
BUL,canesm2_rcp85_r1i1p1,LUCAS-BAU_High-0002,72,0.5184468828015054,463588971785.31256,437295562392.80536,26293409392.50728,464202112753.2795,438387063242.9091,25815049510.370262,466419565783.6332,439469772505.6832,26949793277.95002,462693304019.2806,440737186277.7151,21956117741.56546,463260198576.0147,440737087783.43286,22523110792.58194
BUL,ccsm4_rcp26_r1i1p1,FORE-SCE-A1B,72,0.5985423943193862,56813958792.49959,37725572743.09813,19088386049.40145,56315736863.62487,40906582955.21257,15409153908.412313,51029135136.076416,37601198681.537674,13427936454.538717,65331857667.08403,52552221553.270515,12779636113.813528,93863758351.29568,85140332546.79265,8723425804.50304
BUL,ccsm4_rcp26_r1i1p1,FORE-SCE-A2,72,0.5985423943193862,54639962023.94062,37711797168.40969,16928164855.530937,52607087023.715805,39101655093.64066,13505431930.075157,49751618127.632805,37922420801.22687,11829197326.40593,63608318870.19638,52430290079.11453,11178028791.08187,93033333092.01186,85629524294.53583,7403808797.475993
BUL,ccsm4_rcp26_r1i1p1,FORE-SCE-B1,72,0.5985423943193862,52963897780.52064,37705742816.08911,15258154964.431519,51169861583.68147,39095200458.23257,12074661125.44891,48810280111.15164,37910325600.80186,10899954510.349789,62637475940.007,52394399419.02847,10243076520.978556,91991893553.47548,85771582498.64864,6220311054.826821
BUL,ccsm4_rcp26_r1i1p1,GCAM-26,72,0.5985423943193862,67863023495.16206,37813277251.16217,30049746243.999893,69077620549.6678,42399539849.30816,26678080700.359653,61446107084.65251,37635054689.79996,23811052394.852554,84572545719.359,61264041635.81204,23308504083.546993,105631418034.0454,88668543147.31699,16962874886.728434
BUL,ccsm4_rcp26_r1i1p1,GCAM-45,72,0.5985423943193862,61142002748.500885,37719903924.47975,23422098824.02114,60775075562.30393,40807744670.87723,19967330891.4267,55133327201.205475,37618544744.761215,17514782456.444283,78601244474.09512,60842828027.15138,17758416446.94371,101592831326.94434,90033927006.36668,11558904320.577677
BUL,ccsm4_rcp26_r1i1p1,GCAM-ref,72,0.5985423943193862,56807440781.17007,37718793834.2023,19088646946.96778,56677834674.99302,41125662939.58574,15552171735.407267,51034848209.20443,37604989397.2878,13429858811.916628,65182013122.20988,52588106935.614975,12593906186.594908,93454532787.05034,84796741016.59923,8657791770.451134
BUL,ccsm4_rcp26_r1i1p1,LUCAS-BAU_High-0001,72,0.5985423943193862,51193872560.97904,37727598257.414825,13466274303.564203,49258262024.39308,38783342696.06566,10474919328.327438,47683226912.22092,38087822476.70408,9595404435.516834,61418486738.38561,52364280904.86296,9054205833.522642,91457900277.56648,86390538950.39313,5067361327.17336
BUL,ccsm4_rcp26_r1i1p1,LUCAS-BAU_High-0002,72,0.5985423943193862,51449503816.9273,37693474959.39384,13756028857.533463,49797363361.19202,39086594253.06117,10710769108.130852,47521219778.86286,37898746543.230606,9622473235.632244,61396411799.97051,52375615897.842064,9020795902.128443,91420087743.17819,86179753394.55003,5240334348.628156
BUL,ccsm4_rcp45_r1i1p1,FORE-SCE-A1B,72,0.5862172617457387,37178848105.533485,13849668078.918522,23329180026.61498,37239013522.838615,17139944857.461765,20099068665.37686,36692923461.341255,17625594563.53492,19067328897.80634,35438937488.656265,13973464572.620365,21465472916.035892,38307227596.38475,13973052625.577774,24334174970.806976
BUL,ccsm4_rcp45_r1i1p1,FORE-SCE-A2,72,0.5862172617457387,34279045136.034676,13761465146.821701,20517579989.212967,33951810561.685825,16465550567.965395,17486259993.72044,33756084655.603428,17246848128.186523,16509236527.4169,33119813381.685104,13904252907.137669,19215560474.547436,35239435719.34299,13903827240.786121,21335608478.55686
BUL,ccsm4_rcp45_r1i1p1,FORE-SCE-B1,72,0.5862172617457387,32193423060.038612,13769200199.631721,18424222860.406895,31658917242.92518,16053081417.843033,15605835825.082151,32231643853.700157,17248245068.5732,14983398785.126965,31631099055.00249,13903860319.71859,17727238735.283905,33200804295.060734,13903398243.496893,19297406051.563835
BUL,ccsm4_rcp45_r1i1p1,GCAM-26,72,0.5862172617457387,51151394039.64132,13939940698.211252,37211453341.43005,50766796985.46013,17300566634.12477,33466230351.335354,45320699776.31358,13817181546.682358,31503518229.631233,48304251551.49528,14029636037.6904,34274615513.804882,53618313193.7929,14029179832.925718,39589133360.86719
BUL,ccsm4_rcp45_r1i1p1,GCAM-45,72,0.5862172617457387,42806910097.69238,13801673809.07027,29005236288.622097,42742502839.63912,17226605731.751015,25515897107.888103,37527601699.83541,13774154492.65361,23753447207.18182,39985890710.24013,13937459994.910183,26048430715.329945,44264020304.380455,13937059885.271446,30326960419.109013
BUL,ccsm4_rcp45_r1i1p1,GCAM-ref,72,0.5862172617457387,37557644425.57249,13879544553.628075,23678099871.94443,37601123324.70703,17021393448.001293,20579729876.705738,34846064057.07336,15465574836.642433,19380489220.430916,35649352872.716675,13998386452.086864,21650966420.629803,38835259640.32727,13997957046.080265,24837302594.246994
BUL,ccsm4_rcp45_r1i1p1,LUCAS-BAU_High-0001,72,0.5862172617457387,30433423060.348278,13894065917.29266,16539357143.055626,29756723526.784817,15897947825.132515,13858775701.652298,30176307283.485477,17026758319.179003,13149548964.306484,29512383135.00771,13881800578.101837,15630582556.905867,31069567660.702175,13881312888.493807,17188254772.20837
BUL,ccsm4_rcp45_r1i1p1,LUCAS-BAU_High-0002,72,0.5862172617457387,30807033311.130688,13902887062.017637,16904146249.113054,30085004390.75413,15906066988.912334,14178937401.841793,30414794107.80942,17035859540.97908,13378934566.830332,29719064191.435036,13891587951.860806,15827476239.574232,31469418778.047157,13891101396.323524,17578317381.723633
BUL,ccsm4_rcp60_r1i1p1,FORE-SCE-A1B,72,0.5737776863551461,69661409771.29103,48807758852.469765,20853650918.82124,71895468805.22719,53824400517.62197,18071068287.605213,70084619537.44392,52299077259.68353,17785542277.760403,85774465220.47269,69732091996.64232,16042373223.83037,95364363939.23416,81731455268.64336,13632908670.590784
BUL,ccsm4_rcp60_r1i1p1,FORE-SCE-A2,72,0.5737776863551461,67208637183.73427,48899238239.86984,18309398943.864418,70651374140.96162,54913722530.944214,15737651610.017422,67777082221.007034,52434050166.54193,15343032054.46511,81762746016.7666,67774536487.76561,13988209529.000986,93631462160.0878,81922984472.08246,11708477688.00536
BUL,ccsm4_rcp60_r1i1p1,FORE-SCE-B1,72,0.5737776863551461,65242373986.99056,48810127370.888016,16432246616.10256,69534678453.48132,55560840523.74319,13973837929.738132,66164416633.77643,52517267427.34526,13647149206.43117,80203345008.59239,67808331799.33973,12395013209.25269,92589053810.36638,82291158655.67139,10297895154.695004
BUL,ccsm4_rcp60_r1i1p1,GCAM-26,72,0.5737776863551461,82213441347.56175,48934963570.87664,33278477776.68513,84500423068.78741,54475194614.74828,30025228454.039112,81944265911.47003,52828078048.04336,29116187863.42665,118002431905.95142,91841538492.67331,26160893413.278122,118759723453.4564,91264364842.8827,27495358610.573704
BUL,ccsm4_rcp60_r1i1p1,GCAM-45,72,0.5737776863551461,74784886844.58698,48834002080.82528,25950884763.76166,76514060408.61044,53610664549.262985,22903395859.34745,74846495407.08434,52516295079.15743,22330200327.926895,111264438578.72023,91845979860.30392,19418458718.4163,112321768803.84462,92115674766.61458,20206094037.230045
BUL,ccsm4_rcp60_r1i1p1,GCAM-ref,72,0.5737776863551461,70010072575.00465,48827520442.107635,21182552132.897034,72179077148.07819,53805327297.40814,18373749850.670036,70579514884.31,52774199073.832855,17805315810.477135,85539749178.2639,69675220180.33318,15864528997.930744,95832080842.1926,81897599770.48856,13934481071.70404
BUL,ccsm4_rcp60_r1i1p1,LUCAS-BAU_High-0001,72,0.5737776863551461,63360151999.67001,48685814322.465454,14674337677.204569,66944126329.33246,54699760632.11923,12244365697.213217,64724076536.40459,52785581569.78818,11938494966.616417,78450077595.9261,67585635687.59826,10864441908.327856,91692681941.90315,82767873570.54172,8924808371.361406
BUL,ccsm4_rcp60_r1i1p1,LUCAS-BAU_High-0002,72,0.5737776863551461,63739053612.51521,48796648947.81145,14942404664.703753,68127294362.311264,55577090242.206566,12550204120.104687,64836708576.54844,52593370815.68536,12243337760.863056,78747643105.45195,67592782447.284546,11154860658.167414,91894464922.74617,82720080168.28018,9174384754.465998
BUL,ccsm4_rcp85_r1i1p1,FORE-SCE-A1B,72,0.5852599336971416,88810003830.1739,62607032355.30468,26202971474.86924,89893085354.5686,66898489285.75628,22994596068.812336,94933994976.23251,73298256457.0528,21635738519.17972,91996890561.64458,71353357546.18442,20643533015.460175,93621729095.02522,69608280936.03377,24013448158.991467
BUL,ccsm4_rcp85_r1i1p1,FORE-SCE-A2,72,0.5852599336971416,85018465894.03957,61626449996.344025,23392015897.695553,85634840736.55978,65222121251.84508,20412719484.714718,90066501294.95032,70665742310.38588,19400758984.564426,88241299064.77905,69699622240.32008,18541676824.458954,90977348397.49655,69698387834.2837,21278960563.212833
BUL,ccsm4_rcp85_r1i1p1,FORE-SCE-B1,72,0.5852599336971416,82408821045.96207,61608279090.53265,20800541955.42942,82637183223.90752,64699937683.16446,17937245540.74306,87559577901.84192,70709640563.38495,16849937338.45698,85988929955.22978,69682388424.17894,16306541531.050852,88582145576.7842,69681184165.9587,18900961410.8255
BUL,ccsm4_rcp85_r1i1p1,GCAM-26,72,0.5852599336971416,102469050370.49323,61493825778.269325,40975224592.22388,103306930098.95462,65955890574.44733,37351039524.50729,114029145563.256,78777362974.4403,35251782588.81567,109916078662.48593,75695351379.41812,34220727283.06781,110493466073.31215,70874981436.36111,39618484636.951035
BUL,ccsm4_rcp85_r1i1p1,GCAM-45,72,0.5852599336971416,94072254916.82964,61620187163.01342,32452067753.816227,94759257100.05484,66147779016.46301,28611478083.591835,105238752575.68889,78692381562.83385,26546371012.855038,100983986643.08722,75739913628.29886,25244073014.788334,100696235070.87265,70893433277.1087,29802801793.76391
BUL,ccsm4_rcp85_r1i1p1,GCAM-ref,72,0.5852599336971416,88459741625.9269,62596273634.96965,25863467990.957253,89118593294.57529,66625085038.360664,22493508256.21463,94292157981.42264,73206987678.63092,21085170302.791733,91421972816.52983,71196593294.83154,20225379521.698315,93240140413.23749,69452604330.11615,23787536083.12136
BUL,ccsm4_rcp85_r1i1p1,LUCAS-BAU_High-0001,72,0.5852599336971416,79586836303.32524,61489234340.19652,18097601963.128708,79865287946.2817,64508297090.14226,15356990856.139425,85675130647.80359,71199860936.80272,14475269711.00087,83670230713.42288,69593440724.12666,14076789989.296202,85850301753.89352,69592518300.56454,16257783453.32897
BUL,ccsm4_rcp85_r1i1p1,LUCAS-BAU_High-0002,72,0.5852599336971416,79961169711.57045,61548377232.20729,18412792479.363144,80367435160.98532,64638700941.16281,15728734219.822517,85846634694.6053,71070261670.48874,14776373024.116583,83900557424.49596,69588011470.53943,14312545953.956543,86245007321.35043,69586956617.47922,16658050703.871222
BUL,cesm1-bgc_rcp45_r1i1p1,FORE-SCE-A1B,72,0.5766325101721477,80190716569.89723,60872487011.38073,19318229558.51649,82312472046.43953,65732343728.88088,16580128317.558638,82535226958.71082,66000563725.18173,16534663233.529064,82826745906.94939,67259466520.168365,15567279386.781034,83807612564.17143,66868887067.44183,16938725496.729626
BUL,cesm1-bgc_rcp45_r1i1p1,FORE-SCE-A2,72,0.5766325101721477,77779371891.42966,60892920247.15887,16886451644.270803,80151079190.3308,65744041406.51631,14407037783.814465,81356342969.84895,66740634287.59229,14615708682.256662,80571876313.67392,66916695023.24676,13655181290.427206,81641322900.93011,66916660401.50431,14724662499.425837
BUL,cesm1-bgc_rcp45_r1i1p1,FORE-SCE-B1,72,0.5766325101721477,75980597372.02742,60881772986.570114,15098824385.457289,77541592364.64757,64815207627.66064,12726384736.986961,79711294908.19708,66736560014.54032,12974734893.65678,78936488839.72774,66842345780.80684,12094143058.920912,79935290460.61552,66842309172.293915,13092981288.321615
BUL,cesm1-bgc_rcp45_r1i1p1,GCAM-26,72,0.5766325101721477,93739719443.42404,62279748147.24037,31459971296.183674,93642387876.83386,65839739463.79269,27802648413.04119,95202556592.49222,68054673270.36661,27147883322.125614,97238721819.17867,71013832365.36438,26224889453.814266,95680285930.90428,66818526607.202545,28861759323.701725
BUL,cesm1-bgc_rcp45_r1i1p1,GCAM-45,72,0.5766325101721477,86445889625.53305,62316995336.52733,24128894289.0057,86921388936.98486,65912734140.31558,21008654796.669262,88640201149.56703,67783316357.6316,20856884791.935413,90728551948.7239,71072436446.53426,19656115502.18964,88266056430.07468,66790477257.793434,21475579172.281246
BUL,cesm1-bgc_rcp45_r1i1p1,GCAM-ref,72,0.5766325101721477,81678988536.90804,62361274272.825066,19317714264.082954,82463643541.3032,65893456665.736786,16570186875.566406,82521853328.03934,66082264661.39875,16439588666.64058,82773890487.89653,67165713439.89229,15608177048.00423,83811328350.7183,66789564955.06552,17021763395.65276
BUL,cesm1-bgc_rcp45_r1i1p1,LUCAS-BAU_High-0001,72,0.5766325101721477,73981911585.34906,60744387382.51479,13237524202.834234,75349474080.78207,64363174058.70481,10986300022.07729,78092476722.15257,66701897235.771736,11390579486.380838,77452236077.2386,66801180678.72862,10651055398.509983,78146008668.04715,66801180678.72862,11344827989.318535
BUL,cesm1-bgc_rcp45_r1i1p1,LUCAS-BAU_High-0002,72,0.5766325101721477,74358502460.7279,60812915525.0285,13545586935.699402,75846913179.13599,64583128457.94886,11263784721.187134,78251465844.0357,66583709247.10194,11667756596.933802,77689610730.6454,66795489147.41994,10894121583.225496,78435539355.60005,66795489147.41994,11640050208.180153
BUL,cesm1-bgc_rcp85_r1i1p1,FORE-SCE-A1B,72,0.5627545597976077,77030294551.26924,55924097186.71723,21106197364.552006,79066073803.0256,60431407464.904816,18634666338.12081,78856240352.68082,60271043889.857445,18585196462.82336,101478722501.6248,84960154130.55188,16518568371.072897,99412869535.23508,81650687490.78654,17762182044.44853
BUL,cesm1-bgc_rcp85_r1i1p1,FORE-SCE-A2,72,0.5627545597976077,73356659364.88113,54978811246.319305,18377848118.561825,76784886157.24564,60679816334.22494,16105069823.020718,75407127808.12144,59252467718.22469,16154660089.896759,95934940309.06892,81755209402.95067,14179730906.118282,96948876457.84737,81753433518.95168,15195442938.895704
BUL,cesm1-bgc_rcp85_r1i1p1,FORE-SCE-B1,72,0.5627545597976077,71554038580.34799,54934997710.42166,16619040869.926329,75751008340.15436,60803713893.41962,14947294446.734735,73825163912.44398,59466226098.8747,14358937813.569252,94498067553.77011,81895142302.83916,12602925250.930948,95514057964.67181,81893354134.33603,13620703830.335796
BUL,cesm1-bgc_rcp85_r1i1p1,GCAM-26,72,0.5627545597976077,90302985891.94728,55227790215.092445,35075195676.85485,93603815901.27782,62075301797.96924,31528514103.30858,91418063491.74992,60898771974.87044,30519291516.879505,121891118645.32198,93270899298.59976,28620219346.7222,128050932913.91467,99695203352.9504,28355729560.964252
BUL,cesm1-bgc_rcp85_r1i1p1,GCAM-45,72,0.5627545597976077,81692336805.58904,54995093592.70854,26697243212.8805,84888677925.08788,61167221242.049355,23721456683.03853,83144613526.36179,60940504244.110794,22204109282.25093,113553784324.14894,93057540840.71286,20496243483.436104,120528234986.75868,100059956959.4744,20468278027.284294
BUL,cesm1-bgc_rcp85_r1i1p1,GCAM-ref,72,0.5627545597976077,77426827270.77565,55983670997.85285,21443156272.9228,79659046960.37926,60489617947.51053,19169429012.868732,78165527583.75816,59562801118.428734,18602726465.329437,101383867390.43115,85054007749.5146,16329859640.916544,99776914878.7827,81735608458.28629,18041306420.4964
BUL,cesm1-bgc_rcp85_r1i1p1,LUCAS-BAU_High-0001,72,0.5627545597976077,68276602063.85365,53763454187.04784,14513147876.805836,73524219447.82904,60674801158.35677,12849418289.47228,71334744377.89967,58761045616.61156,12573698761.288105,93224240814.59335,82131513790.64636,11092727023.94695,93776179134.96144,82125815031.53802,11650364103.423372
BUL,cesm1-bgc_rcp85_r1i1p1,LUCAS-BAU_High-0002,72,0.5627545597976077,68649399732.01415,53754063227.87655,14895336504.137606,73965792227.94014,60771179412.76713,13194612815.173054,71669203597.10516,58746406365.70606,12922797231.399105,93530471504.60185,82101755876.95255,11428715627.649313,94096390000.17943,82095890474.23305,12000499525.946383
BUL,cesm1-cam5_rcp26_r1i1p1,FORE-SCE-A1B,72,0.5818065895214055,30322167197.68691,14027367126.932129,16294800070.754772,32666092079.38478,18837416199.1288,13828675880.255981,35032686766.799774,21614319970.735752,13418366796.064007,34119591033.952015,21199461141.221004,12920129892.731018,36534178857.36666,21314938734.760933,15219240122.60572
BUL,cesm1-cam5_rcp26_r1i1p1,FORE-SCE-A2,72,0.5818065895214055,28544835225.874153,14008812183.315594,14536023042.558561,30633200267.586025,18488048793.76247,12145151473.823555,30844764955.38619,19101376824.49476,11743388130.89143,32640413187.055122,21230100666.720047,11410312520.335077,34579644850.04453,21229277538.007843,13350367312.036688
BUL,cesm1-cam5_rcp26_r1i1p1,FORE-SCE-B1,72,0.5818065895214055,26718611420.331493,14003479433.888153,12715131986.443338,28985866306.770794,18576580822.752438,10409285484.018353,28065619240.770344,17945028903.72142,10120590337.048927,31440234728.781963,21218151096.351803,10222083632.430153,32930503434.410225,21217337790.85717,11713165643.553045
BUL,cesm1-cam5_rcp26_r1i1p1,GCAM-26,72,0.5818065895214055,40678665773.619965,13817978154.001774,26860687619.6182,43562706730.31566,19966729088.96214,23595977641.35353,46685035837.7551,23902081138.610474,22782954699.144592,46914071159.30596,24978352172.38468,21935718986.92128,48504556388.376015,22490052599.650505,26014503788.725517
BUL,cesm1-cam5_rcp26_r1i1p1,GCAM-45,72,0.5818065895214055,34236210179.549377,13695586968.754757,20540623210.794624,37355547857.620094,19669700193.20179,17685847664.418293,38460774487.47747,21935471285.839855,16525303201.637617,39078293452.6599,23426379320.795883,15651914131.864021,41641449172.20423,22426068048.14502,19215381124.059204
BUL,cesm1-cam5_rcp26_r1i1p1,GCAM-ref,72,0.5818065895214055,30027290298.864063,14068002205.846272,15959288093.017792,32595537716.017845,19082258514.488495,13513279201.529354,31940922641.621857,18841581664.889465,13099340976.73238,33758357940.924313,21215133224.60373,12543224716.320564,36301727942.67477,21331752834.24671,14969975108.42804
BUL,cesm1-cam5_rcp26_r1i1p1,LUCAS-BAU_High-0001,72,0.5818065895214055,24991347649.957363,14075932148.206545,10915415501.750824,26906320711.827213,18104050605.983944,8802270105.843266,26075615403.88335,17645344141.135033,8430271262.748311,29816863098.201607,21198280481.03551,8618582617.166094,31190047187.49468,21196576574.732597,9993470612.762081
BUL,cesm1-cam5_rcp26_r1i1p1,LUCAS-BAU_High-0002,72,0.5818065895214055,25287908342.151978,14085428030.987,11202480311.164974,27402095488.54412,18364825597.33167,9037269891.21246,26345650647.1652,17679105197.25696,8666545449.908232,30067708410.594334,21208784331.202354,8858924079.39198,31464378373.73384,21207080452.208015,10257297921.525822
BUL,cesm1-cam5_rcp45_r1i1p1,FORE-SCE-A1B,72,0.6340571380810962,40838835860.0303,19734568581.571514,21104267278.458782,47918973767.5057,29964842094.979546,17954131672.52614,50288424267.51526,35242260036.156975,15046164231.358292,65961902846.274895,51621239677.528015,14340663168.746887,93269867039.87889,81426271291.9903,11843595747.888575
BUL,cesm1-cam5_rcp45_r1i1p1,FORE-SCE-A2,72,0.6340571380810962,38352107080.752754,19681722889.20808,18670384191.544674,45053030035.09922,29653154575.13069,15399875459.968517,48971968664.36803,35764521066.87843,13207447597.489595,64436840904.56421,51542578296.924965,12894262607.639248,92344342020.19063,82521209290.86469,9823132729.325895
BUL,cesm1-cam5_rcp45_r1i1p1,FORE-SCE-B1,72,0.6340571380810962,37147007784.64586,20602883665.900528,16544124118.745338,40239660103.59692,26511587508.19945,13728072595.39746,44021786578.057304,31662224060.099537,12359562517.95777,59618231759.65073,47343791827.24405,12274439932.406687,91492206810.46976,82938066298.27235,8554140512.197377
BUL,cesm1-cam5_rcp45_r1i1p1,GCAM-26,72,0.6340571380810962,54866629812.071266,20572828149.53765,34293801662.533623,60411411367.90184,29860847382.335815,30550563985.566032,68527403798.17037,40889351175.42992,27638052622.740448,83446635009.09727,55236391898.872,28210243110.22525,105212744091.67776,82591551325.87814,22621192765.79962
BUL,cesm1-cam5_rcp45_r1i1p1,GCAM-45,72,0.6340571380810962,46778142242.68947,20570568576.2431,26207573666.44639,52757340341.423485,30284762227.208687,22472578114.214794,60592716101.808975,40653880530.23018,19938835571.578815,76107862848.1938,55831731231.30316,20276131616.890617,100266531599.9363,84692560923.97745,15573970675.958828
BUL,cesm1-cam5_rcp45_r1i1p1,GCAM-ref,72,0.6340571380810962,40769602810.31269,19480077997.67795,21289524812.634747,47784978617.228065,29904404609.153946,17880574008.074123,54085106739.68359,38831177699.419815,15253929040.263779,68739641317.8927,54128863029.259346,14610778288.633345,93093261689.64514,81065181474.26654,12028080215.3786
BUL,cesm1-cam5_rcp45_r1i1p1,LUCAS-BAU_High-0001,72,0.6340571380810962,34962182705.71391,20454622338.932823,14507560366.781094,37767591977.83196,26024572895.823715,11743019082.008251,41022637011.354294,30615853774.438164,10406783236.916117,58186431465.16271,47797281988.54564,10389149476.617075,90650052221.41705,83661026264.12509,6989025957.291995
BUL,cesm1-cam5_rcp45_r1i1p1,LUCAS-BAU_High-0002,72,0.6340571380810962,35314471646.848885,20453684678.1691,14860786968.679775,38084304534.01624,26019139044.916218,12065165489.100025,41381432715.65154,30609760089.819145,10771672625.83239,58467929812.59628,47799863116.60105,10668066695.995226,90799491601.09465,83547377456.50319,7252114144.591498
BUL,cesm1-cam5_rcp60_r1i1p1,FORE-SCE-A1B,72,0.5793395551787646,29505053294.549477,6388213492.520756,23116839802.02872,28120532720.105633,8030611314.369471,20089921405.736156,27281808134.20284,8259473934.320116,19022334199.88272,29181525795.93242,11291068757.400517,17890457038.5319,30241860974.275146,10541484385.973536,19700376588.30161
BUL,cesm1-cam5_rcp60_r1i1p1,FORE-SCE-A2,72,0.5793395551787646,26595224262.95983,6277532854.70539,20317691408.25444,25420456517.63287,7897221206.832432,17523235310.800434,24929296129.971466,8251421258.469334,16677874871.502134,27220584057.35492,11211076493.813175,16009507563.541742,27717018286.812675,10477947384.817913,17239070901.994755
BUL,cesm1-cam5_rcp60_r1i1p1,FORE-SCE-B1,72,0.5793395551787646,24207674129.12154,6048560204.165551,18159113924.955982,23193994788.441402,7834225530.382139,15359769258.05926,22902733499.872272,8219310988.601913,14683422511.27036,25037648832.742645,10608792534.157902,14428856298.584742,25893580446.45299,10605295610.289326,15288284836.16367
BUL,cesm1-cam5_rcp60_r1i1p1,GCAM-26,72,0.5793395551787646,43739153112.44696,6577793293.885767,37161359818.561195,41773728956.01648,8308044671.984667,33465684284.03183,40683583141.809586,9532932776.517807,31150650365.29178,48661928319.63715,18173319954.30231,30488608365.33485,48666213037.41863,17684275882.53524,30981937154.883392
BUL,cesm1-cam5_rcp60_r1i1p1,GCAM-45,72,0.5793395551787646,35390578817.3436,6613037929.38431,28777540887.95929,33428464081.39274,8085553815.53212,25342910265.860615,32936368939.42095,9315309045.89483,23621059893.52612,41215231731.18119,18134249106.69208,23080982624.489105,40772907015.35343,17877543162.291237,22895363853.06221
BUL,cesm1-cam5_rcp60_r1i1p1,GCAM-ref,72,0.5793395551787646,29499423467.923916,6381162964.107724,23118260503.81619,28030668816.21116,8025274228.522745,20005394587.688404,28408900561.57069,9493872842.358006,18915027719.212685,28380450592.375614,10703897121.532095,17676553470.843525,30350697478.602318,10683706485.236986,19666990993.365334
BUL,cesm1-cam5_rcp60_r1i1p1,LUCAS-BAU_High-0001,72,0.5793395551787646,22043978618.870216,6066599983.60938,15977378635.260845,20851803530.525894,7562037771.17875,13289765759.347143,20958566173.256493,8436612268.18713,12521953905.069372,22899339953.46954,10669577320.550013,12229762632.919537,23803887616.53802,10658753974.548733,13145133641.989304
BUL,cesm1-cam5_rcp60_r1i1p1,LUCAS-BAU_High-0002,72,0.5793395551787646,22272973601.09102,6019629732.239893,16253343868.85113,21327968486.572014,7722446928.85569,13605521557.716324,21135466126.3422,8245514151.149061,12889951975.193142,23293179657.665485,10664686969.704687,12628492687.960804,24149987022.034264,10661522909.798075,13488464112.236198
BUL,cesm1-cam5_rcp85_r1i1p1,FORE-SCE-A1B,72,0.6062306679665898,137767601027.74826,110619449849.68593,27148151178.06242,137119135690.29393,113064356472.81386,24054779217.48007,134676684289.0947,111395964967.108,23280719321.986706,134809089737.08102,113312172152.22177,21496917584.85924,158119933295.2965,139552540082.6995,18567393212.597015
BUL,cesm1-cam5_rcp85_r1i1p1,FORE-SCE-A2,72,0.6062306679665898,134667441880.0547,110586707040.70354,24080734839.35115,133802750380.36742,112606832609.75833,21195917770.609116,132001437077.12695,111386113442.71706,20615323634.40983,132241618552.13332,113279207856.09088,18962410696.04244,155965014569.01056,139762145247.83813,16202869321.172388
BUL,cesm1-cam5_rcp85_r1i1p1,FORE-SCE-B1,72,0.6062306679665898,132259569591.62178,110582416836.25803,21677152755.36371,131191951781.5591,112286962301.61154,18904989479.947544,130035700143.65315,111602316935.5748,18433383208.078346,130336710970.01662,113207487444.25911,17129223525.757479,154196349363.2684,139913038006.09583,14283311357.172588
BUL,cesm1-cam5_rcp85_r1i1p1,GCAM-26,72,0.6062306679665898,153095669591.06384,110589020141.57562,42506649449.488205,153206651915.58545,114066057835.23901,39140594080.34645,149073764346.66782,110699905522.74796,38373858823.9198,151670913448.02805,116792150721.68614,34878762726.341896,157886857723.68384,122135591000.82211,35751266722.8617
BUL,cesm1-cam5_rcp85_r1i1p1,GCAM-45,72,0.6062306679665898,143305560108.97488,110344390309.80258,32961169799.172268,143114367660.3768,113190369955.55296,29923997704.82384,140283685020.08813,111145383632.52177,29138301387.566353,142704971773.29773,116783057109.25896,25921914664.038803,148887500967.84308,122482431657.53964,26405069310.303444
BUL,cesm1-cam5_rcp85_r1i1p1,GCAM-ref,72,0.6062306679665898,137537508626.87842,110689601469.30373,26847907157.57468,137052274678.95668,113148465330.1801,23903809348.776543,134496927077.51265,111331611133.28781,23165315944.22486,134408464860.1836,113233845055.13412,21174619805.049465,157994296425.57828,139601708908.43817,18392587517.140114
BUL,cesm1-cam5_rcp85_r1i1p1,LUCAS-BAU_High-0001,72,0.6062306679665898,129367779464.9231,110529792754.01714,18837986710.905964,128182260767.35722,112021744982.13744,16160515785.219797,127449128307.20883,111701265708.75693,15747862598.451916,127738128159.27408,113186714326.25092,14551413833.023102,152092959586.06247,140091715986.7405,12001243599.321999
BUL,cesm1-cam5_rcp85_r1i1p1,LUCAS-BAU_High-0002,72,0.6062306679665898,129844478266.95204,110533136183.46404,19311342083.48797,128596012196.59395,112026435417.82532,16569576778.768631,127875339616.11832,111708234049.17227,16167105566.946041,128145278545.89305,113193196443.25177,14952082102.641327,152406407797.2787,140056887459.95087,12349520337.327845
BUL,cmcc-cm_rcp45_r1i1p1,FORE-SCE-A1B,72,0.732185022324773,21391903778.975357,2529211630.7425814,18862692148.232784,21024607967.360115,5850925162.967524,15173682804.39259,18150498578.37913,5663991595.418548,12486506982.960587,29955865888.25486,16265294620.305435,13690571267.949427,34264590328.89413,20516358104.939053,13748232223.955078
BUL,cmcc-cm_rcp45_r1i1p1,FORE-SCE-A2,72,0.732185022324773,18859445206.27837,2503575523.8847027,16355869682.393671,18606241767.37003,5626064769.268174,12980176998.101852,16510389102.669771,5831507137.8799305,10678881964.78984,28186415813.006985,16240848370.43521,11945567442.571766,32379253857.149826,20764856951.67797,11614396905.47185
BUL,cmcc-cm_rcp45_r1i1p1,FORE-SCE-B1,72,0.732185022324773,17433736939.979076,2497876915.7455997,14935860024.233477,17355188158.284336,5632735599.641203,11722452558.643137,15276140613.554981,5829554021.906498,9446586591.648481,26733102987.419262,16231827171.49394,10501275815.925303,30890304398.65973,20820439261.210182,10069865137.449556
BUL,cmcc-cm_rcp45_r1i1p1,GCAM-26,72,0.732185022324773,33661243776.65458,2606787356.7634587,31054456419.89112,33180462932.019257,6332106480.498568,26848356451.5207,29465312192.342335,6197722082.250817,23267590110.091522,41626938120.5388,16308159180.010082,25318778940.528736,46877268554.9618,20699733741.21037,26177534813.75142
BUL,cmcc-cm_rcp45_r1i1p1,GCAM-45,72,0.732185022324773,26074561242.65013,2561398391.605734,23513162851.044403,25786652624.033512,6202338851.489981,19584313772.543526,25562442409.050926,9139448091.229612,16422994317.821323,35553891071.15489,17191605915.68859,18362285155.46632,39208909111.342804,20915521846.836197,18293387264.50663
BUL,cmcc-cm_rcp45_r1i1p1,GCAM-ref,72,0.732185022324773,21529205896.592697,2540138030.093215,18989067866.499477,21421332406.38204,6264597388.827875,15156735017.554174,21608478387.936054,9234572794.334505,12373905593.601557,29791579816.249104,16271010052.606256,13520569763.642841,34075052320.17885,20398704241.336033,13676348078.842812
BUL,cmcc-cm_rcp45_r1i1p1,LUCAS-BAU_High-0001,72,0.732185022324773,15406178787.907255,2483226824.873336,12922951963.033918,14596370050.625933,4726438273.073216,9869931777.552721,11596360995.875254,3943024243.625187,7653336752.250066,24252294863.647434,15739491273.735882,8512803589.91155,29291294131.061283,20958775862.326374,8332518268.7348995
BUL,cmcc-cm_rcp45_r1i1p1,LUCAS-BAU_High-0002,72,0.732185022324773,15725229338.58203,2486450549.5056105,13238778789.076416,14892428944.544754,4725933185.8357935,10166495758.708965,11898283743.205011,3935141914.3728275,7963141828.83218,24652824557.820667,15771326401.482248,8881498156.338415,29541427341.98484,20930804621.121468,8610622720.863375
BUL,cmcc-cm_rcp85_r1i1p1,FORE-SCE-A1B,72,0.6845597823123487,24400200256.490807,917881484.236064,23482318772.254745,22113851367.574314,1885519034.0846028,20228332333.489704,22977194314.5684,5976858825.064144,17000335489.504263,27254784699.857697,10865145523.128992,16389639176.728706,27325093102.747787,10777041158.79694,16548051943.95085
BUL,cmcc-cm_rcp85_r1i1p1,FORE-SCE-A2,72,0.6845597823123487,22193979944.01119,894427211.9938955,21299552732.017296,20226285960.987305,1903570246.6676526,18322715714.31965,21443198631.482765,6194101561.751217,15249097069.73154,25471058920.048615,10884464070.753359,14586594849.295254,25648772678.600586,11095245024.443378,14553527654.157211
BUL,cmcc-cm_rcp85_r1i1p1,FORE-SCE-B1,72,0.6845597823123487,19484631706.235706,922684889.8153731,18561946816.42033,18413354438.973087,2368042994.236434,16045311444.736652,19135637584.33934,5652036345.268231,13483601239.071112,26299464440.24335,13454755802.339005,12844708637.904354,24159643077.687782,11835771526.60643,12323871551.081348
BUL,cmcc-cm_rcp85_r1i1p1,GCAM-26,72,0.6845597823123487,39057602542.82074,1592453309.3865952,37465149233.43414,37623584838.3099,3062849113.947734,34560735724.36216,34549497603.8293,3801111406.394515,30748386197.434795,45975428389.97118,15415963806.074543,30559464583.896645,40979616259.85901,10727133502.728466,30252482757.130547
BUL,cmcc-cm_rcp85_r1i1p1,GCAM-45,72,0.6845597823123487,30009743108.55651,1009715361.7077318,29000027746.848778,28799766134.541348,3076879872.0446253,25722886262.49673,28303543490.42862,6056052480.514807,22247491009.913815,36960860790.00461,14500253199.387352,22460607590.617252,33567975896.771526,12122116513.142006,21445859383.62952
BUL,cmcc-cm_rcp85_r1i1p1,GCAM-ref,72,0.6845597823123487,23750733848.116016,924974016.4345436,22825759831.68147,22492686224.198093,2821130102.2367635,19671556121.961327,24017324311.605034,7586306430.952749,16431017880.652283,26924588388.886585,11161886508.431042,15762701880.455545,27237640989.213413,11121154956.285965,16116486032.92745
BUL,cmcc-cm_rcp85_r1i1p1,LUCAS-BAU_High-0001,72,0.6845597823123487,16851456569.725597,893365421.3257841,15958091148.399813,15571702033.662876,2228042766.324504,13343659267.338375,17679958979.860798,6729138460.836182,10950820519.024618,23660695246.756565,13212902673.59814,10447792573.158428,22806437255.000607,12850002570.977734,9956434684.022875
BUL,cmcc-cm_rcp85_r1i1p1,LUCAS-BAU_High-0002,72,0.6845597823123487,17122450938.549936,897671746.3152789,16224779192.234657,15918348445.42063,2216884631.895938,13701463813.524687,17913381245.00339,6662789432.405354,11250591812.598036,24285137448.57917,13584378878.692371,10700758569.886799,23000529260.835495,12731867604.93813,10268661655.897366
BUL,cnrm-cm5_rcp45_r1i1p1,FORE-SCE-A1B,72,0.5187823707877592,110058801553.60461,89853641599.96992,20205159953.63471,116150698812.47397,97728796021.11319,18421902791.360798,113511196715.17593,93367179619.68407,20144017095.4919,152451097237.68814,136328580461.18266,16122516776.505493,152451097237.68814,136328580461.18266,16122516776.505493
BUL,cnrm-cm5_rcp45_r1i1p1,FORE-SCE-A2,72,0.5187823707877592,107554990697.02032,89923709753.39037,17631280943.62995,113588396044.74336,97676337770.12639,15912058274.616974,111133228447.06575,93662609468.10593,17470618978.959858,150254259989.1727,136403628478.60533,13850631510.567371,150254259989.1727,136403628478.60533,13850631510.567371
BUL,cnrm-cm5_rcp45_r1i1p1,FORE-SCE-B1,72,0.5187823707877592,105859913085.09985,89914929151.78922,15944983933.310677,112325602882.26546,97925690679.11615,14399912203.14926,109188290704.15147,93563408891.57294,15624881812.578505,148981236100.59943,136628167106.90703,12353068993.692366,148981236100.59943,136628167106.90703,12353068993.692366
BUL,cnrm-cm5_rcp45_r1i1p1,GCAM-26,72,0.5187823707877592,126559902889.2293,93550307639.30167,33009595249.927593,130236052235.49576,100276607721.3037,29959444514.192074,131224107218.66223,99079909119.73616,32144198098.926075,173837753423.77792,146115562532.4217,27722190891.356266,173980992997.70395,146115453909.2272,27865539088.476757
BUL,cnrm-cm5_rcp45_r1i1p1,GCAM-45,72,0.5187823707877592,115064046471.82097,89862236761.20634,25201809710.614616,121121816572.19203,98165460262.80327,22956356309.388794,118255829993.37451,93455460078.31525,24800369915.059288,167640902755.56967,147278772209.19214,20362130546.377544,167769722696.74097,147278662765.8745,20491059930.866444
BUL,cnrm-cm5_rcp45_r1i1p1,GCAM-ref,72,0.5187823707877592,110286007637.97543,89872877241.78131,20413130396.194107,117021458892.39217,98339559714.07137,18681899178.32082,113682326894.5795,93273622339.8311,20408704554.74842,152647787672.86746,136402171680.7713,16245615992.096159,152768915539.5309,136402100426.12323,16366815113.40764
BUL,cnrm-cm5_rcp45_r1i1p1,LUCAS-BAU_High-0001,72,0.5187823707877592,103970552898.9699,89870447345.6184,14100105553.351551,109923868607.1604,97423408112.1018,12500460495.058601,107399785574.11426,93687443194.0527,13712342380.061548,147721921169.50568,137000585143.88158,10721336025.624136,147721921169.50568,137000585143.88158,10721336025.624136
BUL,cnrm-cm5_rcp45_r1i1p1,LUCAS-BAU_High-0002,72,0.5187823707877592,104503198007.4342,90074099518.37926,14429098489.054949,110570660467.73639,97713956103.76743,12856704363.968954,107693049025.60515,93662749056.44366,14030299969.161499,147985652929.7152,136968639788.86221,11017013140.85297,147985652929.7152,136968639788.86221,11017013140.85297
BUL,cnrm-cm5_rcp85_r1i1p1,FORE-SCE-A1B,72,0.5300088316997811,289022989154.76794,261990674871.78244,27032314282.98552,289203629133.7012,263158549358.97092,26045079774.73016,289363304944.094,262234084921.23117,27129220022.86295,477763396384.49066,451788351281.7263,25975045102.764137,532284259472.00604,518552797226.6977,13731462245.308289
BUL,cnrm-cm5_rcp85_r1i1p1,FORE-SCE-A2,72,0.5300088316997811,286050319637.64575,261995093228.0913,24055226409.55439,286383887308.5902,263209826041.5164,23174061267.073875,286425472151.6607,262226806417.68314,24198665733.97756,474734008103.2697,451927192186.8236,22806815916.44611,534800447642.7628,523073177261.84235,11727270380.92018
BUL,cnrm-cm5_rcp85_r1i1p1,FORE-SCE-B1,72,0.5300088316997811,283937026415.0981,262103795100.8684,21833231314.22963,284508920950.566,262955834741.91916,21553086208.646736,283921745377.2984,262029629074.9271,21892116302.371284,472236407315.9735,451747042266.8033,20489365049.17022,536542033707.38416,526378007118.2186,10164026589.165339
BUL,cnrm-cm5_rcp85_r1i1p1,GCAM-26,72,0.5300088316997811,305416533799.4923,262202256851.37064,43214276948.1217,304865456657.8418,263806157941.80032,41059298716.04151,305222574906.1908,262554824514.96863,42667750391.22198,509403910010.34186,466201737280.7238,43202172729.618195,534580196849.82416,508745303807.36096,25834893042.462982
BUL,cnrm-cm5_rcp85_r1i1p1,GCAM-45,72,0.5300088316997811,295151404572.2354,261910292818.64563,33241111753.589664,295321021897.1597,263501366810.24213,31819655086.91752,295222818244.2171,262393963127.64716,32828855116.570007,499165427466.7634,466842327159.8948,32323100306.868683,534863370587.6713,516802046160.5235,18061324427.147984
BUL,cnrm-cm5_rcp85_r1i1p1,GCAM-ref,72,0.5300088316997811,288644840359.41235,261681943282.30194,26962897077.110214,289151696878.81976,263324233967.0671,25827462911.75267,289292659178.5248,262397430750.03976,26895228428.484997,477672454853.4219,451714197449.3136,25958257404.108143,531527388107.3477,517804882202.1466,13722505905.201002
BUL,cnrm-cm5_rcp85_r1i1p1,LUCAS-BAU_High-0001,72,0.5300088316997811,281131894555.71436,262045856130.01657,19086038425.69779,280702267949.691,262644101808.64343,18058166141.04762,280844800529.72217,262000022458.6566,18844778071.06548,469223915628.7075,451564801864.25415,17659113764.45344,538333052697.177,529983050603.4125,8350002093.764341
BUL,cnrm-cm5_rcp85_r1i1p1,LUCAS-BAU_High-0002,72,0.5300088316997811,281370346669.5329,261915467760.13565,19454878909.39718,281415932301.1452,262688703723.93372,18727228577.21152,281403026674.5078,262057362101.21228,19345664573.295483,469670931033.899,451565460230.1549,18105470803.74388,537934182803.9505,529310032311.85986,8624150492.090828
BUL,csiro-mk3-6-0_rcp26_r1i1p1,FORE-SCE-A1B,72,0.6274829797298518,38023479166.571236,13589376570.240917,24434102596.33031,37766823756.38905,16764573010.409756,21002250745.979286,35751603830.53787,17215596876.76222,18536006953.775654,33931569337.85611,15432043531.215412,18499525806.640686,37944024574.69569,15476988395.848267,22467036178.847424
BUL,csiro-mk3-6-0_rcp26_r1i1p1,FORE-SCE-A2,72,0.6274829797298518,35128745948.73762,13609511126.504282,21519234822.23334,34979631933.96606,16698896552.224724,18280735381.741333,33172583774.331272,17217803349.543564,15954780424.787725,31604337447.503998,15406736210.31501,16197601237.188997,35088326735.433525,15448785667.809597,19639541067.623924
BUL,csiro-mk3-6-0_rcp26_r1i1p1,FORE-SCE-B1,72,0.6274829797298518,32743030389.73214,13382455127.097858,19360575262.634285,32934977272.115986,16686797542.966263,16248179729.149717,32121906816.88671,17180704850.399498,14941201966.48721,30779287657.56821,15366209191.555323,15413078466.012901,33110446444.301357,15407628761.340408,17702817682.960934
BUL,csiro-mk3-6-0_rcp26_r1i1p1,GCAM-26,72,0.6274829797298518,52530142742.870255,13655861721.909512,38874281020.960754,52154699625.71836,17360607861.250343,34794091764.46801,52498731761.691414,20889099443.58497,31609632318.106453,46289480299.790016,15138110442.033829,31151369857.75616,52074237329.321526,15250807346.328018,36823429982.99347
BUL,csiro-mk3-6-0_rcp26_r1i1p1,GCAM-45,72,0.6274829797298518,44074419189.454346,13750007041.547676,30324412147.906673,44198131544.7445,17751785169.184643,26446346375.55986,43901009734.45064,20587418333.030304,23313591401.420326,38077218290.25102,15047969045.216282,23029249245.03475,43162997571.23686,15155014317.192549,28007983254.044308
BUL,csiro-mk3-6-0_rcp26_r1i1p1,GCAM-ref,72,0.6274829797298518,38292622247.13965,13687925428.059471,24604696819.080166,38852787512.856445,17676154263.335175,21176633249.521267,39161126569.25568,20552719569.727768,18608406999.527912,33986499052.612823,15359639550.175385,18626859502.437424,38169257152.591064,15460401219.181393,22708855933.40967
BUL,csiro-mk3-6-0_rcp26_r1i1p1,LUCAS-BAU_High-0001,72,0.6274829797298518,30646019245.578133,13372414918.077202,17273604327.500927,30741975444.200542,16408559360.618168,14333416083.58237,29484887747.64408,16272724983.815523,13212162763.828568,29069383235.569855,15365600468.216248,13703782767.353613,30970080489.790874,15361698893.049553,15608381596.741325
BUL,csiro-mk3-6-0_rcp26_r1i1p1,LUCAS-BAU_High-0002,72,0.6274829797298518,31030728931.106133,13375123059.038607,17655605872.067513,31086816905.716995,16411238346.92639,14675578558.79061,29760331558.018246,16278345389.687954,13481986168.330305,29312056681.629917,15370764441.167477,13941292240.462439,31361649005.512768,15366867840.326807,15994781165.185957
BUL,csiro-mk3-6-0_rcp45_r1i1p1,FORE-SCE-A1B,72,0.6568475870606202,27523814112.490807,671375036.1989951,26852439076.291813,24112523172.238743,2073748400.025547,22038774772.2132,24578479326.55706,4924952049.234476,19653527277.322582,21992070329.348255,2674687263.4248443,19317383065.923405,23482190701.487453,2557814960.1104827,20924375741.37698
BUL,csiro-mk3-6-0_rcp45_r1i1p1,FORE-SCE-A2,72,0.6568475870606202,24615672435.18147,660986264.4405009,23954686170.740967,21504690719.384377,2007872209.883011,19496818509.501366,20945841764.586628,4044383453.1690817,16901458311.417553,19116489823.913795,2651904363.7207484,16464585460.193052,20780025691.62354,2533862307.603165,18246163384.02037
BUL,csiro-mk3-6-0_rcp45_r1i1p1,FORE-SCE-B1,72,0.6568475870606202,21610461559.449818,655948026.8097613,20954513532.640057,19197107382.05463,2010318326.4828317,17186789055.5718,19801085284.189342,3919112990.5172906,15881972293.67205,18341947986.244545,2644969762.084024,15696978224.160519,18638002350.471436,2529704064.696741,16108298285.774693
BUL,csiro-mk3-6-0_rcp45_r1i1p1,GCAM-26,72,0.6568475870606202,42781137952.68467,599286216.6672522,42181851736.01742,39104884463.658066,2117065619.614104,36987818844.04396,46268231604.67742,12322773464.53218,33945458140.145233,40854683731.61626,8118919357.017689,32735764374.598576,44431613128.26658,4515011790.685569,39916601337.58101
BUL,csiro-mk3-6-0_rcp45_r1i1p1,GCAM-45,72,0.6568475870606202,33534939556.320107,661212735.7242258,32873726820.59588,30315834082.7436,2448455221.9088674,27867378860.83473,34687747931.56404,9049406148.876255,25638341782.687775,29571722435.43371,4986173407.566104,24585549027.86761,34419507264.31307,4515860507.574055,29903646756.739014
BUL,csiro-mk3-6-0_rcp45_r1i1p1,GCAM-ref,72,0.6568475870606202,27080353919.99545,652363538.3801928,26427990381.615253,24235237935.731197,2468670197.508286,21766567738.222916,26632594811.765682,6908828946.627791,19723765865.137894,22098651484.468094,2605417708.8750973,19493233775.593002,23463667463.590744,2565399814.858913,20898267648.73183
BUL,csiro-mk3-6-0_rcp45_r1i1p1,LUCAS-BAU_High-0001,72,0.6568475870606202,19218728703.106346,658728762.5134784,18559999940.592865,16869719949.207968,2007002312.8077066,14862717636.400259,16982213126.321268,3782639908.7358723,13199573217.585402,15618499266.363453,2645003230.066817,12973496036.296638,16352648639.348772,2528872960.473406,13823775678.875364
BUL,csiro-mk3-6-0_rcp45_r1i1p1,LUCAS-BAU_High-0002,72,0.6568475870606202,19619843262.30236,659010592.988476,18960832669.313885,17231115265.207996,2007878080.7135935,15223237184.4944,17539486184.22278,3786197091.71327,13753289092.509508,16227256101.257702,2647586903.3612795,13579669197.89642,16726254044.638615,2530904254.9472933,14195349789.691317
BUL,csiro-mk3-6-0_rcp60_r1i1p1,FORE-SCE-A1B,72,0.6034035596453641,34711645340.21822,16276753368.57298,18434891971.645226,35412457506.4764,20404057287.253876,15008400219.222536,40366433635.93208,26425691589.057713,13940742046.874357,46116587256.067215,29607293730.84261,16509293525.224606,68474412885.40075,57407438289.270775,11066974596.129944
BUL,csiro-mk3-6-0_rcp60_r1i1p1,FORE-SCE-A2,72,0.6034035596453641,30579254844.76094,14499716269.955902,16079538574.805025,33259057505.97513,20365488870.747227,12893568635.2279,40363470998.13148,28149942597.72231,12213528400.409159,46151451017.432785,31511954352.269764,14639496665.163033,67921584687.89012,58552464759.72948,9369119928.160599
BUL,csiro-mk3-6-0_rcp60_r1i1p1,FORE-SCE-B1,72,0.6034035596453641,28735784166.82459,14505070699.982433,14230713466.842161,31712121745.155125,20428399756.64939,11283721988.505728,39046825327.17196,28228853713.256817,10817971613.91515,44927133080.152534,31531871080.24424,13395261999.908306,66692519894.26301,58734706414.37027,7957813479.892748
BUL,csiro-mk3-6-0_rcp60_r1i1p1,GCAM-26,72,0.6034035596453641,44700483776.21076,14101814142.267979,30598669633.942783,48988307818.87928,22320881909.11689,26667425909.762394,57937912110.18445,33107493718.836372,24830418391.348083,61962571640.2609,33665930013.694534,28296641626.566357,77512250534.52621,55883632271.2682,21628618263.258
BUL,csiro-mk3-6-0_rcp60_r1i1p1,GCAM-45,72,0.6034035596453641,39199822659.00769,16207814624.945068,22992008034.06265,40018642999.819565,20475945339.19745,19542697660.62211,47857053074.16676,30044163534.092327,17812889540.07445,51723340644.56242,31251920087.622787,20471420556.939667,72192277856.89232,57362274780.73981,14830003076.1525
BUL,csiro-mk3-6-0_rcp60_r1i1p1,GCAM-ref,72,0.6034035596453641,34459561633.671906,16258671290.451683,18200890343.220222,35370285196.28993,20337556868.430885,15032728327.859064,41466946236.996895,27916113050.09365,13550833186.903242,45519698362.15486,29647323373.073788,15872374989.08109,67900383825.184586,56989252860.611084,10911130964.573454
BUL,csiro-mk3-6-0_rcp60_r1i1p1,LUCAS-BAU_High-0001,72,0.6034035596453641,26800346658.28978,14510682254.688786,12289664403.600985,30018755947.054546,20513316093.60397,9505439853.450584,36719285796.98971,27740114103.331036,8979171693.658665,44074118862.23429,32768806703.69096,11305312158.543333,65427067132.31238,59011899519.63951,6415167612.6728325
BUL,csiro-mk3-6-0_rcp60_r1i1p1,LUCAS-BAU_High-0002,72,0.6034035596453641,27092207679.3894,14503874238.621586,12588333440.767815,30422947046.864365,20648639319.457104,9774307727.407267,37066316831.423805,27820698112.64022,9245618718.783594,44362298364.1545,32770237762.643726,11592060601.510792,65457218101.58463,58815627705.725006,6641590395.859634
BUL,csiro-mk3-6-0_rcp85_r1i1p1,FORE-SCE-A1B,72,0.6159185628595041,89693294128.73148,62842181387.57901,26851112741.152477,92941836524.00713,69991493374.93022,22950343149.076916,91303842323.51816,70361504517.89531,20942337805.62287,97959443000.13138,77671519521.59955,20287923478.531864,98663513907.24857,79433820053.8126,19229693853.435978
BUL,csiro-mk3-6-0_rcp85_r1i1p1,FORE-SCE-A2,72,0.6159185628595041,86603547368.64742,62917895884.04414,23685651484.603294,89113172726.05797,68974386487.76859,20138786238.28938,85139084421.78583,66418503061.20376,18720581360.58206,86757402597.12993,68668626757.2228,18088775839.907104,96344296074.16464,79620073729.69308,16724222344.471556
BUL,csiro-mk3-6-0_rcp85_r1i1p1,FORE-SCE-B1,72,0.6159185628595041,84087701514.80235,62985897519.32158,21101803995.48075,85824345974.11987,68090174989.452225,17734170984.667645,85416681705.9864,68689207531.35024,16727474174.636183,85095343214.19185,68632513607.073524,16462829607.11833,94490224823.29552,79722897394.64934,14767327428.646187
BUL,csiro-mk3-6-0_rcp85_r1i1p1,GCAM-26,72,0.6159185628595041,105021601586.91173,62166844406.008484,42854757180.903206,108457876969.53815,70110065866.68361,38347811102.85454,107284829203.85448,71641198267.54897,35643630936.30549,118483494230.53229,84728753254.1614,33754740976.370865,112776161925.65318,75462358962.80777,37313802962.845406
BUL,csiro-mk3-6-0_rcp85_r1i1p1,GCAM-45,72,0.6159185628595041,95911905481.01764,62779063065.407166,33132842415.610504,99282640498.30365,70225678453.2676,29056962045.036095,97752054016.4037,70939967453.38371,26812086563.01997,110116153933.24773,85107507726.59543,25008646206.65229,103373235022.67662,75706232849.46637,27667002173.2103
BUL,csiro-mk3-6-0_rcp85_r1i1p1,GCAM-ref,72,0.6159185628595041,89615715283.45505,62778904158.662155,26836811124.792892,93119421469.23335,70189397657.4133,22930023811.820065,91192461785.47882,70732404775.50279,20460057009.976032,97321531521.37157,77622967314.0655,19698564207.306026,98639958693.10393,79448753871.18513,19191204821.9188
BUL,csiro-mk3-6-0_rcp85_r1i1p1,LUCAS-BAU_High-0001,72,0.6159185628595041,81509463294.80411,63077967189.240395,18431496105.56372,83011669903.3183,67801669955.24443,15209999948.07391,82033760696.30975,67898211654.08316,14135549042.226583,83869206689.86333,69934561526.01805,13934645163.845264,92386434618.92552,79891086547.28119,12495348071.644344
BUL,csiro-mk3-6-0_rcp85_r1i1p1,LUCAS-BAU_High-0002,72,0.6159185628595041,81831347530.79335,63003914855.49252,18827432675.300835,83667220938.79042,68067783600.79204,15599437337.998425,83626218392.04428,69219600085.95909,14406618306.085194,84152687212.81482,70022120131.25424,14130567081.560572,92713270136.59624,79868069145.75568,12845200990.840523
BUL,fgoals-g2_rcp26_r1i1p1,FORE-SCE-A1B,72,0.5827437682309176,16726554765.602367,1234233227.4008214,15492321538.201546,14786846615.882275,2298340795.415761,12488505820.466515,20722962995.502316,9039652138.653372,11683310856.84895,39208262895.96376,27813791791.176056,11394471104.78771,40860536934.55941,32780653976.335163,8079882958.224239
BUL,fgoals-g2_rcp26_r1i1p1,FORE-SCE-A2,72,0.5827437682309176,14544747315.534233,1225744821.8667176,13319002493.667519,13021143119.178986,2281678525.7891126,10739464593.38987,15596243151.337206,5630315303.417207,9965927847.919996,38101198300.38138,28326239904.289215,9774958396.092165,41151322647.404,34550455049.16435,6600867598.239627
BUL,fgoals-g2_rcp26_r1i1p1,FORE-SCE-B1,72,0.5827437682309176,13031525996.797926,1218094776.8108985,11813431219.987028,11820398852.519253,2246406725.907877,9573992126.611382,15729056490.163572,6556876769.759272,9172179720.404297,37495033225.96328,28293311593.44532,9201721632.51795,40576840674.07003,34843135756.28829,5733704917.781702
BUL,fgoals-g2_rcp26_r1i1p1,GCAM-26,72,0.5827437682309176,27515065677.81996,1345605799.8671358,26169459877.95282,24939804469.644955,2402671036.6404657,22537133433.004482,28279008962.28343,7543261681.429745,20735747280.853687,54450584624.450714,33666659688.28458,20783924936.16616,50674084230.87183,34609990480.95524,16064093749.91658
BUL,fgoals-g2_rcp26_r1i1p1,GCAM-45,72,0.5827437682309176,21008801061.71588,1261927126.0420923,19746873935.673786,18870529727.516346,2546564129.698039,16323965597.818314,23565306368.14015,8614142044.014124,14951164324.126022,49051278512.783585,33817100552.901653,15234177959.881912,47933809828.96928,37158117553.88473,10775692275.084564
BUL,fgoals-g2_rcp26_r1i1p1,GCAM-ref,72,0.5827437682309176,16945543480.901548,1253765610.27496,15691777870.62659,15135516733.855104,2454093916.749877,12681422817.105227,20613844676.09086,8993562896.960676,11620281779.130178,39946548895.80604,28679709721.70148,11266839174.104555,40481536170.10429,32292007525.874687,8189528644.229581
BUL,fgoals-g2_rcp26_r1i1p1,LUCAS-BAU_High-0001,72,0.5827437682309176,11649742113.772799,1225220441.8651767,10424521671.907625,10375599685.082657,2195175134.3998947,8180424550.682763,13293847031.216993,5406420060.31274,7887426970.904255,36360176639.97457,28449556149.26093,7910620490.713623,40283583021.039246,35555262791.19938,4728320229.839853
BUL,fgoals-g2_rcp26_r1i1p1,LUCAS-BAU_High-0002,72,0.5827437682309176,11896625893.23487,1210220765.1327064,10686405128.102165,10647114077.341726,2225314911.544873,8421799165.79685,13555719760.582478,5445416091.321239,8110303669.261239,36604271733.83005,28457301829.883675,8146969903.946365,40242098297.12387,35332608077.98785,4909490219.136014
DNP,access1-0_rcp45_r1i1p1,FORE-SCE-A1B,72,0.42357714562999793,26821147550.89021,3636223685.65653,23184923865.233685,28483474789.156124,3599881636.0582895,24883593153.097828,28415157348.243484,8695284029.01934,19719873319.22414,36121403394.54317,15391775837.1181,20729627557.425064,31622023046.734432,18515918009.214798,13106105037.519629
DNP,access1-0_rcp45_r1i1p1,FORE-SCE-A2,72,0.42357714562999793,26430820046.11217,4281287813.2883444,22149532232.823826,25893512796.491856,3672830853.656375,22220681942.83548,26124705567.585835,8666394147.262709,17458311420.323128,33974112323.109314,15575683068.06156,18398429255.04775,29760068755.028873,18570280286.38919,11189788468.63969
DNP,access1-0_rcp45_r1i1p1,FORE-SCE-B1,72,0.42357714562999793,23216839643.32536,2709960410.25548,20506879233.069878,22934760629.10354,3186940581.4521646,19747820047.65137,24008622266.179596,8612046687.652426,15396575578.527172,31359926726.82557,15068107671.530561,16291819055.295008,27838453442.19381,18584960676.902916,9253492765.29089
DNP,access1-0_rcp45_r1i1p1,GCAM-26,72,0.42357714562999793,41687985870.69438,4954636762.06437,36733349108.63001,43275137119.29679,4949226847.20574,38325910272.09105,41323717506.1974,8246603581.415259,33077113924.782146,50803752246.51317,17118335028.337936,33685417218.175232,45190008903.096214,19449570330.385307,25740438572.710922
DNP,access1-0_rcp45_r1i1p1,GCAM-45,72,0.42357714562999793,32820354857.0843,4379892965.368103,28440461891.716198,34607808971.68514,3859295243.019948,30748513728.665195,33898154708.522404,9013460009.089014,24884694699.433395,41094770030.37157,15979891500.560532,25114878529.81104,36899716068.312744,19640970638.66909,17258745429.643658
DNP,access1-0_rcp45_r1i1p1,GCAM-ref,72,0.42357714562999793,26777125721.805946,3639939706.3046465,23137186015.501297,27945167285.08134,3587100768.224592,24358066516.85675,27849034515.84245,8619384953.898209,19229649561.944237,35323811997.42214,15121117476.157349,20202694521.264793,31162604436.78634,18476478056.516296,12686126380.270042
DNP,access1-0_rcp45_r1i1p1,LUCAS-BAU_High-0001,72,0.42357714562999793,20597082116.4432,2597367153.7788696,17999714962.66433,20186733633.021763,3362606995.445673,16824126637.57608,20824498642.344475,7825089001.040701,12999409641.303778,28923257216.91419,15122719897.469221,13800537319.444973,26340252782.752052,18939239365.949203,7401013416.802853
DNP,access1-0_rcp45_r1i1p1,LUCAS-BAU_High-0002,72,0.42357714562999793,20890671880.940197,2623858667.435526,18266813213.50467,20746839359.373558,3522332180.6248884,17224507178.748665,21877694942.441116,8532696997.558417,13344997944.8827,29442247382.84421,15286481304.077675,14155766078.766535,26558723305.378304,18901358520.166267,7657364785.212036
DNP,access1-0_rcp85_r1i1p1,FORE-SCE-A1B,72,0.44569938999428044,31757275236.394604,306903896.78324294,31450371339.611362,31077846931.84221,51495577.40978416,31026351354.432423,30273743262.280514,3002123031.1457787,27271620231.13474,30556423301.49861,2510632252.7072525,28045791048.79135,72354789237.00081,2496601773.467927,69858187463.53288
DNP,access1-0_rcp85_r1i1p1,FORE-SCE-A2,72,0.44569938999428044,27800055962.06271,287820608.8298783,27512235353.23283,27040498789.741646,51612587.767431796,26988886201.974216,26739168927.020935,3079284273.3239517,23659884653.696987,26865662378.336845,2499929443.733261,24365732934.60359,65088282403.26243,2497039117.9738307,62591243285.2886
DNP,access1-0_rcp85_r1i1p1,FORE-SCE-B1,72,0.44569938999428044,25617031273.587025,282455132.98598814,25334576140.601036,24438860919.23681,55701401.395456195,24383159517.841354,23849528700.72054,3090539761.3320217,20758988939.38852,23876883527.555656,2513046655.2576437,21363836872.298008,59874443900.74468,2512392051.6935067,57362051849.05118
DNP,access1-0_rcp85_r1i1p1,GCAM-26,72,0.44569938999428044,50944012767.96992,3733264.336932916,50940279503.63298,51996768734.87214,41047823.5562332,51955720911.31591,50141206525.522255,2128846039.8358066,48012360485.686455,50217418749.391426,1330175176.06085,48887243573.330574,107319634254.58458,1293025377.3522494,106026608877.23233
DNP,access1-0_rcp85_r1i1p1,GCAM-45,72,0.44569938999428044,39198019052.50469,325922085.8393148,38872096966.665375,39115049202.59509,65186513.51944954,39049862689.075645,37381049251.091125,2302502743.6794267,35078546507.41168,36930211948.39571,1312166146.0664864,35618045802.32922,85202577141.37029,1302506422.0928497,83900070719.27742
DNP,access1-0_rcp85_r1i1p1,GCAM-ref,72,0.44569938999428044,32237708719.57682,324253183.6979524,31913455535.87887,31568740079.11252,122530453.23913303,31446209625.873383,31079855037.021297,3449512946.6672673,27630342090.354027,30971323607.708813,2493526892.9404373,28477796714.768375,72578918254.6416,2475606218.0546694,70103312036.58691
DNP,access1-0_rcp85_r1i1p1,LUCAS-BAU_High-0001,72,0.44569938999428044,22615063484.669334,63459930.54863994,22551603554.120693,21420159416.7672,53302269.485130996,21366857147.28207,21263981977.612213,2976767678.274331,18287214299.337875,21181947251.32741,2503371051.9880695,18678576199.33934,53577016977.469765,2503371051.9880695,51073645925.481705
DNP,access1-0_rcp85_r1i1p1,LUCAS-BAU_High-0002,72,0.44569938999428044,23089861942.26163,68558421.56485122,23021303520.696785,21909401106.8145,53244464.58284892,21856156642.23165,21649844165.231697,2967195803.9490175,18682648361.282677,21599176584.420883,2503154149.067608,19096022435.353283,54627153542.843445,2503154149.067608,52123999393.77584
DNP,bcc-csm1-1-m_rcp45_r1i1p1,FORE-SCE-A1B,72,0.41197406508732953,36492301763.35933,5792335741.15145,30699966022.207874,41010264318.81248,10257271781.629353,30752992537.183117,50952757649.35854,24761586829.914227,26191170819.444324,53649336251.489525,26925924913.72859,26723411337.760902,70185866137.239,19670810670.40443,50515055466.83458
DNP,bcc-csm1-1-m_rcp45_r1i1p1,FORE-SCE-A2,72,0.41197406508732953,38539940502.78699,10748906822.857582,27791033679.929417,40376855659.15,13041834107.06327,27335021552.086735,55763063398.94537,32663065676.70051,23099997722.244858,50894520482.64594,27370672283.749725,23523848198.896217,65224426967.406555,20092344231.772236,45132082735.634315
DNP,bcc-csm1-1-m_rcp45_r1i1p1,FORE-SCE-B1,72,0.41197406508732953,35366382185.17663,9555250358.685658,25811131826.490967,37685309765.58586,12729490432.540018,24955819333.045826,53253793865.03937,32295481248.19015,20958312616.849213,48277271972.97266,26850859662.607727,21426412310.364925,61287016758.81674,20042733738.07379,41244283020.74296
DNP,bcc-csm1-1-m_rcp45_r1i1p1,GCAM-26,72,0.41197406508732953,49445812361.62927,4909756850.000082,44536055511.629196,54299032513.53647,8041649661.211662,46257382852.32481,58049269247.104576,15121615134.069504,42927654113.035065,59411187917.41426,16349736526.510174,43061451390.90409,89795509248.54868,13744970654.917625,76050538593.63106
DNP,bcc-csm1-1-m_rcp45_r1i1p1,GCAM-45,72,0.41197406508732953,41183631975.11728,4403179206.007287,36780452769.10999,46782799353.737625,9122549436.023388,37660249917.71423,52515156541.06112,19512791183.71756,33002365357.343563,52478702471.01891,19400414767.62795,33078287703.39095,73888316131.65584,14004029266.030594,59884286865.62525
DNP,bcc-csm1-1-m_rcp45_r1i1p1,GCAM-ref,72,0.41197406508732953,33808568468.080284,3207146956.044345,30601421512.03595,39630312882.222206,8654158239.667433,30976154642.55476,47816410202.363144,21125913065.14583,26690497137.217335,52762829359.58728,25790913603.882885,26971915755.70438,70171387804.96315,19476904859.578915,50694482945.38422
DNP,bcc-csm1-1-m_rcp45_r1i1p1,LUCAS-BAU_High-0001,72,0.41197406508732953,32743920173.43799,8996457472.845829,23747462700.592167,36402377174.0989,14257745946.055834,22144631228.043056,57207085750.549416,38530286027.81684,18676799722.73255,45809019286.41684,26820230491.829437,18988788794.587425,56877352597.33765,20136293509.96183,36741059087.37577
DNP,bcc-csm1-1-m_rcp45_r1i1p1,LUCAS-BAU_High-0002,72,0.41197406508732953,33086424435.18606,8985029571.550768,24101394863.635292,36735336874.80826,14160253990.452284,22575082884.355965,57398127995.52539,38321599287.01927,19076528708.50612,46152346744.305565,26763542681.89071,19388804062.414837,57559330721.743965,20082731940.712406,37476598781.03155
DNP,bcc-csm1-1-m_rcp85_r1i1p1,FORE-SCE-A1B,72,0.37615848220718767,109021258354.74332,63871709742.53105,45149548612.21228,136155392728.01518,93020970373.25797,43134422354.75723,155549563048.44614,108387411072.8608,47162151975.58539,180567795061.86792,131252373309.55093,49315421752.31697,181855201862.29486,131115039160.35771,50740162701.93709
DNP,bcc-csm1-1-m_rcp85_r1i1p1,FORE-SCE-A2,72,0.37615848220718767,106841105103.50195,65720038805.34796,41121066298.15404,132357034657.82205,93242023926.9334,39115010730.888626,153148523910.32678,110324043265.31247,42824480645.01429,176825821002.12115,132170197725.51189,44655623276.6093,177860379919.55008,132030207465.8878,45830172453.66231
DNP,bcc-csm1-1-m_rcp85_r1i1p1,FORE-SCE-B1,72,0.37615848220718767,104927149654.40952,66896325733.20157,38030823921.20795,129754408711.06548,94215878569.40253,35538530141.66295,148780606072.89795,109838377762.123,38942228310.774956,172884375225.52863,131979946100.9858,40904429124.54284,173348877773.9988,131869831927.8128,41479045846.186005
DNP,bcc-csm1-1-m_rcp85_r1i1p1,GCAM-26,72,0.37615848220718767,127975481915.19011,61883733374.39903,66091748540.7911,153048357487.59656,91003080997.89244,62045276489.704155,176755809245.0542,110161616455.14539,66594192789.90878,185056494239.92255,117340816515.02386,67715677724.89873,192857087758.26736,115981153122.49643,76875934635.7709
DNP,bcc-csm1-1-m_rcp85_r1i1p1,GCAM-45,72,0.37615848220718767,116803339787.24889,63719343638.71482,53083996148.53411,140992367856.4829,89527750863.85393,51464616992.62895,163645696352.94702,107650673334.6578,55995023018.28922,173283099828.37216,115829692107.62291,57453407720.74928,176057267643.06372,115700893504.28497,60356374138.77883
DNP,bcc-csm1-1-m_rcp85_r1i1p1,GCAM-ref,72,0.37615848220718767,108117246884.62836,63471551213.76382,44645695670.86454,133428538480.9341,90780950429.68753,42647588051.24654,154784524947.0307,108039887564.82845,46744637382.202286,180114840947.83533,131366517873.24101,48748323074.5942,181046622573.80618,130745386996.78891,50301235577.017204
DNP,bcc-csm1-1-m_rcp85_r1i1p1,LUCAS-BAU_High-0001,72,0.37615848220718767,100049596223.03387,66391465400.70828,33658130822.325577,126208560170.17804,94909725328.49026,31298834841.687748,147227686878.6387,112780347243.58997,34447339635.04879,167753709493.17,131808885341.51495,35944824151.65501,168136142618.60397,131690781592.58667,36445361026.01726
DNP,bcc-csm1-1-m_rcp85_r1i1p1,LUCAS-BAU_High-0002,72,0.37615848220718767,100592113603.59038,66385888457.17825,34206225146.412136,126757869129.85281,94915035058.89922,31842834070.95362,147677158891.30115,112763077061.17384,34914081830.12732,168398749929.02722,131725404218.7204,36673345710.306816,168802568216.66867,131608194835.26657,37194373381.40209
DNP,bcc-csm1-1_rcp26_r1i1p1,FORE-SCE-A1B,72,0.44797786595525785,52108018607.257324,10512653658.953566,41595364948.30375,58658044165.4855,15140770396.796833,43517273768.68866,65927534279.72861,31427912799.10533,34499621480.62327,69050572199.23734,35211923809.09749,33838648390.139843,77396254224.13931,15382600347.958601,62013653876.180695
DNP,bcc-csm1-1_rcp26_r1i1p1,FORE-SCE-A2,72,0.44797786595525785,53354719666.16543,15465943601.218311,37888776064.94713,54613315655.90851,15982216651.333382,38631099004.57511,60886467234.26506,31122975047.65617,29763492186.608887,65230433108.75431,36096564065.6353,29133869043.119022,70092652450.06976,15120312395.274696,54972340054.795074
DNP,bcc-csm1-1_rcp26_r1i1p1,FORE-SCE-B1,72,0.44797786595525785,48367634195.09644,13372438545.970243,34995195649.12619,49604645405.35189,14840974826.662636,34763670578.689255,56930202565.45014,30259536208.53944,26670666356.910717,61286627987.90117,35414286634.553024,25872341353.348133,65045573745.10075,15089154159.800816,49956419585.29991
DNP,bcc-csm1-1_rcp26_r1i1p1,GCAM-26,72,0.44797786595525785,73788575098.49467,10522692190.32764,63265882908.16703,85583295910.35718,18585573400.5013,66997722509.855835,88465621288.1366,31376771253.2617,57088850034.87495,91080877531.43706,32749167753.37882,58331709778.058235,112333980206.98715,15959676491.90431,96374303715.08284
DNP,bcc-csm1-1_rcp26_r1i1p1,GCAM-45,72,0.44797786595525785,60784317816.65932,11413247898.993896,49371069917.66541,69465057784.80684,16083554383.159224,53381503401.64762,75122106432.144,31745241175.270344,43376865256.873665,79178584920.59145,35980117107.27064,43198467813.32083,91440081467.65015,15719935855.887253,75720145611.76288
DNP,bcc-csm1-1_rcp26_r1i1p1,GCAM-ref,72,0.44797786595525785,52678979987.95149,10822192250.525612,41856787737.425896,58886133059.98933,15416393927.72673,43469739132.262596,66068087704.48011,31581418910.737152,34486668793.74295,69459385579.39583,35579548233.59014,33879837345.80568,77636869626.71147,15415417771.603056,62221451855.10842
DNP,bcc-csm1-1_rcp26_r1i1p1,LUCAS-BAU_High-0001,72,0.44797786595525785,45292512196.32224,13352334546.082767,31940177650.23949,46492591801.94611,15406745784.357826,31085846017.58828,54288610949.786156,30699382354.852707,23589228594.933464,58740115126.66323,36099974100.983,22640141025.68021,59633068790.140976,15062282484.260162,44570786305.88081
DNP,bcc-csm1-1_rcp26_r1i1p1,LUCAS-BAU_High-0002,72,0.44797786595525785,45847098968.177864,13363454137.866642,32483644830.311214,47119150385.17296,15351602444.854317,31767547940.31862,54816433858.512856,30640683909.324917,24175749949.187946,59267060408.06811,36041133234.16498,23225927173.903137,60633396021.95468,15084160240.70433,45549235781.25035
DNP,bcc-csm1-1_rcp45_r1i1p1,FORE-SCE-A1B,72,0.43170658951309804,46569629309.879715,8627617704.624685,37942011605.25501,48674278377.53029,9739706195.17139,38934572182.35891,44745814620.129845,16008623642.742725,28737190977.38713,45758887614.086136,15809954268.527145,29948933345.558983,39567638263.50777,11624296732.465271,27943341531.042492
DNP,bcc-csm1-1_rcp45_r1i1p1,FORE-SCE-A2,72,0.43170658951309804,43981699673.28976,8689168025.47966,35292531647.8101,44251980355.29602,9786197886.969757,34465782468.32626,41754530271.58817,16570110895.303251,25184419376.28493,42418383750.95534,16301388667.05323,26116995083.90211,35891488409.70116,11564137325.874079,24327351083.827084
DNP,bcc-csm1-1_rcp45_r1i1p1,FORE-SCE-B1,72,0.43170658951309804,41878653377.35925,8875329777.5211,33003323599.838146,41180449236.11839,9864516146.275335,31315933089.843052,39349883913.146545,16773990664.989231,22575893248.15731,39885753868.92467,16395520712.88396,23490233156.040695,33131121683.094727,11548831765.84956,21582289917.245167
DNP,bcc-csm1-1_rcp45_r1i1p1,GCAM-26,72,0.43170658951309804,62144767497.57064,8642246738.163982,53502520759.40667,66228839649.97762,8737732664.239126,57491106985.73849,58597011006.50649,11725279192.974577,46871731813.53192,60037123982.45352,11589654912.320705,48447469070.13282,60685366318.161385,13693889875.018337,46991476443.14304
DNP,bcc-csm1-1_rcp45_r1i1p1,GCAM-45,72,0.43170658951309804,52010173576.33921,8618064092.137478,43392109484.201744,56010426345.13663,8857454453.493134,47152971891.64348,51866775003.98095,16132661086.512083,35734113917.46888,49284541437.399185,12158558522.585958,37125982914.81321,48529769325.02834,13760528119.84643,34769241205.181946
DNP,bcc-csm1-1_rcp45_r1i1p1,GCAM-ref,72,0.43170658951309804,45780864922.03043,8630028482.191462,37150836439.83897,47912959868.40354,8919550390.154879,38993409478.24868,45140579133.16531,16481718181.509386,28658860951.655922,42427701516.38776,12505814790.15819,29921886726.229565,39562514247.57063,11590473526.416784,27972040721.15385
DNP,bcc-csm1-1_rcp45_r1i1p1,LUCAS-BAU_High-0001,72,0.43170658951309804,41673973263.450195,11053098641.83604,30620874621.61416,38257961684.633354,10020704688.78343,28237256995.84991,36711639765.60549,16669185182.259716,20042454583.345764,37349907034.499176,16507945087.409399,20841961947.089767,30337313947.304424,11526985872.486252,18810328074.818172
DNP,bcc-csm1-1_rcp45_r1i1p1,LUCAS-BAU_High-0002,72,0.43170658951309804,42123623083.37758,11041926517.04715,31081696566.330433,38806857591.20005,10008893377.164734,28797964214.035313,37075388769.58593,16591321921.349422,20484066848.236507,37743696411.499374,16443927453.910404,21299768957.588955,30808593931.07825,11527500418.122787,19281093512.955463
DNP,bcc-csm1-1_rcp60_r1i1p1,FORE-SCE-A1B,72,0.4305966707638286,50372153002.47424,17517829968.381523,32854323034.09273,49450067390.22172,15498160995.64616,33951906394.57557,41059213404.54107,14444527002.57633,26614686401.964733,47718919859.8879,20713933269.632256,27004986590.255604,38779258162.71428,13720711208.727558,25058546953.986725
DNP,bcc-csm1-1_rcp60_r1i1p1,FORE-SCE-A2,72,0.4305966707638286,47986150618.6526,17583736894.8749,30402413723.77769,47831513612.589355,17720797760.044262,30110715852.545105,37106736982.90964,13685909842.386843,23420827140.522785,44855110030.474556,21132749197.413395,23722360833.06116,36080115864.914375,14250980614.200071,21829135250.714306
DNP,bcc-csm1-1_rcp60_r1i1p1,FORE-SCE-B1,72,0.4305966707638286,46855185751.8418,18472298286.758976,28382887465.0828,45403954784.1543,17897124078.788204,27506830705.366077,35119516548.09013,13671490002.182833,21448026545.90729,42820901277.23641,21109843365.48699,21711057911.749428,33693338199.7554,14243638209.151962,19449699990.603443
DNP,bcc-csm1-1_rcp60_r1i1p1,GCAM-26,72,0.4305966707638286,51045235124.15529,4092842809.2314267,46952392314.92385,59303699954.73722,9055995485.150183,50247704469.58703,51268039151.19538,8754337560.452349,42513701590.74302,66688379626.239235,22680608008.37773,44007771617.86149,53612877645.907745,11519998991.928097,42092878653.97966
DNP,bcc-csm1-1_rcp60_r1i1p1,GCAM-45,72,0.4305966707638286,50538834472.619354,11424815003.952885,39114019468.66645,53492569728.10538,12057776988.980398,41434792739.12496,41886262282.15262,9083550690.235825,32802711591.916798,56844399430.5016,23105278104.617664,33739121325.883976,43602164697.7998,12434952080.965717,31167212616.83409
DNP,bcc-csm1-1_rcp60_r1i1p1,GCAM-ref,72,0.4305966707638286,51479028539.605576,18613066191.819607,32865962347.785946,47949255697.142494,13453431827.646852,34495823869.49562,39210523752.8573,12045154823.29258,27165368929.5647,47794432678.072044,20210762493.774166,27583670184.29788,38995319730.84216,13424711410.80187,25570608320.040302
DNP,bcc-csm1-1_rcp60_r1i1p1,LUCAS-BAU_High-0001,72,0.4305966707638286,44735239708.83592,18364216194.153603,26371023514.68231,42627403624.828835,17913490182.28151,24713913442.5473,32605055646.03194,13576521461.992626,19028534184.039314,40349506188.42651,21049760285.170513,19299745903.25601,31282373663.178123,14185384559.560707,17096989103.617426
DNP,bcc-csm1-1_rcp60_r1i1p1,LUCAS-BAU_High-0002,72,0.4305966707638286,44877334035.747215,18336380910.178207,26540953125.568993,43078806401.312004,17862947511.877033,25215858889.434986,33045450046.67903,13554452934.865564,19490997111.813488,40780464645.93195,21020068575.799446,19760396070.132496,31675822642.032547,14154966211.525635,17520856430.506912
DNP,bcc-csm1-1_rcp85_r1i1p1,FORE-SCE-A1B,72,0.43283703876617413,156081805994.86923,107524869705.76595,48556936289.10327,165268507288.40924,118797746852.8071,46470760435.60211,191069639081.5157,144848913379.29443,46220725702.22125,237521187322.72238,189578772595.77344,47942414726.94889,190308443019.60696,160669763915.5307,29638679104.07629
DNP,bcc-csm1-1_rcp85_r1i1p1,FORE-SCE-A2,72,0.43283703876617413,150141811458.6694,105790337286.29578,44351474172.373634,162900100137.02008,120457758618.81934,42442341518.200745,186742018401.3544,144718698157.28882,42023320244.06563,233109856291.9964,189489280122.00455,43620576169.99187,187138071566.6277,160614949306.2318,26523122260.395897
DNP,bcc-csm1-1_rcp85_r1i1p1,FORE-SCE-B1,72,0.43283703876617413,145178498896.16077,105048597205.55011,40129901690.61071,161509621952.7327,123104502543.1357,38405119409.596954,184793977093.36465,145848909175.03473,38945067918.32995,227959945515.70718,188623734940.03427,39336210575.67296,184374986628.7036,161105557486.04584,23269429142.657883
DNP,bcc-csm1-1_rcp85_r1i1p1,GCAM-26,72,0.43283703876617413,171194757044.3744,101833985449.02298,69360771595.35135,185215768542.88913,117800715138.4211,67415053404.468025,220341830620.15335,151963856928.81418,68377973691.33919,240523207182.68762,170940475258.68317,69582731924.00447,189883128782.15454,141175004464.46628,48708124317.688286
DNP,bcc-csm1-1_rcp85_r1i1p1,GCAM-45,72,0.43283703876617413,159486010201.86526,103944329335.26808,55541680866.5972,173572519595.89447,118005070375.19661,55567449220.69785,201786028840.18088,145985593160.2399,55800435679.94101,225052944490.3714,168015838472.0143,57037106018.35701,177419535811.67493,141227014425.85226,36192521385.8227
DNP,bcc-csm1-1_rcp85_r1i1p1,GCAM-ref,72,0.43283703876617413,155628570584.2124,107946400663.17058,47682169921.04179,163827137257.58014,118254876755.60811,45572260501.97201,190470764260.64548,145055627894.80112,45415136365.84439,236974464185.80743,189722116678.33212,47252347507.47532,190085620356.57098,160907825752.7265,29177794603.844414
DNP,bcc-csm1-1_rcp85_r1i1p1,LUCAS-BAU_High-0001,72,0.43283703876617413,138786279486.39783,103789005475.18933,34997274011.2085,158207201911.979,124712000472.33057,33495201439.64841,184382246582.97708,150554455464.01382,33827791118.963257,222845550926.58127,188876472973.9402,33969077952.641018,182057806219.0997,162065172120.83987,19992634098.25985
DNP,bcc-csm1-1_rcp85_r1i1p1,LUCAS-BAU_High-0002,72,0.43283703876617413,139759987192.5202,104037154527.56944,35722832664.95076,158770575341.34503,124555059642.72522,34215515698.619747,184754139207.7777,150333474819.20682,34420664388.57087,223538435062.76306,188830405065.5908,34708029997.17226,182438186219.51736,161981056831.7181,20457129387.799335
DNP,canesm2_rcp26_r1i1p1,FORE-SCE-A1B,72,0.3910424500147022,321813791734.83234,284856735032.81006,36957056702.02219,337128533224.021,301505627989.79047,35622905234.23063,365601986927.512,330984162172.68744,34617824754.82467,373342548630.76025,338011563816.57806,35330984814.18219,377790854988.66223,332245306784.1244,45545548204.53804
DNP,canesm2_rcp26_r1i1p1,FORE-SCE-A2,72,0.3910424500147022,317203988496.5692,285029966860.5954,32174021635.97381,333845618784.31396,302572953566.7295,31272665217.584522,360908314331.4477,330659395620.0645,30248918711.383194,368975827343.55255,338301093080.3928,30674734263.159702,372627879954.71075,332199310953.6237,40428569001.08701
DNP,canesm2_rcp26_r1i1p1,FORE-SCE-B1,72,0.3910424500147022,316225548283.77875,285697480152.4939,30528068131.28473,331853898938.3469,302892226447.39185,28961672490.954952,359201842096.0974,331217330087.48334,27984512008.613865,367122641122.0888,338587960114.8827,28534681007.206097,369541017720.31464,332438911013.0777,37102106707.236855
DNP,canesm2_rcp26_r1i1p1,GCAM-26,72,0.3910424500147022,349996773555.5425,296152450004.38586,53844323551.156746,351169688270.9005,298405396290.4657,52764291980.434875,377895985026.1885,325940116725.019,51955868301.16954,377173494756.3315,325173332020.5485,52000162735.78293,390760929955.5037,321221962298.01843,69538967657.48526
DNP,canesm2_rcp26_r1i1p1,GCAM-45,72,0.3910424500147022,330994881392.514,287327305205.0743,43667576187.439606,340447752680.9411,297515914241.89453,42931838439.04668,369815746536.1216,327846929213.14233,41968817322.979416,367692797032.0632,325307837887.1097,42384959144.953514,375919393749.67224,321204779438.38275,54714614311.289696
DNP,canesm2_rcp26_r1i1p1,GCAM-ref,72,0.3910424500147022,324430375231.3918,287222083985.8986,37208291245.49317,334859992570.9395,298602068767.0547,36257923803.88484,364428393699.3648,329063508276.8638,35364885422.50111,373476110341.86926,337315257113.84644,36160853228.022705,377584052931.8302,331688451539.1578,45895601392.67256
DNP,canesm2_rcp26_r1i1p1,LUCAS-BAU_High-0001,72,0.3910424500147022,314562734942.773,287148087489.74207,27414647453.030865,326203188073.30664,300134533714.86285,26068654358.44355,354633464155.19775,329376162418.7622,25257301736.435562,364109542874.296,338530199731.235,25579343143.061047,365417671103.5449,332400181595.95703,33017489507.58799
DNP,canesm2_rcp26_r1i1p1,LUCAS-BAU_High-0002,72,0.3910424500147022,315076369827.95044,287118436672.08954,27957933155.860886,326649007561.7487,300086951363.4064,26562056198.342525,354765245188.83997,328964548477.57715,25800696711.262905,364630973751.5692,338451807539.5588,26179166212.010204,366099410930.02545,332362685547.7284,33736725382.29679
DNP,canesm2_rcp45_r1i1p1,FORE-SCE-A1B,72,0.39577118461714356,59150760934.27836,19035221431.936314,40115539502.34205,79863884508.44527,41810972778.986176,38052911729.45908,107039603583.24017,66572214222.74303,40467389360.49719,65732418481.442314,26148134890.7815,39584283590.66082,68670152650.743706,24470277039.820396,44199875610.92334
DNP,canesm2_rcp45_r1i1p1,FORE-SCE-A2,72,0.39577118461714356,55651976472.94398,18814112221.249012,36837864251.69498,77971290182.45131,43706664241.8166,34264625940.634724,102787962084.89626,66184638091.55242,36603323993.34385,61347785280.35261,25726230820.86631,35621554459.48629,63523432568.02464,24090405457.603775,39433027110.42089
DNP,canesm2_rcp45_r1i1p1,FORE-SCE-B1,72,0.39577118461714356,55041301753.54927,21352786964.825146,33688514788.724117,75649702421.87732,44367933438.290924,31281768983.586384,96625777596.4563,63251762462.827034,33374015133.629253,57460420467.77306,25107927196.930016,32352493270.843056,59406807887.94978,23429634843.27283,35977173044.676956
DNP,canesm2_rcp45_r1i1p1,GCAM-26,72,0.39577118461714356,77918940865.30605,19113558817.697235,58805382047.60879,91991197524.68845,37191342574.36911,54799854950.31934,122455998488.6374,64080346010.8505,58375652477.78692,80617385134.00818,24610318635.17828,56007066498.82991,88962995979.15945,22640944213.62398,66322051765.535446
DNP,canesm2_rcp45_r1i1p1,GCAM-45,72,0.39577118461714356,68451486120.757904,20744377861.89212,47707108258.86577,84903259934.45236,39285444233.51162,45617815700.94073,110663999314.5687,62131648192.32818,48532351122.24048,68990845115.65912,22467874752.26598,46522970363.39314,73420284581.4162,20984365594.27525,52435918987.14097
DNP,canesm2_rcp45_r1i1p1,GCAM-ref,72,0.39577118461714356,60478136481.97618,20569928714.950436,39908207767.02573,77042320262.08086,39145303392.99479,37897016869.08609,104139047663.2671,63864897768.62641,40274149894.64069,65788527835.09316,26418059604.67408,39370468230.41908,68459678083.22037,24175134143.157177,44284543940.06321
DNP,canesm2_rcp45_r1i1p1,LUCAS-BAU_High-0001,72,0.39577118461714356,56722117569.254944,26207754298.28012,30514363270.97484,75581524298.52362,47487916732.9492,28093607565.57441,98312352476.73737,68146048562.691605,30166303914.045757,53238975766.87583,24388532738.892868,28850443027.982956,54960239289.06997,22717477753.49193,32242761535.578026
DNP,canesm2_rcp45_r1i1p1,LUCAS-BAU_High-0002,72,0.39577118461714356,57045320763.44645,25959432525.013924,31085888238.43254,75198460337.25888,46587110103.568886,28611350233.689983,97215125576.04317,66490876882.6533,30724248693.38984,53889907004.34726,24471983238.64125,29417923765.706017,55689981171.08401,22804707204.614403,32885273966.469612
DNP,canesm2_rcp85_r1i1p1,FORE-SCE-A1B,72,0.37418404422378615,750680359876.4105,702649215274.911,48031144601.49963,742617408196.341,697833389400.6174,44784018795.723526,760635378242.6366,715775883900.3011,44859494342.33553,1021703499550.2604,971402532032.1799,50300967518.080315,1020423643464.0659,966050995521.801,54372647942.26471
DNP,canesm2_rcp85_r1i1p1,FORE-SCE-A2,72,0.37418404422378615,743475087495.8806,699963503089.8131,43511584406.06767,742489550457.4996,701768297021.3574,40721253436.14247,762697351999.2793,721765252924.7307,40932099074.54832,1016698048769.0355,971004149042.7996,45693899726.23638,1014674224207.5819,965629715075.6072,49044509131.97521
DNP,canesm2_rcp85_r1i1p1,FORE-SCE-B1,72,0.37418404422378615,733119016049.3221,693409182573.9297,39709833475.392525,750255086652.0698,713024128459.163,37230958192.90693,766905634388.7471,729763221685.5059,37142412703.24101,1010343479917.2667,968974872540.5463,41368607376.720314,1008262566245.4865,963586566462.2776,44675999783.20866
DNP,canesm2_rcp85_r1i1p1,GCAM-26,72,0.37418404422378615,794180124133.4551,725191253945.376,68988870188.07918,767750252410.3337,700583506754.1888,67166745656.14479,784026817908.9294,716718410996.82,67308406912.10919,1021972140485.3833,946466539220.305,75505601265.07838,1024598947453.4275,943265009303.5187,81333938149.90889
DNP,canesm2_rcp85_r1i1p1,GCAM-45,72,0.37418404422378615,774851431408.0388,718615136992.4515,56236294415.587494,751824635447.5114,697775211626.0948,54049423821.41628,762310833770.0322,708432294142.044,53878539627.98815,1000684011207.4215,940522694303.402,60161316904.01982,1001502531971.5238,936576211593.1029,64926320378.421005
DNP,canesm2_rcp85_r1i1p1,GCAM-ref,72,0.37418404422378615,759661958971.4731,711318501432.9634,48343457538.50958,737764858726.4,692754857174.598,45010001551.80165,754915036881.2716,710089657140.1293,44825379741.14214,1020515672613.518,970202052506.4537,50313620107.064316,1019452371405.0594,964904509128.1892,54547862276.87021
DNP,canesm2_rcp85_r1i1p1,LUCAS-BAU_High-0001,72,0.37418404422378615,723954229956.5627,688251714459.6592,35702515496.903656,739542828216.8962,706084408782.7584,33458419434.13807,756088741247.6393,722775191854.1365,33313549393.502636,1004026584903.1846,967006710826.4349,37019874076.74977,1001780919250.9144,961562511217.1613,40218408033.7534
DNP,canesm2_rcp85_r1i1p1,LUCAS-BAU_High-0002,72,0.37418404422378615,725283283028.9785,688896331716.0282,36386951312.9505,739932559216.4927,705890484135.9331,34042075080.559456,759386287868.5126,725471984462.4921,33914303406.02063,1004841869944.5369,967138025324.6786,37703844619.85854,1002681827069.1116,961716384230.1124,40965442838.99954
DNP,ccsm4_rcp26_r1i1p1,FORE-SCE-A1B,72,0.3872381457452416,90912731645.65039,52348016684.83579,38564714960.81461,100829016258.50012,63776060223.23073,37052956035.26939,110955764305.57042,74434430085.81506,36521334219.755394,146642697890.77716,107421590100.05263,39221107790.72454,121195017584.00461,99009384480.88042,22185633103.12426
DNP,ccsm4_rcp26_r1i1p1,FORE-SCE-A2,72,0.3872381457452416,91420355972.86601,55992334591.94157,35428021380.92442,98255382869.85559,64774203607.266685,33481179262.588867,108187073917.67798,75033800150.33528,33153273767.342697,142616874837.57745,107365461605.96579,35251413231.61164,119688903466.95752,100054011664.05673,19634891802.900818
DNP,ccsm4_rcp26_r1i1p1,FORE-SCE-B1,72,0.3872381457452416,88320527813.04169,55726350410.325714,32594177402.715977,96031389702.66148,65815742730.99806,30215646971.66339,105724507087.89882,75669852744.32367,30054654343.57515,139466336721.0448,107303202352.41258,32163134368.63224,117587444184.90764,100267956672.85909,17319487512.04851
DNP,ccsm4_rcp26_r1i1p1,GCAM-26,72,0.3872381457452416,106809665333.43924,51772978918.88415,55036686414.555115,113704424362.2205,60699880665.265884,53004543696.95458,125258006468.07068,73200853598.73828,52057152869.33232,151199474093.3984,99366746491.63766,51832727601.760735,123740170462.9833,87277970193.57294,36462200269.41041
DNP,ccsm4_rcp26_r1i1p1,GCAM-45,72,0.3872381457452416,98372212752.04771,53630742155.0419,44741470597.00579,106613840215.66855,62178801050.76909,44435039164.89942,116985397588.99937,73195191839.08461,43790205749.91479,144838913311.25027,100139115119.9594,44699798191.29093,115672802684.29428,88459634992.70097,27213167691.593277
DNP,ccsm4_rcp26_r1i1p1,GCAM-ref,72,0.3872381457452416,91866321984.91458,53971676851.247925,37894645133.66665,99551040722.10251,62676890171.85091,36874150550.25158,110680709299.45389,74400271099.021,36280438200.43289,146641409518.66394,107679427243.05571,38961982275.6082,120942090111.54955,98820812300.78703,22121277810.762566
DNP,ccsm4_rcp26_r1i1p1,LUCAS-BAU_High-0001,72,0.3872381457452416,82734945921.10052,53233944297.344635,29501001623.755898,93913038342.17155,67020985752.08855,26892052590.083008,104785902225.4304,78063642072.08348,26722260153.34694,135808118583.51888,107445731537.03114,28362387046.487694,115707417485.7558,100703317437.21738,15004100048.538443
DNP,ccsm4_rcp26_r1i1p1,LUCAS-BAU_High-0002,72,0.3872381457452416,83108726598.1986,53171802612.10158,29936923986.09704,93859243423.85028,66444264941.46289,27414978482.387367,104933682793.73659,77824795791.72108,27108887002.01548,136388322171.23148,107425333302.739,28962988868.49248,115970303933.7862,100603548132.12491,15366755801.661308
DNP,ccsm4_rcp45_r1i1p1,FORE-SCE-A1B,72,0.4059012992563004,72248024132.58813,28430627434.380074,43817396698.20806,82591945220.0982,40703286116.09871,41888659103.99955,95665009760.27919,54719714492.53642,40945295267.74276,99801147503.83531,56935128169.641685,42866019334.19365,102035560858.82225,52072771081.15873,49962789777.663536
DNP,ccsm4_rcp45_r1i1p1,FORE-SCE-A2,72,0.4059012992563004,68671088752.841354,29111388771.356144,39559699981.485214,80145586157.65677,42749924450.31997,37395661707.33679,94756423800.29584,57976708498.40851,36779715301.88735,94910116351.10431,56907058970.34599,38003057380.758316,96147391285.44278,51901397640.65507,44245993644.78771
DNP,ccsm4_rcp45_r1i1p1,FORE-SCE-B1,72,0.4059012992563004,66339777172.144005,28918948036.63713,37420829135.506874,78067598499.42035,43568018727.006676,34499579772.41369,90762029672.84134,57266394950.64054,33495634722.200783,91887111096.26448,56860545429.216606,35026565667.04786,92523825958.95639,51843765097.78338,40680060861.173
DNP,ccsm4_rcp45_r1i1p1,GCAM-26,72,0.4059012992563004,87517505390.1301,24856466783.603096,62661038606.52699,98857319592.25783,38926103745.15977,59931215847.09802,110977677796.1297,53110267494.799225,57867410301.3305,108123854220.21234,49167080663.83311,58956773556.379196,122406769517.86354,46679796889.47092,75726972628.39265
DNP,ccsm4_rcp45_r1i1p1,GCAM-45,72,0.4059012992563004,80625841205.60747,28678066207.53168,51947774998.07575,89461918461.37428,38923406093.50153,50538512367.87275,104294380220.92653,54939627096.38157,49354753124.54496,101215804451.79681,50118104592.78965,51097699859.00718,106232277134.28117,46135334779.69793,60096942354.58326
DNP,ccsm4_rcp45_r1i1p1,GCAM-ref,72,0.4059012992563004,72738431100.93465,28391811275.088833,44346619825.84582,82949511171.52281,40344452670.06857,42605058501.45425,97685920144.68939,56148734201.10597,41537185943.58341,100704165085.94217,57136302387.016106,43567862698.9261,102835561500.3799,52022861171.46512,50812700328.91479
DNP,ccsm4_rcp45_r1i1p1,LUCAS-BAU_High-0001,72,0.4059012992563004,66042954965.59462,31111398990.616386,34931555974.97824,76974221658.48625,45587595463.15515,31386626195.331127,92291284076.08472,61675733511.88779,30615550564.19696,88548430822.57391,56987341939.91263,31561088882.66128,88649858358.44034,51885062256.36151,36764796102.07882
DNP,ccsm4_rcp45_r1i1p1,LUCAS-BAU_High-0002,72,0.4059012992563004,66306379342.47243,31138609577.413403,35167769765.05906,77244389765.25801,45318978914.6319,31925410850.626095,91715833803.3427,60888715424.28646,30827118379.05623,89178324989.12431,56958057371.74823,32220267617.37609,89405679747.77911,51887909044.35191,37517770703.427216
DNP,ccsm4_rcp60_r1i1p1,FORE-SCE-A1B,72,0.3963157876172088,80059614550.224,47463324068.940384,32596290481.283627,92370759971.17743,61312395596.42759,31058364374.749832,107823654124.17694,78858029332.56529,28965624791.611652,125484103493.59396,97949772521.63693,27534330971.95704,138501426543.80032,99794166781.84482,38707259761.955475
DNP,ccsm4_rcp60_r1i1p1,FORE-SCE-A2,72,0.3963157876172088,76592580897.63243,46978268279.49,29614312618.142426,93444825056.33446,65909034535.74854,27535790520.585888,109362719467.94574,83485767287.275,25876952180.670715,123492273626.31082,99053973176.94786,24438300449.362965,133881231435.14462,99997136355.31673,33884095079.827877
DNP,ccsm4_rcp60_r1i1p1,FORE-SCE-B1,72,0.3963157876172088,73585127646.14714,46343442403.53908,27241685242.608063,92650224990.40457,67348077324.04648,25302147666.35808,110029755295.25102,86504184568.243,23525570727.008038,120775843188.97475,98727713569.67616,22048129619.29858,130720767226.85487,99630469840.17363,31090297386.681232
DNP,ccsm4_rcp60_r1i1p1,GCAM-26,72,0.3963157876172088,93779480092.75102,46483968033.877914,47295512058.873146,104682163204.99709,58796044787.48436,45886118417.51275,117231803244.5479,74127914383.28325,43103888861.26462,143682730613.3723,101406942526.74762,42275788086.62472,166669507777.32593,105056952330.24857,61612555447.07738
DNP,ccsm4_rcp60_r1i1p1,GCAM-45,72,0.3963157876172088,87192759064.46423,48608269242.589294,38584489821.87492,96782263144.30334,59054328086.0309,37727935058.27242,112510514614.20435,77379657843.52838,35130856770.675995,136924785316.71829,103055928500.27937,33868856816.438915,152655732195.1756,104779851463.6545,47875880731.52115
DNP,ccsm4_rcp60_r1i1p1,GCAM-ref,72,0.3963157876172088,79652858083.86113,47130454188.35112,32522403895.51001,93499579173.64963,61779607487.43874,31719971686.210876,110632793384.56482,81510440355.00046,29122353029.564365,125084260764.48804,97518290940.41498,27565969824.073048,139338147177.51456,99463690570.53416,39874456606.98041
DNP,ccsm4_rcp60_r1i1p1,LUCAS-BAU_High-0001,72,0.3963157876172088,80057141095.07668,54922111919.356,25135029175.72067,93034992450.47864,70114395329.47318,22920597121.005432,111395762644.16573,90271926070.34064,21123836573.825104,118121022140.12582,98607681483.59454,19513340656.531277,127447115140.20831,99428717906.57454,28018397233.63373
DNP,ccsm4_rcp60_r1i1p1,LUCAS-BAU_High-0002,72,0.3963157876172088,71590700457.71274,46005104990.884514,25585595466.82823,90533686018.80095,67155478579.48124,23378207439.31969,107805675462.3677,86230583126.77444,21575092335.59321,118539481288.15308,98560407436.04568,19979073852.10736,128066945770.0689,99417114681.9664,28649831088.102493
DNP,ccsm4_rcp85_r1i1p1,FORE-SCE-A1B,72,0.4075133754469799,167723728350.30698,119612425985.5176,48111302364.78939,182975614842.69632,136740091845.49088,46235522997.20543,204264851199.8322,159537739749.239,44727111450.59322,176924082667.8189,132967018757.27615,43957063910.5427,182837788932.93933,130409260416.05066,52428528516.88867
DNP,ccsm4_rcp85_r1i1p1,FORE-SCE-A2,72,0.4075133754469799,166886853506.847,123257262660.35272,43629590846.49422,181623014005.38794,139989205228.47418,41633808776.91375,204609924830.08203,164256172972.08038,40353751858.001656,172229383671.41354,132686568359.20015,39542815312.21333,176770681488.0095,130014299943.83073,46756381544.17872
DNP,ccsm4_rcp85_r1i1p1,FORE-SCE-B1,72,0.4075133754469799,161901931645.15588,121602258844.38753,40299672800.768364,180381832059.987,142018992307.80072,38362839752.18629,203408909272.94632,166684195203.65268,36724714069.29365,167194005961.78488,131168210125.62117,36025795836.163666,171248647983.63165,128420240880.74976,42828407102.88185
DNP,ccsm4_rcp85_r1i1p1,GCAM-26,72,0.4075133754469799,181853078894.41782,112912693855.27757,68940385039.14027,202511273519.0115,135493898980.47397,67017374538.53756,224158229507.31473,158555610693.81604,65602618813.498695,195124697638.94263,131499250343.20692,63625447295.7358,210138169916.9809,130621706857.04088,79516463059.9401
DNP,ccsm4_rcp85_r1i1p1,GCAM-45,72,0.4075133754469799,172315289210.07703,116138986991.52715,56176302218.54989,191623546779.28842,136009489942.77869,55614056836.50977,210538146017.037,156588298666.44,53949847350.59697,181318652367.22018,129098045190.23903,52220607176.98113,190033517260.11972,127390708465.86288,62642808794.25689
DNP,ccsm4_rcp85_r1i1p1,GCAM-ref,72,0.4075133754469799,166544549811.06702,118941679145.11536,47602870665.95169,184039879493.7964,137482569763.79797,46557309729.998436,201204639146.69934,156559895176.06616,44644743970.63323,176022702126.69995,132098734951.2561,43923967175.44391,182314837591.93768,129539496334.79465,52775341257.14305
DNP,ccsm4_rcp85_r1i1p1,LUCAS-BAU_High-0001,72,0.4075133754469799,164849802672.22562,127121745680.80492,37728056991.42068,177645520894.9582,143323304962.25708,34322215932.70107,205363861837.0649,172630080185.63184,32733781651.433075,161813908306.38016,129705262660.13905,32108645646.241135,165089585836.21414,126896450048.0642,38193135788.14994
DNP,ccsm4_rcp85_r1i1p1,LUCAS-BAU_High-0002,72,0.4075133754469799,158286550622.65155,120542427664.38045,37744122958.27111,176990254915.81155,141978634542.94705,35011620372.86453,203182537784.63434,169777007581.375,33405530203.259323,162696208739.72003,129909473389.8992,32786735349.820847,166039585608.35898,127041874788.16092,38997710820.19808
DNP,cesm1-bgc_rcp45_r1i1p1,FORE-SCE-A1B,72,0.3811507696646891,110004699378.12984,72941555501.77768,37063143876.35217,126042251331.89061,90224761356.82857,35817489975.06204,133685432618.31277,97240343053.63068,36445089564.68206,163336709543.00302,125574062355.80165,37762647187.20138,166774142615.68213,123393496299.39952,43380646316.28262
DNP,cesm1-bgc_rcp45_r1i1p1,FORE-SCE-A2,72,0.3811507696646891,110405298899.41914,76243463654.28464,34161835245.134495,123707478409.01352,91352581986.1495,32354896422.864006,133197766699.0675,100452682689.64122,32745084009.42627,159317159409.05005,125128217495.8465,34188941913.203476,161757679389.66122,122933037305.75862,38824642083.90253
DNP,cesm1-bgc_rcp45_r1i1p1,FORE-SCE-B1,72,0.3811507696646891,106922761337.51083,75932244126.07074,30990517211.44014,122987105145.43367,93700474482.13083,29286630663.30284,134416874309.91972,104715273750.07036,29701600559.849377,155754752115.3363,124730405978.70757,31024346136.62876,158130537813.478,122765048260.55501,35365489552.92301
DNP,cesm1-bgc_rcp45_r1i1p1,GCAM-26,72,0.3811507696646891,129418652576.38841,75495986300.98466,53922666275.40375,142337982844.1962,89944599816.4875,52393383027.70864,148153390673.41946,95265575028.74506,52887815644.6744,175057403145.42853,121155281411.95535,53902121733.47313,183308017802.79797,117438815986.12773,65869201816.67015
DNP,cesm1-bgc_rcp45_r1i1p1,GCAM-45,72,0.3811507696646891,119455011794.42914,75183641897.17653,44271369897.25263,132680181472.04744,89522449983.4824,43157731488.565,139389454362.22375,95554848962.11803,43834605400.10574,164118899429.62296,119233068539.82715,44885830889.79586,168225656258.60712,116212471953.60527,52013184305.001884
DNP,cesm1-bgc_rcp45_r1i1p1,GCAM-ref,72,0.3811507696646891,110082347155.96521,73079497885.5352,37002849270.43,125591558991.07831,89930928043.15852,35660630947.91979,133127159697.40666,96889898772.00334,36237260925.40327,163110420793.6977,125645767205.67885,37464653588.01887,167014138402.55988,123485521303.46098,43528617099.09888
DNP,cesm1-bgc_rcp45_r1i1p1,LUCAS-BAU_High-0001,72,0.3811507696646891,107394663369.5529,79207682342.41013,28186981027.14276,120659727272.13017,94544214586.21977,26115512685.9104,134025949577.19948,107451517711.28708,26574431865.9124,152042191036.8988,124511206029.96727,27530985006.931496,154136099718.7406,122520306701.00148,31615793017.73906
DNP,cesm1-bgc_rcp45_r1i1p1,LUCAS-BAU_High-0002,72,0.3811507696646891,104832829753.63428,76073851499.5612,28758978254.07308,119957654549.0352,93298026481.79971,26659628067.23553,132192506020.86584,105089911330.63347,27102594690.232357,152649651222.2071,124543853016.78786,28105798205.419228,154833071463.45197,122564870705.0004,32268200758.45154
DNP,cesm1-bgc_rcp85_r1i1p1,FORE-SCE-A1B,72,0.3747473509912517,137215802678.67186,100143706839.94235,37072095838.72951,150615183384.40967,115890303694.6677,34724879689.742004,148273502842.7092,111262180616.49716,37011322226.21203,244431952914.93082,201256721717.7306,43175231197.200226,214963836742.57556,197169496263.35785,17794340479.217655
DNP,cesm1-bgc_rcp85_r1i1p1,FORE-SCE-A2,72,0.3747473509912517,138930071937.65347,106007906170.1715,32922165767.481945,147971804458.2259,117072662106.86401,30899142351.36194,143044647455.5048,110410833229.84961,32633814225.655163,239021988905.02292,200760355225.30035,38261633679.722595,211455490594.53302,196255136059.65405,15200354534.87901
DNP,cesm1-bgc_rcp85_r1i1p1,FORE-SCE-B1,72,0.3747473509912517,134429894810.84743,104025954293.16528,30403940517.682133,147486285133.9456,118794794753.38843,28691490380.557133,141985439185.04895,111629713545.50809,30355725639.540886,234636166555.63184,199421870260.76898,35214296294.86282,208502988283.98358,194756786292.54437,13746201991.43928
DNP,cesm1-bgc_rcp85_r1i1p1,GCAM-26,72,0.3747473509912517,159287962754.236,105612165648.48782,53675797105.74812,170276473770.41263,118908340706.70226,51368133063.7104,168611026048.75427,114410471917.3242,54200554131.43008,304559407661.48096,241248207394.34058,63311200267.14031,237054595839.91837,207330326323.1903,29724269516.72809
DNP,cesm1-bgc_rcp85_r1i1p1,GCAM-45,72,0.3747473509912517,145491843411.1738,102664974366.19818,42826869044.97561,159600737069.48593,117795662895.13304,41805074174.35286,156981922422.96893,112957775925.16351,44024146497.80547,289336406953.49536,237727959707.0125,51608447246.482796,228027434970.12076,206143658679.6634,21883776290.45735
DNP,cesm1-bgc_rcp85_r1i1p1,GCAM-ref,72,0.3747473509912517,136563706352.92906,99408006142.6357,37155700210.29338,150498433627.68912,115531614787.18837,34966818840.50076,148001115579.14038,110818790221.32608,37182325357.81428,243995001457.67493,200759178300.3868,43235823157.28815,214779311845.58878,196751235898.43228,18028075947.156475
DNP,cesm1-bgc_rcp85_r1i1p1,LUCAS-BAU_High-0001,72,0.3747473509912517,128966022556.50308,101792861307.15907,27173161249.344048,144717140802.33844,119101218762.75801,25615922039.580425,140816605277.7886,113637787586.77144,27178817691.01714,229262187991.53223,197890474357.03534,31371713634.496876,204881901245.9681,192989101278.90952,11892799967.058716
DNP,cesm1-bgc_rcp85_r1i1p1,LUCAS-BAU_High-0002,72,0.3747473509912517,129826654831.47995,102018162180.07205,27808492651.407898,144360374899.87943,118194566199.32756,26165808700.55191,140811359828.81546,113039167769.67021,27772192059.14521,230076449380.38965,198005216316.4262,32071233063.963448,205402481733.7365,193167362482.19882,12235119251.537653
DNP,cesm1-cam5_rcp26_r1i1p1,FORE-SCE-A1B,72,0.38765072796459193,117334963474.93712,80273708262.90402,37061255212.03313,123339595693.27657,88194209546.82072,35145386146.45583,142243185818.7061,104027529885.29266,38215655933.41338,145431400575.2246,106499839865.7036,38931560709.52108,146012381363.06744,106144031005.5814,39868350357.48612
DNP,cesm1-cam5_rcp26_r1i1p1,FORE-SCE-A2,72,0.38765072796459193,113195608901.15338,80006949411.17917,33188659489.97422,120783280514.35162,89321201928.575,31462078585.77659,141094361670.5104,106772035370.72852,34322326299.781956,141777754063.06412,106961641731.5354,34816112331.52867,142155158628.3458,106606369622.67886,35548789005.66688
DNP,cesm1-cam5_rcp26_r1i1p1,FORE-SCE-B1,72,0.38765072796459193,110178832298.35915,79895846317.47806,30282985980.881077,118249971042.72275,89587595925.77325,28662375116.949524,137469824346.83096,106196758567.55672,31273065779.2742,138700556740.67102,107025674990.96696,31674881749.704052,138987373848.3942,106669662793.20741,32317711055.18678
DNP,cesm1-cam5_rcp26_r1i1p1,GCAM-26,72,0.38765072796459193,135665875463.70554,79602039135.1145,56063836328.59106,140673219060.15656,88234749893.93933,52438469166.217224,160868894435.11758,104274118140.74045,56594776294.37706,155576714896.53256,98265890101.15714,57310824795.3754,158469203825.0481,97196247102.15036,61272956722.89772
DNP,cesm1-cam5_rcp26_r1i1p1,GCAM-45,72,0.38765072796459193,123106410371.04239,78285299876.3153,44821110494.72705,129990565866.7297,87510417614.55672,42480148252.17302,150281198245.6397,104233975592.53601,46047222653.10364,144848397944.22205,98232637867.48257,46615760076.73946,145955149578.90997,97882838582.75674,48072310996.15319
DNP,cesm1-cam5_rcp26_r1i1p1,GCAM-ref,72,0.38765072796459193,115510447496.38205,78490115138.24542,37020332358.13662,122701064301.01385,87720951176.23232,34980113124.78153,142138493516.35626,103985843112.02148,38152650404.33479,145239159931.42026,106356983375.7742,38882176555.64603,145880568090.65213,106004247392.4183,39876320698.233795
DNP,cesm1-cam5_rcp26_r1i1p1,LUCAS-BAU_High-0001,72,0.38765072796459193,109521854077.09125,82532884124.16849,26988969952.92272,115603849629.94519,90162131025.24373,25441718604.70147,135652557654.16295,107837454843.29099,27815102810.87196,135745553039.84143,107678551626.16167,28067001413.679825,136039183620.47165,107321925767.68391,28717257852.787766
DNP,cesm1-cam5_rcp26_r1i1p1,LUCAS-BAU_High-0002,72,0.38765072796459193,108125637231.20374,80578026875.0044,27547610356.199345,115743913710.52335,89770376792.04543,25973536918.477894,135077502312.29453,106694408331.04913,28383093981.24538,136258653513.61923,107581771817.88568,28676881695.73355,136559603040.48413,107226175666.44177,29333427374.04235
DNP,cesm1-cam5_rcp45_r1i1p1,FORE-SCE-A1B,72,0.40925196988488766,66403259619.34084,25002639473.043293,41400620146.297554,75071657167.31409,32840312373.543594,42231344793.77049,82172991150.88043,45114883912.60266,37058107238.2778,60226082391.71827,24182922509.8034,36043159881.91488,75447940059.67694,22691355195.984505,52756584863.69243
DNP,cesm1-cam5_rcp45_r1i1p1,FORE-SCE-A2,72,0.40925196988488766,63365035742.46843,24783306193.7057,38581729548.7627,70941249203.96858,33445573170.638103,37495676033.33048,78392810313.59116,45609776361.42741,32783033952.16375,55993602334.32057,24035374470.135098,31958227864.18547,69217330082.68285,22307064905.343224,46910265177.33961
DNP,cesm1-cam5_rcp45_r1i1p1,FORE-SCE-B1,72,0.40925196988488766,62478476250.2172,25240870954.715202,37237605295.502014,68332317003.94116,33643647103.917683,34688669900.023476,76427145863.39017,46327753530.51245,30099392332.877693,53473373702.06903,24148104579.873684,29325269122.19534,65500262682.53006,22360724776.18152,43139537906.348564
DNP,cesm1-cam5_rcp45_r1i1p1,GCAM-26,72,0.40925196988488766,85064693152.01045,26855906175.902866,58208786976.10761,89319032763.46056,29845138124.41224,59473894639.04827,95883600656.67035,42245148679.409096,53638451977.26125,75074088384.42853,23517829376.22913,51556259008.19939,102911007312.05743,23380228746.279026,79530778565.7784
DNP,cesm1-cam5_rcp45_r1i1p1,GCAM-45,72,0.40925196988488766,72649650905.47852,24701324018.83504,47948326886.64349,80377721029.74316,29998761442.62153,50378959587.12164,87480479288.38051,42418894015.06443,45061585273.31607,66579910651.62999,23014198342.581306,43565712309.04866,85638077946.12463,22658213608.52959,62979864337.59502
DNP,cesm1-cam5_rcp45_r1i1p1,GCAM-ref,72,0.40925196988488766,66869613006.358154,24636573664.518932,42233039341.83923,73148766637.85011,30002556400.40614,43146210237.44396,80526586700.4379,42643970536.77963,37882616163.658195,61018754177.08243,24168934005.59835,36849820171.48409,76171809120.12689,22679151355.352142,53492657764.77475
DNP,cesm1-cam5_rcp45_r1i1p1,LUCAS-BAU_High-0001,72,0.40925196988488766,60852782169.993706,26355442357.832237,34497339812.16149,65781180926.759575,34421678358.289604,31359502568.469963,77199296136.06018,50186063195.83557,27013232940.22462,50090667034.523964,23782419477.637074,26308247556.886864,60617449355.35437,21886983520.508595,38730465834.84578
DNP,cesm1-cam5_rcp45_r1i1p1,LUCAS-BAU_High-0002,72,0.40925196988488766,61425034595.06714,26536244666.638668,34888789928.42849,66367243384.05685,34432761173.63233,31934482210.42451,77753725421.05437,50178973576.47701,27574751844.57736,50659423658.34822,23812220409.26369,26847203249.08453,61489457673.5588,21943668809.039276,39545788864.519485
DNP,cesm1-cam5_rcp60_r1i1p1,FORE-SCE-A1B,72,0.39811548059149093,175170050594.49866,127828513329.92944,47341537264.5692,175680831427.83643,129717644628.03154,45963186799.80493,187844164077.25067,141751818061.64304,46092346015.60767,206511904708.61066,158610124458.72903,47901780249.88164,208709149057.7565,155511615210.91623,53197533846.84032
DNP,cesm1-cam5_rcp60_r1i1p1,FORE-SCE-A2,72,0.39811548059149093,175854606438.3511,132935466541.34518,42919139897.00592,170775502069.30704,129644713141.8712,41130788927.435776,184363418182.65353,142988855076.02112,41374563106.63244,202414855419.0254,159567530758.81766,42847324660.207664,203965827514.06702,156335784501.52493,47630043012.541985
DNP,cesm1-cam5_rcp60_r1i1p1,FORE-SCE-B1,72,0.39811548059149093,172776030218.2332,133183516392.0018,39592513826.23133,167537354159.46005,129583876422.83932,37953477736.62072,183311573886.42737,145045741677.74716,38265832208.68022,199763275405.7452,160142642011.63284,39620633394.1124,199725604602.108,156134345405.2696,43591259196.8384
DNP,cesm1-cam5_rcp60_r1i1p1,GCAM-26,72,0.39811548059149093,194821371076.5457,125559217659.5111,69262153417.0346,198920235433.0803,132605432836.7554,66314802596.32488,206476225042.52536,139928685831.43256,66547539211.09278,217705437632.2045,150891148978.792,66814288653.41247,231510716484.57837,151959843756.79874,79550872727.7796
DNP,cesm1-cam5_rcp60_r1i1p1,GCAM-45,72,0.39811548059149093,181406984203.9265,125284381184.49544,56122603019.4311,184939848395.24017,130321147300.18726,54618701095.05299,196744429856.5854,141597942397.2531,55146487459.33235,208216284684.95947,151908946609.44583,56307338075.51362,214213977321.83273,151020824724.94138,63193152596.89129
DNP,cesm1-cam5_rcp60_r1i1p1,GCAM-ref,72,0.39811548059149093,175410038350.69626,127857796197.93945,47552242152.75675,176211308908.83072,130116336845.96678,46094972062.86391,190667526752.45847,144327471467.4497,46340055285.00879,207474023634.53308,159187304697.31616,48286718937.217,208732509628.98016,155204934868.12778,53527574760.85239
DNP,cesm1-cam5_rcp60_r1i1p1,LUCAS-BAU_High-0001,72,0.39811548059149093,170203843274.41418,134565891912.9785,35637951361.43571,163412534057.40305,129512537051.07384,33899997006.329098,179884291621.55136,145818765736.88458,34065525884.6668,195664790592.8233,160470469298.15353,35194321294.669815,194941663320.36273,155893655603.7121,39048007716.650696
DNP,cesm1-cam5_rcp60_r1i1p1,LUCAS-BAU_High-0002,72,0.39811548059149093,169452021176.30417,133298720466.55145,36153300709.75268,164510164516.0762,129988306044.17207,34521858471.90414,180652751949.91507,145919427748.38956,34733324201.52545,196304792657.1839,160359805958.79974,35944986698.38414,195680256317.5267,155846174786.1599,39834081531.36673
DNP,cesm1-cam5_rcp85_r1i1p1,FORE-SCE-A1B,72,0.3875015067550356,276942443139.73114,224817279553.73517,52125163585.99593,302014342490.56445,251738670458.75153,50275672031.812996,284369590465.6524,230259302161.04236,54110288304.610054,405040114809.7313,348261806858.32275,56778307951.40862,405094004299.6051,348165302246.4578,56928702053.1474
DNP,cesm1-cam5_rcp85_r1i1p1,FORE-SCE-A2,72,0.3875015067550356,270324880514.39792,223269531800.29694,47055348714.100845,301560755584.0474,256098947349.95474,45461808234.09266,285174086332.844,236224464685.97855,48949621646.86539,398931206540.4834,347750503250.41766,51180703290.065674,398979488760.5442,347653019071.31476,51326469689.22931
DNP,cesm1-cam5_rcp85_r1i1p1,FORE-SCE-B1,72,0.3875015067550356,263830218390.9016,221118589483.71692,42711628907.18467,298872322598.5396,257193828059.76154,41678494538.77799,283245182722.28705,238575755906.74487,44669426815.542175,393662053770.2901,347006823098.7317,46655230671.55838,393662053770.2901,347006823098.7317,46655230671.55838
DNP,cesm1-cam5_rcp85_r1i1p1,GCAM-26,72,0.3875015067550356,303098761662.45197,225113094800.51688,77985666861.93506,324770351434.84717,250811312794.33658,73959038640.51065,314726139133.3861,235496016473.03983,79230122660.34627,416523600362.1927,333328602234.04846,83194998128.14441,418434092858.05396,332246977503.5486,86187115354.50551
DNP,cesm1-cam5_rcp85_r1i1p1,GCAM-45,72,0.3875015067550356,287246964301.9585,225201539366.8403,62045424935.11819,310600931216.6327,250505127275.25964,60095803941.37296,298287627897.209,233929895164.98737,64357732732.22163,396907375438.7739,329390121384.63025,67517254054.143585,397324156884.40247,329239792874.2816,68084364010.12081
DNP,cesm1-cam5_rcp85_r1i1p1,GCAM-ref,72,0.3875015067550356,273384861987.92297,221696022660.0043,51688839327.91868,299524397478.02124,249787621578.93616,49736775899.08517,285733671987.36926,232045777366.1522,53687894621.21703,404621580425.0207,348164316644.4445,56457263780.57623,404662873696.7577,348065549974.24634,56597323722.51137
DNP,cesm1-cam5_rcp85_r1i1p1,LUCAS-BAU_High-0001,72,0.3875015067550356,256410407373.94562,218666968315.0517,37743439058.89397,295095301977.3959,258315252022.68915,36780049954.70664,280551579960.826,241000181596.42712,39551398364.39883,387429516300.5175,346138931462.06085,41290584838.4568,387429516300.5175,346138931462.06085,41290584838.4568
DNP,cesm1-cam5_rcp85_r1i1p1,LUCAS-BAU_High-0002,72,0.3875015067550356,257528287946.64926,218990584981.32227,38537702965.32697,295457596274.66974,257897334406.55435,37560261868.115326,281605219631.1645,241239524860.1598,40365694771.00464,388414338903.68414,346259899824.6938,42154439078.990425,388414338903.68414,346259899824.6938,42154439078.990425
DNP,cmcc-cm_rcp45_r1i1p1,FORE-SCE-A1B,72,0.447703773090641,33028114234.452164,1024206825.4857439,32003907408.966423,36610825499.11452,3412142337.6575685,33198683161.456955,36030497273.08288,10202516597.02181,25827980676.061092,42322888237.13336,17631210267.295773,24691677969.837593,58937052954.040764,3461010990.497173,55476041963.54358
DNP,cmcc-cm_rcp45_r1i1p1,FORE-SCE-A2,72,0.447703773090641,29848779777.94477,1006022121.5577496,28842757656.38702,32625465821.301514,3390712007.912073,29234753813.389442,33829205735.60426,11233448059.23928,22595757676.364983,39159979570.301865,17643429438.16063,21516550132.141224,52422400270.10039,3330857914.2289233,49091542355.87147
DNP,cmcc-cm_rcp45_r1i1p1,FORE-SCE-B1,72,0.447703773090641,27693189120.344807,898249788.8515668,26794939331.493237,29335792764.31552,2884390379.342128,26451402384.973396,30292490327.84314,10024095825.401657,20268394502.441475,36058573224.0892,16908215328.956001,19150357895.1332,47722243337.72871,3266506854.4053116,44455736483.32341
DNP,cmcc-cm_rcp45_r1i1p1,GCAM-26,72,0.447703773090641,56105092033.03674,7098009506.628276,49007082526.40847,57238552861.13005,5279187512.940264,51959365348.18979,52995145016.08743,9075469190.519962,43919675825.56747,58253086494.94739,15187457847.804447,43065628647.14294,91846972481.22232,3748586391.212691,88098386090.0096
DNP,cmcc-cm_rcp45_r1i1p1,GCAM-45,72,0.447703773090641,45247984850.525085,7219911685.177267,38028073165.34782,44495528473.316444,3626610892.1199884,40868917581.19646,43552437454.747444,10754616008.26161,32797821446.485847,49994506304.91756,18284322764.703114,31710183540.21444,71727363732.75002,3551920282.3927946,68175443450.35722
DNP,cmcc-cm_rcp45_r1i1p1,GCAM-ref,72,0.447703773090641,32814013153.7538,950327419.7073302,31863685734.046467,36360732500.30143,3324291298.4686794,33036441201.832756,36155721107.66079,10411699204.162743,25744021903.49805,42686628448.80879,18116171555.815323,24570456892.993454,58932547605.3486,3455630897.040551,55476916708.308044
DNP,cmcc-cm_rcp45_r1i1p1,LUCAS-BAU_High-0001,72,0.447703773090641,24949509213.25508,791157434.3938107,24158351778.861267,26148727535.9226,2763105756.6757693,23385621779.24683,28105898957.344467,10307912432.993599,17797986524.35088,34191729311.855087,17566108994.13925,16625620317.715832,42260385030.18778,3216108542.5928626,39044276487.594925
DNP,cmcc-cm_rcp45_r1i1p1,LUCAS-BAU_High-0002,72,0.447703773090641,25380538138.44733,797395563.3301659,24583142575.11717,26688486201.420036,2770041130.3029165,23918445071.11712,28515737818.91916,10288842382.477194,18226895436.441956,34575814487.81414,17534478534.011112,17041335953.803032,43167107254.11955,3227979632.794395,39939127621.32514
DNP,cmcc-cm_rcp85_r1i1p1,FORE-SCE-A1B,72,0.41632970203557107,46501623065.36093,3036746767.696475,43464876297.66445,45091482149.672264,575859062.8697653,44515623086.8025,40677394780.214645,5220502255.117064,35456892525.097595,40346487746.863464,5160620903.255333,35185866843.60814,68646490791.09029,4769589768.342948,63876901022.74733
DNP,cmcc-cm_rcp85_r1i1p1,FORE-SCE-A2,72,0.41632970203557107,43529405986.67331,3060007405.053672,40469398581.61963,41108562989.02367,594402876.5536766,40514160112.469986,37552421034.83936,5441485865.179914,32110935169.659443,37004010535.95032,5042525580.069148,31961484955.881172,62409743519.00364,4605366302.769371,57804377216.23427
DNP,cmcc-cm_rcp85_r1i1p1,FORE-SCE-B1,72,0.41632970203557107,40943112378.532265,3564447023.3912997,37378665355.140976,37056722951.962776,629730362.8948671,36426992589.06791,34386920489.68087,5831250745.092004,28555669744.58886,33343497328.12483,5077094960.940721,28266402367.184116,56420323206.99071,4519235246.591027,51901087960.39967
DNP,cmcc-cm_rcp85_r1i1p1,GCAM-26,72,0.41632970203557107,63749754620.814865,896226446.0635269,62853528174.75134,64593602933.387596,724199425.0985992,63869403508.288994,60352768651.45015,4779802859.557436,55572965791.89271,61511439273.15772,4757559090.532177,56753880182.62554,104837145369.31816,5650764210.9784565,99186381158.33969
DNP,cmcc-cm_rcp85_r1i1p1,GCAM-45,72,0.41632970203557107,51202507138.72242,653692944.5462548,50548814194.17616,53499752137.42729,365692410.4583061,53134059726.968994,48259344881.90085,4436180868.484068,43823164013.41677,49942678493.28118,5953912498.035592,43988765995.245605,82919718606.6719,5116143068.879027,77803575537.79291
DNP,cmcc-cm_rcp85_r1i1p1,GCAM-ref,72,0.41632970203557107,43654318067.79479,1126901777.7387693,42527416290.05603,44158967201.56306,327127938.72122586,43831839262.841835,39230860917.37911,4456891798.864989,34773969118.51412,39609778646.974236,5151328229.243264,34458450417.73095,67996609311.59594,4804388071.173496,63192221240.42244
DNP,cmcc-cm_rcp85_r1i1p1,LUCAS-BAU_High-0001,72,0.41632970203557107,37521052333.67881,3026962299.0582385,34494090034.620575,33270405000.228592,1242458480.7102954,32027946519.518303,30046647732.289158,5274308517.712414,24772339214.576748,29226678515.690403,4914519016.15462,24312159499.535786,50012185810.16656,4361580546.660331,45650605263.50623
DNP,cmcc-cm_rcp85_r1i1p1,LUCAS-BAU_High-0002,72,0.41632970203557107,37970323179.335526,3028300787.6571918,34942022391.67834,33573512411.066883,966654968.1202013,32606857442.946686,30901181026.00949,5564079601.528937,25337101424.480556,29833472924.98001,4942323750.352744,24891149174.62727,50963596918.637085,4383563896.164429,46580033022.47266
DNP,cnrm-cm5_rcp45_r1i1p1,FORE-SCE-A1B,72,0.3641048198732435,130807581170.91576,95137438045.63945,35670143125.27627,159592589710.82538,124544793810.86983,35047795899.95563,157342645869.25577,119084354818.47444,38258291050.78137,229730205860.5432,190830403754.83884,38899802105.7044,229424387793.88452,190402774451.0309,39021613342.853645
DNP,cnrm-cm5_rcp45_r1i1p1,FORE-SCE-A2,72,0.3641048198732435,128065110621.50484,96127947118.50653,31937163502.9983,161693723521.70956,130115192042.47217,31578531479.23742,158829129248.90033,124421882203.81047,34407247045.089806,226759558650.8967,191959860630.36502,34799698020.53173,226430813281.9187,191517377312.26898,34913435969.6498
DNP,cnrm-cm5_rcp45_r1i1p1,FORE-SCE-B1,72,0.3641048198732435,126872179805.21466,97634349702.26442,29237830102.950214,160027651750.77084,130921527231.76321,29106124519.00765,156461066718.16995,124935334002.53261,31525732715.637352,222948971878.60742,191105837407.1572,31843134471.450264,222948971878.60742,191105837407.1572,31843134471.450264
DNP,cnrm-cm5_rcp45_r1i1p1,GCAM-26,72,0.3641048198732435,147269403831.9983,93382012546.83716,53887391285.16112,172076658380.47778,121125103689.2717,50951554691.20608,178670851094.29367,121384725233.13092,57286125861.16272,230492203007.22638,172714987528.26978,57777215478.95668,230686648177.2226,171316531469.12723,59370116708.095505
DNP,cnrm-cm5_rcp45_r1i1p1,GCAM-45,72,0.3641048198732435,136734636736.40593,93998482209.78105,42736154526.624855,165643887394.09158,123777644987.40404,41866242406.68754,166739241108.66922,120641061815.97818,46098179292.69099,217277246047.96826,170855593011.2694,46421653036.69891,217202917946.82422,170557606242.61542,46645311704.2088
DNP,cnrm-cm5_rcp45_r1i1p1,GCAM-ref,72,0.3641048198732435,131682366004.79956,95767354161.73508,35915011843.06452,158393094394.7472,123307699185.13438,35085395209.61273,156533669568.79745,118127082146.78317,38406587422.01425,229321542103.4992,190196479601.30978,39125062502.18935,229011988509.51837,189766570995.90836,39245417513.60991
DNP,cnrm-cm5_rcp45_r1i1p1,LUCAS-BAU_High-0001,72,0.3641048198732435,125326565912.26595,99206444750.38109,26120121161.88487,157897229444.4237,131890965285.78284,26006264158.640926,154700465145.07346,126486249344.78714,28214215800.28631,219239675470.2651,190895107373.9547,28344568096.310326,219239675470.2651,190895107373.9547,28344568096.310326
DNP,cnrm-cm5_rcp45_r1i1p1,LUCAS-BAU_High-0002,72,0.3641048198732435,123424740114.15341,96832189271.09207,26592550843.061363,158071921450.21127,131579177917.94824,26492743532.263027,153181020817.2236,124422661602.93138,28758359214.292137,219715754550.9642,190784790680.97272,28930963869.991505,219715754550.9642,190784790680.97272,28930963869.991505
DNP,cnrm-cm5_rcp85_r1i1p1,FORE-SCE-A1B,72,0.37477037466891056,399051316620.9819,353361110959.9023,45690205661.079575,403796101523.2704,358778620228.2204,45017481295.050186,397355448789.3006,352687499733.28534,44667949056.0151,668204268719.0503,617074159801.3751,51130108917.67495,668525237457.6299,617074159801.3751,51451077656.25454
DNP,cnrm-cm5_rcp85_r1i1p1,FORE-SCE-A2,72,0.37477037466891056,392481298415.1898,351560240262.1375,40921058153.05236,406362150692.30304,365869854045.51636,40492296646.78673,397561326068.8412,357464344138.3654,40096981930.47573,662115280917.5778,616455266344.55,45660014573.02754,662430232177.2902,616455266344.55,45974965832.73998
DNP,cnrm-cm5_rcp85_r1i1p1,FORE-SCE-B1,72,0.37477037466891056,384836408500.4174,347577154564.26404,37259253936.153404,408068612787.30304,370752213172.119,37316399615.18406,398706977818.053,361678408292.8618,37028569525.191185,655343742513.2515,614205438971.9149,41138303541.336655,655621337901.117,614205438971.9149,41415898929.20216
DNP,cnrm-cm5_rcp85_r1i1p1,GCAM-26,72,0.37477037466891056,430724137821.0615,360431787034.2205,70292350786.84106,424717761561.51337,356910340603.68726,67807420957.82604,422287283598.3693,354315148439.72217,67972135158.64693,713619125187.1733,632460330285.615,81158794901.55821,714425840425.4806,632672834470.1013,81753005955.3792
DNP,cnrm-cm5_rcp85_r1i1p1,GCAM-45,72,0.37477037466891056,412219215766.7832,357089830371.9308,55129385394.85241,412783596975.4228,358659456431.5609,54124140543.86178,403252055552.54535,349489425845.3059,53762629707.239395,690783430617.4811,628059830696.0602,62723599921.42079,691214186008.2955,628059830696.0602,63154355312.23524
DNP,cnrm-cm5_rcp85_r1i1p1,GCAM-ref,72,0.37477037466891056,397034577297.06226,351495886223.95886,45538691073.103325,402492670719.25836,357706755469.082,44785915250.17637,395434380803.5203,350762238241.8301,44672142561.69007,665703318468.5896,615070292631.0955,50633025837.49418,666089689228.018,615070292631.0955,51019396596.92253
DNP,cnrm-cm5_rcp85_r1i1p1,LUCAS-BAU_High-0001,72,0.37477037466891056,376158543898.28186,343265943549.1564,32892600349.12534,404341297359.6985,371441899533.6252,32899397826.073315,397356894401.99756,364470292952.39856,32886601449.59901,647029486546.418,611305883861.2837,35723602685.134254,647329401135.122,611305883861.2837,36023517273.838135
DNP,cnrm-cm5_rcp85_r1i1p1,LUCAS-BAU_High-0002,72,0.37477037466891056,377087433867.37823,343484704124.90326,33602729742.47519,404782100518.24066,371185468070.4804,33596632447.760334,396766576509.99384,363212638703.6324,33553937806.361576,648095347567.1224,611552250671.1947,36543096895.9277,648396838837.0983,611552250671.1947,36844588165.903496
DNP,csiro-mk3-6-0_rcp26_r1i1p1,FORE-SCE-A1B,72,0.42407605003094634,122150235532.37575,78029452151.25296,44120783381.12275,144457226118.3398,101596982747.19287,42860243371.14695,154282895303.25674,113227273474.39043,41055621828.86636,158518059480.0434,116530703010.25548,41987356469.7879,165494853651.98395,110997607164.7299,54497246487.25404
DNP,csiro-mk3-6-0_rcp26_r1i1p1,FORE-SCE-A2,72,0.42407605003094634,117905087322.16856,78138238498.2744,39766848823.89419,140466305963.04492,102470946883.0003,37995359080.044586,150027205635.0866,113136066518.96344,36891139116.12323,153933347956.3694,116521084751.79865,37412263204.57078,159440945998.126,111070698786.72887,48370247211.39712
DNP,csiro-mk3-6-0_rcp26_r1i1p1,FORE-SCE-B1,72,0.42407605003094634,116982563116.8858,80526804312.05136,36455758804.83438,138489264087.5836,103814989630.49591,34674274457.08765,147204543634.32782,113477433602.8425,33727110031.485405,150531669562.05402,116326288268.56435,34205381293.48968,155278042160.57214,110810496980.33336,44467545180.2388
DNP,csiro-mk3-6-0_rcp26_r1i1p1,GCAM-26,72,0.42407605003094634,144858249119.35513,81108550604.77094,63749698514.5842,161495443766.6855,99057111712.58618,62438332054.09935,172290287673.5382,112856412731.40648,59433874942.13177,168647439821.57376,109081197720.35135,59566242101.22247,186063081347.8798,103798090211.29573,82264991136.58403
DNP,csiro-mk3-6-0_rcp26_r1i1p1,GCAM-45,72,0.42407605003094634,132767525439.83153,80732997071.61424,52034528368.21731,149993202549.62958,98297203872.23601,51695998677.39362,158749847012.87985,109111648241.59654,49638198771.28334,158264215205.1185,107952093392.83286,50312121812.285645,168035044176.12433,102620459437.85327,65414584738.27103
DNP,csiro-mk3-6-0_rcp26_r1i1p1,GCAM-ref,72,0.42407605003094634,121453207592.71385,77427935840.93703,44025271751.77687,141593763911.14273,98392806655.80318,43200957255.33959,149773706179.4336,108592429005.385,41181277174.04857,158527109893.46054,116324700215.00685,42202409678.453636,165870112749.11166,110623926180.30951,55246186568.802185
DNP,csiro-mk3-6-0_rcp26_r1i1p1,LUCAS-BAU_High-0001,72,0.42407605003094634,117795821368.29979,84661451273.97746,33134370094.322353,135483259262.8761,104200130568.29709,31283128694.579002,143154036116.9922,112802498927.95848,30351537189.033688,146354135719.07056,115661674334.3322,30692461384.73835,150295978957.12628,110100189951.58263,40195789005.5437
DNP,csiro-mk3-6-0_rcp26_r1i1p1,LUCAS-BAU_High-0002,72,0.42407605003094634,117639213743.0915,83798491909.99834,33840721833.093178,135936716993.23993,104032227229.51755,31904489763.722355,143482474236.25525,112571324021.15906,30911150215.09614,147047656362.14554,115697236295.98831,31350420066.157204,151204501245.04065,110159448942.9412,41045052302.09949
DNP,csiro-mk3-6-0_rcp45_r1i1p1,FORE-SCE-A1B,72,0.43249392366334805,52801698363.21979,19130094406.70323,33671603956.51656,58987694678.386925,23597366516.661884,35390328161.725044,57818691256.2118,31576150613.21126,26242540643.00054,90713472415.84306,63831009487.50186,26882462928.341255,56141650980.85862,25082129343.82087,31059521637.03776
DNP,csiro-mk3-6-0_rcp45_r1i1p1,FORE-SCE-A2,72,0.43249392366334805,51956392346.84971,21953124449.52775,30003267897.32196,56026579034.531075,24595476644.501747,31431102390.02931,55761214087.54627,33106148291.95814,22655065795.58815,87226616789.13712,64055246248.29744,23171370540.839653,52696861555.11447,25639622802.040688,27057238753.07379
DNP,csiro-mk3-6-0_rcp45_r1i1p1,FORE-SCE-B1,72,0.43249392366334805,55794621965.20482,27013457251.785458,28781164713.419403,55156623235.597885,26517492868.286156,28639130367.311745,56444699626.263245,35875725871.467674,20568973754.795586,85718000802.45229,64604937738.42467,21113063064.027657,51258395048.774506,26911230522.51195,24347164526.262535
DNP,csiro-mk3-6-0_rcp45_r1i1p1,GCAM-26,72,0.43249392366334805,61954594453.10418,11892741681.96333,50061852771.14086,70609900596.48091,17549310243.54992,53060590352.93098,69851258247.34966,25663726799.049995,44187531448.29965,77153097858.8092,32203643281.68336,44949454577.12588,63035326312.085495,12321719919.621845,50713606392.463646
DNP,csiro-mk3-6-0_rcp45_r1i1p1,GCAM-45,72,0.43249392366334805,59456189848.26729,18690246132.18966,40765943716.07764,62032908085.60965,18981913483.497612,43050994602.11206,60772334740.73809,27497013130.427376,33275321610.310715,82246392238.83221,48172117648.39566,34074274590.43656,51935430469.291794,13736819398.825657,38198611070.46615
DNP,csiro-mk3-6-0_rcp45_r1i1p1,GCAM-ref,72,0.43249392366334805,58388198179.72712,23975630541.540405,34412567638.1867,58240018885.508766,22609561088.66491,35630457796.84388,57149259147.826515,30742649101.532673,26406610046.293854,90448323837.87866,63197565778.14392,27250758059.734715,57005649093.72413,25515388308.025524,31490260785.698597
DNP,csiro-mk3-6-0_rcp45_r1i1p1,LUCAS-BAU_High-0001,72,0.43249392366334805,54024772059.084595,27448698169.65662,26576073889.427986,53675691301.836044,27984824382.286705,25690866919.54934,53887337530.48886,35503983698.828804,18383353831.660038,83803977798.2226,64978025360.00516,18825952438.21743,49247660632.76285,27691973152.72593,21555687480.036926
DNP,csiro-mk3-6-0_rcp45_r1i1p1,LUCAS-BAU_High-0002,72,0.43249392366334805,54433373892.015724,27549070478.561478,26884303413.45424,53164975064.81011,26922218968.935402,26242756095.87472,54833921476.40121,36058438743.35679,18775482733.044422,84370319654.52063,65138526562.97664,19231793091.544018,49676150495.05369,27598681919.235344,22077468575.818333
DNP,csiro-mk3-6-0_rcp60_r1i1p1,FORE-SCE-A1B,72,0.4171911298079625,49545513549.31446,7924562145.777442,41620951403.53703,53755491704.397415,13261169965.335764,40494321739.061676,58182104773.289375,21644533852.42191,36537570920.86746,74111699046.69536,35333191968.865166,38778507077.83019,45711056870.14927,19574042483.02482,26137014387.12444
DNP,csiro-mk3-6-0_rcp60_r1i1p1,FORE-SCE-A2,72,0.4171911298079625,45763297133.818665,8932475011.095171,36830822122.72349,50804761835.17944,14748898347.542097,36055863487.63735,56693834131.55603,24211107235.27909,32482726896.276947,70446475759.3905,35949307533.39246,34497168225.99802,41873276796.10504,19102704247.11687,22770572548.988155
DNP,csiro-mk3-6-0_rcp60_r1i1p1,FORE-SCE-B1,72,0.4171911298079625,44051240717.014694,9209911788.45129,34841328928.563416,47428023577.09845,14442934866.73959,32985088710.358856,54185855528.83927,24014386229.10772,30171469299.73156,67572851293.87459,35629145062.254875,31943706231.619717,39123838236.33173,18986853450.705288,20136984785.626442
DNP,csiro-mk3-6-0_rcp60_r1i1p1,GCAM-26,72,0.4171911298079625,67944279459.12325,9106206001.870564,58838073457.25269,71871507191.26624,13274296090.19536,58597211101.07088,74621642665.6341,21497193963.497578,53124448702.1365,92827065191.59749,36824679595.46603,56002385596.13147,66647918889.91484,22549082483.71134,44098836406.203514
DNP,csiro-mk3-6-0_rcp60_r1i1p1,GCAM-45,72,0.4171911298079625,56632678779.95061,8300978235.282691,48331700544.66792,61412360666.589325,12637391103.62502,48774969562.9643,65295052398.205986,21195148220.714012,44099904177.49196,84387290339.03902,37510388721.94275,46876901617.09628,54489273275.88182,21949727043.61088,32539546232.270947
DNP,csiro-mk3-6-0_rcp60_r1i1p1,GCAM-ref,72,0.4171911298079625,50063464431.506935,8024906315.900889,42038558115.60605,53477619135.158775,12888367689.39221,40589251445.76654,56787346451.67008,20149649615.238045,36637696836.432045,73813698840.05272,35075976110.72337,38737722729.32935,45756452730.79804,19689220323.863644,26067232406.934402
DNP,csiro-mk3-6-0_rcp60_r1i1p1,LUCAS-BAU_High-0001,72,0.4171911298079625,43465400200.17306,12303875611.735132,31161524588.437923,44801455564.47875,15534819495.304386,29266636069.17435,53260397038.3044,26746246388.182686,26514150650.121696,63746066973.32227,35771583955.863594,27974483017.458675,36077479591.48946,18703027177.176456,17374452414.313015
DNP,csiro-mk3-6-0_rcp60_r1i1p1,LUCAS-BAU_High-0002,72,0.4171911298079625,43873647906.832565,12102582788.327267,31771065118.5053,45022465895.58071,15141239790.051386,29881226105.52933,53178462073.18053,26108073763.32532,27070388309.855186,64291227218.1441,35645650715.921875,28645576502.222225,36594899838.38221,18769492659.102676,17825407179.279533
DNP,csiro-mk3-6-0_rcp85_r1i1p1,FORE-SCE-A1B,72,0.4111838846824468,148152588421.37622,100106797136.91122,48045791284.465,178896688700.94556,131559300763.4935,47337387937.45207,178476133802.23956,132378759237.31262,46097374564.92693,242704904312.24292,194904831750.08585,47800072562.15706,247202651101.98822,187877089945.03098,59325561156.95728
DNP,csiro-mk3-6-0_rcp85_r1i1p1,FORE-SCE-A2,72,0.4111838846824468,150837709705.96854,106796325318.97401,44041384386.99451,180331460289.78125,137883176902.48303,42448283387.29821,181934899245.62805,140401131620.99408,41533767624.63392,239420170286.30844,196578923034.80887,42841247251.499664,241968868804.74323,188791083982.37164,53177784822.371605
DNP,csiro-mk3-6-0_rcp85_r1i1p1,FORE-SCE-B1,72,0.4111838846824468,151322153893.44803,110525337412.65073,40796816480.79733,181488427960.2905,142356391693.3546,39132036266.935844,180812818537.63397,142384903499.78287,38427915037.85115,237189436579.87457,197913765607.71667,39275670972.1579,237883323592.86615,189146064599.76416,48737258993.101974
DNP,csiro-mk3-6-0_rcp85_r1i1p1,GCAM-26,72,0.4111838846824468,167392335025.0602,97772010087.96329,69620324937.09695,195399543313.5329,127232005247.5337,68167538065.99914,191340870966.2848,125576856665.91663,65764014300.36807,241645957796.25616,173709706428.2105,67936251368.045654,258452898771.40588,169762497591.00604,88690401180.39984
DNP,csiro-mk3-6-0_rcp85_r1i1p1,GCAM-45,72,0.4111838846824468,154767583343.4082,98364477330.67212,56403106012.73605,186300151254.33548,129790094936.98834,56510056317.34715,189753534195.0935,134533274324.15244,55220259870.94108,231389651494.87466,175004634451.5937,56385017043.28099,240269003161.423,170060858997.76828,70208144163.65474
DNP,csiro-mk3-6-0_rcp85_r1i1p1,GCAM-ref,72,0.4111838846824468,147469677404.67093,99673633008.57123,47796044396.099686,180470970085.03287,132834308004.66763,47636662080.36519,179106348349.55338,133469567080.71016,45636781268.843216,242795149109.00885,195006493728.80374,47788655380.205185,247824271798.5417,188014588059.07965,59809683739.462105
DNP,csiro-mk3-6-0_rcp85_r1i1p1,LUCAS-BAU_High-0001,72,0.4111838846824468,151273265433.96213,113608121254.45137,37665144179.51074,177855560496.68973,142831690948.14102,35023869548.54866,184126012672.77335,149899755124.60437,34226257548.168987,233500404285.94736,198480086628.04575,35020317657.90161,233057735956.75452,189491207428.10553,43566528528.64903
DNP,csiro-mk3-6-0_rcp85_r1i1p1,LUCAS-BAU_High-0002,72,0.4111838846824468,147854849332.82098,110025409404.99019,37829439927.830795,177745386768.5353,142043523237.30524,35701863531.230034,177021592007.8974,142162784329.7688,34858807678.12858,234167921334.5043,198439107567.1265,35728813767.3778,233800211802.81287,189362293707.85202,44437918094.96082
DNP,fgoals-g2_rcp26_r1i1p1,FORE-SCE-A1B,72,0.40295660870659966,45723885681.0155,18801230597.310093,26922655083.70542,47572451998.7505,21014366936.14093,26558085062.609562,49180552447.84909,28342598423.857643,20837954023.99145,50846970323.24677,30226958978.202385,20620011345.044403,42300928704.68605,24399094385.598583,17901834319.087444
DNP,fgoals-g2_rcp26_r1i1p1,FORE-SCE-A2,72,0.40295660870659966,46015437842.76491,21202030488.733486,24813407354.03145,44835994385.00721,21353750523.21767,23482243861.789543,46330979576.87663,28270613267.60284,18060366309.27378,48086311904.93993,30431235017.57501,17655076887.36496,39510483602.79896,24285132544.253143,15225351058.545815
DNP,fgoals-g2_rcp26_r1i1p1,FORE-SCE-B1,72,0.40295660870659966,45542063707.30951,21314940165.598705,24227123541.710808,42956843602.10398,21408093275.398132,21548750326.705856,44813122904.275856,28254044670.87857,16559078233.397312,46632201888.449265,30492556134.25276,16139645754.196507,37762236857.896164,24124593149.543278,13637643708.352894
DNP,fgoals-g2_rcp26_r1i1p1,GCAM-26,72,0.40295660870659966,54760038397.11707,15407426782.912775,39352611614.20434,58531833776.47083,19552479303.05371,38979354473.41714,59002226976.71489,26254647783.29825,32747579193.41663,70266754615.1903,37200602426.82482,33066152188.36547,57829498077.79225,27281857483.217266,30547640594.574986
DNP,fgoals-g2_rcp26_r1i1p1,GCAM-45,72,0.40295660870659966,46747957271.52571,15009616373.516663,31738340898.00904,51656858376.43734,19651112137.173702,32005746239.263638,53116919004.97127,27037234142.28591,26079684862.68534,64211963143.10762,38156695726.95266,26055267416.15499,48991132955.57207,26937785302.50863,22053347653.063446
DNP,fgoals-g2_rcp26_r1i1p1,GCAM-ref,72,0.40295660870659966,42038661794.65525,14889149000.789085,27149512793.86617,46118738809.34266,19451300824.5061,26667437984.83657,47668721505.10828,26590345843.40365,21078375661.70461,50550692390.76439,29697904523.79037,20852787866.97401,42483819138.364235,24350271770.91812,18133547367.446114
DNP,fgoals-g2_rcp26_r1i1p1,LUCAS-BAU_High-0001,72,0.40295660870659966,43406800889.78042,21321957083.48972,22084843806.290714,40564621125.71562,21406425715.80507,19158195409.91055,43080909370.26073,28376250169.58904,14704659200.671677,44450087851.10086,30148550767.357788,14301537083.743069,35738280338.53386,23987389282.25538,11750891056.278486
DNP,fgoals-g2_rcp26_r1i1p1,LUCAS-BAU_High-0002,72,0.40295660870659966,43553140016.86665,21303011452.881504,22250128563.98516,40955945686.25811,21373730213.444584,19582215472.813503,43429714539.03118,28376863136.710026,15052851402.321169,44786023767.573044,30140861132.85527,14645162634.717781,36099573909.25058,23999165089.141144,12100408820.109428
EXC,access1-0_rcp45_r1i1p1,FORE-SCE-A1B,72,0.6902266697865436,5677222136.672291,0.0,5677222136.672291,4944480091.658076,88662.6871970293,4944391428.97088,5317399057.454523,1058774557.8624732,4258624499.5920486,11664811825.099962,6730500766.879976,4934311058.219989,10006320814.92564,5869774411.038003,4136546403.887637
EXC,access1-0_rcp45_r1i1p1,FORE-SCE-A2,72,0.6902266697865436,4874783567.7170925,0.0,4874783567.7170925,4166353891.809847,119564.3838689648,4166234327.4259777,4428622793.226887,910916648.9295144,3517706144.297372,11042891462.412558,6718755290.1249485,4324136172.287608,10372328944.704922,6998153999.618603,3374174945.0863175
EXC,access1-0_rcp45_r1i1p1,FORE-SCE-B1,72,0.6902266697865436,4181378034.446763,0.0,4181378034.446763,3374104568.491498,282884.85335742735,3373821683.6381407,4264997465.7399163,1554329585.1579034,2710667880.582013,10466442310.163399,6724631930.331928,3741810379.831474,10004520528.853996,7432304140.396161,2572216388.4578347
EXC,access1-0_rcp45_r1i1p1,GCAM-26,72,0.6902266697865436,11494179862.829945,0.0,11494179862.829945,10879805180.207432,13762601.514770905,10866042578.692661,10253523159.08011,440877697.423817,9812645461.656294,15856135218.818062,5856234542.442467,9999900676.375593,12288104833.503834,2695143903.2596602,9592960930.244179
EXC,access1-0_rcp45_r1i1p1,GCAM-45,72,0.6902266697865436,7817395022.219448,0.0,7817395022.219448,7119987701.297701,7755762.466845954,7112231938.830854,6710158367.54409,528157317.63415533,6182001049.909935,12115516987.272469,5883820726.189424,6231696261.083044,9922544292.3646,3932541750.8665075,5990002541.498093
EXC,access1-0_rcp45_r1i1p1,GCAM-ref,72,0.6902266697865436,5465349962.136143,0.0,5465349962.136143,4728147336.802271,0.0,4728147336.802271,5636342741.955542,1604589690.6310482,4031753051.324495,11432013592.857141,6728704532.10502,4703309060.752125,9466972865.550756,5542440872.108048,3924531993.4427056
EXC,access1-0_rcp45_r1i1p1,LUCAS-BAU_High-0001,72,0.6902266697865436,3319286907.814428,0.0,3319286907.814428,2623838394.714215,6433209.756900396,2617405184.9573145,3170703050.767277,1155252086.642581,2015450964.1246946,9455903502.446302,6709417224.79229,2746486277.6540146,9780095404.838257,7935024357.709706,1845071047.128551
EXC,access1-0_rcp45_r1i1p1,LUCAS-BAU_High-0002,72,0.6902266697865436,3441659874.47839,0.0,3441659874.47839,2726593655.88929,5924202.4329993,2720669453.4562902,3258210877.9727135,1152016104.5006707,2106194773.472043,9609513925.991394,6713150052.773119,2896363873.218279,9840085971.347132,7907555535.288719,1932530436.0584135
EXC,access1-0_rcp85_r1i1p1,FORE-SCE-A1B,72,0.675009810034429,9824330568.699184,0.0,9824330568.699184,8943329027.665632,0.0,8943329027.665632,7975961164.578147,0.0,7975961164.578147,8280510650.67477,0.0,8280510650.67477,8789973209.748867,0.0,8789973209.748867
EXC,access1-0_rcp85_r1i1p1,FORE-SCE-A2,72,0.675009810034429,8249870527.85918,0.0,8249870527.85918,7398131960.995302,0.0,7398131960.995302,6548176426.315707,0.0,6548176426.315707,6824695988.086476,0.0,6824695988.086476,7199249900.914151,0.0,7199249900.914151
EXC,access1-0_rcp85_r1i1p1,FORE-SCE-B1,72,0.675009810034429,7228086546.197703,0.0,7228086546.197703,6331169327.65443,0.0,6331169327.65443,5550044084.967392,0.0,5550044084.967392,5949444567.618987,0.0,5949444567.618987,6140895890.510236,0.0,6140895890.510236
EXC,access1-0_rcp85_r1i1p1,GCAM-26,72,0.675009810034429,19146367449.544674,0.0,19146367449.544674,18243633910.512875,0.0,18243633910.512875,16855374132.55952,0.0,16855374132.55952,16762632069.575006,0.0,16762632069.575006,17816993423.26841,0.0,17816993423.26841
EXC,access1-0_rcp85_r1i1p1,GCAM-45,72,0.675009810034429,13291463221.73831,0.0,13291463221.73831,12365180007.991606,0.0,12365180007.991606,11142477338.351192,0.0,11142477338.351192,11071723371.667461,0.0,11071723371.667461,11977074366.64358,0.0,11977074366.64358
EXC,access1-0_rcp85_r1i1p1,GCAM-ref,72,0.675009810034429,9944905296.178188,0.0,9944905296.178188,9014351929.397772,0.0,9014351929.397772,8047067647.050942,0.0,8047067647.050942,8332487044.098308,0.0,8332487044.098308,8880275451.490585,0.0,8880275451.490585
EXC,access1-0_rcp85_r1i1p1,LUCAS-BAU_High-0001,72,0.675009810034429,5908774836.717352,0.0,5908774836.717352,5067330709.956314,0.0,5067330709.956314,4284359119.5477295,0.0,4284359119.5477295,4530421324.981335,0.0,4530421324.981335,4777158180.969316,0.0,4777158180.969316
EXC,access1-0_rcp85_r1i1p1,LUCAS-BAU_High-0002,72,0.675009810034429,6121559828.370184,0.0,6121559828.370184,5265228632.274857,0.0,5265228632.274857,4496402473.586916,0.0,4496402473.586916,4746064041.5683565,0.0,4746064041.5683565,4989495472.3491335,0.0,4989495472.3491335
EXC,bcc-csm1-1-m_rcp45_r1i1p1,FORE-SCE-A1B,72,0.6656927302209302,7343394071.484701,0.0,7343394071.484701,6583121932.790609,76327824.7509823,6506794108.039627,5652906558.725512,71744032.74733578,5581162525.978175,6682595430.020137,0.0,6682595430.020137,7900773891.82099,0.0,7900773891.82099
EXC,bcc-csm1-1-m_rcp45_r1i1p1,FORE-SCE-A2,72,0.6656927302209302,6329133775.613198,0.0,6329133775.613198,5654761816.910265,71726315.67603911,5583035501.234225,4770030822.447355,59605987.550958164,4710424834.896397,5644359484.722502,23603578.794156965,5620755905.928345,6667720957.55073,0.0,6667720957.55073
EXC,bcc-csm1-1-m_rcp45_r1i1p1,FORE-SCE-B1,72,0.6656927302209302,5526299172.312488,0.0,5526299172.312488,4864499962.663526,63367503.232746094,4801132459.430779,4064771930.0451365,143743920.62012374,3921028009.4250126,4821340745.288464,30312000.000004265,4791028745.28846,5667650647.842634,0.0,5667650647.842634
EXC,bcc-csm1-1-m_rcp45_r1i1p1,GCAM-26,72,0.6656927302209302,13736497317.885336,0.0,13736497317.885336,12864817184.991646,0.0,12864817184.991646,11452948876.062382,12099177.887852967,11440849698.17453,12194187968.533035,0.0,12194187968.533035,14209667222.824188,0.0,14209667222.824188
EXC,bcc-csm1-1-m_rcp45_r1i1p1,GCAM-45,72,0.6656927302209302,9765710969.387379,0.0,9765710969.387379,8836600747.28253,0.0,8836600747.28253,7798061328.979131,95189982.91427451,7702871346.064857,8711700040.002615,471444803.9767009,8240255236.025915,9843966462.33759,0.0,9843966462.33759
EXC,bcc-csm1-1-m_rcp45_r1i1p1,GCAM-ref,72,0.6656927302209302,7279964414.795367,0.0,7279964414.795367,6465626785.510098,61565832.84023763,6404060952.669861,5634396045.351395,143585239.80852678,5490810805.542869,6633679544.78161,0.0,6633679544.78161,7837491634.794836,0.0,7837491634.794836
EXC,bcc-csm1-1-m_rcp45_r1i1p1,LUCAS-BAU_High-0001,72,0.6656927302209302,4704819224.333582,0.0,4704819224.333582,4078769137.483606,91016840.36958432,3987752297.114022,3250341147.095064,146045852.88814232,3104295294.206922,3739484392.6107597,0.0,3739484392.6107597,4553173514.435551,0.0,4553173514.435551
EXC,bcc-csm1-1-m_rcp45_r1i1p1,LUCAS-BAU_High-0002,72,0.6656927302209302,4841815185.855727,0.0,4841815185.855727,4183851421.3362994,89550401.21823095,4094301020.1180687,3351140381.7904534,145918277.79532504,3205222103.995128,3914893648.067573,30311999.9999999,3884581648.067573,4707051217.223025,0.0,4707051217.223025
EXC,bcc-csm1-1-m_rcp85_r1i1p1,FORE-SCE-A1B,72,0.53833962712317,13078387904.82777,0.0,13078387904.82777,9678572330.60234,0.0,9678572330.60234,9757911375.164852,0.0,9757911375.164852,12508228925.157206,3502285106.277426,9005943818.879782,13889882644.376373,9234887174.499636,4654995469.876736
EXC,bcc-csm1-1-m_rcp85_r1i1p1,FORE-SCE-A2,72,0.53833962712317,12021921820.920078,0.0,12021921820.920078,8657564410.373594,0.0,8657564410.373594,8780095952.322731,0.0,8780095952.322731,11982686118.035105,3819913933.347274,8162772184.687828,13369108038.84435,9373694455.433239,3995413583.4111137
EXC,bcc-csm1-1-m_rcp85_r1i1p1,FORE-SCE-B1,72,0.53833962712317,11187039315.774014,0.0,11187039315.774014,7640903873.540137,0.0,7640903873.540137,7801018957.194754,0.0,7801018957.194754,11114395308.506466,3884169442.0591,7230225866.447369,12616781255.24901,9380303544.290762,3236477710.9582486
EXC,bcc-csm1-1-m_rcp85_r1i1p1,GCAM-26,72,0.53833962712317,18200410050.528915,0.0,18200410050.528915,16404033385.168396,0.0,16404033385.168396,15901555213.124456,0.0,15901555213.124456,18808754172.86655,3722931963.3537474,15085822209.512808,19176145647.18919,9472740929.371088,9703404717.818106
EXC,bcc-csm1-1-m_rcp85_r1i1p1,GCAM-45,72,0.53833962712317,14887933923.05882,0.0,14887933923.05882,12284091451.082706,0.0,12284091451.082706,12158762036.475388,0.0,12158762036.475388,14406914786.32176,3227191336.155794,11179723450.165966,15876433410.683128,9560242249.051132,6316191161.631995
EXC,bcc-csm1-1-m_rcp85_r1i1p1,GCAM-ref,72,0.53833962712317,12751888994.806425,0.0,12751888994.806425,9400676685.372726,0.0,9400676685.372726,9465857862.468458,0.0,9465857862.468458,12075178872.965965,3375935856.978427,8699243015.987532,13684086531.21585,9222936592.66508,4461149938.550775
EXC,bcc-csm1-1-m_rcp85_r1i1p1,LUCAS-BAU_High-0001,72,0.53833962712317,9978158285.043968,0.0,9978158285.043968,6440606896.127127,0.0,6440606896.127127,6591604372.118964,0.0,6591604372.118964,10206609357.937332,3965126287.663931,6241483070.273402,11864504205.040745,9431066003.394566,2433438201.6461806
EXC,bcc-csm1-1-m_rcp85_r1i1p1,LUCAS-BAU_High-0002,72,0.53833962712317,10067501284.872059,0.0,10067501284.872059,6584156517.898063,0.0,6584156517.898063,6715149840.042323,0.0,6715149840.042323,10234400790.343685,3927417293.0386753,6306983497.305012,11926419327.768383,9398091887.735022,2528327440.0333576
EXC,bcc-csm1-1_rcp26_r1i1p1,FORE-SCE-A1B,72,0.7068105738192718,12390437455.373505,0.0,12390437455.373505,13649291787.61015,1829505540.56748,11819786247.042667,14277875340.15961,3481322391.8344145,10796552948.3252,13114111314.6317,1618877577.4194455,11495233737.212255,12320187830.572924,97589396.90048628,12222598433.672434
EXC,bcc-csm1-1_rcp26_r1i1p1,FORE-SCE-A2,72,0.7068105738192718,10525621427.572649,0.0,10525621427.572649,11957090758.565498,1907581517.8308465,10049509240.734652,12579073624.553587,3531609820.307516,9047463804.246073,11396911498.366106,1700044143.109084,9696867355.257023,10429985673.512548,168990772.7678681,10260994900.74468
EXC,bcc-csm1-1_rcp26_r1i1p1,FORE-SCE-B1,72,0.7068105738192718,9214658413.992073,0.0,9214658413.992073,10520336188.319767,1785602052.146701,8734734136.173061,11327329026.405031,3622208158.4019794,7705120868.003053,9560536334.049736,1293770099.5458863,8266766234.50385,9117707412.767141,356521444.4528965,8761185968.314245
EXC,bcc-csm1-1_rcp26_r1i1p1,GCAM-26,72,0.7068105738192718,22175847606.758694,0.0,22175847606.758694,22173198046.45638,575691721.6200949,21597506324.836285,23930685816.676506,3529813071.9030037,20400872744.773495,24778234203.25416,3348648999.999999,21429585203.25416,22361268337.688072,0.0,22361268337.688072
EXC,bcc-csm1-1_rcp26_r1i1p1,GCAM-45,72,0.7068105738192718,16193552390.381325,0.0,16193552390.381325,16166162531.434536,613471939.0903643,15552690592.344173,18018209879.766163,3616740273.6509094,14401469606.115252,18689758214.371475,3744751074.536229,14945007139.835241,16179047618.948393,231825796.38106275,15947221822.567331
EXC,bcc-csm1-1_rcp26_r1i1p1,GCAM-ref,72,0.7068105738192718,12407220826.131025,0.0,12407220826.131025,13702347054.086967,1962860668.738441,11739486385.348526,14339119149.133139,3565104862.281212,10774014286.851925,13138555339.649256,1739242156.1589036,11399313183.49035,12383990329.500587,191283970.48134106,12192706359.019247
EXC,bcc-csm1-1_rcp26_r1i1p1,LUCAS-BAU_High-0001,72,0.7068105738192718,7921698149.474084,0.0,7921698149.474084,9541410633.19767,2071867733.1083448,7469542900.089327,10274444441.47801,3818641528.078414,6455802913.399593,8350488835.624124,1501266999.9999945,6849221835.624129,7890725732.229411,584849689.0601857,7305876043.169226
EXC,bcc-csm1-1_rcp26_r1i1p1,LUCAS-BAU_High-0002,72,0.7068105738192718,8154489249.048296,0.0,8154489249.048296,9747289363.21847,2040988804.305172,7706300558.9133,10473554025.242855,3796184172.111717,6677369853.131138,8605900921.767658,1501266999.9999993,7104633921.76766,8117667389.265527,555110695.4165301,7562556693.848997
EXC,bcc-csm1-1_rcp45_r1i1p1,FORE-SCE-A1B,72,0.6363033688773868,10074292951.359484,0.0,10074292951.359484,9054575875.084572,0.0,9054575875.084572,7547930175.189744,0.0,7547930175.189744,7755749598.56757,0.0,7755749598.56757,7900137063.817072,0.0,7900137063.817072
EXC,bcc-csm1-1_rcp45_r1i1p1,FORE-SCE-A2,72,0.6363033688773868,8806821101.695454,0.0,8806821101.695454,7732331275.465321,0.0,7732331275.465321,6228251279.897042,0.0,6228251279.897042,6371046844.883547,0.0,6371046844.883547,6497095235.368732,0.0,6497095235.368732
EXC,bcc-csm1-1_rcp45_r1i1p1,FORE-SCE-B1,72,0.6363033688773868,7748034408.614735,0.0,7748034408.614735,6739464882.29407,0.0,6739464882.29407,5300758561.451211,0.0,5300758561.451211,5419943442.737589,0.0,5419943442.737589,5485707571.231494,0.0,5485707571.231494
EXC,bcc-csm1-1_rcp45_r1i1p1,GCAM-26,72,0.6363033688773868,17707140873.753704,0.0,17707140873.753704,16892602716.307707,0.0,16892602716.307707,14869658604.93889,0.0,14869658604.93889,15355699433.606209,0.0,15355699433.606209,15656513562.876896,0.0,15656513562.876896
EXC,bcc-csm1-1_rcp45_r1i1p1,GCAM-45,72,0.6363033688773868,12869429232.485996,0.0,12869429232.485996,12052984375.345003,0.0,12052984375.345003,10274123412.12088,0.0,10274123412.12088,10499822081.223412,0.0,10499822081.223412,10692071862.330961,0.0,10692071862.330961
EXC,bcc-csm1-1_rcp45_r1i1p1,GCAM-ref,72,0.6363033688773868,9982969255.991875,0.0,9982969255.991875,9003641417.379347,0.0,9003641417.379347,7526724617.32091,0.0,7526724617.32091,7788532934.51832,0.0,7788532934.51832,7952230360.954964,0.0,7952230360.954964
EXC,bcc-csm1-1_rcp45_r1i1p1,LUCAS-BAU_High-0001,72,0.6363033688773868,6831517136.713865,0.0,6831517136.713865,5842893192.8996525,0.0,5842893192.8996525,4401824128.34551,0.0,4401824128.34551,4441012618.837399,0.0,4441012618.837399,4530674524.582926,0.0,4530674524.582926
EXC,bcc-csm1-1_rcp45_r1i1p1,LUCAS-BAU_High-0002,72,0.6363033688773868,7017751593.136354,0.0,7017751593.136354,6010410082.951356,0.0,6010410082.951356,4556010215.803488,0.0,4556010215.803488,4621766143.667407,0.0,4621766143.667407,4695515661.502811,0.0,4695515661.502811
EXC,bcc-csm1-1_rcp60_r1i1p1,FORE-SCE-A1B,72,0.6249945289919542,8375340887.552758,0.0,8375340887.552758,7242181824.335502,0.0,7242181824.335502,5826906667.045038,0.0,5826906667.045038,6095626217.521565,16554380.679575296,6079071836.84199,6216379655.987861,0.0,6216379655.987861
EXC,bcc-csm1-1_rcp60_r1i1p1,FORE-SCE-A2,72,0.6249945289919542,7160477924.425882,0.0,7160477924.425882,6124048077.324413,0.0,6124048077.324413,4739690030.3663225,2449.4706138284528,4739687580.895708,5237759577.046479,289514596.8622837,4948244980.184197,5299772196.656787,197944133.37327442,5101828063.283512
EXC,bcc-csm1-1_rcp60_r1i1p1,FORE-SCE-B1,72,0.6249945289919542,6474050560.983315,0.0,6474050560.983315,5334716129.9787655,0.0,5334716129.9787655,4034145089.340089,9392325.352654189,4024752763.9874344,4542934532.037167,310311058.27289736,4232623473.764269,4526957244.430391,231209346.04505366,4295747898.385338
EXC,bcc-csm1-1_rcp60_r1i1p1,GCAM-26,72,0.6249945289919542,15108742242.128242,0.0,15108742242.128242,14168776492.404392,0.0,14168776492.404392,12298969704.116365,0.0,12298969704.116365,14503867985.358793,1818107759.180346,12685760226.178446,12792879734.299324,0.0,12792879734.299324
EXC,bcc-csm1-1_rcp60_r1i1p1,GCAM-45,72,0.6249945289919542,10923185189.959656,0.0,10923185189.959656,9917798991.59666,0.0,9917798991.59666,8197905008.434327,0.0,8197905008.434327,8413367952.625467,59989852.01130381,8353378100.614163,8593726385.149723,0.0,8593726385.149723
EXC,bcc-csm1-1_rcp60_r1i1p1,GCAM-ref,72,0.6249945289919542,8557990915.342752,0.0,8557990915.342752,7426089072.710111,0.0,7426089072.710111,6053912307.800274,0.0,6053912307.800274,6288805763.921169,0.0,6288805763.921169,6403115870.978387,0.0,6403115870.978387
EXC,bcc-csm1-1_rcp60_r1i1p1,LUCAS-BAU_High-0001,72,0.6249945289919542,5728314613.032261,0.0,5728314613.032261,4644006723.739353,0.0,4644006723.739353,3425757543.618892,42706170.66957184,3383051372.9493203,3914152316.9177656,376628001.17531896,3537524315.742446,3858634138.2811794,300702172.8294558,3557931965.451724
EXC,bcc-csm1-1_rcp60_r1i1p1,LUCAS-BAU_High-0002,72,0.6249945289919542,5904275584.60601,0.0,5904275584.60601,4774881044.560987,0.0,4774881044.560987,3536355139.403577,29231727.437538214,3507123411.9660387,4037844665.2019053,347219764.64902747,3690624900.552879,3963033315.219211,273050407.9486573,3689982907.2705536
EXC,bcc-csm1-1_rcp85_r1i1p1,FORE-SCE-A1B,72,0.6110789539346791,17186836507.57306,2160890905.749011,15025945601.824047,15515211852.567593,4048494479.657185,11466717372.910412,16357306178.116577,5484077141.55181,10873229036.564766,40467795923.54577,28575475190.701073,11892320732.84469,26821726412.535027,20296075995.27266,6525650417.262367
EXC,bcc-csm1-1_rcp85_r1i1p1,FORE-SCE-A2,72,0.6110789539346791,16081407934.82048,2048374310.75231,14033033624.068167,14488008915.943346,4096196320.332864,10391812595.610485,15774011078.560196,5852456436.75844,9921554641.801754,38940664627.34954,28113900205.69772,10826764421.651834,26579964688.298775,20920011931.28659,5659952757.012183
EXC,bcc-csm1-1_rcp85_r1i1p1,FORE-SCE-B1,72,0.6110789539346791,14631418355.324669,2031132802.2595034,12600285553.065166,13143955169.701656,4101644174.4632196,9042310995.23844,14532154829.928255,5872476883.124039,8659677946.804216,37781240556.835266,28283294638.610146,9497945918.225122,25562718871.38716,21049370068.73887,4513348802.648304
EXC,bcc-csm1-1_rcp85_r1i1p1,GCAM-26,72,0.6110789539346791,23379318482.32399,2166554216.123032,21212764266.20096,23743661008.25617,4138371871.8214273,19605289136.434746,24757139211.723907,6664505018.898138,18092634192.82578,49235407658.43805,29415457660.636166,19819949997.801903,32802674306.416412,19316197618.579353,13486476687.837048
EXC,bcc-csm1-1_rcp85_r1i1p1,GCAM-45,72,0.6110789539346791,20309989060.17715,2302964483.3931384,18007024576.784008,18600282113.276638,4027887976.2393403,14572394137.03729,19912419210.426308,6294488770.807413,13617930439.618896,45066728625.23521,30304191501.10136,14762537124.133842,29447302395.172733,20476282798.443073,8971019596.729664
EXC,bcc-csm1-1_rcp85_r1i1p1,GCAM-ref,72,0.6110789539346791,16838890886.306803,2222644159.0793056,14616246727.227495,15164718804.454952,4070637831.95005,11094080972.504902,16581693135.96262,6087262479.3871355,10494430656.575483,40941028188.807686,29488472977.75429,11452555211.0534,26320447343.54293,20042365738.024822,6278081605.518101
EXC,bcc-csm1-1_rcp85_r1i1p1,LUCAS-BAU_High-0001,72,0.6110789539346791,12694281218.384806,1965431921.5869024,10728849296.797907,12218185905.801592,4609454677.265456,7608731228.53613,13517925626.171667,6201077065.690895,7316848560.48077,36194416892.05498,28122016125.60908,8072400766.4459095,24999748435.109352,21497131893.807487,3502616541.3018703
EXC,bcc-csm1-1_rcp85_r1i1p1,LUCAS-BAU_High-0002,72,0.6110789539346791,12954062099.974308,1981945952.1575644,10972116147.816742,12348537051.577301,4615963420.003451,7732573631.5738535,13595480442.489113,6162679956.647622,7432800485.841487,36292892479.74034,28152312963.968765,8140579515.771569,25017527385.728622,21394577392.954918,3622949992.773703
EXC,canesm2_rcp26_r1i1p1,FORE-SCE-A1B,72,0.5698591150484685,15456435002.006538,3282731217.7882633,12173703784.218275,14866876247.632988,4912551221.14311,9954325026.489876,21615633653.465317,12005832473.141571,9609801180.323744,11305820610.823965,1673189524.688464,9632631086.135502,17441649451.98838,1551143417.9597995,15890506034.028582
EXC,canesm2_rcp26_r1i1p1,FORE-SCE-A2,72,0.5698591150484685,13720630072.339588,3183150454.3812137,10537479617.958374,13708652904.666487,5115419647.787315,8593233256.879168,20302391512.95265,12040732061.97323,8261659450.979413,9881082846.873524,1621866691.457115,8259216155.416412,15506615334.138708,1489758300.0518687,14016857034.08684
EXC,canesm2_rcp26_r1i1p1,FORE-SCE-B1,72,0.5698591150484685,13109235894.51312,3160677292.870735,9948558601.642387,12993348847.991066,5124114102.296263,7869234745.694803,19586682918.979153,12007150601.73042,7579532317.248743,9214357446.272182,1611071037.3171499,7603286408.955034,14269645871.476305,1476605214.1920373,12793040657.284273
EXC,canesm2_rcp26_r1i1p1,GCAM-26,72,0.5698591150484685,22212509509.032597,3658056061.8705697,18554453447.162025,21452010451.08917,4710473166.999297,16741537284.08987,26491620943.04583,10148370784.782974,16343250158.262861,18157294073.091286,1612756819.8866434,16544537253.20464,26402772060.666065,1501289573.0162468,24901482487.649822
EXC,canesm2_rcp26_r1i1p1,GCAM-45,72,0.5698591150484685,18047759259.91848,3416404039.4800406,14631355220.438444,17583515789.090046,4975884044.502048,12607631744.587994,23611073356.38368,11552513143.894363,12058560212.489305,13596176488.681284,1476880322.038948,12119296166.642336,20654577334.215233,1351415491.6482158,19303161842.567017
EXC,canesm2_rcp26_r1i1p1,GCAM-ref,72,0.5698591150484685,15674044208.841873,3331286036.5540724,12342758172.287798,15071416291.828705,4935663918.4259405,10135752373.402765,21197817536.47789,11325841529.400652,9871976007.077236,11635884539.24267,1706991707.2584238,9928892831.984247,17582163597.14475,1581999296.1608639,16000164300.983889
EXC,canesm2_rcp26_r1i1p1,LUCAS-BAU_High-0001,72,0.5698591150484685,12337674797.126146,3465729700.0818286,8871945097.044323,12029093520.821451,5101862123.868618,6927231396.952828,18925503052.43321,12218752036.496773,6706751015.936442,8311949126.656047,1585690529.6626234,6726258596.993423,12749614718.920559,1445143782.0283532,11304470936.892208
EXC,canesm2_rcp26_r1i1p1,LUCAS-BAU_High-0002,72,0.5698591150484685,12497339988.72236,3477163625.1852956,9020176363.53706,12175971164.100813,5090810953.103545,7085160210.997265,19081223883.09576,12230757965.840202,6850465917.255551,8446070350.027041,1589485097.3138583,6856585252.713183,13014758378.037916,1450297051.3777988,11564461326.66012
EXC,canesm2_rcp45_r1i1p1,FORE-SCE-A1B,72,0.5489836088701442,10127920324.979992,0.0,10127920324.979992,8193774728.67026,0.0,8193774728.67026,7314701608.447717,0.0,7314701608.447717,7352644141.982431,0.0,7352644141.982431,10408726007.580864,0.0,10408726007.580864
EXC,canesm2_rcp45_r1i1p1,FORE-SCE-A2,72,0.5489836088701442,9205104000.72696,0.0,9205104000.72696,7271773460.585339,0.0,7271773460.585339,6379251043.383036,0.0,6379251043.383036,6464934523.944512,0.0,6464934523.944512,9095256371.830053,0.0,9095256371.830053
EXC,canesm2_rcp45_r1i1p1,FORE-SCE-B1,72,0.5489836088701442,8685065623.75855,0.0,8685065623.75855,6437432942.556266,0.0,6437432942.556266,5594174746.574045,0.0,5594174746.574045,5651263615.71203,0.0,5651263615.71203,8025982626.744507,0.0,8025982626.744507
EXC,canesm2_rcp45_r1i1p1,GCAM-26,72,0.5489836088701442,15629862358.404543,0.0,15629862358.404543,14154734090.275333,0.0,14154734090.275333,13124340871.644363,0.0,13124340871.644363,13059449240.633627,0.0,13059449240.633627,17214809118.348858,0.0,17214809118.348858
EXC,canesm2_rcp45_r1i1p1,GCAM-45,72,0.5489836088701442,12305535761.31981,0.0,12305535761.31981,10518814457.116886,0.0,10518814457.116886,9705526999.919653,0.0,9705526999.919653,9534097180.279009,0.0,9534097180.279009,12804765050.851345,0.0,12804765050.851345
EXC,canesm2_rcp45_r1i1p1,GCAM-ref,72,0.5489836088701442,10052456412.823635,0.0,10052456412.823635,8082739093.950673,0.0,8082739093.950673,7209189367.211618,0.0,7209189367.211618,7180265200.0370035,0.0,7180265200.0370035,10320061080.747532,0.0,10320061080.747532
EXC,canesm2_rcp45_r1i1p1,LUCAS-BAU_High-0001,72,0.5489836088701442,7773852560.528109,0.0,7773852560.528109,5573184194.84058,0.0,5573184194.84058,4793088476.57679,0.0,4793088476.57679,4943024500.534833,0.0,4943024500.534833,6915173948.980897,0.0,6915173948.980897
EXC,canesm2_rcp45_r1i1p1,LUCAS-BAU_High-0002,72,0.5489836088701442,7851096094.375607,0.0,7851096094.375607,5692665604.627809,0.0,5692665604.627809,4895324327.540078,0.0,4895324327.540078,4993510719.322218,0.0,4993510719.322218,7088908757.461722,0.0,7088908757.461722
EXC,canesm2_rcp85_r1i1p1,FORE-SCE-A1B,72,0.5193840238510156,58193415115.05479,41014153605.1213,17179261509.933496,64317659201.640495,48499403349.643166,15818255851.997335,73516348372.56029,58087907485.19497,15428440887.36532,74132735614.72626,56492273700.22071,17640461914.50555,79976778498.69267,67413429078.05707,12563349420.635628
EXC,canesm2_rcp85_r1i1p1,FORE-SCE-A2,72,0.5193840238510156,56729351676.765785,40901990742.00206,15827360934.763731,62737763369.25402,48265497303.21804,14472266066.035969,72025996754.84857,57902932015.37872,14123064739.469858,72603257505.1372,56441680293.079765,16161577212.05743,79490686543.08315,68347807851.24146,11142878691.841667
EXC,canesm2_rcp85_r1i1p1,FORE-SCE-B1,72,0.5193840238510156,54824955995.71544,40613309759.36702,14211646236.348434,62108248713.076126,49189128149.006134,12919120564.070007,71378091274.97937,58773919704.32882,12604171570.650522,70655685874.70897,56336810204.2976,14318875670.41136,79191788386.73741,69356947562.95427,9834840823.783134
EXC,canesm2_rcp85_r1i1p1,GCAM-26,72,0.5193840238510156,65926536142.6035,39503239053.67432,26423297088.92917,70856705603.95175,46142053542.13327,24714652061.81848,80303097736.0951,56012600989.69887,24290496746.39622,75847674043.83365,48671261927.68464,27176412116.148994,82112732921.62758,61697087359.97994,20415645561.647644
EXC,canesm2_rcp85_r1i1p1,GCAM-45,72,0.5193840238510156,61093628444.87359,40390404911.881485,20703223532.992115,66021861266.972466,46733550356.51475,19288310910.457726,75801331886.15239,56997040547.65982,18804291338.492584,68872021367.41946,47899814065.42844,20972207301.99102,78391455198.49278,62984387768.92373,15407067429.569033
EXC,canesm2_rcp85_r1i1p1,GCAM-ref,72,0.5193840238510156,57858004412.70582,40787313231.21324,17070691181.49258,63926628990.1748,48309545036.26394,15617083953.910875,73024505654.04646,57835616845.92012,15188888808.126358,73729000679.9343,56439936659.90872,17289064020.025555,80087583324.00955,67586312491.1734,12501270832.836163
EXC,canesm2_rcp85_r1i1p1,LUCAS-BAU_High-0001,72,0.5193840238510156,52988225484.378746,40393841602.598656,12594383881.780079,60411320879.77793,49079676667.21209,11331644212.565851,69281064649.60927,58360247156.599174,10920817493.01011,68641190515.39012,56235076351.23366,12406114164.156454,79735434806.58301,71170028598.59181,8565406207.991176
EXC,canesm2_rcp85_r1i1p1,LUCAS-BAU_High-0002,72,0.5193840238510156,53146103403.87702,40313147888.69734,12832955515.17968,60541972038.624535,49002617220.639824,11539354817.984726,69331449566.5476,58203854906.77939,11127594659.768211,68898782718.49016,56241012994.417175,12657769724.072968,79644374341.60678,70884083766.60898,8760290574.997803
EXC,ccsm4_rcp26_r1i1p1,FORE-SCE-A1B,72,0.6056924543491942,7776466482.109859,0.0,7776466482.109859,7679912379.0282755,809032912.2516843,6870879466.77659,9631483436.451466,3854917090.605836,5776566345.845633,19274477308.102367,12255459691.762072,7019017616.340303,18281344141.300133,13231842277.440134,5049501863.859997
EXC,ccsm4_rcp26_r1i1p1,FORE-SCE-A2,72,0.6056924543491942,7050583779.20224,942120.0194008634,7049641659.182839,6961817657.535852,952913732.269067,6008903925.266785,8947102983.338089,3986157533.5988297,4960945449.73926,19084980448.854008,12995155447.579527,6089825001.274485,18717775244.99887,14436663427.937876,4281111817.061007
EXC,ccsm4_rcp26_r1i1p1,FORE-SCE-B1,72,0.6056924543491942,6211989375.123499,2582403.8128283066,6209406971.310671,6161193904.799886,972416099.6166095,5188777805.183276,8109696949.027281,3983047619.5735607,4126649329.4537187,19287813206.601852,14109776679.681145,5178036526.920714,19245187097.15265,15819464646.428116,3425722450.72453
EXC,ccsm4_rcp26_r1i1p1,GCAM-26,72,0.6056924543491942,13585299332.537695,0.0,13585299332.537695,12818734306.990513,161689278.69495746,12657045028.295559,11555447286.229866,0.0,11555447286.229866,35767899004.121124,22549949527.86363,13217949476.257513,23437438633.219055,13678341047.94156,9759097585.277496
EXC,ccsm4_rcp26_r1i1p1,GCAM-45,72,0.6056924543491942,9968020715.74583,0.0,9968020715.74583,9876594096.429436,815540963.8373384,9061053132.592096,11540302182.818445,3639505999.9999857,7900796182.818456,32469462470.38503,23345696854.77788,9123765615.607141,20745189437.3754,14162487713.703247,6582701723.672156
EXC,ccsm4_rcp26_r1i1p1,GCAM-ref,72,0.6056924543491942,7713346554.426479,0.0,7713346554.426479,7694146918.743356,920948930.0891123,6773197988.654244,9240165223.717657,3639505999.9999933,5600659223.717665,19344898368.515644,12498886282.31969,6846012086.195952,18300292143.977184,13428852443.902771,4871439700.074417
EXC,ccsm4_rcp26_r1i1p1,LUCAS-BAU_High-0001,72,0.6056924543491942,5393366195.692629,14721883.1421902,5378644312.550439,5306013793.080102,901369636.4243662,4404644156.655737,7348276639.982955,3989412507.138749,3358864132.844203,20889856215.90317,16574681546.435307,4315174669.46787,20740467234.3941,18085276093.90316,2655191140.4909363
EXC,ccsm4_rcp26_r1i1p1,LUCAS-BAU_High-0002,72,0.6056924543491942,5530337339.534237,10031345.535349283,5520305993.998888,5337602535.692773,844114544.9719021,4493487990.720871,7457208216.342031,3985763708.438517,3471444507.903513,19798652703.239628,15340575465.63626,4458077237.603364,20548765556.14724,17788708850.707554,2760056705.439679
EXC,ccsm4_rcp45_r1i1p1,FORE-SCE-A1B,72,0.5843879565818275,8698971234.55733,35236902.15126808,8663734332.406061,7926725857.026677,0.0,7926725857.026677,7210144710.688139,648545139.914558,6561599570.7735815,6460579341.31051,68367999.99999657,6392211341.310512,10080201069.375002,3002559.6552131902,10077198509.719788
EXC,ccsm4_rcp45_r1i1p1,FORE-SCE-A2,72,0.5843879565818275,7872871909.533546,75583954.81975204,7797287954.713793,6764444492.609024,0.0,6764444492.609024,6509495873.728958,1118638406.916426,5390857466.812533,5244179176.401274,68367999.99999657,5175811176.401278,8638196874.211056,10444054.421418697,8627752819.789639
EXC,ccsm4_rcp45_r1i1p1,FORE-SCE-B1,72,0.5843879565818275,7196954743.928891,78075609.93600346,7118879133.9928875,6041669824.292201,0.0,6041669824.292201,5868431643.256878,1140142968.369939,4728288674.886942,4590273364.965092,68367999.99999766,4521905364.965094,7746179627.743723,10957875.051940937,7735221752.691782
EXC,ccsm4_rcp45_r1i1p1,GCAM-26,72,0.5843879565818275,15186884463.669424,0.0,15186884463.669424,14216798141.778873,0.0,14216798141.778873,13173343453.14694,124760612.54123724,13048582840.605703,14249263125.349749,777753316.1928389,13471509809.15691,17029221445.219849,0.0,17029221445.219849
EXC,ccsm4_rcp45_r1i1p1,GCAM-45,72,0.5843879565818275,11081657993.40031,0.0,11081657993.40031,10375697545.362885,0.0,10375697545.362885,9495933815.59115,425105516.2362547,9070828299.354897,9694798368.230064,362673515.69549286,9332124852.53457,12580699957.49389,0.0,12580699957.49389
EXC,ccsm4_rcp45_r1i1p1,GCAM-ref,72,0.5843879565818275,8845344020.760504,29969475.013043664,8815374545.74746,8128773645.610999,0.0,8128773645.610999,7458027613.400024,683837316.2522359,6774190297.147788,6699667500.013637,68367999.99999748,6631299500.013639,10307313612.174082,2244440.214275164,10305069171.959806
EXC,ccsm4_rcp45_r1i1p1,LUCAS-BAU_High-0001,72,0.5843879565818275,6485309879.787243,86011636.71323866,6399298243.074005,5352608906.620108,0.0,5352608906.620108,5136010052.194675,1099401370.5596118,4036608681.6350627,4145782716.384847,263355729.31301212,3882426987.071835,6795694654.353829,12602113.545087922,6783092540.808742
EXC,ccsm4_rcp45_r1i1p1,LUCAS-BAU_High-0002,72,0.5843879565818275,6614009651.506909,81428910.937402,6532580740.569507,5479083376.325875,0.0,5479083376.325875,5236491682.7673855,1061433018.5215191,4175058664.2458663,4139062073.2614355,152033077.92847753,3987028995.3329577,6974696875.548935,11716992.014623612,6962979883.534311
EXC,ccsm4_rcp60_r1i1p1,FORE-SCE-A1B,72,0.6019719811599994,7589400012.696888,0.0,7589400012.696888,6055430715.743969,0.0,6055430715.743969,4888467094.89678,0.0,4888467094.89678,18465378219.538227,13444988710.45929,5020389509.07894,10070540279.525936,6353800844.941019,3716739434.5849137
EXC,ccsm4_rcp60_r1i1p1,FORE-SCE-A2,72,0.6019719811599994,6546123109.447395,0.0,6546123109.447395,5178982300.188423,0.0,5178982300.188423,4012330488.60653,0.0,4012330488.60653,17730966380.437584,13585228747.953104,4145737632.4844847,9622776592.10863,6783720384.788992,2839056207.3196373
EXC,ccsm4_rcp60_r1i1p1,FORE-SCE-B1,72,0.6019719811599994,6167960959.893627,0.0,6167960959.893627,4661634146.083852,0.0,4661634146.083852,3549834514.742173,0.0,3549834514.742173,18130471058.729755,14457717016.68598,3672754042.0437775,10293757977.198313,7873046824.66281,2420711152.5355024
EXC,ccsm4_rcp60_r1i1p1,GCAM-26,72,0.6019719811599994,12361571332.866133,0.0,12361571332.866133,11172078049.664457,0.0,11172078049.664457,9830982156.17981,0.0,9830982156.17981,22761600136.35186,12730312580.298437,10031287556.05342,12431612876.465546,4191256822.5850644,8240356053.880483
EXC,ccsm4_rcp60_r1i1p1,GCAM-45,72,0.6019719811599994,9204873887.529348,0.0,9204873887.529348,7936479464.761431,0.0,7936479464.761431,6635102165.549472,0.0,6635102165.549472,19834912200.87218,12960906986.709202,6874005214.162976,11103783014.660095,5815493838.035994,5288289176.6241045
EXC,ccsm4_rcp60_r1i1p1,GCAM-ref,72,0.6019719811599994,7787373745.667607,0.0,7787373745.667607,6253828499.575901,0.0,6253828499.575901,5069386134.394466,0.0,5069386134.394466,19258383198.879826,14007663151.225468,5250720047.654357,10916316744.790758,6907736707.287916,4008580037.502842
EXC,ccsm4_rcp60_r1i1p1,LUCAS-BAU_High-0001,72,0.6019719811599994,5511651576.511785,0.0,5511651576.511785,4074231709.5353613,0.0,4074231709.5353613,2927163139.761473,0.0,2927163139.761473,17964899010.211483,14902820029.508293,3062078980.7031884,11222305131.475986,9232221408.228592,1990083723.247394
EXC,ccsm4_rcp60_r1i1p1,LUCAS-BAU_High-0002,72,0.6019719811599994,5551624076.455142,0.0,5551624076.455142,4174143145.2998643,0.0,4174143145.2998643,3033588438.795411,0.0,3033588438.795411,17942490614.55368,14820754336.805542,3121736277.748137,11181266707.811321,9099064793.272776,2082201914.5385442
EXC,ccsm4_rcp85_r1i1p1,FORE-SCE-A1B,72,0.5720302660452583,14822032384.265156,2185533742.4702334,12636498641.794924,12793848906.87818,2429794394.0519514,10364054512.826227,9442473652.792263,176870116.80367798,9265603535.988585,14637672087.446346,5425020346.261501,9212651741.184847,20277301071.111454,7375642590.735125,12901658480.376328
EXC,ccsm4_rcp85_r1i1p1,FORE-SCE-A2,72,0.5720302660452583,13561870422.909798,2172135114.7606006,11389735308.149197,11551613187.043934,2437203788.2899313,9114409398.754002,8298547959.352806,176191661.80971187,8122356297.543095,13488549626.996964,5453292090.70664,8035257536.290322,18672032386.83398,7465132164.255204,11206900222.578777
EXC,ccsm4_rcp85_r1i1p1,FORE-SCE-B1,72,0.5720302660452583,12280822987.55563,1811018217.2724152,10469804770.283215,10709974911.282774,2594455160.487653,8115519750.795121,7513811258.147072,326757804.0431763,7187053454.103896,12563317296.223478,5509012951.655098,7054304344.568379,17866885413.474518,7825986892.908113,10040898520.566408
EXC,ccsm4_rcp85_r1i1p1,GCAM-26,72,0.5720302660452583,21849173680.31711,1630804504.9537535,20218369175.36335,19423118747.15061,1354183976.5701134,18068934770.580498,16478648613.897867,0.0,16478648613.897867,20170366062.204254,3644728475.9528723,16525637586.251377,27597908508.3353,6244249462.336614,21353659045.998684
EXC,ccsm4_rcp85_r1i1p1,GCAM-45,72,0.5720302660452583,17655871226.458145,1873767226.815133,15782103999.643015,15779776718.91625,2422225844.9957314,13357550873.920519,12139503532.974009,187509870.422088,11951993662.55192,15461038097.159899,3710671966.1921067,11750366130.96779,22521846839.876083,6652523745.6519985,15869323094.22409
EXC,ccsm4_rcp85_r1i1p1,GCAM-ref,72,0.5720302660452583,14746960987.24908,2160776666.8780327,12586184320.371052,12747744070.587267,2445054218.798118,10302689851.789148,9359639936.862474,173792169.78066272,9185847767.081812,14559251633.032324,5489402569.150879,9069849063.881449,20590804932.351498,7596116776.048545,12994688156.302946
EXC,ccsm4_rcp85_r1i1p1,LUCAS-BAU_High-0001,72,0.5720302660452583,11009180224.709951,1794189427.3521929,9214990797.357758,9668616708.7859,2631588366.119726,7037028342.666172,6390608500.978697,321998663.7380576,6068609837.240639,11555369918.847488,5643077907.481019,5912292011.366469,16879165259.37165,8245957158.723569,8633208100.648083
EXC,ccsm4_rcp85_r1i1p1,LUCAS-BAU_High-0002,72,0.5720302660452583,11209424308.03115,1795273750.8427997,9414150557.188353,9814499788.260546,2627353232.108248,7187146556.1523,6546804003.562099,322162825.75989026,6224641177.802209,11712455543.305828,5628660846.677551,6083794696.628272,17073180560.9404,8205106735.5362425,8868073825.404156
EXC,cesm1-bgc_rcp45_r1i1p1,FORE-SCE-A1B,72,0.5458503691132406,11898666952.810339,3008675054.27648,8889991898.533855,11908150620.070768,4442780623.969234,7465369996.10154,14389841397.373413,7934319338.161677,6455522059.211735,15941554590.29519,9831314867.486393,6110239722.808799,19448866854.674526,8317322811.105426,11131544043.569105
EXC,cesm1-bgc_rcp45_r1i1p1,FORE-SCE-A2,72,0.5458503691132406,11134758979.257212,3004557426.181999,8130201553.0752125,11154875886.480154,4472586810.806295,6682289075.673864,13796861114.556007,8058685101.400003,5738176013.156,15382964158.427528,9956924203.554728,5426039954.872797,18175265757.873413,8332781040.968616,9842484716.904799
EXC,cesm1-bgc_rcp45_r1i1p1,FORE-SCE-B1,72,0.5458503691132406,10500685332.545109,2969861590.618108,7530823741.927,10459248801.455603,4646347748.493597,5812901052.962006,13186916917.233242,8267211479.916621,4919705437.31662,15040913248.369356,10407506506.811964,4633406741.557392,17172208242.088852,8396961872.208662,8775246369.880188
EXC,cesm1-bgc_rcp45_r1i1p1,GCAM-26,72,0.5458503691132406,15410465334.445454,1173630484.1130643,14236834850.332388,16599810288.938366,3502674461.9016333,13097135827.036734,18629063634.609478,6742310866.994731,11886752767.614752,19816689516.080288,8497319582.488722,11319369933.591568,25756804670.953873,8746249548.684408,17010555122.26946
EXC,cesm1-bgc_rcp45_r1i1p1,GCAM-45,72,0.5458503691132406,13556517701.313547,2702511312.776534,10854006388.537014,14101137285.668709,4537575663.556673,9563561622.112034,15975980678.1089,7645676921.374017,8330303756.7348795,17159465395.319195,9233396610.79906,7926068784.520132,21845537025.019955,8999876203.39135,12845660821.628607
EXC,cesm1-bgc_rcp45_r1i1p1,GCAM-ref,72,0.5458503691132406,11798059126.420832,2990052800.3459096,8808006326.074923,11835379280.876059,4535947302.811007,7299431978.065048,14577175667.82391,8307883137.30499,6269292530.518921,16091778794.715757,10207986737.039272,5883792057.676481,19479383656.73725,8362175202.771991,11117208453.965256
EXC,cesm1-bgc_rcp45_r1i1p1,LUCAS-BAU_High-0001,72,0.5458503691132406,9651595670.004791,2943662523.3061557,6707933146.698635,9853930015.934715,4827477138.70426,5026452877.230455,12917138217.887812,8761381239.50757,4155756978.3802414,14813362355.271023,10883360020.78505,3930002334.4859715,16109365381.143597,8460293137.266044,7649072243.877554
EXC,cesm1-bgc_rcp45_r1i1p1,LUCAS-BAU_High-0002,72,0.5458503691132406,9779055768.950396,2944961181.542635,6834094587.40776,9936777568.994682,4812242180.851082,5124535388.143602,12923543974.661263,8723107709.39357,4200436265.267689,14824755893.116129,10848031113.027502,3976724780.088625,16288208297.819643,8455157206.122301,7833051091.697341
EXC,cesm1-bgc_rcp85_r1i1p1,FORE-SCE-A1B,72,0.5449397600280128,11549766222.700634,1774834500.4480863,9774931722.252548,9579930764.749832,2318771766.2279096,7261158998.521925,10221350563.629362,3076700051.4744725,7144650512.154886,34016172483.772427,26781808593.29041,7234363890.482014,24509063971.496483,21570236281.910267,2938827689.586215
EXC,cesm1-bgc_rcp85_r1i1p1,FORE-SCE-A2,72,0.5449397600280128,10821819081.426674,1762041513.363647,9059777568.063026,8656647920.456833,2312251876.6315765,6344396043.825257,9223718023.664465,2937242146.305981,6286475877.358481,33235084324.346745,26785143887.281002,6449940437.065745,24275763251.559456,22018122489.906532,2257640761.652925
EXC,cesm1-bgc_rcp85_r1i1p1,FORE-SCE-B1,72,0.5449397600280128,9918259241.328234,1688396686.0986753,8229862555.229561,7976854029.9202,2273141481.2142563,5703712548.705944,8555922986.785237,2954212380.0063534,5601710606.778887,32324195038.97687,26687462028.78334,5636733010.193539,24677865664.1302,22730467074.201366,1947398589.9288318
EXC,cesm1-bgc_rcp85_r1i1p1,GCAM-26,72,0.5449397600280128,17298960697.345238,1998133941.3195748,15300826756.025663,14681197526.959206,1962723149.367758,12718474377.591448,14194360534.829597,1463583900.8736303,12730776633.955967,40231513548.0091,27664274012.220104,12567239535.788988,26403722590.005596,19978487808.01838,6425234781.987211
EXC,cesm1-bgc_rcp85_r1i1p1,GCAM-45,72,0.5449397600280128,13632144154.257246,1861328858.965932,11770815295.291313,11745748510.943256,2420709427.890857,9325039083.0524,12439775397.077234,3239175739.2864895,9200599657.79075,36497089888.96645,27580206056.96577,8916883832.000677,25546732091.516853,21508342861.23354,4038389230.2833095
EXC,cesm1-bgc_rcp85_r1i1p1,GCAM-ref,72,0.5449397600280128,11368584446.222591,1723710375.8181968,9644874070.404396,9424368456.074389,2275332072.004973,7149036384.069418,10055143355.363708,3032529911.4785156,7022613443.885191,33633732410.994167,26715874743.858566,6917857667.135609,24705272850.924255,21683950599.61953,3021322251.304725
EXC,cesm1-bgc_rcp85_r1i1p1,LUCAS-BAU_High-0001,72,0.5449397600280128,8933773745.328737,1614786296.2272897,7318987449.101445,7171875741.723881,2307556597.3644953,4864319144.359385,7382302903.925086,2573696896.1986923,4808606007.726394,31421699388.03039,26530992638.251156,4890706749.779236,25208816849.75618,23668194191.55297,1540622658.2032137
EXC,cesm1-bgc_rcp85_r1i1p1,LUCAS-BAU_High-0002,72,0.5449397600280128,9038173249.778519,1619099647.676581,7419073602.101938,7302090230.500049,2312295990.7051663,4989794239.794883,7471676788.826342,2584532726.1184435,4887144062.707898,31485590731.95862,26544284314.121918,4941306417.836693,25191843906.76022,23572234079.19569,1619609827.5645332
EXC,cesm1-cam5_rcp26_r1i1p1,FORE-SCE-A1B,72,0.5562129716997161,9957330414.84354,1505803542.4675076,8451526872.376035,12156156744.216675,5786857999.999984,6369298744.216688,12041270004.21403,6587085999.999984,5454184004.214043,19679998784.937527,14514777713.93634,5165221071.001181,21486237475.225426,18180220821.185028,3306016654.0403986
EXC,cesm1-cam5_rcp26_r1i1p1,FORE-SCE-A2,72,0.5562129716997161,9482426777.057432,1771907583.676603,7710519193.380829,11303259948.235466,5664084038.951251,5639175909.284212,11128135610.497011,6318906466.8039665,4809229143.693042,18953727688.816414,14425852926.232498,4527874762.583924,20936342706.147625,18214583165.622604,2721759540.525014
EXC,cesm1-cam5_rcp26_r1i1p1,FORE-SCE-B1,72,0.5562129716997161,8760201191.61752,1797223570.5694082,6962977621.048114,10693153932.131783,5749805276.172075,4943348655.959703,10670084721.340088,6461278535.090855,4208806186.249235,18497251309.523216,14544031409.822792,3953219899.700429,20479668909.21208,18259109611.12312,2220559298.088967
EXC,cesm1-cam5_rcp26_r1i1p1,GCAM-26,72,0.5562129716997161,16740455210.98235,4411294232.652124,12329160978.330227,16713456663.06196,5084174676.172702,11629281986.889265,17010691379.049114,6887880473.717813,10122810905.3313,23788849590.284504,14323464734.074213,9465384856.210287,24639049672.48419,17445800281.29831,7193249391.185883
EXC,cesm1-cam5_rcp26_r1i1p1,GCAM-45,72,0.5562129716997161,13213197861.209581,3261073349.8080955,9952124511.401485,13986260778.403078,5704886939.3156395,8281373839.087439,13895891276.692507,6777762796.298372,7118128480.394132,21475894457.757698,14842406308.381811,6633488149.375888,22799807777.000355,18199803115.348442,4600004661.651909
EXC,cesm1-cam5_rcp26_r1i1p1,GCAM-ref,72,0.5562129716997161,9661866610.322176,1416251580.26809,8245615030.054087,11994152443.08563,5781694449.007673,6212457994.077955,11876594208.017439,6587085999.999983,5289508208.017451,19378260114.137306,14370731895.05162,5007528219.085691,21334109138.545246,18112890005.42845,3221219133.116788
EXC,cesm1-cam5_rcp26_r1i1p1,LUCAS-BAU_High-0001,72,0.5562129716997161,8159342976.923223,2136906722.847492,6022436254.075731,9766315233.201084,5646044834.052695,4120270399.1483903,9558576126.563301,6131920776.321289,3426655350.2420077,18013059334.751587,14769264879.953571,3243794454.7980146,20116621042.22838,18402396211.87823,1714224830.3501506
EXC,cesm1-cam5_rcp26_r1i1p1,LUCAS-BAU_High-0002,72,0.5562129716997161,8268828490.803274,2096988318.7008083,6171840172.1024685,9843750960.92493,5610260405.5959015,4233490555.3290286,9609335159.6034,6089707538.100368,3519627621.503031,18035550096.94424,14737065215.789244,3298484881.1549954,20158351175.001595,18369172330.000202,1789178845.0013943
EXC,cesm1-cam5_rcp45_r1i1p1,FORE-SCE-A1B,72,0.6147240121606264,10529098846.155012,0.0,10529098846.155012,8891271368.963974,0.0,8891271368.963974,7710066802.397133,0.0,7710066802.397133,8283765218.862739,616920520.6211085,7666844698.241628,11897073372.801987,0.0,11897073372.801987
EXC,cesm1-cam5_rcp45_r1i1p1,FORE-SCE-A2,72,0.6147240121606264,9187353670.497358,0.0,9187353670.497358,7657180684.548754,0.0,7657180684.548754,6516447883.173158,0.0,6516447883.173158,6965918886.359472,636109616.0492647,6329809270.310207,10307908009.269861,50204194.372801065,10257703814.897062
EXC,cesm1-cam5_rcp45_r1i1p1,FORE-SCE-B1,72,0.6147240121606264,8341073736.914027,0.0,8341073736.914027,6855481490.5842285,0.0,6855481490.5842285,5762887513.342502,0.0,5762887513.342502,6234428753.669753,642733450.8169153,5591695302.8528385,9282783952.494267,68140064.41284527,9214643888.08142
EXC,cesm1-cam5_rcp45_r1i1p1,GCAM-26,72,0.6147240121606264,17394284754.81764,0.0,17394284754.81764,16137439602.314598,0.0,16137439602.314598,14348783648.718801,0.0,14348783648.718801,14922664651.35826,178346000.00000048,14744318651.35826,19569805987.519432,0.0,19569805987.519432
EXC,cesm1-cam5_rcp45_r1i1p1,GCAM-45,72,0.6147240121606264,13042486256.575703,0.0,13042486256.575703,11723870032.162844,0.0,11723870032.162844,10259100761.722073,0.0,10259100761.722073,10774415574.467268,386822000.00001466,10387593574.467253,14566836024.927244,0.0,14566836024.927244
EXC,cesm1-cam5_rcp45_r1i1p1,GCAM-ref,72,0.6147240121606264,10589222239.192116,0.0,10589222239.192116,9092028996.181334,0.0,9092028996.181334,7869512514.180764,0.0,7869512514.180764,8332901273.757457,475540255.31561327,7857361018.441842,12105478061.320026,0.0,12105478061.320026
EXC,cesm1-cam5_rcp45_r1i1p1,LUCAS-BAU_High-0001,72,0.6147240121606264,7435095202.957524,0.0,7435095202.957524,6030737478.0191765,0.0,6030737478.0191765,5222595486.058629,335321089.18109226,4887274396.877537,5431558193.547278,671770674.9213109,4759787518.625967,8168782426.235111,140171573.2955956,8028610852.939516
EXC,cesm1-cam5_rcp45_r1i1p1,LUCAS-BAU_High-0002,72,0.6147240121606264,7629741833.767381,0.0,7629741833.767381,6150963024.899094,0.0,6150963024.899094,5369959512.104502,335716578.95692605,5034242933.147575,5595449946.444537,672157226.913466,4923292719.531071,8371851248.514888,127357975.32750039,8244493273.187388
EXC,cesm1-cam5_rcp60_r1i1p1,FORE-SCE-A1B,72,0.5559255337926443,16133237288.464731,4289497277.5148525,11843740010.949873,15782936148.490732,5672469907.201279,10110466241.289454,11990090627.133429,3023240611.2813926,8966850015.852037,23722243256.431854,15445315828.665815,8276927427.766032,27254438923.438183,20181534076.51435,7072904846.923828
EXC,cesm1-cam5_rcp60_r1i1p1,FORE-SCE-A2,72,0.5559255337926443,14541787711.820747,4074419870.358299,10467367841.462448,14405390293.8788,5642427036.251008,8762963257.627792,12637125630.158424,5019776192.922782,7617349437.2356415,21937222764.472973,14920481683.265749,7016741081.207212,26951225171.665073,21103039462.18563,5848185709.479447
EXC,cesm1-cam5_rcp60_r1i1p1,FORE-SCE-B1,72,0.5559255337926443,13620192360.03088,4098774685.3455124,9521417674.685366,13555536409.827524,5663163301.024435,7892373108.80309,11801502293.96303,4998545200.029128,6802957093.933903,21183219805.837578,14940440884.939833,6242778920.897746,26394256009.623714,21315223998.229984,5079032011.393735
EXC,cesm1-cam5_rcp60_r1i1p1,GCAM-26,72,0.5559255337926443,21651329373.119396,3001839921.551564,18649489451.567837,23028105695.289803,5394591916.483118,17633513778.80669,19430870785.59458,2735842861.0144444,16695027924.580133,31395976042.557026,15870209968.526999,15525766074.030039,33023126400.21492,19515591824.909084,13507534575.305838
EXC,cesm1-cam5_rcp60_r1i1p1,GCAM-45,72,0.5559255337926443,18057459008.96629,4160582199.361985,13896876809.604307,18894164281.697105,5814803830.513907,13079360451.183191,15253361161.332275,3442042707.0717964,11811318454.260479,26700984882.961826,15834383440.810715,10866601442.151117,29770899671.309505,20392221823.67348,9378677847.63602
EXC,cesm1-cam5_rcp60_r1i1p1,GCAM-ref,72,0.5559255337926443,15892135729.650787,4222874895.580477,11669260834.070312,15753565368.916712,5602280688.117094,10151284680.799622,11963852910.229614,2941428096.177687,9022424814.051928,23725629022.685192,15405178915.428333,8320450107.256847,27216909448.259445,20058192957.61862,7158716490.640822
EXC,cesm1-cam5_rcp60_r1i1p1,LUCAS-BAU_High-0001,72,0.5559255337926443,12663770393.699883,4176306668.9860344,8487463724.713847,12568132052.854885,5734664674.163303,6833467378.691583,10643901369.00489,4913904576.130839,5729996792.874053,20194512164.803635,14947094354.010336,5247417810.793311,25903781383.97482,21734205722.74204,4169575661.232781
EXC,cesm1-cam5_rcp60_r1i1p1,LUCAS-BAU_High-0002,72,0.5559255337926443,12694267292.026772,4133462814.0126925,8560804478.014082,12680284849.278929,5693610951.813628,6986673897.4653015,10874146803.587097,4979213552.221235,5894933251.365863,20313472910.194553,14914830940.878347,5398641969.316207,25950051500.65789,21626313924.930832,4323737575.72705
EXC,cesm1-cam5_rcp85_r1i1p1,FORE-SCE-A1B,72,0.5822493601903028,20797244832.923344,3761886216.515424,17035358616.40792,23702949920.06116,10213953466.808912,13488996453.252243,20643256684.878223,8830950585.734802,11812306099.14342,54914279902.55601,43260067860.487724,11654212042.068296,46381615717.775055,39682845446.71637,6698770271.05868
EXC,cesm1-cam5_rcp85_r1i1p1,FORE-SCE-A2,72,0.5822493601903028,19437721017.231834,3746942352.6398306,15690778664.592003,22097190156.814995,9982546808.751934,12114643348.06306,18861744638.49375,8261832022.291286,10599912616.202456,53940829946.24677,43390136942.12045,10550693004.12631,46065397326.37471,40291569491.92726,5773827834.447439
EXC,cesm1-cam5_rcp85_r1i1p1,FORE-SCE-B1,72,0.5822493601903028,17986342972.40094,3676258582.2545285,14310084390.14641,21049860344.324284,10154526901.49109,10895333442.8332,17749790664.941456,8289523319.91693,9460267345.024529,52893771569.0113,43471555547.22569,9422216021.785603,45860556352.68364,41057395205.536285,4803161147.147372
EXC,cesm1-cam5_rcp85_r1i1p1,GCAM-26,72,0.5822493601903028,26979929693.23449,3304836181.887536,23675093511.34696,30765182157.75229,8926088457.559805,21839093700.192486,29749329781.13219,9539942461.767063,20209387319.365128,62483561975.25776,42852921395.871155,19630640579.386616,51480610095.70085,38263637291.72009,13216972803.98074
EXC,cesm1-cam5_rcp85_r1i1p1,GCAM-45,72,0.5822493601903028,23044087684.910378,3730179614.3686705,19313908070.541706,26775152401.70825,10052564416.480934,16722587985.227304,24324181993.20805,9290046108.932632,15034135884.275423,57286200864.83329,42771580347.15977,14514620517.673525,48544105603.382545,39614907943.79438,8929197659.588156
EXC,cesm1-cam5_rcp85_r1i1p1,GCAM-ref,72,0.5822493601903028,20129495909.55769,3709965777.0227327,16419530132.534952,23559752567.03865,10336004102.219019,13223748464.819632,20518301093.713726,8948296557.189854,11570004536.523865,54637362767.90439,43293873706.80882,11343489061.09557,46439048494.13304,39957220347.53226,6481828146.60079
EXC,cesm1-cam5_rcp85_r1i1p1,LUCAS-BAU_High-0001,72,0.5822493601903028,16249565535.787317,3629314240.5841,12620251295.203222,19583224955.930614,10186605447.057594,9396619508.873022,16571392220.829014,8458077847.412964,8113314373.416054,51614035887.40456,43544006573.01486,8070029314.389691,45397490210.45214,41639733206.87962,3757757003.5725
EXC,cesm1-cam5_rcp85_r1i1p1,LUCAS-BAU_High-0002,72,0.5822493601903028,16542719258.792704,3634003045.931892,12908716212.860811,19764740229.282513,10169247451.82015,9595492777.462366,16735830693.368208,8447416742.299832,8288413951.068371,51812146217.32448,43537871493.31143,8274274724.013044,45430304293.261955,41531290623.22313,3899013670.038812
EXC,cmcc-cm_rcp45_r1i1p1,FORE-SCE-A1B,72,0.6868167532891081,8604854824.402485,0.0,8604854824.402485,7739732788.810303,274522.37425895873,7739458266.436044,7564595902.196614,936128839.0411901,6628467063.155424,8543932090.056763,1742219247.2275667,6801712842.829197,7880589235.106655,0.0,7880589235.106655
EXC,cmcc-cm_rcp45_r1i1p1,FORE-SCE-A2,72,0.6868167532891081,7179150364.377509,0.0,7179150364.377509,6437176048.992679,2816829.2502128677,6434359219.742465,6282958362.2782545,975716803.9734979,5307241558.304756,7673705329.765899,2180728994.034705,5492976335.731194,6499217486.095961,0.0,6499217486.095961
EXC,cmcc-cm_rcp45_r1i1p1,FORE-SCE-B1,72,0.6868167532891081,6243064798.0852785,0.0,6243064798.0852785,5413788789.466153,0.0,5413788789.466153,5945913223.139844,1633616614.7094076,4312296608.430435,6798876805.036356,2354909337.7003736,4443967467.335981,5418802599.873805,0.0,5418802599.873805
EXC,cmcc-cm_rcp45_r1i1p1,GCAM-26,72,0.6868167532891081,16858761801.75354,0.0,16858761801.75354,16085833978.410664,0.0,16085833978.410664,15555763430.90443,983420448.5651437,14572342982.339289,16060292296.447151,1084096792.1195083,14976195504.327642,16182307836.095366,0.0,16182307836.095366
EXC,cmcc-cm_rcp45_r1i1p1,GCAM-45,72,0.6868167532891081,11555522124.539179,0.0,11555522124.539179,10791993157.264034,0.0,10791993157.264034,10672001595.605436,1176703657.0792584,9495297938.526178,11458757796.079884,1749251053.5561876,9709506742.523695,10747266151.002565,0.0,10747266151.002565
EXC,cmcc-cm_rcp45_r1i1p1,GCAM-ref,72,0.6868167532891081,8456655011.634428,0.0,8456655011.634428,7662123583.206259,38881294.0100941,7623242289.196165,7568703060.562069,1057654246.6406995,6511048813.92137,8272406977.327227,1589495112.5157924,6682911864.811436,7770682834.880918,0.0,7770682834.880918
EXC,cmcc-cm_rcp45_r1i1p1,LUCAS-BAU_High-0001,72,0.6868167532891081,5110725817.953668,0.0,5110725817.953668,4385522620.546701,77890756.66354601,4307631863.883155,5038885781.091984,1781241427.0571766,3257644354.0348063,4478835075.0697565,1142658999.9999866,3336176075.069769,4238143586.76019,0.0,4238143586.76019
EXC,cmcc-cm_rcp45_r1i1p1,LUCAS-BAU_High-0002,72,0.6868167532891081,5287951198.94492,0.0,5287951198.94492,4555735828.769444,72085038.91225336,4483650789.857191,5183942846.723595,1769597913.3755102,3414344933.348087,5254555322.646771,1751499999.999986,3503055322.646784,4416473201.298312,0.0,4416473201.298312
EXC,cmcc-cm_rcp85_r1i1p1,FORE-SCE-A1B,72,0.6432001018200447,12390284500.240646,0.0,12390284500.240646,11229783291.37081,0.0,11229783291.37081,10103355618.561855,0.0,10103355618.561855,10042336111.004318,0.0,10042336111.004318,9779743674.721725,0.0,9779743674.721725
EXC,cmcc-cm_rcp85_r1i1p1,FORE-SCE-A2,72,0.6432001018200447,11058872113.251358,0.0,11058872113.251358,9989874621.588718,0.0,9989874621.588718,8828099333.916372,0.0,8828099333.916372,8857037396.154955,0.0,8857037396.154955,8612319072.906647,0.0,8612319072.906647
EXC,cmcc-cm_rcp85_r1i1p1,FORE-SCE-B1,72,0.6432001018200447,9598479395.543255,0.0,9598479395.543255,8485948734.220961,0.0,8485948734.220961,7349650557.539454,0.0,7349650557.539454,7420588254.275572,0.0,7420588254.275572,7149868644.133619,0.0,7149868644.133619
EXC,cmcc-cm_rcp85_r1i1p1,GCAM-26,72,0.6432001018200447,21627926957.33271,0.0,21627926957.33271,20525851000.00232,0.0,20525851000.00232,18669420490.467022,0.0,18669420490.467022,18580256106.629078,553654643.1326677,18026601463.49641,18422740133.39705,0.0,18422740133.39705
EXC,cmcc-cm_rcp85_r1i1p1,GCAM-45,72,0.6432001018200447,15814128493.197763,0.0,15814128493.197763,14808548518.277454,0.0,14808548518.277454,13308393958.678934,0.0,13308393958.678934,12550283539.369652,0.0,12550283539.369652,12903375929.624384,0.0,12903375929.624384
EXC,cmcc-cm_rcp85_r1i1p1,GCAM-ref,72,0.6432001018200447,11937941344.755896,0.0,11937941344.755896,10803713759.925737,0.0,10803713759.925737,9697988852.46602,0.0,9697988852.46602,9574228587.93495,0.0,9574228587.93495,9424436266.078209,0.0,9424436266.078209
EXC,cmcc-cm_rcp85_r1i1p1,LUCAS-BAU_High-0001,72,0.6432001018200447,8056613584.245956,0.0,8056613584.245956,7081187199.6962385,0.0,7081187199.6962385,5925278540.270449,0.0,5925278540.270449,5913569005.018227,0.0,5913569005.018227,5667584658.984957,0.0,5667584658.984957
EXC,cmcc-cm_rcp85_r1i1p1,LUCAS-BAU_High-0002,72,0.6432001018200447,8229558321.3292465,0.0,8229558321.3292465,7232571542.795017,0.0,7232571542.795017,6085258012.90569,0.0,6085258012.90569,6094237330.008333,0.0,6094237330.008333,5853575040.274182,0.0,5853575040.274182
EXC,cnrm-cm5_rcp45_r1i1p1,FORE-SCE-A1B,72,0.520732967520588,12215766832.436583,0.0,12215766832.436583,7875384558.250415,0.0,7875384558.250415,8100315004.014279,0.0,8100315004.014279,11397195802.273323,3128848352.945921,8268347449.327404,8947949832.745823,1271016547.5507169,7676933285.195103
EXC,cnrm-cm5_rcp45_r1i1p1,FORE-SCE-A2,72,0.520732967520588,10965476812.707405,0.0,10965476812.707405,6940568814.567558,0.0,6940568814.567558,7150865407.056453,0.0,7150865407.056453,10467972301.59606,3126545111.6147327,7341427189.981329,7969376858.814388,1284002458.4886212,6685374400.325766
EXC,cnrm-cm5_rcp45_r1i1p1,FORE-SCE-B1,72,0.520732967520588,9968814000.255632,0.0,9968814000.255632,6259336951.888301,0.0,6259336951.888301,6458424179.910383,0.0,6458424179.910383,9683387975.717014,3055967930.779276,6627420044.937737,7188555697.806666,1284930451.213982,5903625246.592685
EXC,cnrm-cm5_rcp45_r1i1p1,GCAM-26,72,0.520732967520588,16681355305.399572,0.0,16681355305.399572,13198240486.028076,0.0,13198240486.028076,13347192109.145277,0.0,13347192109.145277,16263317304.64913,1528438931.2041776,14734878373.44495,13078594638.28347,181269654.7443873,12897324983.539083
EXC,cnrm-cm5_rcp45_r1i1p1,GCAM-45,72,0.520732967520588,14117200138.628786,0.0,14117200138.628786,9894219290.280518,0.0,9894219290.280518,9780104545.56442,0.0,9780104545.56442,12517284561.000809,1576368554.7685144,10940916006.232288,9590995412.704725,239345032.02032286,9351650380.684402
EXC,cnrm-cm5_rcp45_r1i1p1,GCAM-ref,72,0.520732967520588,12049042902.7433,0.0,12049042902.7433,7866884524.762032,0.0,7866884524.762032,8032492112.182198,0.0,8032492112.182198,11242317038.582272,3086673738.7407675,8155643299.841505,8968208323.768917,1262868625.0569034,7705339698.712015
EXC,cnrm-cm5_rcp45_r1i1p1,LUCAS-BAU_High-0001,72,0.520732967520588,8850660363.97561,0.0,8850660363.97561,5461982419.747415,0.0,5461982419.747415,5642899231.364769,0.0,5642899231.364769,8780919121.924147,2980673477.5483584,5800245644.37579,6343212157.085889,1303302315.4551868,5039909841.630705
EXC,cnrm-cm5_rcp45_r1i1p1,LUCAS-BAU_High-0002,72,0.520732967520588,9048392336.345667,0.0,9048392336.345667,5590690711.855892,0.0,5590690711.855892,5765808751.546545,0.0,5765808751.546545,8915825063.176435,2984314351.8823566,5931510711.294079,6476048432.5526285,1300641019.1527276,5175407413.399901
EXC,cnrm-cm5_rcp85_r1i1p1,FORE-SCE-A1B,72,0.5192587884553799,30825570384.14214,12290716528.900711,18534853855.241425,33347946897.08423,17782145777.505573,15565801119.578663,36455793376.180244,19606801234.31359,16848992141.866665,75519408582.21153,55370981031.97149,20148427550.240055,59868877249.96375,48050190332.52384,11818686917.439894
EXC,cnrm-cm5_rcp85_r1i1p1,FORE-SCE-A2,72,0.5192587884553799,28915776479.302284,12256110640.568764,16659665838.73352,32329301240.49429,18266605234.02098,14062696006.473307,34913868131.903175,19671931384.30976,15241936747.593414,73699983776.48259,55390667648.00045,18309316128.482143,59056556617.10268,48676447507.92997,10380109109.172716
EXC,cnrm-cm5_rcp85_r1i1p1,FORE-SCE-B1,72,0.5192587884553799,28366033467.815857,13255335189.322134,15110698278.493717,31534057171.195705,18878328272.785515,12655728898.410196,33798248106.999535,20000113720.889248,13798134386.110285,71674360426.95612,55264238604.819435,16410121822.136656,58702766405.163246,49540477235.354904,9162289169.808342
EXC,cnrm-cm5_rcp85_r1i1p1,GCAM-26,72,0.5192587884553799,40295796258.59154,11912112201.639143,28383684056.952377,38500397777.02205,14135139031.326881,24365258745.695156,41409672633.1299,15377157055.055445,26032515578.074467,75903471178.41333,43977003067.40189,31926468111.011436,56489136171.55916,37722707277.095924,18766428894.46323
EXC,cnrm-cm5_rcp85_r1i1p1,GCAM-45,72,0.5192587884553799,34433500797.97726,11956703102.446827,22476797695.530426,35222521189.92423,16231482844.02783,18991038345.896397,38302384193.60169,17775223687.996426,20527160505.605278,69113029803.30544,44140946722.7418,24972083080.56365,54436591343.84279,40671929970.79713,13764661373.045649
EXC,cnrm-cm5_rcp85_r1i1p1,GCAM-ref,72,0.5192587884553799,30620433433.06471,12241659336.045948,18378774097.018772,33008227611.488506,17741203768.43075,15267023843.057747,36388279782.53427,19790979535.824806,16597300246.709461,74904388391.52608,55150247009.56814,19754141381.95792,59759861237.79197,48064854243.236664,11695006994.555288
EXC,cnrm-cm5_rcp85_r1i1p1,LUCAS-BAU_High-0001,72,0.5192587884553799,26956976709.69259,13746166190.08336,13210810519.609228,29918449805.315075,18959843217.725586,10958606587.589489,31486687415.17099,19425125502.48433,12061561912.686666,69301946856.1902,55072027581.81359,14229919274.376635,58549123962.28203,50816169326.23291,7732954636.049125
EXC,cnrm-cm5_rcp85_r1i1p1,LUCAS-BAU_High-0002,72,0.5192587884553799,26682596565.823692,13187040438.349823,13495556127.473871,30142121116.055782,18939569971.368237,11202551144.687542,32203213083.018085,19865952624.84878,12337260458.169302,69640996367.24045,55090122769.90544,14550873597.335005,58608228445.69479,50665393383.1956,7942835062.499203
EXC,csiro-mk3-6-0_rcp26_r1i1p1,FORE-SCE-A1B,72,0.6231895741037564,15612560540.835854,2718658084.0268593,12893902456.808994,14864517482.124323,3675893920.730234,11188623561.394089,12961601579.82001,3372663884.0795994,9588937695.740412,14126052453.76034,4382279985.385,9743772468.37534,15329907478.286743,2807995063.998009,12521912414.288733
EXC,csiro-mk3-6-0_rcp26_r1i1p1,FORE-SCE-A2,72,0.6231895741037564,13900716944.793423,2664328165.0820103,11236388779.711412,13247646092.607283,3638747302.538508,9608898790.068775,11665157868.682388,3642681425.4024973,8022476443.279888,12727884417.624075,4504450189.441866,8223434228.182208,13456105117.090214,2767109796.030761,10688995321.059452
EXC,csiro-mk3-6-0_rcp26_r1i1p1,FORE-SCE-B1,72,0.6231895741037564,13070677908.264965,2502763507.8231916,10567914400.441772,12208493122.675846,3500448101.833516,8708045020.842329,10695938875.25881,3520975373.76319,7174963501.495618,11902163970.450085,4546757899.166868,7355406071.283215,12222589989.873566,2643558548.08436,9579031441.789206
EXC,csiro-mk3-6-0_rcp26_r1i1p1,GCAM-26,72,0.6231895741037564,21750605716.09144,1816897965.9578724,19933707750.133564,22734484745.97591,3731972306.2668085,19002512439.7091,21047758302.97783,3781262206.156694,17266496096.821136,20811767244.474712,3388714979.6476665,17423052264.82704,23945486456.034794,3157616972.1851873,20787869483.849606
EXC,csiro-mk3-6-0_rcp26_r1i1p1,GCAM-45,72,0.6231895741037564,18428620198.090397,2740980074.9149055,15687640123.175497,18164984726.231285,3921220312.6545115,14243764413.57678,16415095611.487894,3655734530.897077,12759361080.590816,16280861610.526077,3616852339.2351804,12664009271.290895,18375411744.131496,2883371376.6626787,15492040367.468822
EXC,csiro-mk3-6-0_rcp26_r1i1p1,GCAM-ref,72,0.6231895741037564,15514526052.2651,2628050526.2517185,12886475526.013384,15000167215.086182,3613016900.9122543,11387150314.17393,12654458468.017143,2849775645.270229,9804682822.746914,13869660698.182943,3939255506.0086823,9930405192.174257,15476956361.775673,2738314570.7041745,12738641791.071499
EXC,csiro-mk3-6-0_rcp26_r1i1p1,LUCAS-BAU_High-0001,72,0.6231895741037564,11911567339.917622,2303802498.1898394,9607764841.727783,11118055794.964901,3358887503.3442955,7759168291.620605,9520487731.34564,3241676061.1602736,6278811670.185359,10798841590.82817,4382450295.530023,6416391295.298144,10887145215.696878,2494568408.533105,8392576807.163778
EXC,csiro-mk3-6-0_rcp26_r1i1p1,LUCAS-BAU_High-0002,72,0.6231895741037564,12109135377.457188,2326532522.067375,9782602855.389814,11328344729.168844,3374922681.9532523,7953422047.21559,9691743362.036747,3241324793.153903,6450418568.882847,10938070837.696709,4377493180.48555,6560577657.211158,11141287155.016651,2511028071.25997,8630259083.756678
EXC,csiro-mk3-6-0_rcp45_r1i1p1,FORE-SCE-A1B,72,0.6456699919671046,10427781706.573948,0.0,10427781706.573948,9249791921.860798,0.0,9249791921.860798,7761179271.305693,0.0,7761179271.305693,15120130943.083216,5897855075.014223,9222275868.068995,7200015066.333674,0.0,7200015066.333674
EXC,csiro-mk3-6-0_rcp45_r1i1p1,FORE-SCE-A2,72,0.6456699919671046,8961742470.42261,0.0,8961742470.42261,7830815044.696414,0.0,7830815044.696414,6302803629.947779,0.0,6302803629.947779,13847747214.878504,6272896249.742579,7574850965.135921,5696980540.20844,0.0,5696980540.20844
EXC,csiro-mk3-6-0_rcp45_r1i1p1,FORE-SCE-B1,72,0.6456699919671046,8044049685.007917,0.0,8044049685.007917,6841734821.728826,0.0,6841734821.728826,5341697111.722081,0.0,5341697111.722081,14258041173.201687,7691376917.315548,6566664255.886141,4734726510.382151,0.0,4734726510.382151
EXC,csiro-mk3-6-0_rcp45_r1i1p1,GCAM-26,72,0.6456699919671046,18721511369.3545,0.0,18721511369.3545,17773013558.91874,0.0,17773013558.91874,15509192768.829884,0.0,15509192768.829884,24897703796.789482,8269405441.897589,16628298354.891891,14875039526.65285,210075783.92607847,14664963742.72677
EXC,csiro-mk3-6-0_rcp45_r1i1p1,GCAM-45,72,0.6456699919671046,13666218223.707113,0.0,13666218223.707113,12671770036.230665,0.0,12671770036.230665,10733483982.857166,0.0,10733483982.857166,20865460167.095116,9146302497.834259,11719157669.260859,9982260902.714731,209776316.20362318,9772484586.511108
EXC,csiro-mk3-6-0_rcp45_r1i1p1,GCAM-ref,72,0.6456699919671046,10578519093.081251,0.0,10578519093.081251,9427783143.474981,0.0,9427783143.474981,7933857544.0196,0.0,7933857544.0196,16091462796.363811,6667717715.249634,9423745081.11418,7394676105.104459,0.0,7394676105.104459
EXC,csiro-mk3-6-0_rcp45_r1i1p1,LUCAS-BAU_High-0001,72,0.6456699919671046,7163606462.459367,0.0,7163606462.459367,5947520240.672174,0.0,5947520240.672174,4532468778.113943,0.0,4532468778.113943,13924975623.385128,8451178003.836582,5473797619.548541,3921282859.235768,0.0,3921282859.235768
EXC,csiro-mk3-6-0_rcp45_r1i1p1,LUCAS-BAU_High-0002,72,0.6456699919671046,7243189327.824252,0.0,7243189327.824252,6101722576.033728,0.0,6101722576.033728,4693923526.041557,0.0,4693923526.041557,13953092108.098879,8276911250.7528515,5676180857.346028,4087961561.308975,0.0,4087961561.308975
EXC,csiro-mk3-6-0_rcp60_r1i1p1,FORE-SCE-A1B,72,0.6169605691449951,10251848739.059282,0.0,10251848739.059282,8906792141.368538,0.0,8906792141.368538,8099190166.783174,468906718.9495334,7630283447.833641,7771318885.933528,40939897.97158629,7730378987.961944,7523593076.099623,10236663.203964598,7513356412.8956585
EXC,csiro-mk3-6-0_rcp60_r1i1p1,FORE-SCE-A2,72,0.6169605691449951,9079613551.742327,0.0,9079613551.742327,7714552362.5514965,0.0,7714552362.5514965,6818769051.995275,369682312.7733811,6449086739.221892,7050435802.107027,558079345.6806796,6492356456.426348,6309625909.484824,7507167.582594593,6302118741.902229
EXC,csiro-mk3-6-0_rcp60_r1i1p1,FORE-SCE-B1,72,0.6169605691449951,8089721910.994963,0.0,8089721910.994963,6717843552.037016,0.0,6717843552.037016,5844788714.21191,369491967.0825552,5475296747.129355,6085595061.395869,570504660.4000674,5515090400.995803,5291369800.963395,7310299.210224548,5284059501.753171
EXC,csiro-mk3-6-0_rcp60_r1i1p1,GCAM-26,72,0.6169605691449951,17902004950.875572,0.0,17902004950.875572,16685418003.095537,0.0,16685418003.095537,15811129135.423445,100200898.2792635,15710928237.144178,16108081200.318579,228406955.68791997,15879674244.630657,14876806005.241451,113420929.24302578,14763385075.998426
EXC,csiro-mk3-6-0_rcp60_r1i1p1,GCAM-45,72,0.6169605691449951,13136651242.327278,0.0,13136651242.327278,11859760760.514107,0.0,11859760760.514107,11251613098.859697,476512157.6454774,10775100941.214218,11070355459.655113,263452453.78666353,10806903005.86845,10176713358.251347,107647055.62383914,10069066302.627508
EXC,csiro-mk3-6-0_rcp60_r1i1p1,GCAM-ref,72,0.6169605691449951,10139623311.33355,0.0,10139623311.33355,8822085877.787952,0.0,8822085877.787952,8012913310.708643,470956572.0100954,7541956738.698547,7694722544.340596,25490081.46439173,7669232462.876206,7448008615.542331,10851321.612136416,7437157293.930195
EXC,csiro-mk3-6-0_rcp60_r1i1p1,LUCAS-BAU_High-0001,72,0.6169605691449951,6871590993.524309,0.0,6871590993.524309,5666129895.938944,0.0,5666129895.938944,4830930889.315552,369349476.214917,4461581413.100636,5128509544.124473,613555446.4629759,4514954097.661497,4267449065.5255136,7163384.740514266,4260285680.784999
EXC,csiro-mk3-6-0_rcp60_r1i1p1,LUCAS-BAU_High-0002,72,0.6169605691449951,7047347141.5399275,0.0,7047347141.5399275,5826736985.752744,0.0,5826736985.752744,4976500415.240274,369564586.15743876,4606935829.082837,5197460770.10114,574535152.0754153,4622925618.025724,4431377406.39603,7385664.21415253,4423991742.181878
EXC,csiro-mk3-6-0_rcp85_r1i1p1,FORE-SCE-A1B,72,0.5759653864874638,19794991117.899723,4974685026.257389,14820306091.64233,16429169611.42314,4188070408.9074306,12241099202.515715,22019031802.10043,11982313088.54066,10036718713.559767,25030842440.302036,14408113497.819487,10622728942.48255,22957752229.144997,9942102943.047903,13015649286.097095
EXC,csiro-mk3-6-0_rcp85_r1i1p1,FORE-SCE-A2,72,0.5759653864874638,16801094253.286356,3490817337.7077994,13310276915.578554,14835578142.222593,4021525811.9467864,10814052330.275803,17438753249.38813,8653250458.36042,8785502791.02771,23156609637.21787,13743825820.699306,9412783816.518564,21501563474.331093,10063525771.143639,11438037703.18746
EXC,csiro-mk3-6-0_rcp85_r1i1p1,FORE-SCE-B1,72,0.5759653864874638,15876818977.969263,3456428110.5720654,12420390867.397202,13733482470.364407,4036486402.8363724,9696996067.528036,16294761707.37996,8529720260.525711,7765041446.8542385,22088051832.083916,13830330135.025505,8257721697.058409,20584198175.96856,10421141260.619411,10163056915.349142
EXC,csiro-mk3-6-0_rcp85_r1i1p1,GCAM-26,72,0.5759653864874638,26281322899.216595,3799538003.288649,22481784895.927944,24520577627.038902,3855644903.956919,20664932723.081985,28160010226.374332,9105919407.894402,19054090818.479927,29563209570.72164,9194641321.881815,20368568248.83983,27301364603.74152,6094192622.473697,21207171981.267822
EXC,csiro-mk3-6-0_rcp85_r1i1p1,GCAM-45,72,0.5759653864874638,22529089844.847393,4792429455.299845,17736660389.547546,19291822935.580738,3806517653.198951,15485305282.381788,24247119374.161053,10737331606.133606,13509787768.027441,24380300761.606712,9843427517.89399,14536873243.712717,22374176014.732807,6740175565.8852215,15634000448.847591
EXC,csiro-mk3-6-0_rcp85_r1i1p1,GCAM-ref,72,0.5759653864874638,19385037958.989864,4942456433.837359,14442581525.152508,16241961457.081062,4092188634.6645684,12149772822.416494,21834157632.79496,11851483258.56072,9982674374.234236,24779811324.475887,14367625800.498648,10412185523.977242,23268576929.794117,10212338084.29181,13056238845.50231
EXC,csiro-mk3-6-0_rcp85_r1i1p1,LUCAS-BAU_High-0001,72,0.5759653864874638,14437921132.621784,3427726648.035945,11010194484.58584,12498382350.780172,4049196766.5733247,8449185584.206843,15409240091.918692,8729607597.384293,6679632494.534394,20875534887.12703,13827201533.22587,7048333353.901162,19466198649.77966,10760557541.932125,8705641107.847527
EXC,csiro-mk3-6-0_rcp85_r1i1p1,LUCAS-BAU_High-0002,72,0.5759653864874638,14676628649.91364,3429752506.620698,11246876143.292938,12659039068.412455,4036588432.1512,8622450636.261251,15574922041.156593,8715413146.156761,6859508894.999834,21060287983.6729,13828046812.173735,7232241171.499169,19657972830.34478,10730681323.90124,8927291506.443537
EXC,fgoals-g2_rcp26_r1i1p1,FORE-SCE-A1B,72,0.6349162304885803,5146543533.823473,0.0,5146543533.823473,4318064869.972729,0.0,4318064869.972729,3433200011.302356,0.0,3433200011.302356,8164894336.477062,3692929272.1903505,4471965064.286711,9263132024.135695,6007784170.794379,3255347853.3413105
EXC,fgoals-g2_rcp26_r1i1p1,FORE-SCE-A2,72,0.6349162304885803,4253178775.991636,0.0,4253178775.991636,3498368589.938294,0.0,3498368589.938294,2666971708.931749,0.0,2666971708.931749,7221043160.372706,3695953682.837546,3525089477.5351605,8489979157.101357,6052747365.006031,2437231792.0953255
EXC,fgoals-g2_rcp26_r1i1p1,FORE-SCE-B1,72,0.6349162304885803,3786714447.0167294,0.0,3786714447.0167294,3104911411.9942236,0.0,3104911411.9942236,2302296086.047699,0.0,2302296086.047699,6816524077.004173,3700388039.5407715,3116136037.4634013,8128629602.478861,6075257465.483618,2053372136.995243
EXC,fgoals-g2_rcp26_r1i1p1,GCAM-26,72,0.6349162304885803,10113556569.086903,0.0,10113556569.086903,9168773441.446255,0.0,9168773441.446255,7901793756.047912,0.0,7901793756.047912,15086332456.314938,6177633632.098854,8908698824.216078,15325266679.28312,7789738369.400615,7535528309.8825
EXC,fgoals-g2_rcp26_r1i1p1,GCAM-45,72,0.6349162304885803,6969408403.802124,0.0,6969408403.802124,6055648549.050284,0.0,6055648549.050284,4992430349.55792,0.0,4992430349.55792,12155726965.729301,6182359748.6609955,5973367217.068306,12443339207.60475,7825248778.877735,4618090428.727016
EXC,fgoals-g2_rcp26_r1i1p1,GCAM-ref,72,0.6349162304885803,5281532350.360635,0.0,5281532350.360635,4429381937.765395,0.0,4429381937.765395,3540105660.4217935,0.0,3540105660.4217935,8278698567.853601,3668505057.447506,4610193510.406097,9357640430.95487,5974694029.239878,3382946401.714988
EXC,fgoals-g2_rcp26_r1i1p1,LUCAS-BAU_High-0001,72,0.6349162304885803,3256763249.503173,0.0,3256763249.503173,2600966172.679565,0.0,2600966172.679565,1857301204.290595,0.0,1857301204.290595,6196421116.354518,3697783162.037875,2498637954.316643,7645547897.8115835,6062704650.206411,1582843247.6051693
EXC,fgoals-g2_rcp26_r1i1p1,LUCAS-BAU_High-0002,72,0.6349162304885803,3381174278.3126597,0.0,3381174278.3126597,2701475705.043038,0.0,2701475705.043038,1936346533.5834386,0.0,1936346533.5834386,6304246459.493402,3697583390.360567,2606663069.132832,7734035861.514976,6061474792.483507,1672561069.0314655
FOL,access1-0_rcp45_r1i1p1,FORE-SCE-A1B,72,1.0550935353590303,51130888724.923836,0.0,51130888724.923836,50841750315.56534,0.0,50841750315.56534,44184575617.53274,3186371999.9999943,40998203617.53274,44978073823.50608,3186371999.9999914,41791701823.5061,43545807640.09015,1732935573.5434337,41812872066.54671
FOL,access1-0_rcp45_r1i1p1,FORE-SCE-A2,72,1.0550935353590303,42476462315.87165,0.0,42476462315.87165,42585610504.03682,0.0,42585610504.03682,34757216663.413536,0.0,34757216663.413536,35658216391.522575,0.0,35658216391.522575,36074306928.09542,1807538620.607741,34266768307.487682
FOL,access1-0_rcp45_r1i1p1,FORE-SCE-B1,72,1.0550935353590303,36763342876.654755,0.0,36763342876.654755,36576406379.93834,0.0,36576406379.93834,29050572549.91926,0.0,29050572549.91926,29633074471.532898,0.0,29633074471.532898,30178999449.275867,1819886068.766989,28359113380.508884
FOL,access1-0_rcp45_r1i1p1,GCAM-26,72,1.0550935353590303,99513324236.52887,0.0,99513324236.52887,98412944322.37308,0.0,98412944322.37308,91499956542.35742,8577333999.999994,82922622542.35744,91438221344.30911,8577334000.000009,82860887344.30911,86766972477.44022,2681139141.565372,84085833335.87486
FOL,access1-0_rcp45_r1i1p1,GCAM-45,72,1.0550935353590303,69640071446.10268,0.0,69640071446.10268,68976727323.46695,0.0,68976727323.46695,62180415383.93408,4980988999.999984,57199426383.9341,63053491039.46189,6528943504.368921,56524547535.09296,58479893787.01473,2706483933.7257113,55773409853.289024
FOL,access1-0_rcp45_r1i1p1,GCAM-ref,72,1.0550935353590303,51131225678.75358,0.0,51131225678.75358,50779363195.64175,0.0,50779363195.64175,43702100006.663345,3186372000.0,40515728006.66334,44483039148.794044,3186371999.9999914,41296667148.794044,43333906998.47499,1705678735.71105,41628228262.76395
FOL,access1-0_rcp45_r1i1p1,LUCAS-BAU_High-0001,72,1.0550935353590303,29389628209.44037,0.0,29389628209.44037,29546227662.61389,0.0,29546227662.61389,23091046326.22257,0.0,23091046326.22257,23662711432.838562,0.0,23662711432.838562,23950779479.569214,1845417606.3119085,22105361873.257305
FOL,access1-0_rcp45_r1i1p1,LUCAS-BAU_High-0002,72,1.0550935353590303,30548747131.359875,0.0,30548747131.359875,30628562789.239258,0.0,30628562789.239258,24003233617.52671,0.0,24003233617.52671,24587773285.3015,0.0,24587773285.3015,24911396590.759224,1837388565.9984922,23074008024.760727
FOL,access1-0_rcp85_r1i1p1,FORE-SCE-A1B,72,1.209189935185258,72300460606.00717,0.0,72300460606.00717,71665840942.36185,0.0,71665840942.36185,63395984850.37559,0.0,63395984850.37559,64103234567.3686,0.0,64103234567.3686,68068863293.53486,0.0,68068863293.53486
FOL,access1-0_rcp85_r1i1p1,FORE-SCE-A2,72,1.209189935185258,62655688893.656624,0.0,62655688893.656624,60946383444.07741,0.0,60946383444.07741,53320911557.41567,0.0,53320911557.41567,53770385765.079796,0.0,53770385765.079796,56815815441.266655,0.0,56815815441.266655
FOL,access1-0_rcp85_r1i1p1,FORE-SCE-B1,72,1.209189935185258,53859023527.44798,0.0,53859023527.44798,54164724968.121796,0.0,54164724968.121796,45434465994.22506,0.0,45434465994.22506,45391905631.37483,0.0,45391905631.37483,48504559364.83363,0.0,48504559364.83363
FOL,access1-0_rcp85_r1i1p1,GCAM-26,72,1.209189935185258,129926461703.23167,0.0,129926461703.23167,134382083518.97244,0.0,134382083518.97244,125579226040.0311,0.0,125579226040.0311,125662664366.90094,0.0,125662664366.90094,126858566101.22977,0.0,126858566101.22977
FOL,access1-0_rcp85_r1i1p1,GCAM-45,72,1.209189935185258,93804258273.56432,0.0,93804258273.56432,95484904465.35916,0.0,95484904465.35916,87363269176.09369,0.0,87363269176.09369,86846394248.1038,0.0,86846394248.1038,87463179761.64236,0.0,87463179761.64236
FOL,access1-0_rcp85_r1i1p1,GCAM-ref,72,1.209189935185258,71984458946.77954,0.0,71984458946.77954,71600034398.37018,0.0,71600034398.37018,62893745111.0669,0.0,62893745111.0669,63592400579.949936,0.0,63592400579.949936,67882643413.01178,0.0,67882643413.01178
FOL,access1-0_rcp85_r1i1p1,LUCAS-BAU_High-0001,72,1.209189935185258,43896686997.792404,0.0,43896686997.792404,44384643196.71433,0.0,44384643196.71433,36574343779.39375,0.0,36574343779.39375,36628482762.20775,0.0,36628482762.20775,38795669008.45991,0.0,38795669008.45991
FOL,access1-0_rcp85_r1i1p1,LUCAS-BAU_High-0002,72,1.209189935185258,45215129262.62183,0.0,45215129262.62183,45791107413.98743,0.0,45791107413.98743,37803558503.77044,0.0,37803558503.77044,37825337984.61728,0.0,37825337984.61728,40319775227.929405,0.0,40319775227.929405
FOL,bcc-csm1-1-m_rcp45_r1i1p1,FORE-SCE-A1B,72,1.0143350322717717,53343711034.49653,0.0,53343711034.49653,53298121143.294075,0.0,53298121143.294075,45586422438.874756,267781461.51346153,45318640977.3613,45645928293.93313,473603564.63165665,45172324729.301476,51342004958.32312,1185214000.0000014,50156790958.32312
FOL,bcc-csm1-1-m_rcp45_r1i1p1,FORE-SCE-A2,72,1.0143350322717717,45184745548.31795,0.0,45184745548.31795,45200890254.03111,0.0,45200890254.03111,39209811716.192604,0.0,39209811716.192604,39042361021.296906,0.0,39042361021.296906,43280706150.02373,1185214000.0000072,42095492150.02372
FOL,bcc-csm1-1-m_rcp45_r1i1p1,FORE-SCE-B1,72,1.0143350322717717,38515307680.55946,0.0,38515307680.55946,38824805515.83082,0.0,38824805515.83082,35830761782.85633,0.0,35830761782.85633,35486451199.3087,0.0,35486451199.3087,36821998204.324005,1185214000.0000014,35636784204.324005
FOL,bcc-csm1-1-m_rcp45_r1i1p1,GCAM-26,72,1.0143350322717717,101532328517.51714,108239160.90660204,101424089356.61052,101993946530.84811,1185213999.9999986,100808732530.84811,90266666734.44144,1116767842.3528123,89149898892.08862,90287639663.98404,1185214000.0000072,89102425663.98404,100227426476.70274,1185214000.0000014,99042212476.70274
FOL,bcc-csm1-1-m_rcp45_r1i1p1,GCAM-45,72,1.0143350322717717,71703255506.77054,0.0,71703255506.77054,72368469470.21214,1183759607.0000582,71184709863.21208,62597035865.97083,1061912821.4113822,61535123044.55945,62526041287.330475,1185214000.0000043,61340827287.330475,69430472478.05008,1185213999.9999986,68245258478.05008
FOL,bcc-csm1-1-m_rcp45_r1i1p1,GCAM-ref,72,1.0143350322717717,53081226168.18062,0.0,53081226168.18062,53093776969.609,0.0,53093776969.609,44880368847.77502,247154807.66857508,44633214040.10644,44937308598.73463,453592278.7927906,44483716319.94184,51208245674.43871,1185214000.0000014,50023031674.43871
FOL,bcc-csm1-1-m_rcp45_r1i1p1,LUCAS-BAU_High-0001,72,1.0143350322717717,31262874033.626255,0.0,31262874033.626255,31590117063.021984,0.0,31590117063.021984,28805592868.57573,0.0,28805592868.57573,28598582477.075,0.0,28598582477.075,29708676470.549316,1185214000.0000043,28523462470.54931
FOL,bcc-csm1-1-m_rcp45_r1i1p1,LUCAS-BAU_High-0002,72,1.0143350322717717,32199234940.004745,0.0,32199234940.004745,32604530587.967113,0.0,32604530587.967113,29842081998.049023,0.0,29842081998.049023,29591924083.235573,0.0,29591924083.235573,30740620208.853493,1185214000.0000072,29555406208.853485
FOL,bcc-csm1-1-m_rcp85_r1i1p1,FORE-SCE-A1B,72,0.8354275303772506,71887556656.02199,334583592.5308056,71552973063.49118,73298417332.84146,1302580307.6257493,71995837025.21571,69310876064.36412,2087534174.6832829,67223341889.68083,72069650217.89198,5261399503.941133,66808250713.95084,67204768893.92248,2867031429.922252,64337737464.00022
FOL,bcc-csm1-1-m_rcp85_r1i1p1,FORE-SCE-A2,72,0.8354275303772506,62813623128.63796,333951921.2356667,62479671207.4023,64343285699.41479,1303293032.526734,63039992666.88804,61048787487.63699,2110372494.649938,58938414992.98705,63658484183.94488,5038637455.962179,58619846727.98269,58295334465.70633,2867259112.360119,55428075353.34621
FOL,bcc-csm1-1-m_rcp85_r1i1p1,FORE-SCE-B1,72,0.8354275303772506,53972676213.550156,0.0,53972676213.550156,55118167891.37811,831905387.9877174,54286262503.390396,52199273565.31669,1080262891.587599,51119010673.72909,55895945348.69601,5083419556.385165,50812525792.31083,49599848254.54296,2868297425.896549,46731550828.646416
FOL,bcc-csm1-1-m_rcp85_r1i1p1,GCAM-26,72,0.8354275303772506,129553489085.2454,1389251163.0438151,128164237922.2016,128634006127.16214,1523554902.1707687,127110451224.99136,123499892399.90404,2555466484.2034197,120944425915.70064,126956627545.74557,5662051202.750095,121294576342.99547,125631899476.99821,3491356206.838455,122140543270.15976
FOL,bcc-csm1-1-m_rcp85_r1i1p1,GCAM-45,72,0.8354275303772506,94000675639.18417,1385152879.8577538,92615522759.32642,93504352250.81984,1109979969.0654998,92394372281.75433,88600202397.68729,1728627377.8027651,86871575019.8845,92691210470.87064,4467937183.528719,88223273287.34195,89187674199.02025,3543234403.353781,85644439795.66647
FOL,bcc-csm1-1-m_rcp85_r1i1p1,GCAM-ref,72,0.8354275303772506,70431372927.7593,332731792.9957222,70098641134.76358,71601986037.53674,1304681698.2042685,70297304339.33247,67117041488.57536,2118941590.946367,64998099897.62899,69775598426.64584,5217774699.525395,64557823727.120445,65741483773.78411,2867700769.8445873,62873783003.93952
FOL,bcc-csm1-1-m_rcp85_r1i1p1,LUCAS-BAU_High-0001,72,0.8354275303772506,44253358687.6482,0.0,44253358687.6482,45265452830.42671,829901824.9339395,44435551005.49277,42176762641.283394,455608739.6153045,41721153901.66808,46702856887.21719,5321241540.219414,41381615346.99778,39933973725.51691,2869418303.7089853,37064555421.80792
FOL,bcc-csm1-1-m_rcp85_r1i1p1,LUCAS-BAU_High-0002,72,0.8354275303772506,45421032944.28682,0.0,45421032944.28682,46472391263.04604,830063435.9785908,45642327827.06745,43964618766.90204,1154822219.274925,42809796547.62711,47616439220.64567,5124394178.961241,42492045041.684425,41245713523.511154,2869326383.39299,38376387140.118164
FOL,bcc-csm1-1_rcp26_r1i1p1,FORE-SCE-A1B,72,1.3788778291997574,79197176238.94557,0.0,79197176238.94557,79947950177.97408,0.0,79947950177.97408,74939628046.85237,0.0,74939628046.85237,74882930498.22635,0.0,74882930498.22635,77702271033.71155,0.0,77702271033.71155
FOL,bcc-csm1-1_rcp26_r1i1p1,FORE-SCE-A2,72,1.3788778291997574,67292203284.00412,0.0,67292203284.00412,68260514263.53145,0.0,68260514263.53145,63158337651.72466,0.0,63158337651.72466,63098737669.375435,0.0,63098737669.375435,65503185614.6865,0.0,65503185614.6865
FOL,bcc-csm1-1_rcp26_r1i1p1,FORE-SCE-B1,72,1.3788778291997574,58640648389.037,0.0,58640648389.037,59814920968.748245,0.0,59814920968.748245,54718197552.469536,0.0,54718197552.469536,54566783701.33748,0.0,54566783701.33748,56741664100.30852,0.0,56741664100.30852
FOL,bcc-csm1-1_rcp26_r1i1p1,GCAM-26,72,1.3788778291997574,142222028629.48657,0.0,142222028629.48657,143777416589.03513,1615406633.9036596,142162009955.13147,140242403737.0977,5250824000.000008,134991579737.09769,139949737463.6541,5250823999.999996,134698913463.65413,141316190903.40967,0.0,141316190903.40967
FOL,bcc-csm1-1_rcp26_r1i1p1,GCAM-45,72,1.3788778291997574,103785433646.71942,0.0,103785433646.71942,104050067674.17073,0.0,104050067674.17073,98836636724.20058,0.0,98836636724.20058,98122685888.8524,0.0,98122685888.8524,102287411062.88406,0.0,102287411062.88406
FOL,bcc-csm1-1_rcp26_r1i1p1,GCAM-ref,72,1.3788778291997574,79569165117.92,0.0,79569165117.92,80149413709.06636,0.0,80149413709.06636,75326355078.19681,0.0,75326355078.19681,75122381638.55031,0.0,75122381638.55031,77986654834.14024,0.0,77986654834.14024
FOL,bcc-csm1-1_rcp26_r1i1p1,LUCAS-BAU_High-0001,72,1.3788778291997574,49628168681.05703,0.0,49628168681.05703,51184413153.87076,0.0,51184413153.87076,46181416452.07025,0.0,46181416452.07025,45985268826.79603,0.0,45985268826.79603,47681944800.47429,0.0,47681944800.47429
FOL,bcc-csm1-1_rcp26_r1i1p1,LUCAS-BAU_High-0002,72,1.3788778291997574,51226791333.06432,0.0,51226791333.06432,52719201623.435776,0.0,52719201623.435776,47716355236.21312,0.0,47716355236.21312,47525997827.31661,0.0,47525997827.31661,49293448763.19766,0.0,49293448763.19766
FOL,bcc-csm1-1_rcp45_r1i1p1,FORE-SCE-A1B,72,1.0217828294982485,69201837454.68152,0.0,69201837454.68152,70113711618.83128,0.0,70113711618.83128,61178359930.934204,0.0,61178359930.934204,61066242976.945885,0.0,61066242976.945885,66901950638.53066,0.0,66901950638.53066
FOL,bcc-csm1-1_rcp45_r1i1p1,FORE-SCE-A2,72,1.0217828294982485,59195742446.51022,0.0,59195742446.51022,60335083235.60438,0.0,60335083235.60438,53220420141.58182,0.0,53220420141.58182,53027669433.83856,0.0,53027669433.83856,56964736052.413765,0.0,56964736052.413765
FOL,bcc-csm1-1_rcp45_r1i1p1,FORE-SCE-B1,72,1.0217828294982485,50519053999.29042,0.0,50519053999.29042,51920868776.09677,0.0,51920868776.09677,47239350362.41133,0.0,47239350362.41133,46970201818.01925,0.0,46970201818.01925,48388650256.54219,0.0,48388650256.54219
FOL,bcc-csm1-1_rcp45_r1i1p1,GCAM-26,72,1.0217828294982485,126172920166.52838,0.0,126172920166.52838,126066156732.34566,0.0,126066156732.34566,120838383389.30995,7754208999.999996,113084174389.30995,120817646630.97923,7754208999.999996,113063437630.97923,124685787601.2491,0.0,124685787601.2491
FOL,bcc-csm1-1_rcp45_r1i1p1,GCAM-45,72,1.0217828294982485,91357486747.18987,0.0,91357486747.18987,91724213059.17612,0.0,91724213059.17612,87841277315.25513,7754208999.999982,80087068315.25514,87820196118.60094,7754208999.999999,80065987118.60094,88853873885.27693,0.0,88853873885.27693
FOL,bcc-csm1-1_rcp45_r1i1p1,GCAM-ref,72,1.0217828294982485,68339418736.34286,0.0,68339418736.34286,69325581721.14299,0.0,69325581721.14299,59725471767.867195,0.0,59725471767.867195,59624899309.91375,0.0,59624899309.91375,66141189005.779724,0.0,66141189005.779724
FOL,bcc-csm1-1_rcp45_r1i1p1,LUCAS-BAU_High-0001,72,1.0217828294982485,42305854365.94371,0.0,42305854365.94371,43357618774.04018,0.0,43357618774.04018,38937503422.43519,0.0,38937503422.43519,38789408101.305595,0.0,38789408101.305595,39863999505.2741,0.0,39863999505.2741
FOL,bcc-csm1-1_rcp45_r1i1p1,LUCAS-BAU_High-0002,72,1.0217828294982485,43536841381.55912,0.0,43536841381.55912,44679948644.948044,0.0,44679948644.948044,40241988365.59591,0.0,40241988365.59591,40058093610.48539,0.0,40058093610.48539,41179264053.27217,0.0,41179264053.27217
FOL,bcc-csm1-1_rcp60_r1i1p1,FORE-SCE-A1B,72,1.1982016421635195,63789610796.08888,0.0,63789610796.08888,64787118887.11137,0.0,64787118887.11137,54455216593.90133,0.0,54455216593.90133,54291155398.92438,0.0,54291155398.92438,60131138924.84803,0.0,60131138924.84803
FOL,bcc-csm1-1_rcp60_r1i1p1,FORE-SCE-A2,72,1.1982016421635195,53957474344.68641,0.0,53957474344.68641,54798825917.71523,0.0,54798825917.71523,46349170792.85032,0.0,46349170792.85032,46215827830.31816,0.0,46215827830.31816,50034806107.386765,0.0,50034806107.386765
FOL,bcc-csm1-1_rcp60_r1i1p1,FORE-SCE-B1,72,1.1982016421635195,46933257001.125534,0.0,46933257001.125534,47671060065.25973,0.0,47671060065.25973,41383464200.36266,0.0,41383464200.36266,41100124995.993706,0.0,41100124995.993706,42659890806.054825,0.0,42659890806.054825
FOL,bcc-csm1-1_rcp60_r1i1p1,GCAM-26,72,1.1982016421635195,119326827418.10782,0.0,119326827418.10782,118563198550.37866,0.0,118563198550.37866,103831524961.12288,1596253000.0000029,102235271961.12288,103734003262.31842,1596253000.0000114,102137750262.3184,115911813017.13521,0.0,115911813017.13521
FOL,bcc-csm1-1_rcp60_r1i1p1,GCAM-45,72,1.1982016421635195,84584038705.64589,0.0,84584038705.64589,85711409649.08394,0.0,85711409649.08394,73580442451.53763,1596253000.0000029,71984189451.53763,73337242620.3963,1596253000.0000057,71740989620.39629,81485279959.44681,0.0,81485279959.44681
FOL,bcc-csm1-1_rcp60_r1i1p1,GCAM-ref,72,1.1982016421635195,64346183830.55517,0.0,64346183830.55517,65546596237.357925,0.0,65546596237.357925,54881244822.60166,0.0,54881244822.60166,54671181515.80107,0.0,54671181515.80107,61011231728.238785,0.0,61011231728.238785
FOL,bcc-csm1-1_rcp60_r1i1p1,LUCAS-BAU_High-0001,72,1.1982016421635195,39229286796.235535,0.0,39229286796.235535,40368622914.96545,0.0,40368622914.96545,34222855341.143757,0.0,34222855341.143757,34125942836.606842,0.0,34125942836.606842,35227504925.86192,0.0,35227504925.86192
FOL,bcc-csm1-1_rcp60_r1i1p1,LUCAS-BAU_High-0002,72,1.1982016421635195,40579027675.54859,0.0,40579027675.54859,41574755920.894714,0.0,41574755920.894714,35490666241.49338,0.0,35490666241.49338,35374049243.132095,0.0,35374049243.132095,36512931680.54295,0.0,36512931680.54295
FOL,bcc-csm1-1_rcp85_r1i1p1,FORE-SCE-A1B,72,0.919688416126506,111071063337.8729,23466907778.01224,87604155559.86064,111883452687.13882,27750625327.232563,84132827359.90625,108184900977.79283,26185155381.82259,81999745595.97025,111338484380.46341,28983137762.891457,82355346617.57196,112640840700.25894,31651011633.855534,80989829066.40338
FOL,bcc-csm1-1_rcp85_r1i1p1,FORE-SCE-A2,72,0.919688416126506,100752420976.01297,23513559062.01017,77238861914.00276,101051782706.82736,27194406311.123917,73857376395.70343,97953188389.3765,26002164684.181885,71951023705.1946,101416100958.93591,29043129793.64313,72372971165.29279,102118522633.44461,31701308254.72738,70417214378.71721
FOL,bcc-csm1-1_rcp85_r1i1p1,FORE-SCE-B1,72,0.919688416126506,90665911812.77824,23519956804.73343,67145955008.04486,90924029395.70514,27201505447.660915,63722523948.04423,87732183995.0617,25990216012.976498,61741967982.08521,89898118972.18134,27739758903.59688,62158360068.58448,91701749453.4861,31708098866.420734,59993650587.06536
FOL,bcc-csm1-1_rcp85_r1i1p1,GCAM-26,72,0.919688416126506,176020752820.4522,23795420329.099575,152225332491.35266,179931916511.62448,32052312079.387436,147879604432.23703,178687752040.39783,39902927690.89676,138784824349.50113,174162218544.77673,32288876893.30571,141873341651.471,177703311656.4922,33969231452.608467,143734080203.88376
FOL,bcc-csm1-1_rcp85_r1i1p1,GCAM-45,72,0.919688416126506,135404832713.4511,23412122438.220257,111992710275.2308,138266182771.07944,29904828937.94642,108361353833.133,135437318561.95328,32784056767.141403,102653261794.81186,138652087838.3916,34378129312.94956,104273958525.44199,137055264030.44081,34063671598.675446,102991592431.76538
FOL,bcc-csm1-1_rcp85_r1i1p1,GCAM-ref,72,0.919688416126506,109570012943.5479,23447388521.39547,86122624422.15245,111324294290.82425,28841956430.787083,82482337860.03719,106291076882.7185,26690892083.035027,79600184799.68347,109797137095.31253,29772423842.470108,80024713252.84244,111259279857.3271,31629888491.421757,79629391365.90535
FOL,bcc-csm1-1_rcp85_r1i1p1,LUCAS-BAU_High-0001,72,0.919688416126506,79364513760.90912,23545526583.392696,55818987177.51641,80512838410.70566,26199209588.626823,54313628822.07886,75962302630.40965,24937813723.017567,51024488907.39208,78008704145.60246,26613083479.253544,51395620666.34891,80666434733.1811,31735421840.145725,48931012893.03539
FOL,bcc-csm1-1_rcp85_r1i1p1,LUCAS-BAU_High-0002,72,0.919688416126506,80950744470.14244,23538255574.47848,57412488895.66402,81484683028.1481,26191431231.606266,55293251796.541824,77313174966.1965,24933105388.39428,52380069577.80223,79383948770.60287,26601233639.90856,52782715130.6943,82196259887.9242,31727614859.401127,50468645028.523056
FOL,canesm2_rcp26_r1i1p1,FORE-SCE-A1B,72,0.9105346452475176,78905986221.74211,14868738839.670494,64037247382.07161,80369742338.88953,20229423616.149147,60140318722.74042,81676901322.7311,22856790161.60626,58820111161.12485,79981665164.7747,20825055588.892742,59156609575.881966,84727683044.34995,24151655292.872612,60576027751.47734
FOL,canesm2_rcp26_r1i1p1,FORE-SCE-A2,72,0.9105346452475176,69455141904.56023,14954265262.676237,54500876641.883995,71074662766.27759,19628244307.26729,51446418459.01033,71966534709.9278,22836125580.485973,49130409129.44185,69117954755.22244,19791144420.979965,49326810334.242485,74550000524.63725,24209002459.645763,50340998064.99147
FOL,canesm2_rcp26_r1i1p1,FORE-SCE-B1,72,0.9105346452475176,63411423382.51749,14964725454.144873,48446697928.372604,64764787786.102455,19643278628.196518,45121509157.905945,65942368870.68263,22861330160.713593,43081038709.96904,62834308397.66945,19794099566.10124,43040208831.56819,67741898234.49104,24220780728.09823,43521117506.392815
FOL,canesm2_rcp26_r1i1p1,GCAM-26,72,0.9105346452475176,130923201145.06148,15659463317.07404,115263737827.98744,136164272030.98798,24614407056.282063,111549864974.70593,129678537778.34068,20223879935.834103,109454657842.50656,132362187965.5405,21545229130.137573,110816958835.40292,138974930337.88965,25269340727.61778,113705589610.27185
FOL,canesm2_rcp26_r1i1p1,GCAM-45,72,0.9105346452475176,97719838949.95784,14962989299.083267,82756849650.87456,101180507804.68909,22011072471.389103,79169435333.29997,101196238715.73038,23516248775.507965,77679989940.22238,100809709620.14018,22008894516.28055,78800815103.85963,105154828607.39244,25441795104.94485,79713033502.44762
FOL,canesm2_rcp26_r1i1p1,GCAM-ref,72,0.9105346452475176,78971149894.83083,14993516338.560013,63977633556.27082,81579341665.98395,21678558882.941013,59900782783.04296,82695975884.21684,23615421247.990143,59080554636.22669,81034411001.72855,21701516804.207165,59332894197.52134,84990709877.7643,24131700163.099472,60859009714.6648
FOL,canesm2_rcp26_r1i1p1,LUCAS-BAU_High-0001,72,0.9105346452475176,53194166187.52482,11953698352.029379,41240467835.495445,57587667648.003654,17691374237.95305,39896293410.050575,56355575268.102776,20683702122.879692,35671873145.2231,53982789672.698006,18536590046.8393,35446199625.858665,59873384886.466606,24277739811.146786,35595645075.31979
FOL,canesm2_rcp26_r1i1p1,LUCAS-BAU_High-0002,72,0.9105346452475176,54562497678.16612,11956965516.450155,42605532161.71596,58258373758.28586,17685832044.407948,40572541713.87789,57500605547.75606,20669056073.351166,36831549474.40487,55170435386.1771,18533371622.180458,36637063763.996635,61195384595.03202,24264939168.02958,36930445427.00244
FOL,canesm2_rcp45_r1i1p1,FORE-SCE-A1B,72,0.878780092245832,80588641520.60089,15908828015.944103,64679813504.65679,86724610414.23502,23831429233.554333,62893181180.68068,85280611999.62398,23615786861.659485,61664825137.96451,92244274081.74265,31545950523.2249,60698323558.51776,93408377285.35951,29901582945.856407,63506794339.50313
FOL,canesm2_rcp45_r1i1p1,FORE-SCE-A2,72,0.878780092245832,71131294385.09792,15896578010.595545,55234716374.50236,77571203215.37186,23518674594.90614,54052528620.46573,76524189948.07176,23991933353.04299,52532256595.02876,83477505264.01964,31834305717.525818,51643199546.493805,83768175198.91345,30183536526.989536,53584638671.923904
FOL,canesm2_rcp45_r1i1p1,FORE-SCE-B1,72,0.878780092245832,64245128143.89824,15935696408.544125,48309431735.354126,69881787891.05666,22857697965.87764,47024089925.17905,68633523075.10823,23239694145.495277,45393828929.61297,75723745066.97385,31160737661.42546,44563007405.54838,76423419781.83636,30241893891.786713,46181525890.04962
FOL,canesm2_rcp45_r1i1p1,GCAM-26,72,0.878780092245832,137325499334.86284,20087661789.432518,117237837545.43033,141136479117.26117,26634283963.901802,114502195153.35942,142163980652.57602,32031908561.082565,110132072091.49353,143939105387.76697,32824504329.28009,111114601058.48691,148623093454.97772,31890653304.163475,116732440150.81425
FOL,canesm2_rcp45_r1i1p1,GCAM-45,72,0.878780092245832,100652853130.84557,15885179983.487434,84767673147.35814,107774655207.36285,25617313959.198967,82157341248.16388,106163469783.9482,27279781935.82773,78883687848.12047,110639436545.71162,30944029700.74189,79695406844.96974,115440766947.40584,32479549920.05188,82961217027.35396
FOL,canesm2_rcp45_r1i1p1,GCAM-ref,72,0.878780092245832,80109349630.01575,15950862062.044682,64158487567.97105,86455653748.90282,24201877233.504456,62253776515.39838,84690350466.64996,23477506554.70023,61212843911.94972,91790222749.74614,31498188166.558178,60292034583.18798,93155414751.55478,29820097423.15618,63335317328.39864
FOL,canesm2_rcp45_r1i1p1,LUCAS-BAU_High-0001,72,0.878780092245832,56326192283.94611,15964591332.816742,40361600951.129364,63269230330.39597,22031960922.77778,41237269407.61819,60322703734.163086,22559959457.905575,37762744276.25752,68152473474.78572,31132821081.94027,37019652392.84547,68614693269.93694,30440258448.747314,38174434821.18963
FOL,canesm2_rcp45_r1i1p1,LUCAS-BAU_High-0002,72,0.878780092245832,57606428273.912796,15964383314.754492,41642044959.1583,63749816068.852715,22006565714.667774,41743250354.184944,61432040408.98394,22501567185.516068,38930473223.46788,69245852910.30518,31075056214.919067,38170796695.386116,69836947624.85065,30383394464.996353,39453553159.85428
FOL,canesm2_rcp85_r1i1p1,FORE-SCE-A1B,72,0.8211033892073395,255551749753.99097,153309580650.70618,102242169103.28482,259182653151.45743,158913265179.97763,100269387971.47977,255798317117.59454,156614892654.4113,99183424463.18329,262185059161.2967,160016069387.50348,102168989773.79318,272909371510.60388,173210970530.35086,99698400980.25298
FOL,canesm2_rcp85_r1i1p1,FORE-SCE-A2,72,0.8211033892073395,241712119883.96393,150629299264.97876,91082820618.98517,247744335027.26248,157763527024.2944,89980808002.96805,244636365296.075,156583525477.91443,88052839818.16057,250729978105.08585,160068731794.11356,90661246310.97229,260694201152.417,173318071526.96344,87376129625.45354
FOL,canesm2_rcp85_r1i1p1,FORE-SCE-B1,72,0.8211033892073395,230970892162.12766,150603370660.60605,80367521501.52158,238048437538.29044,157782155486.61032,80266282051.68001,235903438547.48758,157280728481.67538,78622710065.8122,239805245174.28912,160012032329.6794,79793212844.60968,250185272565.75418,173451208300.197,76734064265.55716
FOL,canesm2_rcp85_r1i1p1,GCAM-26,72,0.8211033892073395,325112239274.43054,154992537811.65646,170119701462.7741,329366165596.90485,161972083571.4898,167394082025.415,323702168567.35754,158753074445.71393,164949094121.64365,339532711033.16174,168436322089.5969,171096388943.56488,347769241406.1478,180501433736.02066,167267807670.12717
FOL,canesm2_rcp85_r1i1p1,GCAM-45,72,0.8211033892073395,282336612954.61725,153375963506.68018,128960649447.93706,286706066635.8318,161085409151.27478,125620657484.55696,284155774088.4954,159163648576.0809,124992125512.4146,299522164855.7571,170488104947.30362,129034059908.45338,305556582744.8751,180881644710.72214,124674938034.15302
FOL,canesm2_rcp85_r1i1p1,GCAM-ref,72,0.8211033892073395,255148249782.11246,153341043951.41672,101807205830.69576,260092045086.3225,160537507400.84204,99554537685.48045,258067427815.56622,158913740685.73553,99153687129.83064,265770543502.54376,164142050962.7423,101628492539.80142,272808001429.1179,173261269712.62665,99546731716.49124
FOL,canesm2_rcp85_r1i1p1,LUCAS-BAU_High-0001,72,0.8211033892073395,221031620348.24557,150959412245.37527,70072208102.87025,227136225055.87863,155270416347.7336,71865808708.14497,222646094534.07205,154173344381.29135,68472750152.78073,226583898015.74847,158207790784.84955,68376107230.89891,239188959069.93024,173629427334.693,65559531735.23723
FOL,canesm2_rcp85_r1i1p1,LUCAS-BAU_High-0002,72,0.8211033892073395,222620506664.62384,150956063191.43634,71664443473.18748,228926672210.33978,156333877816.44547,72592794393.89438,225345928402.73975,155991313142.3627,69354615260.37704,228269865494.06937,158211815533.4461,70058049960.6233,240873188035.40097,173605701045.96765,67267486989.433334
FOL,ccsm4_rcp26_r1i1p1,FORE-SCE-A1B,72,1.0225783031900353,47589182327.84037,0.0,47589182327.84037,49376633602.716736,751599003.8360993,48625034598.88064,54283115071.55123,12663403999.999994,41619711071.551216,54149326739.377914,12663403999.999989,41485922739.377914,45211707048.673965,565731366.7504903,44645975681.92348
FOL,ccsm4_rcp26_r1i1p1,FORE-SCE-A2,72,1.0225783031900353,40527151743.167,0.0,40527151743.167,41759316969.05282,0.0,41759316969.05282,36537087679.61114,604319357.3119963,35932768322.29915,36335565516.90377,565581925.6224277,35769983591.28136,38253895348.38272,566229025.5398345,37687666322.84288
FOL,ccsm4_rcp26_r1i1p1,FORE-SCE-B1,72,1.0225783031900353,34501992045.38441,0.0,34501992045.38441,35632000643.58501,0.0,35632000643.58501,32085947963.97175,604734413.2339714,31481213550.737774,31753403783.302258,566005232.4183722,31187398550.883884,32004163679.195587,566581768.9130694,31437581910.282516
FOL,ccsm4_rcp26_r1i1p1,GCAM-26,72,1.0225783031900353,91837282940.44327,439040694.77313024,91398242245.67014,92100322750.07767,1181056380.188532,90919266369.88913,98495111204.6947,17813363684.500042,80681747520.1947,97967507151.38501,17302840933.714294,80664666217.67075,89451136406.35112,652232814.9151887,88798903591.43593
FOL,ccsm4_rcp26_r1i1p1,GCAM-45,72,1.0225783031900353,64392838917.99516,438687641.7162537,63954151276.27891,65401544647.70118,711977902.2147937,64689566745.48638,68759431488.48683,12663404000.000008,56096027488.48683,68817468401.98819,12730746515.106024,56086721886.88216,61863191144.40666,654384215.8432425,61208806928.56343
FOL,ccsm4_rcp26_r1i1p1,GCAM-ref,72,1.0225783031900353,47249480298.93745,0.0,47249480298.93745,49105111898.04339,749591558.6022514,48355520339.44114,53669763198.93689,12663404000.0,41006359198.93689,53490311628.88733,12663404000.000008,40826907628.88733,44937607523.21048,565646495.8011289,44371961027.40936
FOL,ccsm4_rcp26_r1i1p1,LUCAS-BAU_High-0001,72,1.0225783031900353,28525955597.443016,0.0,28525955597.443016,29494660137.279976,0.0,29494660137.279976,26143938963.563118,567306644.237171,25576632319.32595,25980595557.64118,567306644.237171,25413288913.404007,26034499411.56856,567306644.237171,25467192767.331387
FOL,ccsm4_rcp26_r1i1p1,LUCAS-BAU_High-0002,72,1.0225783031900353,29460743551.727226,0.0,29460743551.727226,30324533306.132027,0.0,30324533306.132027,27084857273.10389,605467757.2647882,26479389515.8391,26814723256.339634,566746214.4134189,26247977041.926216,26955198743.80079,567215680.21798,26387983063.58281
FOL,ccsm4_rcp45_r1i1p1,FORE-SCE-A1B,72,0.9916467060702416,61107612146.045105,0.0,61107612146.045105,61607814561.83774,388675700.09623164,61219138861.7415,56012483686.32441,513881251.4064077,55498602434.918,55909171527.091194,377070035.23958266,55532101491.85161,60518481572.55019,363150610.63360775,60155330961.91657
FOL,ccsm4_rcp45_r1i1p1,FORE-SCE-A2,72,0.9916467060702416,51684298699.16002,0.0,51684298699.16002,52250809660.6535,390217137.45997405,51860592523.19354,48107852919.53205,513441053.52223563,47594411866.00982,48119505118.8275,376640633.2480037,47742864485.5795,50757797029.38233,362990979.7823304,50394806049.6
FOL,ccsm4_rcp45_r1i1p1,FORE-SCE-B1,72,0.9916467060702416,45078408904.489555,0.0,45078408904.489555,45357966015.77681,46504234.57351281,45311461781.20329,41593550187.75229,0.0,41593550187.75229,42206767830.14025,400584326.96163946,41806183503.17861,43919812564.20902,362427190.4579611,43557385373.75106
FOL,ccsm4_rcp45_r1i1p1,GCAM-26,72,0.9916467060702416,112405998138.8492,519279534.29835325,111886718604.55084,111923084235.85796,669613220.3214628,111253471015.53648,103732939853.27843,4345827178.00565,99387112675.2728,103679324356.26102,4415535701.955151,99263788654.30585,111944334403.55933,1217852499.6869063,110726481903.87242
FOL,ccsm4_rcp45_r1i1p1,GCAM-45,72,0.9916467060702416,80743405189.18736,0.0,80743405189.18736,80590325665.34212,248422898.30902883,80341902767.03308,74813515483.74277,3817568290.2923346,70995947193.45041,75710166812.88179,4443688345.824888,71266478467.0569,79447307130.92198,1218233511.9111872,78229073619.0108
FOL,ccsm4_rcp45_r1i1p1,GCAM-ref,72,0.9916467060702416,61731890130.54356,0.0,61731890130.54356,62594956338.791306,392084710.5436478,62202871628.24766,56212729206.795044,512913146.9094718,55699816059.885574,56119343986.42857,376125913.92177856,55743218072.5068,61779182693.62971,362801088.7288314,61416381604.90087
FOL,ccsm4_rcp45_r1i1p1,LUCAS-BAU_High-0001,72,0.9916467060702416,37944467385.59104,0.0,37944467385.59104,38795178344.576744,45714544.274270885,38749463800.302475,35039335146.64058,0.0,35039335146.64058,35687851071.862366,396791606.2446515,35291059465.617714,36884639770.589165,361813563.3682629,36522826207.2209
FOL,ccsm4_rcp45_r1i1p1,LUCAS-BAU_High-0002,72,0.9916467060702416,39145993994.801414,0.0,39145993994.801414,39737315524.90831,45793738.84014057,39691521786.06817,36008350026.16689,0.0,36008350026.16689,36667020434.71749,397178408.47603947,36269842026.241455,38117653597.66016,361874632.2718318,37755778965.38833
FOL,ccsm4_rcp60_r1i1p1,FORE-SCE-A1B,72,0.955464203588995,51299159071.644135,1936895678.5524118,49362263393.09173,56874944673.040436,8155575969.293148,48719368703.74729,53678980927.82294,10385106441.487314,43293874486.33563,53312407813.41917,9654056483.688473,43658351329.73069,60606594238.335686,13287323878.145945,47319270360.18974
FOL,ccsm4_rcp60_r1i1p1,FORE-SCE-A2,72,0.955464203588995,43426822792.58674,1935301483.2399874,41491521309.346756,49480719675.13072,8162004081.652947,41318715593.47777,46985100991.510635,9648724609.641165,37336376381.869484,47277684103.25532,9660127100.454073,37617557002.80125,52389439781.26684,13295956621.111292,39093483160.15554
FOL,ccsm4_rcp60_r1i1p1,FORE-SCE-B1,72,0.955464203588995,37853212483.13122,1925817643.1119647,35927394840.01926,42899039839.70754,7089422590.282894,35809617249.42464,42876983930.137505,10325352768.828339,32551631161.309162,42559996876.46332,9727471767.41775,32832525109.045574,46650425516.44554,13347448261.160444,33302977255.285107
FOL,ccsm4_rcp60_r1i1p1,GCAM-26,72,0.955464203588995,96658877575.06375,2053395080.40316,94605482494.66058,102065383545.70749,9851088284.328598,92214295261.37889,102970933256.40485,17359844954.65992,85611088301.74493,97118001009.63742,10696864359.048807,86421136650.58861,104342807749.56761,12915574537.588886,91427233211.97873
FOL,ccsm4_rcp60_r1i1p1,GCAM-45,72,0.955464203588995,68294638329.901245,2036275879.4709778,66258362450.43027,75623103511.1166,10528216936.268318,65094886574.84826,74358866216.9063,15037615676.315243,59321250540.59103,70312068528.60385,10292025881.814445,60020042646.789406,75659817278.66847,12968445151.787142,62691372126.88134
FOL,ccsm4_rcp60_r1i1p1,GCAM-ref,72,0.955464203588995,52017859443.6983,1930409350.5720434,50087450093.12626,57889234018.77568,8181769507.137873,49707464511.63781,54598808587.970314,10401653981.191818,44197154606.7785,54173683972.976776,9678782127.31569,44494901845.66109,61879093692.895485,13322486356.153315,48556607336.74217
FOL,ccsm4_rcp60_r1i1p1,LUCAS-BAU_High-0001,72,0.955464203588995,31965653134.447807,1916245082.355215,30049408052.09259,37501826312.61344,7133676811.314226,30368149501.299225,37180359480.47213,10359789998.050293,26820569482.421825,36928212920.90406,9764201993.370522,27164010927.53354,40739026731.862114,13399687664.60224,27339339067.25988
FOL,ccsm4_rcp60_r1i1p1,LUCAS-BAU_High-0002,72,0.955464203588995,33041480899.188118,1916807599.4114363,31124673299.77668,38458982502.40838,7131066342.832218,31327916159.576153,38204877586.21935,10357761079.900648,27847116506.3187,37904734318.576614,9762038088.688848,28142696229.887768,41781617609.61304,13396609912.478762,28385007697.134285
FOL,ccsm4_rcp85_r1i1p1,FORE-SCE-A1B,72,1.239213170996984,100469107069.22128,22935102759.713818,77534004309.50746,103941360394.17102,28670438429.436657,75270921964.73436,94620934905.46182,29229925905.133713,65391009000.3281,94751351346.80649,29341801266.30377,65409550080.50273,102311793581.76863,30020680557.03663,72291113024.73201
FOL,ccsm4_rcp85_r1i1p1,FORE-SCE-A2,72,1.239213170996984,90545265828.34328,22942927003.689156,67602338824.65412,94213280968.1394,28363909362.787086,65849371605.352325,85046889496.00478,27974370177.138443,57072519318.866325,84011805986.12256,26783625827.510773,57228180158.61181,92079079928.0527,30027929481.473522,62051150446.57917
FOL,ccsm4_rcp85_r1i1p1,FORE-SCE-B1,72,1.239213170996984,81496060773.10162,22978726816.74345,58517333956.35815,84342097975.90341,26847480725.98872,57494617249.914696,78675934310.40237,27528860598.060143,51147073712.34223,77617850611.68022,26296421734.24536,51321428877.43485,83321006633.97725,30064618069.402134,53256388564.57513
FOL,ccsm4_rcp85_r1i1p1,GCAM-26,72,1.239213170996984,158951398097.39197,22837342294.595917,136114055802.79604,163399471163.91452,30133850265.75588,133265620898.15862,146713503923.98987,31895597543.197327,114817906380.79251,149564413246.02545,33702125464.44919,115862287781.57626,163058094548.2155,32920536582.59245,130137557965.62306
FOL,ccsm4_rcp85_r1i1p1,GCAM-45,72,1.239213170996984,122046519913.6996,22791215712.60727,99255304201.09233,125433365763.97435,28316307628.037647,97117058135.9367,110379690821.37915,27164369174.260704,83215321647.11847,113519918186.03856,29635288544.71475,83884629641.32382,125641031622.85057,33009971681.40061,92631059941.44997
FOL,ccsm4_rcp85_r1i1p1,GCAM-ref,72,1.239213170996984,99656673831.6763,22958140849.43789,76698532982.23842,103043999039.78407,28690745385.201225,74353253654.58286,93432235360.07552,29254221705.180107,64178013654.89541,93532321880.80528,29362433477.493202,64169888403.31204,101645677031.14822,30045031194.048008,71600645837.10022
FOL,ccsm4_rcp85_r1i1p1,LUCAS-BAU_High-0001,72,1.239213170996984,71648762387.97325,23017552070.64269,48631210317.33057,75575961024.48361,26885958665.046272,48690002359.43735,68813024774.46283,26933755557.18143,41879269217.28141,68505394087.35525,26307157728.171993,42198236359.183266,73661389227.1097,30103469231.394478,43557919995.7152
FOL,ccsm4_rcp85_r1i1p1,LUCAS-BAU_High-0002,72,1.239213170996984,73120539289.64587,23014363510.80134,50106175778.844536,76648503972.35268,26882800620.104275,49765703352.2484,70213611502.0769,26930306296.95098,43283305205.12592,69832838446.94601,26306501232.831623,43526337214.114395,75109219455.13177,30100301998.355694,45008917456.77607
FOL,cesm1-bgc_rcp45_r1i1p1,FORE-SCE-A1B,72,0.8486901497788488,63962802890.299706,9954809411.556286,54007993478.743416,65520477352.63967,13213230992.958008,52307246359.681656,65095843691.6287,15406819808.14732,49689023883.481384,67336263405.74673,17898177598.26657,49438085807.480156,69027450223.55199,13765640562.931133,55261809660.62086
FOL,cesm1-bgc_rcp45_r1i1p1,FORE-SCE-A2,72,0.8486901497788488,55503093385.44482,9959906826.81645,45543186558.628365,57510064081.173965,13220292004.052849,44289772077.12112,57416201178.40027,15411985816.861017,42004215361.539246,59601419850.22045,17920421081.57137,41680998768.649086,59993916687.14951,13761393541.7104,46232523145.43911
FOL,cesm1-bgc_rcp45_r1i1p1,FORE-SCE-B1,72,0.8486901497788488,49028146875.3425,9773831681.887634,39254315193.454865,50220788636.007904,12040634737.398933,38180153898.608955,50336082415.79141,13676367916.777676,36659714499.01373,50004338489.22094,13684754365.07608,36319584124.14487,53480196067.64276,13745263257.701122,39734932809.941635
FOL,cesm1-bgc_rcp45_r1i1p1,GCAM-26,72,0.8486901497788488,112129096094.50949,10281471788.95958,101847624305.54993,112995794413.6746,14310268028.438154,98685526385.23643,114128518688.42802,18202615366.991333,95925903321.43669,117633912602.68948,21449620438.85655,96184292163.83293,119283173879.17732,15345519175.612185,103937654703.56512
FOL,cesm1-bgc_rcp45_r1i1p1,GCAM-45,72,0.8486901497788488,82191942757.03708,9916769371.731329,72275173385.30576,81916108045.21092,12334062850.616518,69582045194.59439,80765848850.6114,13826769293.938303,66939079556.67312,86465976389.41092,19023332937.994057,67442643451.416855,88272459371.20201,15321127314.107315,72951332057.09468
FOL,cesm1-bgc_rcp45_r1i1p1,GCAM-ref,72,0.8486901497788488,64290018951.710205,9979388460.001286,54310630491.70892,65562661533.89293,13230382439.180683,52332279094.71224,65314464351.39762,15428171569.310734,49886292782.08688,67505884965.09836,17898532325.197388,49607352639.90096,69424813293.16748,13755794868.319118,55669018424.84837
FOL,cesm1-bgc_rcp45_r1i1p1,LUCAS-BAU_High-0001,72,0.8486901497788488,42697002368.94808,9810857554.050653,32886144814.89742,43869045952.93191,11920199458.29992,31948846494.632,43200864774.11005,13002391197.334915,30198473576.77513,43587935153.41194,13678493103.093927,29909442050.318016,46578451855.20059,13727387984.565876,32851063870.63471
FOL,cesm1-bgc_rcp45_r1i1p1,LUCAS-BAU_High-0002,72,0.8486901497788488,43810557101.73473,9808675454.863478,34001881646.871258,45061845446.99529,12066548715.97296,32995296731.022327,45002972386.383835,13713244242.465633,31289728143.918198,44629884209.82786,13672613432.40314,30957270777.424717,47729727044.704765,13728673592.79036,34001053451.914406
FOL,cesm1-bgc_rcp85_r1i1p1,FORE-SCE-A1B,72,0.9372026797687987,69056454877.68039,8760900336.653913,60295554541.026474,73368417014.76663,13731321275.929483,59637095738.83712,63583414808.180115,11186659671.452398,52396755136.72771,68286455579.43907,15984317155.409441,52302138424.029625,82041630617.22308,22696825020.809883,59344805596.41321
FOL,cesm1-bgc_rcp85_r1i1p1,FORE-SCE-A2,72,0.9372026797687987,59767979705.972755,8905055023.475746,50862924682.497025,63655722396.99006,13418173543.09449,50237548853.89556,57371379899.23096,11211128725.738914,46160251173.492065,62132841768.21661,16028844304.594027,46103997463.6226,72186697618.38225,22779206802.749336,49407490815.63292
FOL,cesm1-bgc_rcp85_r1i1p1,FORE-SCE-B1,72,0.9372026797687987,52534735522.46301,8276357008.589621,44258378513.87339,54451343277.903175,10647121662.555714,43804221615.347466,50282642170.37571,9211844058.964851,41070798111.41085,53274370042.517365,12357656413.888676,40916713628.628685,65686703111.92761,22997970440.350475,42688732671.57713
FOL,cesm1-bgc_rcp85_r1i1p1,GCAM-26,72,0.9372026797687987,122355577263.72455,9861079954.975693,112494497308.74886,133919887018.35332,23441615505.89404,110478271512.45929,118012207524.3062,21050931802.367073,96961275721.93915,120986809764.95001,22936610601.323456,98050199163.62659,136724628502.99692,26257180141.14241,110467448361.8545
FOL,cesm1-bgc_rcp85_r1i1p1,GCAM-45,72,0.9372026797687987,89597392590.36409,9448538088.314272,80148854502.04984,97009705408.4118,18607904995.019283,78401800413.3925,85784445343.30473,18932954401.91718,66851490941.387566,87715235564.7565,19737209517.666996,67978026047.08951,103185972081.31725,26550369901.153484,76635602180.16374
FOL,cesm1-bgc_rcp85_r1i1p1,GCAM-ref,72,0.9372026797687987,68677694266.82085,8083283840.312447,60594410426.50841,72679553010.4347,13075061081.155312,59604491929.279396,61488041940.543625,11019901576.734644,50468140363.80899,66325261188.07555,16009455086.632824,50315806101.44272,82517719564.85115,22822056413.962215,59695663150.88894
FOL,cesm1-bgc_rcp85_r1i1p1,LUCAS-BAU_High-0001,72,0.9372026797687987,45043720068.27489,8437699553.670112,36606020514.60478,47080191592.67712,10970092398.205257,36110099194.47185,42660005098.94216,9307907098.139477,33352098000.802685,45739079402.40344,12346420927.157839,33392658475.245605,57798520184.62435,23256864917.158546,34541655267.46579
FOL,cesm1-bgc_rcp85_r1i1p1,LUCAS-BAU_High-0002,72,0.9372026797687987,46260552277.61476,8422990024.095718,37837562253.51904,48307254384.83841,10955640188.855476,37351614195.982925,43948215408.66277,9300821137.966393,34647394270.69639,46967862227.01491,12348550876.941256,34619311350.07364,59125361270.50866,23232230452.02513,35893130818.48352
FOL,cesm1-cam5_rcp26_r1i1p1,FORE-SCE-A1B,72,0.9037552749062527,44947172355.61553,1604466820.297952,43342705535.31758,44552766646.18588,2733990601.8441396,41818776044.34174,43860966286.681435,3714808799.474064,40146157487.207375,45358416383.20364,5302023190.28647,40056393192.917175,46220397224.02536,1148784376.1977828,45071612847.827576
FOL,cesm1-cam5_rcp26_r1i1p1,FORE-SCE-A2,72,0.9037552749062527,36946482469.976654,0.0,36946482469.976654,37029605486.18391,1432672512.509575,35596932973.67434,37407377724.030365,3293401519.718621,34113976204.311745,36756072935.23076,2699522774.277866,34056550160.9529,39216118499.53944,1179909981.6025846,38036208517.93685
FOL,cesm1-cam5_rcp26_r1i1p1,FORE-SCE-B1,72,0.9037552749062527,31187812694.568607,0.0,31187812694.568607,31250945044.68605,1429544343.7351146,29821400700.950935,32356235664.690243,3233902614.3951983,29122333050.295044,31672286747.413357,2722957481.7978864,28949329265.61547,32981754631.715733,1201961894.430578,31779792737.285152
FOL,cesm1-cam5_rcp26_r1i1p1,GCAM-26,72,0.9037552749062527,88362309727.77402,4165987387.005638,84196322340.76837,90393607667.56686,8039401699.224211,82354205968.34267,85927611762.6247,6837140036.532768,79090471726.09192,88701538782.6017,9943145186.542376,78758393596.05934,89819859812.98656,1490261859.049571,88329597953.93698
FOL,cesm1-cam5_rcp26_r1i1p1,GCAM-45,72,0.9037552749062527,60033141104.270386,1544639331.3618042,58488501772.908585,60649455565.374435,3749296477.311751,56900159088.06268,57254600729.42218,3246329429.7059736,54008271299.71622,59870921460.975174,5353426397.122231,54517495063.85295,62039794771.33826,1544639331.3270078,60495155440.011246
FOL,cesm1-cam5_rcp26_r1i1p1,GCAM-ref,72,0.9037552749062527,43880556687.179596,1599224823.7863648,42281331863.393234,43589553281.38217,2729698194.657525,40859855086.72465,42693815706.0804,3712050083.82189,38981765622.25851,44150023867.33909,5277980812.038702,38872043055.300385,45344952641.11966,1143552280.5434477,44201400360.57621
FOL,cesm1-cam5_rcp26_r1i1p1,LUCAS-BAU_High-0001,72,0.9037552749062527,25325089340.41256,0.0,25325089340.41256,25180269938.432858,906089484.7609394,24274180453.671917,25776856055.381706,2499052225.175868,23277803830.205833,24342482056.152416,1250449315.4346418,23092032740.717777,26725234844.306934,1246675231.4515646,25478559612.85537
FOL,cesm1-cam5_rcp26_r1i1p1,LUCAS-BAU_High-0002,72,0.9037552749062527,25956613831.9364,0.0,25956613831.9364,26340973021.57488,1429260612.9857159,24911712408.58916,27376845772.57569,3281254400.22392,24095591372.351772,26676005665.30439,2764525635.5879683,23911480029.716423,27655674321.246407,1241073150.123103,26414601171.123302
FOL,cesm1-cam5_rcp45_r1i1p1,FORE-SCE-A1B,72,1.1185547593572176,69998846470.17543,3652650522.8550696,66346195947.32035,70628678985.30038,4112914011.809288,66515764973.49112,64297779507.68997,8203447390.225917,56094332117.46406,65718422724.91072,10003894082.697025,55714528642.21369,68865885572.3493,8157851145.285524,60708034427.06378
FOL,cesm1-cam5_rcp45_r1i1p1,FORE-SCE-A2,72,1.1185547593572176,60463343784.92932,3735798910.6683464,56727544874.26097,60649599611.88963,4142774587.500948,56506825024.38869,55012963832.71451,8372334537.559291,46640629295.1552,56573584569.463104,10160871045.706247,46412713523.75686,58995264258.514885,8482018511.228138,50513245747.28675
FOL,cesm1-cam5_rcp45_r1i1p1,FORE-SCE-B1,72,1.1185547593572176,54006276915.78566,3757913331.2670717,50248363584.518585,53857611309.509384,4154777639.0749235,49702833670.43446,51369655200.587494,6856245997.973904,44513409202.613594,52740820125.75795,8627842605.894493,44112977519.863464,52279012784.37394,8570396705.859316,43708616078.51461
FOL,cesm1-cam5_rcp45_r1i1p1,GCAM-26,72,1.1185547593572176,126167768512.77168,5604357594.915558,120563410917.85612,125422269054.2548,4922106308.510203,120500162745.74461,112647632110.20433,9200140281.555187,103447491828.64911,112408083111.07422,9000025086.544567,103408058024.5297,123079581472.77028,7090746628.070017,115988834844.70027
FOL,cesm1-cam5_rcp45_r1i1p1,GCAM-45,72,1.1185547593572176,91322530564.74875,3549788445.79331,87772742118.95544,91931206750.97984,5199147772.294239,86732058978.6856,81874589038.4619,9482825050.426254,72391763988.03564,81653564874.76723,9234531745.635313,72419033129.13191,89053017154.06638,7499837939.660042,81553179214.40634
FOL,cesm1-cam5_rcp45_r1i1p1,GCAM-ref,72,1.1185547593572176,70701570076.90009,3618863362.2873077,67082706714.612755,72349923189.30396,5240895841.447034,67109027347.85693,65175338733.41327,8116445696.117805,57058893037.295456,65278923578.26181,8561664425.476343,56717259152.785446,69546784543.74767,8020843982.0398855,61525940561.707794
FOL,cesm1-cam5_rcp45_r1i1p1,LUCAS-BAU_High-0001,72,1.1185547593572176,44583618791.26273,2702345745.6479344,41881273045.6148,45407882177.85577,3511108440.2802258,41896773737.57554,42258213099.26016,5595139546.287203,36663073552.97295,45998311923.24563,9618252869.641157,36380059053.60448,44474495145.686104,8836789458.007729,35637705687.67838
FOL,cesm1-cam5_rcp45_r1i1p1,LUCAS-BAU_High-0002,72,1.1185547593572176,46021230623.93002,2703508732.4767027,43317721891.45332,46597418194.72261,3508218273.7442317,43089199920.978386,43543938995.16826,5557268610.912468,37986670384.25578,47279792437.09451,9594432000.364822,37685360436.72969,45777479393.203926,8787852915.645115,36989626477.5588
FOL,cesm1-cam5_rcp60_r1i1p1,FORE-SCE-A1B,72,1.0298200688768058,61546164745.66825,0.0,61546164745.66825,62289329380.57544,0.0,62289329380.57544,51400855654.35469,1983744000.000006,49417111654.35469,51309941958.37742,1983744000.000003,49326197958.37742,59372032726.44151,0.0,59372032726.44151
FOL,cesm1-cam5_rcp60_r1i1p1,FORE-SCE-A2,72,1.0298200688768058,52378903486.276405,0.0,52378903486.276405,53277211424.1317,0.0,53277211424.1317,43890370086.60151,1537902999.999994,42352467086.60151,43733755783.30077,1537903000.0,42195852783.300766,50194353254.80816,0.0,50194353254.80816
FOL,cesm1-cam5_rcp60_r1i1p1,FORE-SCE-B1,72,1.0298200688768058,44939626970.10497,0.0,44939626970.10497,46221988883.08835,0.0,46221988883.08835,40546642111.58027,0.0,40546642111.58027,40118470339.12723,0.0,40118470339.12723,42944442217.10367,0.0,42944442217.10367
FOL,cesm1-cam5_rcp60_r1i1p1,GCAM-26,72,1.0298200688768058,112712968338.25298,0.0,112712968338.25298,113010814809.87784,0.0,113010814809.87784,99093835463.12735,2361197000.000003,96732638463.12735,98790478256.89984,2361197000.0000086,96429281256.89984,112286176825.34148,0.0,112286176825.34148
FOL,cesm1-cam5_rcp60_r1i1p1,GCAM-45,72,1.0298200688768058,81482221106.57849,0.0,81482221106.57849,81353614321.7779,0.0,81353614321.7779,69246106466.1798,1983744000.0000205,67262362466.17979,69214391913.87355,1983743999.9999828,67230647913.873566,79342232805.54216,0.0,79342232805.54216
FOL,cesm1-cam5_rcp60_r1i1p1,GCAM-ref,72,1.0298200688768058,61236637606.33495,0.0,61236637606.33495,61898760021.89889,0.0,61898760021.89889,52464213541.26598,1983744000.000003,50480469541.265976,52367045322.36965,1983743999.9999945,50383301322.36965,59285939804.07778,0.0,59285939804.07778
FOL,cesm1-cam5_rcp60_r1i1p1,LUCAS-BAU_High-0001,72,1.0298200688768058,37207336024.588936,0.0,37207336024.588936,38393264940.05723,0.0,38393264940.05723,33489512297.102646,0.0,33489512297.102646,33074181630.70519,0.0,33074181630.70519,35185709918.10557,0.0,35185709918.10557
FOL,cesm1-cam5_rcp60_r1i1p1,LUCAS-BAU_High-0002,72,1.0298200688768058,38458819066.3835,0.0,38458819066.3835,39541031952.5639,0.0,39541031952.5639,34497546451.2549,0.0,34497546451.2549,34104817620.594578,0.0,34104817620.594578,36412639081.12477,0.0,36412639081.12477
FOL,cesm1-cam5_rcp85_r1i1p1,FORE-SCE-A1B,72,0.8276276834056251,105241517225.66898,23849399320.977215,81392117904.69179,107851810817.94699,29058367387.865864,78793443430.08113,104493734326.58235,28758068119.004192,75735666207.57811,104750217618.81111,28439917311.772533,76310300307.0386,109238951554.97232,27723333902.51413,81515617652.45825
FOL,cesm1-cam5_rcp85_r1i1p1,FORE-SCE-A2,72,0.8276276834056251,94321449032.00633,23873714849.698685,70447734182.30763,97354067410.18954,28236138046.41156,69117929363.77797,93365832862.88568,27850869018.575966,65514963844.30973,92963915527.1737,27089340571.801308,65874574955.37241,98054912160.4989,27750171862.179672,70304740298.31924
FOL,cesm1-cam5_rcp85_r1i1p1,FORE-SCE-B1,72,0.8276276834056251,85761898925.99646,23873761675.285797,61888137250.71063,88799503398.50244,28236750463.75078,60562752934.75164,85729001991.62537,27851093852.54187,57877908139.083496,85223720751.38373,27089404827.104923,58134315924.278786,88609703727.08978,27750379987.658928,60859323739.43087
FOL,cesm1-cam5_rcp85_r1i1p1,GCAM-26,72,0.8276276834056251,166288941057.5165,24351903357.061043,141937037700.45547,169669875041.9722,31472033811.08038,138197841230.89175,166821178078.2088,31676900111.434956,135144277966.77382,165523257509.33975,29411443892.085,136111813617.25471,173710577939.31076,28787227965.1624,144923349974.14835
FOL,cesm1-cam5_rcp85_r1i1p1,GCAM-45,72,0.8276276834056251,128238390519.89017,24370173337.59012,103868217182.30002,130399356721.9016,29566507229.666935,100832849492.23468,127527541552.33154,29276784965.355984,98250756586.97562,127586338530.4858,28569662310.03345,99016676220.45229,133009981609.33365,28806162445.92926,104203819163.4044
FOL,cesm1-cam5_rcp85_r1i1p1,GCAM-ref,72,0.8276276834056251,105113232577.59163,24385411119.746193,80727821457.84543,107165491601.02162,29535501943.820618,77629989657.20105,104129203880.5607,29293587702.42107,74835616178.13959,103800786156.01407,28419695247.807125,75381090908.20695,108290586987.12917,27719931055.465405,80570655931.66377
FOL,cesm1-cam5_rcp85_r1i1p1,LUCAS-BAU_High-0001,72,0.8276276834056251,75420562505.665,23878340920.91203,51542221584.753,79112004647.35893,28240636637.124615,50871368010.234314,75603994651.29945,27856021929.892372,47747972721.40709,74820046656.14732,27094018758.323578,47726027897.82373,77650155002.13206,27755275250.022606,49894879752.10949
FOL,cesm1-cam5_rcp85_r1i1p1,LUCAS-BAU_High-0002,72,0.8276276834056251,76934208070.93954,23875389638.468254,53058818432.47128,80610144274.3639,28237874274.58895,52372269999.77495,77064047568.86855,27852765903.076077,49211281665.79246,76331270198.48834,27091037131.556763,49240233066.931564,79281862797.16086,27752047891.069546,51529814906.0913
FOL,cmcc-cm_rcp45_r1i1p1,FORE-SCE-A1B,72,1.1502885985143785,71003854152.98022,2335973971.6118374,68667880181.36839,72013710678.3458,2209981261.876528,69803729416.46927,58576647470.29991,4655054805.509068,53921592664.79085,58936563326.30006,5207061455.058518,53729501871.24154,68902292795.01259,4583372545.323763,64318920249.68884
FOL,cmcc-cm_rcp45_r1i1p1,FORE-SCE-A2,72,1.1502885985143785,60634331649.44372,2332102088.7969465,58302229560.64677,61741981232.69667,2227201486.848001,59514779745.84868,52731927129.5817,4805030077.483796,47926897052.09791,53124586167.24924,5427325759.953237,47697260407.296005,58699293753.3785,4756140080.288917,53943153673.0896
FOL,cmcc-cm_rcp45_r1i1p1,FORE-SCE-B1,72,1.1502885985143785,53031376969.54544,2331111813.0117917,50700265156.533646,53971397514.7193,2232076867.3911314,51739320647.328156,50015528817.98735,4848986776.408393,45166542041.57896,50248523954.3072,5492000500.576501,44756523453.7307,50933990839.72655,4801166534.164548,46132824305.562004
FOL,cmcc-cm_rcp45_r1i1p1,GCAM-26,72,1.1502885985143785,130306470165.2114,3312893606.9609194,126993576558.25049,129998122110.3439,4172218134.515523,125825903975.82837,114796162870.37364,11896009855.959753,102900153014.41391,114603076950.9201,11904769477.695942,102698307473.22418,126500020081.15007,4035947833.454868,122464072247.6952
FOL,cmcc-cm_rcp45_r1i1p1,GCAM-45,72,1.1502885985143785,92783017681.0191,2341404825.2126875,90441612855.80641,94800793164.05342,4082794818.08648,90717998345.96695,82519828608.08423,11704700204.055784,70815128404.02846,82539959242.47514,11680721613.754608,70859237628.72055,90218595791.19234,4306141572.248875,85912454218.94347
FOL,cmcc-cm_rcp45_r1i1p1,GCAM-ref,72,1.1502885985143785,70702348271.11885,2337810632.412773,68364537638.70606,73200747355.08777,4110358863.8382354,69090388491.24953,66045360063.99168,12224088393.78411,53821271670.20756,65854283927.29817,12203869496.659584,53650414430.63858,68368624817.62335,4509403146.532082,63859221671.09128
FOL,cmcc-cm_rcp45_r1i1p1,LUCAS-BAU_High-0001,72,1.1502885985143785,42511053190.329994,612580874.0612469,41898472316.26875,44634436577.074646,1706183710.6740189,42928252866.40063,41748142347.17789,5035657966.556223,36712484380.62167,41543321619.28686,5040119839.780763,36503201779.506096,42283859271.79861,4903621661.059751,37380237610.738846
FOL,cmcc-cm_rcp45_r1i1p1,LUCAS-BAU_High-0002,72,1.1502885985143785,43970033538.89547,613640946.0461903,43356392592.84927,45972555505.42016,1703920238.2580028,44268635267.162155,43087668729.85837,5011467920.39336,38076200809.46498,42828414800.15261,5015581193.408545,37812833606.74407,43642785976.0103,4883508210.455129,38759277765.55516
FOL,cmcc-cm_rcp85_r1i1p1,FORE-SCE-A1B,72,1.4134196026612917,91077030107.41922,0.0,91077030107.41922,89370888784.0963,0.0,89370888784.0963,75301946304.22119,7226929.7608829215,75294719374.46031,75211677463.24585,0.0,75211677463.24585,87305171896.90678,0.0,87305171896.90678
FOL,cmcc-cm_rcp85_r1i1p1,FORE-SCE-A2,72,1.4134196026612917,80262081024.24174,0.0,80262081024.24174,79890187501.4908,0.0,79890187501.4908,67373519396.09852,33799984.212528214,67339719411.88599,67338848076.14177,0.0,67338848076.14177,76784269219.90898,0.0,76784269219.90898
FOL,cmcc-cm_rcp85_r1i1p1,FORE-SCE-B1,72,1.4134196026612917,69428033871.90547,0.0,69428033871.90547,69650017262.9036,0.0,69650017262.9036,61971175971.818954,0.0,61971175971.818954,61977145560.849884,0.0,61977145560.849884,66032306929.39986,0.0,66032306929.39986
FOL,cmcc-cm_rcp85_r1i1p1,GCAM-26,72,1.4134196026612917,154711968886.18555,0.0,154711968886.18555,153383510902.9223,0.0,153383510902.9223,131748251750.57602,25888164.279432386,131722363586.2966,131610829544.94843,0.0,131610829544.94843,151163314466.3991,0.0,151163314466.3991
FOL,cmcc-cm_rcp85_r1i1p1,GCAM-45,72,1.4134196026612917,115299434366.22044,0.0,115299434366.22044,113532715355.88087,0.0,113532715355.88087,95507561767.13708,0.0,95507561767.13708,95402672331.45135,0.0,95402672331.45135,110069266415.48933,0.0,110069266415.48933
FOL,cmcc-cm_rcp85_r1i1p1,GCAM-ref,72,1.4134196026612917,89624738121.31804,0.0,89624738121.31804,87548344061.26353,0.0,87548344061.26353,74736672766.06729,56714757.62113405,74679958008.44615,74593510965.18315,0.0,74593510965.18315,85833720191.64723,0.0,85833720191.64723
FOL,cmcc-cm_rcp85_r1i1p1,LUCAS-BAU_High-0001,72,1.4134196026612917,57811508180.712105,0.0,57811508180.712105,59048521807.71531,0.0,59048521807.71531,50906079552.14193,0.0,50906079552.14193,51119968634.148026,0.0,51119968634.148026,54528926523.534775,0.0,54528926523.534775
FOL,cmcc-cm_rcp85_r1i1p1,LUCAS-BAU_High-0002,72,1.4134196026612917,59460139366.06972,0.0,59460139366.06972,60399426806.49477,0.0,60399426806.49477,52441807805.27453,0.0,52441807805.27453,52595531422.154045,0.0,52595531422.154045,56131713222.81449,0.0,56131713222.81449
FOL,cnrm-cm5_rcp45_r1i1p1,FORE-SCE-A1B,72,0.8320703851767226,65426210349.137886,8036374246.125332,57389836103.01255,72826318245.82599,19498097549.182762,53328220696.64326,68636127464.88466,14943888775.486496,53692238689.398155,79961884026.9934,26011015537.608948,53950868489.384445,86872539257.90303,35818140081.37008,51054399176.53296
FOL,cnrm-cm5_rcp45_r1i1p1,FORE-SCE-A2,72,0.8320703851767226,56538397992.08938,8042611383.099962,48495786608.989426,63975128488.47615,17627835475.456875,46347293013.01926,57787204622.52833,12390979014.34186,45396225608.186455,70898008530.01715,25227691005.255405,45670317524.761734,78703734672.33005,36096276164.85026,42607458507.47979
FOL,cnrm-cm5_rcp45_r1i1p1,FORE-SCE-B1,72,0.8320703851767226,50690780073.16102,8047661700.042534,42643118373.11849,57816384820.57771,17677465830.08721,40138918990.49052,51766367503.94625,12454030371.304153,39312337132.642105,64834091078.11908,25291732725.459267,39542358352.65981,72518149029.81996,36234473997.31854,36283675032.50141
FOL,cnrm-cm5_rcp45_r1i1p1,GCAM-26,72,0.8320703851767226,112897811379.84427,8206534414.694617,104691276965.14964,121628299465.99547,22442904869.084003,99185394596.91148,113052019679.09094,14210391441.612408,98841628237.47852,133325965661.22575,31555403320.894077,101770562340.33168,135103776832.21857,38801014053.41664,96302762778.80196
FOL,cnrm-cm5_rcp45_r1i1p1,GCAM-45,72,0.8320703851767226,83107969700.23416,8029849917.030287,75078119783.20386,90983685375.86835,20634513425.111412,70349171950.75691,86369908636.94397,15390009818.641832,70979898818.30212,103860223883.12943,31765383592.20513,72094840290.92427,105614270362.87854,39176574596.43803,66437695766.44057
FOL,cnrm-cm5_rcp45_r1i1p1,GCAM-ref,72,0.8320703851767226,65422789785.293,8027962048.917893,57394827736.37511,73938262463.1538,20738339471.259167,53199922991.89466,69694098888.09557,15956621752.327078,53737477135.76849,80351500125.01514,26372257420.970657,53979242704.04449,86967965422.59465,35725249395.62559,51242716026.96908
FOL,cnrm-cm5_rcp45_r1i1p1,LUCAS-BAU_High-0001,72,0.8320703851767226,43663751729.454155,8026907448.293171,35636844281.16097,51774541980.34256,16797825253.81151,34976716726.53106,43769657338.431656,11297855327.237974,32471802011.193687,57594204358.24054,24973883452.618755,32620320905.62178,65911443596.32814,36552040510.2988,29359403086.02934
FOL,cnrm-cm5_rcp45_r1i1p1,LUCAS-BAU_High-0002,72,0.8320703851767226,44715223302.745056,8028188236.798027,36687035065.947014,52588250999.3289,17052607002.084724,35535643997.24417,45133133800.78244,11592536214.403988,33540597586.378456,58558074195.641335,24855172710.4533,33702901485.18803,66963501882.421974,36502630059.520386,30460871822.90158
FOL,cnrm-cm5_rcp85_r1i1p1,FORE-SCE-A1B,72,0.7687833731792296,153761052822.8034,66982157741.14417,86778895081.65923,163286883416.2807,78929709564.3327,84357173851.94798,168940277771.90884,85367052387.0754,83573225384.83347,163595026105.9952,75584717848.78783,88010308257.20743,168384839607.36456,84110383663.24474,84274455944.11981
FOL,cnrm-cm5_rcp85_r1i1p1,FORE-SCE-A2,72,0.7687833731792296,142464490204.11514,66925341382.9234,75539148821.19165,154026505782.6009,78260874453.47592,75765631329.12494,157118698241.18332,84651974226.84488,72466724014.33842,152091992343.51175,75501413316.3739,76590579027.1379,156985840556.96805,84198965486.72523,72786875070.24287
FOL,cnrm-cm5_rcp85_r1i1p1,FORE-SCE-B1,72,0.7687833731792296,133261143899.42703,66452945026.304794,66808198873.12225,145823295738.88507,78066399547.36542,67756896191.51971,148320095329.77805,84646476761.07022,63673618568.707794,142677484109.99197,75479537861.78383,67197946248.20814,147767360793.0466,84214605193.88202,63552755599.164604
FOL,cnrm-cm5_rcp85_r1i1p1,GCAM-26,72,0.7687833731792296,216512974408.82574,67166394767.514275,149346579641.31146,224439210996.48096,78645067837.80087,145794143158.68002,218539695163.19955,73823702453.96387,144715992709.23575,236255676131.45337,81301505949.51584,154954170181.9375,236854841901.93445,89394042589.50034,147460799312.43405
FOL,cnrm-cm5_rcp85_r1i1p1,GCAM-45,72,0.7687833731792296,177331558291.6022,66946457685.69053,110385100605.91165,185401988150.6888,78880398784.12482,106521589366.56409,186763800928.7829,79515552361.44635,107248248567.33647,194298497115.37598,81136343350.30664,113162153765.06929,196611790341.82397,89544570216.98836,107067220124.83554
FOL,cnrm-cm5_rcp85_r1i1p1,GCAM-ref,72,0.7687833731792296,153275388654.49896,66990432465.905495,86284956188.59355,162758576285.34433,79513251082.83685,83245325202.50743,166006143239.10934,82822311925.2974,83183831313.81198,163053215346.78528,75597454225.01913,87455761121.76611,168005042253.66272,84094091052.20349,83910951201.45923
FOL,cnrm-cm5_rcp85_r1i1p1,LUCAS-BAU_High-0001,72,0.7687833731792296,123322573628.04903,66512289878.73513,56810283749.3139,137906975507.91992,77525666180.59756,60381309327.32236,137168176508.0651,82597326507.62366,54570850000.44145,131855681583.14749,75442722047.8046,56412959535.34286,137034575566.16457,84279547211.08298,52755028355.08158
FOL,cnrm-cm5_rcp85_r1i1p1,LUCAS-BAU_High-0002,72,0.7687833731792296,124757063359.198,66506427179.65648,58250636179.5415,138625665002.3122,77694451925.71075,60931213076.601425,138223093545.9396,82587415997.12982,55635677548.8098,133539333057.01997,75452063479.58353,58087269577.436424,138647173754.1535,84264813992.26044,54382359761.89312
FOL,csiro-mk3-6-0_rcp26_r1i1p1,FORE-SCE-A1B,72,0.9329682088025899,65943676434.16941,0.0,65943676434.16941,67006440766.6649,527192959.7139504,66479247806.95094,62357524927.133545,1637453125.2171292,60720071801.91641,63425630668.82739,2705967295.153209,60719663373.67418,69256144799.75052,3153389913.7294354,66102754886.02108
FOL,csiro-mk3-6-0_rcp26_r1i1p1,FORE-SCE-A2,72,0.9329682088025899,55505651035.184845,0.0,55505651035.184845,56843010799.31516,572670778.175944,56270340021.13922,53204169132.21961,1701212390.7338886,51502956741.48571,54283537013.485695,2781041614.2185917,51502495399.2671,58741013526.84936,3336873839.7705746,55404139687.07879
FOL,csiro-mk3-6-0_rcp26_r1i1p1,FORE-SCE-B1,72,0.9329682088025899,48618771841.789024,0.0,48618771841.789024,50017724078.4016,593826404.6379423,49423897673.763664,47368696242.6504,701185259.4650204,46667510983.18538,48434578343.52322,1785852601.9702754,46648725741.55294,51739245690.76249,3414902830.019631,48324342860.74286
FOL,csiro-mk3-6-0_rcp26_r1i1p1,GCAM-26,72,0.9329682088025899,121237827674.00468,914069897.8729954,120323757776.1317,121318327576.15517,1823404723.3679013,119494922852.78725,113124388105.31985,2852976558.153215,110271411547.16664,113508046535.41293,3285516526.9195366,110222530008.49342,121465690985.03687,1742394469.6955996,119723296515.34125
FOL,csiro-mk3-6-0_rcp26_r1i1p1,GCAM-45,72,0.9329682088025899,87704420049.34654,964318167.5157219,86740101881.83081,87591995081.67946,798638995.609802,86793356086.06966,80601075030.71721,2005027915.9710975,78596047114.74611,82247532634.83473,3645180253.786436,78602352381.0483,87432799099.743,1799309613.2601292,85633489486.48286
FOL,csiro-mk3-6-0_rcp26_r1i1p1,GCAM-ref,72,0.9329682088025899,67717042872.34787,1005979456.7517151,66711063415.59616,68037771322.1842,828313260.57314,67209458061.61106,63227814035.07747,2047869274.108659,61179944760.96881,63763862735.19761,2570395896.833547,61193466838.36407,70063285472.6735,3045571923.690388,67017713548.9831
FOL,csiro-mk3-6-0_rcp26_r1i1p1,LUCAS-BAU_High-0001,72,0.9329682088025899,41254417050.26719,0.0,41254417050.26719,42747150676.70583,582479139.8049915,42164671536.90084,39968832324.55989,685850756.5874257,39282981567.972466,41143611435.98262,1767949997.534172,39375661438.44845,44075659920.71325,3373563262.6044474,40702096658.1088
FOL,csiro-mk3-6-0_rcp26_r1i1p1,LUCAS-BAU_High-0002,72,0.9329682088025899,42655526013.37494,0.0,42655526013.37494,44084903660.172844,580725573.9725602,43504178086.20028,41337213343.94814,683556914.3555913,40653656429.59255,42488415275.02836,1765219715.040963,40723195559.987404,45475194310.27131,3366427629.9920664,42108766680.279236
FOL,csiro-mk3-6-0_rcp45_r1i1p1,FORE-SCE-A1B,72,1.2149166478762228,77849190547.51158,0.0,77849190547.51158,78570502574.95338,334032662.50909656,78236469912.44427,66908184951.26537,3806622054.2508793,63101562897.01449,68679909423.04475,5769278787.958441,62910630635.086296,73938731107.77446,2246844127.4827113,71691886980.29175
FOL,csiro-mk3-6-0_rcp45_r1i1p1,FORE-SCE-A2,72,1.2149166478762228,66435446471.16486,0.0,66435446471.16486,67525575105.06282,358301525.55920064,67167273579.50362,57444677250.9081,1227820546.0323603,56216856704.87575,59148484901.46249,3181259247.272284,55967225654.19021,62873388458.27957,2503561243.7578907,60369827214.52169
FOL,csiro-mk3-6-0_rcp45_r1i1p1,FORE-SCE-B1,72,1.2149166478762228,57920850403.809265,0.0,57920850403.809265,59137231063.96858,372334304.35280025,58764896759.61578,52132916839.097404,1257810057.0660377,50875106782.031364,53652783783.665375,3205015871.5405035,50447767912.12488,54610602755.57524,2663415650.8561807,51947187104.719055
FOL,csiro-mk3-6-0_rcp45_r1i1p1,GCAM-26,72,1.2149166478762228,140264504774.07434,1146114440.577809,139118390333.49652,140844914049.69025,1905811678.7686129,138939102370.92163,117913150455.45169,5222977289.880295,112690173165.57143,116788265135.63797,4125112104.4755535,112663153031.16243,135189708790.44531,1540167420.0440495,133649541370.40125
FOL,csiro-mk3-6-0_rcp45_r1i1p1,GCAM-45,72,1.2149166478762228,101915120073.69037,1147109214.0530062,100768010859.63734,102542643950.16663,764340842.1716566,101778303107.99496,84843667753.25261,4625006246.088219,80218661507.1644,84817286087.1245,4951542613.88513,79865743473.23938,97182871466.8472,1798192175.1716757,95384679291.67554
FOL,csiro-mk3-6-0_rcp45_r1i1p1,GCAM-ref,72,1.2149166478762228,79289929061.44893,1145896055.305173,78144033006.14378,79538022335.98398,783271090.3779342,78754751245.60603,66270392827.43675,4674773558.274281,61595619269.16246,66712444647.21955,5346363508.360388,61366081138.85916,74310401116.27827,2126760482.8984418,72183640633.37982
FOL,csiro-mk3-6-0_rcp45_r1i1p1,LUCAS-BAU_High-0001,72,1.2149166478762228,48557325656.82334,0.0,48557325656.82334,50351581950.90015,364294365.72550476,49987287585.17465,43517165792.66599,1240183327.7983096,42276982464.867676,45343613988.80648,3191056779.7610884,42152557209.045395,45534654691.17845,2570019446.645709,42964635244.532745
FOL,csiro-mk3-6-0_rcp45_r1i1p1,LUCAS-BAU_High-0002,72,1.2149166478762228,50097481536.61789,0.0,50097481536.61789,51700772014.64516,363563877.3263301,51337208137.31882,44983598684.24102,1238632198.4473472,43744966485.79367,46722522164.515205,3189827537.142727,43532694627.372475,47024293316.913666,2561686354.670662,44462606962.243004
FOL,csiro-mk3-6-0_rcp60_r1i1p1,FORE-SCE-A1B,72,1.024335032360929,58527518808.86248,199631211.38989517,58327887597.47259,58903619907.46073,851428167.7979772,58052191739.66275,49075133370.77628,199631211.41501468,48875502159.36127,51791905215.70951,3185954525.708666,48605950690.00085,60975956191.57507,7000013288.700182,53975942902.87489
FOL,csiro-mk3-6-0_rcp60_r1i1p1,FORE-SCE-A2,72,1.024335032360929,49533637799.12856,0.0,49533637799.12856,50135220408.07704,413903798.24957633,49721316609.82747,41761129153.35486,0.0,41761129153.35486,44676441275.31361,3158883737.5062895,41517557537.80732,52547980240.64872,7053077897.556059,45494902343.09266
FOL,csiro-mk3-6-0_rcp60_r1i1p1,FORE-SCE-B1,72,1.024335032360929,42709102887.378685,0.0,42709102887.378685,42878291612.08434,413604834.50362515,42464686777.58072,39059586373.21894,0.0,39059586373.21894,41761310346.929054,3157887079.0791845,38603423267.84987,45078682873.83762,7056045810.4439335,38022637063.39369
FOL,csiro-mk3-6-0_rcp60_r1i1p1,GCAM-26,72,1.024335032360929,111054999639.39302,210408887.82664552,110844590751.56638,110387762993.68321,1887881031.2249203,108499881962.4583,102548982022.82928,5635516642.94227,96913465379.88701,105396075966.23602,8554073707.81131,96842002258.42474,113402354325.68346,7027338237.612386,106375016088.07108
FOL,csiro-mk3-6-0_rcp60_r1i1p1,GCAM-45,72,1.024335032360929,77822910262.24844,204705365.40675676,77618204896.84169,78660867784.02519,1906423559.7490332,76754444224.27615,67996900862.76517,1394123031.81499,66602777830.95018,69895430899.29358,3296494635.373089,66598936263.920494,80475229630.56804,7076258539.941395,73398971090.62663
FOL,csiro-mk3-6-0_rcp60_r1i1p1,GCAM-ref,72,1.024335032360929,57829794228.41573,200755148.50163892,57629039079.91409,57980745627.86194,851705579.9385097,57129040047.92343,49885973817.04173,200755148.52852795,49685218668.5132,52517415722.63885,3188973097.5627346,49328442625.07611,60142965274.81494,6990240628.831455,53152724645.98349
FOL,csiro-mk3-6-0_rcp60_r1i1p1,LUCAS-BAU_High-0001,72,1.024335032360929,34515006803.35187,0.0,34515006803.35187,34968430871.87944,412707336.2607305,34555723535.618706,31276467206.87662,0.0,31276467206.87662,34055043002.071857,3154893140.7934523,30900149861.27839,37097618081.60407,7064965665.341808,30032652416.262257
FOL,csiro-mk3-6-0_rcp60_r1i1p1,LUCAS-BAU_High-0002,72,1.024335032360929,35699627179.55363,0.0,35699627179.55363,36057243788.55385,413333544.2372772,35643910244.31657,32390727392.350117,0.0,32390727392.350117,35155456411.27542,3156982397.1194563,31998474014.155964,38252013022.22856,7058740450.74576,31193272571.482807
FOL,csiro-mk3-6-0_rcp85_r1i1p1,FORE-SCE-A1B,72,0.9498711798905176,82147761096.56848,4189028991.732298,77958732104.8362,83837599420.64061,6008251314.683208,77829348105.95738,76960860300.01987,9746858115.94381,67214002184.07606,76291248904.36102,8891430186.551609,67399818717.80941,84356123164.96574,7532440203.323206,76823682961.64255
FOL,csiro-mk3-6-0_rcp85_r1i1p1,FORE-SCE-A2,72,0.9498711798905176,71849915113.82222,4186506938.8244967,67663408174.99771,73173579653.92264,5548756191.81079,67624823462.111855,65474356081.0364,6621470288.653071,58852885792.38331,65779668935.2451,6744682088.922804,59034986846.322296,73266246157.32692,7598326210.817863,65667919946.50908
FOL,csiro-mk3-6-0_rcp85_r1i1p1,FORE-SCE-B1,72,0.9498711798905176,63280144147.23648,4186327131.709669,59093817015.52681,64619364996.24173,5550606716.864134,59068758279.37761,60658432774.60595,6587512468.140321,54070920306.46564,60997617226.59616,6744839197.638308,54252778028.95784,64229273495.6195,7603260024.500838,56626013471.11866
FOL,csiro-mk3-6-0_rcp85_r1i1p1,GCAM-26,72,0.9498711798905176,145645539162.96616,5435177046.7638855,140210362116.20227,145797051183.3439,7695177412.96184,138101873770.38205,134850941871.87985,9715534761.963537,125135407109.91632,136759662655.19424,11169913430.459076,125589749224.73517,145937595032.57397,8066330707.870514,137871264324.7035
FOL,csiro-mk3-6-0_rcp85_r1i1p1,GCAM-45,72,0.9498711798905176,105529134547.77039,4191170552.4689026,101337963995.30148,106556061365.36203,5993322141.420965,100562739223.94106,98823884645.14485,9710490108.92339,89113394536.2215,99916886633.02885,10497754707.433731,89419131925.59511,106330135181.62549,8127028858.930504,98203106322.695
FOL,csiro-mk3-6-0_rcp85_r1i1p1,GCAM-ref,72,0.9498711798905176,81697092190.83578,4189566685.459605,77507525505.37616,83374388131.41545,6004383233.392991,77370004898.02245,76775449711.81758,9744624486.567205,67030825225.25037,76081068481.1581,8889324731.248653,67191743749.90943,84109976852.58305,7518818742.480187,76591158110.10287
FOL,csiro-mk3-6-0_rcp85_r1i1p1,LUCAS-BAU_High-0001,72,0.9498711798905176,53166246923.49062,4186151523.069813,48980095400.42081,54928712555.99686,5552390011.188979,49376322544.80787,51032205556.676315,6587591014.654759,44444614542.02155,51475111057.91587,6744945426.831217,44730165631.08466,54059903505.12959,7607833152.007397,46452070353.1222
FOL,csiro-mk3-6-0_rcp85_r1i1p1,LUCAS-BAU_High-0002,72,0.9498711798905176,54747931442.15003,4186382974.617489,50561548467.53255,56328682306.48351,5550021795.434897,50778660511.04862,52520171895.4608,6587476081.416648,45932695814.04416,52873901090.98895,6744786515.148555,46129114575.840385,55602221953.860916,7601624071.142503,48000597882.718414
FOL,fgoals-g2_rcp26_r1i1p1,FORE-SCE-A1B,72,1.1279484436759435,44565298073.54783,0.0,44565298073.54783,44106222013.735916,0.0,44106222013.735916,38820232529.62276,0.0,38820232529.62276,38699757454.80794,0.0,38699757454.80794,42497266778.74366,0.0,42497266778.74366
FOL,fgoals-g2_rcp26_r1i1p1,FORE-SCE-A2,72,1.1279484436759435,36293367462.064285,0.0,36293367462.064285,35864405515.225975,0.0,35864405515.225975,31038189630.35782,0.0,31038189630.35782,30969549499.05121,0.0,30969549499.05121,34269773580.726593,0.0,34269773580.726593
FOL,fgoals-g2_rcp26_r1i1p1,FORE-SCE-B1,72,1.1279484436759435,31328562572.877186,0.0,31328562572.877186,31034461147.036243,0.0,31034461147.036243,28238169967.691326,0.0,28238169967.691326,28046955663.709835,0.0,28046955663.709835,29383795995.721397,0.0,29383795995.721397
FOL,fgoals-g2_rcp26_r1i1p1,GCAM-26,72,1.1279484436759435,88272996540.97807,0.0,88272996540.97807,86785365386.37991,0.0,86785365386.37991,80167699589.45918,4583002999.999996,75584696589.4592,80141116784.74858,4583003000.000006,75558113784.7486,86607801547.01172,0.0,86607801547.01172
FOL,fgoals-g2_rcp26_r1i1p1,GCAM-45,72,1.1279484436759435,60788209655.10438,0.0,60788209655.10438,59988036954.48864,0.0,59988036954.48864,52190921876.293175,0.0,52190921876.293175,51876348763.19977,0.0,51876348763.19977,58720748145.49013,0.0,58720748145.49013
FOL,fgoals-g2_rcp26_r1i1p1,GCAM-ref,72,1.1279484436759435,45198492373.058556,0.0,45198492373.058556,44661721133.7249,0.0,44661721133.7249,38885881582.428154,0.0,38885881582.428154,38755212474.881226,0.0,38755212474.881226,43142624409.78434,0.0,43142624409.78434
FOL,fgoals-g2_rcp26_r1i1p1,LUCAS-BAU_High-0001,72,1.1279484436759435,25594486699.986103,0.0,25594486699.986103,25238637482.21609,0.0,25238637482.21609,22891111111.334896,0.0,22891111111.334896,22794655985.59708,0.0,22794655985.59708,23708182602.090534,0.0,23708182602.090534
FOL,fgoals-g2_rcp26_r1i1p1,LUCAS-BAU_High-0002,72,1.1279484436759435,26652372622.575718,0.0,26652372622.575718,26256502607.821766,0.0,26256502607.821766,23878407069.089367,0.0,23878407069.089367,23751068805.396755,0.0,23751068805.396755,24727713297.7347,0.0,24727713297.7347
MIL,access1-0_rcp45_r1i1p1,FORE-SCE-A1B,72,0.5414690707709217,181563612272.8519,87155720157.42017,94407892115.43176,182836553550.3907,87896189080.49484,94940364469.8959,175509748803.80725,82779899921.54485,92729848882.26245,179796089463.59027,85364708608.8927,94431380854.69759,179796089463.59027,85364708608.8927,94431380854.69759
MIL,access1-0_rcp45_r1i1p1,FORE-SCE-A2,72,0.5414690707709217,172681369533.4679,88778954310.48622,83902415222.98167,172221793786.82895,87882918911.5485,84338874875.2805,165561446696.6646,83106931416.26117,82454515280.40344,167646422669.59665,84421616126.05472,83224806543.54198,167646422669.59665,84421616126.05472,83224806543.54198
MIL,access1-0_rcp45_r1i1p1,FORE-SCE-B1,72,0.5414690707709217,164692135977.72153,89159086557.48001,75533049420.24153,164196746202.1719,87884514947.27637,76312231254.8955,158057059470.223,83321420211.79419,74735639258.42876,159105446719.07532,84418013103.69574,74687433615.37964,159105446719.07532,84418013103.69574,74687433615.37964
MIL,access1-0_rcp45_r1i1p1,GCAM-26,72,0.5414690707709217,234119060219.318,85420696240.4979,148698363978.8201,235734623395.5736,86694476091.31757,149040147304.25607,226259441526.50232,80980439732.53784,145279001793.96448,232891336902.74722,84333288464.83116,148558048437.91602,232891336902.74722,84333288464.83116,148558048437.91602
MIL,access1-0_rcp45_r1i1p1,GCAM-45,72,0.5414690707709217,201083340019.13858,85367254405.24313,115716085613.89542,203186204731.9894,87068940692.33475,116117264039.65466,194247257510.12155,81168223525.98016,113079033984.14146,197754459085.3513,83559249918.40512,114195209166.94618,197754459085.3513,83559249918.40512,114195209166.94618
MIL,access1-0_rcp45_r1i1p1,GCAM-ref,72,0.5414690707709217,180616732585.1569,86328370738.8919,94288361846.26491,182482505517.92752,87575655522.78032,94906849995.14725,175681501708.36197,83088626382.98955,92592875325.37251,180033950727.99847,85353839159.67723,94680111568.32124,180033950727.99847,85353839159.67723,94680111568.32124
MIL,access1-0_rcp45_r1i1p1,LUCAS-BAU_High-0001,72,0.5414690707709217,153756951055.7208,86915787863.16652,66841163192.55431,155288277508.02933,87974632185.74579,67313645322.28356,148942120850.70102,82999418127.39363,65942702723.30734,149551174136.4859,84204972150.53915,65346201985.94673,149551174136.4859,84204972150.53915,65346201985.94673
MIL,access1-0_rcp45_r1i1p1,LUCAS-BAU_High-0002,72,0.5414690707709217,155291249595.99933,87033585365.38525,68257664230.61411,156501911547.84726,87760250960.80482,68741660587.04243,150785634655.4886,83379471803.57013,67406162851.91841,151190865007.46027,84285927881.3593,66904937126.101036,151190865007.46027,84285927881.3593,66904937126.101036
MIL,access1-0_rcp85_r1i1p1,FORE-SCE-A1B,72,0.5835979517537792,154053155249.966,30882833549.98874,123170321699.9773,153079198733.3975,29917908559.736874,123161290173.66066,150089828643.38525,29473624774.770714,120616203868.61452,157841788881.6429,33384821407.466255,124456967474.17668,157841788881.6429,33384821407.466255,124456967474.17668
MIL,access1-0_rcp85_r1i1p1,FORE-SCE-A2,72,0.5835979517537792,141376872867.59744,31107825574.968685,110269047292.62875,140517324918.86874,30388046511.226543,110129278407.6422,138932201889.26175,30711264930.63338,108220936958.62837,144242070250.71597,33504937226.13468,110737133024.5813,144242070250.71597,33504937226.13468,110737133024.5813
MIL,access1-0_rcp85_r1i1p1,FORE-SCE-B1,72,0.5835979517537792,131487249975.27296,31134898258.273643,100352351716.9993,131250309121.70717,30708939387.45105,100541369734.2561,130425413249.33601,31365842335.822006,99059570913.51408,133716292039.30952,33356417746.39693,100359874292.9126,133716292039.30952,33356417746.39693,100359874292.9126
MIL,access1-0_rcp85_r1i1p1,GCAM-26,72,0.5835979517537792,221008578378.1908,31019725186.62351,189988853191.56732,219275944349.26703,29817223372.579952,189458720976.68698,215766227280.88452,29201692817.64689,186564534463.23767,226553280691.78912,33316006147.90896,193237274543.88013,226553280691.78912,33316006147.90896,193237274543.88013
MIL,access1-0_rcp85_r1i1p1,GCAM-45,72,0.5835979517537792,180860698177.43427,31158854892.920353,149701843284.51382,178980877230.75677,29823008572.96683,149157868657.78995,176294686225.1579,30009570021.353893,146285116203.8041,184090194487.08676,32912295879.716152,151177898607.3706,184090194487.08676,32912295879.716152,151177898607.3706
MIL,access1-0_rcp85_r1i1p1,GCAM-ref,72,0.5835979517537792,154221916962.93073,30884761580.23812,123337155382.6926,153264936058.70132,29927552454.820442,123337383603.88083,151002849196.52673,30211820493.93879,120791028702.58794,157852463284.88007,33217043752.77846,124635419532.10164,157852463284.88007,33217043752.77846,124635419532.10164
MIL,access1-0_rcp85_r1i1p1,LUCAS-BAU_High-0001,72,0.5835979517537792,120244271808.6367,31374601681.35586,88869670127.28087,119094370090.06953,30418096282.81368,88676273807.2559,118511133439.33643,31034866070.076492,87476267369.25995,121263203499.31497,33149185538.446358,88114017960.86856,121263203499.31497,33149185538.446358,88114017960.86856
MIL,access1-0_rcp85_r1i1p1,LUCAS-BAU_High-0002,72,0.5835979517537792,122174849323.96971,31462304041.272438,90712545282.69725,121141337152.45175,30505707312.37902,90635629840.07277,120482605670.97989,31097891972.117813,89384713698.86208,123253025148.5075,33139506886.643425,90113518261.86403,123253025148.5075,33139506886.643425,90113518261.86403
MIL,bcc-csm1-1-m_rcp45_r1i1p1,FORE-SCE-A1B,72,0.5130395298783533,179625973033.45703,98900883349.55862,80725089683.89845,183148296944.9087,101873698665.92018,81274598278.98846,182058959832.42792,101887857529.19934,80171102303.22853,187131170541.26538,108231513248.01476,78899657293.25056,187131170541.26538,108231513248.01476,78899657293.25056
MIL,bcc-csm1-1-m_rcp45_r1i1p1,FORE-SCE-A2,72,0.5130395298783533,171910481463.4637,100413090375.38783,71497391088.07591,175542483836.81995,103563286344.06026,71979197492.75964,175420500765.56924,104548650798.0967,70871849967.47255,177325825137.57916,108008863878.27754,69316961259.30171,177325825137.57916,108008863878.27754,69316961259.30171
MIL,bcc-csm1-1-m_rcp45_r1i1p1,FORE-SCE-B1,72,0.5130395298783533,164260146436.29178,100167894366.47002,64092252069.82177,167893272426.81522,103265573239.25287,64627699187.56228,168675507429.3248,104959119061.98044,63716388367.344284,169197050600.65485,107556546161.20995,61640504439.444855,169197050600.65485,107556546161.20995,61640504439.444855
MIL,bcc-csm1-1-m_rcp45_r1i1p1,GCAM-26,72,0.5130395298783533,228597201807.97424,98365522955.5982,130231678852.376,231482105692.8093,100457710146.20529,131024395546.60408,229929008380.96823,100972014762.08441,128956993618.88385,236453569380.51337,106433584869.12683,130019984511.38657,236453569380.51337,106433584869.12683,130019984511.38657
MIL,bcc-csm1-1-m_rcp45_r1i1p1,GCAM-45,72,0.5130395298783533,198818484457.40536,98792674354.8756,100025810102.52977,201324562953.54514,100823849659.81914,100500713293.726,198906981250.2345,99943067287.65567,98963913962.57878,204421593131.95926,106090751647.83879,98330841484.1205,204421593131.95926,106090751647.83879,98330841484.1205
MIL,bcc-csm1-1-m_rcp45_r1i1p1,GCAM-ref,72,0.5130395298783533,180356767929.3602,99903239153.32431,80453528776.0359,183633935119.7803,102603304665.49684,81030630454.28342,182644787456.1389,102668322815.32715,79976464640.81165,186661281733.4656,107987485796.56963,78673795936.896,186661281733.4656,107987485796.56963,78673795936.896
MIL,bcc-csm1-1-m_rcp45_r1i1p1,LUCAS-BAU_High-0001,72,0.5130395298783533,155553936673.56744,99937094495.67036,55616842177.897095,159038627210.08774,102779787986.27101,56258839223.81679,160571800664.27423,105141069367.2635,55430731297.0107,160601004928.9841,107496719972.19392,53104284956.79019,160601004928.9841,107496719972.19392,53104284956.79019
MIL,bcc-csm1-1-m_rcp45_r1i1p1,LUCAS-BAU_High-0002,72,0.5130395298783533,156628338802.37823,99727354593.68178,56900984208.696526,160243047442.948,102722093530.07098,57520953912.87708,161091133523.10416,104374526895.95384,56716606627.15026,161879957575.3568,107461808150.13823,54418149425.21854,161879957575.3568,107461808150.13823,54418149425.21854
MIL,bcc-csm1-1-m_rcp85_r1i1p1,FORE-SCE-A1B,72,0.48264125258537444,395235020714.1157,312818207236.2505,82416813477.86514,401222995843.34076,317473534087.80505,83749461755.53577,408476752408.69116,325089561817.5285,83387190591.16249,412334176856.3092,324700121053.2996,87634055803.00961,412334176856.3092,324700121053.2996,87634055803.00961
MIL,bcc-csm1-1-m_rcp85_r1i1p1,FORE-SCE-A2,72,0.48264125258537444,387702363859.26,314017082542.92334,73685281316.3364,392817457768.8541,317965063876.86536,74852393891.98874,399366750122.67456,324928114833.7089,74438635288.96552,401648371206.3126,323649069449.863,77999301756.44957,401648371206.3126,323649069449.863,77999301756.44957
MIL,bcc-csm1-1-m_rcp85_r1i1p1,FORE-SCE-B1,72,0.48264125258537444,381270109490.9318,315053294212.0303,66216815278.90143,386531723380.4765,319595068617.09283,66936654763.38378,391919482471.8111,325364093378.6179,66555389093.19317,392429732769.64417,322841211242.5192,69588521527.12492,392429732769.64417,322841211242.5192,69588521527.12492
MIL,bcc-csm1-1-m_rcp85_r1i1p1,GCAM-26,72,0.48264125258537444,434378660346.3996,302266404260.13025,132112256086.26929,447954379585.05286,313417907580.03326,134536472005.01955,451013664638.041,317394764715.4017,133618899922.63925,464137211581.56006,324594044010.06726,139543167571.49283,464137211581.56006,324594044010.06726,139543167571.49283
MIL,bcc-csm1-1-m_rcp85_r1i1p1,GCAM-45,72,0.48264125258537444,404064520806.4498,302521121351.2749,101543399455.17496,418736402072.6702,315492638088.4862,103243763984.18394,425974825412.1406,323433014407.26575,102541811004.87482,428457614779.92267,321727390760.1022,106730224019.82068,428457614779.92267,321727390760.1022,106730224019.82068
MIL,bcc-csm1-1-m_rcp85_r1i1p1,GCAM-ref,72,0.48264125258537444,393910935787.66547,312375855964.6005,81535079823.06499,400072826940.947,317327828966.38336,82744997974.56377,408144257730.2417,325678002673.1494,82466255057.09222,411638088204.8396,324786025708.43915,86852062496.40053,411638088204.8396,324786025708.43915,86852062496.40053
MIL,bcc-csm1-1-m_rcp85_r1i1p1,LUCAS-BAU_High-0001,72,0.48264125258537444,370965894583.8431,314207924587.76514,56757969996.07809,377669468137.31354,319975081834.13727,57694386303.176315,383520904846.8192,326278230230.96423,57242674615.85502,381573802114.495,321580528644.3012,59993273470.19362,381573802114.495,321580528644.3012,59993273470.19362
MIL,bcc-csm1-1-m_rcp85_r1i1p1,LUCAS-BAU_High-0002,72,0.48264125258537444,372367687783.83984,314248278433.5142,58119409350.32573,378988126857.1258,319994006184.47314,58994120672.65268,384926090925.4368,326258361183.543,58667729741.893936,383155223184.51355,321735827675.92816,61419395508.58541,383155223184.51355,321735827675.92816,61419395508.58541
MIL,bcc-csm1-1_rcp26_r1i1p1,FORE-SCE-A1B,72,0.5625077933818506,203949393839.02582,98949213066.34525,105000180772.68059,204834111441.64102,99296299572.292,105537811869.34903,203792408623.35263,100089842428.4256,103702566194.92708,204722365428.74243,97936964450.5171,106785400978.22527,204722365428.74243,97936964450.5171,106785400978.22527
MIL,bcc-csm1-1_rcp26_r1i1p1,FORE-SCE-A2,72,0.5625077933818506,191588731751.01373,98734033248.37376,92854698502.63995,192364135266.21414,99115463816.72052,93248671449.49358,191807730540.22617,100147580671.74617,91660149868.48003,191991736770.75876,97929104479.85828,94062632290.9005,191991736770.75876,97929104479.85828,94062632290.9005
MIL,bcc-csm1-1_rcp26_r1i1p1,FORE-SCE-B1,72,0.5625077933818506,182858269016.78067,98350899569.36482,84507369447.41582,183636646538.9565,98780370023.76608,84856276515.1905,183232399948.61392,99800611961.07622,83431787987.53763,183243750725.61142,97898000606.04414,85345750119.56726,183243750725.61142,97898000606.04414,85345750119.56726
MIL,bcc-csm1-1_rcp26_r1i1p1,GCAM-26,72,0.5625077933818506,261833961081.93262,98211229406.69572,163622731675.23697,263549508343.94763,99682416801.8904,163867091542.05725,261411953101.92734,99840825689.15541,161571127412.7719,265681694514.03482,98306301749.813,167375392764.22183,265681694514.03482,98306301749.813,167375392764.22183
MIL,bcc-csm1-1_rcp26_r1i1p1,GCAM-45,72,0.5625077933818506,227964276955.36813,99542061973.83266,128422214981.53548,227903731221.72864,99200207762.13045,128703523459.59833,227018815563.24814,100412523703.9607,126606291859.28755,228550093066.33685,97777410616.40225,130772682449.93451,228550093066.33685,97777410616.40225,130772682449.93451
MIL,bcc-csm1-1_rcp26_r1i1p1,GCAM-ref,72,0.5625077933818506,205047650901.33218,99480648422.4166,105567002478.91556,205234026771.98923,99217945380.99924,106016081390.98994,204403135981.62555,100248811294.80597,104154324686.81961,205596403699.94412,98195915828.09608,107400487871.84811,205596403699.94412,98195915828.09608,107400487871.84811
MIL,bcc-csm1-1_rcp26_r1i1p1,LUCAS-BAU_High-0001,72,0.5625077933818506,173949534133.16708,98321899252.0249,75627634881.14221,174571181425.67203,98830145711.92226,75741035713.74982,173228121477.21747,98704457788.21947,74523663688.99806,174208520209.11633,98396945357.01178,75811574852.10455,174208520209.11633,98396945357.01178,75811574852.10455
MIL,bcc-csm1-1_rcp26_r1i1p1,LUCAS-BAU_High-0002,72,0.5625077933818506,175381782515.52893,98201665047.05128,77180117468.4776,175932621457.99792,98636747947.88782,77295873510.11012,174903743990.3494,98869160618.58824,76034583371.76122,175884251928.38547,98334387255.69289,77549864672.69255,175884251928.38547,98334387255.69289,77549864672.69255
MIL,bcc-csm1-1_rcp45_r1i1p1,FORE-SCE-A1B,72,0.5459938380541511,172817529733.14072,82242674564.12276,90574855169.018,174530033729.79703,83705279938.80917,90824753790.98788,178952139724.82632,88617771707.73047,90334368017.09596,182096735317.20984,86923750085.19716,95172985232.01271,182096735317.20984,86923750085.19716,95172985232.01271
MIL,bcc-csm1-1_rcp45_r1i1p1,FORE-SCE-A2,72,0.5459938380541511,162062800996.20627,82416966122.25908,79645834873.94714,163948569400.1126,83889111845.30779,80059457554.80492,169190766058.49628,89449477350.79507,79741288707.70122,169893169996.29324,86218781985.06396,83674388011.22926,169893169996.29324,86218781985.06396,83674388011.22926
MIL,bcc-csm1-1_rcp45_r1i1p1,FORE-SCE-B1,72,0.5459938380541511,153771386805.77313,81780951236.0298,71990435569.74336,156539867396.60776,84060425587.254,72479441809.3537,163270176675.47052,91048362233.42836,72221814442.04216,160966909679.03256,85428602662.392,75538307016.64067,160966909679.03256,85428602662.392,75538307016.64067
MIL,bcc-csm1-1_rcp45_r1i1p1,GCAM-26,72,0.5459938380541511,226477865817.8719,83147145186.11148,143330720631.76038,227257897713.669,83113016154.83249,144144881558.83643,234481246360.19092,91276374230.32132,143204872129.86963,236206344702.45166,86872050455.64468,149334294246.80695,236206344702.45166,86872050455.64468,149334294246.80695
MIL,bcc-csm1-1_rcp45_r1i1p1,GCAM-45,72,0.5459938380541511,196025712221.5072,84728888561.63322,111296823659.87402,195136807476.47665,83283477043.13568,111853330433.34108,200781103066.7432,89518546687.19089,111262556379.55238,200541672979.96173,85166968801.53186,115374704178.42996,200541672979.96173,85166968801.53186,115374704178.42996
MIL,bcc-csm1-1_rcp45_r1i1p1,GCAM-ref,72,0.5459938380541511,174639474662.24786,83784367052.14403,90855107610.10374,175172401966.3506,83785400086.64734,91387001879.70323,181676939468.03528,90767846173.84587,90909093294.1894,182614802132.59387,86705292063.4211,95909510069.17284,182614802132.59387,86705292063.4211,95909510069.17284
MIL,bcc-csm1-1_rcp45_r1i1p1,LUCAS-BAU_High-0001,72,0.5459938380541511,145433928590.94214,81605198344.88626,63828730246.05592,148220319864.20422,84093782157.35373,64126537706.85051,155437758120.15836,91406833290.90051,64030924829.25776,151500943240.1226,84820854723.6638,66680088516.45886,151500943240.1226,84820854723.6638,66680088516.45886
MIL,bcc-csm1-1_rcp45_r1i1p1,LUCAS-BAU_High-0002,72,0.5459938380541511,146717246427.61044,81638216436.87433,65079029990.73611,149629887974.5311,84134394741.81909,65495493232.71202,156741164788.94626,91406846456.33823,65334318332.60798,153145720851.65442,84908369622.39934,68237351229.255035,153145720851.65442,84908369622.39934,68237351229.255035
MIL,bcc-csm1-1_rcp60_r1i1p1,FORE-SCE-A1B,72,0.5320949635222874,220819932361.2291,134685546883.50934,86134385477.71976,221470155109.00873,135005387670.33745,86464767438.6713,224731081062.8904,139744409917.90726,84986671144.98312,238762486707.03482,147135843484.8038,91626643222.23102,238762486707.03482,147135843484.8038,91626643222.23102
MIL,bcc-csm1-1_rcp60_r1i1p1,FORE-SCE-A2,72,0.5320949635222874,210961813353.97772,134868656910.62277,76093156443.35504,212472342169.186,136005998229.68637,76466343939.49957,215376523845.59595,140266874555.18765,75109649290.40823,226577772885.87753,145720203651.324,80857569234.5536,226577772885.87753,145720203651.324,80857569234.5536
MIL,bcc-csm1-1_rcp60_r1i1p1,FORE-SCE-B1,72,0.5320949635222874,202138318673.5514,133881702351.39137,68256616322.16006,204647651901.39566,135681795630.10799,68965856271.28773,207123955381.36783,139307444256.53317,67816511124.8346,218082875436.7,145363831323.8847,72719044112.81534,218082875436.7,145363831323.8847,72719044112.81534
MIL,bcc-csm1-1_rcp60_r1i1p1,GCAM-26,72,0.5320949635222874,272704996898.1056,134891315061.1849,137813681836.92053,271896988829.05524,133314992883.90451,138581995945.15057,274201185952.65997,137654094138.74338,136547091813.91664,293595998498.06415,148011334072.10394,145584664425.96024,293595998498.06415,148011334072.10394,145584664425.96024
MIL,bcc-csm1-1_rcp60_r1i1p1,GCAM-45,72,0.5320949635222874,240515225365.98996,134294005415.26677,106221219950.72327,241031803675.00653,134078694187.3537,106953109487.65277,242755516562.0375,137358047066.29329,105397469495.7442,257802639681.52075,145780833835.46164,112021805846.05905,257802639681.52075,145780833835.46164,112021805846.05905
MIL,bcc-csm1-1_rcp60_r1i1p1,GCAM-ref,72,0.5320949635222874,220237302996.34283,133641905202.37054,86595397793.97235,221411599159.7803,134327960633.13535,87083638526.64497,224285740439.45074,138705680250.52512,85580060188.92566,240028671844.95816,147610664913.14618,92418006931.81203,240028671844.95816,147610664913.14618,92418006931.81203
MIL,bcc-csm1-1_rcp60_r1i1p1,LUCAS-BAU_High-0001,72,0.5320949635222874,194385039446.20737,134284799796.73824,60100239649.46916,196651393157.76358,136014440487.63011,60636952670.133484,199687525809.64102,140044027047.43668,59643498762.20433,208667835414.183,144828358126.41257,63839477287.77036,208667835414.183,144828358126.41257,63839477287.77036
MIL,bcc-csm1-1_rcp60_r1i1p1,LUCAS-BAU_High-0002,72,0.5320949635222874,195264732022.3667,133924846175.13008,61339885847.23667,197816722176.62378,135819383972.41017,61997338204.213615,200522603116.20465,139638784383.05212,60883818733.15248,210340816378.80942,144991942795.78894,65348873583.02049,210340816378.80942,144991942795.78894,65348873583.02049
MIL,bcc-csm1-1_rcp85_r1i1p1,FORE-SCE-A1B,72,0.512293262845337,331133107745.90295,228929014694.0813,102204093051.82173,338944111925.42004,235629521464.55063,103314590460.86938,341258239315.47394,238888976815.2416,102369262500.2323,324409134379.29126,218988098008.54062,105421036370.75082,324409134379.29126,218988098008.54062,105421036370.75082
MIL,bcc-csm1-1_rcp85_r1i1p1,FORE-SCE-A2,72,0.512293262845337,321763157647.84644,229457746116.05084,92305411531.79567,329317867169.50385,236320635751.7118,92997231417.79193,330375450529.8866,238123586997.38953,92251863532.49716,312230432297.37506,217778429873.85773,94452002423.51726,312230432297.37506,217778429873.85773,94452002423.51726
MIL,bcc-csm1-1_rcp85_r1i1p1,FORE-SCE-B1,72,0.512293262845337,313987800286.78577,230890192784.78363,83097607502.00212,320773148464.6127,237256819505.02014,83516328959.59253,319691986460.2932,236614782342.46942,83077204117.82385,301647916097.4299,217054011102.68954,84593904994.74033,301647916097.4299,217054011102.68954,84593904994.74033
MIL,bcc-csm1-1_rcp85_r1i1p1,GCAM-26,72,0.512293262845337,385142534142.5534,225286691841.51324,159855842301.04022,393519945688.3092,231843656466.19565,161676289222.11356,396052613057.6574,235926631775.7822,160125981281.8754,390315747288.0606,225966273274.51596,164349474013.54456,390315747288.0606,225966273274.51596,164349474013.54456
MIL,bcc-csm1-1_rcp85_r1i1p1,GCAM-45,72,0.512293262845337,347411316819.565,223126056094.03333,124285260725.5318,360470990442.5411,234328908841.04095,126142081601.50014,363492930661.5054,238488904095.60327,125004026565.90202,350914013144.2205,223333994789.0897,127580018355.13086,350914013144.2205,223333994789.0897,127580018355.13086
MIL,bcc-csm1-1_rcp85_r1i1p1,GCAM-ref,72,0.512293262845337,328293415171.3793,227530432983.4815,100762982187.89764,337664009643.1951,235249644128.12213,102414365515.07321,340346972196.8769,238839362359.6919,101507609837.18504,324148919986.0706,219364144871.90976,104784775114.1609,324148919986.0706,219364144871.90976,104784775114.1609
MIL,bcc-csm1-1_rcp85_r1i1p1,LUCAS-BAU_High-0001,72,0.512293262845337,302755855723.53345,230315871278.46255,72439984445.07086,311520848886.32263,238458802626.08865,73062046260.23401,311076413938.0085,238452192686.5719,72624221251.43655,289931762823.6339,216017338037.701,73914424785.93297,289931762823.6339,216017338037.701,73914424785.93297
MIL,bcc-csm1-1_rcp85_r1i1p1,LUCAS-BAU_High-0002,72,0.512293262845337,304440082147.893,230381491047.19574,74058591100.69728,312629484474.229,237998377923.74316,74631106550.48587,312066238298.02734,237862906972.60153,74203331325.42564,291745956441.55994,216194464214.79916,75551492226.7609,291745956441.55994,216194464214.79916,75551492226.7609
MIL,canesm2_rcp26_r1i1p1,FORE-SCE-A1B,72,0.4772377386747869,836811208418.8613,762605805865.209,74205402553.65233,839486982590.2063,764649043375.3969,74837939214.80968,848284850541.744,773465809523.3628,74819041018.38152,847809341871.4321,768881294695.6736,78928047175.75829,847809341871.4321,768881294695.6736,78928047175.75829
MIL,canesm2_rcp26_r1i1p1,FORE-SCE-A2,72,0.4772377386747869,826448779839.2628,761584016730.668,64864763108.59541,831138991033.0453,765649341767.0928,65489649265.9525,840360480459.6903,774920334240.2314,65440146219.459076,837118895598.6592,768143417482.8108,68975478115.84848,837118895598.6592,768143417482.8108,68975478115.84848
MIL,canesm2_rcp26_r1i1p1,FORE-SCE-B1,72,0.4772377386747869,821122855038.091,762348952149.7534,58773902888.33728,824319565409.9854,764866613949.5323,59452951460.45304,834532912290.5374,775074234786.6786,59458677503.85875,830165352183.6083,767774890813.0289,62390461370.57913,830165352183.6083,767774890813.0289,62390461370.57913
MIL,canesm2_rcp26_r1i1p1,GCAM-26,72,0.4772377386747869,878663069562.5934,759693705200.1824,118969364362.411,884946296725.4829,764416419673.9595,120529877051.52333,897149259421.5535,776714807783.5769,120434451637.97653,897854482962.46,769338611203.8004,128515871758.6601,897854482962.46,769338611203.8004,128515871758.6601
MIL,canesm2_rcp26_r1i1p1,GCAM-45,72,0.4772377386747869,852039363390.5039,760583472893.5343,91455890496.97003,856562844153.4983,764066164389.2864,92496679764.21198,868357840659.974,775914389703.7639,92443450956.20992,866436234767.9678,767689979555.9855,98746255211.98244,866436234767.9678,767689979555.9855,98746255211.98244
MIL,canesm2_rcp26_r1i1p1,GCAM-ref,72,0.4772377386747869,836104048299.1781,761749907166.5825,74354141132.59535,839721803140.8342,764444303497.7344,75277499643.09999,849269208994.6476,773983913924.2157,75285295070.43182,847997140803.3949,768492356682.8323,79504784120.56264,847997140803.3949,768492356682.8323,79504784120.56264
MIL,canesm2_rcp26_r1i1p1,LUCAS-BAU_High-0001,72,0.4772377386747869,813957609175.5997,762503235697.4443,51454373478.15523,817333920525.1074,765259553401.9813,52074367123.12604,826957522681.4246,774880048306.4011,52077474375.023674,821845593611.8951,767340104242.1,54505489369.79523,821845593611.8951,767340104242.1,54505489369.79523
MIL,canesm2_rcp26_r1i1p1,LUCAS-BAU_High-0002,72,0.4772377386747869,815368367876.9923,762575981792.7281,52792386084.26414,818300275821.4473,764961231776.7524,53339044044.69465,828068789347.8418,774714223058.329,53354566289.512375,823296995006.7274,767415908833.3821,55881086173.345375,823296995006.7274,767415908833.3821,55881086173.345375
MIL,canesm2_rcp45_r1i1p1,FORE-SCE-A1B,72,0.49362817852829416,322914174114.07434,245063639317.74643,77850534796.32794,327147741822.32263,248376749962.50613,78770991859.81644,344227491981.4287,265557256595.167,78670235386.26181,325757393910.238,249724903337.66257,76032490572.57542,325757393910.238,249724903337.66257,76032490572.57542
MIL,canesm2_rcp45_r1i1p1,FORE-SCE-A2,72,0.49362817852829416,314393301025.2662,245756546560.138,68636754465.12815,319279252498.97235,249927982758.8865,69351269740.08586,336034634440.2515,266718477213.34012,69316157226.91127,316033450634.2255,249651223457.6087,66382227176.61689,316033450634.2255,249651223457.6087,66382227176.61689
MIL,canesm2_rcp45_r1i1p1,FORE-SCE-B1,72,0.49362817852829416,310138705143.64557,248117718977.9776,62020986165.66789,312832698059.3427,250342858400.0456,62489839659.29716,329059139583.136,266587508456.47308,62471631126.66275,309355115086.12476,249964437649.13287,59390677436.99181,309355115086.12476,249964437649.13287,59390677436.99181
MIL,canesm2_rcp45_r1i1p1,GCAM-26,72,0.49362817852829416,359882351860.658,235295005762.2401,124587346098.41786,369943502433.9833,243500015068.9439,126443487365.03934,387820911886.974,262031954033.6776,125788957853.2964,373778426957.5845,248512718450.4094,125265708507.17523,373778426957.5845,248512718450.4094,125265708507.17523
MIL,canesm2_rcp45_r1i1p1,GCAM-45,72,0.49362817852829416,334444349291.9193,238242505006.1851,96201844285.73427,343940351728.3008,246547864431.49884,97392487296.80194,360309322332.31555,263228322510.00616,97080999822.30931,342686466809.2564,247424772398.38672,95261694410.86967,342686466809.2564,247424772398.38672,95261694410.86967
MIL,canesm2_rcp45_r1i1p1,GCAM-ref,72,0.49362817852829416,319512243235.8649,241545444446.86124,77966798789.0037,326224157663.6168,247362939010.07697,78861218653.53973,342077300892.7186,263390602116.91272,78686698775.80591,325727294074.06744,249490720895.10666,76236573178.96068,325727294074.06744,249490720895.10666,76236573178.96068
MIL,canesm2_rcp45_r1i1p1,LUCAS-BAU_High-0001,72,0.49362817852829416,301037119058.8059,246859583484.03445,54177535574.77153,306974235353.21606,252011390972.13663,54962844381.079544,322933569491.69,268042456839.16724,54891112652.52282,301417679184.0484,249655618907.17288,51762060276.8755,301417679184.0484,249655618907.17288,51762060276.8755
MIL,canesm2_rcp45_r1i1p1,LUCAS-BAU_High-0002,72,0.49362817852829416,302558055299.2653,247065919294.08197,55492136005.18318,307480593272.00433,251305370514.2508,56175222757.75351,324038780263.5243,267891112520.9998,56147667742.52434,302715957976.50836,249684198848.10025,53031759128.40811,302715957976.50836,249684198848.10025,53031759128.40811
MIL,canesm2_rcp85_r1i1p1,FORE-SCE-A1B,72,0.4691278592254638,1332284461893.8184,1241084542694.6614,91199919199.15741,1334626058972.3113,1243071561083.338,91554497888.97383,1332381005367.4844,1242214231866.2856,90166773501.19841,1416111528225.109,1325125787167.9333,90985741057.17592,1416111528225.109,1325125787167.9333,90985741057.17592
MIL,canesm2_rcp85_r1i1p1,FORE-SCE-A2,72,0.4691278592254638,1322793844228.1294,1241429849423.4373,81363994804.69235,1326864335482.6233,1244918315895.6782,81946019586.94576,1324585135776.2373,1243808397803.4463,80776737972.79086,1406060314467.7483,1324957661691.6802,81102652776.068,1406060314467.7483,1324957661691.6802,81102652776.068
MIL,canesm2_rcp85_r1i1p1,FORE-SCE-B1,72,0.4691278592254638,1315012408076.04,1241764040379.189,73248367696.85114,1320908569319.6768,1247184162834.5073,73724406485.16956,1318403650248.7993,1245494135424.5457,72909514824.25362,1396351533766.837,1323591036768.5518,72760496998.2848,1396351533766.837,1323591036768.5518,72760496998.2848
MIL,canesm2_rcp85_r1i1p1,GCAM-26,72,0.4691278592254638,1371077058508.6738,1229739014970.9285,141338043537.74542,1381906095091.2056,1239441227473.6157,142464867617.59027,1380048859503.2395,1238884207166.6448,141164652336.59467,1453983377926.1416,1310235540347.2192,143747837578.9227,1453983377926.1416,1310235540347.2192,143747837578.9227
MIL,canesm2_rcp85_r1i1p1,GCAM-45,72,0.4691278592254638,1344867364885.9238,1233487266837.4197,111380098048.50438,1353671735848.901,1241736822145.6584,111934913703.24324,1351617490951.648,1241054488964.0771,110563001987.57115,1418147222040.0166,1306336562166.0305,111810659873.9862,1418147222040.0166,1306336562166.0305,111810659873.9862
MIL,canesm2_rcp85_r1i1p1,GCAM-ref,72,0.4691278592254638,1330102042955.7764,1239173346345.4636,90928696610.31223,1333595805619.828,1242346307653.1907,91249497966.63765,1332160972912.679,1242232504198.575,89928468714.10402,1415256146900.623,1324500153774.0176,90755993126.60559,1415256146900.623,1324500153774.0176,90755993126.60559
MIL,canesm2_rcp85_r1i1p1,LUCAS-BAU_High-0001,72,0.4691278592254638,1306638282230.1633,1241547315545.5837,65090966684.57946,1312658195867.698,1247255380362.2817,65402815505.416084,1307883496737.6765,1243226910287.3494,64656586450.32746,1386597870117.0261,1322487704483.1882,64110165633.837715,1386597870117.0261,1322487704483.1882,64110165633.837715
MIL,canesm2_rcp85_r1i1p1,LUCAS-BAU_High-0002,72,0.4691278592254638,1308910676158.8965,1242518875097.4158,66391801061.48039,1313961010901.9573,1247258557219.2854,66702453682.67178,1311247976765.93,1245300674233.5532,65947302532.377365,1388088717565.5378,1322599818118.1624,65488899447.375465,1388088717565.5378,1322599818118.1624,65488899447.375465
MIL,ccsm4_rcp26_r1i1p1,FORE-SCE-A1B,72,0.4932549747892975,453091162973.9283,383907758371.40234,69183404602.52592,453052165196.6866,383420395455.57654,69631769741.10995,465905456693.0394,396094968499.87805,69810488193.16154,474700143042.2305,400885901444.4238,73814241597.80687,474700143042.2305,400885901444.4238,73814241597.80687
MIL,ccsm4_rcp26_r1i1p1,FORE-SCE-A2,72,0.4932549747892975,445135791944.97406,383918568010.2388,61217223934.735374,445107492341.4116,383310347495.2133,61797144846.19828,460136852279.31116,398192660723.27765,61944191556.03366,465621193036.25165,400340879703.2104,65280313333.04085,465621193036.25165,400340879703.2104,65280313333.04085
MIL,ccsm4_rcp26_r1i1p1,FORE-SCE-B1,72,0.4932549747892975,439997207906.58704,385125889756.89124,54871318149.695946,439898129825.3519,384628425488.30585,55269704337.046135,453723088825.3691,398177640890.0603,55545447935.30881,457196911995.3777,398929327458.43524,58267584536.94229,457196911995.3777,398929327458.43524,58267584536.94229
MIL,ccsm4_rcp26_r1i1p1,GCAM-26,72,0.4932549747892975,496302408367.52313,384889152760.7021,111413255606.82124,495860719577.5805,383182907584.5457,112677811993.03462,508587671959.60425,396168665357.5149,112419006602.0895,514896765302.29224,398050853371.6353,116845911930.65672,514896765302.29224,398050853371.6353,116845911930.65672
MIL,ccsm4_rcp26_r1i1p1,GCAM-45,72,0.4932549747892975,471257914649.926,385374672438.0915,85883242211.83446,470043360570.8161,383560373310.2715,86482987260.54439,481992881867.8782,395563756038.8468,86429125829.03107,484169840007.23083,394880772050.0371,89289067957.19373,484169840007.23083,394880772050.0371,89289067957.19373
MIL,ccsm4_rcp26_r1i1p1,GCAM-ref,72,0.4932549747892975,455327705057.7748,385990585593.2068,69337119464.56807,453358678774.61365,383658306970.7433,69700371803.87038,466253809867.5528,396306505534.13745,69947304333.41548,474263516383.8533,400238447541.394,74025068842.45921,474263516383.8533,400238447541.394,74025068842.45921
MIL,ccsm4_rcp26_r1i1p1,LUCAS-BAU_High-0001,72,0.4932549747892975,432634774159.31256,384623367216.8497,48011406942.46294,432269211666.3499,383708723691.6714,48560487974.67847,445734038675.6382,396917051328.382,48816987347.25614,448419120953.65967,397350314580.73364,51068806372.925934,448419120953.65967,397350314580.73364,51068806372.925934
MIL,ccsm4_rcp26_r1i1p1,LUCAS-BAU_High-0002,72,0.4932549747892975,433616025355.85736,384463125506.9973,49152899848.860054,433284769335.10034,383613043910.20325,49671725424.896866,446866793378.15625,396941712408.73083,49925080969.42541,449676457617.3647,397414902896.9264,52261554720.437935,449676457617.3647,397414902896.9264,52261554720.437935
MIL,ccsm4_rcp45_r1i1p1,FORE-SCE-A1B,72,0.5013043926208267,353278553960.1601,272409636869.99634,80868917090.16376,355164887097.0958,273532584396.45895,81632302700.63684,362336173241.8176,280681898329.73535,81654274912.08234,358505904628.9732,276971652442.98834,81534252185.98474,358505904628.9732,276971652442.98834,81534252185.98474
MIL,ccsm4_rcp45_r1i1p1,FORE-SCE-A2,72,0.5013043926208267,343296303136.6763,272557935733.97266,70738367402.70341,344755440410.9505,273492133346.71408,71263307064.23637,351486386784.0364,280148975286.8769,71337411497.15955,347019239293.0164,276217324035.2741,70801915257.7425,347019239293.0164,276217324035.2741,70801915257.7425
MIL,ccsm4_rcp45_r1i1p1,FORE-SCE-B1,72,0.5013043926208267,338023842382.6597,273218625411.131,64805216971.528625,339322085644.9441,274248971710.13406,65073113934.80999,346244142935.7198,281015880268.01904,65228262667.70086,339591569138.1969,275302318471.38837,64289250666.80853,339591569138.1969,275302318471.38837,64289250666.80853
MIL,ccsm4_rcp45_r1i1p1,GCAM-26,72,0.5013043926208267,398262691021.7913,270045164609.70926,128217526412.08197,401580735175.5991,271539811442.8562,130040923732.74277,408173664209.9077,278297841146.8469,129875823063.0608,409786933169.76776,277939728859.46454,131847204310.30322,409786933169.76776,277939728859.46454,131847204310.30322
MIL,ccsm4_rcp45_r1i1p1,GCAM-45,72,0.5013043926208267,368403921024.73883,268653125022.04553,99750796002.69324,372694257372.89154,271948975012.71835,100745282360.17323,380014196734.30133,279177748777.4594,100836447956.84192,376775265818.0159,275403462477.6975,101371803340.31857,376775265818.0159,275403462477.6975,101371803340.31857
MIL,ccsm4_rcp45_r1i1p1,GCAM-ref,72,0.5013043926208267,352486950655.21106,270175356151.4215,82311594503.78973,356031773038.9835,272943682122.3594,83088090916.62407,361895741000.7128,278820639519.024,83075101481.68867,359925153851.6296,276803849322.01556,83121304529.61406,359925153851.6296,276803849322.01556,83121304529.61406
MIL,ccsm4_rcp45_r1i1p1,LUCAS-BAU_High-0001,72,0.5013043926208267,327673663168.30725,270234766070.7977,57438897097.50955,332127800465.5338,274173551826.8319,57954248638.70197,339828500744.827,281636220335.2478,58192280409.579216,331421424499.33026,274458130532.51746,56963293966.81277,331421424499.33026,274458130532.51746,56963293966.81277
MIL,ccsm4_rcp45_r1i1p1,LUCAS-BAU_High-0002,72,0.5013043926208267,329179528567.2631,270350144772.88397,58829383794.37918,333500675501.95667,274241194827.75372,59259480674.20296,340921682538.7217,281446655753.4332,59475026785.28846,332900506917.6126,274555179100.14212,58345327817.47044,332900506917.6126,274555179100.14212,58345327817.47044
MIL,ccsm4_rcp60_r1i1p1,FORE-SCE-A1B,72,0.507061127068556,385729389236.8308,316469316752.7604,69260072484.07045,391608232992.53754,321502101997.1021,70106130995.43549,387785638975.5779,318478778194.6452,69306860780.93259,402967907601.89,337344249960.6548,65623657641.23517,402967907601.89,337344249960.6548,65623657641.23517
MIL,ccsm4_rcp60_r1i1p1,FORE-SCE-A2,72,0.507061127068556,378783243027.1608,318525051495.5613,60258191531.599556,383013722876.1492,322134663377.80914,60879059498.33992,381400256933.4052,321111576932.4055,60288680000.999596,393538867335.784,337246156373.1654,56292710962.618416,393538867335.784,337246156373.1654,56292710962.618416
MIL,ccsm4_rcp60_r1i1p1,FORE-SCE-B1,72,0.507061127068556,373707184047.4467,318509597900.0295,55197586147.41731,378804315897.8587,323256092931.7949,55548222966.06391,378576519593.0326,323513458816.71716,55063060776.31569,387611677923.28503,336689928049.39813,50921749873.88689,387611677923.28503,336689928049.39813,50921749873.88689
MIL,ccsm4_rcp60_r1i1p1,GCAM-26,72,0.507061127068556,428705679442.97626,316827692785.5708,111877986657.40556,432998048913.9057,319409129215.83563,113588919698.07013,436661839281.5729,324478200131.2948,112183639150.27795,446648818033.23486,335329088336.75543,111319729696.47949,446648818033.23486,335329088336.75543,111319729696.47949
MIL,ccsm4_rcp60_r1i1p1,GCAM-45,72,0.507061127068556,404427204131.37354,318324647572.63245,86102556558.74109,408219650481.26904,320852708352.8622,87366942128.40683,413073498387.2766,326560208404.51874,86513289982.75787,417665966009.6528,333424854994.1116,84241111015.54134,417665966009.6528,333424854994.1116,84241111015.54134
MIL,ccsm4_rcp60_r1i1p1,GCAM-ref,72,0.507061127068556,388514512532.52216,317345701282.73224,71168811249.78995,393783693173.084,321766178275.1821,72017514897.9018,389550341279.27106,318405996708.6104,71144344570.66064,404643340597.98315,336892329002.7036,67751011595.27944,404643340597.98315,336892329002.7036,67751011595.27944
MIL,ccsm4_rcp60_r1i1p1,LUCAS-BAU_High-0001,72,0.507061127068556,367348266212.0765,318063523703.4775,49284742508.59895,372171879087.5835,322558988631.74335,49612890455.8401,372885745852.6696,323618258205.60645,49267487647.06319,381901210454.4185,336896132603.6422,45005077850.77639,381901210454.4185,336896132603.6422,45005077850.77639
MIL,ccsm4_rcp60_r1i1p1,LUCAS-BAU_High-0002,72,0.507061127068556,368670065561.7673,318126121366.08936,50543944195.67795,373939009972.26996,323121584728.1319,50817425244.13794,374488446138.3672,323999816935.6353,50488629202.73187,383080638973.61456,336880861636.7684,46199777336.84618,383080638973.61456,336880861636.7684,46199777336.84618
MIL,ccsm4_rcp85_r1i1p1,FORE-SCE-A1B,72,0.49474379696561654,432391133028.5596,336676491101.52893,95714641927.03053,442757445458.3179,346168419100.4807,96589026357.83725,449162697660.9243,354068936372.4905,95093761288.43396,433339754136.74426,338739399394.076,94600354742.66852,433339754136.74426,338739399394.076,94600354742.66852
MIL,ccsm4_rcp85_r1i1p1,FORE-SCE-A2,72,0.49474379696561654,419767317398.75714,334975853668.5705,84791463730.18672,432242807478.67084,346579117272.8449,85663690205.82588,438927216529.27026,354702934521.5078,84224282007.76259,421989847274.0494,338587078588.96234,83402768685.08708,421989847274.0494,338587078588.96234,83402768685.08708
MIL,ccsm4_rcp85_r1i1p1,FORE-SCE-B1,72,0.49474379696561654,417173185635.7526,340069379077.28107,77103806558.47166,425198735534.8625,347494196696.1671,77704538838.69531,431460315680.2688,355063011663.53516,76397304016.73384,412315203525.7528,337134187491.39307,75181016034.35976,412315203525.7528,337134187491.39307,75181016034.35976
MIL,ccsm4_rcp85_r1i1p1,GCAM-26,72,0.49474379696561654,488556578194.1526,337976789788.8511,150579788405.3014,495472618626.0613,343291492030.9054,152181126595.15576,501240173371.48596,351528105536.5368,149712067834.94916,494738675064.97833,342784219679.4562,151954455385.52194,494738675064.97833,342784219679.4562,151954455385.52194
MIL,ccsm4_rcp85_r1i1p1,GCAM-45,72,0.49474379696561654,452382278891.3536,335239677764.6618,117142601126.69176,462756915074.62256,344416341025.2803,118340574049.34224,468785396745.2455,352359127902.7771,116426268842.46826,456864029619.0674,339891025846.018,116973003773.0493,456864029619.0674,339891025846.018,116973003773.0493
MIL,ccsm4_rcp85_r1i1p1,GCAM-ref,72,0.49474379696561654,436021072261.21716,339904763201.49146,96116309059.72575,441665384488.1668,344756068468.1177,96909316020.04906,447007121253.14264,351688681482.47687,95318439770.66605,432812702051.90576,337830408084.0168,94982293967.88892,432812702051.90576,337830408084.0168,94982293967.88892
MIL,ccsm4_rcp85_r1i1p1,LUCAS-BAU_High-0001,72,0.49474379696561654,405759755801.27,338315770892.0331,67443984909.23705,415412132680.13586,347182644334.6664,68229488345.46936,421304708583.06726,354440198279.9178,66864510303.14951,401259451805.0102,335697354525.0662,65562097279.94387,401259451805.0102,335697354525.0662,65562097279.94387
MIL,ccsm4_rcp85_r1i1p1,LUCAS-BAU_High-0002,72,0.49474379696561654,407748487113.07025,338716967512.47754,69031519600.59265,417070062583.3091,347276717562.63837,69793345020.67062,422931222488.9498,354532860605.1431,68398361883.80654,403010361360.5416,335860505251.33966,67149856109.20207,403010361360.5416,335860505251.33966,67149856109.20207
MIL,cesm1-bgc_rcp45_r1i1p1,FORE-SCE-A1B,72,0.47439465067240083,562828023118.722,492003333664.2857,70824689454.43628,566797786201.0986,495073311622.7281,71724474578.37048,569760116298.59,498746812926.14166,71013303372.44836,588344847047.3372,518588962955.79736,69755884091.53998,588344847047.3372,518588962955.79736,69755884091.53998
MIL,cesm1-bgc_rcp45_r1i1p1,FORE-SCE-A2,72,0.47439465067240083,553303190790.1125,490651805492.2968,62651385297.81569,558011458206.5232,494548669412.27106,63462788794.25198,561753364585.3619,498859674955.3003,62893689630.06158,581431605778.9995,520049529036.7921,61382076742.2076,581431605778.9995,520049529036.7921,61382076742.2076
MIL,cesm1-bgc_rcp45_r1i1p1,FORE-SCE-B1,72,0.47439465067240083,548034663644.6558,491375861457.76056,56658802186.89534,552283442802.474,495139860792.6012,57143582009.872894,557344300660.0214,500640346197.359,56703954462.66228,576521634484.8131,521571675427.2386,54949959057.574715,576521634484.8131,521571675427.2386,54949959057.574715
MIL,cesm1-bgc_rcp45_r1i1p1,GCAM-26,72,0.47439465067240083,604009155140.7028,490716651589.21,113292503551.4926,608794572649.6488,494398317644.4202,114396255005.22841,614737627643.2932,501265159270.43164,113472468372.86157,629009175744.6254,515389880313.95184,113619295430.6734,629009175744.6254,515389880313.95184,113619295430.6734
MIL,cesm1-bgc_rcp45_r1i1p1,GCAM-45,72,0.47439465067240083,579228551199.738,491807490406.9769,87421060792.76122,583311228667.6842,494890308755.4531,88420919912.23117,589510881479.4448,501939939580.80334,87570941898.64148,605456648152.0873,518579422935.6511,86877225216.43622,605456648152.0873,518579422935.6511,86877225216.43622
MIL,cesm1-bgc_rcp45_r1i1p1,GCAM-ref,72,0.47439465067240083,564026097729.0771,493273153156.18176,70752944572.89534,567100798828.8458,495444988870.91077,71655809957.93501,570965947970.245,500043231251.03723,70922716719.20795,588060171257.9445,518271335005.05225,69788836252.89182,588060171257.9445,518271335005.05225,69788836252.89182
MIL,cesm1-bgc_rcp45_r1i1p1,LUCAS-BAU_High-0001,72,0.47439465067240083,542746509943.44214,493151659429.3978,49594850514.04426,545479972525.83765,495328120783.63416,50151851742.20333,550434915571.196,500879583858.4562,49555331712.740105,571023104108.6582,523110451659.1742,47912652449.48404,571023104108.6582,523110451659.1742,47912652449.48404
MIL,cesm1-bgc_rcp45_r1i1p1,LUCAS-BAU_High-0002,72,0.47439465067240083,543212543669.7715,492499725344.64197,50712818325.12924,546490770573.2113,495158945177.418,51331825395.79328,550972770698.6619,500196638488.6613,50776132210.00044,571989419808.3018,522879951456.0979,49109468352.203896,571989419808.3018,522879951456.0979,49109468352.203896
MIL,cesm1-bgc_rcp85_r1i1p1,FORE-SCE-A1B,72,0.46191151558173577,567488919919.0043,492058540648.2836,75430379270.72081,581309436931.9711,504699997079.4102,76609439852.56087,595485347646.4884,519295022424.6085,76190325221.87999,630342893095.0791,548847907961.69116,81494985133.3878,630342893095.0791,548847907961.69116,81494985133.3878
MIL,cesm1-bgc_rcp85_r1i1p1,FORE-SCE-A2,72,0.46191151558173577,562267974306.0951,495955441389.954,66312532916.14115,571951019609.6825,504583537929.0599,67367481680.6226,587633361928.7273,520654549320.95215,66978812607.77508,618630796665.4989,547102719387.6047,71528077277.89421,618630796665.4989,547102719387.6047,71528077277.89421
MIL,cesm1-bgc_rcp85_r1i1p1,FORE-SCE-B1,72,0.46191151558173577,559383532960.1118,499579251853.2628,59804281106.849,566686392330.4229,505920976516.8157,60765415813.60724,581855241835.0135,521482154551.71674,60373087283.29698,609177184090.9008,544819982721.0659,64357201369.83497,609177184090.9008,544819982721.0659,64357201369.83497
MIL,cesm1-bgc_rcp85_r1i1p1,GCAM-26,72,0.46191151558173577,619167096574.7244,496967384022.8892,122199712551.83534,625634493255.5643,501797630007.87195,123836863247.69238,641722698466.0144,517998889436.66754,123723809029.34668,682828550051.2529,551477853824.8711,131350696226.38199,682828550051.2529,551477853824.8711,131350696226.38199
MIL,cesm1-bgc_rcp85_r1i1p1,GCAM-45,72,0.46191151558173577,585801450000.8167,492341664688.50085,93459785312.3158,597452428777.5165,502751316011.9138,94701112765.6027,612515899937.6176,518061372177.14233,94454527760.47511,646002912987.6941,545715793924.96387,100287119062.73041,646002912987.6941,545715793924.96387,100287119062.73041
MIL,cesm1-bgc_rcp85_r1i1p1,GCAM-ref,72,0.46191151558173577,566028558361.8584,490799622039.90967,75228936321.94899,579404668487.9407,502891654378.7545,76513014109.18602,595868439919.4285,519874404123.87317,75994035795.5553,629916077755.6056,548323952037.211,81592125718.3945,629916077755.6056,548323952037.211,81592125718.3945
MIL,cesm1-bgc_rcp85_r1i1p1,LUCAS-BAU_High-0001,72,0.46191151558173577,549012913866.9456,497456460323.044,51556453543.90172,558526593269.748,505809115233.98553,52717478035.762695,572910758757.3638,520606686356.2761,52304072401.08752,597819255400.405,542051015584.90753,55768239815.49737,597819255400.405,542051015584.90753,55768239815.49737
MIL,cesm1-bgc_rcp85_r1i1p1,LUCAS-BAU_High-0002,72,0.46191151558173577,550663640792.532,497718139742.7657,52945501049.76613,559369668768.6306,505356864093.53253,54012804675.09796,574019916005.2334,520420116115.04694,53599799890.18654,599647339245.0924,542436494314.56195,57210844930.53047,599647339245.0924,542436494314.56195,57210844930.53047
MIL,cesm1-cam5_rcp26_r1i1p1,FORE-SCE-A1B,72,0.48351336181960597,724865964092.708,657477283418.664,67388680674.04422,725058192890.275,656736485068.4105,68321707821.864685,741079694605.5392,672653114439.8304,68426580165.70892,734047238072.6495,668293111305.7023,65754126766.947136,734047238072.6495,668293111305.7023,65754126766.947136
MIL,cesm1-cam5_rcp26_r1i1p1,FORE-SCE-A2,72,0.48351336181960597,715666611136.0533,656513902405.6433,59152708730.40984,717300773053.8291,657069693513.7793,60231079540.04949,734543919100.0656,674138302645.7811,60405616454.28472,727126195283.4294,669543147179.6995,57583048103.73028,727126195283.4294,669543147179.6995,57583048103.73028
MIL,cesm1-cam5_rcp26_r1i1p1,FORE-SCE-B1,72,0.48351336181960597,711470172965.0232,658083622806.0657,53386550158.957375,710642763630.0403,656465291535.3065,54177472094.734,728468284382.1423,674001683495.8352,54466600886.30748,721636634385.3186,670172154511.4749,51464479873.84373,721636634385.3186,670172154511.4749,51464479873.84373
MIL,cesm1-cam5_rcp26_r1i1p1,GCAM-26,72,0.48351336181960597,766529335984.1581,657922641953.8242,108606694030.33409,766046440892.9193,656195080529.1229,109851360363.79596,795011225346.055,684524642498.527,110486582847.52814,771940816878.5225,664261884912.2949,107678931966.22755,771940816878.5225,664261884912.2949,107678931966.22755
MIL,cesm1-cam5_rcp26_r1i1p1,GCAM-45,72,0.48351336181960597,741685305994.2284,658078566038.089,83606739956.13954,742495065677.026,657893140803.1647,84601924873.86194,769284052777.423,684202111969.9922,85081940807.43086,748177600930.9186,666396913853.743,81780687077.17564,748177600930.9186,666396913853.743,81780687077.17564
MIL,cesm1-cam5_rcp26_r1i1p1,GCAM-ref,72,0.48351336181960597,724922466320.054,657506130570.8018,67416335749.25257,724568187246.2045,656341900155.3219,68226287090.88273,741106020117.3005,672754667344.765,68351352772.53557,733442746374.1888,667712092799.0088,65730653575.1798,733442746374.1888,667712092799.0088,65730653575.1798
MIL,cesm1-cam5_rcp26_r1i1p1,LUCAS-BAU_High-0001,72,0.48351336181960597,705694085303.5552,658906566259.2008,46787519044.35435,704263912329.2223,656727747573.2462,47536164755.97615,721814332993.9221,674261050514.3636,47553282479.55872,716424897651.2515,671694694391.2688,44730203259.98275,716424897651.2515,671694694391.2688,44730203259.98275
MIL,cesm1-cam5_rcp26_r1i1p1,LUCAS-BAU_High-0002,72,0.48351336181960597,706455158712.2848,658679987809.9249,47775170902.35965,704575737698.8282,655944092277.0745,48631645421.75419,722143127543.877,673374537656.9502,48768589886.92665,717284396275.9247,671418819718.5813,45865576557.34331,717284396275.9247,671418819718.5813,45865576557.34331
MIL,cesm1-cam5_rcp45_r1i1p1,FORE-SCE-A1B,72,0.5375824329893695,346449780941.70386,254567167513.73837,91882613427.96541,345271423946.81793,252615886858.1225,92655537088.69545,345599870413.88806,254834949940.1845,90764920473.7036,350804971226.3164,259192288662.27414,91612682564.04213,350804971226.3164,259192288662.27414,91612682564.04213
MIL,cesm1-cam5_rcp45_r1i1p1,FORE-SCE-A2,72,0.5375824329893695,334445118737.695,253242741536.36923,81202377201.32588,334727455354.4315,252793160844.64777,81934294509.7836,335680510754.96704,255607351860.79413,80073158894.17308,339922792599.2772,259293675568.11887,80629117031.15842,339922792599.2772,259293675568.11887,80629117031.15842
MIL,cesm1-cam5_rcp45_r1i1p1,FORE-SCE-B1,72,0.5375824329893695,325972284135.2898,251942123403.79797,74030160731.4918,327818322486.42267,253194860607.07474,74623461879.34793,328792057007.2881,255818076400.77103,72973980606.51706,332428014852.35187,259525442225.6775,72902572626.67459,332428014852.35187,259525442225.6775,72902572626.67459
MIL,cesm1-cam5_rcp45_r1i1p1,GCAM-26,72,0.5375824329893695,393219673724.22266,249514792473.66913,143704881250.5535,396638521572.399,251408311715.05554,145230209857.34354,397932668449.51245,255828205898.9213,142104462550.59103,406700857817.3799,260271978834.8634,146428878982.51645,406700857817.3799,260271978834.8634,146428878982.51645
MIL,cesm1-cam5_rcp45_r1i1p1,GCAM-45,72,0.5375824329893695,362771638454.8083,250276901496.67676,112494736958.13164,364889997588.72296,251537119042.89572,113352878545.82721,365399291167.9668,254612839398.7842,110786451769.18256,373194383785.5083,259933186941.61642,113261196843.89177,373194383785.5083,259933186941.61642,113261196843.89177
MIL,cesm1-cam5_rcp45_r1i1p1,GCAM-ref,72,0.5375824329893695,343985806110.2942,251216101239.16797,92769704871.12617,345963060284.3792,252623270815.93494,93339789468.44444,346959026643.9008,255441660769.88986,91517365874.01097,351238150481.226,258870267567.80328,92367882913.42276,351238150481.226,258870267567.80328,92367882913.42276
MIL,cesm1-cam5_rcp45_r1i1p1,LUCAS-BAU_High-0001,72,0.5375824329893695,317196948306.35944,251723144256.72592,65473804049.633545,318314244826.12494,252282929098.93814,66031315727.186935,319336998891.2673,254912987665.5311,64424011225.73618,323465009302.409,259282029891.26953,64182979411.13938,323465009302.409,259282029891.26953,64182979411.13938
MIL,cesm1-cam5_rcp45_r1i1p1,LUCAS-BAU_High-0002,72,0.5375824329893695,318676454933.05865,251736866271.21646,66939588661.84219,319992007707.4797,252480853288.858,67511154418.62162,320700713971.41364,254780665767.89944,65920048203.51414,324982720383.96954,259276229356.77002,65706491027.199486,324982720383.96954,259276229356.77002,65706491027.199486
MIL,cesm1-cam5_rcp60_r1i1p1,FORE-SCE-A1B,72,0.49390562860498943,631357817299.1575,541114744989.2493,90243072309.90826,624077363531.9462,532496653791.34393,91580709740.60237,634073668688.7898,542706126211.92255,91367542476.86713,630539494750.5818,540006205100.4266,90533289650.15508,630539494750.5818,540006205100.4266,90533289650.15508
MIL,cesm1-cam5_rcp60_r1i1p1,FORE-SCE-A2,72,0.49390562860498943,618814367020.1989,538479435484.2201,80334931535.97879,614067490265.2057,532555234742.46747,81512255522.73843,626700075418.504,545437983125.3275,81262092293.17645,620803420094.2904,540603998103.9212,80199421990.36926,620803420094.2904,540603998103.9212,80199421990.36926
MIL,cesm1-cam5_rcp60_r1i1p1,FORE-SCE-B1,72,0.49390562860498943,613165315415.0781,539781890621.50226,73383424793.57588,606889416987.0887,532913643590.5447,73975773396.54384,618912794862.7549,545131113313.58875,73781681549.16608,612665215092.1659,540303999311.7714,72361215780.3943,612665215092.1659,540303999311.7714,72361215780.3943
MIL,cesm1-cam5_rcp60_r1i1p1,GCAM-26,72,0.49390562860498943,678221287577.0754,536713491543.1391,141507796033.9364,676692691747.6251,533566930049.3784,143125761698.2465,690331558141.4755,547774293188.8967,142557264952.57858,680133436778.3984,538233005745.86066,141900431032.53842,680133436778.3984,538233005745.86066,141900431032.53842
MIL,cesm1-cam5_rcp60_r1i1p1,GCAM-45,72,0.49390562860498943,648418427459.1614,537947021835.1884,110471405623.97275,645390502967.2815,533574831911.5112,111815671055.7704,657737350915.4323,546328884279.75964,111408466635.67255,647881396274.6672,538062824400.5408,109818571874.12631,647881396274.6672,538062824400.5408,109818571874.12631
MIL,cesm1-cam5_rcp60_r1i1p1,GCAM-ref,72,0.49390562860498943,631894662346.4329,541506070084.64966,90388592261.78339,625224631608.3444,533489685293.1667,91734946315.1774,635346220389.119,543794631739.85126,91551588649.26762,630242038181.4626,539505397848.1064,90736640333.35625,630242038181.4626,539505397848.1064,90736640333.35625
MIL,cesm1-cam5_rcp60_r1i1p1,LUCAS-BAU_High-0001,72,0.49390562860498943,603213107159.8569,538853349428.8524,64359757731.00448,597734715973.3444,532598872288.1543,65135843685.19003,610685845142.4283,545853792676.29553,64832052466.133026,603908791951.4083,540516368161.9173,63392423789.490845,603908791951.4083,540516368161.9173,63392423789.490845
MIL,cesm1-cam5_rcp60_r1i1p1,LUCAS-BAU_High-0002,72,0.49390562860498943,605118872622.9966,539272365804.2829,65846506818.71365,599396146691.151,532812192131.4625,66583954559.68882,612469344407.5542,546168227411.19763,66301116996.35642,605235665150.8031,540369604483.4795,64866060667.323326,605235665150.8031,540369604483.4795,64866060667.323326
MIL,cesm1-cam5_rcp85_r1i1p1,FORE-SCE-A1B,72,0.4722156068129528,657611178094.2657,557426653581.565,100184524512.70053,670878071524.2762,569547268335.1045,101330803189.17178,689553861304.7418,588234812285.6226,101319049019.11928,688713905222.7338,587638804554.8293,101075100667.90419,688713905222.7338,587638804554.8293,101075100667.90419
MIL,cesm1-cam5_rcp85_r1i1p1,FORE-SCE-A2,72,0.4722156068129528,651043047067.3563,561477417613.375,89565629453.98149,659995478742.0508,569242293023.843,90753185718.20769,679690411603.1117,588867562968.4509,90822848634.66075,676983073887.0826,586742299524.494,90240774362.58836,676983073887.0826,586742299524.494,90240774362.58836
MIL,cesm1-cam5_rcp85_r1i1p1,FORE-SCE-B1,72,0.4722156068129528,647650973771.0206,566443087492.6394,81207886278.38113,652207886599.1649,570224857134.2507,81983029464.9144,672288158216.9852,590119523544.9404,82168634672.04485,666551755898.5273,585337206987.9104,81214548910.617,666551755898.5273,585337206987.9104,81214548910.617
MIL,cesm1-cam5_rcp85_r1i1p1,GCAM-26,72,0.4722156068129528,715314355416.6719,559393332410.7639,155921023005.90787,725376617791.1273,567925509249.0417,157451108542.08588,748991756953.163,591575628662.236,157416128290.92685,744615191937.6691,585911549010.4773,158703642927.19156,744615191937.6691,585911549010.4773,158703642927.19156
MIL,cesm1-cam5_rcp85_r1i1p1,GCAM-45,72,0.4722156068129528,679340725432.7742,557522824185.4541,121817901247.31992,691533656354.746,568319234320.0431,123214422034.7026,715658766199.1171,592419653400.1024,123239112799.01445,705435089158.2023,581984549135.2189,123450540022.98361,705435089158.2023,581984549135.2189,123450540022.98361
MIL,cesm1-cam5_rcp85_r1i1p1,GCAM-ref,72,0.4722156068129528,654546373831.3842,555348555466.3468,99197818365.03769,668595180180.3563,568256316301.5549,100338863878.80138,688275254839.2914,587831702079.2734,100443552760.01784,687564453566.9359,587334375631.121,100230077935.8151,687564453566.9359,587334375631.121,100230077935.8151
MIL,cesm1-cam5_rcp85_r1i1p1,LUCAS-BAU_High-0001,72,0.4722156068129528,633816985298.6151,562738168701.1666,71078816597.44849,641902762997.9707,570043698118.3342,71859064879.63657,661512276756.0804,589552500913.4275,71959775842.65295,654699780012.3275,583847575929.0837,70852204083.24353,654699780012.3275,583847575929.0837,70852204083.24353
MIL,cesm1-cam5_rcp85_r1i1p1,LUCAS-BAU_High-0002,72,0.4722156068129528,635227824134.1079,562597454654.3792,72630369479.72879,642700815900.6493,569260482401.34,73440333499.30939,661870390320.6642,588338263707.0773,73532126613.58679,656479041144.749,583997200018.3174,72481841126.43141,656479041144.749,583997200018.3174,72481841126.43141
MIL,cmcc-cm_rcp45_r1i1p1,FORE-SCE-A1B,72,0.5615287922588004,223901995061.61526,122033275719.73244,101868719341.88297,223144527529.7148,120939129162.63968,102205398367.07506,221691867834.7421,122108102411.57007,99583765423.17195,237591566031.35434,130104912590.39708,107486653440.9573,237591566031.35434,130104912590.39708,107486653440.9573
MIL,cmcc-cm_rcp45_r1i1p1,FORE-SCE-A2,72,0.5615287922588004,211713831391.43777,121591160052.47028,90122671338.96753,211634035360.4056,121024836847.71265,90609198512.69302,209955977984.3395,121733124785.11768,88222853199.22179,224126757216.95453,129066646115.38028,95060111101.57417,224126757216.95453,129066646115.38028,95060111101.57417
MIL,cmcc-cm_rcp45_r1i1p1,FORE-SCE-B1,72,0.5615287922588004,202125126646.88443,120534592561.74965,81590534085.13475,202817572854.38757,120556963043.07126,82260609811.3163,200883625423.29956,120719243490.68237,80164381932.61725,214756242836.39352,128674885996.93225,86081356839.46126,214756242836.39352,128674885996.93225,86081356839.46126
MIL,cmcc-cm_rcp45_r1i1p1,GCAM-26,72,0.5615287922588004,282966933312.5971,122702492654.41254,160264440658.1847,281115218967.3424,120545688591.64926,160569530375.69305,279311961119.0292,121978463486.08614,157333497632.94305,299414925352.4109,131530624923.785,167884300428.62592,299414925352.4109,131530624923.785,167884300428.62592
MIL,cmcc-cm_rcp45_r1i1p1,GCAM-45,72,0.5615287922588004,247557810075.37515,122909963657.47385,124647846417.90129,246120589636.23926,121368080341.95187,124752509294.28741,244998927453.16888,123189228302.93399,121809699150.23483,259788480885.1295,129641827262.49358,130146653622.63597,259788480885.1295,129641827262.49358,130146653622.63597
MIL,cmcc-cm_rcp45_r1i1p1,GCAM-ref,72,0.5615287922588004,224369110979.3218,122312495107.45111,102056615871.87062,222929922529.39685,120769814854.57349,102160107674.8234,221865930230.7041,122236640139.1926,99629290091.5116,238075889046.8871,130372641587.92761,107703247458.95938,238075889046.8871,130372641587.92761,107703247458.95938
MIL,cmcc-cm_rcp45_r1i1p1,LUCAS-BAU_High-0001,72,0.5615287922588004,193518015375.99896,121574642971.08226,71943372404.91669,193335053272.52353,121124990136.48152,72210063136.04195,192551970257.9255,122003784388.37076,70548185869.55476,203508415581.25174,128031614099.71341,75476801481.5383,203508415581.25174,128031614099.71341,75476801481.5383
MIL,cmcc-cm_rcp45_r1i1p1,LUCAS-BAU_High-0002,72,0.5615287922588004,194878538260.9627,121479874076.08789,73398664184.87483,194713490379.74863,120947888248.74408,73765602131.00453,193771647739.43524,121811243689.40808,71960404050.02713,205431935280.8277,128184898274.98486,77247037005.8428,205431935280.8277,128184898274.98486,77247037005.8428
MIL,cmcc-cm_rcp85_r1i1p1,FORE-SCE-A1B,72,0.5350138140294609,179511397536.05948,59071792276.4296,120439605259.62985,181403364013.31387,60471902264.4004,120931461748.91353,183727094692.0439,64512851787.90903,119214242904.13489,194359583534.7017,68609593618.612785,125749989916.08887,194359583534.7017,68609593618.612785,125749989916.08887
MIL,cmcc-cm_rcp85_r1i1p1,FORE-SCE-A2,72,0.5350138140294609,168854185022.3916,59781479259.214745,109072705763.1768,170392024747.4337,61270248858.98009,109121775888.45357,172946868387.80753,65123427502.93874,107823440884.86868,180980447092.75256,67863783792.648605,113116663300.10393,180980447092.75256,67863783792.648605,113116663300.10393
MIL,cmcc-cm_rcp85_r1i1p1,FORE-SCE-B1,72,0.5350138140294609,157941755198.6752,59541801489.010635,98399953709.66455,160076409221.14822,61317017120.50877,98759392100.63951,162876524177.0942,65081137614.959595,97795386562.13458,169644407215.8111,67523292280.915,102121114934.89609,169644407215.8111,67523292280.915,102121114934.89609
MIL,cmcc-cm_rcp85_r1i1p1,GCAM-26,72,0.5350138140294609,246103046637.7362,60907990633.30541,185195056004.4307,245600671480.6933,60365697764.64182,185234973716.05142,248082856862.6368,65502078663.58695,182580778199.04984,261202711572.10382,69276622547.72256,191926089024.38123,261202711572.10382,69276622547.72256,191926089024.38123
MIL,cmcc-cm_rcp85_r1i1p1,GCAM-45,72,0.5350138140294609,207436992329.75952,61247599631.962975,146189392697.79654,206687447205.84085,60397627978.39234,146289819227.44852,208622307831.0687,64687560816.38288,143934747014.68576,219065753561.53467,67844592985.82057,151221160575.71402,219065753561.53467,67844592985.82057,151221160575.71402
MIL,cmcc-cm_rcp85_r1i1p1,GCAM-ref,72,0.5350138140294609,180839392645.46915,61137769213.091034,119701623432.37805,180940241361.13794,60751356607.30869,120188884753.82927,183424864619.4626,64913149103.46783,118511715515.99478,194270227837.27725,69020694540.27525,125249533297.00197,194270227837.27725,69020694540.27525,125249533297.00197
MIL,cmcc-cm_rcp85_r1i1p1,LUCAS-BAU_High-0001,72,0.5350138140294609,146913325106.9849,60101467501.11534,86811857605.86954,148552827752.2135,61399004557.10513,87153823195.10835,152067343823.06754,65881689025.272804,86185654797.79472,157411873666.06485,67287455332.78237,90124418333.28247,157411873666.06485,67287455332.78237,90124418333.28247
MIL,cmcc-cm_rcp85_r1i1p1,LUCAS-BAU_High-0002,72,0.5350138140294609,148286095704.16345,59771793013.218575,88514302690.94485,150172823334.7532,61256243912.02751,88916579422.72572,153354313247.97128,65415775943.348076,87938537304.62312,159373703832.74564,67364094269.69439,92009609563.05127,159373703832.74564,67364094269.69439,92009609563.05127
MIL,cnrm-cm5_rcp45_r1i1p1,FORE-SCE-A1B,72,0.454639134818298,470588547599.8594,397266506953.95557,73322040645.9041,480560428665.41675,406205777115.6285,74354651549.7879,486477801554.98505,414461537418.0663,72016264136.91878,492565961895.13293,421612572328.2824,70953389566.8505,492565961895.13293,421612572328.2824,70953389566.8505
MIL,cnrm-cm5_rcp45_r1i1p1,FORE-SCE-A2,72,0.454639134818298,467583358314.9568,402145233753.62463,65438124561.332,474929163843.5251,408743495631.71014,66185668211.81497,483941457149.7341,420099170266.4913,63842286883.24262,484422803515.2575,421856775807.7489,62566027707.5087,484422803515.2575,421856775807.7489,62566027707.5087
MIL,cnrm-cm5_rcp45_r1i1p1,FORE-SCE-B1,72,0.454639134818298,463036700188.661,404280015596.2635,58756684592.39774,468292697266.0608,408949474185.3518,59343223080.708984,476526532621.90594,419509254311.8772,57017278310.028786,476609186496.5621,421107928808.72534,55501257687.83666,476609186496.5621,421107928808.72534,55501257687.83666
MIL,cnrm-cm5_rcp45_r1i1p1,GCAM-26,72,0.454639134818298,515463842191.3422,396748432206.2131,118715409985.12923,524873070950.837,404483329362.36273,120389741588.47415,526236189730.41064,408538668527.8071,117697521202.60344,534240283765.03235,416753439041.05255,117486844723.97987,534240283765.03235,416753439041.05255,117486844723.97987
MIL,cnrm-cm5_rcp45_r1i1p1,GCAM-45,72,0.454639134818298,485199317344.83734,394573111005.67395,90626206339.16318,497783724133.87366,405756787313.70245,92026936820.17137,502262321433.49274,412677987155.3492,89584334278.1435,503914559713.375,415562410737.4865,88352148975.88843,503914559713.375,415562410737.4865,88352148975.88843
MIL,cnrm-cm5_rcp45_r1i1p1,GCAM-ref,72,0.454639134818298,470945960661.22174,397804794927.8368,73141165733.3848,480123079117.88574,405844295471.75885,74278783646.12697,485240003568.9221,413265064242.4417,71974939326.48044,492323400954.4951,421400730820.7048,70922670133.79036,492323400954.4951,421400730820.7048,70922670133.79036
MIL,cnrm-cm5_rcp45_r1i1p1,LUCAS-BAU_High-0001,72,0.454639134818298,453569857723.1739,402798138394.72974,50771719328.44428,460648639445.3566,409044885133.1559,51603754312.200836,468926762688.7498,419535065838.8663,49391696849.88345,468106514101.9265,420420754540.5342,47685759561.39213,468106514101.9265,420420754540.5342,47685759561.39213
MIL,cnrm-cm5_rcp45_r1i1p1,LUCAS-BAU_High-0002,72,0.454639134818298,454933393625.8738,402901124981.5535,52032268644.32012,461859360376.0128,409092009459.47723,52767350916.535576,470278121332.74036,419680820030.602,50597301302.13838,469390666608.2221,420495861463.07043,48894805145.15142,469390666608.2221,420495861463.07043,48894805145.15142
MIL,cnrm-cm5_rcp85_r1i1p1,FORE-SCE-A1B,72,0.4545635573558145,756342005557.3228,655917258320.6813,100424747236.64136,770035789442.5309,668343754706.5918,101692034735.93927,751158791703.8955,651018556193.9584,100140235509.93784,820025047939.1158,718785355585.1123,101239692354.00343,820025047939.1158,718785355585.1123,101239692354.00343
MIL,cnrm-cm5_rcp85_r1i1p1,FORE-SCE-A2,72,0.4545635573558145,748677549378.9211,659192964885.8293,89484584493.09184,761577085543.056,670746158510.7261,90830927032.32982,739955466485.4686,650710536901.2616,89244929584.20723,807062446107.227,717029771267.3514,90032674839.87552,807062446107.227,717029771267.3514,90032674839.87552
MIL,cnrm-cm5_rcp85_r1i1p1,FORE-SCE-B1,72,0.4545635573558145,739104125067.0209,658371277841.2429,80732847225.77773,755300119028.2986,673254117778.661,82046001249.63734,733618349713.5706,652976221271.3479,80642128442.22253,797047783749.6644,716121031227.2921,80926752522.37225,797047783749.6644,716121031227.2921,80926752522.37225
MIL,cnrm-cm5_rcp85_r1i1p1,GCAM-26,72,0.4545635573558145,803785860850.0552,646876165116.2451,156909695733.81052,821994352201.2728,663003615552.2802,158990736648.9927,802342894830.6941,645314695409.3617,157028199421.33243,871866703902.161,711956952907.5271,159909750994.63373,871866703902.161,711956952907.5271,159909750994.63373
MIL,cnrm-cm5_rcp85_r1i1p1,GCAM-45,72,0.4545635573558145,770910947003.8167,648803257682.2493,122107689321.56718,791833990831.0221,667903289129.5978,123930701701.42444,772214092773.5969,650068116421.8455,122145976351.75143,831233086751.6565,707627771883.5901,123605314868.06653,831233086751.6565,707627771883.5901,123605314868.06653
MIL,cnrm-cm5_rcp85_r1i1p1,GCAM-ref,72,0.4545635573558145,750777079097.3767,651407007367.1239,99370071730.25291,769619653607.4156,668709700555.8799,100909953051.53564,751647593014.7773,652200238610.0219,99447354404.75525,818770532628.0707,718184538812.2194,100585993815.85156,818770532628.0707,718184538812.2194,100585993815.85156
MIL,cnrm-cm5_rcp85_r1i1p1,LUCAS-BAU_High-0001,72,0.4545635573558145,726264970710.8455,656230486126.0632,70034484584.78177,744465293591.4932,672962541711.711,71502751879.78223,725220806879.3981,655031862631.1487,70188944248.2489,784248989790.0128,714111998098.4382,70136991691.57468,784248989790.0128,714111998098.4382,70136991691.57468
MIL,cnrm-cm5_rcp85_r1i1p1,LUCAS-BAU_High-0002,72,0.4545635573558145,728223845173.2546,656554952370.9751,71668892802.2795,746394191170.9431,673265493265.401,73128697905.54184,725998159098.895,654223796518.1824,71774362580.71254,786239581367.8467,714432887176.3306,71806694191.51602,786239581367.8467,714432887176.3306,71806694191.51602
MIL,csiro-mk3-6-0_rcp26_r1i1p1,FORE-SCE-A1B,72,0.5433203376061324,353320414157.8897,270443493906.46454,82876920251.42514,355288979135.34955,271326230859.46786,83962748275.88159,366882138468.5136,283488686697.4529,83393451771.06085,367460385610.7151,276843964187.1584,90616421423.5567,367460385610.7151,276843964187.1584,90616421423.5567
MIL,csiro-mk3-6-0_rcp26_r1i1p1,FORE-SCE-A2,72,0.5433203376061324,342866891063.66473,270412506014.1502,72454385049.51451,345176459633.4898,271806196724.76178,73370262908.72798,356926892500.76434,283985219253.9066,72941673246.85777,355966764754.6464,276714936268.81573,79251828485.83058,355966764754.6464,276714936268.81573,79251828485.83058
MIL,csiro-mk3-6-0_rcp26_r1i1p1,FORE-SCE-B1,72,0.5433203376061324,338497149078.5609,272305481390.23645,66191667688.32443,339101407338.99603,272338634045.56403,66762773293.43207,349636566687.042,283247445180.6385,66389121506.40344,347960796761.1176,275905522377.54364,72055274383.57388,347960796761.1176,275905522377.54364,72055274383.57388
MIL,csiro-mk3-6-0_rcp26_r1i1p1,GCAM-26,72,0.5433203376061324,401421668914.7824,269310685017.97882,132110983896.80357,403345237694.9711,269988728955.93854,133356508739.03268,417107469625.09326,284760024949.4684,132347444675.62479,417562202865.2142,275788279875.5034,141773922989.71082,417562202865.2142,275788279875.5034,141773922989.71082
MIL,csiro-mk3-6-0_rcp26_r1i1p1,GCAM-45,72,0.5433203376061324,372602189907.3639,269824935521.46625,102777254385.89764,374104678188.9741,270699304632.27496,103405373556.69907,386146118443.9076,283477583797.10547,102668534646.80217,384544146953.7573,274489313029.26074,110054833924.49669,384544146953.7573,274489313029.26074,110054833924.49669
MIL,csiro-mk3-6-0_rcp26_r1i1p1,GCAM-ref,72,0.5433203376061324,355773520623.6243,271480879296.5405,84292641327.08368,356534247541.05286,271558229773.53152,84976017767.52133,367320889708.35596,282977261235.07556,84343628473.28036,367989517304.6548,276143962024.28546,91845555280.36934,367989517304.6548,276143962024.28546,91845555280.36934
MIL,csiro-mk3-6-0_rcp26_r1i1p1,LUCAS-BAU_High-0001,72,0.5433203376061324,331647858143.7702,272546047763.794,59101810379.97619,331803564252.27893,272250394509.60925,59553169742.66965,342916830058.7524,283702103497.9401,59214726560.81219,339372567563.55164,275099281637.6988,64273285925.85281,339372567563.55164,275099281637.6988,64273285925.85281
MIL,csiro-mk3-6-0_rcp26_r1i1p1,LUCAS-BAU_High-0002,72,0.5433203376061324,332917079892.9075,272438056524.00986,60479023368.89776,333006480887.3088,272064804216.82233,60941676670.486496,343937276511.78296,283342999848.9565,60594276662.826584,340977329373.65125,275175985157.08685,65801344216.56448,340977329373.65125,275175985157.08685,65801344216.56448
MIL,csiro-mk3-6-0_rcp45_r1i1p1,FORE-SCE-A1B,72,0.5547089496967144,170624601755.2927,63635686904.36577,106988914850.92685,172046752540.96024,64811447511.56229,107235305029.39798,173678449674.58774,68242094279.66339,105436355394.92427,169456475405.7391,62637553974.2079,106818921431.53127,169456475405.7391,62637553974.2079,106818921431.53127
MIL,csiro-mk3-6-0_rcp45_r1i1p1,FORE-SCE-A2,72,0.5547089496967144,160692692484.4693,66002281062.81839,94690411421.6509,161562287027.37994,66489018481.61743,95073268545.76256,163927158929.27896,70402868315.68959,93524290613.58939,157203016676.92166,63082424696.90848,94120591980.01317,157203016676.92166,63082424696.90848,94120591980.01317
MIL,csiro-mk3-6-0_rcp45_r1i1p1,FORE-SCE-B1,72,0.5547089496967144,152890780412.4443,66745279672.11644,86145500740.3279,153752133934.46265,67045048498.32033,86707085436.14229,156936394770.82568,71668668871.81197,85267725899.01373,148385863477.27515,63073052281.605515,85312811195.66957,148385863477.27515,63073052281.605515,85312811195.66957
MIL,csiro-mk3-6-0_rcp45_r1i1p1,GCAM-26,72,0.5547089496967144,228712277964.78683,62723730025.7262,165988547939.06064,229814152598.5891,63635511899.27603,166178640699.3131,231823729487.45248,68141702824.21719,163682026663.23526,230755897630.72324,64565949166.81671,166189948463.90652,230755897630.72324,64565949166.81671,166189948463.90652
MIL,csiro-mk3-6-0_rcp45_r1i1p1,GCAM-45,72,0.5547089496967144,193045988717.3677,62561908750.6466,130484079966.72105,195081940100.27115,64504748053.23308,130577192047.03802,196616061499.1399,68235516062.29416,128380545436.84576,193603692823.92645,64317952128.65826,129285740695.26816,193603692823.92645,64317952128.65826,129285740695.26816
MIL,csiro-mk3-6-0_rcp45_r1i1p1,GCAM-ref,72,0.5547089496967144,173329850631.18332,65268881854.05356,108060968777.12982,174330126474.7198,66086644828.6685,108243481646.05124,175079453177.5554,68877789566.85388,106201663610.7014,170497197430.86624,62459580847.45607,108037616583.41016,170497197430.86624,62459580847.45607,108037616583.41016
MIL,csiro-mk3-6-0_rcp45_r1i1p1,LUCAS-BAU_High-0001,72,0.5547089496967144,143731488041.19135,66706214867.56099,77025273173.63034,144348908251.19785,67094629495.0657,77254278756.1321,147846985180.3699,71812545814.31235,76034439366.05762,138103408248.45215,62505192754.78404,75598215493.66806,138103408248.45215,62505192754.78404,75598215493.66806
MIL,csiro-mk3-6-0_rcp45_r1i1p1,LUCAS-BAU_High-0002,72,0.5547089496967144,145166313886.20966,66486802199.95481,78679511686.25488,145612363976.44763,66657357207.26106,78955006769.18663,148985518467.46075,71272540062.5918,77712978404.86891,139873727103.672,62509465134.17582,77364261969.49617,139873727103.672,62509465134.17582,77364261969.49617
MIL,csiro-mk3-6-0_rcp60_r1i1p1,FORE-SCE-A1B,72,0.5077390440920424,276416415299.7261,180136638748.04404,96279776551.68202,282594166754.1298,185519629533.96707,97074537220.1627,287936250479.8752,191797562383.5839,96138688096.29137,302677092796.42175,201619833897.3578,101057258899.06395,302677092796.42175,201619833897.3578,101057258899.06395
MIL,csiro-mk3-6-0_rcp60_r1i1p1,FORE-SCE-A2,72,0.5077390440920424,266832847749.86603,180932411665.75687,85900436084.109,272871595892.20447,186332932806.57312,86538663085.63138,277394280432.428,191775176570.23093,85619103862.197,289354485638.5687,199480228643.49127,89874256995.07736,289354485638.5687,199480228643.49127,89874256995.07736
MIL,csiro-mk3-6-0_rcp60_r1i1p1,FORE-SCE-B1,72,0.5077390440920424,259089697089.5278,181651399955.9707,77438297133.55713,264820790648.03867,186845894157.0525,77974896490.98615,269140873751.68106,191980804734.9489,77160069016.73213,278924902196.678,198178723271.56555,80746178925.11246,278924902196.678,198178723271.56555,80746178925.11246
MIL,csiro-mk3-6-0_rcp60_r1i1p1,GCAM-26,72,0.5077390440920424,330095955392.40985,178570302053.5413,151525653338.8685,337782063565.5029,184605111899.79688,153176951665.706,341487460428.1904,189875401207.62134,151612059220.5691,362644577638.6865,204176978609.57974,158467599029.10663,362644577638.6865,204176978609.57974,158467599029.10663
MIL,csiro-mk3-6-0_rcp60_r1i1p1,GCAM-45,72,0.5077390440920424,297595962608.85596,180048538321.68912,117547424287.16675,303553187055.2226,184750326769.90466,118802860285.31793,308553587265.8337,191039191401.07812,117514395864.75557,322363383854.12006,199736562511.99887,122626821342.12132,322363383854.12006,199736562511.99887,122626821342.12132
MIL,csiro-mk3-6-0_rcp60_r1i1p1,GCAM-ref,72,0.5077390440920424,275758806846.11975,180182034829.2905,95576772016.82916,282242389433.3767,185652303128.56012,96590086304.8165,285402159089.95294,189726069629.045,95676089460.90787,302740984772.5874,201980197716.1439,100760787056.44354,302740984772.5874,201980197716.1439,100760787056.44354
MIL,csiro-mk3-6-0_rcp60_r1i1p1,LUCAS-BAU_High-0001,72,0.5077390440920424,248000441068.8919,180597271896.87732,67403169172.0146,255262562526.72137,187075456423.65048,68187106103.07084,260404954290.56378,192930274417.2571,67474679873.30664,267106480746.8384,196530299286.51215,70576181460.32625,267106480746.8384,196530299286.51215,70576181460.32625
MIL,csiro-mk3-6-0_rcp60_r1i1p1,LUCAS-BAU_High-0002,72,0.5077390440920424,249712708080.61182,180708900765.845,69003807314.7668,256041571732.91663,186345774391.64145,69695797341.27513,260992364488.25085,191976572037.4372,69015792450.81383,269055533188.53854,196844273481.87122,72211259706.6673,269055533188.53854,196844273481.87122,72211259706.6673
MIL,csiro-mk3-6-0_rcp85_r1i1p1,FORE-SCE-A1B,72,0.5048970755495118,376373329636.6638,274848573799.6221,101524755837.04158,379988312002.5442,277514095148.0393,102474216854.50487,378853378418.30634,278082868869.76807,100770509548.53827,370445700940.4051,268645740408.36572,101799960532.0395,370445700940.4051,268645740408.36572,101799960532.0395
MIL,csiro-mk3-6-0_rcp85_r1i1p1,FORE-SCE-A2,72,0.5048970755495118,366769084540.3242,276071219379.2232,90697865161.101,370161987324.0217,278491200503.24255,91670786820.77925,369351810038.70703,279385739470.5772,89966070568.12976,358469631299.3724,267984052003.609,90485579295.76329,358469631299.3724,267984052003.609,90485579295.76329
MIL,csiro-mk3-6-0_rcp85_r1i1p1,FORE-SCE-B1,72,0.5048970755495118,362074303038.386,279690905189.844,82383397848.542,363149211924.44226,280155651091.7627,82993560832.67963,363379219902.1813,281838368339.41583,81540851562.76546,347918063542.5091,266457172831.4739,81460890711.03526,347918063542.5091,266457172831.4739,81460890711.03526
MIL,csiro-mk3-6-0_rcp85_r1i1p1,GCAM-26,72,0.5048970755495118,429041669063.82587,270038777665.08746,159002891398.7383,435825049306.0046,275207817833.36664,160617231472.6377,440652357511.1795,282619746206.25604,158032611304.92343,436032391828.6454,275843876975.91547,160188514852.72983,436032391828.6454,275843876975.91547,160188514852.72983
MIL,csiro-mk3-6-0_rcp85_r1i1p1,GCAM-45,72,0.5048970755495118,396377380153.1042,272673329470.8127,123704050682.29146,401736537613.5571,276529672071.5481,125206865542.00896,403259614430.7587,279996538089.12415,123263076341.63449,395870992487.7398,272341746101.32886,123529246386.4112,395870992487.7398,272341746101.32886,123529246386.4112
MIL,csiro-mk3-6-0_rcp85_r1i1p1,GCAM-ref,72,0.5048970755495118,375924518094.68427,274573417762.90775,101351100331.77663,379467373700.94025,277061687638.6177,102405686062.32257,379283153093.96747,278575675766.0544,100707477327.9132,369878500809.0746,267954535496.96066,101923965312.11395,369878500809.0746,267954535496.96066,101923965312.11395
MIL,csiro-mk3-6-0_rcp85_r1i1p1,LUCAS-BAU_High-0001,72,0.5048970755495118,350038393325.3015,278144805066.5143,71893588258.7873,352861328185.08984,280243880272.52576,72617447912.56404,355423084862.77203,284350424607.67444,71072660255.09763,335984256811.08167,265020781985.23224,70963474825.84943,335984256811.08167,265020781985.23224,70963474825.84943
MIL,csiro-mk3-6-0_rcp85_r1i1p1,LUCAS-BAU_High-0002,72,0.5048970755495118,351822534021.23157,278320989962.84064,73501544058.3909,354508169326.22546,280286370433.4842,74221798892.74117,356364937647.40173,283655589892.0984,72709347755.30336,337786262951.7362,265178075077.44022,72608187874.29596,337786262951.7362,265178075077.44022,72608187874.29596
MIL,fgoals-g2_rcp26_r1i1p1,FORE-SCE-A1B,72,0.5199248513908231,196646631978.6355,128842815350.7977,67803816627.83776,196401606350.51553,128129537781.2826,68272068569.23299,204393536004.04807,136667936287.8486,67725599716.19938,201883575286.11862,128496952945.08366,73386622341.03494,201883575286.11862,128496952945.08366,73386622341.03494
MIL,fgoals-g2_rcp26_r1i1p1,FORE-SCE-A2,72,0.5199248513908231,190005134920.15216,131203257432.64922,58801877487.50283,188087010974.90515,128579144077.39145,59507866897.51367,195500892957.38773,136587515664.50041,58913377292.8873,191263018261.14795,127528427134.74445,63734591126.40352,191263018261.14795,127528427134.74445,63734591126.40352
MIL,fgoals-g2_rcp26_r1i1p1,FORE-SCE-B1,72,0.5199248513908231,184648504676.25946,131426196165.10178,53222308511.157646,183257613618.31955,129465164119.03853,53792449499.28108,190423244606.77094,137283408782.31685,53139835824.45415,184532953154.1362,127100480152.90793,57432473001.228226,184532953154.1362,127100480152.90793,57432473001.228226
MIL,fgoals-g2_rcp26_r1i1p1,GCAM-26,72,0.5199248513908231,237594816060.3337,126639438864.13278,110955377196.20097,240244297216.01083,128537778623.6172,111706518592.3936,246228516058.95667,136180839288.33588,110047676770.62079,246166688275.33615,128801628596.45308,117365059678.88313,246166688275.33615,128801628596.45308,117365059678.88313
MIL,fgoals-g2_rcp26_r1i1p1,GCAM-45,72,0.5199248513908231,211337216567.6326,126631645784.57141,84705570783.06119,213434272406.41104,128401886688.11954,85032385718.29152,220628537293.3523,136672905369.63467,83955631923.71764,215974156821.27066,127118343920.1835,88855812901.0871,215974156821.27066,127118343920.1835,88855812901.0871
MIL,fgoals-g2_rcp26_r1i1p1,GCAM-ref,72,0.5199248513908231,196514587852.527,128005843105.60025,68508744746.926765,198197033513.429,129348361168.51726,68848672344.91173,205214882547.95807,136982108175.49805,68232774372.46,202201409218.0087,128084272620.90985,74117136597.09883,202201409218.0087,128084272620.90985,74117136597.09883
MIL,fgoals-g2_rcp26_r1i1p1,LUCAS-BAU_High-0001,72,0.5199248513908231,176118981270.86258,129354048971.51523,46764932299.347404,175394592451.50842,128263104375.4139,47131488076.09457,183397944318.2367,136827416815.55806,46570527502.6788,176008660483.16006,125921117666.18207,50087542816.97802,176008660483.16006,125921117666.18207,50087542816.97802
MIL,fgoals-g2_rcp26_r1i1p1,LUCAS-BAU_High-0002,72,0.5199248513908231,177474397618.6361,129551774934.0949,47922622684.54116,176133543709.3499,127870389701.98558,48263154007.364365,184441989230.9121,136641462799.7657,47800526431.14643,177419860778.89413,126015976432.83853,51403884346.055595,177419860778.89413,126015976432.83853,51403884346.055595
NHG,access1-0_rcp45_r1i1p1,FORE-SCE-A1B,72,0.41520949028126325,47932348.393810526,0.0,47932348.393810526,20720120.45990107,0.0,20720120.45990107,8545147.760398244,0.0,8545147.760398244,108672944.99040072,54257860.85866494,54415084.13173577,6886893724.833986,6886796893.906918,96830.92706794666
NHG,access1-0_rcp45_r1i1p1,FORE-SCE-A2,72,0.41520949028126325,42091607.69198795,0.0,42091607.69198795,17839432.468382873,0.0,17839432.468382873,7223023.489350471,0.0,7223023.489350471,103727017.14868331,54247552.93127837,49479464.21740494,6932443455.849354,6932401782.328479,41673.520875997005
NHG,access1-0_rcp45_r1i1p1,FORE-SCE-B1,72,0.41520949028126325,38880892.723095074,0.0,38880892.723095074,16361086.111711066,0.0,16361086.111711066,6357552.639612843,0.0,6357552.639612843,97390957.78577092,54139831.04768231,43251126.73808861,6949052737.255847,6949024098.135363,28639.12048407284
NHG,access1-0_rcp45_r1i1p1,GCAM-26,72,0.41520949028126325,76053994.12975128,0.0,76053994.12975128,35085908.705365956,0.0,35085908.705365956,16483977.53965295,0.0,16483977.53965295,124748350.10244417,53368069.05904905,71380281.04339512,6508606983.094924,6507832941.464219,774041.6307053686
NHG,access1-0_rcp45_r1i1p1,GCAM-45,72,0.41520949028126325,58700780.65964758,0.0,58700780.65964758,26020505.544512708,0.0,26020505.544512708,11294958.07735085,0.0,11294958.07735085,111060093.23569532,53699445.421036586,57360647.814658746,6692682684.478841,6692527891.378275,154793.10056564884
NHG,access1-0_rcp45_r1i1p1,GCAM-ref,72,0.41520949028126325,48569588.57660041,0.0,48569588.57660041,20923645.30705912,0.0,20923645.30705912,8582634.592266321,0.0,8582634.592266321,106617719.69045283,54328398.754155025,52289320.93629778,6869269712.730175,6869139909.283139,129803.44703548425
NHG,access1-0_rcp45_r1i1p1,LUCAS-BAU_High-0001,72,0.41520949028126325,34229034.77247951,0.0,34229034.77247951,14429273.061826637,0.0,14429273.061826637,5263658.996107844,0.0,5263658.996107844,99342921.00293402,61646522.159846604,37696398.84308741,6993632881.428972,6993624826.530319,8054.898652884695
NHG,access1-0_rcp45_r1i1p1,LUCAS-BAU_High-0002,72,0.41520949028126325,35025402.32557585,0.0,35025402.32557585,14827671.46618603,0.0,14827671.46618603,5436792.028061813,0.0,5436792.028061813,99475430.0166152,61706442.16333604,37768987.853279166,6986138872.86696,6986128623.818149,10249.048811009521
NHG,access1-0_rcp85_r1i1p1,FORE-SCE-A1B,72,0.38587066888613236,98634817.57050999,0.0,98634817.57050999,42979002.514410324,0.0,42979002.514410324,16851501.987866733,0.0,16851501.987866733,698402118.7120771,687566999.9999992,10835118.71207767,45581178.80217895,0.0,45581178.80217895
NHG,access1-0_rcp85_r1i1p1,FORE-SCE-A2,72,0.38587066888613236,86335745.1743093,0.0,86335745.1743093,37143279.63341236,0.0,37143279.63341236,14330762.481471837,0.0,14330762.481471837,696949657.8925724,687566999.9999989,9382657.892573413,38978936.92317467,0.0,38978936.92317467
NHG,access1-0_rcp85_r1i1p1,FORE-SCE-B1,72,0.38587066888613236,79533756.44353916,0.0,79533756.44353916,33887209.87166889,0.0,33887209.87166889,12816629.57185807,0.0,12816629.57185807,695910602.3355093,687566999.9999986,8343602.335510843,34848566.955790594,0.0,34848566.955790594
NHG,access1-0_rcp85_r1i1p1,GCAM-26,72,0.38587066888613236,148876385.59221342,0.0,148876385.59221342,70079715.48385128,0.0,70079715.48385128,31218666.91436951,0.0,31218666.91436951,360954463.2645708,338133257.3878053,22821205.876765724,80482843.86491103,0.0,80482843.86491103
NHG,access1-0_rcp85_r1i1p1,GCAM-45,72,0.38587066888613236,119306430.96923092,0.0,119306430.96923092,54293994.52301644,0.0,54293994.52301644,22061894.97107953,0.0,22061894.97107953,463167313.8264396,447570818.74266803,15596495.083771616,58210708.995051615,0.0,58210708.995051615
NHG,access1-0_rcp85_r1i1p1,GCAM-ref,72,0.38587066888613236,100778933.16352455,0.0,100778933.16352455,44249392.94927207,0.0,44249392.94927207,17120190.273835707,0.0,17120190.273835707,698358435.8642089,687566999.9999995,10791435.864209272,46011925.758520044,0.0,46011925.758520044
NHG,access1-0_rcp85_r1i1p1,LUCAS-BAU_High-0001,72,0.38587066888613236,70880321.36528131,0.0,70880321.36528131,30765020.706640895,0.0,30765020.706640895,10845855.418401174,0.0,10845855.418401174,694737068.9241722,687566999.9999995,7170068.924172539,29377165.99832613,0.0,29377165.99832613
NHG,access1-0_rcp85_r1i1p1,LUCAS-BAU_High-0002,72,0.38587066888613236,72492511.78152396,0.0,72492511.78152396,31358438.17564306,0.0,31358438.17564306,11186308.474140605,0.0,11186308.474140605,694939931.5457796,687567000.0000006,7372931.545778964,30296010.499665733,0.0,30296010.499665733
NHG,bcc-csm1-1-m_rcp45_r1i1p1,FORE-SCE-A1B,72,0.40877302604369636,324907950.54013133,261168408.703533,63739541.83659806,331236496.3623381,267938968.9308089,63297527.43152932,367428440.0197035,300703817.1330718,66724622.88663177,372186416.42841274,312436417.34929955,59749999.07911343,372243649.2854573,312436417.34929955,59807231.93615804
NHG,bcc-csm1-1-m_rcp45_r1i1p1,FORE-SCE-A2,72,0.40877302604369636,318719085.93156475,261118760.09697992,57600325.83458476,324758392.67430997,267889654.75970125,56868737.91460861,359672276.3889568,300232680.82343984,59439595.56551689,365974141.1777241,312386090.6238795,53588050.55384461,366022686.75901353,312386090.6238795,53636596.13513409
NHG,bcc-csm1-1-m_rcp45_r1i1p1,FORE-SCE-B1,72,0.40877302604369636,313568958.20423913,260860598.348432,52708359.85580726,320967514.6779276,267633774.06533146,53333740.61259605,355251056.26148885,299970458.1200975,55280598.14139135,361045679.0145578,312124957.08735514,48920721.92720276,361060442.4483955,312124957.08735514,48935485.36104018
NHG,bcc-csm1-1-m_rcp45_r1i1p1,GCAM-26,72,0.40877302604369636,360087517.5941393,262039133.71889558,98048383.87524363,365918648.5472935,267664666.20447534,98253982.34281844,398186352.4545538,299568034.7208477,98618317.73370598,394846086.7029105,301576013.0233781,93270073.67953247,394932191.660732,301576013.0233781,93356178.63735393
NHG,bcc-csm1-1-m_rcp45_r1i1p1,GCAM-45,72,0.40877302604369636,338982511.33813614,261732060.070019,77250451.26811719,344339997.2798784,267356666.1120225,76983331.16785574,372638467.38923454,294577863.70660686,78060603.68262787,373876741.73322475,301259811.09612656,72616930.63709827,373925992.45892763,301259811.09612656,72666181.36280116
NHG,bcc-csm1-1-m_rcp45_r1i1p1,GCAM-ref,72,0.40877302604369636,325434491.9239319,261564207.86070412,63870284.06322785,330589170.4716532,267187856.4527995,63401314.01885388,360174299.88928795,294073262.6949846,66101037.19430341,372513425.88181,312836564.24532187,59676861.63648813,372559503.78740436,312836564.24532187,59722939.54208261
NHG,bcc-csm1-1-m_rcp45_r1i1p1,LUCAS-BAU_High-0001,72,0.40877302604369636,307617707.7460047,261018112.74613136,46599594.999873325,314099466.6128047,267789913.24236414,46309553.37044059,348218209.8198891,301533062.62223107,46685147.19765827,355177257.44714016,312284289.43972325,42892968.007416844,355192749.8836183,312284289.43972325,42908460.44389503
NHG,bcc-csm1-1-m_rcp45_r1i1p1,LUCAS-BAU_High-0002,72,0.40877302604369636,308427695.7388051,261033160.82480597,47394534.91399933,315258832.2055081,267804865.89791688,47453966.30759128,350039782.26979595,301626764.27221525,48413017.99758069,356055761.95136535,312299549.71855354,43756212.232811816,356071015.0783813,312299549.71855354,43771465.359827824
NHG,bcc-csm1-1-m_rcp85_r1i1p1,FORE-SCE-A1B,72,0.339721299314657,7315097003.078427,7237621274.038626,77475729.03980222,7375583904.266924,7303657228.2349205,71926676.03200793,7445777314.153689,7366609565.492391,79167748.66129956,6868322304.686916,6807936662.693192,60385641.99372256,6868322304.686916,6807936662.693192,60385641.99372256
NHG,bcc-csm1-1-m_rcp85_r1i1p1,FORE-SCE-A2,72,0.339721299314657,7485425722.037868,7415445126.750996,69980595.28687027,7380460917.282761,7316831508.623091,63629408.65966974,7421624129.051339,7354141642.376064,67482486.6752764,6865306916.796606,6810659287.155186,54647629.64141994,6865306916.796606,6810659287.155186,54647629.64141994
NHG,bcc-csm1-1-m_rcp85_r1i1p1,FORE-SCE-B1,72,0.339721299314657,7478562806.7947855,7415955752.386607,62607054.40817914,7363906657.537893,7309043274.112512,54863383.42538082,7375893252.613514,7319560614.385161,56332638.2283512,6860879187.435666,6812128707.473193,48750479.96247421,6860879187.435666,6812128707.473193,48750479.96247421
NHG,bcc-csm1-1-m_rcp85_r1i1p1,GCAM-26,72,0.339721299314657,7162598579.9068985,7036603235.664815,125995344.24208483,7425446671.270278,7313071479.986345,112375191.28393129,7693783920.292085,7580513522.238684,113270398.05340017,6801803925.546423,6703923815.482052,97880110.06437081,6801803925.546423,6703923815.482052,97880110.06437081
NHG,bcc-csm1-1-m_rcp85_r1i1p1,GCAM-45,72,0.339721299314657,7135718712.319716,7040100217.622209,95618494.69751139,7388153760.570933,7299969118.758123,88184641.81280985,7499163088.168507,7406534972.700914,92628115.4675938,6782608900.137981,6708486102.127458,74122798.01052311,6782608900.137981,6708486102.127458,74122798.01052311
NHG,bcc-csm1-1-m_rcp85_r1i1p1,GCAM-ref,72,0.339721299314657,7119690768.31348,7043331257.1470585,76359511.16642241,7355208898.419535,7283778591.945557,71430306.47397862,7388117549.583767,7307492123.886609,80625425.69715945,6868805202.961916,6809416155.60755,59389047.354366235,6868805202.961916,6809416155.60755,59389047.354366235
NHG,bcc-csm1-1-m_rcp85_r1i1p1,LUCAS-BAU_High-0001,72,0.339721299314657,7470852233.726298,7417210407.881252,53641825.8450447,7350069740.070263,7302124827.161506,47944912.90875775,7350254519.389681,7300057222.508828,50197296.88085087,6856101869.040209,6814451105.921206,41650763.11900305,6856101869.040209,6814451105.921206,41650763.11900305
NHG,bcc-csm1-1-m_rcp85_r1i1p1,LUCAS-BAU_High-0002,72,0.339721299314657,7472111002.041382,7417296471.507855,54814530.53352528,7350933767.217615,7302212660.606646,48721106.6109703,7350965838.51038,7300158258.576189,50807579.934189275,6856670830.563509,6814119271.699061,42551558.86444532,6856670830.563509,6814119271.699061,42551558.86444532
NHG,bcc-csm1-1_rcp26_r1i1p1,FORE-SCE-A1B,72,0.3723055297171372,2635180484.099274,2510525537.565846,124654946.53342853,2952666552.9688935,2850834003.0647717,101832549.90412128,2656609146.937977,2597572688.422034,59036458.51594211,2664272140.2117405,2586109765.7117968,78162374.49994346,2713970375.3914084,2589772948.0152917,124197427.376116
NHG,bcc-csm1-1_rcp26_r1i1p1,FORE-SCE-A2,72,0.3723055297171372,2624698199.338146,2512952229.2215548,111745970.11659147,2907514815.4073553,2818369698.6543303,89145116.75302526,2642876316.126456,2592337821.93972,50538494.186735615,2661878695.4989486,2592141936.113526,69736759.38542256,2703539375.263331,2592078207.835493,111461167.42783782
NHG,bcc-csm1-1_rcp26_r1i1p1,FORE-SCE-B1,72,0.3723055297171372,2615538551.960778,2513124498.8322473,102414053.12852967,2901476662.7042503,2818516906.0269566,82959756.67729354,2639250443.436118,2592503224.080003,46747219.35611601,2658383724.1383834,2592306784.970492,66076939.16789146,2694217997.5116673,2592242815.753894,101975181.7577738
NHG,bcc-csm1-1_rcp26_r1i1p1,GCAM-26,72,0.3723055297171372,2691276120.9314656,2506798711.869792,184477409.0616746,2998515191.6847954,2846927052.8368206,151588138.8479743,2675024580.946202,2581147397.398324,93877183.54787801,2729912984.585841,2599574261.074546,130338723.51129468,2781309199.412473,2594163704.423427,187145494.98904657
NHG,bcc-csm1-1_rcp26_r1i1p1,GCAM-45,72,0.3723055297171372,2656829283.7869606,2508468753.1043053,148360530.68265736,2972023352.492226,2849184352.854542,122838999.63768435,2668896084.9961066,2595683057.1002913,73213027.89581451,2695665261.701341,2595683057.1002913,99982204.60104959,2745993857.4905696,2595683057.1002913,150310800.39027715
NHG,bcc-csm1-1_rcp26_r1i1p1,GCAM-ref,72,0.3723055297171372,2635048335.9903917,2510001208.1028333,125047127.88755797,2954717836.5531054,2850415389.4426427,104302447.1104638,2658671245.2604203,2597097940.954366,61573304.30605535,2666453378.263518,2585617855.558404,80835522.7051123,2713851457.2510333,2589281785.3791704,124569671.87186095
NHG,bcc-csm1-1_rcp26_r1i1p1,LUCAS-BAU_High-0001,72,0.3723055297171372,2606434558.292893,2513286099.8123736,93148458.48051897,2895429577.9752364,2818656960.759736,76772617.2155027,2635751875.5316763,2592664224.12665,43087651.40502599,2656856823.627051,2592467340.3740196,64389483.25303131,2685105172.8196425,2592403179.986122,92701992.83352026
NHG,bcc-csm1-1_rcp26_r1i1p1,LUCAS-BAU_High-0002,72,0.3723055297171372,2608043979.359388,2513068482.8916683,94975496.46771897,2896807073.800326,2818469775.6223555,78337298.17797078,2636561224.5216374,2592451640.247686,44109584.273951225,2657932455.892185,2592255409.068263,65677046.823922195,2686707959.959527,2592191531.3257456,94516428.63378115
NHG,bcc-csm1-1_rcp45_r1i1p1,FORE-SCE-A1B,72,0.4525424643327523,689863523.002389,607779168.6484647,82084354.35392426,814005429.3353109,728791175.3498731,85214253.98543783,318898402.4482965,251348284.99598533,67550117.45231107,326673959.54545766,251348284.99598533,75325674.5494724,332021330.36398363,251348284.99598533,80673045.36799812
NHG,bcc-csm1-1_rcp45_r1i1p1,FORE-SCE-A2,72,0.4525424643327523,681254637.7119398,606972091.8531047,74282545.85883482,805388828.873879,728050039.1119624,77338789.76191647,310643366.4831409,250661623.62030992,59981742.86283103,318347234.31482756,250661623.62030992,67685610.69451785,323646722.3537752,250661623.62030992,72985098.73346533
NHG,bcc-csm1-1_rcp45_r1i1p1,FORE-SCE-B1,72,0.4525424643327523,673554561.127558,606568843.7331578,66985717.39440019,797970935.282478,727713779.3968986,70257155.88557929,305045015.4229635,250328217.87964547,54716797.54331776,311644040.3404451,250328217.87964547,61315822.46079944,316087642.83243155,250328217.87964547,65759424.9527861
NHG,bcc-csm1-1_rcp45_r1i1p1,GCAM-26,72,0.4525424643327523,742193875.0927658,618420416.8645042,123773458.2282619,832712147.2222538,706485033.9101431,126227113.31211062,370239614.82225525,268091998.06573996,102147616.75651534,372443227.16621226,256120338.82432878,116322888.34188361,380811576.88858527,256545542.9389349,124266033.94965032
NHG,bcc-csm1-1_rcp45_r1i1p1,GCAM-45,72,0.4525424643327523,716293025.1404147,617437833.440899,98855191.69951552,811815838.9460914,709983708.9176307,101832130.02846108,337254810.4279416,255732372.21007457,81522438.21786717,350465422.35013616,255732372.21007457,94733050.14006165,354780735.22911525,255732372.21007457,99048363.01904064
NHG,bcc-csm1-1_rcp45_r1i1p1,GCAM-ref,72,0.4525424643327523,697727768.0270823,616734734.936315,80993033.09076709,793347600.0238849,709376068.2667129,83971531.75717182,322522528.8338555,255146329.4065319,67376199.42732355,325758917.5078924,252061865.5544402,73697051.95345195,331306321.07976776,251817418.84310013,79488902.23666763
NHG,bcc-csm1-1_rcp45_r1i1p1,LUCAS-BAU_High-0001,72,0.4525424643327523,667215589.7033621,606792501.1801403,60423088.52322176,790716593.7255864,727896840.2974806,62819753.42810543,299095574.04671913,250512298.05962503,48583275.98709402,305702193.37276953,250512298.05962503,55189895.313144535,309730379.2293771,250512298.05962503,59218081.16975205
NHG,bcc-csm1-1_rcp45_r1i1p1,LUCAS-BAU_High-0002,72,0.4525424643327523,668325988.7218157,606815586.5004406,61510402.22137503,791868204.2658945,727916249.5253043,63951954.740589865,300134115.1774898,250530940.14547825,49603175.03201162,306754178.8425076,250530940.14547825,56223238.69702943,310821274.89828813,250530940.14547825,60290334.75280972
NHG,bcc-csm1-1_rcp60_r1i1p1,FORE-SCE-A1B,72,0.42589321492858495,70485599.02998193,0.0,70485599.02998193,56294429.66670447,0.0,56294429.66670447,49607202.76669787,17431679.058676854,32175523.708021015,839528980.7055734,800179312.8391607,39349667.8664129,601037522.6688011,591739571.3970809,9297951.271720361
NHG,bcc-csm1-1_rcp60_r1i1p1,FORE-SCE-A2,72,0.42589321492858495,62562781.05475795,0.0,62562781.05475795,50143586.863906115,0.0,50143586.863906115,77812269.55929825,50495692.91971293,27316576.639585294,852731396.8982923,818013081.8175917,34718315.0807006,599159324.9074409,591267833.8312852,7891491.07615552
NHG,bcc-csm1-1_rcp60_r1i1p1,FORE-SCE-B1,72,0.42589321492858495,57685916.941489406,0.0,57685916.941489406,46757684.117286205,0.0,46757684.117286205,75722968.64862716,50459931.75232142,25263036.896305766,849608265.2537204,817774105.5244536,31834159.729267094,598309864.7546891,591227934.5401478,7081930.214541214
NHG,bcc-csm1-1_rcp60_r1i1p1,GCAM-26,72,0.42589321492858495,107133334.99510989,0.0,107133334.99510989,85146954.13228694,0.0,85146954.13228694,109019241.03207344,56754521.51129157,52264719.520781815,787077244.2838699,719827765.347661,67249478.93620895,593515994.0306376,576640455.5784822,16875538.452155255
NHG,bcc-csm1-1_rcp60_r1i1p1,GCAM-45,72,0.42589321492858495,85531307.06866056,0.0,85531307.06866056,66824019.39782869,0.0,66824019.39782869,54601147.485345595,15338909.1606281,39262238.32471749,750262726.7475003,695439814.7789438,54822911.96855648,592702751.038434,580578855.4776613,12123895.560772674
NHG,bcc-csm1-1_rcp60_r1i1p1,GCAM-ref,72,0.42589321492858495,72489473.18270016,0.0,72489473.18270016,57726360.06723943,0.0,57726360.06723943,50584688.76508373,17548973.868067514,33035714.89701621,840927388.3647629,801003062.7361819,39924325.62858089,601624015.3182315,591879938.573547,9744076.744684031
NHG,bcc-csm1-1_rcp60_r1i1p1,LUCAS-BAU_High-0001,72,0.42589321492858495,52802661.92317021,0.0,52802661.92317021,42410150.74214546,0.0,42410150.74214546,72392995.86170137,50352575.34452521,22040420.517176148,845733029.4163465,816950835.2286015,28782194.187745217,597390486.8162128,591086928.454567,6303558.36164585
NHG,bcc-csm1-1_rcp60_r1i1p1,LUCAS-BAU_High-0002,72,0.42589321492858495,53868491.72671061,0.0,53868491.72671061,43421215.43931791,0.0,43421215.43931791,73046687.55184373,50398007.43836132,22648680.113482397,846438001.4460907,817286380.9779092,29151620.46818154,597625102.265394,591144375.0589018,6480727.206492183
NHG,bcc-csm1-1_rcp85_r1i1p1,FORE-SCE-A1B,72,0.44200999894042214,26318560715.33467,26237887598.704597,80673116.63007994,26459822279.49605,26384436546.60975,75385732.88630712,26788879571.38808,26706686515.767212,82193055.62088247,27543695760.716377,27473864000.902523,69831759.81385489,27543725098.435753,27473863958.482906,69861139.95285021
NHG,bcc-csm1-1_rcp85_r1i1p1,FORE-SCE-A2,72,0.44200999894042214,26313661068.384544,26239453974.162586,74207094.22194788,26483410249.936577,26414205351.15715,69204898.77942938,26839813636.36937,26764387504.48922,75426131.88014126,27535949684.550358,27471662106.43479,64287578.11556599,27535975555.088825,27471662065.098984,64313489.98983858
NHG,bcc-csm1-1_rcp85_r1i1p1,FORE-SCE-B1,72,0.44200999894042214,26304857261.65592,26239690457.355682,65166804.300237596,26462533060.860287,26405778283.007607,56754777.852692865,26792964432.10633,26735812621.430347,57151810.67597101,27526892260.828266,27470481738.35295,56410522.475308925,27526917631.114895,27470481657.509033,56435973.6058595
NHG,bcc-csm1-1_rcp85_r1i1p1,GCAM-26,72,0.44200999894042214,26363278136.59672,26233676491.24691,129601645.34981637,26471955935.103313,26358584932.81895,113371002.28435755,26763067922.534863,26647809453.829254,115258468.70560695,27519978992.231033,27410332403.85969,109646588.37133755,27520026022.458668,27410332347.556416,109693674.90224683
NHG,bcc-csm1-1_rcp85_r1i1p1,GCAM-45,72,0.44200999894042214,26335684455.46887,26236240623.72769,99443831.74118598,26475479917.154736,26384993571.024624,90486346.13011546,26765397357.13735,26675983261.045483,89414096.09186691,27488695380.407307,27404952570.597958,83742809.80935013,27488745949.797318,27404952475.055103,83793474.74221374
NHG,bcc-csm1-1_rcp85_r1i1p1,GCAM-ref,72,0.44200999894042214,26315779326.38134,26237470679.76535,78308646.61599444,26448328959.628384,26376443220.30106,71885739.32731614,26774831054.03678,26697783098.842323,77047955.19444805,27541899624.830795,27474216835.010468,67682789.8203289,27541929972.7484,27474216780.857834,67713191.89057375
NHG,bcc-csm1-1_rcp85_r1i1p1,LUCAS-BAU_High-0001,72,0.44200999894042214,26296516929.100773,26240608263.516483,55908665.58429144,26473553234.537304,26424805955.376915,48747279.1603921,26833477111.592464,26783849328.92553,49627782.66693749,27516590032.533478,27468088596.697952,48501435.83552753,27516614673.01296,27468088508.92839,48526164.0845756
NHG,bcc-csm1-1_rcp85_r1i1p1,LUCAS-BAU_High-0002,72,0.44200999894042214,26297323767.767925,26240328546.130497,56995221.637427144,26462364063.19615,26412940527.917046,49423535.27910418,26816067883.72336,26766069925.475975,49997958.24737337,27517913181.92565,27468482071.39676,49431110.52890079,27517938500.288734,27468481983.76189,49456516.52685017
NHG,canesm2_rcp26_r1i1p1,FORE-SCE-A1B,72,0.3631208983607065,73483749353.60211,73411446989.24518,72302364.35697487,73576011753.09282,73495630023.99028,80381729.10255806,73366960035.09375,73297041170.06721,69918865.02653594,74134330895.16435,74059557048.92,74773846.24436875,74134330895.16435,74059557048.92,74773846.24436875
NHG,canesm2_rcp26_r1i1p1,FORE-SCE-A2,72,0.3631208983607065,73483788314.79552,73420039617.22554,63748697.56997966,73580435159.08911,73509079614.51743,71355544.57169615,73386947799.03122,73324735462.57674,62212336.45445058,74140510394.41338,74074419761.25539,66090633.15799985,74140510394.41338,74074419761.25539,66090633.15799985
NHG,canesm2_rcp26_r1i1p1,FORE-SCE-B1,72,0.3631208983607065,73481391514.79504,73423054266.91075,58337247.884271264,73579285211.31003,73515317766.00352,63967445.30650381,73381923986.69273,73327979032.91087,53944953.78184823,74140454957.15361,74079993246.69547,60461710.458202116,74140454957.15361,74079993246.69547,60461710.458202116
NHG,canesm2_rcp26_r1i1p1,GCAM-26,72,0.3631208983607065,73358501494.78534,73244557775.89778,113943718.88758247,73816069819.69215,73687869151.40027,128200668.29192972,73392435080.97847,73285019088.53488,107415992.44360118,73747428388.24811,73638024502.84695,109403885.40111673,73747428388.24811,73638024502.84695,109403885.40111673
NHG,canesm2_rcp26_r1i1p1,GCAM-45,72,0.3631208983607065,73487775366.46138,73399207153.13329,88568213.32801843,73619998141.1246,73516584674.30885,103413466.81574307,74909097725.36768,74820232516.9611,88865208.40658642,73736647248.89975,73651171393.91518,85475854.98457094,73736647248.89975,73651171393.91518,85475854.98457094
NHG,canesm2_rcp26_r1i1p1,GCAM-ref,72,0.3631208983607065,73478566628.22789,73406074238.5124,72492389.71542375,73611578646.32553,73530196339.62234,81382306.70318139,74971179178.5053,74900496802.36438,70682376.140898,74125279201.8261,74050329130.45413,74950071.37192704,74125279201.8261,74050329130.45413,74950071.37192704
NHG,canesm2_rcp26_r1i1p1,LUCAS-BAU_High-0001,72,0.3631208983607065,73478176896.53473,73426806304.95375,51370591.58098528,73604870302.48251,73547605587.67923,57264714.80325635,73267062737.186,73219347929.6136,47714807.57239846,74135913570.22032,74082483707.4065,53429862.81381601,74135913570.22032,74082483707.4065,53429862.81381601
NHG,canesm2_rcp26_r1i1p1,LUCAS-BAU_High-0002,72,0.3631208983607065,73478567124.98279,73425968655.01616,52598469.966642976,73605127815.89119,73546775997.71506,58351818.17610703,73267495563.30992,73218686120.77292,48809442.536953904,74136109904.40692,74081421652.75595,54688251.65093283,74136109904.40692,74081421652.75595,54688251.65093283
NHG,canesm2_rcp45_r1i1p1,FORE-SCE-A1B,72,0.3345116187273818,11214398831.073496,11131877393.340792,82521437.7327056,10984078708.838047,10907819192.742357,76259516.09568931,11113065557.585646,11031766273.953283,81299283.63236508,11214362438.255867,11131877393.340792,82485044.91507612,11214362438.255867,11131877393.340792,82485044.91507612
NHG,canesm2_rcp45_r1i1p1,FORE-SCE-A2,72,0.3345116187273818,11203081634.73418,11129328256.687103,73753378.04706952,10989370240.77635,10921568132.445446,67802108.33090396,11079230154.993132,11007293275.33661,71936879.65651526,11203046867.364002,11129328256.687103,73718610.676894,11203046867.364002,11129328256.687103,73718610.676894
NHG,canesm2_rcp45_r1i1p1,FORE-SCE-B1,72,0.3345116187273818,11194618590.632639,11128101674.20776,66516916.42488089,10989144522.951422,10929760520.377827,59384002.573595874,11102155278.716343,11042381460.684004,59773818.03234577,11194591631.6852,11128101674.20776,66489957.47744219,11194591631.6852,11128101674.20776,66489957.47744219
NHG,canesm2_rcp45_r1i1p1,GCAM-26,72,0.3345116187273818,11228470421.679264,11099254549.771803,129215871.90746447,11305921074.560787,11188985623.806507,116935450.75428209,12563079485.548353,12444128696.83205,118950788.7163015,11314648532.443968,11197105548.156723,117542984.28724599,11314648532.443968,11197105548.156723,117542984.28724599
NHG,canesm2_rcp45_r1i1p1,GCAM-45,72,0.3345116187273818,11194957265.116217,11094506115.812744,100451149.30347191,11076645069.644484,10983484574.3391,93160495.30538678,11636567368.117722,11543603669.484715,92963698.63300686,11280852389.362806,11189229949.993582,91622439.36921786,11280852389.362806,11189229949.993582,91622439.36921786
NHG,canesm2_rcp45_r1i1p1,GCAM-ref,72,0.3345116187273818,11172527750.507607,11091438283.007616,81089467.49999437,11012216139.18542,10937466696.682627,74749442.50278768,11479639586.890358,11400462080.017601,79177506.872754,11213107022.876528,11131994569.892622,81112452.98390801,11213107022.876528,11131994569.892622,81112452.98390801
NHG,canesm2_rcp45_r1i1p1,LUCAS-BAU_High-0001,72,0.3345116187273818,11184631616.526384,11126026335.123802,58605281.40258423,10999140715.563087,10946024935.76949,53115779.793597564,11107285284.80153,11053120108.022774,54165176.77875656,11184600041.112244,11126026335.123802,58573705.988444135,11184600041.112244,11126026335.123802,58573705.988444135
NHG,canesm2_rcp45_r1i1p1,LUCAS-BAU_High-0002,72,0.3345116187273818,11186290747.112553,11126474613.044668,59816134.06788447,10999197067.779682,10945084087.240934,54112980.538746394,11108050481.518412,11052941357.187414,55109124.33100052,11186258707.635965,11126474613.044668,59784094.59129624,11186258707.635965,11126474613.044668,59784094.59129624
NHG,canesm2_rcp85_r1i1p1,FORE-SCE-A1B,72,0.29523830687029956,135735635061.77325,135583923006.85828,151712054.91500455,135631439718.19586,135472133424.36966,159306293.82622078,135912979738.56114,135750164277.07256,162815461.4885895,138613622045.79807,138514019315.26083,99602730.53721906,138613622045.79807,138514019315.26083,99602730.53721906
NHG,canesm2_rcp85_r1i1p1,FORE-SCE-A2,72,0.29523830687029956,135729733483.2154,135588922069.25085,140811413.96453646,135633565172.32465,135486799622.62628,146765549.69836256,135879723552.41913,135727946543.13107,151777009.2880397,138605153100.4293,138515148929.86282,90004170.56649467,138605153100.4293,138515148929.86282,90004170.56649467
NHG,canesm2_rcp85_r1i1p1,FORE-SCE-B1,72,0.29523830687029956,135721798511.07439,135594149863.60153,127648647.47288692,135616334339.93044,135484720109.86043,131614230.06999628,135828828343.10913,135693792781.57225,135035561.53690213,138596167843.8651,138514524449.87823,81643393.98687284,138596167843.8651,138514524449.87823,81643393.98687284
NHG,canesm2_rcp85_r1i1p1,GCAM-26,72,0.29523830687029956,135887143499.81444,135657392558.34354,229750941.47093546,136066128996.93999,135817028431.14906,249100565.79092905,136580597102.85225,136324109535.96236,256487566.8898641,138536484491.92224,138375570762.76434,160913729.15782392,138536484491.92224,138375570762.76434,160913729.15782392
NHG,canesm2_rcp85_r1i1p1,GCAM-45,72,0.29523830687029956,135862472960.94963,135680608031.9632,181864928.9864221,135744822216.60706,135548546360.775,196275855.8320515,136099818845.84093,135902919168.5771,196899677.26378745,138510250073.2202,138383868322.39313,126381750.82709172,138510250073.2202,138383868322.39313,126381750.82709172
NHG,canesm2_rcp85_r1i1p1,GCAM-ref,72,0.29523830687029956,135663790062.51898,135513384238.24783,150405824.27115712,135702377386.35748,135545396820.7625,156980565.59504563,136115925722.43004,135956649759.36533,159275963.0646855,138608529450.4874,138508179048.7035,100350401.78388712,138608529450.4874,138508179048.7035,100350401.78388712
NHG,canesm2_rcp85_r1i1p1,LUCAS-BAU_High-0001,72,0.29523830687029956,135431488338.55533,135317942460.11241,113545878.44293717,135649697496.38141,135532589636.49747,117107859.88389923,135899229886.56764,135775818640.82674,123411245.7408956,138582936586.23087,138509948419.82452,72988166.4062981,138582936586.23087,138509948419.82452,72988166.4062981
NHG,canesm2_rcp85_r1i1p1,LUCAS-BAU_High-0002,72,0.29523830687029956,135431193731.40988,135316793039.24683,114400692.16306277,135619119099.87811,135500082195.28622,119036904.59187885,135844440722.08835,135720327646.5621,124113075.52626203,138584247069.6115,138509882840.87256,74364228.73894475,138584247069.6115,138509882840.87256,74364228.73894475
NHG,ccsm4_rcp26_r1i1p1,FORE-SCE-A1B,72,0.3150014841201101,10832945241.144672,10757303228.320023,75642012.82464397,11011896080.84964,10938597755.670998,73298325.17863621,10493432093.377296,10426984294.493795,66447798.88350066,10104587292.99216,10036283854.410568,68303438.5815982,10126967433.691675,10058133729.675537,68833704.016137
NHG,ccsm4_rcp26_r1i1p1,FORE-SCE-A2,72,0.3150014841201101,10826056095.557714,10756673319.909012,69382775.64870256,11005120199.875122,10937599203.925322,67520995.94980337,10505323884.40916,10443950497.101425,61373387.30773629,10103465663.697807,10040677816.085863,62787847.61193917,10125820433.80966,10062540012.50751,63280421.30215125
NHG,ccsm4_rcp26_r1i1p1,FORE-SCE-B1,72,0.3150014841201101,10818035537.32754,10754445785.867704,63589751.45984135,10994650781.954964,10933419707.187605,61231074.76735702,10497034664.57437,10442242492.47327,54792172.101098746,10096851455.303242,10040841468.924784,56009986.37845641,10119181125.906408,10062707326.851254,56473799.05515963
NHG,ccsm4_rcp26_r1i1p1,GCAM-26,72,0.3150014841201101,11292721373.297642,11178377221.063337,114344152.23430568,11047200165.318073,10935284447.901543,111915717.41652867,10535529428.423735,10432796919.372211,102732509.05152003,10185580099.144945,10078100319.502275,107479779.64267363,10195957095.29997,10087244058.689348,108713036.61062123
NHG,ccsm4_rcp26_r1i1p1,GCAM-45,72,0.3150014841201101,10852233806.38446,10760542930.416618,91690875.96783563,11063259269.795105,10973906221.958174,89353047.83692463,10602984011.118008,10521681868.768415,81302142.34959176,10164777540.74705,10079805592.913248,84971947.83380216,10175050908.055992,10088955468.081963,86095439.97402926
NHG,ccsm4_rcp26_r1i1p1,GCAM-ref,72,0.3150014841201101,10830831669.364202,10756474249.939507,74357419.42469886,11008458017.236622,10936489870.966015,71968146.27060245,10520656334.794111,10455723789.819965,64932544.97415136,10099229716.91703,10032984196.53984,66245520.37718954,10122222744.447237,10054831856.011452,67390888.43579093
NHG,ccsm4_rcp26_r1i1p1,LUCAS-BAU_High-0001,72,0.3150014841201101,10808374845.681414,10751999978.366758,56374867.31465633,11001625775.032734,10947993147.641075,53632627.39165637,10516015316.038895,10468135955.839771,47879360.19912554,10087418263.971851,10038293506.938644,49124757.033207856,10109795615.134993,10060162924.031437,49632691.1035576
NHG,ccsm4_rcp26_r1i1p1,LUCAS-BAU_High-0002,72,0.3150014841201101,10809922630.846985,10752518301.073675,57404329.77331223,10986186840.216558,10931430949.562456,54755890.65410115,10488157123.84726,10439387955.638447,48769168.20880477,10088273898.535141,10038233973.064995,50039925.47015491,10110651086.562849,10060102165.664507,50548920.89834465
NHG,ccsm4_rcp45_r1i1p1,FORE-SCE-A1B,72,0.3349485858334039,19213658416.658295,19119685206.42003,93973210.23825936,19235085123.185917,19145343428.029778,89741695.15613757,19079915270.56792,18995924656.96995,83990613.5979732,19215584702.310307,19119069274.3405,96515427.96980412,19215584702.310307,19119069274.3405,96515427.96980412
NHG,ccsm4_rcp45_r1i1p1,FORE-SCE-A2,72,0.3349485858334039,19205517053.616566,19121812669.611828,83704384.00473174,19240869986.034065,19160897742.72113,79972243.31293455,19086595247.826626,19011537219.406136,75058028.42048989,19207048735.953156,19121190665.476227,85858070.4769336,19207048735.953156,19121190665.476227,85858070.4769336
NHG,ccsm4_rcp45_r1i1p1,FORE-SCE-B1,72,0.3349485858334039,19200458912.191357,19122926615.01544,77532297.17591578,19218293259.553898,19144906794.835037,73386464.71886283,18997101321.853878,18927588488.472237,69512833.38163626,19201417174.280067,19122319909.008568,79097265.27149758,19201417174.280067,19122319909.008568,79097265.27149758
NHG,ccsm4_rcp45_r1i1p1,GCAM-26,72,0.3349485858334039,19257464921.49364,19113575056.933876,143889864.55976537,19283121280.27804,19148137204.30948,134984075.9685652,19071892530.6282,18943474567.61288,128417963.01531447,19247189298.245205,19107734570.86835,139454727.37685135,19247189298.245205,19107734570.86835,139454727.37685135
NHG,ccsm4_rcp45_r1i1p1,GCAM-45,72,0.3349485858334039,19231348725.70837,19117157839.617092,114190886.0912739,19313206429.879726,19205011271.664604,108195158.21512546,19308326790.667347,19206773280.579025,101553510.08831602,19221796022.607063,19110688922.454845,111107100.15220916,19221796022.607063,19110688922.454845,111107100.15220916
NHG,ccsm4_rcp45_r1i1p1,GCAM-ref,72,0.3349485858334039,19216509488.14517,19120253684.973648,96255803.171529,19237762616.59451,19146093175.959023,91669440.63549381,19082380902.947006,18996753005.50108,85627897.44593357,19218292697.81718,19119626284.481483,98666413.335699,19218292697.81718,19119626284.481483,98666413.335699
NHG,ccsm4_rcp45_r1i1p1,LUCAS-BAU_High-0001,72,0.3349485858334039,19195069401.81233,19124118255.050514,70951146.76181978,19217795477.720047,19150822555.325726,66972922.39432181,19025269514.960163,18961419427.38063,63850087.57952653,19195619421.019863,19123510114.031296,72109306.98857549,19195619421.019863,19123510114.031296,72109306.98857549
NHG,ccsm4_rcp45_r1i1p1,LUCAS-BAU_High-0002,72,0.3349485858334039,19196174951.166485,19123851322.1986,72323628.96789101,19215244996.425262,19147014723.49431,68230272.93095821,19001577670.16619,18936542912.939087,65034757.22710328,19196748334.91736,19123240939.754112,73507395.163241,19196748334.91736,19123240939.754112,73507395.163241
NHG,ccsm4_rcp60_r1i1p1,FORE-SCE-A1B,72,0.3718522564431283,28451207485.522095,28387873335.392876,63334150.12921071,28735901972.344154,28676715871.571167,59186100.772989936,29473175189.85874,29417208987.478394,55966202.3803504,28709000003.16552,28656409944.022423,52590059.14309338,28709000003.16552,28656409944.022423,52590059.14309338
NHG,ccsm4_rcp60_r1i1p1,FORE-SCE-A2,72,0.3718522564431283,28446272429.64157,28390020002.988907,56252426.65265768,28732558540.96138,28679705640.34947,52852900.61191306,29484256646.73178,29433826544.35659,50430102.37519061,28706476361.222786,28659794119.169548,46682242.0532367,28706476361.222786,28659794119.169548,46682242.0532367
NHG,ccsm4_rcp60_r1i1p1,FORE-SCE-B1,72,0.3718522564431283,28446395054.605915,28394426772.767048,51968281.83886581,28451881920.793465,28403623680.652317,48258240.141151376,28328303281.86415,28281835963.22412,46467318.6400312,28713465648.09951,28670388990.257042,43076657.84246146,28713465648.09951,28670388990.257042,43076657.84246146
NHG,ccsm4_rcp60_r1i1p1,GCAM-26,72,0.3718522564431283,28446817372.276917,28348871820.87845,97945551.3984685,28554634875.291847,28465163518.877785,89471356.41406496,28495573224.75029,28409563052.92579,86010171.82449819,28480087248.624077,28398902945.90181,81184302.72226816,28480087248.624077,28398902945.90181,81184302.72226816
NHG,ccsm4_rcp60_r1i1p1,GCAM-45,72,0.3718522564431283,28457650446.729797,28380097634.01184,77552812.71795698,29493670980.298546,29422434358.22884,71236622.06970808,31872319319.18635,31803933280.797066,68386038.38928686,28478110944.177895,28413916919.37664,64194024.8012557,28478110944.177895,28413916919.37664,64194024.8012557
NHG,ccsm4_rcp60_r1i1p1,GCAM-ref,72,0.3718522564431283,28457507175.463715,28391528190.145996,65978985.31771845,28751547588.721497,28690494288.139183,61053300.582317226,29480516549.351624,29422094486.08643,58422063.2651961,28717747698.70398,28662699066.661232,55048632.04274494,28717747698.70398,28662699066.661232,55048632.04274494
NHG,ccsm4_rcp60_r1i1p1,LUCAS-BAU_High-0001,72,0.3718522564431283,28449300091.046646,28401472983.864544,47827107.182099044,28452125097.009773,28408378644.94142,43746452.06835004,28325665619.561104,28283809204.175694,41856415.38541848,28721429609.575447,28681816779.545612,39612830.02983007,28721429609.575447,28681816779.545612,39612830.02983007
NHG,ccsm4_rcp60_r1i1p1,LUCAS-BAU_High-0002,72,0.3718522564431283,28449632483.74297,28400842973.272324,48789510.47064233,28452783733.34793,28408013304.90377,44770428.44415786,28328038803.056007,28285366807.9983,42671995.05771175,28721247332.533127,28680832108.84473,40415223.68839298,28721247332.533127,28680832108.84473,40415223.68839298
NHG,ccsm4_rcp85_r1i1p1,FORE-SCE-A1B,72,0.3967263296220287,24280985751.836586,24174442309.160587,106543442.67599478,24293002911.861053,24191267227.800854,101735684.06019855,24568195237.286816,24461291208.278793,106904029.00801812,24252569904.949753,24143169053.677887,109400851.27186362,24252569904.949753,24143169053.677887,109400851.27186362
NHG,ccsm4_rcp85_r1i1p1,FORE-SCE-A2,72,0.3967263296220287,24267576737.234543,24171336683.36508,96240053.86946647,24276027475.049633,24183730459.48304,92297015.56659415,24563384597.592022,24464636619.747746,98747977.84427796,24240454742.782246,24141731165.7041,98723577.07814787,24240454742.782246,24141731165.7041,98723577.07814787
NHG,ccsm4_rcp85_r1i1p1,FORE-SCE-B1,72,0.3967263296220287,24255310332.693653,24168239586.361893,87070746.33175734,24274120733.258556,24191952780.721287,82167952.5372718,24514459385.431843,24430406232.95422,84053152.47762766,24228040043.492718,24138718923.0651,89321120.42761782,24228040043.492718,24138718923.0651,89321120.42761782
NHG,ccsm4_rcp85_r1i1p1,GCAM-26,72,0.3967263296220287,24356941638.15021,24190861442.410717,166080195.73949984,24400510665.48564,24245561379.020393,154949286.46524248,24604899593.214294,24448878838.24403,156020754.97027084,24366112928.75697,24205869802.68608,160243126.07088935,24366112928.75697,24205869802.68608,160243126.07088935
NHG,ccsm4_rcp85_r1i1p1,GCAM-45,72,0.3967263296220287,24313968896.663467,24184261956.726196,129706939.93726075,24406836256.63505,24284462450.217323,122373806.4177298,24875885579.10301,24754839479.821587,121046099.28142308,24323586322.154785,24198546137.959446,125040184.19533575,24323586322.154785,24198546137.959446,125040184.19533575
NHG,ccsm4_rcp85_r1i1p1,GCAM-ref,72,0.3967263296220287,24279195818.709435,24172921876.510445,106273942.19899182,24311398871.191658,24211164410.820656,100234460.37099817,24591634594.596344,24489313629.004433,102320965.59190789,24250634160.78192,24141663005.09933,108971155.68259199,24250634160.78192,24141663005.09933,108971155.68259199
NHG,ccsm4_rcp85_r1i1p1,LUCAS-BAU_High-0001,72,0.3967263296220287,24248986102.794147,24171627759.72009,77358343.07405664,24287463629.052635,24215461539.10867,72002089.94396377,24529428515.38173,24457562771.35633,71865744.02539706,24213811971.01054,24135187947.458168,78624023.55236888,24213811971.01054,24135187947.458168,78624023.55236888
NHG,ccsm4_rcp85_r1i1p1,LUCAS-BAU_High-0002,72,0.3967263296220287,24245172461.490307,24166654918.392715,78517543.09759255,24275489886.813255,24201877501.446095,73612385.3671585,24504921966.00037,24430831947.61661,74090018.38375726,24215887115.16005,24135605915.306526,80281199.85352583,24215887115.16005,24135605915.306526,80281199.85352583
NHG,cesm1-bgc_rcp45_r1i1p1,FORE-SCE-A1B,72,0.36138777260446775,28077108720.67037,28013993942.611736,63114778.058625504,28334316467.597527,28274237483.32392,60078984.27360832,28087342305.415325,28025696826.84948,61645478.56583923,28486162840.6332,28421676599.993282,64486240.639914,28486162840.6332,28421676599.993282,64486240.639914
NHG,cesm1-bgc_rcp45_r1i1p1,FORE-SCE-A2,72,0.36138777260446775,28070132829.943928,28012955898.04193,57176931.90199959,28332745500.77861,28277729259.810894,55016240.96771229,28092201892.527164,28035389482.451946,56812410.07521441,28479197077.139538,28420597211.003063,58599866.13647413,28479197077.139538,28420597211.003063,58599866.13647413
NHG,cesm1-bgc_rcp45_r1i1p1,FORE-SCE-B1,72,0.36138777260446775,28202501743.660065,28151276369.89894,51225373.76112138,28360015323.61007,28312172395.300385,47842928.30968742,28081680378.652023,28034903979.23744,46776399.414588206,28471063648.971073,28418572295.939087,52491353.03197732,28471063648.971073,28418572295.939087,52491353.03197732
NHG,cesm1-bgc_rcp45_r1i1p1,GCAM-26,72,0.36138777260446775,28115838770.52461,28016708253.652885,99130516.87172273,28464538782.03518,28372287014.87161,92251767.16356552,28174319661.570686,28084075995.092316,90243666.47837132,28611325060.850883,28516848965.029713,94476095.82117607,28611325060.850883,28516848965.029713,94476095.82117607
NHG,cesm1-bgc_rcp45_r1i1p1,GCAM-45,72,0.36138777260446775,28090361429.63412,28013202992.630005,77158437.00411582,28424408897.588573,28351126001.50845,73282896.08012387,28399541286.938778,28329650882.99974,69890403.93904117,28584869383.44968,28511281987.57858,73587395.87109686,28584869383.44968,28511281987.57858,73587395.87109686
NHG,cesm1-bgc_rcp45_r1i1p1,GCAM-ref,72,0.36138777260446775,28076076317.323807,28013400007.11628,62676310.20753022,28337455763.51749,28278354040.81691,59101722.700580634,28107226525.69883,28047863532.825325,59362992.87350319,28484717767.788776,28420727922.45475,63989845.33402767,28484717767.788776,28420727922.45475,63989845.33402767
NHG,cesm1-bgc_rcp45_r1i1p1,LUCAS-BAU_High-0001,72,0.36138777260446775,28191143451.686058,28145965071.755558,45178379.93049994,28358891686.793945,28316843579.894463,42048106.89948921,28070790445.95724,28029507146.314445,41283299.64279146,28462579708.853836,28416436331.436993,46143377.41684486,28462579708.853836,28416436331.436993,46143377.41684486
NHG,cesm1-bgc_rcp45_r1i1p1,LUCAS-BAU_High-0002,72,0.36138777260446775,28195247089.345085,28149303212.95937,45943876.385719165,28352766984.323498,28309960686.171406,42806298.15209184,28074641069.42634,28032740391.377583,41900678.04875517,28463700629.32425,28416636985.599937,47063643.72431804,28463700629.32425,28416636985.599937,47063643.72431804
NHG,cesm1-bgc_rcp85_r1i1p1,FORE-SCE-A1B,72,0.3701258202343868,20592284452.568604,20546881931.6341,45402520.93450869,20994860518.81019,20951456499.85731,43404018.95286995,20945825477.41538,20901542563.31827,44282914.09712172,23456706910.91134,23421038001.126884,35668909.78445352,23456706910.91134,23421038001.126884,35668909.78445352
NHG,cesm1-bgc_rcp85_r1i1p1,FORE-SCE-A2,72,0.3701258202343868,20589666927.568554,20551250768.715836,38416158.852714226,20993876453.491226,20957774240.38971,36102213.101518065,21089413841.678097,21054627151.763725,34786689.91437397,23448593268.395676,23418974751.23886,29618517.15681313,23448593268.395676,23418974751.23886,29618517.15681313
NHG,cesm1-bgc_rcp85_r1i1p1,FORE-SCE-B1,72,0.3701258202343868,20591575176.362488,20555760975.66652,35814200.69597157,20977654671.958557,20945331429.810913,32323242.14764918,21042904910.16064,21012414793.61985,30490116.54079091,23442257321.059265,23413960452.267715,28296868.791547883,23442257321.059265,23413960452.267715,28296868.791547883
NHG,cesm1-bgc_rcp85_r1i1p1,GCAM-26,72,0.3701258202343868,20616761156.558514,20540772277.889744,75988878.66876617,21047083072.175537,20978515374.187695,68567697.98783432,21126466986.22347,21062138776.419376,64328209.80409294,23323578537.68138,23266280490.991116,57298046.69026715,23323578537.68138,23266280490.991116,57298046.69026715
NHG,cesm1-bgc_rcp85_r1i1p1,GCAM-45,72,0.3701258202343868,20572041064.253574,20515393771.898052,56647292.35552299,20997940177.679585,20944335307.12323,53604870.55635492,21055422576.59372,21006302869.929752,49119706.66396485,23305489626.63619,23262667893.06213,42821733.574061885,23305489626.63619,23262667893.06213,42821733.574061885
NHG,cesm1-bgc_rcp85_r1i1p1,GCAM-ref,72,0.3701258202343868,20594169183.47817,20547148485.211555,47020698.26662136,21006038712.825615,20961956506.44713,44082206.37848976,20970813436.920033,20925262678.20997,45550758.71006781,23456170615.286655,23418493384.82112,37677230.465536706,23456170615.286655,23418493384.82112,37677230.465536706
NHG,cesm1-bgc_rcp85_r1i1p1,LUCAS-BAU_High-0001,72,0.3701258202343868,20595848602.957954,20563814820.22852,32033782.729437638,20989485600.76817,20960903411.312355,28582189.45582012,20706518549.833153,20678337993.50762,28180556.32552997,23434072178.600697,23408715657.77314,25356520.82755592,23434072178.600697,23408715657.77314,25356520.82755592
NHG,cesm1-bgc_rcp85_r1i1p1,LUCAS-BAU_High-0002,72,0.3701258202343868,20596003040.159245,20563011669.956184,32991370.203063745,20987681131.15616,20958501180.59745,29179950.55870527,20699490506.9015,20671282875.51669,28207631.384810485,23435483267.618618,23409344396.6055,26138871.013119455,23435483267.618618,23409344396.6055,26138871.013119455
NHG,cesm1-cam5_rcp26_r1i1p1,FORE-SCE-A1B,72,0.3691889748980226,7517731458.319668,7467187218.067478,50544240.252192155,7351536085.515711,7303577014.293434,47959071.22227474,7083527674.242183,7035558995.688007,47968678.55417585,7069868937.590339,7026725425.986036,43143511.60430391,7069874552.081135,7026725425.986036,43149126.0950998
NHG,cesm1-cam5_rcp26_r1i1p1,FORE-SCE-A2,72,0.3691889748980226,7514229814.45124,7469172186.469013,45057627.98222863,7356409814.822863,7314130251.280129,42279563.54272999,7104663947.735167,7062774818.750248,41889128.9849171,7066447998.927727,7028021127.087596,38426871.840130426,7066459193.879095,7028021127.087596,38438066.79149888
NHG,cesm1-cam5_rcp26_r1i1p1,FORE-SCE-B1,72,0.3691889748980226,7510208158.748336,7469266626.932013,40941531.81632317,7351940690.677246,7314358756.515839,37581934.16140684,7100269006.842727,7063121373.89832,37147632.94441003,7063309040.372431,7028413157.94103,34895882.43140355,7063320101.383804,7028413157.94103,34906943.44277691
NHG,cesm1-cam5_rcp26_r1i1p1,GCAM-26,72,0.3691889748980226,7546577872.491963,7467299235.715647,79278636.77631536,7356933872.2678585,7284067880.38386,72865991.88400082,7048512903.592452,6976200708.744123,72312194.84832697,7047089093.987841,6979064050.502203,68025043.48563932,7047111573.89883,6979064050.502203,68047523.39662898
NHG,cesm1-cam5_rcp26_r1i1p1,GCAM-45,72,0.3691889748980226,7534534399.675289,7472775010.4669,61759389.2083881,7353194679.985886,7295675993.65229,57518686.33359658,7063212145.933351,7005631458.79904,57580687.13431047,7034735041.084733,6982078835.499292,52656205.585438326,7034741505.834237,6982078835.499292,52662670.33494256
NHG,cesm1-cam5_rcp26_r1i1p1,GCAM-ref,72,0.3691889748980226,7523618836.182931,7473203803.589568,50415032.593361884,7335924344.287666,7288441367.610302,47482976.6773632,7052321367.632829,7004481915.288315,47839452.34451099,7069212354.9783,7026303216.498643,42909138.4796579,7069218245.6681595,7026303216.498643,42915029.16951721
NHG,cesm1-cam5_rcp26_r1i1p1,LUCAS-BAU_High-0001,72,0.3691889748980226,7508212998.07178,7472060006.018829,36152992.052948974,7362553069.48902,7329685564.285242,32867505.2037769,7111023494.434075,7078280738.241237,32742756.1928353,7060255809.136467,7029684167.305114,30571641.831351873,7060266793.2568245,7029684167.305114,30582625.951709792
NHG,cesm1-cam5_rcp26_r1i1p1,LUCAS-BAU_High-0002,72,0.3691889748980226,7508838379.553779,7471893059.6601095,36945319.893668056,7354650192.717708,7321120333.38888,33529859.3288283,7105648257.306554,7072140795.959889,33507461.34666711,7060656574.076003,7029390607.844028,31265966.231975365,7060667709.407792,7029390607.844028,31277101.563765008
NHG,cesm1-cam5_rcp45_r1i1p1,FORE-SCE-A1B,72,0.39767767918705665,4188127307.2524214,4108639766.3772087,79487540.87521218,4217502267.833365,4137300524.385892,80201743.44747375,4007252412.099135,3925219262.667163,82033149.43197355,3995496758.465774,3905651307.564657,89845450.901117,3995626203.0232034,3905650711.499192,89975491.5240102
NHG,cesm1-cam5_rcp45_r1i1p1,FORE-SCE-A2,72,0.39767767918705665,4178003875.065893,4107661374.9725547,70342500.09334019,4207452347.506779,4136228204.9099464,71224142.59683287,3998104542.392456,3924315147.9687786,73789394.4236779,3984354613.5495806,3904979420.9641495,79375192.58543104,3984451378.5876794,3904978821.8726482,79472556.71503103
NHG,cesm1-cam5_rcp45_r1i1p1,FORE-SCE-B1,72,0.39767767918705665,4173179918.8678274,4107158128.7644706,66021790.10335595,4202981905.752357,4135707364.162585,67274541.58977129,3993774041.3730793,3923899690.0245514,69874351.3485276,3978217346.0412173,3904614925.379094,73602420.66212186,3978273982.442038,3904614375.9664717,73659606.47556622
NHG,cesm1-cam5_rcp45_r1i1p1,GCAM-26,72,0.39767767918705665,4170320266.1030946,4049305388.976693,121014877.12640086,4258027397.6298633,4135764923.313319,122262474.31654462,4025527766.7376924,3901972509.9324613,123555256.80523074,4077012294.8259854,3911504678.255889,165507616.57009694,4077205735.55437,3911504678.255889,165701057.298481
NHG,cesm1-cam5_rcp45_r1i1p1,GCAM-45,72,0.39767767918705665,4143328027.260554,4048111182.7139726,95216844.54658069,4220277284.3695784,4123896005.01164,96381279.35793787,3989588995.102808,3891837255.903023,97751739.19978611,4039918373.269,3909742400.949542,130175972.3194573,4040076428.5598435,3909742400.949542,130334027.6103027
NHG,cesm1-cam5_rcp45_r1i1p1,GCAM-ref,72,0.39767767918705665,4128698426.6106577,4047434813.284176,81263613.32648231,4204464610.1818132,4122981417.303524,81483192.87828913,3974975478.151751,3891265441.7311826,83710036.42056952,3997607737.1906667,3906193225.831817,91414511.35885046,3997761318.2178826,3906191358.981025,91569959.23685706
NHG,cesm1-cam5_rcp45_r1i1p1,LUCAS-BAU_High-0001,72,0.39767767918705665,4166362362.3320546,4106957747.117521,59404615.21453364,4182643796.8161955,4123655011.623249,58988785.192945495,3965722580.3126874,3905756272.0161057,59966308.296581775,3970045840.7401,3904509621.0898237,65536219.65027634,3970129462.083778,3904508332.0285673,65621130.05520985
NHG,cesm1-cam5_rcp45_r1i1p1,LUCAS-BAU_High-0002,72,0.39767767918705665,4167748445.126959,4107061708.5834303,60686736.54352865,4184357879.599913,4123756369.198032,60601510.401882045,3967820777.665994,3905827286.922865,61993490.7431294,3971647990.531295,3904580182.4998507,67067808.031444,3971718150.209254,3904578894.295601,67139255.91365342
NHG,cesm1-cam5_rcp60_r1i1p1,FORE-SCE-A1B,72,0.34210777818010524,5364814747.006862,5284957346.557503,79857400.44935875,5422986849.46304,5345770284.467369,77216564.99567166,6218225990.547612,6144817091.16467,73408899.38294408,5889500265.480898,5817627353.970895,71872911.51000425,5889500265.480898,5817627353.970895,71872911.51000425
NHG,cesm1-cam5_rcp60_r1i1p1,FORE-SCE-A2,72,0.34210777818010524,5307227015.894988,5236522151.655317,70704864.23967041,5373065318.58718,5304742187.399053,68323131.18812732,6176472079.106266,6111598166.236667,64873912.869599305,5886215265.337091,5822788771.460358,63426493.87673269,5886215265.337091,5822788771.460358,63426493.87673269
NHG,cesm1-cam5_rcp60_r1i1p1,FORE-SCE-B1,72,0.34210777818010524,5302037399.81003,5236613362.177427,65424037.632601805,5369236668.906648,5305577924.436014,63658744.470628895,6178969158.431058,6118829592.55264,60139565.87841543,5883605331.649632,5824900715.935837,58704615.71379682,5883605331.649632,5824900715.935837,58704615.71379682
NHG,cesm1-cam5_rcp60_r1i1p1,GCAM-26,72,0.34210777818010524,5159945255.25026,5038387257.77848,121557997.47178067,5432812554.492195,5315819087.44352,116993467.04867563,6259512147.770702,6146226342.979486,113285804.79121482,5967931745.417155,5857765224.028167,110166521.38898838,5967931745.417155,5857765224.028167,110166521.38898838
NHG,cesm1-cam5_rcp60_r1i1p1,GCAM-45,72,0.34210777818010524,5379469589.395622,5283277417.198923,96192172.19669847,5461787573.820379,5368487630.955136,93299942.8652424,6271737995.525416,6182241560.7871475,89496434.7382682,5955268270.699534,5868178431.187122,87089839.5124122,5955268270.699534,5868178431.187122,87089839.5124122
NHG,cesm1-cam5_rcp60_r1i1p1,GCAM-ref,72,0.34210777818010524,5365141030.080365,5284118521.179799,81022508.90056522,5422006732.500371,5343634816.504114,78371915.9962556,6219142118.01274,6144633030.755818,74509087.25692339,5889766112.616852,5816694220.183791,73071892.43306172,5889766112.616852,5816694220.183791,73071892.43306172
NHG,cesm1-cam5_rcp60_r1i1p1,LUCAS-BAU_High-0001,72,0.34210777818010524,5296394123.000927,5237601624.856461,58792498.1444666,5372282994.04381,5315807141.105789,56475852.938018695,6148168965.832195,6093918745.629086,54250220.20311015,5881701006.739459,5828984678.914576,52716327.82488397,5881701006.739459,5828984678.914576,52716327.82488397
NHG,cesm1-cam5_rcp60_r1i1p1,LUCAS-BAU_High-0002,72,0.34210777818010524,5296785471.801002,5236786364.338892,59999107.4621096,5363949269.84483,5305899968.46264,58049301.382190466,6177427540.593148,6122054673.184961,55372867.40818823,5882032369.296697,5828165709.296597,53866660.000101775,5882032369.296697,5828165709.296597,53866660.000101775
NHG,cesm1-cam5_rcp85_r1i1p1,FORE-SCE-A1B,72,0.3591669408204001,44273681032.038795,44172159243.54241,101521788.49640565,44233880681.763176,44138268903.142975,95611778.62019639,44175966580.66177,44072737075.17639,103229505.48539133,43949956454.70596,43866349972.34385,83606482.3621263,43949956454.70596,43866349972.34385,83606482.3621263
NHG,cesm1-cam5_rcp85_r1i1p1,FORE-SCE-A2,72,0.3591669408204001,44264885881.141914,44173660286.53732,91225594.60460241,44254857790.83218,44169580406.2992,85277384.53295068,44246260061.47429,44154931854.43495,91328207.03934148,43943664478.778824,43868871996.54616,74792482.23266746,43943664478.778824,43868871996.54616,74792482.23266746
NHG,cesm1-cam5_rcp85_r1i1p1,FORE-SCE-B1,72,0.3591669408204001,44258508748.841095,44175690326.816986,82818422.02409454,44236892949.41181,44162371745.549835,74521203.86199044,44172029286.385895,44096493518.44184,75535767.94405279,43940833928.7329,43872847617.56146,67986311.17143896,43940833928.7329,43872847617.56146,67986311.17143896
NHG,cesm1-cam5_rcp85_r1i1p1,GCAM-26,72,0.3591669408204001,44327556200.87608,44167872223.08956,159683977.78652748,44328565251.38771,44182149026.390335,146416224.99737266,44294948975.67376,44147657727.61794,147291248.05581972,43923681843.53679,43791523241.00893,132158602.5278727,43923681843.53679,43791523241.00893,132158602.5278727
NHG,cesm1-cam5_rcp85_r1i1p1,GCAM-45,72,0.3591669408204001,44293441638.920685,44170062233.708374,123379405.2123027,44300819941.70663,44184422749.43681,116397192.26982881,44372135436.1933,44252412751.546814,119722684.64648455,43899031362.945,43797365353.07693,101666009.86806956,43899031362.945,43797365353.07693,101666009.86806956
NHG,cesm1-cam5_rcp85_r1i1p1,GCAM-ref,72,0.3591669408204001,44274963238.44237,44174590359.15219,100372879.29015969,44190245033.37222,44096115314.53222,94129718.84000978,44037745008.452286,43934802039.26441,102942969.18788674,43952920177.59672,43869901073.513405,83019104.08332826,43952920177.59672,43869901073.513405,83019104.08332826
NHG,cesm1-cam5_rcp85_r1i1p1,LUCAS-BAU_High-0001,72,0.3591669408204001,44248448607.988434,44176669422.20215,71779185.78628844,44215651928.55249,44150437402.76014,65214525.79236166,44117447727.90276,44050927619.32297,66520108.57980069,43934634110.71518,43875774511.6917,58859599.02347628,43934634110.71518,43875774511.6917,58859599.02347628
NHG,cesm1-cam5_rcp85_r1i1p1,LUCAS-BAU_High-0002,72,0.3591669408204001,44249996168.19705,44176489597.86664,73506570.33041872,44216841916.710464,44150246832.46205,66595084.24843245,44118619510.516846,44050766751.00603,67852759.51079944,43935697492.8025,43875360835.72986,60336657.07264788,43935697492.8025,43875360835.72986,60336657.07264788
NHG,cmcc-cm_rcp45_r1i1p1,FORE-SCE-A1B,72,0.43212072727381506,134987831.87718266,52697514.284178756,82290317.59300393,344145863.2244403,296064864.2242564,48080999.00018379,2070553399.4017417,2053208207.7771494,17345191.62459227,1963170283.1736658,1950172279.329289,12998003.84437725,1603567198.5801277,1573142289.4105968,30424909.169531338
NHG,cmcc-cm_rcp45_r1i1p1,FORE-SCE-A2,72,0.43212072727381506,124995966.11543031,52156843.60986197,72839122.50556836,328345408.3761297,285624423.0360109,42720985.34011881,2025817037.2737198,2010927894.592954,14889142.680766085,2028403900.614889,2017052376.577907,11351524.036981395,1623383378.1819937,1597422914.1182935,25960464.06370051
NHG,cmcc-cm_rcp45_r1i1p1,FORE-SCE-B1,72,0.43212072727381506,118827402.11406691,52095451.1557844,66731950.958282515,324794256.33646214,285983034.9959122,38811221.3405499,2031235442.0983016,2017881413.5646403,13354028.533662003,2033069972.875311,2022943676.7734296,10126296.101880895,1626666437.8256462,1603720198.3501265,22946239.475519516
NHG,cmcc-cm_rcp45_r1i1p1,GCAM-26,72,0.43212072727381506,182472744.10094362,53819812.06388281,128652932.03706083,440685951.62873185,361127704.02298754,79558247.60574417,1694285206.1649718,1662414035.7305074,31871170.434464086,1793911996.3538673,1765904473.1388216,28007523.215045042,1859319728.030339,1805380746.6912484,53938981.339090616
NHG,cmcc-cm_rcp45_r1i1p1,GCAM-45,72,0.43212072727381506,153071420.16198453,53252782.69175651,99818637.47022806,369697240.2371851,309385359.64232814,60311880.59485705,1989878442.048753,1967449126.4536798,22429315.595073022,2159329007.6398582,2137731711.974986,21597295.66487208,1909634725.9777818,1870759674.3286529,38875051.64912888
NHG,cmcc-cm_rcp45_r1i1p1,GCAM-ref,72,0.43212072727381506,134974223.18064946,52879736.29007538,82094486.89057405,358586462.5774585,310397988.88539624,48188473.692062214,2007813455.1155427,1990336063.7231364,17477391.392406173,1964314505.7357779,1951285180.0342257,13029325.701552287,1591756877.8065445,1561399929.8040032,30356948.00254152
NHG,cmcc-cm_rcp45_r1i1p1,LUCAS-BAU_High-0001,72,0.43212072727381506,110881198.90652762,52010481.69930509,58870717.20722251,348661521.33255464,314391151.7785962,34270369.553958304,1743004063.5756545,1731557483.9224844,11446579.653169613,1833056096.532338,1823885705.6046581,9170390.927679606,1640780280.990294,1620898131.516231,19882149.4740626
NHG,cmcc-cm_rcp45_r1i1p1,LUCAS-BAU_High-0002,72,0.43212072727381506,112238122.75513025,52058490.185333356,60179632.56979689,349381433.40813965,314245308.5685303,35136124.839609414,1740319762.079925,1728570313.1715467,11749448.9083783,1830952010.159482,1821574580.4136174,9377429.745864842,1638113736.0530112,1617690135.024192,20423601.028818842
NHG,cmcc-cm_rcp85_r1i1p1,FORE-SCE-A1B,72,0.44216812414190215,125404850.1278291,0.0,125404850.1278291,118085856.85499173,0.0,118085856.85499173,145428833.79309338,57855395.004203826,87573438.78888959,365518723.0616094,270252318.0926813,95266404.96892817,269389648.583817,243013833.1190039,26375815.46481309
NHG,cmcc-cm_rcp85_r1i1p1,FORE-SCE-A2,72,0.44216812414190215,115729254.7994673,0.0,115729254.7994673,109347032.7227566,0.0,109347032.7227566,138199638.72591338,57355970.46995608,80843668.25595729,358197352.90898144,269212355.37050414,88984997.53847738,266604577.72973517,243033706.49182087,23570871.237914283
NHG,cmcc-cm_rcp85_r1i1p1,FORE-SCE-B1,72,0.44216812414190215,103559688.72410327,0.0,103559688.72410327,98045298.25715482,0.0,98045298.25715482,127888905.24773501,57279949.774167836,70608955.47356716,347544431.4297119,269009139.13970256,78535292.2900093,263318721.8741466,243040405.25882137,20278316.615325186
NHG,cmcc-cm_rcp85_r1i1p1,GCAM-26,72,0.44216812414190215,192860933.14799014,0.0,192860933.14799014,181704818.1157866,0.0,181704818.1157866,275346122.0863721,133872693.50005153,141473428.58632064,457184952.9222013,302014049.7218188,155170903.20038262,274441553.2887766,225864842.158618,48576711.130158655
NHG,cmcc-cm_rcp85_r1i1p1,GCAM-45,72,0.44216812414190215,151319521.5042852,0.0,151319521.5042852,141788555.5183113,0.0,141788555.5183113,161528667.8382951,53312368.23181917,108216299.60647592,372029490.36783445,248470871.2284575,123558619.13937713,260897470.80654928,226603920.17939284,34293550.62715644
NHG,cmcc-cm_rcp85_r1i1p1,GCAM-ref,72,0.44216812414190215,123182175.69394368,0.0,123182175.69394368,115224618.31730828,0.0,115224618.31730828,137158681.65813836,52960886.94756836,84197794.71057001,362694960.0277384,270511004.917257,92183955.11048141,268948836.57504153,242988727.0477955,25960109.52724605
NHG,cmcc-cm_rcp85_r1i1p1,LUCAS-BAU_High-0001,72,0.44216812414190215,90345455.58082837,0.0,90345455.58082837,85637600.6675837,0.0,85637600.6675837,163604640.78880662,103391513.19055709,60213127.59824954,397209117.98498875,327765555.57551455,69443562.40947427,259675334.43312398,243037254.2943427,16638080.13878129
NHG,cmcc-cm_rcp85_r1i1p1,LUCAS-BAU_High-0002,72,0.44216812414190215,92070705.41772401,0.0,92070705.41772401,87183471.54254784,0.0,87183471.54254784,164987630.9128959,103504138.50613114,61483492.406764686,398159044.2609954,327941651.078351,70217393.18264438,260143001.20922393,243045615.05685234,17097386.15237168
NHG,cnrm-cm5_rcp45_r1i1p1,FORE-SCE-A1B,72,0.3263752533202923,36676349009.84997,36634865462.719345,41483547.13060417,36867912030.588455,36826619305.26862,41292725.31983879,38124147874.05271,38081826877.57654,42320996.47618059,36760196253.934494,36718786420.69231,41409833.24219075,36760196253.934494,36718786420.69231,41409833.24219075
NHG,cnrm-cm5_rcp45_r1i1p1,FORE-SCE-A2,72,0.3263752533202923,36779346591.114,36743082828.39249,36263762.72151124,36688570862.15024,36653279250.309074,35291611.841168515,36958694658.72717,36922373616.28486,36321042.44232619,36762994880.35906,36726729654.21261,36265226.14648845,36762994880.35906,36726729654.21261,36265226.14648845
NHG,cnrm-cm5_rcp45_r1i1p1,FORE-SCE-B1,72,0.3263752533202923,36779924241.653755,36747186341.23758,32737900.41618046,36688707299.17519,36658196665.1509,30510634.024285693,36955124246.20693,36924558436.48723,30565809.71970098,36763605519.13804,36730702310.45435,32903208.683680926,36763605519.13804,36730702310.45435,32903208.683680926
NHG,cnrm-cm5_rcp45_r1i1p1,GCAM-26,72,0.3263752533202923,36626857203.23685,36557917609.52792,68939593.70890489,36939608274.10814,36871439601.61686,68168672.49126503,37206404552.876785,37142694920.89247,63709631.98432246,36524204495.54686,36465221241.01876,58983254.52809998,36524204495.54686,36465221241.01876,58983254.52809998
NHG,cnrm-cm5_rcp45_r1i1p1,GCAM-45,72,0.3263752533202923,36675765540.57967,36623597250.158066,52168290.421626255,36942851888.21584,36888237522.83627,54614365.37957283,38168469879.06961,38114636741.8232,53833137.24638452,36519315372.29061,36474390653.22223,44924719.068383835,36519315372.29061,36474390653.22223,44924719.068383835
NHG,cnrm-cm5_rcp45_r1i1p1,GCAM-ref,72,0.3263752533202923,36677033689.17569,36634651196.5582,42382492.61749167,36869205514.39902,36826691468.257484,42514046.141521364,38132774866.45152,38088605546.7302,44169319.72131914,36760122492.23503,36717659063.68191,42463428.55311644,36760122492.23503,36717659063.68191,42463428.55311644
NHG,cnrm-cm5_rcp45_r1i1p1,LUCAS-BAU_High-0001,72,0.3263752533202923,36782796727.29445,36753526003.04511,29270724.249349438,36711454915.09913,36683483574.87251,27971340.226606805,37179586676.246445,37150927918.14694,28658758.099491496,36767423941.69435,36737955626.48512,29468315.209209356,36767423941.69435,36737955626.48512,29468315.209209356
NHG,cnrm-cm5_rcp45_r1i1p1,LUCAS-BAU_High-0002,72,0.3263752533202923,36782231847.09283,36752274015.27921,29957831.813615143,36695145139.2846,36666642476.79234,28502662.492257632,37120019819.44018,37090927177.03557,29092642.40461607,36766792562.9147,36736638423.61493,30154139.29976524,36766792562.9147,36736638423.61493,30154139.29976524
NHG,cnrm-cm5_rcp85_r1i1p1,FORE-SCE-A1B,72,0.30270030221271976,72563792427.9212,72491413890.47168,72378537.44954936,72900569795.15308,72815802598.4242,84767196.72891185,73182830040.56096,73096119375.63002,86710664.93092634,72520314225.19962,72447446243.56909,72867981.63055187,72520314225.19962,72447446243.56909,72867981.63055187
NHG,cnrm-cm5_rcp85_r1i1p1,FORE-SCE-A2,72,0.30270030221271976,72783201610.83748,72719115208.0312,64086402.8062353,72741015681.81596,72666087612.13045,74928069.68548419,73052725661.59888,72974018568.01558,78707093.58329977,72520189863.00853,72455519767.20297,64670095.80556093,72520189863.00853,72455519767.20297,64670095.80556093
NHG,cnrm-cm5_rcp85_r1i1p1,FORE-SCE-B1,72,0.30270030221271976,72774175947.06425,72715874488.66026,58301458.4039979,72745051187.77702,72676579126.2977,68472061.47934043,73025397594.02538,72951666695.18402,73730898.84135753,72514820588.90123,72455873285.69902,58947303.20218914,72514820588.90123,72455873285.69902,58947303.20218914
NHG,cnrm-cm5_rcp85_r1i1p1,GCAM-26,72,0.30270030221271976,72363077617.02121,72243984699.22179,119092917.79941067,73110150126.0378,72965292758.18625,144857367.85157436,72727336681.38646,72575287698.39255,152048982.993891,72193777794.8671,72087756835.50946,106020959.35761735,72193777794.8671,72087756835.50946,106020959.35761735
NHG,cnrm-cm5_rcp85_r1i1p1,GCAM-45,72,0.30270030221271976,72580520569.01744,72490615588.2848,89904980.73261845,73280239215.1837,73166167208.85382,114072006.32990092,72982426251.84128,72865824879.97292,116601371.86835247,72164001205.91406,72082669084.17706,81332121.73697565,72164001205.91406,72082669084.17706,81332121.73697565
NHG,cnrm-cm5_rcp85_r1i1p1,GCAM-ref,72,0.30270030221271976,72561748917.92665,72488782017.70988,72966900.2167535,72984475458.34908,72899336333.7859,85139124.56317729,72864524125.75761,72779012111.48253,85512014.27509466,72517311976.98558,72443807312.445,73504664.54053628,72517311976.98558,72443807312.445,73504664.54053628
NHG,cnrm-cm5_rcp85_r1i1p1,LUCAS-BAU_High-0001,72,0.30270030221271976,72637722568.6585,72587147555.62466,50575013.03384859,72688785055.12779,72629283383.65353,59501671.47423345,72380090027.13487,72316399092.43588,63690934.69897496,72512399300.88866,72461088537.50882,51310763.37985829,72512399300.88866,72461088537.50882,51310763.37985829
NHG,cnrm-cm5_rcp85_r1i1p1,LUCAS-BAU_High-0002,72,0.30270030221271976,72781343323.54031,72730051898.54683,51291424.99347967,72686714608.79448,72625845153.88545,60869454.90901273,72299087203.49525,72234736879.13385,64350324.36137634,72512579520.7421,72460085617.21622,52493903.52592216,72512579520.7421,72460085617.21622,52493903.52592216
NHG,csiro-mk3-6-0_rcp26_r1i1p1,FORE-SCE-A1B,72,0.37275115204218906,9148798241.144236,9055124673.580036,93673567.56420296,9443373804.065939,9354162260.303585,89211543.76235643,9880659392.251635,9794813942.276514,85845449.97511809,8979085610.033085,8883680854.1089,95404755.92418657,8979085610.033085,8883680854.1089,95404755.92418657
NHG,csiro-mk3-6-0_rcp26_r1i1p1,FORE-SCE-A2,72,0.37275115204218906,9143446131.004341,9060172455.82688,83273675.17746425,9433937356.107649,9354480322.2985,79457033.80914585,9859947018.213057,9782994631.838505,76952386.37454632,8973616381.880121,8888800066.681837,84816315.19828711,8973616381.880121,8888800066.681837,84816315.19828711
NHG,csiro-mk3-6-0_rcp26_r1i1p1,FORE-SCE-B1,72,0.37275115204218906,9144474699.30596,9067810699.368282,76663999.93767697,9437976060.323833,9364932262.411476,73043797.91235268,9853537523.652971,9782699903.932304,70837619.72066896,8974506662.257545,8896608059.072641,77898603.18490425,8974506662.257545,8896608059.072641,77898603.18490425
NHG,csiro-mk3-6-0_rcp26_r1i1p1,GCAM-26,72,0.37275115204218906,9141931996.11681,8999222426.27266,142709569.84415057,9630672348.208138,9494172570.424236,136499777.78389964,10898536201.969816,10763476559.009998,135059642.9598195,9188790698.499987,9050989973.295887,137800725.20409968,9188790698.499987,9050989973.295887,137800725.20409968
NHG,csiro-mk3-6-0_rcp26_r1i1p1,GCAM-45,72,0.37275115204218906,9128301939.190128,9014754796.862549,113547142.3275796,9478067716.885557,9369641579.774738,108426137.11081456,9770125751.294468,9664370697.29668,105755053.99778898,9175016877.601376,9065501728.238764,109515149.36261168,9175016877.601376,9065501728.238764,109515149.36261168
NHG,csiro-mk3-6-0_rcp26_r1i1p1,GCAM-ref,72,0.37275115204218906,9082879896.571783,8988246130.38793,94633766.18385376,9424767567.677013,9334697342.830603,90070224.84641285,9733740580.41093,9647238873.629187,86501706.7817457,8981652178.640564,8885473607.181969,96178571.45859441,8981652178.640564,8885473607.181969,96178571.45859441
NHG,csiro-mk3-6-0_rcp26_r1i1p1,LUCAS-BAU_High-0001,72,0.37275115204218906,9143969656.727907,9074826456.782812,69143199.94509001,9438061788.994736,9372023414.612173,66038374.38256215,9845501376.24222,9781612262.810564,63889113.43165387,8973940185.535604,8903822317.910881,70117867.62472016,8973940185.535604,8903822317.910881,70117867.62472016
NHG,csiro-mk3-6-0_rcp26_r1i1p1,LUCAS-BAU_High-0002,72,0.37275115204218906,9144530069.771412,9073852882.60037,70677187.17104149,9438557182.921976,9371080823.338343,67476359.58363248,9846870767.06102,9781588899.259771,65281867.801249504,8974484000.0028,8902824975.178383,71659024.8244198,8974484000.0028,8902824975.178383,71659024.8244198
NHG,csiro-mk3-6-0_rcp45_r1i1p1,FORE-SCE-A1B,72,0.3531492765130644,1164512007.1919782,1064590522.0287693,99921485.16320853,1182175366.106796,1077739072.583199,104436293.52359757,872201685.9263165,768324485.7154176,103877200.2108987,809269551.9672773,712982713.1312981,96286838.83597891,807728613.5604665,710890685.1942947,96837928.36617196
NHG,csiro-mk3-6-0_rcp45_r1i1p1,FORE-SCE-A2,72,0.3531492765130644,1153484766.768651,1063899048.1579617,89585718.61068957,1161553808.6947687,1067927588.437372,93626220.2573966,873641284.2906132,784388630.6676108,89252653.62300235,795480001.2322011,709082641.9085217,86397359.32367969,799454402.1318054,712561115.9204462,86893286.21135929
NHG,csiro-mk3-6-0_rcp45_r1i1p1,FORE-SCE-B1,72,0.3531492765130644,1145165049.8907306,1063512638.2405171,81652411.65021333,1154142499.0038204,1067550126.290615,86592372.71320537,867644958.6072221,785759118.214026,81885840.39319608,789219918.7151321,710605571.7070988,78614347.00803326,793097409.7306935,714084429.5905912,79012980.14010227
NHG,csiro-mk3-6-0_rcp45_r1i1p1,GCAM-26,72,0.3531492765130644,1218560422.6858742,1066778793.9255,151781628.760374,1224452091.7271316,1067729500.2004265,156722591.5267051,923223963.4811146,774173544.4403003,149050419.0408145,860942297.2672168,710233959.8204811,150708337.44673598,858074737.1443024,705909070.056689,152165667.08761346
NHG,csiro-mk3-6-0_rcp45_r1i1p1,GCAM-45,72,0.3531492765130644,1186467006.589518,1065721904.6842986,120745101.90521955,1168736210.0819921,1043244063.6138306,125492146.46816133,913604649.2998575,789144175.4213297,124460473.87852801,833187183.1529068,713750347.4092472,119436835.74365982,831894101.4276345,711193049.044888,120701052.38274668
NHG,csiro-mk3-6-0_rcp45_r1i1p1,GCAM-ref,72,0.3531492765130644,1165604720.8262265,1064954802.1378938,100649918.68833236,1160038381.998416,1054989475.4172018,105048906.58121425,877340858.6356329,772601847.788453,104739010.84717995,809339665.0536416,712916819.9012983,96422845.15234338,808206750.2070016,710824802.0423872,97381948.16461416
NHG,csiro-mk3-6-0_rcp45_r1i1p1,LUCAS-BAU_High-0001,72,0.3531492765130644,1137233190.7173975,1063421363.8012391,73811826.9161586,1144509582.9183767,1068297722.2034235,76211860.71495375,857753072.5454669,784684662.2533079,73068410.29215896,787674831.659819,716934316.0846643,70740515.57515465,788139043.6133868,716934316.0846643,71204727.52872257
NHG,csiro-mk3-6-0_rcp45_r1i1p1,LUCAS-BAU_High-0002,72,0.3531492765130644,1138715414.3409033,1063469617.8009831,75245796.53991988,1145707480.2855651,1067349866.0712937,78357614.21427108,863112856.0601277,788270123.1364739,74842732.92365396,785200170.8361694,713054413.2146096,72145757.62155946,789135562.0502143,716533889.1356671,72601672.91454732
NHG,csiro-mk3-6-0_rcp60_r1i1p1,FORE-SCE-A1B,72,0.32321870657587454,2552148955.0457025,2484480837.915723,67668117.12997988,2706985877.1783357,2639429083.633498,67556793.54483725,2707991916.02924,2639588934.437066,68402981.59217267,2745571665.4031262,2687087408.0196977,58484257.38342764,2759864404.1301413,2698227126.416521,61637277.713619776
NHG,csiro-mk3-6-0_rcp60_r1i1p1,FORE-SCE-A2,72,0.32321870657587454,2546560676.4365554,2486401514.880447,60159161.55610818,2685901135.1678653,2625578605.5001717,60322529.66769333,2684250706.6863437,2622384385.8520794,61866320.834263325,2751701405.759888,2698741481.592505,52959924.16738219,2760038546.7213593,2705305618.966389,54732927.75496902
NHG,csiro-mk3-6-0_rcp60_r1i1p1,FORE-SCE-B1,72,0.32321870657587454,2541794013.368511,2486503729.443286,55290283.92522522,2682350051.445894,2625836127.002881,56513924.44301228,2681913229.584744,2622803479.8118258,59109749.77291874,2747222744.1735907,2699196155.054372,48026589.11921878,2755513972.5577955,2705760606.5958853,49753365.961911775
NHG,csiro-mk3-6-0_rcp60_r1i1p1,GCAM-26,72,0.32321870657587454,2586150456.113705,2481057424.1418962,105093031.97180925,2724569985.172792,2621171882.17388,103398102.99891175,2732509783.126294,2628942551.2662373,103567231.8600574,2795171843.0111976,2699267087.3979864,95904755.61321059,2794899331.0373697,2694740832.040068,100158498.99730112
NHG,csiro-mk3-6-0_rcp60_r1i1p1,GCAM-45,72,0.32321870657587454,2564713032.103989,2482903292.8794813,81809739.22450767,2707047995.5462327,2626084854.38338,80963141.16285054,2699447445.7870936,2620214592.0220475,79232853.76504686,2771866348.6437397,2697670082.5328445,74196266.1108958,2778444472.4250417,2700476056.4915423,77968415.9335023
NHG,csiro-mk3-6-0_rcp60_r1i1p1,GCAM-ref,72,0.32321870657587454,2551720802.8492856,2484143631.7263575,67577171.12292948,2705946546.373383,2638578647.1619744,67367899.21140936,2705228924.72903,2638274338.9626093,66954585.76642083,2743511489.916937,2685609818.5623965,57901671.35454101,2758218657.775644,2696747978.9310975,61470678.84454442
NHG,csiro-mk3-6-0_rcp60_r1i1p1,LUCAS-BAU_High-0001,72,0.32321870657587454,2535860242.3548756,2486864993.29968,48995249.055195495,2675472426.2458034,2626350779.1943226,49121647.05148138,2671307717.576713,2623469156.9377646,47838560.63894883,2742323897.2603936,2699969118.3051004,42354778.95529373,2750643102.406937,2706534514.1930747,44108588.213863984
NHG,csiro-mk3-6-0_rcp60_r1i1p1,LUCAS-BAU_High-0002,72,0.32321870657587454,2536695279.53683,2486627770.1051984,50067509.43163399,2676236287.491985,2625920090.628998,50316196.86298757,2672478487.3536906,2622840873.8990364,49637613.45465148,2742575244.277434,2699266018.5372353,43309225.740198515,2750911131.6283193,2705830755.3389764,45080376.2893435
NHG,csiro-mk3-6-0_rcp85_r1i1p1,FORE-SCE-A1B,72,0.42147721289009465,24511880986.04141,24415267826.56063,96613159.48077284,24847702370.965435,24758048946.32817,89653424.63728021,24954888434.199337,24868944554.79968,85943879.39965056,24340808397.377876,24261655045.264835,79153352.1130591,24340808397.377876,24261655045.264835,79153352.1130591
NHG,csiro-mk3-6-0_rcp85_r1i1p1,FORE-SCE-A2,72,0.42147721289009465,24642638401.214443,24556628903.639145,86009497.57531783,24846630976.637638,24767000094.575485,79630882.06215075,24988424296.71985,24911910043.04327,76514253.67658648,24334358804.376896,24263979374.7614,70379429.61549787,24334358804.376896,24263979374.7614,70379429.61549787
NHG,csiro-mk3-6-0_rcp85_r1i1p1,FORE-SCE-B1,72,0.42147721289009465,24634058162.92852,24555432654.328106,78625508.6004114,24767833237.628235,24695812215.267986,72021022.36023451,24340176651.165188,24270806281.413338,69370369.7518431,24331310797.904438,24267033732.311817,64277065.592603445,24331310797.904438,24267033732.311817,64277065.592603445
NHG,csiro-mk3-6-0_rcp85_r1i1p1,GCAM-26,72,0.42147721289009465,24570173064.052532,24419536759.500553,150636304.5519862,24953849128.09816,24813290523.359097,140558604.73905542,25044021799.73704,24909138162.962105,134883636.77492175,24023849881.74666,23898729208.821217,125120672.92544195,24023849881.74666,23898729208.821217,125120672.92544195
NHG,csiro-mk3-6-0_rcp85_r1i1p1,GCAM-45,72,0.42147721289009465,24535208125.34865,24417174604.39195,118033520.9566944,25135247263.14517,25024528712.238228,110718550.90693945,27598789568.005447,27489345976.273033,109443591.73240104,23994654006.34557,23897591634.094524,97062372.25103356,23994654006.34557,23897591634.094524,97062372.25103356
NHG,csiro-mk3-6-0_rcp85_r1i1p1,GCAM-ref,72,0.42147721289009465,24512108880.739944,24414547297.332066,97561583.407879,24772585343.87865,24681528986.734806,91056357.14385422,24286020322.28969,24198932985.210926,87087337.07875495,24344083613.8771,24263723480.35765,80360133.51944679,24344083613.8771,24263723480.35765,80360133.51944679
NHG,csiro-mk3-6-0_rcp85_r1i1p1,LUCAS-BAU_High-0001,72,0.42147721289009465,24623847367.660793,24554139227.545708,69708140.1150862,24762542935.064075,24698361056.246895,64181878.8171909,24355072377.781174,24292873399.220272,62198978.56090024,24326639708.198696,24269459501.92466,57180206.274032205,24326639708.198696,24269459501.92466,57180206.274032205
NHG,csiro-mk3-6-0_rcp85_r1i1p1,LUCAS-BAU_High-0002,72,0.42147721289009465,24625307297.85242,24554217547.54341,71089750.3090166,24759313745.899513,24693846011.46374,65467734.435776554,24331233347.52014,24267776026.088295,63457321.431849614,24327390004.91213,24269017841.233795,58372163.67832739,24327390004.91213,24269017841.233795,58372163.67832739
NHG,fgoals-g2_rcp26_r1i1p1,FORE-SCE-A1B,72,0.38146159586477396,41533469.021801725,0.0,41533469.021801725,39626363.87947829,0.0,39626363.87947829,33312619.977340043,0.0,33312619.977340043,1234870504.3407733,1218712200.56142,16158303.779353164,1651190438.0463254,1636010000.0000024,15180438.046322782
NHG,fgoals-g2_rcp26_r1i1p1,FORE-SCE-A2,72,0.38146159586477396,36551477.06429868,0.0,36551477.06429868,34600627.102404915,0.0,34600627.102404915,28828396.680799868,0.0,28828396.680799868,1289304461.7672775,1276143405.716179,13161056.051098542,1648317929.4184856,1636009999.9999995,12307929.41848581
NHG,fgoals-g2_rcp26_r1i1p1,FORE-SCE-B1,72,0.38146159586477396,33508361.216838453,0.0,33508361.216838453,32576219.549987823,0.0,32576219.549987823,27147482.62810488,0.0,27147482.62810488,1292026227.4511254,1279921942.2258518,12104285.225273624,1647351775.665867,1636010000.0000024,11341775.665865174
NHG,fgoals-g2_rcp26_r1i1p1,GCAM-26,72,0.38146159586477396,65932515.03875513,0.0,65932515.03875513,63528665.17444619,0.0,63528665.17444619,52948343.57383463,0.0,52948343.57383463,1182998563.9502847,1151812235.5203402,31186328.429944415,1707806669.2481189,1680640392.944554,27166276.30356478
NHG,fgoals-g2_rcp26_r1i1p1,GCAM-45,72,0.38146159586477396,50748236.49072946,0.0,50748236.49072946,48482450.05314801,0.0,48482450.05314801,40810395.26472192,0.0,40810395.26472192,1286966349.8783474,1264206399.1122022,22759950.76614574,1837037041.5867527,1817602548.4441655,19434493.14258747
NHG,fgoals-g2_rcp26_r1i1p1,GCAM-ref,72,0.38146159586477396,41829313.94588861,0.0,41829313.94588861,39757988.24887967,0.0,39757988.24887967,33409349.260962073,0.0,33409349.260962073,1220601899.855679,1203916205.9380577,16685693.917621087,1646730850.7372382,1631010600.7938087,15720249.943429809
NHG,fgoals-g2_rcp26_r1i1p1,LUCAS-BAU_High-0001,72,0.38146159586477396,29619156.133856352,0.0,29619156.133856352,28382896.727350168,0.0,28382896.727350168,23437936.155931845,0.0,23437936.155931845,1302394755.2988431,1291977417.2682612,10417338.03058131,1645797165.2254343,1636010000.0000012,9787165.225433316
NHG,fgoals-g2_rcp26_r1i1p1,LUCAS-BAU_High-0002,72,0.38146159586477396,30341077.797708236,0.0,30341077.797708236,29240785.88074639,0.0,29240785.88074639,24190887.18760933,0.0,24190887.18760933,1296608706.5788875,1285803710.1707277,10804996.40816008,1646161974.2470238,1636010000.0000014,10151974.247022916
NML,access1-0_rcp45_r1i1p1,FORE-SCE-A1B,72,0.5402547645296036,9885756569.270334,0.0,9885756569.270334,8551940472.511889,0.0,8551940472.511889,7729702866.393429,301855990.31519634,7427846876.078233,19202975583.38537,12069780780.57452,7133194802.810854,13475951168.401321,6772995536.678952,6702955631.722363
NML,access1-0_rcp45_r1i1p1,FORE-SCE-A2,72,0.5402547645296036,8680047615.317444,0.0,8680047615.317444,7129649069.659245,0.0,7129649069.659245,6180025048.862044,0.0,6180025048.862044,21939024630.695328,15998184792.866713,5940839837.828604,18387622804.305676,13072448900.000431,5315173904.305241
NML,access1-0_rcp45_r1i1p1,FORE-SCE-B1,72,0.5402547645296036,7457791919.400862,0.0,7457791919.400862,5714232827.702011,0.0,5714232827.702011,4643260740.878343,0.0,4643260740.878343,20812840733.092384,16374571035.687836,4438269697.404545,18153839097.63282,14290440698.480726,3863398399.1520967
NML,access1-0_rcp45_r1i1p1,GCAM-26,72,0.5402547645296036,20484843989.81057,0.0,20484843989.81057,19836007860.73595,0.0,19836007860.73595,19338440901.389202,1054809143.3432878,18283631758.04591,22764777810.01288,4245191217.768965,18519586592.2439,21810087343.72942,3744621639.271467,18065465704.457947
NML,access1-0_rcp45_r1i1p1,GCAM-45,72,0.5402547645296036,13489450934.046976,0.0,13489450934.046976,12818033176.724482,338584531.733738,12479448644.990746,13265353959.06674,2132114261.6918454,11133239697.374893,24030422313.034653,12707149115.022968,11323273198.011688,15419861677.006514,4834894527.417781,10584967149.588734
NML,access1-0_rcp45_r1i1p1,GCAM-ref,72,0.5402547645296036,9567444791.508385,0.0,9567444791.508385,8259988279.789295,0.0,8259988279.789295,7223855038.821026,43614591.13226056,7180240447.688766,17363635116.682,10491943937.268867,6871691179.413131,11924723657.385855,5500198209.179905,6424525448.205943
NML,access1-0_rcp45_r1i1p1,LUCAS-BAU_High-0001,72,0.5402547645296036,6024123436.523647,0.0,6024123436.523647,4308831809.215146,0.0,4308831809.215146,3392457088.5546093,0.0,3392457088.5546093,20733621874.057953,17435860504.58823,3297761369.469723,19916246604.246357,17328342335.60856,2587904268.6377983
NML,access1-0_rcp45_r1i1p1,LUCAS-BAU_High-0002,72,0.5402547645296036,6181145683.281726,0.0,6181145683.281726,4480397432.064374,0.0,4480397432.064374,3519196725.157696,0.0,3519196725.157696,18854782181.70371,15486952067.521101,3367830114.1826105,19541854418.49633,16792851545.517334,2749002872.978987
NML,access1-0_rcp85_r1i1p1,FORE-SCE-A1B,72,0.5453058201644824,14586804966.974361,0.0,14586804966.974361,13986016294.892418,0.0,13986016294.892418,13458005057.709782,0.0,13458005057.709782,13499820424.068012,148719778.47642076,13351100645.59159,13429023845.864202,0.0,13429023845.864202
NML,access1-0_rcp85_r1i1p1,FORE-SCE-A2,72,0.5453058201644824,12355744659.833944,0.0,12355744659.833944,11295116551.30233,0.0,11295116551.30233,10575769354.683722,0.0,10575769354.683722,10679102740.136312,169036822.24478108,10510065917.891533,10670263183.365528,0.0,10670263183.365528
NML,access1-0_rcp85_r1i1p1,FORE-SCE-B1,72,0.5453058201644824,10683957911.492989,0.0,10683957911.492989,9388828727.159107,0.0,9388828727.159107,8609955653.927979,0.0,8609955653.927979,8992655151.024275,462158730.1685983,8530496420.855677,8698088967.897882,0.0,8698088967.897882
NML,access1-0_rcp85_r1i1p1,GCAM-26,72,0.5453058201644824,31278266408.706886,0.0,31278266408.706886,31157989893.84143,0.0,31157989893.84143,30941061786.307007,0.0,30941061786.307007,37247666910.08535,6335870633.294323,30911796276.791023,31663289703.15839,963031601.467633,30700258101.69076
NML,access1-0_rcp85_r1i1p1,GCAM-45,72,0.5453058201644824,20488122139.82446,0.0,20488122139.82446,20131698942.308277,0.0,20131698942.308277,19733466581.825558,0.0,19733466581.825558,26509503902.403152,6747355730.34091,19762148172.062237,20999770605.81817,1405634135.9021196,19594136469.916046
NML,access1-0_rcp85_r1i1p1,GCAM-ref,72,0.5453058201644824,14681207529.745146,0.0,14681207529.745146,14084714895.22666,0.0,14084714895.22666,13577914569.03272,0.0,13577914569.03272,13479441018.406525,0.0,13479441018.406525,13525736324.44856,0.0,13525736324.44856
NML,access1-0_rcp85_r1i1p1,LUCAS-BAU_High-0001,72,0.5453058201644824,8534862489.044843,0.0,8534862489.044843,7062016071.830076,0.0,7062016071.830076,6237477127.300122,0.0,6237477127.300122,6525319627.510567,268645253.80249465,6256674373.708073,6292938907.402382,0.0,6292938907.402382
NML,access1-0_rcp85_r1i1p1,LUCAS-BAU_High-0002,72,0.5453058201644824,8844498880.162258,0.0,8844498880.162258,7411688706.812059,0.0,7411688706.812059,6593425258.421307,0.0,6593425258.421307,6874264793.688953,260836971.8741259,6613427821.814828,6651647328.493538,0.0,6651647328.493538
NML,bcc-csm1-1-m_rcp45_r1i1p1,FORE-SCE-A1B,72,0.5370958861560119,11296125060.579342,0.0,11296125060.579342,9982298787.281015,0.0,9982298787.281015,8936780899.929478,272930242.5417713,8663850657.387705,12063032674.36166,3405212999.999958,8657819674.3617,10594535231.023205,0.0,10594535231.023205
NML,bcc-csm1-1-m_rcp45_r1i1p1,FORE-SCE-A2,72,0.5370958861560119,9944272468.078377,0.0,9944272468.078377,8339501705.53943,0.0,8339501705.53943,7423982406.082948,197062081.36678407,7226920324.716164,8972770376.305855,1605535762.4468775,7367234613.858976,8849632895.906252,0.0,8849632895.906252
NML,bcc-csm1-1-m_rcp45_r1i1p1,FORE-SCE-B1,72,0.5370958861560119,8557844648.16084,0.0,8557844648.16084,6884032656.519315,0.0,6884032656.519315,6394576319.401034,238243807.38282707,6156332512.018207,9164166515.11436,2778885220.288371,6385281294.825992,7294153358.743584,0.0,7294153358.743584
NML,bcc-csm1-1-m_rcp45_r1i1p1,GCAM-26,72,0.5370958861560119,22864207956.790165,0.0,22864207956.790165,21962187754.555996,0.0,21962187754.555996,20472239328.525997,0.0,20472239328.525997,20817155210.39533,0.0,20817155210.39533,22058370898.777836,0.0,22058370898.777836
NML,bcc-csm1-1-m_rcp45_r1i1p1,GCAM-45,72,0.5370958861560119,15161577372.65465,8493216.159071835,15153084156.495577,14149104788.213387,0.0,14149104788.213387,12890004470.289267,0.0,12890004470.289267,13817002110.881708,816872999.9999943,13000129110.881714,14217699574.011335,41069343.198205575,14176630230.813131
NML,bcc-csm1-1-m_rcp45_r1i1p1,GCAM-ref,72,0.5370958861560119,10812029359.057495,0.0,10812029359.057495,9692490857.09985,0.0,9692490857.09985,8577331448.649277,276394895.08567595,8300936553.563601,11586319481.600525,3405213000.000013,8181106481.6005125,10399979070.70623,0.0,10399979070.70623
NML,bcc-csm1-1-m_rcp45_r1i1p1,LUCAS-BAU_High-0001,72,0.5370958861560119,7192110924.129843,0.0,7192110924.129843,5333954953.094201,0.0,5333954953.094201,4596868981.118777,0.0,4596868981.118777,5683675976.001527,835038000.0000365,4848637976.00149,5625444251.878524,0.0,5625444251.878524
NML,bcc-csm1-1-m_rcp45_r1i1p1,LUCAS-BAU_High-0002,72,0.5370958861560119,7333464165.787909,0.0,7333464165.787909,5506015648.294704,0.0,5506015648.294704,5032901923.561162,274752701.8077744,4758149221.753387,9031058603.954754,4026901908.1938653,5004156695.760886,5838966535.541012,0.0,5838966535.541012
NML,bcc-csm1-1-m_rcp85_r1i1p1,FORE-SCE-A1B,72,0.47570302695454814,18629938856.864426,4089969.812047184,18625848887.05238,14350489303.440044,0.0,14350489303.440044,24566611958.458733,10595572858.426863,13971039100.031864,13373205155.877586,137921002.98593414,13235284152.891651,12833320193.863518,0.0,12833320193.863518
NML,bcc-csm1-1-m_rcp85_r1i1p1,FORE-SCE-A2,72,0.47570302695454814,17193234833.627533,3757459.9135990865,17189477373.713936,12878394799.399586,0.0,12878394799.399586,23132960136.85121,10485321129.285364,12647639007.565851,12068983410.155838,38789011.619874775,12030194398.535963,11132879515.560017,0.0,11132879515.560017
NML,bcc-csm1-1-m_rcp85_r1i1p1,FORE-SCE-B1,72,0.47570302695454814,15899666197.126303,0.0,15899666197.126303,11425883036.53231,0.0,11425883036.53231,21480013327.97031,10247235357.998768,11232777969.971552,10441913247.146652,20758586.07250866,10421154661.074144,9477774995.42635,0.0,9477774995.42635
NML,bcc-csm1-1-m_rcp85_r1i1p1,GCAM-26,72,0.47570302695454814,28325843156.60588,243990704.6487535,28081852451.957127,24799064432.781574,9107142.898533676,24789957289.88304,36052104504.437996,12535556479.644352,23516548024.793644,24946235532.298435,1176161673.669384,23770073858.62905,23098665244.099792,8396476.362700833,23090268767.73709
NML,bcc-csm1-1-m_rcp85_r1i1p1,GCAM-45,72,0.47570302695454814,21932940141.043453,93366455.04996896,21839573685.993484,18030747524.21855,459644.7454055124,18030287879.473145,30776060650.39628,13450224745.741673,17325835904.654594,17720317496.581387,672642402.3032069,17047675094.278183,15864368899.598152,0.0,15864368899.598152
NML,bcc-csm1-1-m_rcp85_r1i1p1,GCAM-ref,72,0.47570302695454814,17927491933.423805,57480086.79814412,17870011846.625664,13822561788.843529,0.0,13822561788.843529,26598540104.19314,13097666315.662437,13500873788.530697,12977657151.776176,311639699.45888436,12666017452.317291,12552296681.099737,0.0,12552296681.099737
NML,bcc-csm1-1-m_rcp85_r1i1p1,LUCAS-BAU_High-0001,72,0.47570302695454814,14077806436.2543,0.0,14077806436.2543,9559169439.64557,0.0,9559169439.64557,19224335534.477524,9702702291.349873,9521633243.127647,9102637205.340302,19918566.50728596,9082718638.833017,7681402388.371033,0.0,7681402388.371033
NML,bcc-csm1-1-m_rcp85_r1i1p1,LUCAS-BAU_High-0002,72,0.47570302695454814,14262708025.427893,0.0,14262708025.427893,9748873602.714653,0.0,9748873602.714653,19640708749.401264,9993225965.065554,9647482784.335709,9145512434.577482,23260971.27324765,9122251463.304235,7924747846.301645,0.0,7924747846.301645
NML,bcc-csm1-1_rcp26_r1i1p1,FORE-SCE-A1B,72,0.568690320612912,19993265957.320663,0.0,19993265957.320663,19684880220.622852,611856864.4330878,19073023356.189766,17679084290.78196,0.0,17679084290.78196,20083144347.647095,2437173009.9372125,17645971337.70988,17649750131.07881,107492480.10946557,17542257650.969345
NML,bcc-csm1-1_rcp26_r1i1p1,FORE-SCE-A2,72,0.568690320612912,16734845724.846134,0.0,16734845724.846134,16416312053.634222,758550500.1778156,15657761553.456408,14282694290.774723,0.0,14282694290.774723,16818588102.770498,2574435383.780613,14244152718.989887,14247533479.980648,213472818.2316031,14034060661.749046
NML,bcc-csm1-1_rcp26_r1i1p1,FORE-SCE-B1,72,0.568690320612912,14730546806.614359,0.0,14730546806.614359,14154021615.338854,660091353.1387208,13493930262.200132,13406735259.488491,1313047090.8710265,12093688168.617464,16944465340.752308,4984063619.565623,11960401721.186686,12344101728.926027,547709237.6414152,11796392491.284613
NML,bcc-csm1-1_rcp26_r1i1p1,GCAM-26,72,0.568690320612912,38272341826.13304,306815173.82698804,37965526652.30605,37461338658.408134,0.0,37461338658.408134,37520402270.65226,1444574663.1199582,36075827607.532295,41805731820.09062,5663506598.592276,36142225221.49836,38668323125.23396,2685871069.734967,35982452055.49899
NML,bcc-csm1-1_rcp26_r1i1p1,GCAM-45,72,0.568690320612912,26610086716.47586,0.0,26610086716.47586,25967131150.70713,0.0,25967131150.70713,26609531519.678013,2017936686.5367956,24591594833.141216,35916594208.768166,11222593334.852482,24694000873.91569,29122587503.55953,4755134831.908876,24367452671.650646
NML,bcc-csm1-1_rcp26_r1i1p1,GCAM-ref,72,0.568690320612912,20068491956.129467,0.0,20068491956.129467,19949610828.19628,826394396.8725307,19123216431.32375,17884968410.287033,0.0,17884968410.287033,20403613029.662067,2686741719.44379,17716871310.218273,17895422268.60934,270663999.9999901,17624758268.60935
NML,bcc-csm1-1_rcp26_r1i1p1,LUCAS-BAU_High-0001,72,0.568690320612912,12524607523.641375,0.0,12524607523.641375,12237067796.66861,1159915823.327234,11077151973.341377,11308200289.626133,1726417928.9246068,9581782360.701527,15457205498.238241,5907360132.421553,9549845365.81669,10335617768.614595,1008127882.4659724,9327489886.148626
NML,bcc-csm1-1_rcp26_r1i1p1,LUCAS-BAU_High-0002,72,0.568690320612912,12864364551.842602,0.0,12864364551.842602,12591812081.297295,1110088509.8842235,11481723571.413073,11647413338.662113,1674543000.000011,9972870338.662102,15752370308.90961,5832156947.945841,9920213360.963768,10738187178.610386,975048354.3883985,9763138824.221987
NML,bcc-csm1-1_rcp45_r1i1p1,FORE-SCE-A1B,72,0.5204007653505207,15121894207.451065,0.0,15121894207.451065,13473619920.827272,0.0,13473619920.827272,12071942097.458797,0.0,12071942097.458797,14151944146.073044,1450941332.1147976,12701002813.958244,11443502280.190544,0.0,11443502280.190544
NML,bcc-csm1-1_rcp45_r1i1p1,FORE-SCE-A2,72,0.5204007653505207,13082227506.254519,0.0,13082227506.254519,11209112851.55499,0.0,11209112851.55499,9897523922.61778,0.0,9897523922.61778,12040512136.60919,1561381529.943067,10479130606.666122,9254311732.565706,0.0,9254311732.565706
NML,bcc-csm1-1_rcp45_r1i1p1,FORE-SCE-B1,72,0.5204007653505207,11371792282.168869,0.0,11371792282.168869,9452802879.741127,0.0,9452802879.741127,8547739999.906993,0.0,8547739999.906993,11042866308.015953,1704561233.5744872,9338305074.441467,8317377494.635075,852846050.2281773,7464531444.406898
NML,bcc-csm1-1_rcp45_r1i1p1,GCAM-26,72,0.5204007653505207,28411921807.986717,0.0,28411921807.986717,27487612838.17061,0.0,27487612838.17061,25640933807.75851,0.0,25640933807.75851,37841552857.05254,11937917889.202595,25903634967.84995,25119672660.74389,0.0,25119672660.74389
NML,bcc-csm1-1_rcp45_r1i1p1,GCAM-45,72,0.5204007653505207,19912278201.53396,0.0,19912278201.53396,18580348045.2052,0.0,18580348045.2052,17125219307.958681,0.0,17125219307.958681,29933071938.035763,12092222317.735275,17840849620.300495,15988994741.328037,0.0,15988994741.328037
NML,bcc-csm1-1_rcp45_r1i1p1,GCAM-ref,72,0.5204007653505207,14643906248.923985,0.0,14643906248.923985,13224579627.229355,0.0,13224579627.229355,11864319739.318192,0.0,11864319739.318192,13194322820.64779,856643311.2982523,12337679509.349539,11316528402.313383,0.0,11316528402.313383
NML,bcc-csm1-1_rcp45_r1i1p1,LUCAS-BAU_High-0001,72,0.5204007653505207,9758092106.466105,0.0,9758092106.466105,7661910246.394098,0.0,7661910246.394098,6759987639.144789,0.0,6759987639.144789,9191872070.052639,1620136811.7618232,7571735258.290816,5866186350.910322,215858000.00001237,5650328350.910309
NML,bcc-csm1-1_rcp45_r1i1p1,LUCAS-BAU_High-0002,72,0.5204007653505207,10043787439.628632,0.0,10043787439.628632,7947107422.005428,0.0,7947107422.005428,7035686323.9722,0.0,7035686323.9722,9476223795.390713,1613508620.243215,7862715175.147502,6133874569.05081,215858000.00002417,5918016569.050785
NML,bcc-csm1-1_rcp60_r1i1p1,FORE-SCE-A1B,72,0.5331875725232615,12061462521.319859,0.0,12061462521.319859,10482191809.915874,0.0,10482191809.915874,8887854591.013145,74442427.77283242,8813412163.240313,9895010158.487621,1312045979.2831094,8582964179.204513,8428689435.498586,66501621.34482016,8362187814.153766
NML,bcc-csm1-1_rcp60_r1i1p1,FORE-SCE-A2,72,0.5331875725232615,10099870869.951193,0.0,10099870869.951193,8389180316.988635,0.0,8389180316.988635,7228130191.4419985,76633432.06838126,7151496759.373618,8859078613.542727,2000631406.5366113,6858447207.006117,6408745316.206258,76633432.06838126,6332111884.137876
NML,bcc-csm1-1_rcp60_r1i1p1,FORE-SCE-B1,72,0.5331875725232615,8960346579.132965,0.0,8960346579.132965,7176225575.578159,0.0,7176225575.578159,6424567828.356662,263757166.5395093,6160810661.817153,8178568646.527784,2231188776.9062486,5947379869.621536,5391370652.970199,256569018.43319046,5134801634.537007
NML,bcc-csm1-1_rcp60_r1i1p1,GCAM-26,72,0.5331875725232615,23760571921.123936,0.0,23760571921.123936,22631567381.748863,53732255.40016274,22577835126.3487,22208175215.700764,1029886417.4388349,21178288798.261932,30062870512.748528,9163113613.987202,20899756898.761322,21462135582.42668,1029886417.4388349,20432249164.987846
NML,bcc-csm1-1_rcp60_r1i1p1,GCAM-45,72,0.5331875725232615,16322689552.452248,0.0,16322689552.452248,15167118972.815014,212799237.62716287,14954319735.18785,14523430330.948593,1179688183.8884215,13343742147.060173,16269781177.154297,3143145571.9834323,13126635605.170864,14192978013.586153,1653036232.3850818,12539941781.201073
NML,bcc-csm1-1_rcp60_r1i1p1,GCAM-ref,72,0.5331875725232615,12510538583.777983,0.0,12510538583.777983,10903418062.238924,0.0,10903418062.238924,10341915448.843565,950825264.3315653,9391090184.511995,11749949601.985916,2504220910.9722304,9245728691.013687,8850014199.811316,0.0,8850014199.811316
NML,bcc-csm1-1_rcp60_r1i1p1,LUCAS-BAU_High-0001,72,0.5331875725232615,7975295218.060434,0.0,7975295218.060434,5960348674.04348,0.0,5960348674.04348,5161030275.613141,114100346.33542146,5046929929.2777195,7384593662.716399,2464304485.857798,4920289176.858602,4189006332.1987257,107143999.99999532,4081862332.1987314
NML,bcc-csm1-1_rcp60_r1i1p1,LUCAS-BAU_High-0002,72,0.5331875725232615,8213693193.02842,0.0,8213693193.02842,6203169542.709717,0.0,6203169542.709717,5395872595.317197,114240024.69091593,5281632570.626282,7490326757.334242,2343259432.027137,5147067325.307106,4392010499.751769,107143999.99998805,4284866499.7517815
NML,bcc-csm1-1_rcp85_r1i1p1,FORE-SCE-A1B,72,0.5418525904917989,22517613161.557674,2237646179.7178636,20279966981.83981,25145095586.538013,7523617622.600788,17621477963.937218,26232864977.70904,9933593405.992306,16299271571.716747,64302762282.291725,46285732068.98562,18017030213.30611,39696507285.67823,29640365970.99021,10056141314.688023
NML,bcc-csm1-1_rcp85_r1i1p1,FORE-SCE-A2,72,0.5418525904917989,20487408463.48622,1532065134.3550215,18955343329.131203,22758278574.67188,6728545211.849744,16029733362.822138,25452810207.239136,10420350766.021763,15032459441.217365,62300267033.99366,46275766948.843315,16024500085.15034,46880200568.493385,38071827242.19427,8808373326.299091
NML,bcc-csm1-1_rcp85_r1i1p1,FORE-SCE-B1,72,0.5418525904917989,18319028381.257324,1444671979.4997113,16874356401.757612,20320969015.5407,6554153834.366873,13766815181.173822,23041746919.211636,10335483572.08321,12706263347.12843,59509837703.32038,46107306859.37599,13402530843.944386,46547089601.19391,39950658080.11434,6596431521.0795555
NML,bcc-csm1-1_rcp85_r1i1p1,GCAM-26,72,0.5418525904917989,36217097382.95726,3419356194.0412965,32797741188.915966,37940264678.54233,6492273689.167627,31447990989.374683,37149252631.744675,7416739815.591703,29732512816.15297,273630372405.66763,232078572185.03162,41551800220.635994,39853012775.872284,16829743476.885614,23023269298.986664
NML,bcc-csm1-1_rcp85_r1i1p1,GCAM-45,72,0.5418525904917989,28010305811.850204,3220993699.2234035,24789312112.626793,30645276030.309097,7829397332.020009,22815878698.289085,29763365189.584965,8611529043.446093,21151836146.13887,258429376941.32687,227931402263.87152,30497974677.455364,42196793743.864296,27486490009.62219,14710303734.242105
NML,bcc-csm1-1_rcp85_r1i1p1,GCAM-ref,72,0.5418525904917989,22148162738.986336,2720032175.114406,19428130563.87193,24855107605.029854,8021002766.56192,16834104838.46793,25520331444.5158,10000447918.966253,15519883525.549547,63355279858.57532,45992420297.14448,17362859561.430832,36438638743.122665,27100516525.82135,9338122217.301327
NML,bcc-csm1-1_rcp85_r1i1p1,LUCAS-BAU_High-0001,72,0.5418525904917989,15472850704.827864,904404268.6986742,14568446436.129189,16350456540.727505,4963331835.968778,11387124704.758726,20503177666.773293,9962518274.278904,10540659392.494389,54216469998.862045,42737223310.21806,11479246688.644009,52055867608.23313,47280450741.01973,4775416867.213397
NML,bcc-csm1-1_rcp85_r1i1p1,LUCAS-BAU_High-0002,72,0.5418525904917989,15789092018.840115,988155640.6658694,14800936378.174246,16678545047.485321,5057579643.182324,11620965404.303,20512838043.97562,9778574752.162436,10734263291.813179,55126214350.01617,43545832278.9058,11580382071.110378,50487290081.54249,45521376366.09099,4965913715.451504
NML,canesm2_rcp26_r1i1p1,FORE-SCE-A1B,72,0.49658498202276685,52816659944.7953,35929341095.24882,16887318849.546473,61622442656.56808,47583761785.42449,14038680871.143587,63020337406.003265,49339372377.5686,13680965028.434635,77598780866.96855,64673623551.971375,12925157314.997185,72448901981.5202,57421612545.341644,15027289436.178534
NML,canesm2_rcp26_r1i1p1,FORE-SCE-A2,72,0.49658498202276685,51536104121.03954,36407549240.84303,15128554880.19652,57435202964.22868,45447628985.3013,11987573978.92737,59318827090.43541,47644835902.88841,11673991187.547014,72618232793.35289,61830920498.8797,10787312294.47316,71017826256.19647,58267618777.62251,12750207478.573948
NML,canesm2_rcp26_r1i1p1,FORE-SCE-B1,72,0.49658498202276685,49432844988.50306,35645758095.93726,13787086892.56579,55470263387.54077,44784943374.48809,10685320013.052671,57382741879.80309,47032570815.15607,10350171064.647036,70721380099.80777,61230440996.53037,9490939103.277395,70312265577.82706,59088589700.31208,11223675877.514996
NML,canesm2_rcp26_r1i1p1,GCAM-26,72,0.49658498202276685,76014908841.0678,48383794625.22281,27631114215.844982,81119862871.3112,55671076470.22719,25448786401.08398,92383537316.93367,67351025273.89708,25032512043.036575,206333358026.19275,175921715816.1194,30411642210.073456,129266939159.94576,104348736093.49982,24918203066.445965
NML,canesm2_rcp26_r1i1p1,GCAM-45,72,0.49658498202276685,63601672878.41435,42405445219.56249,21196227658.851868,73634080187.55557,55307218730.13455,18326861457.420998,86558260347.8833,68583880574.941025,17974379772.942276,198057963606.4803,175767063537.98578,22290900068.494545,121887868664.12497,104447333664.79807,17440534999.32693
NML,canesm2_rcp26_r1i1p1,GCAM-ref,72,0.49658498202276685,57292555539.55925,40205889367.97261,17086666171.586624,67404819363.366165,53234160699.16141,14170658664.204782,76781463977.84401,62978946041.310394,13802517936.533602,80165385563.53058,66997472441.2146,13167913122.315964,71873597570.13779,56792646219.738266,15080951350.39951
NML,canesm2_rcp26_r1i1p1,LUCAS-BAU_High-0001,72,0.49658498202276685,46518669432.21951,34032602815.64944,12486066616.570091,53542701745.33015,44388188136.94363,9154513608.38655,58110839621.8068,49242169308.90674,8868670312.900064,68530909436.44398,60539755386.477715,7991154049.966258,68758400996.76643,59379745037.39905,9378655959.367374
NML,canesm2_rcp26_r1i1p1,LUCAS-BAU_High-0002,72,0.49658498202276685,46895042552.3293,34234563400.378223,12660479151.951077,53949517812.309906,44557581026.67246,9391936785.63746,58526699896.43521,49381663586.02785,9145036310.407349,68769276548.99423,60575353677.694405,8193922871.299829,68847539994.30905,59167723060.17738,9679816934.131704
NML,canesm2_rcp45_r1i1p1,FORE-SCE-A1B,72,0.49691921230147135,14679391534.284489,0.0,14679391534.284489,10902461293.293772,0.0,10902461293.293772,10432834720.816317,242789803.97723603,10190044916.839079,13360419137.435596,4080028238.267613,9280390899.167986,13489031374.760685,0.0,13489031374.760685
NML,canesm2_rcp45_r1i1p1,FORE-SCE-A2,72,0.49691921230147135,13524996793.123898,0.0,13524996793.123898,9496537218.879644,0.0,9496537218.879644,9294736885.439817,489838507.1907864,8804898378.249031,12786873544.883802,4853562870.331846,7933310674.551954,11511938620.788134,0.0,11511938620.788134
NML,canesm2_rcp45_r1i1p1,FORE-SCE-B1,72,0.49691921230147135,12422364678.600208,0.0,12422364678.600208,8384221309.842851,0.0,8384221309.842851,8234452632.670884,560817459.5901983,7673635173.080685,10834584105.739191,4019505999.9999723,6815078105.73922,10078894668.74305,0.0,10078894668.74305
NML,canesm2_rcp45_r1i1p1,GCAM-26,72,0.49691921230147135,22598262517.565395,0.0,22598262517.565395,19755373344.884224,0.0,19755373344.884224,18511834854.36069,26813534.428439107,18485021319.93225,29613318015.498177,8858745756.737879,20754572258.760303,22176779363.295982,306887304.73571986,21869892058.560265
NML,canesm2_rcp45_r1i1p1,GCAM-45,72,0.49691921230147135,17680765876.439568,0.0,17680765876.439568,14225390577.161013,0.0,14225390577.161013,12998965280.664639,126133196.56762014,12872832084.097017,29216701387.073456,13789737101.085594,15426964285.987862,15619646658.87344,180976760.6204069,15438669898.253033
NML,canesm2_rcp45_r1i1p1,GCAM-ref,72,0.49691921230147135,14393546468.085981,0.0,14393546468.085981,10707932814.858915,0.0,10707932814.858915,10270497646.677044,301765624.86610246,9968732021.810942,13059830646.060905,3992285999.9999843,9067544646.06092,13487176444.101225,0.0,13487176444.101225
NML,canesm2_rcp45_r1i1p1,LUCAS-BAU_High-0001,72,0.49691921230147135,11150016874.512917,0.0,11150016874.512917,7143946805.3051605,0.0,7143946805.3051605,6624938494.565132,78638430.74666093,6546300063.818471,9928041350.097136,3992285999.999991,5935755350.097141,8617977019.141497,0.0,8617977019.141497
NML,canesm2_rcp45_r1i1p1,LUCAS-BAU_High-0002,72,0.49691921230147135,11252828563.953856,0.0,11252828563.953856,7287421292.954975,0.0,7287421292.954975,6914292542.264612,228081159.19068256,6686211383.07393,9937736175.151705,3992285999.999985,5945450175.151721,8859400308.656437,0.0,8859400308.656437
NML,canesm2_rcp85_r1i1p1,FORE-SCE-A1B,72,0.47082108703436926,111636387846.05325,85829577593.79135,25806810252.261894,118217343709.80835,96251521768.26225,21965821941.546112,112463989724.44267,89751563066.13054,22712426658.312153,217347913430.44244,198329817962.50635,19018095467.936127,199786254610.6716,192193919025.81616,7592335584.855461
NML,canesm2_rcp85_r1i1p1,FORE-SCE-A2,72,0.47082108703436926,106636991091.7649,83314479668.83438,23322511422.930485,113226398495.69801,93272338970.31842,19954059525.379612,107993572401.46277,87381670362.57402,20611902038.888718,219625836495.3852,202470809781.69653,17155026713.68868,209219077596.95984,202886971144.24384,6332106452.715947
NML,canesm2_rcp85_r1i1p1,FORE-SCE-B1,72,0.47082108703436926,99320744514.6505,78442646528.11061,20878097986.539906,104961937079.87401,87065746289.65674,17896190790.217266,93318172000.58344,75452291374.289,17865880626.29444,220567798048.16974,205481196856.1748,15086601191.994926,218903569659.36414,213646807983.79608,5256761675.5681095
NML,canesm2_rcp85_r1i1p1,GCAM-26,72,0.47082108703436926,132320011151.60185,93483042775.40933,38836968376.19249,128443387408.45743,94593528186.15929,33849859222.29813,140351840520.55524,104493783918.45079,35858056602.10443,356934595884.2757,317635524629.6144,39299071254.66132,208658802961.7022,193781775281.35663,14877027680.345636
NML,canesm2_rcp85_r1i1p1,GCAM-45,72,0.47082108703436926,115481588057.49858,85084493646.88043,30397094410.61815,126252812684.44499,99397818428.25082,26854994256.194214,124084491453.51535,96538238606.09491,27546252847.420437,355339237841.3848,325412897593.9927,29926340247.392273,236382938486.0461,226582593660.3353,9800344825.71081
NML,canesm2_rcp85_r1i1p1,GCAM-ref,72,0.47082108703436926,111862026429.95937,86493570625.30052,25368455804.658844,120992609648.66888,99267536231.09052,21725073417.578373,118244223343.30771,96079217432.08565,22165005911.222088,216397015645.02008,197801879913.36734,18595135731.65266,201554654638.2109,193818051253.07346,7736603385.137493
NML,canesm2_rcp85_r1i1p1,LUCAS-BAU_High-0001,72,0.47082108703436926,91470181185.15242,72890583873.38513,18579597311.767292,100858375545.48308,85226331107.27036,15632044438.212704,89874653774.50253,74162174131.41685,15712479643.085682,222722774591.49286,209742312058.59848,12980462532.894457,235571546576.20447,231203878941.74167,4367667634.462771
NML,canesm2_rcp85_r1i1p1,LUCAS-BAU_High-0002,72,0.47082108703436926,92663334076.98251,73833987619.398,18829346457.58449,100681508544.57304,84745925372.75668,15935583171.816378,90032409761.12457,74049393560.8707,15983016200.253868,222405953903.06244,209148926250.2618,13257027652.80063,233167473924.88687,228661369977.05728,4506103947.829628
NML,ccsm4_rcp26_r1i1p1,FORE-SCE-A1B,72,0.5055726631137887,13544127750.977213,1738071596.937858,11806056154.039352,13044007008.649815,3189712543.4729033,9854294465.17691,16448912020.8774,8496304077.713382,7952607943.164015,132234222474.47058,122844971309.3255,9389251165.145124,34397561389.57436,28163355150.5515,6234206239.0228615
NML,ccsm4_rcp26_r1i1p1,FORE-SCE-A2,72,0.5055726631137887,12106792200.259285,1362412258.3190372,10744379941.940248,11617599473.162523,3063207169.146663,8554392304.0158615,16985934783.516722,9766061628.130457,7219873155.386262,150947812620.33673,141892059017.3898,9055753602.946833,48865568174.69812,43629075726.48477,5236492448.213337
NML,ccsm4_rcp26_r1i1p1,FORE-SCE-B1,72,0.5055726631137887,10569909836.556955,1213405487.7312605,9356504348.825693,10434156160.907059,3289677735.83374,7144478425.073319,16801118690.359566,10973220472.619675,5827898217.739895,162870098986.78928,155247839309.4707,7622259677.318588,55557835609.2013,51574873800.31699,3982961808.8843126
NML,ccsm4_rcp26_r1i1p1,GCAM-26,72,0.5055726631137887,22820955566.167652,1542635141.403219,21278320424.764435,25058098501.399906,5192245244.216403,19865853257.183502,27020606789.55256,9543275798.907803,17477330990.644768,120858882009.31693,100963686287.01448,19895195722.302456,31524027832.352875,15877705757.245401,15646322075.107487
NML,ccsm4_rcp26_r1i1p1,GCAM-45,72,0.5055726631137887,18394529840.30414,3088400233.2744484,15306129607.029688,18114668138.31392,4684357476.107761,13430310662.206156,22628886687.6015,11293067630.756998,11335819056.844503,143223415248.06738,129558718243.56114,13664697004.506224,29636490444.569336,20281450105.903633,9355040338.665695
NML,ccsm4_rcp26_r1i1p1,GCAM-ref,72,0.5055726631137887,14222954537.80579,2738266540.368728,11484687997.437057,14309485091.9758,4736956016.349439,9572529075.626362,19796146139.06358,12206752009.169075,7589394129.894508,119967628870.24094,111069890691.8028,8897738178.438148,31522016440.01371,25578329276.53753,5943687163.476175
NML,ccsm4_rcp26_r1i1p1,LUCAS-BAU_High-0001,72,0.5055726631137887,9371385417.764679,1291091900.9603562,8080293516.804321,8885480017.725721,3099518525.689035,5785961492.036682,15057601230.764872,10384464601.313843,4673136629.451026,169683875099.9032,162873266460.5948,6810608639.308408,58292087057.00413,55500494861.65874,2791592195.345393
NML,ccsm4_rcp26_r1i1p1,LUCAS-BAU_High-0002,72,0.5055726631137887,9524982732.04097,1299892121.8156328,8225090610.225332,9020730226.05345,3094866190.8472114,5925864035.206235,15121564786.419682,10385070289.174297,4736494497.24539,165208379509.97128,158468113171.94736,6740266338.02389,57101871866.34012,54168977111.382095,2932894754.9580293
NML,ccsm4_rcp45_r1i1p1,FORE-SCE-A1B,72,0.5294176778955628,15247116909.367834,69863943.40363295,15177252965.964201,12288503266.466091,0.0,12288503266.466091,21531469579.666546,11725084742.203264,9806384837.463282,15296021900.332302,5088353479.626288,10207668420.70601,21987083877.17349,798091468.6947209,21188992408.478764
NML,ccsm4_rcp45_r1i1p1,FORE-SCE-A2,72,0.5294176778955628,13365741773.021282,48842173.23673347,13316899599.78455,10321867150.60396,0.0,10321867150.60396,20629405215.36221,12433726291.208385,8195678924.153826,14300173405.677519,5729414433.145312,8570758972.5322075,19131527593.068897,803362355.4580556,18328165237.61084
NML,ccsm4_rcp45_r1i1p1,FORE-SCE-B1,72,0.5294176778955628,12574752883.432196,101702886.29976994,12473049997.132427,9128545786.38788,0.0,9128545786.38788,22089713355.401993,15043175835.720957,7046537519.681038,13540307996.73578,6113134163.669431,7427173833.066346,17337644989.737576,833640320.556987,16504004669.18059
NML,ccsm4_rcp45_r1i1p1,GCAM-26,72,0.5294176778955628,25284254369.882957,1050402724.0224508,24233851645.86051,23079101488.626175,35512568.62661848,23043588919.999557,32197271593.21312,11874379633.87718,20322891959.33594,27440694434.078976,6780024047.748589,20660670386.33039,34609851765.882996,1739332269.042118,32870519496.840878
NML,ccsm4_rcp45_r1i1p1,GCAM-45,72,0.5294176778955628,18678719588.17462,290450018.82621527,18388269569.348404,16223580234.51546,10709336.08001833,16212870898.435442,20330073877.335598,6834279810.184829,13495794067.150763,24838516454.84653,10996365710.263868,13842150744.582666,26567741711.69422,1884809572.016662,24682932139.677567
NML,ccsm4_rcp45_r1i1p1,GCAM-ref,72,0.5294176778955628,15186341405.856909,30045423.04140614,15156295982.815502,12544173354.660723,0.0,12544173354.660723,18445157202.86248,8334718668.0261135,10110438534.836353,18298094563.72197,7909967222.600608,10388127341.121367,22425171819.428776,823374001.9582317,21601797817.470543
NML,ccsm4_rcp45_r1i1p1,LUCAS-BAU_High-0001,72,0.5294176778955628,11652888775.475252,18526031.74934511,11634362743.725906,7967101265.652448,0.0,7967101265.652448,20390998635.280937,14242581395.620955,6148417239.659986,11582611109.070107,4867919170.85631,6714691938.2138,15470236087.385624,894345233.4633455,14575890853.922281
NML,ccsm4_rcp45_r1i1p1,LUCAS-BAU_High-0002,72,0.5294176778955628,11563892816.452211,22860666.491668418,11541032149.960543,8125474337.041917,0.0,8125474337.041917,20189710022.565044,13973506597.768429,6216203424.796608,11418150985.095047,4765974508.116969,6652176476.978072,15821755328.347544,882472799.5782664,14939282528.769278
NML,ccsm4_rcp60_r1i1p1,FORE-SCE-A1B,72,0.4934402111520304,13105744408.604435,1946205610.7839246,11159538797.82051,10412038233.22384,2112301098.5699987,8299737134.65384,9277834614.948519,1528091997.340398,7749742617.608117,18615596799.981182,8865922152.44995,9749674647.531233,8895928013.983791,2227982406.1383076,6667945607.845483
NML,ccsm4_rcp60_r1i1p1,FORE-SCE-A2,72,0.4934402111520304,10870846994.946371,826778338.822596,10044068656.12377,7869520841.815957,959662587.7891116,6909858254.026844,7629966105.603526,1076210093.7138028,6553756011.889724,16465689438.627258,7952498844.449372,8513190594.177888,6880242754.923616,1746581756.5040314,5133660998.419584
NML,ccsm4_rcp60_r1i1p1,FORE-SCE-B1,72,0.4934402111520304,10268846439.429876,798103561.2059069,9470742878.223967,7089346098.230555,937917786.8995523,6151428311.331,6847552941.891701,1043705915.0269481,5803847026.864754,15274466007.496716,7670934104.653423,7603531902.843298,6138306967.035664,1717751638.649212,4420555328.386452
NML,ccsm4_rcp60_r1i1p1,GCAM-26,72,0.4934402111520304,21218019424.028107,2830169553.6734653,18387849870.35464,19936649262.25896,3445664989.470936,16490984272.788025,22072276169.133083,6889272475.471001,15183003693.662086,60719842608.5509,41155699903.11931,19564142705.431602,17566399250.314228,3817586303.9487557,13748812946.365479
NML,ccsm4_rcp60_r1i1p1,GCAM-45,72,0.4934402111520304,15742558821.989922,2109923788.9493415,13632635033.040585,14425237941.463242,3213218593.6539154,11212019347.809324,17264111756.42452,7133961909.071014,10130149847.353504,62055858442.15259,47534336523.425674,14521521918.726913,12307239481.964651,3682523295.705108,8624716186.259539
NML,ccsm4_rcp60_r1i1p1,GCAM-ref,72,0.4934402111520304,13378114391.38773,2068029617.7230196,11310084773.664713,10870553586.073704,2190222750.1608815,8680330835.91282,9511856590.894104,1463433722.5737514,8048422868.320354,18657163191.849144,8731970426.606777,9925192765.24236,9488345897.708437,2333836947.666216,7154508950.042222
NML,ccsm4_rcp60_r1i1p1,LUCAS-BAU_High-0001,72,0.4934402111520304,9342594190.440472,713246510.6525432,8629347679.787928,6118367500.830117,870672213.0331299,5247695287.796985,5808914161.440364,954887792.253322,4854026369.187038,13865652346.92778,7318958549.505497,6546693797.422282,5280401491.911934,1630596041.6372542,3649805450.274679
NML,ccsm4_rcp60_r1i1p1,LUCAS-BAU_High-0002,72,0.4934402111520304,9391147276.412243,748668879.2225163,8642478397.189726,6255001628.23785,898321322.4496789,5356680305.788171,5926693393.213588,981656587.5183864,4945036805.695203,14319516639.380188,7709243691.751469,6610272947.6287155,5480786182.861594,1668505767.646702,3812280415.2148914
NML,ccsm4_rcp85_r1i1p1,FORE-SCE-A1B,72,0.49137097380925737,28001319058.920017,11814034744.585556,16187284314.334463,29127808377.0075,15223023595.621426,13904784781.386074,43914437203.41917,30807253973.845966,13107183229.57319,51337401411.79028,39133457343.7987,12203944067.991583,33005329693.238224,23332882587.466347,9672447105.771877
NML,ccsm4_rcp85_r1i1p1,FORE-SCE-A2,72,0.49137097380925737,26397179801.04005,11708358963.254845,14688820837.785208,27257240580.442245,15160220434.930965,12097020145.511284,46952774882.03365,35309498353.19927,11643276528.834385,52366845024.89132,41767845480.83804,10598999544.053284,31807395598.64725,23957363890.29061,7850031708.356645
NML,ccsm4_rcp85_r1i1p1,FORE-SCE-B1,72,0.49137097380925737,23863167849.12701,10429344188.018583,13433823661.108427,23988432555.863632,13340601824.650772,10647830731.212864,39071502403.50012,28761964307.464455,10309538096.035679,51697276218.70259,42946700176.1985,8750576042.504103,32867761069.40203,26299835325.92234,6567925743.479688
NML,ccsm4_rcp85_r1i1p1,GCAM-26,72,0.49137097380925737,42479772789.467186,15281023128.400984,27198749661.066204,37606966564.81518,11602757607.836504,26004208956.978672,39444032304.634125,15387552773.641998,24056479530.992123,74815077083.68884,48856631142.13268,25958445941.556156,40846088443.29728,20673603756.585217,20172484686.71205
NML,ccsm4_rcp85_r1i1p1,GCAM-45,72,0.49137097380925737,32982003562.290558,12862045150.817156,20119958411.4734,31668990929.605213,13420019316.077526,18248971613.527687,44885201842.358925,27926398275.51604,16958803566.842894,69511167772.34993,51582791261.388374,17928376510.961544,38382917937.01712,25702227950.993477,12680689986.023638
NML,ccsm4_rcp85_r1i1p1,GCAM-ref,72,0.49137097380925737,27308024858.046883,11414291614.04915,15893733243.997734,28612789372.714497,14907352033.333036,13705437339.381462,43593654646.06398,30721129528.47062,12872525117.593355,50158450557.882835,38494838566.63841,11663611991.24441,34422452557.667625,24745674211.699406,9676778345.968218
NML,ccsm4_rcp85_r1i1p1,LUCAS-BAU_High-0001,72,0.49137097380925737,21388034716.407963,9715545222.453024,11672489493.954939,21591012766.124527,12884945676.140041,8706067089.984488,31670918136.009235,23385583352.98205,8285334783.02718,50414162493.90213,43402732614.657936,7011429879.244181,33971547242.67239,28915947286.259315,5055599956.41307
NML,ccsm4_rcp85_r1i1p1,LUCAS-BAU_High-0002,72,0.49137097380925737,21641549467.54382,9766217674.201286,11875331793.342535,21848891982.052753,12904925197.388424,8943966784.664328,31845832343.84146,23282152553.51033,8563679790.331123,49451316312.99652,42285547964.17703,7165768348.819483,33942504428.128586,28657045953.69738,5285458474.431206
NML,cesm1-bgc_rcp45_r1i1p1,FORE-SCE-A1B,72,0.5017599711729073,15296471871.295725,1166455642.1700516,14130016229.125673,13965150989.166105,3084536232.3675556,10880614756.79855,13988149723.217737,4231203093.3531504,9756946629.864588,14093424450.731396,3649411030.5648766,10444013420.166515,12927317715.592133,751164275.0103786,12176153440.581755
NML,cesm1-bgc_rcp45_r1i1p1,FORE-SCE-A2,72,0.5017599711729073,14273265544.119274,1419643811.937334,12853621732.18194,11842095745.800053,2374802226.7813993,9467293519.018654,12367035956.741262,3932323374.3477187,8434712582.393541,12588088085.057829,3453227530.619852,9134860554.43798,10956714952.702835,555877155.9776409,10400837796.725193
NML,cesm1-bgc_rcp45_r1i1p1,FORE-SCE-B1,72,0.5017599711729073,11832699041.779945,440986579.24944943,11391712462.530497,10204740136.947556,1924646362.198619,8280093774.748937,8208571433.311645,899633967.8874807,7308937465.424164,10475433127.974297,2968808609.7169256,7506624518.25737,9872154589.945295,963335868.744995,8908818721.2003
NML,cesm1-bgc_rcp45_r1i1p1,GCAM-26,72,0.5017599711729073,26117226310.013176,4074698433.9031835,22042527876.109993,23313427573.508446,3077283830.5782094,20236143742.93024,21973491357.554737,3535879450.812391,18437611906.742348,27947519979.578964,8053231336.032456,19894288643.54651,24188835413.33279,2569733631.1754975,21619101782.15729
NML,cesm1-bgc_rcp45_r1i1p1,GCAM-45,72,0.5017599711729073,19699610182.310806,3143022384.739629,16556587797.571177,16736433913.17896,2520134568.954082,14216299344.22488,16823760705.003077,4176653672.408714,12647107032.594364,23161388104.602,9088020640.398205,14073367464.203806,16136676493.349697,988591572.7887855,15148084920.560911
NML,cesm1-bgc_rcp45_r1i1p1,GCAM-ref,72,0.5017599711729073,14294584677.295633,970031277.470924,13324553399.82471,13411356668.655123,2884399355.043428,10526957313.611696,13247111488.578306,3855562574.226803,9391548914.351501,13120331009.46977,3374947557.552155,9745383451.917614,12695696905.824183,652021344.0220933,12043675561.80209
NML,cesm1-bgc_rcp45_r1i1p1,LUCAS-BAU_High-0001,72,0.5017599711729073,10044862322.407125,39921890.84653801,10004940431.560587,7524551019.039208,684890196.6297648,6839660822.409445,6416024143.120203,387819568.27834886,6028204574.841854,8547207730.984765,2359134720.2544394,6188073010.730325,10271900244.532284,2884616917.838772,7387283326.69351
NML,cesm1-bgc_rcp45_r1i1p1,LUCAS-BAU_High-0002,72,0.5017599711729073,10421571264.1274,191412586.75615,10230158677.37125,8657402225.738161,1634594899.6778085,7022807326.060352,7597862459.769251,1434126659.5779746,6163735800.191277,10088682950.592937,3730888448.7591376,6357794501.833802,10365915105.63808,2738288473.778789,7627626631.859293
NML,cesm1-bgc_rcp85_r1i1p1,FORE-SCE-A1B,72,0.48722878549351417,19342280617.61392,5355850097.391173,13986430520.222752,18464475657.920044,8324236096.3938055,10140239561.526237,18645899692.875557,7930042324.433359,10715857368.442196,153005809323.1124,137120511152.37376,15885298170.738636,49493809355.05939,47149000235.070595,2344809119.9887857
NML,cesm1-bgc_rcp85_r1i1p1,FORE-SCE-A2,72,0.48722878549351417,17480003808.800537,4912845370.384794,12567158438.415745,16704724236.848991,7948877241.339717,8755846995.50928,18011651142.744335,8506340766.36643,9505310376.37791,154927464200.01086,140405764514.14578,14521699685.86511,53600817085.467476,52114057904.06486,1486759181.40263
NML,cesm1-bgc_rcp85_r1i1p1,FORE-SCE-B1,72,0.48722878549351417,15854181501.579641,4295456640.42241,11558724861.15723,14955069745.645943,6972755674.493818,7982314071.152122,15205148416.567865,6465482523.2623415,8739665893.305525,152873504215.51343,140469601593.2602,12403902622.253231,61180869202.59628,59887080286.57535,1293788916.0209324
NML,cesm1-bgc_rcp85_r1i1p1,GCAM-26,72,0.48722878549351417,28269779982.75521,7503222493.121559,20766557489.63365,24792374402.890392,7498808843.66834,17293565559.222057,18980309589.637085,2373744876.1512012,16606564713.485888,543152693927.0981,501682930526.1611,41469763400.93703,64107655874.01912,57120617838.35982,6987038035.659304
NML,cesm1-bgc_rcp85_r1i1p1,GCAM-45,72,0.48722878549351417,22680309841.598606,6184584253.776565,16495725587.822037,20548096472.176655,7756121629.535663,12791974842.640999,21893092731.53133,9107780711.19161,12785312020.339725,580528911090.2273,547320241738.01447,33208669352.21295,95152846185.0105,91535502353.1735,3617343831.8369966
NML,cesm1-bgc_rcp85_r1i1p1,GCAM-ref,72,0.48722878549351417,18481180457.45686,5006627911.991063,13474552545.4658,18000435806.699265,7976838554.329132,10023597252.37013,18032191249.468346,7555042561.731057,10477148687.737284,153461479784.08,138413059509.79358,15048420274.2864,51986039578.06886,49368867983.55644,2617171594.512437
NML,cesm1-bgc_rcp85_r1i1p1,LUCAS-BAU_High-0001,72,0.48722878549351417,14070301593.522484,3752607980.7618475,10317693612.760635,12549374346.748798,5743456966.612459,6805917380.136338,14222414910.002844,6737733617.122065,7484681292.880777,158261862680.57172,147248948840.68192,11012913839.889826,73229013886.1881,72238096251.6452,990917634.542886
NML,cesm1-bgc_rcp85_r1i1p1,LUCAS-BAU_High-0002,72,0.48722878549351417,14270360719.559105,3780841713.179314,10489519006.379791,13156817326.591534,6189894425.047232,6966922901.544304,13226587765.771748,5597125213.960527,7629462551.811221,157130308881.4453,146031759520.69354,11098549360.751703,71850117821.36206,70786562299.65073,1063555521.7113363
NML,cesm1-cam5_rcp26_r1i1p1,FORE-SCE-A1B,72,0.47161771976229694,12753418472.011318,1068202712.93229,11685215759.07903,11174881328.5952,2695240726.612216,8479640601.982988,18453984002.64641,10594021571.450539,7859962431.195876,17057361669.72556,9823829608.286535,7233532061.439025,10571055433.89931,420192256.5458962,10150863177.353413
NML,cesm1-cam5_rcp26_r1i1p1,FORE-SCE-A2,72,0.47161771976229694,11219631191.711905,591108181.3703276,10628523010.341581,9023249152.326412,1646571436.021937,7376677716.304477,9279450027.034252,2450370783.4341373,6829079243.600115,13103479218.757902,6799254739.577812,6304224479.180091,8905512091.0769,286272349.1572194,8619239741.919682
NML,cesm1-cam5_rcp26_r1i1p1,FORE-SCE-B1,72,0.47161771976229694,10359117670.653862,565044644.9987695,9794073025.655092,7991874446.418946,1635594175.9506812,6356280270.468265,8315739228.304859,2536779131.702896,5778960096.601964,12364928135.600197,6956879572.38648,5408048563.213713,7830168830.851692,470873158.2005798,7359295672.651112
NML,cesm1-cam5_rcp26_r1i1p1,GCAM-26,72,0.47161771976229694,20773770008.074364,2504841927.201082,18268928080.87328,20324339003.851513,3800636843.0877066,16523702160.763811,28142516225.218292,13066221802.180584,15076294423.037712,26185991958.0946,12050373579.452517,14135618378.642082,19291686991.15339,600126462.8722795,18691560528.28111
NML,cesm1-cam5_rcp26_r1i1p1,GCAM-45,72,0.47161771976229694,15731979358.483097,1650724404.3254004,14081254954.1577,14069318948.303827,2851905798.480256,11217413149.82357,29232611298.79081,19169680127.105637,10062931171.68517,20420321262.601696,11052446830.123627,9367874432.47806,13112756070.198755,380931540.8173649,12731824529.381392
NML,cesm1-cam5_rcp26_r1i1p1,GCAM-ref,72,0.47161771976229694,12664652905.298124,1233180008.9155746,11431472896.382551,10906376189.915552,2721406860.0476966,8184969329.867859,18047108934.142532,10508226232.793924,7538882701.348605,19069828823.352093,12122797207.7533,6947031615.598788,10536623919.90768,494658077.01417226,10041965842.893509
NML,cesm1-cam5_rcp26_r1i1p1,LUCAS-BAU_High-0001,72,0.47161771976229694,9248555061.51771,543809950.4196973,8704745111.098015,6840064821.815658,1622667131.375554,5217397690.440103,7298408105.678092,2537000793.8611064,4761407311.816984,11307734282.535166,6825748867.200945,4481985415.334224,7406152544.145613,1331277785.0183187,6074874759.127295
NML,cesm1-cam5_rcp26_r1i1p1,LUCAS-BAU_High-0002,72,0.47161771976229694,9346061794.877771,576499001.8388636,8769562793.038908,6961559966.5709305,1638684349.9626708,5322875616.608258,7419459616.418344,2556824560.9294753,4862635055.48887,11342351922.729666,6799209887.800983,4543142034.928684,7496088159.99883,1220362984.6384602,6275725175.360368
NML,cesm1-cam5_rcp45_r1i1p1,FORE-SCE-A1B,72,0.5214239023674982,16308151753.883236,694424363.3034742,15613727390.579762,14832006826.442877,997355088.6467831,13834651737.796095,12482031863.937618,795351069.6959401,11686680794.241678,23214984864.358505,11455671973.074903,11759312891.283598,15735238546.20893,1021961034.1118878,14713277512.09704
NML,cesm1-cam5_rcp45_r1i1p1,FORE-SCE-A2,72,0.5214239023674982,14221657844.22651,438225787.3251112,13783432056.901398,12625677383.997713,1097219038.210511,11528458345.787203,10236784065.167559,718335759.8405304,9518448305.32703,22623634872.15449,12906034586.079967,9717600286.07452,13082332348.505594,934706087.4941328,12147626261.011465
NML,cesm1-cam5_rcp45_r1i1p1,FORE-SCE-B1,72,0.5214239023674982,12978675483.378777,369349565.80817103,12609325917.570604,11303310717.989851,1108242441.0747452,10195068276.915108,8253310256.307011,0.0,8253310256.307011,16902708269.748203,8358238584.963539,8544469684.784665,11531698442.070026,905299588.293107,10626398853.776917
NML,cesm1-cam5_rcp45_r1i1p1,GCAM-26,72,0.5214239023674982,30261549510.29089,2314236406.0827913,27947313104.208096,27324312009.834625,275516449.9400306,27048795559.894596,25870454080.938305,1254323484.6211848,24616130596.317123,33104664457.07977,8452453525.5384655,24652210931.541294,28717858148.5122,1340853508.9328759,27377004639.579315
NML,cesm1-cam5_rcp45_r1i1p1,GCAM-45,72,0.5214239023674982,24587437816.051323,4241344662.0538287,20346093153.997486,20819533115.530983,2089884400.0717287,18729648715.459255,19652439064.672928,3005838994.052682,16646600070.62024,28659421149.73756,12157709454.966547,16501711694.771013,19896713267.322136,1037289718.4812787,18859423548.840862
NML,cesm1-cam5_rcp45_r1i1p1,GCAM-ref,72,0.5214239023674982,20334730165.827568,4247600377.913211,16087129787.914358,15949124163.654524,1758815943.4557996,14190308220.198725,15826807649.844112,3749857635.7721114,12076950014.071999,30224676680.8748,18144999060.638954,12079677620.235838,16152152741.576723,1071240317.6835911,15080912423.893131
NML,cesm1-cam5_rcp45_r1i1p1,LUCAS-BAU_High-0001,72,0.5214239023674982,11428840643.259966,449174194.823439,10979666448.436525,8702491413.170086,181209792.93509763,8521281620.234986,6863740115.429779,0.0,6863740115.429779,12328691989.28001,5078969425.422698,7249722563.857318,9622585126.051445,839139076.3281786,8783446049.723265
NML,cesm1-cam5_rcp45_r1i1p1,LUCAS-BAU_High-0002,72,0.5214239023674982,11686105393.640408,489380849.22653437,11196724544.413872,9005850421.59497,182420680.85658094,8823429740.73839,7098492370.359505,0.0,7098492370.359505,12500861062.268538,4973773036.233482,7527088026.035056,9965555150.312897,854227298.2721646,9111327852.040731
NML,cesm1-cam5_rcp60_r1i1p1,FORE-SCE-A1B,72,0.4756503138834106,18143927902.18162,1604467734.7436352,16539460167.437986,23101184990.96876,9446848599.792831,13654336391.17593,31280726292.98394,18783105181.69981,12497621111.284136,25467694172.834732,12678119044.560661,12789575128.274069,22013833968.735165,9454757500.458282,12559076468.276884
NML,cesm1-cam5_rcp60_r1i1p1,FORE-SCE-A2,72,0.4756503138834106,16097435296.979174,1297728530.057893,14799706766.921282,20014830775.187496,8392791472.422488,11622039302.765003,29387647068.7643,18829963218.8496,10557683849.914705,22430915628.473476,11525579760.199915,10905335868.27356,21025362405.454212,10594991116.450283,10430371289.003937
NML,cesm1-cam5_rcp60_r1i1p1,FORE-SCE-B1,72,0.4756503138834106,18428873588.62547,4738853539.78079,13690020048.84468,18728223397.533184,8400900256.618631,10327323140.914557,28127648968.21334,18789499032.78865,9338149935.424694,22024295876.787193,12180611769.237465,9843684107.549728,19434817557.436035,10466464285.244453,8968353272.191586
NML,cesm1-cam5_rcp60_r1i1p1,GCAM-26,72,0.4756503138834106,29582767918.49624,2610666138.8334036,26972101779.662834,34647478809.48627,9489136248.186388,25158342561.29988,44985658250.777794,21445030958.66511,23540627292.112675,37921095035.55122,14650824260.996471,23270270774.554745,34757202103.22655,11141888720.057697,23615313383.168854
NML,cesm1-cam5_rcp60_r1i1p1,GCAM-45,72,0.4756503138834106,23320109121.261375,3054740521.8629723,20265368599.3984,28467545251.14343,10543984854.06089,17923560397.082535,39820747681.2619,23509296083.688435,16311451597.57347,31273331255.44628,14809294889.387505,16464036366.058762,27171082662.250885,11027050749.612064,16144031912.638817
NML,cesm1-cam5_rcp60_r1i1p1,GCAM-ref,72,0.4756503138834106,17932887869.05009,1582260707.021654,16350627162.028435,22832497703.190777,9110141037.19828,13722356665.99249,30744929851.118347,18411275743.51639,12333654107.601967,25329435287.21556,12639442610.62871,12689992676.586859,21916670544.048668,9200237399.322367,12716433144.726297
NML,cesm1-cam5_rcp60_r1i1p1,LUCAS-BAU_High-0001,72,0.4756503138834106,16242623613.634735,4022559155.5585346,12220064458.076199,15424329513.343412,6693312370.20417,8731017143.139244,21832658991.632835,14030584966.803478,7802074024.829348,21553479875.85117,13226393984.469501,8327085891.381663,17790389147.690525,10433038905.87152,7357350241.818994
NML,cesm1-cam5_rcp60_r1i1p1,LUCAS-BAU_High-0002,72,0.4756503138834106,16497434173.93291,4016288956.625124,12481145217.307787,16658113229.718111,7715376930.95405,8942736298.764061,23357404305.88264,15334513166.01722,8022891139.865426,20425631023.207363,11908046715.727262,8517584307.480092,17903466585.759857,10283860537.121677,7619606048.638178
NML,cesm1-cam5_rcp85_r1i1p1,FORE-SCE-A1B,72,0.49441968702891376,37335162615.244095,14870147389.090828,22465015226.153267,57304508264.38513,39009476584.42912,18295031679.956017,90060819494.5017,71962399211.45926,18098420283.04248,132185041462.98294,109685820568.3638,22499220894.619114,61777717867.12814,50102616988.56573,11675100878.562449
NML,cesm1-cam5_rcp85_r1i1p1,FORE-SCE-A2,72,0.49441968702891376,33274892753.546772,12910096960.225027,20364795793.32175,51569453106.60716,35173166745.64162,16396286360.96553,80650209192.74388,63917931662.602234,16732277530.14165,128041563815.60664,107851071966.70148,20190491848.905178,62090436008.557945,52150163344.92588,9940272663.63208
NML,cesm1-cam5_rcp85_r1i1p1,FORE-SCE-B1,72,0.49441968702891376,29256413457.11236,10431655975.165577,18824757481.94679,48371184042.33818,33597587299.88851,14773596742.44965,67946022665.16645,52797439873.429054,15148582791.73739,124317056634.94864,106522743609.94243,17794313025.006172,63651300268.12988,55243374612.98308,8407925655.146816
NML,cesm1-cam5_rcp85_r1i1p1,GCAM-26,72,0.49441968702891376,64386623777.12683,31893403633.30349,32493220143.82331,67682924187.804825,37357001110.33866,30325923077.46616,80096824167.94365,52399120199.76467,27697703968.178978,154102755898.74075,115654560023.12402,38448195875.6167,70016937904.41652,48173046096.244644,21843891808.17185
NML,cesm1-cam5_rcp85_r1i1p1,GCAM-45,72,0.49441968702891376,43688387149.6727,18016126693.802982,25672260455.86971,59689943696.52245,36926837533.71671,22763106162.805737,89187544168.02086,66667434893.38656,22520109274.63429,146655752990.71704,117302147187.90195,29353605802.81512,67686839722.48477,53045536096.64839,14641303625.836382
NML,cesm1-cam5_rcp85_r1i1p1,GCAM-ref,72,0.49441968702891376,36107649729.671646,13981211231.789604,22126438497.882057,55920130407.34519,38027809909.57841,17892320497.766792,87056688185.90746,69164980482.92943,17891707702.978,131815554532.45326,110085815092.70721,21729739439.746037,63453686899.10489,51987520960.50379,11466165938.601103
NML,cesm1-cam5_rcp85_r1i1p1,LUCAS-BAU_High-0001,72,0.49441968702891376,26110768952.790943,9388011978.550188,16722756974.24075,45136694462.66615,32666962379.35035,12469732083.315811,65651616427.46491,52670247349.78021,12981369077.684685,121369359209.76807,106143349193.12772,15226010016.640335,65271439959.81276,58503075200.41099,6768364759.401804
NML,cesm1-cam5_rcp85_r1i1p1,LUCAS-BAU_High-0002,72,0.49441968702891376,26359899886.011734,9507771888.493633,16852127997.518091,45488198109.47431,32677548143.455498,12810649966.018787,65844088143.51608,52631957783.73595,13212130359.780119,121681403348.91747,106074449194.55838,15606954154.359167,65042702780.80259,58027959596.150375,7014743184.652212
NML,cmcc-cm_rcp45_r1i1p1,FORE-SCE-A1B,72,0.577905070671221,13551236411.855917,0.0,13551236411.855917,12932061909.896177,0.0,12932061909.896177,12182461058.932507,0.0,12182461058.932507,12072136455.690655,0.0,12072136455.690655,12230589917.976847,0.0,12230589917.976847
NML,cmcc-cm_rcp45_r1i1p1,FORE-SCE-A2,72,0.577905070671221,11222552819.206938,0.0,11222552819.206938,10341729580.077707,0.0,10341729580.077707,9674548191.082552,0.0,9674548191.082552,9544392737.163073,0.0,9544392737.163073,9592296462.094145,0.0,9592296462.094145
NML,cmcc-cm_rcp45_r1i1p1,FORE-SCE-B1,72,0.577905070671221,9605253307.132523,0.0,9605253307.132523,8476350421.437308,0.0,8476350421.437308,7682055513.028029,0.0,7682055513.028029,7574454474.217717,6495999.999994092,7567958474.217723,7638715310.008735,0.0,7638715310.008735
NML,cmcc-cm_rcp45_r1i1p1,GCAM-26,72,0.577905070671221,29195908908.627426,0.0,29195908908.627426,28933298705.04423,0.0,28933298705.04423,28402746350.410465,0.0,28402746350.410465,28643082344.14875,0.0,28643082344.14875,28659796569.865692,0.0,28659796569.865692
NML,cmcc-cm_rcp45_r1i1p1,GCAM-45,72,0.577905070671221,19224882753.015892,0.0,19224882753.015892,18669774896.497055,0.0,18669774896.497055,17978071461.052876,0.0,17978071461.052876,18035596992.330727,0.0,18035596992.330727,18074763884.945553,0.0,18074763884.945553
NML,cmcc-cm_rcp45_r1i1p1,GCAM-ref,72,0.577905070671221,13315454429.170662,0.0,13315454429.170662,12734623146.752163,0.0,12734623146.752163,12010369541.494938,0.0,12010369541.494938,12744444946.658743,852997000.0000434,11891447946.658699,12078720277.89439,0.0,12078720277.89439
NML,cmcc-cm_rcp45_r1i1p1,LUCAS-BAU_High-0001,72,0.577905070671221,7714783098.531908,0.0,7714783098.531908,6361979864.655508,0.0,6361979864.655508,5574660062.765486,0.0,5574660062.765486,5402573691.347174,0.0,5402573691.347174,5478227825.266666,0.0,5478227825.266666
NML,cmcc-cm_rcp45_r1i1p1,LUCAS-BAU_High-0002,72,0.577905070671221,7996951923.063919,0.0,7996951923.063919,6677173989.177498,0.0,6677173989.177498,5874919319.881325,0.0,5874919319.881325,5701665873.644685,0.0,5701665873.644685,5804776870.871067,0.0,5804776870.871067
NML,cmcc-cm_rcp85_r1i1p1,FORE-SCE-A1B,72,0.5339733876520555,15715234130.015234,0.0,15715234130.015234,14450574621.939663,0.0,14450574621.939663,13261141058.536793,345334870.6943788,12915806187.842415,13051569224.487171,479268999.9999593,12572300224.487213,12482513413.310314,0.0,12482513413.310314
NML,cmcc-cm_rcp85_r1i1p1,FORE-SCE-A2,72,0.5339733876520555,13905439410.059763,0.0,13905439410.059763,12571307378.351488,0.0,12571307378.351488,11671713170.626444,668954069.2729709,11002759101.353474,12408895906.604736,1786339999.9999795,10622555906.604753,10582591084.546915,0.0,10582591084.546915
NML,cmcc-cm_rcp85_r1i1p1,FORE-SCE-B1,72,0.5339733876520555,11956888685.655748,0.0,11956888685.655748,10327259900.730888,0.0,10327259900.730888,9059437206.894615,0.0,9059437206.894615,9382051367.744108,642974311.7380787,8739077056.00603,8259099271.561924,0.0,8259099271.561924
NML,cmcc-cm_rcp85_r1i1p1,GCAM-26,72,0.5339733876520555,30225068448.353287,0.0,30225068448.353287,29592201922.75253,0.0,29592201922.75253,28308357512.438984,0.0,28308357512.438984,29473705583.41268,0.0,29473705583.41268,28933712447.17899,0.0,28933712447.17899
NML,cmcc-cm_rcp85_r1i1p1,GCAM-45,72,0.5339733876520555,20671852525.939095,0.0,20671852525.939095,19878559847.653866,0.0,19878559847.653866,18262798265.46833,0.0,18262798265.46833,19389277883.857765,545028980.7426263,18844248903.11514,18565204144.266994,0.0,18565204144.266994
NML,cmcc-cm_rcp85_r1i1p1,GCAM-ref,72,0.5339733876520555,14599106892.459227,0.0,14599106892.459227,13665718160.97474,0.0,13665718160.97474,12254468696.00212,360372440.6511043,11894096255.351015,11949380224.858435,360691999.9999673,11588688224.85847,11824924236.177418,0.0,11824924236.177418
NML,cmcc-cm_rcp85_r1i1p1,LUCAS-BAU_High-0001,72,0.5339733876520555,9870642416.29512,0.0,9870642416.29512,8082197219.30743,0.0,8082197219.30743,6750738047.502706,0.0,6750738047.502706,6458808148.911601,0.0,6458808148.911601,5995157245.699554,0.0,5995157245.699554
NML,cmcc-cm_rcp85_r1i1p1,LUCAS-BAU_High-0002,72,0.5339733876520555,10076995319.395786,0.0,10076995319.395786,8373550780.457009,0.0,8373550780.457009,7084439499.496836,93517980.40005806,6990921519.096777,6728810603.225906,22755000.0000052,6706055603.225901,6260521165.137555,0.0,6260521165.137555
NML,cnrm-cm5_rcp45_r1i1p1,FORE-SCE-A1B,72,0.4770261561590685,23278637647.712414,8424099036.166168,14854538611.546238,34043971875.114906,23453335168.473392,10590636706.641521,38919424097.19627,27593261551.18314,11326162546.01313,79188544574.13075,65024129425.31316,14164415148.817627,57544043939.10757,42298441404.89811,15245602534.209457
NML,cnrm-cm5_rcp45_r1i1p1,FORE-SCE-A2,72,0.4770261561590685,20782136013.642776,7306830270.572672,13475305743.0701,31833822740.84397,22544261475.15287,9289561265.6911,36772394662.7472,26737426445.42756,10034968217.319624,77305724473.07922,64576853333.499245,12728871139.579954,55189842599.729065,41953424131.97952,13236418467.749533
NML,cnrm-cm5_rcp45_r1i1p1,FORE-SCE-B1,72,0.4770261561590685,18934917439.028915,6218506154.227189,12716411284.801725,29426346138.127262,21000651450.10132,8425694688.025926,34637435086.775986,25549590038.938683,9087845047.837315,74510512812.59871,63141472835.917984,11369039976.680712,53545797425.1597,41753944798.30726,11791852626.852444
NML,cnrm-cm5_rcp45_r1i1p1,GCAM-26,72,0.4770261561590685,41707802963.59032,20294284456.94308,21413518506.647236,44435260413.810265,26502858878.94227,17932401534.868004,54108917815.94188,35699191288.40343,18409726527.538464,109056814836.29385,83810981772.48894,25245833063.804863,74423280955.91386,50284048605.35222,24139232350.56161
NML,cnrm-cm5_rcp45_r1i1p1,GCAM-45,72,0.4770261561590685,33403016812.734726,16455802909.056791,16947213903.67792,40447909893.08333,27302903335.733696,13145006557.349644,51647910122.15305,38100286837.20553,13547623284.947514,102301126316.31943,81986752261.95045,20314374054.36905,67310680230.78528,49659259517.64502,17651420713.140274
NML,cnrm-cm5_rcp45_r1i1p1,GCAM-ref,72,0.4770261561590685,29042503069.75313,14478791932.38575,14563711137.367393,36736586288.90684,26269425027.188427,10467161261.718409,47301791404.4131,36169644366.51593,11132147037.897182,81730592896.09973,67637805585.982994,14092787310.116762,57666312814.28642,42302564250.26337,15363748564.023045
NML,cnrm-cm5_rcp45_r1i1p1,LUCAS-BAU_High-0001,72,0.4770261561590685,23604991080.46894,12175608676.170933,11429382404.298004,28498008732.073376,21184467006.044636,7313541726.028729,36483216222.503075,28536683335.5998,7946532886.903267,72453511666.50287,62335429522.37344,10118082144.129408,51651332567.28298,41456087255.63796,10195245311.645042
NML,cnrm-cm5_rcp45_r1i1p1,LUCAS-BAU_High-0002,72,0.4770261561590685,23990223586.834335,12315056001.942509,11675167584.891823,28965887779.196686,21492467931.322678,7473419847.87402,36696832362.240326,28622031052.290897,8074801309.949441,73176421295.24104,62824586930.89902,10351834364.34201,51949772596.236145,41486616561.18096,10463156035.055191
NML,cnrm-cm5_rcp85_r1i1p1,FORE-SCE-A1B,72,0.4472919134792902,54995718486.17593,31501571451.170006,23494147035.005924,58723437033.400276,39787966639.88336,18935470393.51692,61421355291.277725,39486520718.80463,21934834572.47309,193552510743.8968,175002369697.82516,18550141046.07167,94486977590.93172,89821654645.50984,4665322945.421859
NML,cnrm-cm5_rcp85_r1i1p1,FORE-SCE-A2,72,0.4472919134792902,49706213712.510254,28207395844.141956,21498817868.36831,55629804552.3148,38667025108.50157,16962779443.8132,58403837159.083954,38590879037.46919,19812958121.61475,196486716036.36304,180062085134.34436,16424630902.018698,101750808293.63724,98085633229.58769,3665175064.0495725
NML,cnrm-cm5_rcp85_r1i1p1,FORE-SCE-B1,72,0.4472919134792902,46218352977.80304,27247054714.738968,18971298263.064056,51622704337.21156,36159908517.75478,15462795819.456787,54360622225.98405,36384914801.79535,17975707424.188694,198189906990.88885,183656066956.32843,14533840034.560417,109045885792.65738,106060822290.29648,2985063502.3609295
NML,cnrm-cm5_rcp85_r1i1p1,GCAM-26,72,0.4472919134792902,70043469414.68755,36427800018.49817,33615669396.189358,73163314007.8533,43959265528.399574,29204048479.453716,92495893922.37233,60870491080.002075,31625402842.370224,302923000769.45825,262996307600.93253,39926693168.52579,98599892216.52586,88339595410.10939,10260296806.41647
NML,cnrm-cm5_rcp85_r1i1p1,GCAM-45,72,0.4472919134792902,59738425970.33311,31612648885.491096,28125777084.84201,68646152881.41681,45669634851.01703,22976518030.399776,82203250354.91125,56246093227.684,25957157127.22725,307715449230.6427,277655572536.0562,30059876694.586437,115220836567.96724,109281403750.423,5939432817.544218
NML,cnrm-cm5_rcp85_r1i1p1,GCAM-ref,72,0.4472919134792902,54109254979.935104,31212790114.57113,22896464865.363987,57900704331.88776,39285183372.019745,18615520959.868023,60515447332.86274,39094788089.40754,21420659243.45517,196241215019.9673,177908770370.4942,18332444649.473133,95290140060.3975,90592831844.07393,4697308216.3235655
NML,cnrm-cm5_rcp85_r1i1p1,LUCAS-BAU_High-0001,72,0.4472919134792902,42559242650.89823,25736033732.006123,16823208918.892109,49149686356.87786,35769397989.014915,13380288367.862953,52830520046.33627,37092658763.26591,15737861283.070375,201653668775.25656,189267889430.7815,12385779344.475105,120865270226.04115,118675083787.6058,2190186438.4353695
NML,cnrm-cm5_rcp85_r1i1p1,LUCAS-BAU_High-0002,72,0.4472919134792902,43230478610.242836,26068291387.17612,17162187223.066708,48728700525.36183,35063373687.17654,13665326838.18528,52347181971.73823,36306622428.935555,16040559542.802656,200897553672.7407,188180404552.7482,12717149119.992474,119343483176.77028,117038148074.22565,2305335102.5446277
NML,csiro-mk3-6-0_rcp26_r1i1p1,FORE-SCE-A1B,72,0.5322403657406402,24548883869.12247,5714672678.828107,18834211190.29436,24611679309.06525,8660227967.397736,15951451341.667515,38198887038.50699,24203615562.655888,13995271475.851105,38401397416.089806,24652532801.204704,13748864614.885101,21720694456.67151,4454291326.701912,17266403129.9696
NML,csiro-mk3-6-0_rcp26_r1i1p1,FORE-SCE-A2,72,0.5322403657406402,21942103183.234608,5539070957.537628,16403032225.696978,22159153867.501637,8805971824.045256,13353182043.456379,38538508234.55891,27152283260.555874,11386224974.003016,37287524155.86544,26070606169.91079,11216917985.954643,18804255397.22261,4401886378.156253,14402369019.066362
NML,csiro-mk3-6-0_rcp26_r1i1p1,FORE-SCE-B1,72,0.5322403657406402,18890236366.472363,3728287526.2286215,15161948840.243748,19516439396.677776,7488147458.212711,12028291938.465063,39948181373.24446,29969898198.498287,9978283174.74618,37590458966.10683,27643174461.96753,9947284504.13929,16895278676.357706,4095842743.6230125,12799435932.734697
NML,csiro-mk3-6-0_rcp26_r1i1p1,GCAM-26,72,0.5322403657406402,41584380691.830574,11378051952.284779,30206328739.54581,36058952639.77109,7197600776.430793,28861351863.340294,46105928835.24419,19530939488.066563,26574989347.177616,44851041881.62401,18511912551.997063,26339129329.62695,36044746893.78653,5789361608.4086895,30255385285.377842
NML,csiro-mk3-6-0_rcp26_r1i1p1,GCAM-45,72,0.5322403657406402,27489310499.44711,4117135443.1857905,23372175056.261322,28387567676.248055,7540067676.373327,20847499999.87473,39053295115.594215,20248912557.26422,18804382558.329987,39052301770.6584,20642873390.311226,18409428380.347168,26201879634.85587,4510410039.321281,21691469595.53459
NML,csiro-mk3-6-0_rcp26_r1i1p1,GCAM-ref,72,0.5322403657406402,24636294380.0537,5362495734.259972,19273798645.793728,25461180989.520992,9082401174.791815,16378779814.729174,39572060346.52313,25311899709.118195,14260160637.404934,39545146749.86398,25487530059.604347,14057616690.259638,21833039117.08531,4159050459.212333,17673988657.872982
NML,csiro-mk3-6-0_rcp26_r1i1p1,LUCAS-BAU_High-0001,72,0.5322403657406402,16886329713.589413,2982618432.9353027,13903711280.65411,17884859695.932938,7370630591.92233,10514229104.010612,34314414722.53873,25717541452.8688,8596873269.669924,38745808759.64841,30008142345.86554,8737666413.782873,16074567316.61319,4971160847.142847,11103406469.47034
NML,csiro-mk3-6-0_rcp26_r1i1p1,LUCAS-BAU_High-0002,72,0.5322403657406402,17127119601.274883,3068431717.0967693,14058687884.178112,18153990117.343395,7384256752.884774,10769733364.458624,34493822837.93132,25616797988.563316,8877024849.36801,38586969040.44793,29656798769.79945,8930170270.648476,16268609772.488228,4811404103.464925,11457205669.023304
NML,csiro-mk3-6-0_rcp45_r1i1p1,FORE-SCE-A1B,72,0.5662203052701452,14556782247.193777,0.0,14556782247.193777,13666379659.990028,0.0,13666379659.990028,12395988299.377708,0.0,12395988299.377708,12599653829.511858,0.0,12599653829.511858,12362160702.372925,0.0,12362160702.372925
NML,csiro-mk3-6-0_rcp45_r1i1p1,FORE-SCE-A2,72,0.5662203052701452,12397037825.773094,0.0,12397037825.773094,10996812703.736862,0.0,10996812703.736862,9529625419.597853,0.0,9529625419.597853,9730540976.973328,0.0,9730540976.973328,9504861706.252354,0.0,9504861706.252354
NML,csiro-mk3-6-0_rcp45_r1i1p1,FORE-SCE-B1,72,0.5662203052701452,10966847680.705124,0.0,10966847680.705124,9337745067.602951,0.0,9337745067.602951,7839765052.794425,0.0,7839765052.794425,8069082873.9683075,0.0,8069082873.9683075,7789839581.844458,0.0,7789839581.844458
NML,csiro-mk3-6-0_rcp45_r1i1p1,GCAM-26,72,0.5662203052701452,29573244717.644455,0.0,29573244717.644455,29126918021.03005,0.0,29126918021.03005,28127827027.79819,204546659.0834477,27923280368.71475,28770873441.769493,844587748.133424,27926285693.636063,28392118769.633724,757048557.5166628,27635070212.11706
NML,csiro-mk3-6-0_rcp45_r1i1p1,GCAM-45,72,0.5662203052701452,20055722980.073612,0.0,20055722980.073612,19459108522.824604,0.0,19459108522.824604,18354279901.113255,0.0,18354279901.113255,20829838388.50135,2123125263.0139546,18706713125.487392,18558205655.120777,773345988.840364,17784859666.28041
NML,csiro-mk3-6-0_rcp45_r1i1p1,GCAM-ref,72,0.5662203052701452,15047171889.864744,0.0,15047171889.864744,14111420597.444696,0.0,14111420597.444696,12843473645.94974,0.0,12843473645.94974,13055742614.228016,0.0,13055742614.228016,12833478952.275173,0.0,12833478952.275173
NML,csiro-mk3-6-0_rcp45_r1i1p1,LUCAS-BAU_High-0001,72,0.5662203052701452,9481553536.83487,0.0,9481553536.83487,7732130115.653417,0.0,7732130115.653417,6358672476.643444,0.0,6358672476.643444,10213419788.431124,3505444182.293508,6707975606.137613,6207244069.248489,0.0,6207244069.248489
NML,csiro-mk3-6-0_rcp45_r1i1p1,LUCAS-BAU_High-0002,72,0.5662203052701452,9731395650.952642,0.0,9731395650.952642,8021189955.013625,0.0,8021189955.013625,6616911192.401722,0.0,6616911192.401722,6952743396.539218,40155427.995853096,6912587968.543365,6517964223.41713,0.0,6517964223.41713
NML,csiro-mk3-6-0_rcp60_r1i1p1,FORE-SCE-A1B,72,0.5298634476858584,13014585761.439661,0.0,13014585761.439661,11122945101.525942,0.0,11122945101.525942,9638859802.054998,513947000.000013,9124912802.054989,16115382758.698544,7618658809.885828,8496723948.812717,13238693013.43874,5124965370.201976,8113727643.236767
NML,csiro-mk3-6-0_rcp60_r1i1p1,FORE-SCE-A2,72,0.5298634476858584,11810696814.317122,0.0,11810696814.317122,9350801384.132782,0.0,9350801384.132782,7666726034.128328,5086903.673923189,7661639130.454405,15237879328.610888,7976756809.65825,7261122518.952635,12280031964.942104,5773717723.691729,6506314241.250374
NML,csiro-mk3-6-0_rcp60_r1i1p1,FORE-SCE-B1,72,0.5298634476858584,10288297509.937195,0.0,10288297509.937195,7711800658.86187,0.0,7711800658.86187,6451117438.15055,72878466.69413775,6378238971.456412,13947499310.991257,8064464614.034272,5883034696.956993,10790722822.352978,5817242816.84602,4973480005.506962
NML,csiro-mk3-6-0_rcp60_r1i1p1,GCAM-26,72,0.5298634476858584,24119427102.210953,87826692.5426732,24031600409.668278,23262682586.18715,0.0,23262682586.18715,20626407365.99551,0.0,20626407365.99551,34510265685.95404,13696964226.04212,20813301459.911926,26964497324.847935,7032376454.069586,19932120870.77835
NML,csiro-mk3-6-0_rcp60_r1i1p1,GCAM-45,72,0.5298634476858584,16749706606.902939,9293533.873291835,16740413073.029648,15508574550.24528,0.0,15508574550.24528,13138352960.7804,0.0,13138352960.7804,32498633856.223465,19154692781.40124,13343941074.82222,21884197438.450863,9625379521.62847,12258817916.82238
NML,csiro-mk3-6-0_rcp60_r1i1p1,GCAM-ref,72,0.5298634476858584,12455135312.64071,0.0,12455135312.64071,10853883753.378288,0.0,10853883753.378288,8906702340.77025,33866464.668937445,8872835876.101313,15367857490.38167,7135718495.955409,8232138994.426262,12725080431.09409,4866726828.867542,7858353602.226545
NML,csiro-mk3-6-0_rcp60_r1i1p1,LUCAS-BAU_High-0001,72,0.5298634476858584,8863605656.03558,0.0,8863605656.03558,6175506230.048668,0.0,6175506230.048668,5356545257.586209,256639363.9593225,5099905893.626887,12986008938.48727,8298554003.37868,4687454935.108592,9525083718.794825,5911291888.344869,3613791830.449958
NML,csiro-mk3-6-0_rcp60_r1i1p1,LUCAS-BAU_High-0002,72,0.5298634476858584,8930010139.693985,0.0,8930010139.693985,6388401884.8967495,0.0,6388401884.8967495,5356979689.458109,69694226.47073479,5287285462.987374,12966426869.608683,8131872887.7745285,4834553981.83415,9641078769.726555,5837593240.331942,3803485529.394615
NML,csiro-mk3-6-0_rcp85_r1i1p1,FORE-SCE-A1B,72,0.5192675332062993,18808025017.318005,1461314649.7520862,17346710367.565918,16780346674.683138,2342750595.6076646,14437596079.075472,16823124038.606794,4005794528.127672,12817329510.479122,39944105105.64634,28689398041.98817,11254707063.658167,9848613185.515545,0.0,9848613185.515545
NML,csiro-mk3-6-0_rcp85_r1i1p1,FORE-SCE-A2,72,0.5192675332062993,16861694326.263344,1489248563.823515,15372445762.439829,14564051244.809338,2370292955.7015533,12193758289.107784,14818746953.977919,4119645778.6922874,10699101175.285631,39255914749.65046,30027826135.218037,9228088614.432407,7827536691.069928,57045311.63251476,7770491379.437414
NML,csiro-mk3-6-0_rcp85_r1i1p1,FORE-SCE-B1,72,0.5192675332062993,14308550619.412949,104152602.08134905,14204398017.3316,12334436380.091396,1459303112.882133,10875133267.209263,12010376237.397774,2617219399.766163,9393156837.63161,37369780922.07211,29582535613.453503,7787245308.618601,6683365155.332387,64219327.17083227,6619145828.161555
NML,csiro-mk3-6-0_rcp85_r1i1p1,GCAM-26,72,0.5192675332062993,30993723463.018867,2138272546.7479815,28855450916.27089,29937892358.726097,2721517599.728957,27216374758.99714,28638476044.228012,2871781908.961511,25766694135.266502,69162031543.43892,43617483422.14331,25544548121.295593,21491887319.57682,221702878.22566625,21270184441.351154
NML,csiro-mk3-6-0_rcp85_r1i1p1,GCAM-45,72,0.5192675332062993,23077258407.140152,1702998274.1188545,21374260133.021297,21599169361.440712,2616563066.775652,18982606294.66506,21465687792.611843,3836565506.0336156,17629122286.578224,66531960877.5317,49289914868.63872,17242046008.89298,13274784792.124239,98400427.971513,13176384364.152725
NML,csiro-mk3-6-0_rcp85_r1i1p1,GCAM-ref,72,0.5192675332062993,17690749140.632603,132807380.10861832,17557941760.523983,16258417494.051567,1493710028.1682525,14764707465.883316,15889033575.087439,2641412562.5631824,13247621012.524256,38455604586.1225,27005944114.078518,11449660472.043985,10351988555.609438,0.0,10351988555.609438
NML,csiro-mk3-6-0_rcp85_r1i1p1,LUCAS-BAU_High-0001,72,0.5192675332062993,12489309962.010595,9424816.288719466,12479885145.721876,10291084505.264914,1188369818.7819936,9102714686.48292,10780134893.27548,2962041941.63466,7818092951.64082,38001976993.719315,31683857302.898983,6318119690.820345,5384823621.909654,135491627.14348722,5249331994.766167
NML,csiro-mk3-6-0_rcp85_r1i1p1,LUCAS-BAU_High-0002,72,0.5192675332062993,12862997300.536224,12222712.539346594,12850774587.996878,10588640307.27323,1204546707.8025522,9384093599.470676,10988950753.055277,2931358607.4782767,8057592145.577002,37779081851.32361,31237988589.036247,6541093262.28737,5591336160.8955345,108573650.22010252,5482762510.675431
NML,fgoals-g2_rcp26_r1i1p1,FORE-SCE-A1B,72,0.5277454090742643,10170846986.316702,2047451812.6758623,8123395173.640843,11572118156.379305,5145089046.971967,6427029109.407338,20735361930.141136,15684246338.94379,5051115591.197342,51128341317.67015,45778231700.88718,5350109616.782963,32730141758.996044,28809638485.171806,3920503273.824235
NML,fgoals-g2_rcp26_r1i1p1,FORE-SCE-A2,72,0.5277454090742643,8564675742.867427,1669241629.0082114,6895434113.859215,10053608606.319248,5078095815.98114,4975512790.338108,19443437215.23042,15683804799.45504,3759632415.775382,54670429741.643074,50385126060.59258,4285303681.0505037,32800404443.262817,30263064357.40875,2537340085.854074
NML,fgoals-g2_rcp26_r1i1p1,FORE-SCE-B1,72,0.5277454090742643,7757267647.941156,1417823180.2819939,6339444467.6591625,9442431913.786674,5151177068.186987,4291254845.5996895,21618705645.907734,18417571212.538074,3201134433.369661,57722120031.68597,53984168127.601944,3737951904.0840006,34185088912.205475,32268585852.24222,1916503059.9632444
NML,fgoals-g2_rcp26_r1i1p1,GCAM-26,72,0.5277454090742643,20756890568.15191,4136222202.432956,16620668365.718946,23311829361.631466,7673153725.887188,15638675635.744274,31267023787.201878,17311889556.909122,13955134230.292765,73916731187.69621,59145950595.08548,14770780592.610714,41875235352.8848,28114536760.138187,13760698592.746634
NML,fgoals-g2_rcp26_r1i1p1,GCAM-45,72,0.5277454090742643,15475766159.115519,4579884899.504803,10895881259.610718,16918583520.871813,7418985855.41656,9499597665.455248,29658195555.56732,21943569806.626984,7714625748.940351,76039475378.69629,67605819951.12467,8433655427.571575,37520112347.74467,30429975185.614708,7090137162.129951
NML,fgoals-g2_rcp26_r1i1p1,GCAM-ref,72,0.5277454090742643,12379549135.544855,4261829220.3075695,8117719915.237276,14355615953.278643,7821875573.241102,6533740380.037541,27279453381.059795,22085656901.199474,5193796479.860313,54498177841.10274,49074927761.9469,5423250079.155856,32179463240.85529,28086373445.54374,4093089795.3115544
NML,fgoals-g2_rcp26_r1i1p1,LUCAS-BAU_High-0001,72,0.5277454090742643,7124997629.386378,1504738509.6686919,5620259119.717684,8505906079.965864,5101696961.866859,3404209118.0990024,21287838717.476543,18740270184.880478,2547568532.5960693,58214090893.02882,55125522002.79059,3088568890.238234,34049817519.625782,32778787425.310364,1271030094.3154192
NML,fgoals-g2_rcp26_r1i1p1,LUCAS-BAU_High-0002,72,0.5277454090742643,7192077900.940985,1514151019.9967453,5677926880.944239,8650812473.742033,5097247390.349684,3553565083.39235,21405747246.830223,18712686045.422684,2693061201.407539,59520106453.627174,56294019479.06051,3226086974.566644,34055843562.168182,32668762369.445328,1387081192.7228718
ORO,access1-0_rcp45_r1i1p1,FORE-SCE-A1B,72,1.2584998051006326,96636294014.25781,0.0,96636294014.25781,94624484833.06454,61647722.33665863,94562837110.72787,90850483139.38785,235241000.00000325,90615242139.38785,90850483139.38785,235241000.00000325,90615242139.38785,90850483139.38785,235241000.00000325,90615242139.38785
ORO,access1-0_rcp45_r1i1p1,FORE-SCE-A2,72,1.2584998051006326,77855859193.3952,0.0,77855859193.3952,76265714621.64835,0.0,76265714621.64835,73119530524.07481,235241000.0000091,72884289524.0748,73119530524.07481,235241000.0000091,72884289524.0748,73119530524.07481,235241000.0000091,72884289524.0748
ORO,access1-0_rcp45_r1i1p1,FORE-SCE-B1,72,1.2584998051006326,60257789679.08207,0.0,60257789679.08207,59539938857.52654,0.0,59539938857.52654,56982040760.717125,235241000.0000091,56746799760.71711,56982040760.717125,235241000.0000091,56746799760.71711,56982040760.717125,235241000.0000091,56746799760.71711
ORO,access1-0_rcp45_r1i1p1,GCAM-26,72,1.2584998051006326,217625311168.98938,0.0,217625311168.98938,218991726083.63098,0.0,218991726083.63098,212807049975.7687,235241000.00000617,212571808975.76865,212807049975.7687,235241000.00000617,212571808975.76865,212807049975.7687,235241000.00000617,212571808975.76865
ORO,access1-0_rcp45_r1i1p1,GCAM-45,72,1.2584998051006326,140486390494.48526,0.0,140486390494.48526,138826575132.89496,0.0,138826575132.89496,134289661181.89346,235241000.00000325,134054420181.89346,134289661181.89346,235241000.00000325,134054420181.89346,134289661181.89346,235241000.00000325,134054420181.89346
ORO,access1-0_rcp45_r1i1p1,GCAM-ref,72,1.2584998051006326,93444464549.76535,0.0,93444464549.76535,91933314898.98984,61158792.91028832,91872156106.07953,87972458851.03564,235241000.00000325,87737217851.03564,87972458851.03564,235241000.00000325,87737217851.03564,87972458851.03564,235241000.00000325,87737217851.03564
ORO,access1-0_rcp45_r1i1p1,LUCAS-BAU_High-0001,72,1.2584998051006326,44722094144.75451,0.0,44722094144.75451,43775599639.00601,0.0,43775599639.00601,41300124613.61873,235241000.00001198,41064883613.61872,41300124613.61873,235241000.00001198,41064883613.61872,41300124613.61873,235241000.00001198,41064883613.61872
ORO,access1-0_rcp45_r1i1p1,LUCAS-BAU_High-0002,72,1.2584998051006326,46746221781.53795,0.0,46746221781.53795,45918274623.45785,0.0,45918274623.45785,43487870933.94807,235241000.00001198,43252629933.94805,43487870933.94807,235241000.00001198,43252629933.94805,43487870933.94807,235241000.00001198,43252629933.94805
ORO,access1-0_rcp85_r1i1p1,FORE-SCE-A1B,72,1.229434599117082,171356531080.58606,0.0,171356531080.58606,172405513567.52426,0.0,172405513567.52426,159538954862.7039,0.0,159538954862.7039,159565351396.7739,0.0,159565351396.7739,163293118238.1171,0.0,163293118238.1171
ORO,access1-0_rcp85_r1i1p1,FORE-SCE-A2,72,1.229434599117082,141725825804.32935,0.0,141725825804.32935,141333483985.21002,0.0,141333483985.21002,130498198482.8695,0.0,130498198482.8695,130583295618.48904,0.0,130583295618.48904,133299040094.78789,0.0,133299040094.78789
ORO,access1-0_rcp85_r1i1p1,FORE-SCE-B1,72,1.229434599117082,118960499967.70555,0.0,118960499967.70555,118964575677.72086,0.0,118964575677.72086,109685094444.35315,0.0,109685094444.35315,109762777651.46417,0.0,109762777651.46417,112408108864.91032,0.0,112408108864.91032
ORO,access1-0_rcp85_r1i1p1,GCAM-26,72,1.229434599117082,347047401822.709,0.0,347047401822.709,348905624367.572,0.0,348905624367.572,333847631712.7873,0.0,333847631712.7873,332804988072.2371,0.0,332804988072.2371,332804988072.2371,0.0,332804988072.2371
ORO,access1-0_rcp85_r1i1p1,GCAM-45,72,1.229434599117082,236291947005.94302,0.0,236291947005.94302,236549731366.12006,0.0,236549731366.12006,222179595417.87753,0.0,222179595417.87753,222045647742.929,0.0,222045647742.929,222045647742.929,0.0,222045647742.929
ORO,access1-0_rcp85_r1i1p1,GCAM-ref,72,1.229434599117082,171501474163.2281,0.0,171501474163.2281,173150805903.02734,0.0,173150805903.02734,159272308110.23676,0.0,159272308110.23676,159279811334.2322,0.0,159279811334.2322,163442983886.00076,0.0,163442983886.00076
ORO,access1-0_rcp85_r1i1p1,LUCAS-BAU_High-0001,72,1.229434599117082,94541846156.71468,0.0,94541846156.71468,93847269908.86649,0.0,93847269908.86649,85861192706.63586,0.0,85861192706.63586,85911269642.96024,0.0,85911269642.96024,86985360737.59906,0.0,86985360737.59906
ORO,access1-0_rcp85_r1i1p1,LUCAS-BAU_High-0002,72,1.229434599117082,97807328912.91588,0.0,97807328912.91588,97106013570.63902,0.0,97106013570.63902,88996046413.36377,0.0,88996046413.36377,89055801378.04642,0.0,89055801378.04642,90932854096.35738,0.0,90932854096.35738
ORO,bcc-csm1-1-m_rcp45_r1i1p1,FORE-SCE-A1B,72,0.9809893943811857,120440384158.39624,3976183831.0708523,116464200327.32538,121340888830.25342,4393687991.832566,116947200838.42087,118006502399.92322,4393687999.999992,113612814399.92325,118105194827.94402,4393687999.999983,113711506827.94405,119703165542.35803,2860876029.327739,116842289513.0303
ORO,bcc-csm1-1-m_rcp45_r1i1p1,FORE-SCE-A2,72,0.9809893943811857,98353327712.54964,2221902950.571358,96131424761.97826,99266470614.28276,3470432162.1336126,95796038452.14915,96487366941.65228,2886221284.6021895,93601145657.05008,96568120063.62317,2886221294.6823506,93681898768.94083,99106878901.1389,2885994030.514534,96220884870.62436
ORO,bcc-csm1-1-m_rcp45_r1i1p1,FORE-SCE-B1,72,0.9809893943811857,82568810530.88199,2226584647.8340216,80342225883.04797,82870203712.56297,3472942482.720458,79397261229.84251,80550286260.09372,2888369999.6469336,77661916260.4468,80617232305.28067,2888370005.353508,77728862299.92715,82745504371.07416,2888166040.015005,79857338331.05916
ORO,bcc-csm1-1-m_rcp45_r1i1p1,GCAM-26,72,0.9809893943811857,249019522716.86157,598966521.5323417,248420556195.32922,253798709615.7595,4357682736.585251,249441026879.17422,247029542135.5934,4393687999.999989,242635854135.5934,246907797154.50714,4393687999.999989,242514109154.50714,246907797154.50714,4393687999.999989,242514109154.50714
ORO,bcc-csm1-1-m_rcp45_r1i1p1,GCAM-45,72,0.9809893943811857,165229404860.2766,753762014.2563915,164475642846.02023,169069700100.47394,4337586964.515219,164732113135.95874,164182083136.79453,4393688000.000004,159788395136.79453,164035007615.34827,4393688000.00001,159641319615.34827,164035007615.34827,4393688000.00001,159641319615.34827
ORO,bcc-csm1-1-m_rcp45_r1i1p1,GCAM-ref,72,0.9809893943811857,120181481411.22682,3961715863.8914614,116219765547.33537,120632969945.456,4393687601.189336,116239282344.26666,116717638794.0692,4393687999.999989,112323950794.06921,116821979913.59558,4393687999.999986,112428291913.59561,118694529883.91293,2853434929.2801228,115841094954.63281
ORO,bcc-csm1-1-m_rcp45_r1i1p1,LUCAS-BAU_High-0001,72,0.9809893943811857,64530608241.99206,2240056209.5346947,62290552032.45736,64877998330.775116,3480371022.7998962,61397627307.97522,62890969617.97841,2977307103.9841337,59913662513.99428,62944924226.9316,2977307103.9841337,59967617122.94747,64274708404.71803,2894673700.2319803,61380034704.48605
ORO,bcc-csm1-1-m_rcp45_r1i1p1,LUCAS-BAU_High-0002,72,0.9809893943811857,66960155616.25492,2234389113.39615,64725766502.85877,67314696374.0789,3477237039.4093685,63837459334.66954,65397138345.41156,2974608413.1031356,62422529932.308426,65457260179.39463,2974608413.5991755,62482651765.79545,66836770016.10955,2891927584.540905,63944842431.56864
ORO,bcc-csm1-1-m_rcp85_r1i1p1,FORE-SCE-A1B,72,0.7967964550331578,114717903998.8005,0.0,114717903998.8005,116645732118.51282,0.0,116645732118.51282,105646065871.96413,0.0,105646065871.96413,105336040061.65175,0.0,105336040061.65175,101853779302.40079,0.0,101853779302.40079
ORO,bcc-csm1-1-m_rcp85_r1i1p1,FORE-SCE-A2,72,0.7967964550331578,96784324326.78389,0.0,96784324326.78389,97519997579.6026,0.0,97519997579.6026,87411629046.36607,0.0,87411629046.36607,87186415521.91684,0.0,87186415521.91684,84418563163.6517,0.0,84418563163.6517
ORO,bcc-csm1-1-m_rcp85_r1i1p1,FORE-SCE-B1,72,0.7967964550331578,79598059247.53688,0.0,79598059247.53688,79524208873.43289,0.0,79524208873.43289,69557616298.14705,0.0,69557616298.14705,69118751163.57698,0.0,69118751163.57698,68012191114.373665,0.0,68012191114.373665
ORO,bcc-csm1-1-m_rcp85_r1i1p1,GCAM-26,72,0.7967964550331578,243608480790.20596,0.0,243608480790.20596,243426604241.72238,422333291.2467216,243004270950.47568,231165066123.98264,4954984999.999998,226210081123.98264,232648228063.94855,4954984999.999989,227693243063.94855,225921032188.5976,0.0,225921032188.5976
ORO,bcc-csm1-1-m_rcp85_r1i1p1,GCAM-45,72,0.7967964550331578,160330611183.62076,0.0,160330611183.62076,161401372500.0102,0.0,161401372500.0102,149314554209.27032,0.0,149314554209.27032,151745828836.0338,2507776999.999996,149238051836.0338,146067420306.33536,0.0,146067420306.33536
ORO,bcc-csm1-1-m_rcp85_r1i1p1,GCAM-ref,72,0.7967964550331578,111051161851.5128,0.0,111051161851.5128,112936300481.97871,0.0,112936300481.97871,101576854358.77095,0.0,101576854358.77095,101241771843.6032,0.0,101241771843.6032,98738326221.08377,0.0,98738326221.08377
ORO,bcc-csm1-1-m_rcp85_r1i1p1,LUCAS-BAU_High-0001,72,0.7967964550331578,61831501918.92695,0.0,61831501918.92695,62009930213.25369,0.0,62009930213.25369,52112008769.186584,0.0,52112008769.186584,51656115284.8432,0.0,51656115284.8432,50745113822.0698,0.0,50745113822.0698
ORO,bcc-csm1-1-m_rcp85_r1i1p1,LUCAS-BAU_High-0002,72,0.7967964550331578,63921559920.8519,0.0,63921559920.8519,63960896583.21905,0.0,63960896583.21905,54499038907.91553,0.0,54499038907.91553,54015897107.2459,0.0,54015897107.2459,53101934851.56091,0.0,53101934851.56091
ORO,bcc-csm1-1_rcp26_r1i1p1,FORE-SCE-A1B,72,1.1246726930841746,223111991174.81308,0.0,223111991174.81308,222860978690.70657,0.0,222860978690.70657,219480187934.977,0.0,219480187934.977,221180523797.74225,0.0,221180523797.74225,221180523797.74225,0.0,221180523797.74225
ORO,bcc-csm1-1_rcp26_r1i1p1,FORE-SCE-A2,72,1.1246726930841746,186168235467.80945,0.0,186168235467.80945,185936175222.12686,0.0,185936175222.12686,183531764545.7998,0.0,183531764545.7998,184518044216.67444,0.0,184518044216.67444,184518044216.67444,0.0,184518044216.67444
ORO,bcc-csm1-1_rcp26_r1i1p1,FORE-SCE-B1,72,1.1246726930841746,160928341493.8075,0.0,160928341493.8075,160189108330.19122,0.0,160189108330.19122,158208372081.0775,0.0,158208372081.0775,158585224338.4701,0.0,158585224338.4701,158585224338.4701,0.0,158585224338.4701
ORO,bcc-csm1-1_rcp26_r1i1p1,GCAM-26,72,1.1246726930841746,413094250837.17957,0.0,413094250837.17957,412228434438.0252,0.0,412228434438.0252,408948989626.8581,0.0,408948989626.8581,407661071606.1639,0.0,407661071606.1639,407661071606.1639,0.0,407661071606.1639
ORO,bcc-csm1-1_rcp26_r1i1p1,GCAM-45,72,1.1246726930841746,296302440603.87885,0.0,296302440603.87885,296117601306.0118,0.0,296117601306.0118,293067678858.29724,0.0,293067678858.29724,292358479547.0596,0.0,292358479547.0596,292358479547.0596,0.0,292358479547.0596
ORO,bcc-csm1-1_rcp26_r1i1p1,GCAM-ref,72,1.1246726930841746,225105850144.09265,0.0,225105850144.09265,224081340643.73816,0.0,224081340643.73816,220624126414.36487,0.0,220624126414.36487,222069348076.95425,0.0,222069348076.95425,222069348076.95425,0.0,222069348076.95425
ORO,bcc-csm1-1_rcp26_r1i1p1,LUCAS-BAU_High-0001,72,1.1246726930841746,134366083435.17181,0.0,134366083435.17181,133641928943.61981,0.0,133641928943.61981,131903742848.36688,0.0,131903742848.36688,131417856381.16405,0.0,131417856381.16405,131417856381.16405,0.0,131417856381.16405
ORO,bcc-csm1-1_rcp26_r1i1p1,LUCAS-BAU_High-0002,72,1.1246726930841746,139076345188.70798,0.0,139076345188.70798,138358406459.83075,0.0,138358406459.83075,136714590751.1709,0.0,136714590751.1709,136262147654.47379,0.0,136262147654.47379,136262147654.47379,0.0,136262147654.47379
ORO,bcc-csm1-1_rcp45_r1i1p1,FORE-SCE-A1B,72,1.1271856006269765,161907794088.28873,0.0,161907794088.28873,162298930825.5238,1093870246.8349075,161205060578.6889,161550087518.0748,2216624999.9999795,159333462518.07483,162188340631.41736,2216624999.9999795,159971715631.41742,162188340631.41736,2216624999.9999795,159971715631.41742
ORO,bcc-csm1-1_rcp45_r1i1p1,FORE-SCE-A2,72,1.1271856006269765,136621761980.9995,0.0,136621761980.9995,136962922828.70912,1099327812.1191978,135863595016.58992,136315363911.82999,2216625000.0,134098738911.82997,136984680460.37405,2216625000.0,134768055460.37402,136984680460.37405,2216625000.0,134768055460.37402
ORO,bcc-csm1-1_rcp45_r1i1p1,FORE-SCE-B1,72,1.1271856006269765,112867474192.27434,0.0,112867474192.27434,112970413481.19994,1104156925.1359265,111866256556.06403,112464772650.3498,2216625000.000003,110248147650.34981,112574876707.68558,2216625000.000003,110358251707.6856,112574876707.68558,2216625000.000003,110358251707.6856
ORO,bcc-csm1-1_rcp45_r1i1p1,GCAM-26,72,1.1271856006269765,321226343400.8571,0.0,321226343400.8571,324909694102.44666,1760988356.3675365,323148705746.07916,321373885901.05945,2216625000.0000057,319157260901.05945,321373885901.05945,2216625000.0000057,319157260901.05945,321373885901.05945,2216625000.0000057,319157260901.05945
ORO,bcc-csm1-1_rcp45_r1i1p1,GCAM-45,72,1.1271856006269765,221284484794.20087,0.0,221284484794.20087,223913503545.9354,1762274749.6404567,222151228796.2949,221562323037.73862,2216625000.0,219345698037.7386,221562323037.73862,2216625000.0,219345698037.7386,221562323037.73862,2216625000.0,219345698037.7386
ORO,bcc-csm1-1_rcp45_r1i1p1,GCAM-ref,72,1.1271856006269765,158250222205.85773,0.0,158250222205.85773,159791428705.80466,1763087893.9398594,158028340811.86478,158106200084.044,2216625000.0000057,155889575084.044,158320204445.93613,2216625000.0000057,156103579445.93613,158320204445.93613,2216625000.0000057,156103579445.93613
ORO,bcc-csm1-1_rcp45_r1i1p1,LUCAS-BAU_High-0001,72,1.1271856006269765,90032530324.11108,0.0,90032530324.11108,90039415109.2077,1101273868.8369021,88938141240.3708,89451560188.55794,2216625000.000015,87234935188.5579,89471783233.56256,2216625000.000015,87255158233.56253,89471783233.56256,2216625000.000015,87255158233.56253
ORO,bcc-csm1-1_rcp45_r1i1p1,LUCAS-BAU_High-0002,72,1.1271856006269765,93189138777.72607,0.0,93189138777.72607,93300722430.78343,1100934588.179004,92199787842.60442,92771166786.81342,2216625000.0000057,90554541786.81342,92794951871.81873,2216625000.0000057,90578326871.81873,92794951871.81873,2216625000.0000057,90578326871.81873
ORO,bcc-csm1-1_rcp60_r1i1p1,FORE-SCE-A1B,72,1.2147885335918014,155954430982.8347,0.0,155954430982.8347,153739667824.41666,0.0,153739667824.41666,148092407114.22516,0.0,148092407114.22516,148104283082.02048,0.0,148104283082.02048,148104283082.02048,0.0,148104283082.02048
ORO,bcc-csm1-1_rcp60_r1i1p1,FORE-SCE-A2,72,1.2147885335918014,126546935110.56174,0.0,126546935110.56174,124788574147.74486,0.0,124788574147.74486,120377390326.6548,0.0,120377390326.6548,120159080017.896,0.0,120159080017.896,120159080017.896,0.0,120159080017.896
ORO,bcc-csm1-1_rcp60_r1i1p1,FORE-SCE-B1,72,1.2147885335918014,106183260383.75296,0.0,106183260383.75296,105680513123.43065,0.0,105680513123.43065,102530283596.98238,0.0,102530283596.98238,102141633181.19728,0.0,102141633181.19728,102141633181.19728,0.0,102141633181.19728
ORO,bcc-csm1-1_rcp60_r1i1p1,GCAM-26,72,1.2147885335918014,306636930983.2534,0.0,306636930983.2534,308008616879.3044,0.0,308008616879.3044,298426421384.48694,0.0,298426421384.48694,297868896137.88245,0.0,297868896137.88245,297868896137.88245,0.0,297868896137.88245
ORO,bcc-csm1-1_rcp60_r1i1p1,GCAM-45,72,1.2147885335918014,218738006649.07886,0.0,218738006649.07886,214540952215.37933,0.0,214540952215.37933,206402208395.31674,0.0,206402208395.31674,206402208395.31674,0.0,206402208395.31674,206402208395.31674,0.0,206402208395.31674
ORO,bcc-csm1-1_rcp60_r1i1p1,GCAM-ref,72,1.2147885335918014,161025692478.24152,0.0,161025692478.24152,158956207948.95096,0.0,158956207948.95096,153220193658.80725,0.0,153220193658.80725,153239911595.26236,0.0,153239911595.26236,153239911595.26236,0.0,153239911595.26236
ORO,bcc-csm1-1_rcp60_r1i1p1,LUCAS-BAU_High-0001,72,1.2147885335918014,89652866716.64334,0.0,89652866716.64334,89175166650.18056,0.0,89175166650.18056,86707520234.0691,0.0,86707520234.0691,85919062631.22426,0.0,85919062631.22426,85919062631.22426,0.0,85919062631.22426
ORO,bcc-csm1-1_rcp60_r1i1p1,LUCAS-BAU_High-0002,72,1.2147885335918014,92892790362.70593,0.0,92892790362.70593,92460419533.28775,0.0,92460419533.28775,90001167201.67398,0.0,90001167201.67398,89181844872.02432,0.0,89181844872.02432,89181844872.02432,0.0,89181844872.02432
ORO,bcc-csm1-1_rcp85_r1i1p1,FORE-SCE-A1B,72,0.8795440685923942,171282070703.59378,6145252640.67891,165136818062.91486,180099205835.64615,12972136581.340847,167127069254.30533,171226836740.7044,16402181787.114395,154824654953.59003,172772541581.35712,18778020669.013306,153994520912.3438,174103932618.40955,18132863428.27326,155971069190.1363
ORO,bcc-csm1-1_rcp85_r1i1p1,FORE-SCE-A2,72,0.8795440685923942,152734883307.21225,8308696532.449082,144426186774.76315,161443857473.21555,15669733074.880383,145774124398.33514,155951634233.43408,20197845697.115036,135753788536.31903,157179858101.10706,22785634814.206436,134394223286.90065,157124634910.33966,21838095633.051826,135286539277.28787
ORO,bcc-csm1-1_rcp85_r1i1p1,FORE-SCE-B1,72,0.8795440685923942,126929212958.58669,8605274490.331373,118323938468.25531,135491586593.81041,15963763947.373596,119527822646.4368,128951516897.35333,18004982301.684204,110946534595.66914,132201234678.34618,22420091306.958252,109781143371.38792,131571834924.7047,22265978206.813187,109305856717.89153
ORO,bcc-csm1-1_rcp85_r1i1p1,GCAM-26,72,0.8795440685923942,330685404637.2882,924700943.2713094,329760703694.0169,335536129834.55,6278757744.579695,329257372089.9703,316570225752.5595,6265882105.735529,310304343646.824,327294095841.1228,15631432804.313908,311662663036.80884,325479565852.7554,8747380358.120789,316732185494.6346
ORO,bcc-csm1-1_rcp85_r1i1p1,GCAM-45,72,0.8795440685923942,230731477484.6452,3824868064.264697,226906609420.3805,238054500020.6181,10036394692.300121,228018105328.31793,220712393359.50146,7243925122.400496,213468468237.10098,231925810495.20392,18787436498.60805,213138373996.59586,229248826968.72815,13444082744.005785,215804744224.72235
ORO,bcc-csm1-1_rcp85_r1i1p1,GCAM-ref,72,0.8795440685923942,165264815452.52023,5029605939.053343,160235209513.4669,174122940613.5377,11690760477.433205,162432180136.10446,159003703306.98788,8062317478.426796,150941385828.5611,169540859526.9124,19330721916.034664,150210137610.87772,167404444679.21097,16627129806.278492,150777314872.93243
ORO,bcc-csm1-1_rcp85_r1i1p1,LUCAS-BAU_High-0001,72,0.8795440685923942,101633129827.11009,6222406256.793231,95410723570.31686,110692536079.90169,14932692205.182446,95759843874.71922,106492213338.29346,19029042521.45633,87463170816.83713,111456904154.43353,24878839041.594734,86578065112.83878,109744021174.2529,24219359379.42063,85524661794.83228
ORO,bcc-csm1-1_rcp85_r1i1p1,LUCAS-BAU_High-0002,72,0.8795440685923942,104145875926.60805,5987502400.678148,98158373525.9299,112887617013.89986,14488350325.130585,98399266688.7693,108938578905.44066,18666565110.83127,90272013794.6094,113579038715.51918,24307802249.300846,89271236466.21832,112269798391.35098,23760180211.074913,88509618180.27603
ORO,canesm2_rcp26_r1i1p1,FORE-SCE-A1B,72,1.05842640994854,116028143865.38277,4064728810.528113,111963415054.85466,142163787561.22543,23757389430.53875,118406398130.6867,131239486263.8062,26568047647.290936,104671438616.5153,131849443076.3287,27276620580.847107,104572822495.4816,142430491756.5631,40509504018.180916,101920987738.38217
ORO,canesm2_rcp26_r1i1p1,FORE-SCE-A2,72,1.05842640994854,94224793158.80707,4140194435.9224205,90084598722.88464,116717810532.05064,21639662128.083763,95078148403.96686,109413686053.52858,26590151235.02573,82823534818.50284,109636131005.65488,27276322659.03094,82359808346.62393,120421057826.22075,40563365761.21179,79857692065.00896
ORO,canesm2_rcp26_r1i1p1,FORE-SCE-B1,72,1.05842640994854,79916780844.39476,4159387571.9545875,75757393272.44017,102242996059.54254,21688082310.32547,80554913749.21707,94108969095.21823,26604693378.49824,67504275716.71999,94320268000.22296,27276501197.253834,67043766802.96913,106773449036.02353,40571689995.148926,66201759040.87462
ORO,canesm2_rcp26_r1i1p1,GCAM-26,72,1.05842640994854,253247996617.6916,10825595478.603203,242422401139.08838,276037530257.4678,28524612030.498924,247512918226.96887,271834366154.74646,42095423263.29588,229738942891.45056,280573675801.99634,50755097000.00002,229818578801.99628,269144532352.97897,40465298875.719536,228679233477.2595
ORO,canesm2_rcp26_r1i1p1,GCAM-45,72,1.05842640994854,170795096796.18283,10922518217.754646,159872578578.4282,191097288357.0899,24820452463.964508,166276835893.12537,180900504161.62793,30300347760.358727,150600156401.2693,177882686538.15775,27395754447.446785,150486932090.7109,188505837100.1165,40536454659.58817,147969382440.52838
ORO,canesm2_rcp26_r1i1p1,GCAM-ref,72,1.05842640994854,123520576252.56223,10961991027.9562,112558585224.60603,143102702261.305,24921166611.42955,118181535649.87544,135072244276.60022,30359151668.002956,104713092608.59726,131980947401.96182,27346987645.38942,104633959756.57242,143128657524.98135,40490442627.94199,102638214897.03937
ORO,canesm2_rcp26_r1i1p1,LUCAS-BAU_High-0001,72,1.05842640994854,60408182210.32029,1154001880.941185,59254180329.379105,81629561545.56514,17271708585.706974,64357852959.858154,72124789803.49954,20025737299.38211,52099052504.11745,78007935284.84882,25967768310.05641,52040166974.792404,90901993602.85533,40590596253.19769,50311397349.65767
ORO,canesm2_rcp26_r1i1p1,LUCAS-BAU_High-0002,72,1.05842640994854,63162661375.25572,1145607325.103559,62017054050.15216,84291110004.34288,17255394842.608456,67035715161.734436,74629622349.0033,20014233369.03453,54615388979.96878,80441350131.59201,25967530782.734234,54473819348.857796,93525600244.82716,40584600879.4883,52940999365.33885
ORO,canesm2_rcp45_r1i1p1,FORE-SCE-A1B,72,0.8272779543538691,112671944899.92285,0.0,112671944899.92285,116316412966.9947,0.0,116316412966.9947,104194786445.47328,4190009921.780412,100004776523.69284,117039968060.15665,17632583535.031334,99407384525.12529,111884038265.44647,932368999.9999974,110951669265.44649
ORO,canesm2_rcp45_r1i1p1,FORE-SCE-A2,72,0.8272779543538691,94073659226.54692,0.0,94073659226.54692,96895906058.57356,0.0,96895906058.57356,87718363594.84569,5119839693.357376,82598523901.48831,102121627563.42152,20716569840.308533,81405057723.11299,91638867540.76833,932369000.0000061,90706498540.76833
ORO,canesm2_rcp45_r1i1p1,FORE-SCE-B1,72,0.8272779543538691,79004342270.8264,0.0,79004342270.8264,80649351651.3225,0.0,80649351651.3225,74449218102.972,5265599186.816925,69183618916.15508,88170725355.36378,20325989239.580067,67844736115.78371,76142521873.05322,932369000.0000031,75210152873.05322
ORO,canesm2_rcp45_r1i1p1,GCAM-26,72,0.8272779543538691,233622336713.45377,0.0,233622336713.45377,235259098388.94308,0.0,235259098388.94308,219501969447.5811,10340813076.461273,209161156371.11978,223630455901.04065,14034440020.25069,209596015880.78998,223953707515.0299,932369000.0000061,223021338515.0299
ORO,canesm2_rcp45_r1i1p1,GCAM-45,72,0.8272779543538691,157812605974.31137,0.0,157812605974.31137,161409057931.91724,0.0,161409057931.91724,146527872565.63913,4610280329.522363,141917592236.11676,150945395221.47052,8472370466.383544,142473024755.08694,153280348117.37628,4680952344.671032,148599395772.70526
ORO,canesm2_rcp45_r1i1p1,GCAM-ref,72,0.8272779543538691,111741097899.33727,0.0,111741097899.33727,115394003080.37016,0.0,115394003080.37016,105667403951.2916,5644412540.883795,100022991410.40779,118710558832.67226,19237460766.658928,99473098066.01329,111470700811.11853,932369000.0000119,110538331811.11852
ORO,canesm2_rcp45_r1i1p1,LUCAS-BAU_High-0001,72,0.8272779543538691,64900160297.3553,0.0,64900160297.3553,65977562744.51481,0.0,65977562744.51481,57480207922.7144,1976257645.1971748,55503950277.51723,65080535205.5767,10045340647.72719,55035194557.849525,60485554401.69456,932368999.9999944,59553185401.694565
ORO,canesm2_rcp45_r1i1p1,LUCAS-BAU_High-0002,72,0.8272779543538691,66645799353.329636,0.0,66645799353.329636,68044272630.296715,0.0,68044272630.296715,59421321441.55622,1968118948.1114564,57453202493.44476,67214250126.46755,10372326794.596588,56841923331.87097,62856459159.47362,932369000.0000176,61924090159.473595
ORO,canesm2_rcp85_r1i1p1,FORE-SCE-A1B,72,0.8447360278178822,192508533081.36554,27659351050.2013,164849182031.16425,212636761840.54263,40259950040.11803,172376811800.4246,200816858908.82773,47922130197.496666,152894728711.3311,273507729133.5938,120162632295.23326,153345096838.36057,264975897355.81192,125007142285.69525,139968755070.1167
ORO,canesm2_rcp85_r1i1p1,FORE-SCE-A2,72,0.8447360278178822,173259309646.15536,27753975624.108795,145505334022.04657,192756912740.8682,41653406736.091835,151103506004.77637,183384122317.601,48656182414.65744,134727939902.9436,254407738743.5885,121153931249.84766,133253807493.74075,244861729025.48846,126756926688.72552,118104802336.76294
ORO,canesm2_rcp85_r1i1p1,FORE-SCE-B1,72,0.8447360278178822,151056861511.77252,17827508043.415684,133229353468.35686,156221317695.4404,19078605763.31413,137142711932.12627,162041005139.8734,47648597739.034615,114392407400.83882,233080166220.45276,121417632026.69417,111662534193.75858,230373731070.7816,130815213958.97075,99558517111.81082
ORO,canesm2_rcp85_r1i1p1,GCAM-26,72,0.8447360278178822,345002320477.45844,37412040612.42206,307590279865.03625,363145994356.0252,48108466145.34166,315037528210.6836,357874108506.74634,70178582830.72131,287695525676.0251,482140906784.7743,180419294717.15994,301721612067.6143,428722241606.6675,167072309571.19376,261649932035.47372
ORO,canesm2_rcp85_r1i1p1,GCAM-45,72,0.8447360278178822,258711975073.4687,38410427998.68788,220301547074.7808,274812285376.62762,48505247730.79489,226307037645.83273,267491159377.55927,63930867070.28023,203560292307.27905,389953365304.6067,172183416329.8731,217769948974.73355,358019718831.001,179069669309.3806,178950049521.6203
ORO,canesm2_rcp85_r1i1p1,GCAM-ref,72,0.8447360278178822,199271127117.37732,31656263706.651657,167614863410.72565,215381216433.7266,40846523863.38321,174534692570.3434,199714437725.7266,48587882954.458466,151126554771.26813,272104217753.3063,120273753162.77567,151830464590.53055,268346596708.44913,126935781376.95927,141410815331.48984
ORO,canesm2_rcp85_r1i1p1,LUCAS-BAU_High-0001,72,0.8447360278178822,130503049248.17615,17795727007.62614,112707322240.54997,133870111561.54297,15788709173.797451,118081402387.7455,140177460914.67908,42143299003.283325,98034161911.39577,206094815938.65567,107923933105.61063,98170882833.04506,218904270575.63156,136397698501.84058,82506572073.791
ORO,canesm2_rcp85_r1i1p1,LUCAS-BAU_High-0002,72,0.8447360278178822,133304094292.51814,17799408743.84663,115504685548.67152,136147643571.53949,15690331525.588358,120457312045.95114,141774677601.47842,42023417348.5527,99751260252.92569,206918028570.5256,107840206962.76175,99077821607.76385,221050719551.93872,135860194725.81203,85190524826.12671
ORO,ccsm4_rcp26_r1i1p1,FORE-SCE-A1B,72,1.0593685253351859,107652416276.92783,0.0,107652416276.92783,108186474008.07837,0.0,108186474008.07837,102914617364.17462,0.0,102914617364.17462,103250295087.93811,0.0,103250295087.93811,104570261707.76901,0.0,104570261707.76901
ORO,ccsm4_rcp26_r1i1p1,FORE-SCE-A2,72,1.0593685253351859,90587887599.90646,0.0,90587887599.90646,90875166523.23785,0.0,90875166523.23785,86624310236.60406,0.0,86624310236.60406,86750998974.35365,0.0,86750998974.35365,87670554199.81767,0.0,87670554199.81767
ORO,ccsm4_rcp26_r1i1p1,FORE-SCE-B1,72,1.0593685253351859,72918563462.43582,0.0,72918563462.43582,73209371199.2335,0.0,73209371199.2335,69263884831.9719,0.0,69263884831.9719,69430074491.94754,0.0,69430074491.94754,70230568013.16653,0.0,70230568013.16653
ORO,ccsm4_rcp26_r1i1p1,GCAM-26,72,1.0593685253351859,231284217918.55225,0.0,231284217918.55225,231289539338.32504,0.0,231289539338.32504,224356506171.68384,0.0,224356506171.68384,222861997650.19577,0.0,222861997650.19577,222861997650.19577,0.0,222861997650.19577
ORO,ccsm4_rcp26_r1i1p1,GCAM-45,72,1.0593685253351859,152767937173.32874,0.0,152767937173.32874,153395928596.86514,0.0,153395928596.86514,146335998873.3175,0.0,146335998873.3175,146152605908.2689,0.0,146152605908.2689,146152605908.2689,0.0,146152605908.2689
ORO,ccsm4_rcp26_r1i1p1,GCAM-ref,72,1.0593685253351859,104578818022.88388,0.0,104578818022.88388,105381001695.9775,0.0,105381001695.9775,99541277938.61716,0.0,99541277938.61716,99967666898.54433,0.0,99967666898.54433,101543448439.41884,0.0,101543448439.41884
ORO,ccsm4_rcp26_r1i1p1,LUCAS-BAU_High-0001,72,1.0593685253351859,56743310506.26723,0.0,56743310506.26723,57296966487.00395,0.0,57296966487.00395,53540393590.59923,0.0,53540393590.59923,53689908482.05803,0.0,53689908482.05803,54024322466.61318,0.0,54024322466.61318
ORO,ccsm4_rcp26_r1i1p1,LUCAS-BAU_High-0002,72,1.0593685253351859,59084053654.92169,0.0,59084053654.92169,59458029416.70382,0.0,59458029416.70382,55823030809.184296,0.0,55823030809.184296,55974623056.396286,0.0,55974623056.396286,56311225587.00664,0.0,56311225587.00664
ORO,ccsm4_rcp45_r1i1p1,FORE-SCE-A1B,72,1.098745856930379,109826465034.87764,0.0,109826465034.87764,111602767356.40805,265492780.14376178,111337274576.26428,112192412946.12614,10124856775.482805,102067556170.64334,111988931796.80838,10243084766.286295,101745847030.52208,111259369255.79405,6920781357.198727,104338587898.59532
ORO,ccsm4_rcp45_r1i1p1,FORE-SCE-A2,72,1.098745856930379,89450462724.8835,0.0,89450462724.8835,90381161236.61641,323858497.1562232,90057302739.46019,93876050880.22397,11615092874.144014,82260958006.07996,93783792082.58884,11728893892.925465,82054898189.66338,90945059798.41235,7340485601.792822,83604574196.61954
ORO,ccsm4_rcp45_r1i1p1,FORE-SCE-B1,72,1.098745856930379,74663238296.59164,0.0,74663238296.59164,76910555745.83224,1862061171.0183845,75048494574.81386,80834634563.69092,13047861999.999954,67786772563.690926,80882096796.28607,13047861999.999977,67834234796.28609,77081097205.035,7858592092.227701,69222505112.80728
ORO,ccsm4_rcp45_r1i1p1,GCAM-26,72,1.098745856930379,237760255151.18054,0.0,237760255151.18054,238112965407.8574,775217161.201869,237337748246.65555,227841385078.75018,1887689586.0872116,225953695492.66296,231169482549.7324,7422138999.99999,223747343549.7324,231169482549.7324,7422138999.99999,223747343549.7324
ORO,ccsm4_rcp45_r1i1p1,GCAM-45,72,1.098745856930379,156847247286.3625,0.0,156847247286.3625,159064198169.67477,1156054389.5814335,157908143780.09332,154621266064.50122,7422138999.999992,147199127064.50122,154176599955.2054,7422138999.999992,146754460955.2054,154176599955.2054,7422138999.999992,146754460955.2054
ORO,ccsm4_rcp45_r1i1p1,GCAM-ref,72,1.098745856930379,112397822920.54384,0.0,112397822920.54384,114595415233.39139,373790770.5401274,114221624462.85126,117543930632.14485,12839074966.161352,104704855665.9835,117418719369.9293,12950210903.004211,104468508466.9251,114670993819.88275,7422138999.999972,107248854819.88278
ORO,ccsm4_rcp45_r1i1p1,LUCAS-BAU_High-0001,72,1.098745856930379,61778486576.747795,0.0,61778486576.747795,65192590065.52374,2951864980.664998,62240725084.85875,69221068101.41576,13047861999.999983,56173206101.41576,69242697814.1256,13047861999.999964,56194835814.12563,66419204435.754364,9843772954.012136,56575431481.74223
ORO,ccsm4_rcp45_r1i1p1,LUCAS-BAU_High-0002,72,1.098745856930379,63974176857.31572,0.0,63974176857.31572,67103112160.79676,2848939293.1229434,64254172867.67381,71031627629.20529,13047861999.999985,57983765629.20532,71055426093.11942,13047861999.999979,58007564093.11946,68479935016.98988,9609792178.249348,58870142838.74054
ORO,ccsm4_rcp60_r1i1p1,FORE-SCE-A1B,72,1.0250811199594199,87337851650.29753,1585600104.2167044,85752251546.08083,93871191231.70818,9077662690.11351,84793528541.59467,78136440797.67636,2289777681.044111,75846663116.63225,89926596352.99544,12766490530.536627,77160105822.4588,94936550234.91814,15722622089.112808,79213928145.80531
ORO,ccsm4_rcp60_r1i1p1,FORE-SCE-A2,72,1.0250811199594199,68313826623.41553,1595169917.015769,66718656706.39976,76322886733.18275,9890194086.848461,66432692646.33428,61981762841.81487,2295072048.2628765,59686690793.552,73768551579.97594,12766098176.847511,61002453403.12842,78229070798.321,16128204596.845285,62100866201.47574
ORO,ccsm4_rcp60_r1i1p1,FORE-SCE-B1,72,1.0250811199594199,54793997707.898834,392958031.2238482,54401039676.67499,66253310414.88471,12205700393.094032,54047610021.79069,65685834670.53681,16353768329.371984,49332066341.16483,62271500269.12106,12761518010.49327,49509982258.62779,68697279997.80782,17205353684.877747,51491926312.93008
ORO,ccsm4_rcp60_r1i1p1,GCAM-26,72,1.0250811199594199,189312872053.46448,304018432.3074209,189008853621.15707,199043727504.68356,7011398755.292277,192032328749.39127,178218498756.77237,304018432.3074209,177914480324.46497,189933727779.56265,15703436346.085255,174230291433.47742,189933727779.56265,15703436346.085255,174230291433.47742
ORO,ccsm4_rcp60_r1i1p1,GCAM-45,72,1.0250811199594199,128306291964.39012,1521612017.622366,126784679946.76775,133057495135.64256,8887672385.502195,124169822750.14037,114950797474.66158,3525912833.235183,111424884641.42639,131331288619.84995,20742484000.000034,110588804619.84991,131331288619.84995,20742484000.000034,110588804619.84991
ORO,ccsm4_rcp60_r1i1p1,GCAM-ref,72,1.0250811199594199,90770805100.85448,1614361123.7312346,89156443977.12323,97405064846.94225,9527858823.411722,87877206023.53052,80967666379.41042,2304060701.0683017,78663605678.34213,92294196367.21742,12764880659.69643,79529315707.521,98915930308.14398,16377886828.28466,82538043479.85931
ORO,ccsm4_rcp60_r1i1p1,LUCAS-BAU_High-0001,72,1.0250811199594199,44451140018.27071,401136864.4878647,44050003153.78285,56027102375.07875,12716585554.322283,43310516820.75647,55663567990.42493,15491740141.940277,40171827848.48465,52049309097.905815,11713109240.565588,40336199857.340225,58543412218.92464,17522434727.497414,41020977491.42722
ORO,ccsm4_rcp60_r1i1p1,LUCAS-BAU_High-0002,72,1.0250811199594199,46273480621.96324,400472035.4844234,45873008586.47882,58616909804.01634,13421006960.43937,45195902843.57697,58263227726.97159,16532305537.135994,41730922189.835594,54672743550.133064,12760978168.816029,41911765381.31703,60422159323.67875,17511196542.314842,42910962781.36391
ORO,ccsm4_rcp85_r1i1p1,FORE-SCE-A1B,72,1.0909201537526936,157325574499.16107,15428068460.680727,141897506038.48035,165788096737.8625,21382468046.200634,144405628691.66187,168922361587.16434,40277082694.043785,128645278893.12057,178737819831.49567,49434741501.94331,129303078329.55243,175939368063.4361,44720851810.36092,131218516253.07521
ORO,ccsm4_rcp85_r1i1p1,FORE-SCE-A2,72,1.0909201537526936,135210529915.48534,15432562377.182484,119777967538.30286,143713313790.21558,22077231604.778767,121636082185.4368,151740837032.9815,44600888804.88084,107139948228.1007,154382196633.49918,46950493601.293106,107431703032.20602,156191054585.57513,46954369496.10154,109236685089.4736
ORO,ccsm4_rcp85_r1i1p1,FORE-SCE-B1,72,1.0909201537526936,111823263748.19812,11572424809.03107,100250838939.16705,124593526493.53369,23291614281.90731,101301912211.62639,129216589624.31488,39409765908.400116,89806823715.91476,142394560789.1643,50857701414.23639,91536859374.92792,139512574414.52258,49254499649.9467,90258074764.57588
ORO,ccsm4_rcp85_r1i1p1,GCAM-26,72,1.0909201537526936,306391117901.7088,17135352537.444246,289255765364.2646,313518376487.5781,23820432615.992336,289697943871.5858,309939596424.5804,39131224059.30433,270808372365.27606,308083357488.11847,40966764033.11527,267116593455.00323,308083357488.11847,40966764033.11527,267116593455.00323
ORO,ccsm4_rcp85_r1i1p1,GCAM-45,72,1.0909201537526936,213407495958.18967,17487120431.258747,195920375526.93094,223054957594.8188,25415097781.044968,197639859813.77383,218919468086.8836,38321528882.709236,180597939204.17435,227002566400.24298,48589758999.999985,178412807400.24298,227002566400.24298,48589758999.999985,178412807400.24298
ORO,ccsm4_rcp85_r1i1p1,GCAM-ref,72,1.0909201537526936,155398900155.62778,15440585049.94949,139958315105.6783,163578316638.80917,21824915841.333504,141753400797.47568,172074172440.9151,43752887217.76352,128321285223.15167,180936671342.99008,51759787047.7877,129176884295.2024,173371362119.02792,43665321849.66267,129706040269.36525
ORO,ccsm4_rcp85_r1i1p1,LUCAS-BAU_High-0001,72,1.0909201537526936,90558817932.62473,11594119484.373219,78964698448.25151,104612043729.58694,24355625340.602493,80256418388.98444,111735819940.99911,41253974693.32732,70481845247.67181,123819514026.33954,52017537592.132355,71801976434.20718,124814329545.46564,54584501445.07541,70229828100.39021
ORO,ccsm4_rcp85_r1i1p1,LUCAS-BAU_High-0002,72,1.0909201537526936,93617232447.07236,11592334768.84677,82024897678.22557,107417511395.05278,24183396656.101906,83234114738.95088,114194622210.54607,40953817382.40936,73240804828.13672,126349216812.78857,51751276889.60029,74597939923.18828,127193267648.32393,54047552395.47228,73145715252.85161
ORO,cesm1-bgc_rcp45_r1i1p1,FORE-SCE-A1B,72,0.9517502532466536,118727738764.8302,0.0,118727738764.8302,118172784755.07765,0.0,118172784755.07765,113702152432.95421,2152410178.3741994,111549742254.58002,115455174008.91373,4242300480.237923,111212873528.67581,113962271663.63603,0.0,113962271663.63603
ORO,cesm1-bgc_rcp45_r1i1p1,FORE-SCE-A2,72,0.9517502532466536,96346020463.88034,0.0,96346020463.88034,96457037821.69547,0.0,96457037821.69547,93449021375.70418,2885413741.8426166,90563607633.86154,98249410344.53261,8022136437.926197,90227273906.60638,92621154160.4071,243117000.0000071,92378037160.4071
ORO,cesm1-bgc_rcp45_r1i1p1,FORE-SCE-B1,72,0.9517502532466536,79095759477.49434,0.0,79095759477.49434,79154999715.55,0.0,79154999715.55,75412888807.23384,1020922634.9127944,74391966172.32106,78515033242.6443,4439940419.083923,74075092823.56038,75772725119.78897,243116999.99999836,75529608119.78897
ORO,cesm1-bgc_rcp45_r1i1p1,GCAM-26,72,0.9517502532466536,249939729811.61835,0.0,249939729811.61835,248454149654.8163,0.0,248454149654.8163,239436898808.58203,0.0,239436898808.58203,239114764554.61548,0.0,239114764554.61548,242402282889.70084,0.0,242402282889.70084
ORO,cesm1-bgc_rcp45_r1i1p1,GCAM-45,72,0.9517502532466536,167621453187.47534,0.0,167621453187.47534,166764972951.6363,0.0,166764972951.6363,161027927353.9345,2157035243.0001106,158870892110.9344,160352273627.66183,1821268668.1836436,158531004959.47818,161740993083.10934,0.0,161740993083.10934
ORO,cesm1-bgc_rcp45_r1i1p1,GCAM-ref,72,0.9517502532466536,117686446931.09782,0.0,117686446931.09782,117253683575.95432,0.0,117253683575.95432,113434179108.50238,2320457369.627745,111113721738.87463,115869653556.53564,4981852516.964386,110887801039.57126,113045646468.99861,0.0,113045646468.99861
ORO,cesm1-bgc_rcp45_r1i1p1,LUCAS-BAU_High-0001,72,0.9517502532466536,62150447441.73517,0.0,62150447441.73517,62562642877.3072,0.0,62562642877.3072,60408252681.91762,2244788269.0954695,58163464412.82215,63629172149.5202,6101335021.925147,57527837127.59505,58692956632.569756,243117000.00000128,58449839632.569756
ORO,cesm1-bgc_rcp45_r1i1p1,LUCAS-BAU_High-0002,72,0.9517502532466536,64618871730.96344,0.0,64618871730.96344,65128746834.475784,0.0,65128746834.475784,62132901180.564865,1544375994.5802798,60588525185.98459,65515434697.77089,5454953613.06578,60060481084.70511,61380119504.62389,243117000.00000128,61137002504.62389
ORO,cesm1-bgc_rcp85_r1i1p1,FORE-SCE-A1B,72,0.9178937199800328,91975984584.94026,0.0,91975984584.94026,96378356211.37402,4841662124.430374,91536694086.94365,92515509552.50575,14505548822.686396,78009960729.81935,99755552075.14789,19329302311.337944,80426249763.80994,101409479971.3905,20692146555.37034,80717333416.02017
ORO,cesm1-bgc_rcp85_r1i1p1,FORE-SCE-A2,72,0.9178937199800328,70203833109.04253,0.0,70203833109.04253,74966914089.3942,4896981138.759048,70069932950.63516,73441075032.38467,14933056608.265076,58508018424.119606,80793257531.33365,20139207856.754784,60654049674.57889,81036080270.92134,20695346501.13073,60340733769.79062
ORO,cesm1-bgc_rcp85_r1i1p1,FORE-SCE-B1,72,0.9178937199800328,59495407396.24152,0.0,59495407396.24152,64684720783.77995,6110026407.332811,58574694376.447136,63549136807.92089,12745763088.086472,50803373719.83441,64616450765.113075,11230603551.758387,53385847213.35469,72710749619.61084,21451942397.76017,51258807221.85067
ORO,cesm1-bgc_rcp85_r1i1p1,GCAM-26,72,0.9178937199800328,207482780938.4226,0.0,207482780938.4226,217557813997.70688,11914095013.886707,205643718983.82016,202125472540.80737,15904161999.99998,186221310540.80737,207426030325.69333,26858838999.99997,180567191325.69333,207426030325.69333,26858838999.99997,180567191325.69333
ORO,cesm1-bgc_rcp85_r1i1p1,GCAM-45,72,0.9178937199800328,133088644648.43224,0.0,133088644648.43224,141762899297.06573,9605565505.934519,132157333791.13121,130961004232.7066,15548458769.552605,115412545463.15399,142829537649.2539,30788326999.999954,112041210649.25392,142829537649.2539,30788326999.999954,112041210649.25392
ORO,cesm1-bgc_rcp85_r1i1p1,GCAM-ref,72,0.9178937199800328,94933121562.29959,0.0,94933121562.29959,99472496767.42819,4923469044.188305,94549027723.23985,97491890890.87769,14947575743.546858,82544315147.33083,105577586697.79826,20169897409.62506,85407689288.1732,105093521370.83128,20705179386.844177,84388341983.98709
ORO,cesm1-bgc_rcp85_r1i1p1,LUCAS-BAU_High-0001,72,0.9178937199800328,47326405793.563644,0.0,47326405793.563644,52472743933.32915,6452362755.570278,46020381177.75887,53120940714.37156,13166421675.56808,39954519038.803474,52927845279.72466,11014556629.150343,41913288650.57432,61860000767.66651,22414458281.27124,39445542486.39527
ORO,cesm1-bgc_rcp85_r1i1p1,LUCAS-BAU_High-0002,72,0.9178937199800328,49446987060.159775,0.0,49446987060.159775,54742680215.57638,6402363793.957726,48340316421.61865,54982258969.22653,13143832600.698051,41838426368.52847,54870698263.7917,11015052555.877073,43855645707.91463,64007048177.95324,22312760680.516495,41694287497.43674
ORO,cesm1-cam5_rcp26_r1i1p1,FORE-SCE-A1B,72,0.9279865558233354,88185505451.0413,0.0,88185505451.0413,90286334911.4861,1808268210.8155043,88478066700.6706,88072650965.55203,5363056791.788113,82709594173.7639,93487384265.12181,7516954000.000015,85970430265.12177,87123083479.49863,4541428106.837487,82581655372.6611
ORO,cesm1-cam5_rcp26_r1i1p1,FORE-SCE-A2,72,0.9279865558233354,73013497965.90459,0.0,73013497965.90459,73091270576.27324,0.0,73091270576.27324,71640054076.76527,3394866976.9434376,68245187099.82183,75124152961.36868,4256534671.3704376,70867618289.99825,72585641061.79211,4839871704.579453,67745769357.21268
ORO,cesm1-cam5_rcp26_r1i1p1,FORE-SCE-B1,72,0.9279865558233354,57102885449.56798,0.0,57102885449.56798,56544126561.94349,0.0,56544126561.94349,55379619231.22658,3403855704.459053,51975763526.767525,57443532065.11243,4574810106.652154,52868721958.46027,57732725508.81967,4855649019.650317,52877076489.16934
ORO,cesm1-cam5_rcp26_r1i1p1,GCAM-26,72,0.9279865558233354,203141561027.22412,0.0,203141561027.22412,201886421965.72827,0.0,201886421965.72827,199752213956.27512,6052098984.682388,193700114971.5927,197047618891.49948,7854211158.220412,189193407733.27905,197047618891.49948,7854211158.220412,189193407733.27905
ORO,cesm1-cam5_rcp26_r1i1p1,GCAM-45,72,0.9279865558233354,129014499728.63924,0.0,129014499728.63924,128625752848.65521,0.0,128625752848.65521,127501761204.68872,6294470161.293386,121207291043.39532,126738588141.59402,8283931999.9999895,118454656141.59404,126738588141.59402,8283931999.9999895,118454656141.59404
ORO,cesm1-cam5_rcp26_r1i1p1,GCAM-ref,72,0.9279865558233354,84999141006.2632,0.0,84999141006.2632,86829846382.18875,1745219096.1126297,85084627286.07611,84800618762.21088,5347044492.496469,79453574269.7144,90201442336.60886,7516954000.00001,82684488336.60884,84189086245.5559,4470957657.65465,79718128587.90123
ORO,cesm1-cam5_rcp26_r1i1p1,LUCAS-BAU_High-0001,72,0.9279865558233354,42569407888.15732,0.0,42569407888.15732,42293996736.346176,7132040.527343634,42286864695.81883,41677744861.70531,3420528707.8110967,38257216153.89422,44264934178.79195,5379378107.275976,38885556071.51597,43640274662.784424,4879957497.034033,38760317165.75037
ORO,cesm1-cam5_rcp26_r1i1p1,LUCAS-BAU_High-0002,72,0.9279865558233354,44450000622.53601,0.0,44450000622.53601,44061112997.37855,0.0,44061112997.37855,43576455303.77845,3407153268.7325935,40169302035.04585,46041350825.73621,5220832487.725644,40820518338.01056,45541502672.05049,4862175046.685102,40679327625.365395
ORO,cesm1-cam5_rcp45_r1i1p1,FORE-SCE-A1B,72,1.1548697740263678,162822342016.34723,0.0,162822342016.34723,163247680835.80392,0.0,163247680835.80392,161449517882.2855,6300959000.000006,155148558882.2855,161049993368.12122,6300958999.999996,154749034368.12125,159878637946.58426,2354702812.931448,157523935133.65283
ORO,cesm1-cam5_rcp45_r1i1p1,FORE-SCE-A2,72,1.1548697740263678,133442531853.31783,0.0,133442531853.31783,134730172183.99857,1106706949.564931,133623465234.43364,132816403830.0376,6300958999.99999,126515444830.03761,132738461817.79437,6300958999.99999,126437502817.79437,130966472484.41998,2369975163.9599504,128596497320.46002
ORO,cesm1-cam5_rcp45_r1i1p1,FORE-SCE-B1,72,1.1548697740263678,115866226433.15079,0.0,115866226433.15079,116486957288.71721,1143177300.493489,115343779988.22374,116111428541.96227,6300959000.0,109810469541.96228,116172080228.30814,6300958999.999989,109871121228.30814,114004220442.15816,2376063752.7063375,111628156689.45183
ORO,cesm1-cam5_rcp45_r1i1p1,GCAM-26,72,1.1548697740263678,322452063723.03754,0.0,322452063723.03754,320909254059.344,638316306.0680847,320270937753.27594,311882181979.0534,1028645978.3347731,310853536000.7186,313643653408.3229,6300958999.999979,307342694408.3229,313643653408.3229,6300958999.999979,307342694408.3229
ORO,cesm1-cam5_rcp45_r1i1p1,GCAM-45,72,1.1548697740263678,222925173276.42203,0.0,222925173276.42203,222577353562.32397,0.0,222577353562.32397,218653799123.7039,6300958999.99999,212352840123.70392,218302028778.08533,6300958999.99999,212001069778.08536,218302028778.08533,6300958999.99999,212001069778.08536
ORO,cesm1-cam5_rcp45_r1i1p1,GCAM-ref,72,1.1548697740263678,167204209180.33917,0.0,167204209180.33917,167820255150.67038,0.0,167820255150.67038,166286982094.88647,6300959000.0,159986023094.8865,165910809696.93066,6300959000.0,159609850696.93066,164725942777.78406,2348971181.644336,162376971596.1397
ORO,cesm1-cam5_rcp45_r1i1p1,LUCAS-BAU_High-0001,72,1.1548697740263678,96127294854.92421,0.0,96127294854.92421,95398844384.48167,0.0,95398844384.48167,93470370155.69594,2391666982.2191296,91078703173.4768,93502553783.82448,2391666982.2191296,91110886801.60536,94329637809.23557,2391666982.2191296,91937970827.01645
ORO,cesm1-cam5_rcp45_r1i1p1,LUCAS-BAU_High-0002,72,1.1548697740263678,99871787926.24355,0.0,99871787926.24355,99076350418.01164,0.0,99076350418.01164,97041504500.09668,2389384577.0707297,94652119923.02596,97082980516.01106,2389384577.0707297,94693595938.94032,97989519086.53773,2389384577.0707297,95600134509.467
ORO,cesm1-cam5_rcp60_r1i1p1,FORE-SCE-A1B,72,1.120970216825169,131570555853.33232,0.0,131570555853.33232,130153562615.07712,0.0,130153562615.07712,123638443418.9599,244133000.0000191,123394310418.95988,123752880553.14944,244133000.00001326,123508747553.14941,126969301005.9626,0.0,126969301005.9626
ORO,cesm1-cam5_rcp60_r1i1p1,FORE-SCE-A2,72,1.120970216825169,108189515132.80508,0.0,108189515132.80508,106841392178.79993,0.0,106841392178.79993,101357205123.82318,0.0,101357205123.82318,101431027263.52687,0.0,101431027263.52687,103941489110.44238,0.0,103941489110.44238
ORO,cesm1-cam5_rcp60_r1i1p1,FORE-SCE-B1,72,1.120970216825169,88045281446.65132,0.0,88045281446.65132,87838782329.42969,0.0,87838782329.42969,84686600607.6582,0.0,84686600607.6582,84748346871.10677,0.0,84748346871.10677,86817156004.89224,0.0,86817156004.89224
ORO,cesm1-cam5_rcp60_r1i1p1,GCAM-26,72,1.120970216825169,267434966734.6828,0.0,267434966734.6828,269305000931.06894,0.0,269305000931.06894,259016023572.87616,244132999.99999872,258771890572.87616,258243063544.37085,244132999.9999929,257998930544.37085,258243063544.37085,244132999.9999929,257998930544.37085
ORO,cesm1-cam5_rcp60_r1i1p1,GCAM-45,72,1.120970216825169,184212282999.5241,0.0,184212282999.5241,182432349800.57336,0.0,182432349800.57336,174069898642.9835,244132999.9999929,173825765642.9835,173962097613.62204,244132999.9999929,173717964613.62204,173962097613.62204,244132999.9999929,173717964613.62204
ORO,cesm1-cam5_rcp60_r1i1p1,GCAM-ref,72,1.120970216825169,132707773238.64963,0.0,132707773238.64963,130943545517.38379,0.0,130943545517.38379,124830318702.66722,244132999.99999872,124586185702.66725,124956019073.15302,244133000.00001326,124711886073.153,128252228495.49391,0.0,128252228495.49391
ORO,cesm1-cam5_rcp60_r1i1p1,LUCAS-BAU_High-0001,72,1.120970216825169,71465551415.45117,0.0,71465551415.45117,70628393507.23369,0.0,70628393507.23369,68024396901.15825,0.0,68024396901.15825,68075582686.139084,0.0,68075582686.139084,69543474459.90034,0.0,69543474459.90034
ORO,cesm1-cam5_rcp60_r1i1p1,LUCAS-BAU_High-0002,72,1.120970216825169,74167247843.21805,0.0,74167247843.21805,73406973756.8816,0.0,73406973756.8816,70800364049.20381,0.0,70800364049.20381,70853186209.23137,0.0,70853186209.23137,72347533373.95923,0.0,72347533373.95923
ORO,cesm1-cam5_rcp85_r1i1p1,FORE-SCE-A1B,72,1.0609987618828804,165587078991.34348,6322785871.661642,159264293119.6819,202655536128.39273,38597192311.87155,164058343816.52118,189511605964.1501,45201184684.11106,144310421280.03903,194681375739.02557,50682847887.581665,143998527851.44397,198131132570.93625,54567952021.47624,143563180549.46
ORO,cesm1-cam5_rcp85_r1i1p1,FORE-SCE-A2,72,1.0609987618828804,137924259389.0749,4892374737.775602,133031884651.29927,171736326519.15497,34762214405.41886,136974112113.73611,152597728348.60138,36554519890.74193,116043208457.85947,165272634698.57443,49535267973.47322,115737366725.10124,172293133196.05984,54598677343.614944,117694455852.44487
ORO,cesm1-cam5_rcp85_r1i1p1,FORE-SCE-B1,72,1.0609987618828804,118522462803.84451,4072808207.5260143,114449654596.31848,153085319583.88934,35559220774.67992,117526098809.20943,131229473595.853,31463719770.19857,99765753825.65445,136580357989.33719,36986835333.32117,99593522656.01604,154628084939.49594,54633580007.030136,99994504932.46574
ORO,cesm1-cam5_rcp85_r1i1p1,GCAM-26,72,1.0609987618828804,327514315162.12305,14251413701.861755,313262901460.26135,357211522302.6699,41957631258.21277,315253891044.4571,343849886793.07837,51408673991.58627,292441212801.492,344167917806.9806,50783940735.13866,293383977071.8419,347133574860.17847,54516602995.25945,292616971864.91907
ORO,cesm1-cam5_rcp85_r1i1p1,GCAM-45,72,1.0609987618828804,221925927126.94067,6312373106.318232,215613554020.62244,260087721750.39438,40560867295.06911,219526854455.3253,244612476291.3423,46253486535.894775,198358989755.44748,249397242698.8069,50720157630.642975,198677085068.16394,252827049023.3766,54595463895.87073,198231585127.50583
ORO,cesm1-cam5_rcp85_r1i1p1,GCAM-ref,72,1.0609987618828804,164813834509.50143,6323325361.75732,158490509147.7441,202064244599.00714,38623647643.4236,163440596955.58356,191152607621.99805,45189591740.904884,145963015881.0932,196455991500.08347,50683311956.60657,145772679543.4769,197923393236.1666,54588660554.19907,143334732681.9675
ORO,cesm1-cam5_rcp85_r1i1p1,LUCAS-BAU_High-0001,72,1.0609987618828804,95523336401.93973,4075458624.2532387,91447877777.6865,131131072268.15927,35725328281.14165,95405743987.01764,110227345495.54863,31512776340.99903,78714569154.54958,115586012465.07343,37006422549.45305,78579589915.62036,133426172246.60474,54667866594.448105,78758305652.15662
ORO,cesm1-cam5_rcp85_r1i1p1,LUCAS-BAU_High-0002,72,1.0609987618828804,99342486511.06152,4074422932.821437,95268063578.24011,134600321895.64934,35695164395.540184,98905157500.10918,113726845191.1385,31503264583.040924,82223580608.09758,119100699550.85623,37005300698.65871,82095398852.19753,136976416834.46756,54662791016.585075,82313625817.88248
ORO,cmcc-cm_rcp45_r1i1p1,FORE-SCE-A1B,72,1.1815622651158506,115906182254.30954,0.0,115906182254.30954,116072385539.09894,0.0,116072385539.09894,113846108987.90723,0.0,113846108987.90723,114389792815.33504,0.0,114389792815.33504,114389792815.33504,0.0,114389792815.33504
ORO,cmcc-cm_rcp45_r1i1p1,FORE-SCE-A2,72,1.1815622651158506,92177177003.07997,0.0,92177177003.07997,91926883919.5269,0.0,91926883919.5269,89856148932.32837,0.0,89856148932.32837,90232723260.91309,0.0,90232723260.91309,90232723260.91309,0.0,90232723260.91309
ORO,cmcc-cm_rcp45_r1i1p1,FORE-SCE-B1,72,1.1815622651158506,75815962501.39252,0.0,75815962501.39252,74791542561.3438,0.0,74791542561.3438,73205210964.2526,0.0,73205210964.2526,73374904589.23495,0.0,73374904589.23495,73374904589.23495,0.0,73374904589.23495
ORO,cmcc-cm_rcp45_r1i1p1,GCAM-26,72,1.1815622651158506,257851624341.60275,0.0,257851624341.60275,259433790643.3575,0.0,259433790643.3575,255436659058.7507,0.0,255436659058.7507,255436659058.7507,0.0,255436659058.7507,255436659058.7507,0.0,255436659058.7507
ORO,cmcc-cm_rcp45_r1i1p1,GCAM-45,72,1.1815622651158506,166854000379.6862,0.0,166854000379.6862,167672286561.81085,0.0,167672286561.81085,164923600955.75015,0.0,164923600955.75015,164923600955.75015,0.0,164923600955.75015,164923600955.75015,0.0,164923600955.75015
ORO,cmcc-cm_rcp45_r1i1p1,GCAM-ref,72,1.1815622651158506,115756871553.73732,0.0,115756871553.73732,115415236849.10878,0.0,115415236849.10878,113262724957.56699,0.0,113262724957.56699,113688032749.02704,0.0,113688032749.02704,113688032749.02704,0.0,113688032749.02704
ORO,cmcc-cm_rcp45_r1i1p1,LUCAS-BAU_High-0001,72,1.1815622651158506,57572116385.00981,0.0,57572116385.00981,56726573959.433815,0.0,56726573959.433815,55155673138.55177,0.0,55155673138.55177,55223284065.73277,0.0,55223284065.73277,55223284065.73277,0.0,55223284065.73277
ORO,cmcc-cm_rcp45_r1i1p1,LUCAS-BAU_High-0002,72,1.1815622651158506,60436010837.05518,0.0,60436010837.05518,59570654188.734474,0.0,59570654188.734474,58029187529.51507,0.0,58029187529.51507,58104567247.46509,0.0,58104567247.46509,58104567247.46509,0.0,58104567247.46509
ORO,cmcc-cm_rcp85_r1i1p1,FORE-SCE-A1B,72,1.2951665162126274,158067033148.81985,0.0,158067033148.81985,156814024357.9796,0.0,156814024357.9796,149040919346.58768,0.0,149040919346.58768,148658262407.13055,0.0,148658262407.13055,152127667139.41177,0.0,152127667139.41177
ORO,cmcc-cm_rcp85_r1i1p1,FORE-SCE-A2,72,1.2951665162126274,136344078196.70694,0.0,136344078196.70694,135802114954.64626,0.0,135802114954.64626,128929674383.89545,0.0,128929674383.89545,128441614605.98341,0.0,128441614605.98341,131531730250.14026,0.0,131531730250.14026
ORO,cmcc-cm_rcp85_r1i1p1,FORE-SCE-B1,72,1.2951665162126274,111875753482.66234,0.0,111875753482.66234,111459919551.19786,0.0,111459919551.19786,105891391626.49567,0.0,105891391626.49567,106020543724.62488,0.0,106020543724.62488,108799343537.2248,0.0,108799343537.2248
ORO,cmcc-cm_rcp85_r1i1p1,GCAM-26,72,1.2951665162126274,311392924400.585,0.0,311392924400.585,310130938151.6044,0.0,310130938151.6044,298596030434.9422,0.0,298596030434.9422,297724299461.30634,0.0,297724299461.30634,297724299461.30634,0.0,297724299461.30634
ORO,cmcc-cm_rcp85_r1i1p1,GCAM-45,72,1.2951665162126274,216314811498.58545,0.0,216314811498.58545,213660304735.40598,0.0,213660304735.40598,203575045616.94653,0.0,203575045616.94653,203138264662.23035,0.0,203138264662.23035,203138264662.23035,0.0,203138264662.23035
ORO,cmcc-cm_rcp85_r1i1p1,GCAM-ref,72,1.2951665162126274,155484275340.18448,0.0,155484275340.18448,153554838107.54572,0.0,153554838107.54572,144834882857.25293,0.0,144834882857.25293,145064327502.40524,0.0,145064327502.40524,149008054116.769,0.0,149008054116.769
ORO,cmcc-cm_rcp85_r1i1p1,LUCAS-BAU_High-0001,72,1.2951665162126274,89214513040.94305,0.0,89214513040.94305,88390694045.64236,0.0,88390694045.64236,83947853576.64664,0.0,83947853576.64664,83424021223.5164,0.0,83424021223.5164,85601060378.15456,0.0,85601060378.15456
ORO,cmcc-cm_rcp85_r1i1p1,LUCAS-BAU_High-0002,72,1.2951665162126274,91797705412.99432,0.0,91797705412.99432,91218169298.1864,0.0,91218169298.1864,86550046348.4326,0.0,86550046348.4326,86363514766.23018,0.0,86363514766.23018,88628074582.626,0.0,88628074582.626
ORO,cnrm-cm5_rcp45_r1i1p1,FORE-SCE-A1B,72,0.819774954803785,61568151454.35741,0.0,61568151454.35741,66113881829.34354,2683938143.003016,63429943686.340515,56711705067.90794,6648870602.145474,50062834465.762474,54282314311.69551,4392152586.933165,49890161724.76234,58574689304.694046,10247786452.03706,48326902852.65699
ORO,cnrm-cm5_rcp45_r1i1p1,FORE-SCE-A2,72,0.819774954803785,47925581260.927155,0.0,47925581260.927155,52507931519.843094,2912308206.4733725,49595623313.36973,43364857260.41834,6673963779.25541,36690893481.162926,41011035545.27979,4581757023.177939,36429278522.10185,45799129810.41265,10266860235.388264,35532269575.02439
ORO,cnrm-cm5_rcp45_r1i1p1,FORE-SCE-B1,72,0.819774954803785,38929687581.87174,0.0,38929687581.87174,42304223214.353294,2998843173.0662093,39305380041.28709,36327383160.40008,6682525734.69025,29644857425.709827,34136235208.136444,4944899165.616289,29191336042.520153,38212623218.56473,10668954873.271584,27543668345.293133
ORO,cnrm-cm5_rcp45_r1i1p1,GCAM-26,72,0.819774954803785,154197515058.33127,0.0,154197515058.33127,159454631346.91843,5072697433.373524,154381933913.54492,142934050930.35477,13780122899.426262,129153928030.9285,146499981754.50275,17594904999.99998,128905076754.50278,143935867237.61563,10243149980.9155,133692717256.70009
ORO,cnrm-cm5_rcp45_r1i1p1,GCAM-45,72,0.819774954803785,94282843546.51491,0.0,94282843546.51491,101564306874.51059,5725498553.329153,95838808321.18143,85693505306.40771,7919259548.321253,77774245758.08647,83878476950.73657,7102436473.749127,76776040476.98746,87785972596.11693,10263173001.53546,77522799594.58147
ORO,cnrm-cm5_rcp45_r1i1p1,GCAM-ref,72,0.819774954803785,62832087673.312874,0.0,62832087673.312874,70170359753.14127,5744139500.490987,64426220252.6503,59965501000.92224,8075781789.702357,51889719211.21988,58700953774.54382,7076979605.815071,51623974168.72876,59782759449.38269,10237350796.961987,49545408652.42071
ORO,cnrm-cm5_rcp45_r1i1p1,LUCAS-BAU_High-0001,72,0.819774954803785,30025477228.274723,0.0,30025477228.274723,33408137712.375225,2954640235.937989,30453497476.437237,28542838096.25583,6678380533.303437,21864457562.952393,27200646467.815804,5599331900.47254,21601314567.34326,32702266563.590714,12732896066.026041,19969370497.564663
ORO,cnrm-cm5_rcp45_r1i1p1,LUCAS-BAU_High-0002,72,0.819774954803785,31328977656.52642,0.0,31328977656.52642,34690380473.82238,2945310245.2996216,31745070228.52276,29639547870.212254,6677118399.011792,22962429471.200466,27901418943.209015,5345637838.158407,22555781105.050613,33850151453.180145,12532568720.855606,21317582732.32454
ORO,cnrm-cm5_rcp85_r1i1p1,FORE-SCE-A1B,72,0.8247612530601978,103541053932.59334,0.0,103541053932.59334,114423373750.70549,0.0,114423373750.70549,85050144339.2605,649018080.4519157,84401126258.80858,120835621181.56029,38093257340.94071,82742363840.61955,98659434009.44368,26418541898.263985,72240892111.1797
ORO,cnrm-cm5_rcp85_r1i1p1,FORE-SCE-A2,72,0.8247612530601978,88192417655.12984,0.0,88192417655.12984,95568889079.431,0.0,95568889079.431,69404227441.46785,0.0,69404227441.46785,111121018151.8315,43748801703.83301,67372216447.99853,85379485295.6755,28377794007.043568,57001691288.631966
ORO,cnrm-cm5_rcp85_r1i1p1,FORE-SCE-B1,72,0.8247612530601978,76946716853.46442,0.0,76946716853.46442,80513815524.64369,0.0,80513815524.64369,58702301529.247025,0.0,58702301529.247025,105163805474.3631,50060517006.50752,55103288467.85555,74883172938.89714,29736940594.209663,45146232344.6875
ORO,cnrm-cm5_rcp85_r1i1p1,GCAM-26,72,0.8247612530601978,222426081880.61972,0.0,222426081880.61972,231596684756.70624,0.0,231596684756.70624,176759680749.79553,2123148946.6941652,174636531803.10138,201114949830.11005,28644460799.519222,172470489030.59085,196385675004.2389,18925792098.509136,177459882905.7298
ORO,cnrm-cm5_rcp85_r1i1p1,GCAM-45,72,0.8247612530601978,147622673879.04584,0.0,147622673879.04584,156639223355.60965,0.0,156639223355.60965,118463093689.36424,1977510250.4452834,116485583438.91896,148359183603.04285,33253820918.96254,115105362684.08028,131714995938.64798,23051262323.227287,108663733615.42072
ORO,cnrm-cm5_rcp85_r1i1p1,GCAM-ref,72,0.8247612530601978,101990850825.07585,0.0,101990850825.07585,112984523122.41531,0.0,112984523122.41531,83078468561.14381,643382213.374693,82435086347.76912,117583410842.12889,35826697849.11018,81756712993.01868,97695593028.88718,26193600876.10552,71501992152.78168
ORO,cnrm-cm5_rcp85_r1i1p1,LUCAS-BAU_High-0001,72,0.8247612530601978,62830402267.41109,0.0,62830402267.41109,65487896878.57976,0.0,65487896878.57976,47051235991.88183,0.0,47051235991.88183,96327852629.17351,50290263018.26777,46037589610.90576,64068875307.33712,31936246451.82509,32132628855.51204
ORO,cnrm-cm5_rcp85_r1i1p1,LUCAS-BAU_High-0002,72,0.8247612530601978,64707871535.302414,0.0,64707871535.302414,67252469563.44609,0.0,67252469563.44609,48406365564.10562,0.0,48406365564.10562,97461056232.94011,50609139881.408745,46851916351.531334,65596282754.40158,31635436947.61422,33960845806.787376
ORO,csiro-mk3-6-0_rcp26_r1i1p1,FORE-SCE-A1B,72,1.2085709020432187,148419045205.7028,0.0,148419045205.7028,148613542224.17706,0.0,148613542224.17706,147873404356.31952,0.0,147873404356.31952,149295374178.06345,0.0,149295374178.06345,149295374178.06345,0.0,149295374178.06345
ORO,csiro-mk3-6-0_rcp26_r1i1p1,FORE-SCE-A2,72,1.2085709020432187,120753201499.39047,0.0,120753201499.39047,120807590020.84015,0.0,120807590020.84015,120099200121.46239,0.0,120099200121.46239,121242486884.44614,0.0,121242486884.44614,121242486884.44614,0.0,121242486884.44614
ORO,csiro-mk3-6-0_rcp26_r1i1p1,FORE-SCE-B1,72,1.2085709020432187,104244378567.79555,0.0,104244378567.79555,103944564341.20558,0.0,103944564341.20558,103486729210.38698,0.0,103486729210.38698,104164477602.34398,0.0,104164477602.34398,104164477602.34398,0.0,104164477602.34398
ORO,csiro-mk3-6-0_rcp26_r1i1p1,GCAM-26,72,1.2085709020432187,295383964556.3115,0.0,295383964556.3115,295466887804.2804,0.0,295466887804.2804,294593329807.7155,0.0,294593329807.7155,294593329807.7155,0.0,294593329807.7155,294593329807.7155,0.0,294593329807.7155
ORO,csiro-mk3-6-0_rcp26_r1i1p1,GCAM-45,72,1.2085709020432187,203314184946.35425,0.0,203314184946.35425,203319731647.2297,0.0,203319731647.2297,202682010723.49127,0.0,202682010723.49127,202682010723.49127,0.0,202682010723.49127,202682010723.49127,0.0,202682010723.49127
ORO,csiro-mk3-6-0_rcp26_r1i1p1,GCAM-ref,72,1.2085709020432187,151457879845.5725,0.0,151457879845.5725,151260680020.16855,0.0,151260680020.16855,150812067812.1126,0.0,150812067812.1126,152073638526.89673,0.0,152073638526.89673,152073638526.89673,0.0,152073638526.89673
ORO,csiro-mk3-6-0_rcp26_r1i1p1,LUCAS-BAU_High-0001,72,1.2085709020432187,85254741415.80908,0.0,85254741415.80908,84831331076.79669,0.0,84831331076.79669,84482669590.13048,0.0,84482669590.13048,84839842419.20422,0.0,84839842419.20422,84839842419.20422,0.0,84839842419.20422
ORO,csiro-mk3-6-0_rcp26_r1i1p1,LUCAS-BAU_High-0002,72,1.2085709020432187,88814496491.30244,0.0,88814496491.30244,88388320141.88962,0.0,88388320141.88962,88036577775.59563,0.0,88036577775.59563,88419548802.29402,0.0,88419548802.29402,88419548802.29402,0.0,88419548802.29402
ORO,csiro-mk3-6-0_rcp45_r1i1p1,FORE-SCE-A1B,72,1.0962716947105884,141695541357.62457,0.0,141695541357.62457,140655924544.98605,0.0,140655924544.98605,133747669279.11058,0.0,133747669279.11058,134876127168.21074,0.0,134876127168.21074,134876127168.21074,0.0,134876127168.21074
ORO,csiro-mk3-6-0_rcp45_r1i1p1,FORE-SCE-A2,72,1.0962716947105884,113012573323.31906,0.0,113012573323.31906,112862645847.11768,0.0,112862645847.11768,108045222842.2731,0.0,108045222842.2731,108885208031.40363,0.0,108885208031.40363,108885208031.40363,0.0,108885208031.40363
ORO,csiro-mk3-6-0_rcp45_r1i1p1,FORE-SCE-B1,72,1.0962716947105884,91681076626.66641,0.0,91681076626.66641,92153935805.75131,0.0,92153935805.75131,88873142695.74194,0.0,88873142695.74194,89172313333.3688,0.0,89172313333.3688,89172313333.3688,0.0,89172313333.3688
ORO,csiro-mk3-6-0_rcp45_r1i1p1,GCAM-26,72,1.0962716947105884,291079992581.3997,0.0,291079992581.3997,296106926427.6853,0.0,296106926427.6853,287020584877.4109,0.0,287020584877.4109,286494134096.7818,0.0,286494134096.7818,286494134096.7818,0.0,286494134096.7818
ORO,csiro-mk3-6-0_rcp45_r1i1p1,GCAM-45,72,1.0962716947105884,198102275699.43936,0.0,198102275699.43936,199105054802.8163,0.0,199105054802.8163,191039243118.42535,0.0,191039243118.42535,191039243118.42535,0.0,191039243118.42535,191039243118.42535,0.0,191039243118.42535
ORO,csiro-mk3-6-0_rcp45_r1i1p1,GCAM-ref,72,1.0962716947105884,142897268822.21198,0.0,142897268822.21198,141910707501.70935,0.0,141910707501.70935,135301161062.73273,0.0,135301161062.73273,136057644180.91681,0.0,136057644180.91681,136057644180.91681,0.0,136057644180.91681
ORO,csiro-mk3-6-0_rcp45_r1i1p1,LUCAS-BAU_High-0001,72,1.0962716947105884,73803794070.66838,0.0,73803794070.66838,73743235470.50201,0.0,73743235470.50201,70970275655.62996,0.0,70970275655.62996,70616075681.58897,0.0,70616075681.58897,70616075681.58897,0.0,70616075681.58897
ORO,csiro-mk3-6-0_rcp45_r1i1p1,LUCAS-BAU_High-0002,72,1.0962716947105884,76759164433.5598,0.0,76759164433.5598,76770918111.02315,0.0,76770918111.02315,73950809186.02504,0.0,73950809186.02504,73731765164.94815,0.0,73731765164.94815,73731765164.94815,0.0,73731765164.94815
ORO,csiro-mk3-6-0_rcp60_r1i1p1,FORE-SCE-A1B,72,1.0458218368307992,122571065723.35915,4964427382.733225,117606638340.62593,126874808114.19199,8546995156.398328,118327812957.79367,141292311244.5208,32520669776.483467,108771641468.03741,142892894521.10028,30939581604.374817,111953312916.7255,149901120443.1428,40791426865.49989,109109693577.64287
ORO,csiro-mk3-6-0_rcp60_r1i1p1,FORE-SCE-A2,72,1.0458218368307992,97335129059.21083,0.0,97335129059.21083,101276611868.9648,3596340322.081375,97680271546.88344,121428828385.98282,32467653480.014633,88961174905.9682,119400320937.59486,28413233165.649742,90987087771.94511,130472117894.40585,40893518250.2957,89578599644.11015
ORO,csiro-mk3-6-0_rcp60_r1i1p1,FORE-SCE-B1,72,1.0458218368307992,79699421764.06227,0.0,79699421764.06227,83054617368.63315,3640043475.398389,79414573893.23476,103852297098.14087,32469961914.803947,71382335183.33696,101004661027.82544,28413458016.12622,72591203011.6992,113334418166.74629,40897010381.69029,72437407785.05597
ORO,csiro-mk3-6-0_rcp60_r1i1p1,GCAM-26,72,1.0458218368307992,252864663715.15433,4840031616.639439,248024632098.51486,256684751245.89108,7856769258.880729,248827981987.0104,265017438771.56104,25713089647.800613,239304349123.76044,284254986155.01807,51946711999.999954,232308274155.0181,284254986155.01807,51946711999.999954,232308274155.0181
ORO,csiro-mk3-6-0_rcp60_r1i1p1,GCAM-45,72,1.0458218368307992,170446028196.3357,4895756703.514442,165550271492.8213,174228159414.0132,8094004016.765419,166134155397.24777,197088059375.3641,41120923739.652664,155967135635.71136,203487157516.0269,51946712000.0,151540445516.02686,203487157516.0269,51946712000.0,151540445516.02686
ORO,csiro-mk3-6-0_rcp60_r1i1p1,GCAM-ref,72,1.0458218368307992,120702325153.01361,4945973949.869989,115756351203.14363,124858213653.26593,8309081816.920237,116549131836.34567,140152842083.40872,32513078768.196304,107639763315.21243,142518226951.276,30764159847.94501,111754067103.33098,148044479724.0036,40748979161.84718,107295500562.15637
ORO,csiro-mk3-6-0_rcp60_r1i1p1,LUCAS-BAU_High-0001,72,1.0458218368307992,63076147582.22584,0.0,63076147582.22584,66571788254.093994,3672913608.495821,62898874645.59816,88223784801.8246,32476899247.61743,55746885554.207115,85143961237.09952,28413345702.69738,56730615534.402115,97094167491.71431,40902804731.52709,56191362760.18715
ORO,csiro-mk3-6-0_rcp60_r1i1p1,LUCAS-BAU_High-0002,72,1.0458218368307992,65384212872.216965,0.0,65384212872.216965,68935736189.73134,3622042971.399947,65313693218.3314,90657769853.05502,32472057610.808548,58185712242.24648,87631439910.27835,28413206864.206577,59218233046.071815,99542618666.65065,40897712366.802536,58644906299.848076
ORO,csiro-mk3-6-0_rcp85_r1i1p1,FORE-SCE-A1B,72,1.0121911496736489,154824382442.42303,0.0,154824382442.42303,154914510684.6404,0.0,154914510684.6404,141675862320.01822,418659000.00000834,141257203320.01822,143294127414.13345,1985973537.262826,141308153876.87067,144438511532.25958,895690030.6771888,143542821501.5824
ORO,csiro-mk3-6-0_rcp85_r1i1p1,FORE-SCE-A2,72,1.0121911496736489,126583041109.35507,0.0,126583041109.35507,125940807334.9142,0.0,125940807334.9142,113623286513.9991,614659132.5677116,113008627381.43137,117865236187.15572,3636156447.173577,114229079739.98216,119371062628.52728,3119527910.9476395,116251534717.57962
ORO,csiro-mk3-6-0_rcp85_r1i1p1,FORE-SCE-B1,72,1.0121911496736489,107081848123.32634,0.0,107081848123.32634,105882928651.17592,0.0,105882928651.17592,96274175558.66853,672330472.9247204,95601845085.74382,100049052139.47269,3814131471.020815,96234920668.45186,101626127622.1413,3233772214.593599,98392355407.5477
ORO,csiro-mk3-6-0_rcp85_r1i1p1,GCAM-26,72,1.0121911496736489,313588913839.3557,0.0,313588913839.3557,311258226748.2671,0.0,311258226748.2671,296025616581.16003,0.0,296025616581.16003,291390992352.2032,4212633000.0000014,287178359352.2031,291390992352.2032,4212633000.0000014,287178359352.2031
ORO,csiro-mk3-6-0_rcp85_r1i1p1,GCAM-45,72,1.0121911496736489,213853274252.13345,0.0,213853274252.13345,213417580248.28506,0.0,213417580248.28506,197780132269.44788,197813999.99999848,197582318269.44788,197242121474.33075,4212632999.99999,193029488474.33075,197242121474.33075,4212632999.99999,193029488474.33075
ORO,csiro-mk3-6-0_rcp85_r1i1p1,GCAM-ref,72,1.0121911496736489,156665452775.29257,0.0,156665452775.29257,157441921233.52536,0.0,157441921233.52536,144353105993.62997,418659000.0000084,143934446993.62997,145930119716.53247,1851439393.0428429,144078680323.48962,146621366744.65826,345146460.2319262,146276220284.42633
ORO,csiro-mk3-6-0_rcp85_r1i1p1,LUCAS-BAU_High-0001,72,1.0121911496736489,86417335117.45654,0.0,86417335117.45654,85457405501.82187,0.0,85457405501.82187,77829356909.44618,499478699.5297909,77329878209.9164,81714848625.46475,3741481365.074133,77973367260.39061,81560453468.63232,3329247270.513815,78231206198.1185
ORO,csiro-mk3-6-0_rcp85_r1i1p1,LUCAS-BAU_High-0002,72,1.0121911496736489,89531845170.43753,0.0,89531845170.43753,88635651711.99973,0.0,88635651711.99973,81309218896.56349,1370498677.848652,79938720218.71486,85108755753.82396,4491765071.436966,80616990682.38701,84808177451.23785,3189205133.6437783,81618972317.59407
ORO,fgoals-g2_rcp26_r1i1p1,FORE-SCE-A1B,72,1.1206831286595,75877807462.08263,0.0,75877807462.08263,75650897477.71153,0.0,75650897477.71153,71235438398.77496,0.0,71235438398.77496,71346458451.34108,0.0,71346458451.34108,73726028644.42596,0.0,73726028644.42596
ORO,fgoals-g2_rcp26_r1i1p1,FORE-SCE-A2,72,1.1206831286595,57524554304.11277,0.0,57524554304.11277,57277574578.115204,0.0,57277574578.115204,53422160370.01615,0.0,53422160370.01615,53499772429.89785,0.0,53499772429.89785,55353757482.23366,0.0,55353757482.23366
ORO,fgoals-g2_rcp26_r1i1p1,FORE-SCE-B1,72,1.1206831286595,47279767995.3077,0.0,47279767995.3077,47509499380.08444,0.0,47509499380.08444,45304799611.3519,0.0,45304799611.3519,44800360127.91939,0.0,44800360127.91939,46475091066.07619,0.0,46475091066.07619
ORO,fgoals-g2_rcp26_r1i1p1,GCAM-26,72,1.1206831286595,180262746330.1882,0.0,180262746330.1882,180743906318.64368,0.0,180743906318.64368,173480740012.3342,0.0,173480740012.3342,172069237446.32837,0.0,172069237446.32837,172069237446.32837,0.0,172069237446.32837
ORO,fgoals-g2_rcp26_r1i1p1,GCAM-45,72,1.1206831286595,113845213371.85074,0.0,113845213371.85074,112572242741.72827,0.0,112572242741.72827,106966985766.80258,570630999.9999852,106396354766.8026,106966985766.80258,570630999.9999852,106396354766.8026,106966985766.80258,570630999.9999852,106396354766.8026
ORO,fgoals-g2_rcp26_r1i1p1,GCAM-ref,72,1.1206831286595,77703245817.35762,0.0,77703245817.35762,77732528152.7172,0.0,77732528152.7172,73909804486.91617,570630999.9999881,73339173486.91617,74044205985.72762,570630999.9999939,73473574985.72763,75873740294.26797,0.0,75873740294.26797
ORO,fgoals-g2_rcp26_r1i1p1,LUCAS-BAU_High-0001,72,1.1206831286595,36902082156.93129,0.0,36902082156.93129,36963720862.07214,0.0,36963720862.07214,35037289544.2621,0.0,35037289544.2621,34645432611.335434,0.0,34645432611.335434,35820845747.796394,0.0,35820845747.796394
ORO,fgoals-g2_rcp26_r1i1p1,LUCAS-BAU_High-0002,72,1.1206831286595,38694480767.695854,0.0,38694480767.695854,38884215468.64077,0.0,38884215468.64077,36969568688.497734,0.0,36969568688.497734,36529791945.36915,0.0,36529791945.36915,37848990052.42476,0.0,37848990052.42476
SHA,access1-0_rcp45_r1i1p1,FORE-SCE-A1B,72,0.6694057918419088,230211183161.99805,0.0,230211183161.99805,234774774865.5906,0.0,234774774865.5906,216261983709.94354,0.0,216261983709.94354,218071362718.47858,0.0,218071362718.47858,219830031850.8441,58914974.749599054,219771116876.09448
SHA,access1-0_rcp45_r1i1p1,FORE-SCE-A2,72,0.6694057918419088,190792836198.65945,0.0,190792836198.65945,195434825247.42584,0.0,195434825247.42584,178254393834.9479,0.0,178254393834.9479,179609644685.5661,0.0,179609644685.5661,180345950898.59442,59436255.08033875,180286514643.5141
SHA,access1-0_rcp45_r1i1p1,FORE-SCE-B1,72,0.6694057918419088,160434231570.88712,0.0,160434231570.88712,161596952324.15192,0.0,161596952324.15192,146711509826.62302,0.0,146711509826.62302,147872339281.49033,0.0,147872339281.49033,145588490612.3395,59436296.39779392,145529054315.9417
SHA,access1-0_rcp45_r1i1p1,GCAM-26,72,0.6694057918419088,478542722674.16235,0.0,478542722674.16235,486055251038.7301,0.0,486055251038.7301,465293544634.19714,12673605000.000011,452619939634.1971,531813450451.0721,47545653414.49177,484267797036.58044,457739460932.7907,28121568092.85479,429617892839.936
SHA,access1-0_rcp45_r1i1p1,GCAM-45,72,0.6694057918419088,320943498844.7603,0.0,320943498844.7603,325932892165.62634,0.0,325932892165.62634,303463444269.96075,0.0,303463444269.96075,384563351673.6792,43991635191.90846,340571716481.7706,300833978268.1715,29882302268.861477,270951675999.31
SHA,access1-0_rcp45_r1i1p1,GCAM-ref,72,0.6694057918419088,226694460293.65744,0.0,226694460293.65744,229957517557.15063,0.0,229957517557.15063,211167548045.7844,0.0,211167548045.7844,213322375259.2367,0.0,213322375259.2367,215652061918.68976,58579298.68888023,215593482620.00085
SHA,access1-0_rcp45_r1i1p1,LUCAS-BAU_High-0001,72,0.6694057918419088,127421998811.1428,0.0,127421998811.1428,126888344436.54648,0.0,126888344436.54648,114434134017.95679,0.0,114434134017.95679,115233239689.38208,0.0,115233239689.38208,111415242137.84052,59378579.99616681,111355863557.84436
SHA,access1-0_rcp45_r1i1p1,LUCAS-BAU_High-0002,72,0.6694057918419088,132330825194.93413,0.0,132330825194.93413,132083028742.9264,0.0,132083028742.9264,119291606939.13184,0.0,119291606939.13184,120261901641.47556,0.0,120261901641.47556,116474629058.5609,59424255.76822424,116415204802.79268
SHA,access1-0_rcp85_r1i1p1,FORE-SCE-A1B,72,0.6312654875813457,418797887716.41394,19575089512.54015,399222798203.8738,418833753276.16003,16186794486.649035,402646958789.511,405546663593.9808,17323441590.42449,388223222003.5563,410142605896.8169,23379193841.671314,386763412055.14557,405330473145.55505,16567146913.711578,388763326231.8435
SHA,access1-0_rcp85_r1i1p1,FORE-SCE-A2,72,0.6312654875813457,354724306927.5719,20502026604.678978,334222280322.89294,354779260429.64374,16974002484.041195,337805257945.6026,342432766713.1673,19495946761.753784,322936819951.4135,346247416487.5805,25600057606.96733,320647358880.6132,339612705345.9965,18510586531.198574,321102118814.7979
SHA,access1-0_rcp85_r1i1p1,FORE-SCE-B1,72,0.6312654875813457,310271477671.96204,20556670991.38862,289714806680.5735,310342142277.84204,17161633596.012405,293180508681.82965,300443707073.1718,20001530479.801517,280442176593.37036,303442255336.24084,26098913249.369514,277343342086.8714,294693389818.8544,18986214778.804928,275707175040.0495
SHA,access1-0_rcp85_r1i1p1,GCAM-26,72,0.6312654875813457,756693814832.6111,12909884009.939182,743783930822.6719,774574920455.6033,14140829308.867943,760434091146.7354,740989755192.2308,13646747227.544092,727343007964.6869,735554964978.9259,11089146190.09195,724465818788.8339,760969037576.2051,12982739658.921747,747986297917.2833
SHA,access1-0_rcp85_r1i1p1,GCAM-45,72,0.6312654875813457,545269418646.9669,17421325365.677616,527848093281.2893,551758904444.1425,15726756148.758945,536032148295.3835,530726753989.8228,15925957455.597475,514800796534.22534,528761876903.0247,15818753893.285198,512943123009.73956,532150593768.3351,15376250261.404589,516774343506.93054
SHA,access1-0_rcp85_r1i1p1,GCAM-ref,72,0.6312654875813457,419164342481.3949,18699540300.01127,400464802181.38367,419696004587.59393,16182164213.423082,403513840374.17084,406621064689.3259,17126037010.0423,389495027679.2837,402598475081.7136,14504422799.534399,388094052282.1792,406792234718.27264,15824354913.195946,390967879805.0767
SHA,access1-0_rcp85_r1i1p1,LUCAS-BAU_High-0001,72,0.6312654875813457,258175147497.96378,20634193005.120438,237540954492.84332,255480451414.24268,16501890273.098215,238978561141.1445,250974462841.03806,22463029829.608982,228511433011.42905,253270181808.83212,28524121477.549126,224746060331.283,242406474307.85068,20475290388.194225,221931183919.65643
SHA,access1-0_rcp85_r1i1p1,LUCAS-BAU_High-0002,72,0.6312654875813457,264721337685.2229,20629980101.08395,244091357584.13892,263868414269.7042,16405847330.404837,247462566939.29938,258962184511.11255,22184467324.31811,236777717186.7944,262344791772.21335,28207882975.512684,234136908796.70065,250990365044.46558,20173701638.367287,230816663406.09827
SHA,bcc-csm1-1-m_rcp45_r1i1p1,FORE-SCE-A1B,72,0.599830946838826,275284745789.45593,21686733446.97332,253598012342.48267,273241745492.73505,21944663723.06964,251297081769.66537,268604050236.99075,20825557263.47364,247778492973.51712,280828772531.4336,35960116593.22688,244868655938.2067,292034825154.484,25086302002.58544,266948523151.89856
SHA,bcc-csm1-1-m_rcp45_r1i1p1,FORE-SCE-A2,72,0.599830946838826,227875663757.58264,16802071132.30399,211073592625.2787,230051368409.78583,20177587988.333176,209873780421.45273,225570718107.4182,19468436625.47169,206102281481.94647,241015743665.13046,38184615193.87492,202831128471.25558,246760688916.95834,25664492424.140102,221096196492.8182
SHA,bcc-csm1-1-m_rcp45_r1i1p1,FORE-SCE-B1,72,0.599830946838826,195107248894.30698,16840751914.812664,178266496979.4943,197502872805.39233,20231786121.67077,177271086683.72156,192960940316.41428,19776747929.092716,173184192387.32156,208363737387.59512,38528727052.10209,169835010335.49304,211641539053.3678,26003199935.899723,185638339117.46802
SHA,bcc-csm1-1-m_rcp45_r1i1p1,GCAM-26,72,0.599830946838826,540665316204.176,22689569225.03961,517975746979.1364,540446414855.55865,26033776574.185524,514412638281.3731,532230780265.38605,25494544463.829945,506736235801.5561,556654814132.7076,42950070083.08479,513704744049.62286,584709264570.9495,25164596541.276966,559544668029.6725
SHA,bcc-csm1-1-m_rcp45_r1i1p1,GCAM-45,72,0.599830946838826,370117529673.07416,21033369789.06897,349084159884.0052,370551231560.2173,24057453658.196507,346493777902.02075,365779774230.70734,22910542180.309746,342869232050.3976,381295517081.6995,36542528718.8477,344752988362.85175,399260133309.7505,26300241611.368294,372959891698.38226
SHA,bcc-csm1-1-m_rcp45_r1i1p1,GCAM-ref,72,0.599830946838826,274125265146.58844,21328967041.878822,252796298104.70963,272721548105.4472,23227872330.400574,249493675775.04663,268462045860.12787,22534797707.389034,245927248152.73883,280202908372.85474,36806614949.297455,243396293423.55725,291051308772.13776,24489646868.44285,266561661903.69498
SHA,bcc-csm1-1-m_rcp45_r1i1p1,LUCAS-BAU_High-0001,72,0.599830946838826,159023431375.30573,16940525738.802725,142082905636.503,160903727834.76346,19761801035.874573,141141926798.88892,155452192485.3841,19139776752.036156,136312415733.34795,171254370793.4637,38431127337.97729,132823243455.48648,172376136736.1273,25956468306.26763,146419668429.85962
SHA,bcc-csm1-1-m_rcp45_r1i1p1,LUCAS-BAU_High-0002,72,0.599830946838826,163342517383.3793,16896559733.567688,146445957649.81165,165755866966.32428,19695090387.16797,146060776579.15634,160166354367.40182,19097862067.99112,141068492299.41068,175994725734.6217,38366551596.34596,137628174138.2757,177881236777.06363,25883647421.136833,151997589355.9267
SHA,bcc-csm1-1-m_rcp85_r1i1p1,FORE-SCE-A1B,72,0.5499645079716418,332055433841.6419,15125512221.197166,316929921620.44476,322514888966.2828,22574236311.855755,299940652654.427,336578930353.2967,30536215350.31779,306042715002.97894,347469183673.79095,28028071752.845573,319441111920.9454,344403493762.38416,50064782258.79511,294338711503.5891
SHA,bcc-csm1-1-m_rcp85_r1i1p1,FORE-SCE-A2,72,0.5499645079716418,287938141196.638,14710143906.289328,273227997290.3486,282339961972.291,23055171264.87357,259284790707.41748,291918353885.99994,30469418371.480103,261448935514.51984,302954201603.3047,27891836730.104107,275062364873.2005,298448563900.913,50039932556.14522,248408631344.76794
SHA,bcc-csm1-1-m_rcp85_r1i1p1,FORE-SCE-B1,72,0.5499645079716418,252072546981.75424,13513060252.685213,238559486729.069,245920216872.31372,20654284223.6964,225265932648.61737,252011825481.98944,25957098720.709404,226054726761.2801,267015823479.02982,28044971041.08133,238970852437.94846,260601627550.2407,50683101338.2699,209918526211.9708
SHA,bcc-csm1-1-m_rcp85_r1i1p1,GCAM-26,72,0.5499645079716418,618877588774.6798,25966332125.288067,592911256649.3918,587979350314.6295,25091609155.16149,562887741159.4681,616444434411.1161,35560784029.23147,580883650381.8846,615698314140.012,33241802416.517452,582456511723.4946,614797301546.3387,48910421554.28148,565886879992.0571
SHA,bcc-csm1-1-m_rcp85_r1i1p1,GCAM-45,72,0.5499645079716418,444315864414.28656,25886708953.704563,418429155460.58203,418437090213.8828,24757718870.708027,393679371343.1748,434821770945.57855,30055433421.209126,404766337524.36945,432732802601.2463,26980393006.56977,405752409594.6766,437292272923.1774,49819491601.58484,387472781321.5926
SHA,bcc-csm1-1-m_rcp85_r1i1p1,GCAM-ref,72,0.5499645079716418,328807468062.6545,16920427572.020872,311887040490.6336,318239583969.03046,23582960569.73459,294656623399.29584,332995344017.3669,30852174322.944164,302143169694.4228,343267440623.141,27990611633.300175,315276828989.84076,341316554971.394,50594886897.624695,290721668073.7693
SHA,bcc-csm1-1-m_rcp85_r1i1p1,LUCAS-BAU_High-0001,72,0.5499645079716418,212805621569.77423,10444117822.906807,202361503746.86743,208419716858.09048,19953113567.515915,188466603290.5746,213878596808.52356,26603104125.775547,187275492682.74805,226232135983.2129,27788495801.916542,198443640181.29636,218384273276.218,51192933546.587395,167191339729.63058
SHA,bcc-csm1-1-m_rcp85_r1i1p1,LUCAS-BAU_High-0002,72,0.5499645079716418,216558813439.93848,10425331231.618954,206133482208.31955,213464834941.76816,19906970200.158554,193557864741.60962,219100666644.78384,26592990522.38522,192507676122.39865,230910327973.12604,27821319771.05139,203089008202.07462,224461130717.41403,51178620112.08098,173282510605.33304
SHA,bcc-csm1-1_rcp26_r1i1p1,FORE-SCE-A1B,72,0.7274477555868448,366992804242.0375,13482543440.03755,353510260801.9999,379195612642.21405,11207738626.863676,367987874015.3503,360143351101.2812,16600655147.59807,343542695953.6831,369532233994.8326,25794512005.953636,343737721988.8789,369295718800.6784,38306889171.80171,330988829628.8766
SHA,bcc-csm1-1_rcp26_r1i1p1,FORE-SCE-A2,72,0.7274477555868448,310443833336.2985,13202310620.404474,297241522715.89404,322293414556.6662,10452979201.531683,311840435355.1345,302662838150.6442,16834430954.025068,285828407196.61914,312782275154.9927,26941543546.03109,285840731608.96155,311937983263.5677,40007525004.41899,271930458259.1488
SHA,bcc-csm1-1_rcp26_r1i1p1,FORE-SCE-B1,72,0.7274477555868448,267712680727.38364,13190506382.739637,254522174344.644,279332568136.56696,10489826642.881079,268842741493.6859,258879701662.7707,16918798574.624908,241960903088.1458,269037251465.00433,26989322040.965637,242047929424.03864,268244660574.55692,40420406777.92148,227824253796.6354
SHA,bcc-csm1-1_rcp26_r1i1p1,GCAM-26,72,0.7274477555868448,698444880911.9644,13002664778.082865,685442216133.8816,704074777219.6304,11525119066.562414,692549658153.0679,698132670219.4753,26596580763.49111,671536089455.9841,697441080307.2047,27659124430.56627,669781955876.6384,703835010690.378,36542054807.86224,667292955882.5157
SHA,bcc-csm1-1_rcp26_r1i1p1,GCAM-45,72,0.7274477555868448,491818129921.7855,13461064024.350735,478357065897.43494,501376298459.629,11097980380.266735,490278318079.3622,485907380972.3343,15750836844.23372,470156544128.10065,496102373851.3638,27089500989.395313,469012872861.9685,495924640235.84,38024313340.47223,457900326895.3678
SHA,bcc-csm1-1_rcp26_r1i1p1,GCAM-ref,72,0.7274477555868448,366771398807.27094,13491837872.117487,353279560935.15344,379022107415.4694,11175948870.140621,367846158545.3288,360593173073.39246,16220087524.349655,344373085549.04285,370354094531.1544,25466580881.979336,344887513649.17505,369656251354.4861,37567384505.97642,332088866848.50964
SHA,bcc-csm1-1_rcp26_r1i1p1,LUCAS-BAU_High-0001,72,0.7274477555868448,225884187656.14755,13204100401.116383,212680087255.03116,238155782083.61404,10469230481.24247,227686551602.37155,216723401240.92377,16918688807.878836,199804712433.045,225941440408.86423,27041019786.482513,198900420622.38168,224787102406.5924,40301943496.76141,184485158909.83093
SHA,bcc-csm1-1_rcp26_r1i1p1,LUCAS-BAU_High-0002,72,0.7274477555868448,232712905581.59183,13200255659.330011,219512649922.2618,245369262790.98657,10466247308.95306,234903015482.0335,223062746586.61957,16864883543.821457,206197863042.79807,233279277052.51657,26972977158.886898,206306299893.62964,231916180581.36765,40170427740.54689,191745752840.82068
SHA,bcc-csm1-1_rcp45_r1i1p1,FORE-SCE-A1B,72,0.6297271203707356,328284287175.07404,20225523675.472202,308058763499.60175,338143347048.49854,20894181071.933605,317249165976.56494,326971045219.3894,22363608951.801884,304607436267.5875,340129606273.07196,32545330717.469147,307584275555.6028,351795832391.4324,41047301962.29055,310748530429.1418
SHA,bcc-csm1-1_rcp45_r1i1p1,FORE-SCE-A2,72,0.6297271203707356,286963131292.6048,20177236254.582825,266785895038.02197,294868377393.70526,20900065736.623833,273968311657.08148,282065905131.35565,21222402272.40636,260843502858.94925,293227324838.0082,30166900147.403084,263060424690.60516,306252372937.04706,41743093460.03747,264509279477.00964
SHA,bcc-csm1-1_rcp45_r1i1p1,FORE-SCE-B1,72,0.6297271203707356,243576216036.99313,20137148366.350014,223439067670.64304,250032120737.74454,20913835112.44537,229118285625.29916,236998461657.25748,21208723999.720013,215789737657.5374,246461591527.63412,30173872169.537086,216287719358.09695,257680665533.72186,41958156098.529236,215722509435.19275
SHA,bcc-csm1-1_rcp45_r1i1p1,GCAM-26,72,0.6297271203707356,621425095230.1947,22582891754.095837,598842203476.0989,629623984478.939,21919742415.457184,607704242063.4819,620066042053.7239,33714902724.00149,586351139329.7227,628041189115.9897,44237843622.11913,583803345493.8706,646209472274.7766,43118241808.38945,603091230466.3873
SHA,bcc-csm1-1_rcp45_r1i1p1,GCAM-45,72,0.6297271203707356,437551301463.41736,22522179024.376358,415029122439.041,447022495665.23773,21940974795.790085,425081520869.4477,436200186002.32367,24216941289.980743,411983244712.3429,443109442031.43823,34676866305.888336,408432575725.5499,456919626597.91974,43937967197.155464,412981659400.7642
SHA,bcc-csm1-1_rcp45_r1i1p1,GCAM-ref,72,0.6297271203707356,323208345604.51935,22484080622.831017,300724264981.68835,329716004214.5414,21953990463.251694,307762013751.2897,317956182683.45087,22808531850.43897,295147650833.0119,330945838765.787,32611109085.614075,298334729680.173,342405735727.80554,40699099156.58579,301706636571.21985
SHA,bcc-csm1-1_rcp45_r1i1p1,LUCAS-BAU_High-0001,72,0.6297271203707356,203865936139.9929,20160872975.71118,183705063164.28177,208768031483.05817,20905202537.099056,187862828945.95914,195720098266.8764,21318328411.91912,174401769854.9573,203713061681.7635,30271078905.055202,173441982776.7083,213468398409.44754,41929717474.763756,171538680934.68387
SHA,bcc-csm1-1_rcp45_r1i1p1,LUCAS-BAU_High-0002,72,0.6297271203707356,209459690728.29257,20163887229.08989,189295803499.2027,214661400566.8536,20904842645.839752,193756557921.01385,201472870820.28238,21262307730.551567,180210563089.7308,209363772224.25763,30213791020.257515,179149981204.00012,219488534402.85983,41858228955.81218,177630305447.04767
SHA,bcc-csm1-1_rcp60_r1i1p1,FORE-SCE-A1B,72,0.731762869902606,297818494413.4905,865052713.5527489,296953441699.93774,297330174576.6587,0.0,297330174576.6587,287430479827.4302,710182287.5918297,286720297539.8383,286342975422.56525,497882372.82292247,285845093049.7423,292838575630.25305,53371399.97356135,292785204230.27954
SHA,bcc-csm1-1_rcp60_r1i1p1,FORE-SCE-A2,72,0.731762869902606,246323286262.1118,1013624407.0710979,245309661855.04068,246553793072.77563,0.0,246553793072.77563,237074182318.1877,1270576698.7935188,235803605619.3942,236396928524.28702,1940603838.989251,234456324685.29776,241242095440.799,797945619.1896956,240444149821.6093
SHA,bcc-csm1-1_rcp60_r1i1p1,FORE-SCE-B1,72,0.731762869902606,210047838127.86774,1014303770.3011606,209033534357.56662,210488592944.43317,0.0,210488592944.43317,201371978806.34613,1369248933.3213844,200002729873.02475,199122337983.4463,1994947792.9130647,197127390190.5332,202887091530.14398,886553533.243663,202000537996.90036
SHA,bcc-csm1-1_rcp60_r1i1p1,GCAM-26,72,0.731762869902606,578374751509.2961,0.0,578374751509.2961,582924723807.666,0.0,582924723807.666,562985127930.0573,0.0,562985127930.0573,560055856523.1962,794042159.9583744,559261814363.2377,581782513301.31,0.0,581782513301.31
SHA,bcc-csm1-1_rcp60_r1i1p1,GCAM-45,72,0.731762869902606,405157483133.2408,322170411.65639096,404835312721.58435,406916442558.752,0.0,406916442558.752,394452570834.33203,99448691.07865234,394353122143.2534,393196589290.798,1091200999.057156,392105388291.74084,399819903718.57104,131620252.6875757,399688283465.8835
SHA,bcc-csm1-1_rcp60_r1i1p1,GCAM-ref,72,0.731762869902606,301761375997.4843,666256420.2914364,301095119577.1929,301649980814.27106,0.0,301649980814.27106,291122302018.9627,498757187.5985217,290623544831.3642,288945645514.0682,381522438.88386726,288564123075.18427,296855429161.57996,0.0,296855429161.57996
SHA,bcc-csm1-1_rcp60_r1i1p1,LUCAS-BAU_High-0001,72,0.731762869902606,177433775144.74652,1013982961.5079113,176419792183.23862,177481604705.12512,0.0,177481604705.12512,168701799779.2525,1483940127.9867582,167217859651.26575,165733590853.97284,2097249613.9583426,163636341240.0145,168748623057.84183,1172960895.202984,167575662162.63885
SHA,bcc-csm1-1_rcp60_r1i1p1,LUCAS-BAU_High-0002,72,0.731762869902606,182973708908.87512,1014175243.6738389,181959533665.2013,183382544832.412,0.0,183382544832.412,174383807763.4867,1449817527.713427,172933990235.77325,171268150841.37955,2079488862.760832,169188661978.61868,174788307636.943,1052554746.4259727,173735752890.517
SHA,bcc-csm1-1_rcp85_r1i1p1,FORE-SCE-A1B,72,0.6041870580278719,406587584368.4812,50063488954.41204,356524095414.06915,393313822479.8195,45483640855.198395,347830181624.62115,413349878904.57355,69064412019.66583,344285466884.9076,413351341536.5627,65152891157.93424,348198450378.6285,443072026376.9791,99867862077.97131,343204164299.0079
SHA,bcc-csm1-1_rcp85_r1i1p1,FORE-SCE-A2,72,0.6041870580278719,355742357541.5552,44907557124.59497,310834800416.96014,347730708270.73474,42880391526.420975,304850316744.3138,368294333425.7811,68464773042.60261,299829560383.17847,368317281918.22815,64883320246.45966,303433961671.7684,398041402210.4132,101318261640.5102,296723140569.9031
SHA,bcc-csm1-1_rcp85_r1i1p1,FORE-SCE-B1,72,0.6041870580278719,307927950457.7936,45030299825.26882,262897650632.52487,301015372216.03503,43165132996.098434,257850239219.93652,320855484613.608,68706357661.13408,252149126952.47382,319816196017.8078,65143364713.14986,254672831304.658,346868841464.88434,101759373653.04816,245109467811.83627
SHA,bcc-csm1-1_rcp85_r1i1p1,GCAM-26,72,0.6041870580278719,720455654291.3328,56047950364.9599,664407703926.3729,705710363274.8164,49194112283.92477,656516250990.8915,725179240420.5881,75044284773.39572,650134955647.1924,720396888827.481,74460552418.77823,645936336408.7026,750640207961.5094,93966446083.29709,656673761878.2123
SHA,bcc-csm1-1_rcp85_r1i1p1,GCAM-45,72,0.6041870580278719,530155673380.03265,57016892488.96956,473138780891.06323,511395105077.904,49072402649.42467,462322702428.4793,533608406884.3264,76579394555.12616,457029012329.20026,531359889940.74835,75652824630.15121,455707065310.59717,555815167170.102,99711592569.6274,456103574600.47455
SHA,bcc-csm1-1_rcp85_r1i1p1,GCAM-ref,72,0.6041870580278719,404595427556.66425,55228013363.13835,349367414193.52594,388321351363.10626,48944566710.49966,339376784652.6066,405892728534.01697,71562590884.84909,334330137649.16785,404593166321.3425,67332182573.94607,337260983747.3963,434480973247.2599,99288156162.04637,335192817085.21356
SHA,bcc-csm1-1_rcp85_r1i1p1,LUCAS-BAU_High-0001,72,0.6041870580278719,247826797475.0804,29684374303.323074,218142423171.75735,252760116812.15048,38902371828.77158,213857744983.3789,271627529566.98227,65371500965.38218,206256028601.6001,270980947045.56067,63327916658.39621,207653030387.16446,300189871688.61523,102900850428.65872,197289021259.95648
SHA,bcc-csm1-1_rcp85_r1i1p1,LUCAS-BAU_High-0002,72,0.6041870580278719,252280009179.1553,29575851286.818542,222704157892.33676,258025331956.69006,38756160509.8111,219269171446.87897,277480352227.38354,65261213242.07109,212219138985.31244,276845264330.1232,63228225201.17989,213617039128.94333,306431212458.41626,102706416732.1298,203724795726.2864
SHA,canesm2_rcp26_r1i1p1,FORE-SCE-A1B,72,0.5936682908165729,460288769031.39496,181305236866.81122,278983532164.5837,480018684507.2196,205782103101.7704,274236581405.44943,447048956063.52246,184960785980.83704,262088170082.68542,444122145634.0508,181997783061.85458,262124362572.19614,542043821461.2065,283244244225.54047,258799577235.66592
SHA,canesm2_rcp26_r1i1p1,FORE-SCE-A2,72,0.5936682908165729,418526736740.2517,180246779822.02142,238279956918.2301,437273414962.10706,204967636067.23718,232305778894.87003,397697834782.9996,179666736447.73737,218031098335.262,398857535952.0676,180753071598.8473,218104464353.22015,499125876827.989,286045304669.74756,213080572158.24158
SHA,canesm2_rcp26_r1i1p1,FORE-SCE-B1,72,0.5936682908165729,388168809996.1526,180708363171.84387,207460446824.30878,407655200784.9734,205256818550.7624,202398382234.211,369162813552.28864,179928323091.7161,189234490460.57266,370301681503.3038,181010087095.3553,189291594407.94846,467387344523.3022,286436559564.95483,180950784958.34735
SHA,canesm2_rcp26_r1i1p1,GCAM-26,72,0.5936682908165729,744982976019.1707,212891579175.8534,532091396843.31744,744405098479.8325,216879745348.12842,527525353131.70435,705203934528.5309,190348025872.3316,514855908656.1994,712127245968.1053,187690248455.77454,524436997512.3306,813633971064.0659,280598365063.635,533035606000.4309
SHA,canesm2_rcp26_r1i1p1,GCAM-45,72,0.5936682908165729,569529654727.123,194442842051.2578,375086812675.86505,577766566804.2849,210302695865.62683,367463870938.65796,542317815116.4639,188326747788.83588,353991067327.6281,545543073480.0675,187811863341.72028,357731210138.3472,642001330790.1776,284297365770.9072,357703965019.27045
SHA,canesm2_rcp26_r1i1p1,GCAM-ref,72,0.5936682908165729,475559240830.15533,195566732214.15784,279992508615.99744,486390805658.3306,211576314362.93198,274814491295.39874,450504167900.91724,189495199780.0205,261008968120.89682,453176967588.28906,191973912289.26746,261203055299.02155,541997273818.9871,282259321109.0935,259737952709.89346
SHA,canesm2_rcp26_r1i1p1,LUCAS-BAU_High-0001,72,0.5936682908165729,355383187758.29584,177176124428.41592,178207063329.87973,375200305851.53424,204515991123.30994,170684314728.2244,332431922523.3152,175230253207.4425,157201669315.87268,325921467182.7491,168019846284.79257,157901620897.9565,434852228887.7861,287411974378.177,147440254509.60907
SHA,canesm2_rcp26_r1i1p1,LUCAS-BAU_High-0002,72,0.5936682908165729,360144518821.30225,176919105046.9957,183225413774.3067,379857310764.94275,204306798783.1367,175550511981.80612,337604161550.276,175075707219.50876,162528454330.76718,331241502357.30695,167885480919.24527,163356021438.06155,440106884042.2934,287126089012.7378,152980795029.5556
SHA,canesm2_rcp45_r1i1p1,FORE-SCE-A1B,72,0.5538902855572638,315467292414.47015,17762642515.653538,297704649898.8165,315570013109.7941,30096209464.079277,285473803645.7149,320867158298.17596,35954789808.1191,284912368490.05695,332765456962.8848,49640744343.198746,283124712619.68604,349954865681.29224,23213199109.073463,326741666572.2187
SHA,canesm2_rcp45_r1i1p1,FORE-SCE-A2,72,0.5538902855572638,275925647278.3972,17379553269.643044,258546094008.75415,276317650610.64545,29073161179.958366,247244489430.68704,277123803732.02637,34668990877.79375,242454812854.23264,291255328684.0755,49646382001.14125,241608946682.93427,301259281693.98627,22859806069.5625,278399475624.4237
SHA,canesm2_rcp45_r1i1p1,FORE-SCE-B1,72,0.5538902855572638,243418298446.78497,16067001305.811445,227351297140.97357,244107685069.31796,26587722629.19867,217519962440.11932,245564764249.42267,33726168989.053864,211838595260.36877,259452398212.04422,47348684723.08751,212103713488.95676,266985898609.1748,22572960859.70706,244412937749.46774
SHA,canesm2_rcp45_r1i1p1,GCAM-26,72,0.5538902855572638,575161294062.9421,24857699469.08458,550303594593.8575,563239793677.9282,38409485045.37562,524830308632.55273,577699760569.9417,37926151208.59961,539773609361.34216,602377798497.1216,58911879296.235886,543465919200.8859,618091616987.1777,44457546496.8871,573634070490.2906
SHA,canesm2_rcp45_r1i1p1,GCAM-45,72,0.5538902855572638,410052310167.10925,19733392590.16694,390318917576.9424,407819794954.96027,34056091713.084873,373763703241.87524,415393722001.15173,37361800792.46332,378031921208.6883,438333332502.2731,57599587132.6061,380733745369.6669,450721675732.5323,43312119123.70201,407409556608.83026
SHA,canesm2_rcp45_r1i1p1,GCAM-ref,72,0.5538902855572638,317355928385.50116,19741711018.28918,297614217367.212,317067213026.4892,31952304122.69825,285114908903.7908,322782941828.4689,36886502025.34743,285896439803.12146,334369858082.48126,50204417679.16881,284165440403.3125,351566599302.42175,23208558344.059357,328358040958.3625
SHA,canesm2_rcp45_r1i1p1,LUCAS-BAU_High-0001,72,0.5538902855572638,211996277828.4107,16108971529.89651,195887306298.51422,209484901039.87833,23676903495.070736,185807997544.8076,212209625609.8432,31777057687.67128,180432567922.17197,228804993383.28137,47006694964.25321,181798298419.02814,230865540405.11844,22234277414.979004,208631262990.13943
SHA,canesm2_rcp45_r1i1p1,LUCAS-BAU_High-0002,72,0.5538902855572638,216455306248.26605,15744521463.61589,200710784784.6501,215801379592.98148,25150668696.203003,190650710896.77847,217277042647.39053,32033242800.950195,185243799846.44028,233315274952.22812,47046813665.35199,186268461286.87613,236896118041.8327,22291159637.68352,214604958404.14923
SHA,canesm2_rcp85_r1i1p1,FORE-SCE-A1B,72,0.527411435293954,923104352389.6378,523636622940.4031,399467729449.23474,930555000893.3875,545589677411.5218,384965323481.86584,944164405581.7318,546551379758.11646,397613025823.6156,942120805582.4686,551493039821.2451,390627765761.22327,990155848847.1355,602625122870.7212,387530725976.4146
SHA,canesm2_rcp85_r1i1p1,FORE-SCE-A2,72,0.527411435293954,874398616626.9364,521235205491.7483,353163411135.1881,885764478588.8969,543656369738.9743,342108108849.9224,896456003293.999,545142327640.4029,351313675653.5962,895882560470.128,550926028769.3389,344956531700.7892,938927401772.2623,602596716074.4707,336330685697.79144
SHA,canesm2_rcp85_r1i1p1,FORE-SCE-B1,72,0.527411435293954,835382531073.7986,522094152082.5326,313288378991.26587,846726881329.687,541766707721.2573,304960173608.4298,865088651658.1038,550963253183.6621,314125398474.4416,852598983645.7528,549428264630.0646,303170719015.6882,899366201636.9996,603502946231.9519,295863255405.0479
SHA,canesm2_rcp85_r1i1p1,GCAM-26,72,0.527411435293954,1206024726910.3123,526717712265.8953,679307014644.417,1205381166585.7803,553313896020.3403,652067270565.44,1222385516693.3516,550438019779.8969,671947496913.4547,1288160708750.4424,604827058790.6598,683333649959.7822,1339992205496.2947,677803387909.933,662188817586.3617
SHA,canesm2_rcp85_r1i1p1,GCAM-45,72,0.527411435293954,1026142479204.5126,521170479311.30054,504971999893.2119,1035534033260.333,549793940787.9235,485740092472.4092,1045558936830.1779,547348587830.26306,498210348999.91504,1101973646698.135,601714645624.8301,500259001073.30524,1157651186283.1873,678573894463.8307,479077291819.3566
SHA,canesm2_rcp85_r1i1p1,GCAM-ref,72,0.527411435293954,923369956969.3496,524566300681.0221,398803656288.3279,932369908299.6979,547917614074.1754,384452294225.5228,946989946769.449,552086832669.2664,394903114100.183,938380967621.1564,551639519371.8126,386741448249.34375,993205014514.4717,603377192861.1545,389827821653.3175
SHA,canesm2_rcp85_r1i1p1,LUCAS-BAU_High-0001,72,0.527411435293954,792067287455.5706,522002238388.44836,270065049067.12238,799767734056.4547,535250497714.11865,264517236342.3362,818006783510.5287,547367352895.4089,270639430615.1199,811535029418.7291,547966238660.86145,263568790757.8677,858684563087.1385,604485932111.1162,254198630976.02234
SHA,canesm2_rcp85_r1i1p1,LUCAS-BAU_High-0002,72,0.527411435293954,798538131856.2292,521795004513.0934,276743127343.136,806649154737.6001,536420808114.8989,270228346622.70117,824794516282.7458,547629922616.6299,277164593666.11584,816922644852.8385,548407496507.01697,268515148345.8215,865284756965.6809,604403409700.3267,260881347265.3544
SHA,ccsm4_rcp26_r1i1p1,FORE-SCE-A1B,72,0.6872196722440188,230106662933.9427,727077003.0385509,229379585930.90414,226598254080.7708,185002038.6802338,226413252042.09058,224009617368.6776,5604909530.651,218404707838.02655,246064508508.62625,24544000804.757736,221520507703.86853,210995736476.2469,12300395333.470932,198695341142.77594
SHA,ccsm4_rcp26_r1i1p1,FORE-SCE-A2,72,0.6872196722440188,196663978061.77124,692608102.5133215,195971369959.2579,193571710953.51108,84323411.57601187,193487387541.93506,187926489560.3664,2495123569.6077766,185431365990.7586,214224101908.7085,26346512036.708706,187877589871.99982,180073300191.29562,14278831656.790598,165794468534.50504
SHA,ccsm4_rcp26_r1i1p1,FORE-SCE-B1,72,0.6872196722440188,162384266055.86697,668661846.7654887,161715604209.10147,160552370150.2718,120819551.21528299,160431550599.05652,154067772436.60434,2562808986.6875944,151504963449.91675,180118726364.72882,26666088739.45095,153452637625.27783,147707149160.2738,15806408516.013195,131900740644.26064
SHA,ccsm4_rcp26_r1i1p1,GCAM-26,72,0.6872196722440188,465886815532.35895,2371629776.39788,463515185755.96106,465018183908.20776,0.0,465018183908.20776,448263203179.8733,2974976192.6000195,445288226987.27325,607775798425.633,111860583292.98294,495915215132.65027,411301079663.6413,6087466444.429249,405213613219.2121
SHA,ccsm4_rcp26_r1i1p1,GCAM-45,72,0.6872196722440188,316078909916.61993,784742333.2935491,315294167583.32635,313577240662.5351,23922418.754166573,313553318243.78094,307740020327.894,3735301545.178829,304004718782.7152,480475310092.35315,128062745664.74773,352412564427.6054,268122567385.38483,10415684265.00971,257706883120.37512
SHA,ccsm4_rcp26_r1i1p1,GCAM-ref,72,0.6872196722440188,224489834578.18912,732518623.6808004,223757315954.5083,221544932507.7965,172839743.5359249,221372092764.2606,218195420617.22552,5056679997.206665,213138740620.01886,240455215209.4288,24230768608.0148,216224446601.41397,205319782300.53668,11927095676.373632,193392686624.16302
SHA,ccsm4_rcp26_r1i1p1,LUCAS-BAU_High-0001,72,0.6872196722440188,130492690425.95703,803736082.6694624,129688954343.28757,129214810798.56775,15510385.678088643,129199300412.88968,121785157512.80351,2425632261.0167656,119359525251.78676,148205921339.6152,27831054822.41814,120374866517.1971,120454025451.47997,19257555471.10887,101196469980.37111
SHA,ccsm4_rcp26_r1i1p1,LUCAS-BAU_High-0002,72,0.6872196722440188,134847064966.47673,626722324.9304311,134220342641.54628,133325360941.33394,190791297.52799782,133134569643.80594,126103512757.9649,2484457183.063624,123619055574.90128,152609428595.95093,27701637308.378925,124907791287.57199,124172811169.97299,18721241552.67988,105451569617.2931
SHA,ccsm4_rcp45_r1i1p1,FORE-SCE-A1B,72,0.607086016541754,269258346551.74356,4252581219.6756268,265005765332.06793,262916361486.52167,4499602893.782717,258416758592.73895,259438029140.88306,3822911827.6160035,255615117313.26703,263814185786.57812,7145783351.243111,256668402435.33502,291116481666.3895,4152419835.001509,286964061831.388
SHA,ccsm4_rcp45_r1i1p1,FORE-SCE-A2,72,0.607086016541754,228396293157.38043,4233134952.5869417,224163158204.79352,222345414826.50244,4500034659.911477,217845380166.59097,217272610290.12085,3706836685.43128,213565773604.68958,218002011085.0819,3991405654.737406,214010605430.3445,243886797245.92767,4156150894.13246,239730646351.79523
SHA,ccsm4_rcp45_r1i1p1,FORE-SCE-B1,72,0.607086016541754,194770687072.2492,4160337140.7079406,190610349931.54126,188628724991.0704,3602520446.1526227,185026204544.91782,184709727671.40958,2864433022.798324,181845294648.61124,185238675343.52985,3857051055.3067245,181381624288.2231,206760773151.21973,4125732468.223481,202635040682.99625
SHA,ccsm4_rcp45_r1i1p1,GCAM-26,72,0.607086016541754,520191325640.8474,3836555555.510752,516354770085.3367,519910099884.51996,5729852105.576122,514180247778.9438,511612416919.23596,5166615352.705172,506445801566.53076,510064687450.4838,11040205990.650738,499024481459.8331,564256434838.4114,3792888366.4024296,560463546472.0089
SHA,ccsm4_rcp45_r1i1p1,GCAM-45,72,0.607086016541754,363875392395.47723,4004451392.5084496,359870941002.9688,357625399721.16943,5034264614.465343,352591135106.7041,351176837578.8316,3527146060.9156013,347649691517.91595,349074932239.5544,6600478868.587517,342474453370.96686,388912119692.76666,3966288308.4763236,384945831384.29034
SHA,ccsm4_rcp45_r1i1p1,GCAM-ref,72,0.607086016541754,271339201619.0702,4208746057.5616436,267130455561.50854,265135487389.78012,4492845749.787103,260642641639.993,263482297111.79913,3679915531.047683,259802381580.75143,267366876723.67014,6921555734.570375,260445320989.09976,295852373512.68854,4148055915.3873253,291704317597.3012
SHA,ccsm4_rcp45_r1i1p1,LUCAS-BAU_High-0001,72,0.607086016541754,162466269905.2077,4079997078.608134,158386272826.59955,158422266887.27325,3600918003.797314,154821348883.47595,152291957470.19858,2768068550.357,149523888919.84158,152230686793.42075,3760133213.390243,148470553580.03052,171514364686.6748,4064617582.9202285,167449747103.75458
SHA,ccsm4_rcp45_r1i1p1,LUCAS-BAU_High-0002,72,0.607086016541754,167419004932.09415,4088067225.760579,163330937706.33356,163297988419.68588,3599901942.731402,159698086476.9545,157438655308.38724,2777757869.935753,154660897438.45148,157638311745.079,3769898222.4960566,153868413522.58298,177242421997.35397,4071175467.0465508,173171246530.30743
SHA,ccsm4_rcp60_r1i1p1,FORE-SCE-A1B,72,0.5998069305270731,274245919560.35303,32845519630.67157,241400399929.68146,263135077242.30066,32424266676.49646,230710810565.80423,271680144149.40073,38153879836.867035,233526264312.53366,292702092362.6214,56957637132.86545,235744455229.75598,268973103238.8222,54060569195.84418,214912534042.978
SHA,ccsm4_rcp60_r1i1p1,FORE-SCE-A2,72,0.5998069305270731,234087098822.6522,32987136029.792763,201099962792.8594,224429335585.50534,32713592891.925415,191715742693.57993,230812432267.04922,37634381211.57555,193178051055.47366,251285351528.52576,57101831062.47516,194183520466.05057,229179814547.38416,55449260326.722206,173730554220.66196
SHA,ccsm4_rcp60_r1i1p1,FORE-SCE-B1,72,0.5998069305270731,203668705565.03366,31133680860.281815,172535024704.75183,195972835183.6644,30693132444.071228,165279702739.5932,201475928256.25433,37213614528.82836,164262313727.426,222831916077.49966,57627754572.93481,165204161504.5648,203518694244.68054,57806753970.31846,145711940274.36203
SHA,ccsm4_rcp60_r1i1p1,GCAM-26,72,0.5998069305270731,513408079356.8777,36552818037.007866,476855261319.86993,496600817202.9999,33779411445.235092,462821405757.76483,520938162283.196,57476612630.34107,463461549652.8549,543964608825.4891,79381064350.81276,464583544474.6762,498258570617.9608,50360605949.52877,447897964668.43207
SHA,ccsm4_rcp60_r1i1p1,GCAM-45,72,0.5998069305270731,361727247436.5754,32397000972.618755,329330246463.9566,349451874426.32825,32788394601.737198,316663479824.59106,361902306666.6222,39763011739.12308,322139294927.49915,383511040497.9204,59678604189.133446,323832436308.78705,352262726934.60614,54510924265.96544,297751802668.6407
SHA,ccsm4_rcp60_r1i1p1,GCAM-ref,72,0.5998069305270731,278678668229.5707,32977487431.321217,245701180798.24945,268113401051.92883,32621133415.684185,235492267636.24457,274186288837.1629,36763980615.33484,237422308221.82806,297445229935.26355,57150752736.14116,240294477199.1224,275216886564.6761,55023203751.989586,220193682812.68658
SHA,ccsm4_rcp60_r1i1p1,LUCAS-BAU_High-0001,72,0.5998069305270731,176281753880.09174,31645078995.06486,144636674885.02682,170065555343.72977,30878869083.665016,139186686260.06476,173519686931.40176,37221368069.1593,136298318862.24242,194890530426.80124,58259426887.75559,136631103539.04562,179319714922.79355,61280316105.8869,118039398816.90665
SHA,ccsm4_rcp60_r1i1p1,LUCAS-BAU_High-0002,72,0.5998069305270731,181366125819.4983,31597246400.32928,149768879419.169,174735740462.86377,30863920844.921608,143871819617.9422,178469249858.84384,37221835734.63488,141247414124.20895,199772817976.85782,58193535184.83827,141579282792.0196,183845794574.9578,61028279901.54961,122817514673.40817
SHA,ccsm4_rcp85_r1i1p1,FORE-SCE-A1B,72,0.5932507160630391,322083766119.5584,15244670325.856455,306839095793.702,323604432691.6142,15677215213.703215,307927217477.91095,317364363924.6304,14718285850.552822,302646078074.07745,323604694785.8979,16273541874.409212,307331152911.4887,333548886289.607,12931440127.271252,320617446162.33575
SHA,ccsm4_rcp85_r1i1p1,FORE-SCE-A2,72,0.5932507160630391,276975580990.7868,13953564399.220034,263022016591.56677,277376268897.6276,13190897761.794806,264185371135.83276,271818824867.99265,14728259149.916592,257090565718.07602,276318490228.63367,16559329059.742823,259759161168.89087,285528009904.5084,13528597235.11493,271999412669.39346
SHA,ccsm4_rcp85_r1i1p1,FORE-SCE-B1,72,0.5932507160630391,238067862272.529,14211196799.068508,223856665473.46048,237774862383.19815,13410991048.950848,224363871334.24728,233247238230.4719,14999634891.864044,218247603338.60788,235902745391.93195,16772143324.501486,219130602067.43048,242316741637.9599,13852199289.4419,228464542348.51797
SHA,ccsm4_rcp85_r1i1p1,GCAM-26,72,0.5932507160630391,611916709939.8932,16873126027.752716,595043583912.1405,619000912810.8191,23134570397.7869,595866342413.0322,604318311444.7003,15705599124.636642,588612712320.0636,606360319990.8779,23731047026.034367,582629272964.8435,622919827251.4152,11628648938.531149,611291178312.884
SHA,ccsm4_rcp85_r1i1p1,GCAM-45,72,0.5932507160630391,428408142662.1169,15482964167.786417,412925178494.3304,431552916201.7613,18911484453.287983,412641431748.4732,422804327556.0131,14262693280.946297,408541634275.06683,423089282832.2721,17045725973.159594,406043556859.1124,434010630366.48065,12880499980.171083,421130130386.30963
SHA,ccsm4_rcp85_r1i1p1,GCAM-ref,72,0.5932507160630391,314331119630.1387,15142640183.880056,299188479446.25854,318183393293.1929,18027361483.65469,300156031809.5382,310200511921.06116,14547213151.347446,295653298769.71375,315351950640.67926,16188549452.262627,299163401188.41656,325811988670.14484,12811566908.839918,313000421761.305
SHA,ccsm4_rcp85_r1i1p1,LUCAS-BAU_High-0001,72,0.5932507160630391,193082379733.42526,11745710792.216677,181336668941.2086,193280863864.2677,12243260459.388836,181037603404.87885,189959620867.54404,14659697807.255249,175299923060.28882,189531836101.00616,15858825114.557137,173673010986.44907,196424734925.1014,14429825950.215006,181994908974.88638
SHA,ccsm4_rcp85_r1i1p1,LUCAS-BAU_High-0002,72,0.5932507160630391,201050381059.6269,14110913383.60964,186939467676.01727,199935531179.64902,12884151560.85818,187051379618.79083,196050979025.72968,15144377923.46362,180906601102.26605,196711701246.64728,16619694792.720085,180092006453.92712,202992558954.97885,14363771294.869335,188628787660.10947
SHA,cesm1-bgc_rcp45_r1i1p1,FORE-SCE-A1B,72,0.6048938821879019,291449193448.7202,49048530750.81775,242400662697.9025,289188714121.3859,54066146958.314125,235122567163.07178,293937771471.21924,61158281546.33965,232779489924.87952,278707066976.93207,47626631242.722496,231080435734.2095,315964851662.34595,78659642505.6587,237305209156.6872
SHA,cesm1-bgc_rcp45_r1i1p1,FORE-SCE-A2,72,0.6048938821879019,248119997832.66968,48626363581.40673,199493634251.26297,247060806979.63098,52380682871.25886,194680124108.37213,252418031332.8618,61935702143.80147,190482329189.06033,236498682937.72592,47656674446.55858,188842008491.1673,272804622090.75894,79606289736.33241,193198332354.4265
SHA,cesm1-bgc_rcp45_r1i1p1,FORE-SCE-B1,72,0.6048938821879019,217366727309.10162,46258737129.33726,171107990179.76434,217808826047.69385,50454294776.62823,167354531271.06564,220970974555.73807,59838527279.49633,161132447276.24176,205458308116.7163,45386576985.29887,160071731131.41742,243602217178.60504,80687833285.0054,162914383893.5997
SHA,cesm1-bgc_rcp45_r1i1p1,GCAM-26,72,0.6048938821879019,543714046830.8283,56572720347.294586,487141326483.53375,534003415532.0591,56886497791.59891,477116917740.4601,540120334657.19965,62713210860.087425,477407123797.11224,536503686950.1909,53564469503.19246,482939217446.9984,574887102896.9131,76171595997.37741,498715506899.5356
SHA,cesm1-bgc_rcp45_r1i1p1,GCAM-45,72,0.6048938821879019,390369381802.71674,57343422155.198044,333025959647.5187,379136146834.83453,55907421902.04242,323228724932.7921,383977461245.46533,61239483900.418175,322737977345.0472,371527357141.13007,47890934095.95239,323636423045.1776,411330235302.86847,79514731512.24026,331815503790.6282
SHA,cesm1-bgc_rcp45_r1i1p1,GCAM-ref,72,0.6048938821879019,293553571307.9682,49666882767.84059,243886688540.12762,290599975052.91895,54488785716.743774,236111189336.17523,293899271829.6616,61717566015.09216,232181705814.5695,278113380362.0324,47930449866.7531,230182930495.27924,318017493976.98975,79035670942.01889,238981823034.97086
SHA,cesm1-bgc_rcp45_r1i1p1,LUCAS-BAU_High-0001,72,0.6048938821879019,188761549374.10568,47198561959.96023,141562987414.14545,189172483125.38406,50911558387.66157,138260924737.72253,191166104132.95798,60550908629.716354,130615195503.24167,174588276987.17908,45332956687.16272,129255320300.01646,214264772810.267,82104865562.70413,132159907247.56282
SHA,cesm1-bgc_rcp45_r1i1p1,LUCAS-BAU_High-0002,72,0.6048938821879019,193530561387.8325,47148667395.40659,146381893992.4259,194496682495.0778,51282602961.51477,143214079533.56305,196224724523.50955,60715810087.424835,135508914436.08472,179876524301.04657,45576840652.16466,134299683648.8819,219266076131.57367,81906739153.85211,137359336977.72154
SHA,cesm1-bgc_rcp85_r1i1p1,FORE-SCE-A1B,72,0.5878407460867225,324432594616.15826,55248004844.25295,269184589771.90533,308902155903.1847,54283848721.24653,254618307181.93814,321116041938.4645,65237936739.15314,255878105199.31137,334122213352.84326,70869243003.21623,263252970349.62714,359225116208.2111,105369055409.08273,253856060799.12836
SHA,cesm1-bgc_rcp85_r1i1p1,FORE-SCE-A2,72,0.5878407460867225,278336316528.05615,56526692090.30382,221809624437.7524,263938009285.82648,54348310960.22611,209589698325.60037,273299556100.86307,64072371185.21796,209227184915.64517,284305638194.0644,69471675063.81465,214833963130.24973,311014191617.6257,106405370983.45842,204608820634.16714
SHA,cesm1-bgc_rcp85_r1i1p1,FORE-SCE-B1,72,0.5878407460867225,248681137448.1272,53224317588.28417,195456819859.843,236091002605.8185,50601133737.35907,185489868868.45938,241428409804.15833,59208685133.32739,182219724670.83087,259251664908.3235,69430188846.47916,189821476061.84436,285194572955.3604,108465118044.15105,176729454911.20938
SHA,cesm1-bgc_rcp85_r1i1p1,GCAM-26,72,0.5878407460867225,564997857641.478,44572762728.33366,520425094913.1445,555364696952.7732,54886382118.634254,500478314834.139,565592184504.4128,58934701286.99639,506657483217.4165,580027798905.8583,71847235329.76285,508180563576.0956,610031493714.0585,99832922918.8698,510198570795.18854
SHA,cesm1-bgc_rcp85_r1i1p1,GCAM-45,72,0.5878407460867225,415082126729.0292,54489832996.74707,360592293732.2821,398504773304.1351,54433472533.582184,344071300770.55286,413409981944.8897,63122899714.16253,350287082230.7272,419980668855.25586,69633148316.1666,350347520539.08923,450151360339.71204,106711667374.71896,343439692964.99304
SHA,cesm1-bgc_rcp85_r1i1p1,GCAM-ref,72,0.5878407460867225,328196312927.4104,55002727296.91237,273193585630.4981,315081411060.3585,54599264395.65618,260482146664.70242,325726300284.43604,65266053705.62292,260460246578.81314,338196591472.22894,70219020772.67027,267977570699.55865,367936581745.99817,106028012381.35208,261908569364.64606
SHA,cesm1-bgc_rcp85_r1i1p1,LUCAS-BAU_High-0001,72,0.5878407460867225,215103206148.90826,52115940324.13812,162987265824.7701,205998284260.13406,50775373707.77074,155222910552.36328,209368059187.97137,59464645780.07268,149903413407.8987,224041837835.3382,68767078136.05965,155274759699.2785,254541014516.44296,110979981107.44696,143561033408.99594
SHA,cesm1-bgc_rcp85_r1i1p1,LUCAS-BAU_High-0002,72,0.5878407460867225,220524021519.32013,52008354488.66254,168515667030.6576,211506906724.58563,50742602017.805145,160764304706.78046,214925622704.05087,59347155439.94911,155578467264.10178,229921518883.91937,68586556549.578545,161334962334.34076,260259542551.61337,110711892069.56061,149547650482.0528
SHA,cesm1-cam5_rcp26_r1i1p1,FORE-SCE-A1B,72,0.6339081488222269,221448806917.8389,5706553728.92568,215742253188.91318,209638557638.64264,3416507892.554057,206222049746.08856,212817385724.96808,7918299374.616446,204899086350.35162,217455910805.91135,10331823091.797977,207124087714.11334,213540471205.33835,6960756986.777594,206579714218.5607
SHA,cesm1-cam5_rcp26_r1i1p1,FORE-SCE-A2,72,0.6339081488222269,188357752522.6967,5802526102.08967,182555226420.607,179091744705.75708,3491236700.9929366,175600508004.76413,180446827731.93933,7318965479.953838,173127862251.9855,184938232627.74078,9605988849.948936,175332243777.79187,180782271800.51447,7888944295.936859,172893327504.5776
SHA,cesm1-cam5_rcp26_r1i1p1,FORE-SCE-B1,72,0.6339081488222269,158858185250.70996,5796946941.921062,153061238308.7889,150019311740.99246,3495971122.859803,146523340618.13266,151301167186.8888,7473055034.030485,143828112152.8583,154054331205.8265,9760404250.297157,144293926955.52936,148740541560.16733,8083960745.726681,140656580814.44064
SHA,cesm1-cam5_rcp26_r1i1p1,GCAM-26,72,0.6339081488222269,436985851812.70807,3975749831.150888,433010101981.5572,429377278069.95416,3286270431.524167,426091007638.43,436254000332.8616,11885370377.736036,424368629955.1256,442517929836.63226,20682809446.93708,421835120389.6951,438019992512.2002,6175201128.664476,431844791383.5357
SHA,cesm1-cam5_rcp26_r1i1p1,GCAM-45,72,0.6339081488222269,298890263450.2758,5584939275.82895,293305324174.4469,287308812421.3819,3578815378.9768705,283729997042.405,293457932284.77045,8473653717.245875,284984278567.5246,293164195867.61145,10124370746.18483,283039825121.42664,291833222164.99384,7331671147.849248,284501551017.1446
SHA,cesm1-cam5_rcp26_r1i1p1,GCAM-ref,72,0.6339081488222269,214334347486.75278,5770824765.45792,208563522721.29483,203300746796.3164,3668089055.1818233,199632657741.13455,208460916818.5533,8503917673.018404,199956999145.5349,209801812615.07425,10222184376.698425,199579628238.37582,207264255415.93854,6699690440.029329,200564564975.90918
SHA,cesm1-cam5_rcp26_r1i1p1,LUCAS-BAU_High-0001,72,0.6339081488222269,127544035584.79008,5011345620.658595,122532689964.13148,121758309154.07358,3127546359.345536,118630762794.72804,120009666199.26985,6956025027.64455,113053641171.62532,122960066259.76227,9669154028.21109,113290912231.55118,117857528398.45547,8227978276.307033,109629550122.14847
SHA,cesm1-cam5_rcp26_r1i1p1,LUCAS-BAU_High-0002,72,0.6339081488222269,131469453945.08688,5027139498.403581,126442314446.68329,125264642770.34204,3116508646.356838,122148134123.98517,124002161378.28227,6923437503.934279,117078723874.34798,126909899077.15422,9641717496.36166,117268181580.79256,122022352800.71017,8077826278.996742,113944526521.71346
SHA,cesm1-cam5_rcp45_r1i1p1,FORE-SCE-A1B,72,0.6528755192013385,319135162917.7793,14560091994.736073,304575070923.0432,318421416195.1708,14890254778.426044,303531161416.74475,322777728310.7242,32278021995.524178,290499706315.2,327925401823.3628,28130420767.56136,299794981055.8014,336036636471.71545,21946945766.604893,314089690705.1106
SHA,cesm1-cam5_rcp45_r1i1p1,FORE-SCE-A2,72,0.6528755192013385,257191302280.8975,6353503848.399698,250837798432.49777,263420278902.45538,12356271271.72795,251064007630.72748,266908298635.57104,25694568007.102066,241213730628.469,272749174990.41193,23861756060.301533,248887418930.11047,278323519923.8062,22515635955.381893,255807883968.42432
SHA,cesm1-cam5_rcp45_r1i1p1,FORE-SCE-B1,72,0.6528755192013385,225813973655.40704,6468999494.402957,219344974161.0041,232946869533.99207,12513357610.443302,220433511923.54877,238801072289.6172,28374535055.506195,210426537234.11093,241020509360.65976,24106506866.636307,216914002494.02338,245714109405.56018,23127114191.14128,222586995214.4189
SHA,cesm1-cam5_rcp45_r1i1p1,GCAM-26,72,0.6528755192013385,607866793273.9062,20624329319.367558,587242463954.5387,610308705205.8126,18617234979.5181,591691470226.2946,600222256773.1304,31611497238.37081,568610759534.7595,600087054854.956,30174233351.64064,569912821503.3154,631085570502.2592,18081817741.863983,613003752760.3953
SHA,cesm1-cam5_rcp45_r1i1p1,GCAM-45,72,0.6528755192013385,424263484691.3806,13815083264.926785,410448401426.45386,424063111576.0894,14177643276.194435,409885468299.89496,424382001520.8171,31285108268.391434,393096893252.42566,421547920060.3037,25519598846.006954,396028321214.29675,441651532352.1008,19285165683.86346,422366366668.23737
SHA,cesm1-cam5_rcp45_r1i1p1,GCAM-ref,72,0.6528755192013385,327287083358.47943,14383742789.401575,312903340569.0778,326490225674.1514,14723089253.936768,311767136420.21466,330804117403.39124,32047505765.28771,298756611638.1035,335353686874.94556,27416459464.485275,307937227410.4602,344500338932.5671,21597259098.96833,322903079833.5987
SHA,cesm1-cam5_rcp45_r1i1p1,LUCAS-BAU_High-0001,72,0.6528755192013385,189152527870.3911,6762706621.936624,182389821248.45447,195315190281.67816,11266877127.07958,184048313154.59857,200337504236.49066,28002592938.265087,172334911298.22556,201700749945.6211,24254936795.984226,177445813149.63687,206226202136.85547,23539303055.359802,182686899081.49564
SHA,cesm1-cam5_rcp45_r1i1p1,LUCAS-BAU_High-0002,72,0.6528755192013385,195276398120.7878,6719498548.274707,188556899572.5131,201682587164.5534,11206009345.856148,190476577818.69724,206868604846.3392,27830731169.989464,179037873676.3498,208659322864.04486,24144039120.487762,184515283743.55713,213270026224.6877,23421398036.88575,189848628187.80194
SHA,cesm1-cam5_rcp60_r1i1p1,FORE-SCE-A1B,72,0.5963401176725126,314122297465.9482,56654230992.49949,257468066473.44876,312327334006.52954,58234810628.884155,254092523377.6454,305704939706.3428,61768877484.29401,243936062222.04874,303590097654.1444,63264323433.97776,240325774220.16663,329210180610.2342,78040340091.42094,251169840518.8133
SHA,cesm1-cam5_rcp60_r1i1p1,FORE-SCE-A2,72,0.5963401176725126,272139691365.37646,53975024147.3094,218164667218.067,271902208996.99246,57494299735.034,214407909261.95847,263695465393.2861,60129097547.844574,203566367845.44147,262795744395.6011,63160978685.70383,199634765709.8973,287617800425.00946,78875806485.87311,208741993939.13635
SHA,cesm1-cam5_rcp60_r1i1p1,FORE-SCE-B1,72,0.5963401176725126,235002802150.2507,49172669357.015945,185830132793.2347,238732931862.64417,55257823319.11842,183475108543.52573,232017571456.0604,58829879195.84779,173187692260.21265,231019391067.11298,61413484093.44664,169605906973.6663,255704462403.8831,79690281597.63869,176014180806.2443
SHA,cesm1-cam5_rcp60_r1i1p1,GCAM-26,72,0.5963401176725126,552389515067.8654,56674330942.2672,495715184125.5982,557444082683.7794,62267193630.24579,495176889053.5336,550063215862.2448,66774006216.85715,483289209645.38745,559149932233.7832,71768337749.6213,487381594484.1618,595139275658.9128,78042646682.78336,517096628976.1294
SHA,cesm1-cam5_rcp60_r1i1p1,GCAM-45,72,0.5963401176725126,404113769381.3661,58229645402.09673,345884123979.2695,404513358646.5282,60891780396.78863,343621578249.7395,396158048679.08075,62581315082.224625,333576733596.8561,397857129005.45154,65909753876.63115,331947375128.8205,426419393904.0463,79915487846.36488,346503906057.68134
SHA,cesm1-cam5_rcp60_r1i1p1,GCAM-ref,72,0.5963401176725126,307699878927.9394,51748661649.978165,255951217277.96124,309811728208.77563,56320009921.92751,253491718286.84814,305411122308.1908,61113613150.47538,244297509157.71536,301912147076.56836,61380517681.914505,240531629394.6537,330755572499.49786,78691460000.04141,252064112499.45642
SHA,cesm1-cam5_rcp60_r1i1p1,LUCAS-BAU_High-0001,72,0.5963401176725126,204162231585.12097,48346915017.56755,155815316567.5534,208194396620.94055,54521807890.8831,153672588730.05743,201013807986.25864,58392372675.14456,142621435311.11398,200447740455.21667,61802041770.93974,138645698684.27692,224790066146.25485,80287322729.66254,144502743416.59232
SHA,cesm1-cam5_rcp60_r1i1p1,LUCAS-BAU_High-0002,72,0.5963401176725126,208578434989.04153,48319901415.0674,160258533573.97415,212635643539.42038,54422970583.39368,158212672956.02673,205760741142.1632,58334101916.44963,147426639225.7136,205368091020.07858,61743234147.94449,143624856872.134,229742713322.94266,80214133515.82886,149528579807.11383
SHA,cesm1-cam5_rcp85_r1i1p1,FORE-SCE-A1B,72,0.6122791849837443,428568533740.84375,88112094280.565,340456439460.27875,432404563370.57605,94302064839.42545,338102498531.15045,428759230650.9921,97988456461.76949,330770774189.22266,440603868372.6919,106943069488.28015,333660798884.4118,479416940652.13,162644440671.2322,316772499980.8978
SHA,cesm1-cam5_rcp85_r1i1p1,FORE-SCE-A2,72,0.6122791849837443,370340162152.24854,84045528516.07338,286294633636.17505,379574464926.7333,93114796023.699,286459668903.0343,372321390043.37787,96097034050.98477,276224355992.3932,385331031825.09894,106619438955.19452,278711592869.9045,425148494006.73944,164354825792.79858,260793668213.94083
SHA,cesm1-cam5_rcp85_r1i1p1,FORE-SCE-B1,72,0.6122791849837443,334929735133.34845,84108287099.66829,250821448033.68024,342131175067.94183,89999767890.00491,252131407177.93695,334247616942.1807,94016868992.0483,240230747950.1325,348154266637.8356,106419380602.75539,241734886035.08026,390413239098.42706,167009486971.28488,223403752127.14212
SHA,cesm1-cam5_rcp85_r1i1p1,GCAM-26,72,0.6122791849837443,734753731625.9688,93703669506.75943,641050062119.2094,734627283730.525,99740937511.41418,634886346219.1107,729945530450.3181,104136339593.95715,625809190856.3607,745398012209.8112,119697051211.24106,625700960998.5702,774094799926.7672,159964500458.54514,614130299468.222
SHA,cesm1-cam5_rcp85_r1i1p1,GCAM-45,72,0.6122791849837443,543924502489.67053,93652909683.41354,450271592806.25696,540656419216.71375,95637400746.17686,445019018470.53687,540243772786.45355,103147252403.75883,437096520382.69464,555773969820.0166,118944113891.617,436829855928.3997,584619127814.604,164643948238.79175,419975179575.8121
SHA,cesm1-cam5_rcp85_r1i1p1,GCAM-ref,72,0.6122791849837443,428814602667.056,88142996537.49016,340671606129.5659,433073962474.8744,94653919712.87527,338420042761.99915,428279774090.55817,98627876974.37714,329651897116.181,442220861310.6169,107089323841.74077,335131537468.8761,482303179277.12537,163723833457.02716,318579345820.09827
SHA,cesm1-cam5_rcp85_r1i1p1,LUCAS-BAU_High-0001,72,0.6122791849837443,291685101600.79095,84231025823.54807,207454075777.24286,300364655009.48444,90316011036.70738,210048643972.77704,289021275017.7557,94289651328.45628,194731623689.29938,300817541945.95044,106448523107.22823,194369018838.72217,347020710689.35516,169558784403.26654,177461926286.08862
SHA,cesm1-cam5_rcp85_r1i1p1,LUCAS-BAU_High-0002,72,0.6122791849837443,298332607020.8871,84208041986.67188,214124565034.21518,305900673292.7042,90244314822.40022,215656358470.30396,295565405991.5479,94256674756.82639,201308731234.72165,308312018019.1147,106462585870.19672,201849432148.9179,354279786535.9701,169300212940.66403,184979573595.30597
SHA,cmcc-cm_rcp45_r1i1p1,FORE-SCE-A1B,72,0.6586930971852709,239052233789.30588,4107714548.653325,234944519240.65262,232493610270.42572,2792343802.259466,229701266468.16626,232131015865.2438,8913210492.516005,223217805372.72778,246438174120.02365,11650125222.953901,234788048897.06973,260306730297.63385,11017239775.529,249289490522.10486
SHA,cmcc-cm_rcp45_r1i1p1,FORE-SCE-A2,72,0.6586930971852709,201242711309.32355,4988441047.223426,196254270262.10016,194035935834.21152,3103786191.0562057,190932149643.1553,193806197275.07257,9000102900.933174,184806094374.13943,205883981615.03152,11906647679.745398,193977333935.2861,217252080208.42072,11495864067.238178,205756216141.18256
SHA,cmcc-cm_rcp45_r1i1p1,FORE-SCE-B1,72,0.6586930971852709,170767342294.6416,5036170866.866814,165731171427.77478,163557856313.34967,3126419942.7164073,160431436370.63327,163422553530.0104,9139544228.44985,154283009301.56058,174888302439.04996,12025462194.468266,162862840244.58163,184655955400.60675,11623339036.756292,173032616363.85046
SHA,cmcc-cm_rcp45_r1i1p1,GCAM-26,72,0.6586930971852709,477073796429.3627,4610963050.895473,472462833378.46716,473109540296.61444,4523584604.974363,468585955691.6401,468692880628.0403,13914660642.143099,454778219985.89716,467818130676.5852,10574749892.486267,457243380784.099,510895612580.92413,8046677974.972968,502848934605.9512
SHA,cmcc-cm_rcp45_r1i1p1,GCAM-45,72,0.6586930971852709,325105717253.68744,4531861115.16861,320573856138.5188,319423656528.11005,3333012475.958514,316090644052.15155,318370495585.4547,8278134315.783303,310092361269.6714,321815315126.94214,8522686568.663766,313292628558.2784,345849588741.08936,8423276361.640379,337426312379.4491
SHA,cmcc-cm_rcp45_r1i1p1,GCAM-ref,72,0.6586930971852709,236318339661.8173,4543531272.67863,231774808389.13864,229843282328.91226,3108065097.724623,226735217231.18762,228486508510.96124,8587573828.476141,219898934682.48505,242961043357.2391,11475446521.907253,231485596835.33185,258341893936.4583,10821831837.289032,247520062099.16928
SHA,cmcc-cm_rcp45_r1i1p1,LUCAS-BAU_High-0001,72,0.6586930971852709,137652717563.896,3880430416.9145865,133772287146.98145,130767883388.83809,2211587464.2403708,128556295924.59772,133918482953.04343,9119700153.733541,124798782799.30989,145228330397.6559,12080136581.86766,133148193815.78827,149858802105.19022,11652083050.691269,138206719054.49893
SHA,cmcc-cm_rcp45_r1i1p1,LUCAS-BAU_High-0002,72,0.6586930971852709,142392751604.36047,3789129304.0646763,138603622300.2958,135365602007.85477,1901258894.69737,133464343113.1574,138584828516.4801,9054586287.880243,129530242228.59985,150194310587.46228,11982866285.832582,138211444301.6297,155256444324.1177,11612811232.026333,143643633092.09134
SHA,cmcc-cm_rcp85_r1i1p1,FORE-SCE-A1B,72,0.6153235629526007,283246730842.211,10241495577.74506,273005235264.4659,278475990496.0991,8996186134.21181,269479804361.88733,273810993533.4478,13616169263.028357,260194824270.4194,272827512124.97626,15412698548.222755,257414813576.7535,277685407792.0736,20686211543.643246,256999196248.4304
SHA,cmcc-cm_rcp85_r1i1p1,FORE-SCE-A2,72,0.6153235629526007,245298163317.1986,10813192450.6706,234484970866.52798,241970445650.19083,9328807905.656513,232641637744.53433,238697164918.9602,14188381158.777967,224508783760.18228,238611919494.32877,15973436782.260063,222638482712.06873,240091271705.62256,21410133182.913387,218681138522.70914
SHA,cmcc-cm_rcp85_r1i1p1,FORE-SCE-B1,72,0.6153235629526007,207417046964.8145,10853193767.711761,196563853197.10278,203510378885.0914,9352772351.308357,194157606533.78305,197864486199.0704,10892936557.69979,186971549641.37064,199909964582.6596,14599359021.687008,185310605560.9726,202133309204.05865,22334738896.26716,179798570307.79144
SHA,cmcc-cm_rcp85_r1i1p1,GCAM-26,72,0.6153235629526007,546522346203.9193,10803596749.746418,535718749454.17285,549928835895.9995,16362296555.414352,533566539340.58527,541823350110.90576,33355026852.060455,508468323258.8454,539049179475.3956,33792155090.44009,505257024384.95557,548802355033.8777,19141223405.696457,529661131628.1813
SHA,cmcc-cm_rcp85_r1i1p1,GCAM-45,72,0.6153235629526007,379770765273.93317,11638588987.676655,368132176286.25653,379759877506.9813,13320718411.24302,366439159095.7383,366705800808.87,14566152005.549892,352139648803.32007,366652849648.2347,17525416994.746338,349127432653.48846,375325661205.6881,20167985925.206806,355157675280.4813
SHA,cmcc-cm_rcp85_r1i1p1,GCAM-ref,72,0.6153235629526007,279776737585.72906,11985647531.508667,267791090054.2204,277277548334.59045,13715348080.249304,263562200254.3412,268848617228.48367,15360192977.096323,253488424251.38736,270158492899.22025,19255427968.98725,250903064930.23297,273534788882.56873,21242747830.37937,252292041052.18933
SHA,cmcc-cm_rcp85_r1i1p1,LUCAS-BAU_High-0001,72,0.6153235629526007,162624135021.94348,5962409438.848334,156661725583.09515,159522941350.30685,4482167203.287593,155040774147.01926,158757318653.89017,10683267442.035177,148074051211.85498,157890119232.32666,12623609124.791557,145266510107.53506,162678299635.06125,23142235542.705544,139536064092.35568
SHA,cmcc-cm_rcp85_r1i1p1,LUCAS-BAU_High-0002,72,0.6153235629526007,167856034516.6009,5859619528.268866,161996414988.332,164233251578.9699,4386277503.730213,159846974075.2397,163475750635.77588,10575334535.499773,152900416100.27612,163032611706.43185,12525811104.458447,150506800601.97348,167929854583.02942,22974302870.329315,144955551712.70013
SHA,cnrm-cm5_rcp45_r1i1p1,FORE-SCE-A1B,72,0.5484427345442068,316516345725.43665,80434445710.11734,236081900015.31918,312144607894.3686,94956670525.90034,217187937368.46832,309020324724.1206,86572506922.95078,222447817801.1698,318004010185.2109,79102992107.86082,238901018077.34995,334405560315.57074,115488298338.152,218917261977.41876
SHA,cnrm-cm5_rcp45_r1i1p1,FORE-SCE-A2,72,0.5484427345442068,282090415183.5912,81472923963.80804,200617491219.78314,276991609150.1947,94334436833.16832,182657172317.02634,273082269705.06213,86981880580.90694,186100389124.15512,282087308690.97327,79379307241.76567,202708001449.20767,296697473916.97284,116118721817.39452,180578752099.57828
SHA,cnrm-cm5_rcp45_r1i1p1,FORE-SCE-B1,72,0.5484427345442068,257687568933.27057,80077426454.38846,177610142478.8821,253964584215.94846,92853361744.43488,161111222471.5136,247866574413.40918,85089000288.35837,162777574125.05087,259148463374.06406,79280950755.81021,179867512618.2538,271570095353.85883,116586310661.90501,154983784691.95386
SHA,cnrm-cm5_rcp45_r1i1p1,GCAM-26,72,0.5484427345442068,542690030954.0917,90526346228.68358,452163684725.4083,520393987470.0542,101371241314.23318,419022746155.82074,530942261651.55255,93355612491.51376,437586649160.03876,538093737615.6512,90848788078.38701,447244949537.2641,562023408315.2942,118936943211.1105,443086465104.1836
SHA,cnrm-cm5_rcp45_r1i1p1,GCAM-45,72,0.5484427345442068,396105055836.78534,81543558882.96573,314561496953.81964,387133531091.6145,98214614024.047,288918917067.5676,390466928560.8389,91302771028.44545,299164157532.3935,392595158770.4628,84133283991.08592,308461874779.377,416162495646.3861,120026006121.0554,296136489525.3307
SHA,cnrm-cm5_rcp45_r1i1p1,GCAM-ref,72,0.5484427345442068,319194686976.09467,80158092165.39284,239036594810.70184,316753843827.48883,96716977607.04715,220036866220.44162,316923801024.4168,92095730628.36427,224828070396.0524,325073371066.2703,83562960220.4,241510410845.87027,338541804741.27954,115355469634.29149,223186335106.98825
SHA,cnrm-cm5_rcp45_r1i1p1,LUCAS-BAU_High-0001,72,0.5484427345442068,232998018402.29837,79521267060.32053,153476751341.97787,230374178823.34537,92407174102.13153,137967004721.2138,220303437046.48398,82572988444.66814,137730448601.81586,233900617426.91644,78935008563.9607,154965608862.9557,246033920567.15903,117170023045.83423,128863897521.32483
SHA,cnrm-cm5_rcp45_r1i1p1,LUCAS-BAU_High-0002,72,0.5484427345442068,238229772124.87695,79469793094.76216,158759979030.1148,234637331701.06592,92274904732.80797,142362426968.25793,225648020347.2351,83191202989.12999,142456817358.10513,237907023314.66998,78746000008.6441,159161023306.02594,250535073410.5436,117064845686.07843,133470227724.46527
SHA,cnrm-cm5_rcp85_r1i1p1,FORE-SCE-A1B,72,0.5502889323144556,357264642763.6659,67679281440.98678,289585361322.6792,374383486749.3963,101697523130.10106,272685963619.29526,399010916412.4897,122165078509.01292,276845837903.4767,524240426171.9055,221373721625.81583,302866704546.08984,496769090567.272,274943914623.0187,221825175944.25314
SHA,cnrm-cm5_rcp85_r1i1p1,FORE-SCE-A2,72,0.5502889323144556,315642418000.5633,61878992620.585396,253763425379.97787,331125870560.17957,95064417270.53723,236061453289.64246,346469116551.1556,108377913541.83386,238091203009.32178,485850343460.78455,224065390499.93024,261784952960.8542,463519742008.4881,280828637993.2746,182691104015.2134
SHA,cnrm-cm5_rcp85_r1i1p1,FORE-SCE-B1,72,0.5502889323144556,285486282763.1513,61498730667.73262,223987552095.41864,297295490309.67633,89529883316.6357,207765606993.04065,302028085489.34784,93047107053.27583,208980978436.07193,456165136411.4355,226011977517.08942,230153158894.3462,437876660152.6842,285466998066.4222,152409662086.26196
SHA,cnrm-cm5_rcp85_r1i1p1,GCAM-26,72,0.5502889323144556,605571895228.6149,67911060238.74149,537660834989.8732,609545177252.7108,105086300424.4391,504458876828.2714,657377340975.4602,132662777457.24419,524714563518.2159,744065570325.6156,199085252218.26862,544980318107.3469,723664635727.0724,260305070551.8306,463359565175.24194
SHA,cnrm-cm5_rcp85_r1i1p1,GCAM-45,72,0.5502889323144556,451017119651.0531,71371619594.02258,379645500057.0305,462038509195.70886,106357867419.95447,355680641775.75446,497924221945.1347,131977261539.56026,365946960405.5746,579140947293.7662,196534533432.78043,382606413860.9857,581912208545.3541,274024931179.20117,307887277366.15283
SHA,cnrm-cm5_rcp85_r1i1p1,GCAM-ref,72,0.5502889323144556,356117475806.7002,68563044208.77614,287554431597.924,372499031908.052,102186609771.34995,270312422136.7022,396200770411.9318,121619740943.62604,274581029468.3057,518342352797.227,218739160296.27686,299603192500.9502,497328270934.393,275457326254.23773,221870944680.15527
SHA,cnrm-cm5_rcp85_r1i1p1,LUCAS-BAU_High-0001,72,0.5502889323144556,249130412180.13965,60804368567.45681,188326043612.68286,260750121812.8125,86696608024.88083,174053513787.93152,258189728611.09973,84104991160.97224,174084737450.1276,424003252128.15576,232135937892.62097,191867314235.53476,411239222797.7414,291801227217.84033,119437995579.90103
SHA,cnrm-cm5_rcp85_r1i1p1,LUCAS-BAU_High-0002,72,0.5502889323144556,254929561091.76938,60952633221.16251,193976927870.60693,267445176453.6143,88907502996.95175,178537673456.66248,271381926366.1195,92310876643.34702,179071049722.7724,426048742495.0846,229411908974.96298,196636833520.12158,415131106359.61084,290853483161.00146,124277623198.60916
SHA,csiro-mk3-6-0_rcp26_r1i1p1,FORE-SCE-A1B,72,0.6374888066740296,299242199620.625,7229525559.28464,292012674061.34033,301700618933.55457,6976263196.269064,294724355737.28546,284566922120.4545,3988584052.3123593,280578338068.1421,288323422087.80365,7129119114.253239,281194302973.55035,310304441579.38367,7637388608.109724,302667052971.274
SHA,csiro-mk3-6-0_rcp26_r1i1p1,FORE-SCE-A2,72,0.6374888066740296,250397319528.63068,7236197889.545755,243161121639.0849,252738351036.53003,6864470342.271025,245873880694.25903,234808956524.09207,3989084756.784322,230819871767.3077,238385869005.37735,7129661560.049938,231256207445.32742,258058951777.4739,7849873153.262828,250209078624.21112
SHA,csiro-mk3-6-0_rcp26_r1i1p1,FORE-SCE-B1,72,0.6374888066740296,217793245015.09906,6440650560.559558,211352594454.5395,219488636472.1807,5868357953.622766,213620278518.55795,201617832922.02472,3741981703.0868316,197875851218.93787,204515116014.19812,7105382579.721078,197409733434.47705,223370564488.4228,8030876678.974834,215339687809.44797
SHA,csiro-mk3-6-0_rcp26_r1i1p1,GCAM-26,72,0.6374888066740296,571838283557.9213,6680239757.331727,565158043800.5896,572284941733.5455,7944762946.433403,564340178787.1122,559081820089.9058,4787062437.276663,554294757652.6292,580260164878.266,7132648858.824317,573127516019.4417,613190112081.2078,5822799290.325395,607367312790.8824
SHA,csiro-mk3-6-0_rcp26_r1i1p1,GCAM-45,72,0.6374888066740296,401491409841.5063,6839549273.650071,394651860567.8562,401224428563.70544,7431118917.068665,393793309646.6368,388448238723.5586,3888813648.6416764,384559425074.9169,401740209613.83997,7281086908.933697,394459122704.90625,423485011576.74817,7018186188.24265,416466825388.5055
SHA,csiro-mk3-6-0_rcp26_r1i1p1,GCAM-ref,72,0.6374888066740296,303197743597.28784,7249316894.806042,295948426702.4818,304001306144.0953,7056295345.209481,296945010798.8858,288447129453.80383,3984383273.04634,284462746180.75745,291881819535.0602,7123450909.935931,284758368625.12427,315063503717.467,7962690026.422278,307100813691.04474
SHA,csiro-mk3-6-0_rcp26_r1i1p1,LUCAS-BAU_High-0001,72,0.6374888066740296,184715099030.50433,6453286154.927924,178261812875.57642,186551869921.72745,6378838530.423347,180173031391.3041,167495199540.10544,3724490355.560648,163770709184.5448,169046507143.8797,7079551926.258368,161966955217.62137,187537529881.75998,8193555742.189573,179343974139.5704
SHA,csiro-mk3-6-0_rcp26_r1i1p1,LUCAS-BAU_High-0002,72,0.6374888066740296,190047093778.87302,6453039503.987076,183594054274.88593,192458706885.79144,6323268080.11415,186135438805.67734,173775391630.23975,3725813057.955961,170049578572.2838,175470614212.45547,7081249150.326024,168389365062.12946,193920467680.39923,8183044736.154976,185737422944.2443
SHA,csiro-mk3-6-0_rcp45_r1i1p1,FORE-SCE-A1B,72,0.6531676711899405,312923581210.2582,0.0,312923581210.2582,311237681822.81934,0.0,311237681822.81934,307707796024.525,1569025321.0291862,306138770703.49585,330431627666.02814,11044169629.412548,319387458036.61554,331854330570.6635,6826112769.945654,325028217800.71783
SHA,csiro-mk3-6-0_rcp45_r1i1p1,FORE-SCE-A2,72,0.6531676711899405,264159473928.20142,0.0,264159473928.20142,262478790763.48257,0.0,262478790763.48257,258368289871.872,1553674918.2060027,256814614953.66602,281087206818.18677,12035652867.647625,269051553950.53915,279999439822.3569,8082681072.49659,271916758749.8603
SHA,csiro-mk3-6-0_rcp45_r1i1p1,FORE-SCE-B1,72,0.6531676711899405,228874354390.11105,0.0,228874354390.11105,222676424538.8834,0.0,222676424538.8834,216576098502.50845,1563187954.0932727,215012910548.4152,240123963111.90402,12056705694.246235,228067257417.65784,238633931255.2655,8228123598.021668,230405807657.2438
SHA,csiro-mk3-6-0_rcp45_r1i1p1,GCAM-26,72,0.6531676711899405,604229861260.3704,0.0,604229861260.3704,607981351313.1284,0.0,607981351313.1284,597007877994.3324,3558945314.8937187,593448932679.4387,600842656966.4281,4781077334.379004,596061579632.0491,635315304321.921,3428922398.1129675,631886381923.808
SHA,csiro-mk3-6-0_rcp45_r1i1p1,GCAM-45,72,0.6531676711899405,420999338063.1265,0.0,420999338063.1265,421580936643.16187,0.0,421580936643.16187,413940843830.30743,1518111178.8449473,412422732651.4626,424622516735.04694,5695219411.18994,418927297323.85706,439521079879.705,3495524630.897776,436025555248.8072
SHA,csiro-mk3-6-0_rcp45_r1i1p1,GCAM-ref,72,0.6531676711899405,312996076108.0649,0.0,312996076108.0649,310669746053.8339,0.0,310669746053.8339,306863235427.22266,1552273124.5108225,305310962302.71185,329489471525.32996,10782141607.875732,318707329917.4542,332767457337.8246,6631968632.084831,326135488705.73975
SHA,csiro-mk3-6-0_rcp45_r1i1p1,LUCAS-BAU_High-0001,72,0.6531676711899405,187133333639.71432,0.0,187133333639.71432,182377832480.38947,0.0,182377832480.38947,177216668089.70297,2264315689.747335,174952352399.95563,199070855969.4535,12023816654.694708,187047039314.75876,196007855415.72925,8520504239.484985,187487351176.24426
SHA,csiro-mk3-6-0_rcp45_r1i1p1,LUCAS-BAU_High-0002,72,0.6531676711899405,193472693061.24176,0.0,193472693061.24176,188487940864.79987,0.0,188487940864.79987,183419110537.39566,2256945066.0686326,181162165471.32703,205410277293.59558,11999434005.314016,193410843288.2816,202616331680.56842,8324557772.834581,194291773907.73383
SHA,csiro-mk3-6-0_rcp60_r1i1p1,FORE-SCE-A1B,72,0.6459543871374052,296271992445.21387,39377153301.16304,256894839144.05075,284112540243.6678,38629062186.95288,245483478056.71487,276842983309.8462,31817001256.233955,245025982053.6122,301942829692.25604,38681877788.91151,263260951903.34454,313462261231.56506,62739358219.894325,250722903011.6706
SHA,csiro-mk3-6-0_rcp60_r1i1p1,FORE-SCE-A2,72,0.6459543871374052,248508995745.3847,32147775179.9843,216361220565.4004,243442421570.32187,37000702943.33034,206441718626.99155,233773748686.8628,29168516791.679436,204605231895.18338,259515389859.65707,38196828074.61041,221318561785.04663,271133393577.67514,62884484976.36053,208248908601.3146
SHA,csiro-mk3-6-0_rcp60_r1i1p1,FORE-SCE-B1,72,0.6459543871374052,213952131828.8965,32171682360.45442,181780449468.44208,211431135123.20914,37046445723.27808,174384689399.93106,201134179255.20032,29192337246.868336,171941842008.33203,225581335292.91293,38181317958.67402,187400017334.23904,235846970364.80682,62895603653.292755,172951366711.51404
SHA,csiro-mk3-6-0_rcp60_r1i1p1,GCAM-26,72,0.6459543871374052,548868433597.95624,38837726452.459045,510030707145.4972,537489940593.9113,40658927449.84935,496831013144.0618,534537531363.8575,33701834433.583405,500835696930.2741,554265104774.5791,44865408531.79613,509399696242.78296,578738278554.1549,65449316871.695816,513288961682.45917
SHA,csiro-mk3-6-0_rcp60_r1i1p1,GCAM-45,72,0.6459543871374052,387150667955.45905,39078930391.88718,348071737563.5719,374765361105.2279,38109279557.72044,336656081547.5074,371085422978.7153,31532334183.04734,339553088795.668,392512164808.5524,43136452978.73387,349375711829.81854,409942570049.1723,65539769491.74429,344402800557.4281
SHA,csiro-mk3-6-0_rcp60_r1i1p1,GCAM-ref,72,0.6459543871374052,292997510019.33386,39296870400.47158,253700639618.86218,281285936522.2639,38488573404.287,242797363117.97696,274283656724.25275,31740330483.45428,242543326240.79846,299652120449.44653,38731663372.22928,260920457077.21725,311371512321.37195,62704653452.097946,248666858869.27396
SHA,csiro-mk3-6-0_rcp60_r1i1p1,LUCAS-BAU_High-0001,72,0.6459543871374052,179562339595.03415,32189729564.626617,147372610030.40747,178249736165.04922,37081506667.82148,141168229497.22772,165853958239.24158,29210321814.325684,136643636424.91597,187766831579.03433,38161937159.71171,149604894419.3226,199674499746.49884,62900419436.6016,136774080309.89725
SHA,csiro-mk3-6-0_rcp60_r1i1p1,LUCAS-BAU_High-0002,72,0.6459543871374052,184693306906.29385,32162277925.257454,152531028981.03647,182926983878.03635,37027972424.50812,145899011453.52823,170916809119.2255,29182963631.93656,141733845487.28894,193357615181.55774,38182961054.1116,155174654127.4461,205080584161.55978,62889134087.361824,142191450074.19794
SHA,csiro-mk3-6-0_rcp85_r1i1p1,FORE-SCE-A1B,72,0.6187660657395828,367973219567.90967,23613059031.49259,344360160536.41705,363632742132.2674,22701095373.33988,340931646758.92755,363517298011.77936,27421956652.716187,336095341359.06323,370317828805.2195,35511651724.159485,334806177081.05994,353111345649.4372,50048889284.457596,303062456364.97974
SHA,csiro-mk3-6-0_rcp85_r1i1p1,FORE-SCE-A2,72,0.6187660657395828,312041997236.9334,24168297891.924442,287873699345.00903,305989817239.7451,21149652713.223812,284840164526.52136,303772137646.48535,27424544963.641182,276347592682.8442,315337907518.9071,37266196996.27944,278071710522.6277,302544908998.517,55525534550.382904,247019374448.13422
SHA,csiro-mk3-6-0_rcp85_r1i1p1,FORE-SCE-B1,72,0.6187660657395828,273556146608.65274,24206903032.526203,249349243576.12656,268057373361.3851,21237167711.74669,246820205649.6384,267586414972.41196,27549232281.18032,240037182691.2316,278674660714.85895,37316550489.70598,241358110225.15298,266399696753.54303,56663624432.35081,209736072321.19223
SHA,csiro-mk3-6-0_rcp85_r1i1p1,GCAM-26,72,0.6187660657395828,680435853522.3639,22493461340.682777,657942392181.6812,680690114062.063,25895526722.769135,654794587339.2938,669111123876.3447,26254028178.468807,642857095697.8761,678128223930.3427,37666191267.25417,640462032663.0887,655287185124.5084,40046492923.6709,615240692200.8375
SHA,csiro-mk3-6-0_rcp85_r1i1p1,GCAM-45,72,0.6187660657395828,485657881982.99915,23404103101.667824,462253778881.3314,477669081048.1902,21986087346.711166,455682993701.47906,472065334325.102,25818924585.428978,446246409739.6729,484240501074.6547,35950181472.8168,448290319601.8378,463255165953.0683,45642455356.50331,417612710596.56525
SHA,csiro-mk3-6-0_rcp85_r1i1p1,GCAM-ref,72,0.6187660657395828,370347195055.0859,23414490019.487953,346932705035.59796,365205543019.9417,22437013621.410404,342768529398.5314,364281706683.8351,26687565844.4369,337594140839.3982,371507270053.75055,35108428570.13593,336398841483.6147,356179705291.74603,49079274465.090775,307100430826.65515
SHA,csiro-mk3-6-0_rcp85_r1i1p1,LUCAS-BAU_High-0001,72,0.6187660657395828,228967363930.55923,24239201213.625923,204728162716.9333,226285471634.2724,21123694119.329063,205161777514.9433,221866602741.83942,27649580666.961216,194217022074.87817,232426648736.27414,37309524271.959854,195117124464.31427,226176378364.63086,58679202603.697266,167497175760.9336
SHA,csiro-mk3-6-0_rcp85_r1i1p1,LUCAS-BAU_High-0002,72,0.6187660657395828,236506481497.03113,24192436288.334175,212314045208.69696,232985594521.66733,21061687092.056007,211923907429.61136,229140679239.13284,27499977704.011513,201640701535.1213,239757018945.7123,37269246917.948456,202487772027.7639,232534037876.24252,58028112785.780075,174505925090.46234
SHA,fgoals-g2_rcp26_r1i1p1,FORE-SCE-A1B,72,0.6149332551068409,205221546918.36926,6538816932.576233,198682729985.79303,195712751871.28366,6285823413.440259,189426928457.8434,211688020014.97864,18862557686.4325,192825462328.54614,235410963351.63208,38004304531.706024,197406658819.92612,205436625064.8191,36486625908.807,168949999156.01205
SHA,fgoals-g2_rcp26_r1i1p1,FORE-SCE-A2,72,0.6149332551068409,166631484403.2989,6562992818.306848,160068491584.99203,158324020751.5819,6406882859.052361,151917137892.52954,173520742191.49393,19690961583.321247,153829780608.17267,195569532231.20505,38269769604.9335,157299762626.2715,169589888122.738,38307327572.818726,131282560549.91934
SHA,fgoals-g2_rcp26_r1i1p1,FORE-SCE-B1,72,0.6149332551068409,143924432015.38263,6525444121.9218025,137398987893.46082,136705668692.97313,6149837907.871358,130555830785.10179,146694529430.93234,13956311316.057583,132738218114.87473,175404393573.99707,39159553341.81358,136244840232.18346,150254345422.68735,39803495775.70282,110450849646.98456
SHA,fgoals-g2_rcp26_r1i1p1,GCAM-26,72,0.6149332551068409,422476212112.83527,8872779180.930143,413603432931.9051,411841764243.6091,5213015964.5047035,406628748279.10443,420814713340.21844,18394184734.00228,402420528606.2162,572085727115.3759,105722816907.84256,466362910207.5335,392468978859.8211,54406326683.30221,338062652176.51886
SHA,fgoals-g2_rcp26_r1i1p1,GCAM-45,72,0.6149332551068409,282483178817.9623,6299019453.432434,276184159364.52985,272956071395.73965,5950526170.037197,267005545225.70245,290793026934.4158,21506725515.483723,269286301418.93207,444212238498.20874,114180922743.96191,330031315754.2468,272991509103.36914,63585341088.06811,209406168015.30106
SHA,fgoals-g2_rcp26_r1i1p1,GCAM-ref,72,0.6149332551068409,208713161939.50168,6540402263.074305,202172759676.42737,199549986803.29654,6242988970.556093,193306997832.74045,215409213358.62756,19399287723.79672,196009925634.8308,238683053910.36667,38061917892.17647,200621136018.19016,209848872126.5984,36598341101.04769,173250531025.55072
SHA,fgoals-g2_rcp26_r1i1p1,LUCAS-BAU_High-0001,72,0.6149332551068409,118106876778.63457,6751738836.915552,111355137941.71902,111120869443.14983,5594602198.892766,105526267244.25705,120272416515.9125,14260694568.583218,106011721947.3293,148194414848.41055,39437237360.76845,108757177487.64209,128781819223.32065,41863138337.15207,86918680886.16856
SHA,fgoals-g2_rcp26_r1i1p1,LUCAS-BAU_High-0002,72,0.6149332551068409,121736705013.24564,6455250740.133779,115281454273.11186,116159447946.9275,6260154081.072525,109899293865.85498,124959550841.99014,14242207830.0497,110717343011.94044,153015969495.4038,39368549964.21478,113647419531.18903,132748677932.48584,41609194319.80354,91139483612.68228
