res,clim,lulc,years,post_sd,J_bayes,J_blend,J_plugin,J_x4only,J_frozen
BUL,access1-0_rcp45_r1i1p1,FORE-SCE-A1B,72,0.6218384889569631,17095347273.534985,13764006595.311861,12620010788.561722,18283441273.91461,28885775319.858486
BUL,access1-0_rcp45_r1i1p1,FORE-SCE-A2,72,0.6218384889569631,14576577439.104383,11710838730.455559,10548711477.079166,16279284279.69765,27904738465.748665
BUL,access1-0_rcp45_r1i1p1,FORE-SCE-B1,72,0.6218384889569631,13060412431.523104,10543671913.696968,9609346171.175833,15367418773.756918,26911869322.318
BUL,access1-0_rcp45_r1i1p1,GCAM-26,72,0.6218384889569631,28532690318.84319,24647297191.997063,22387045126.371677,32275536300.462967,52919787560.07645
BUL,access1-0_rcp45_r1i1p1,GCAM-45,72,0.6218384889569631,21565901226.371037,17964629459.11751,16178134211.313545,26710050475.667732,48923459856.965
BUL,access1-0_rcp45_r1i1p1,GCAM-ref,72,0.6218384889569631,17130991900.248629,13845908798.149845,12557073298.687393,18200072320.94241,28780494896.94836
BUL,access1-0_rcp45_r1i1p1,LUCAS-BAU_High-0001,72,0.6218384889569631,11383138134.373034,8845992095.813726,8083383313.300818,14027806147.14914,25911585097.248264
BUL,access1-0_rcp45_r1i1p1,LUCAS-BAU_High-0002,72,0.6218384889569631,11635326268.465994,9105215283.372892,8282114160.940684,14057773601.46524,26044404585.91127
BUL,access1-0_rcp85_r1i1p1,FORE-SCE-A1B,72,0.6266790236176377,26128119710.785576,22932857300.027092,27156548180.145504,25441539636.83533,27746108036.220238
BUL,access1-0_rcp85_r1i1p1,FORE-SCE-A2,72,0.6266790236176377,23374859842.238136,20390004697.005898,25057112670.33601,23392071949.227665,24951631341.36307
BUL,access1-0_rcp85_r1i1p1,FORE-SCE-B1,72,0.6266790236176377,21025353368.697037,19031141603.545853,22896347390.913532,20600144163.589115,22857292447.772156
BUL,access1-0_rcp85_r1i1p1,GCAM-26,72,0.6266790236176377,42772330086.32469,38764584931.78962,41135698756.4797,49233624756.215546,48592953499.25645
BUL,access1-0_rcp85_r1i1p1,GCAM-45,72,0.6266790236176377,32259401951.097492,29154039138.28712,34133708681.19835,35350216784.47187,38458535238.456764
BUL,access1-0_rcp85_r1i1p1,GCAM-ref,72,0.6266790236176377,26155684986.463467,22853256566.313046,27638636289.334213,25453152832.52242,27700086834.522385
BUL,access1-0_rcp85_r1i1p1,LUCAS-BAU_High-0001,72,0.6266790236176377,18450151532.642284,16624574411.660744,19046883735.874794,18670855757.102592,20543773500.12572
BUL,access1-0_rcp85_r1i1p1,LUCAS-BAU_High-0002,72,0.6266790236176377,18845189576.21897,16918824275.916021,21098226282.196182,18826223710.04919,20923007291.063347
BUL,bcc-csm1-1-m_rcp45_r1i1p1,FORE-SCE-A1B,72,0.6044322628157719,31499781508.229103,29838370242.1912,33756896135.078266,36388470654.19337,35732177456.57598
BUL,bcc-csm1-1-m_rcp45_r1i1p1,FORE-SCE-A2,72,0.6044322628157719,29360619124.957367,27710918530.368397,31171888475.55747,30746384258.097137,33540440121.972103
BUL,bcc-csm1-1-m_rcp45_r1i1p1,FORE-SCE-B1,72,0.6044322628157719,27563241921.705555,26345972693.894924,29138744041.44248,29860985451.70037,31829618545.277782
BUL,bcc-csm1-1-m_rcp45_r1i1p1,GCAM-26,72,0.6044322628157719,43252946737.628716,41259335476.88301,42889695618.87635,51695568819.30996,51054858165.166504
BUL,bcc-csm1-1-m_rcp45_r1i1p1,GCAM-45,72,0.6044322628157719,34655438661.121216,34151374753.060154,36173168539.654945,45624583469.24256,43883334450.015915
BUL,bcc-csm1-1-m_rcp45_r1i1p1,GCAM-ref,72,0.6044322628157719,31570940803.992172,30248137755.538292,34354422834.802204,36334818287.5536,35750453388.58143
BUL,bcc-csm1-1-m_rcp45_r1i1p1,LUCAS-BAU_High-0001,72,0.6044322628157719,25610363043.246326,24747648257.026344,26756566897.956966,27492559228.779106,29884997151.549683
BUL,bcc-csm1-1-m_rcp45_r1i1p1,LUCAS-BAU_High-0002,72,0.6044322628157719,25896960650.549084,24978757706.83251,27097548232.016605,27861628924.42945,30176237316.246956
BUL,bcc-csm1-1-m_rcp85_r1i1p1,FORE-SCE-A1B,72,0.5328678367301644,66671292250.63717,70085256531.48715,70976580487.48439,84429961471.65024,84445624444.88979
BUL,bcc-csm1-1-m_rcp85_r1i1p1,FORE-SCE-A2,72,0.5328678367301644,63781087944.33878,67166314191.96418,68049885192.787605,81969042925.04996,81969042925.04996
BUL,bcc-csm1-1-m_rcp85_r1i1p1,FORE-SCE-B1,72,0.5328678367301644,61176980577.059784,64542367789.94962,65560080559.95224,79621580980.52896,79621580980.52896
BUL,bcc-csm1-1-m_rcp85_r1i1p1,GCAM-26,72,0.5328678367301644,83757574862.2694,86219939194.26549,87022043894.39319,104901556130.78508,104946963235.59312
BUL,bcc-csm1-1-m_rcp85_r1i1p1,GCAM-45,72,0.5328678367301644,72358400818.3784,76906852204.09084,77752864387.49675,95456093776.45822,95475999517.99759
BUL,bcc-csm1-1-m_rcp85_r1i1p1,GCAM-ref,72,0.5328678367301644,66055188322.49431,69914071384.34178,70415598195.08328,84135608471.15436,84152294588.61559
BUL,bcc-csm1-1-m_rcp85_r1i1p1,LUCAS-BAU_High-0001,72,0.5328678367301644,58208652613.37559,61610623748.86128,62787480980.5756,77064650134.4619,77064650134.4619
BUL,bcc-csm1-1-m_rcp85_r1i1p1,LUCAS-BAU_High-0002,72,0.5328678367301644,58669969247.14038,62062210592.67822,63178160004.70114,77430619273.48067,77430619273.48067
BUL,bcc-csm1-1_rcp26_r1i1p1,FORE-SCE-A1B,72,0.6061864878398873,35885766392.81552,32590720000.94653,29817959122.658016,38973854651.933136,41767850524.996414
BUL,bcc-csm1-1_rcp26_r1i1p1,FORE-SCE-A2,72,0.6061864878398873,32985118458.60339,29910886416.433273,27037957358.941086,36034634331.82416,39559372580.13314
BUL,bcc-csm1-1_rcp26_r1i1p1,FORE-SCE-B1,72,0.6061864878398873,31024433291.60429,28784103041.38587,25377131699.989826,34119145142.606354,37904236619.397934
BUL,bcc-csm1-1_rcp26_r1i1p1,GCAM-26,72,0.6061864878398873,49106065172.20389,49037646619.661026,47198386222.38084,54648509321.610275,55125611354.33877
BUL,bcc-csm1-1_rcp26_r1i1p1,GCAM-45,72,0.6061864878398873,40935266275.088196,38079580646.80294,34375207851.43201,44708628717.27554,46910187857.198685
BUL,bcc-csm1-1_rcp26_r1i1p1,GCAM-ref,72,0.6061864878398873,35465734614.76399,32754800597.540157,29893297811.7282,39065140340.77868,41698736424.44374
BUL,bcc-csm1-1_rcp26_r1i1p1,LUCAS-BAU_High-0001,72,0.6061864878398873,29143025276.517002,26678751921.48774,23671466203.33061,32488123697.116867,36213428262.02072
BUL,bcc-csm1-1_rcp26_r1i1p1,LUCAS-BAU_High-0002,72,0.6061864878398873,29499679848.880775,27132405679.433308,24027812192.79598,32828371668.851444,36494823787.956184
BUL,bcc-csm1-1_rcp45_r1i1p1,FORE-SCE-A1B,72,0.6135785082319642,28616621764.592716,26876487394.424984,28075031257.850185,45867266519.7935,45087153404.89029
BUL,bcc-csm1-1_rcp45_r1i1p1,FORE-SCE-A2,72,0.6135785082319642,25745473044.80349,24604404907.93744,25981472969.230927,43381466658.28808,44052210191.440155
BUL,bcc-csm1-1_rcp45_r1i1p1,FORE-SCE-B1,72,0.6135785082319642,23937205140.091503,22909847103.009045,22952019936.247578,41521272269.78621,42509289224.57368
BUL,bcc-csm1-1_rcp45_r1i1p1,GCAM-26,72,0.6135785082319642,43008292204.65005,40776993266.70455,42578438205.90107,63333095419.275154,58289369902.62273
BUL,bcc-csm1-1_rcp45_r1i1p1,GCAM-45,72,0.6135785082319642,34320466211.277374,32405917760.414146,35100695570.412254,50038031300.68841,51283157952.12059
BUL,bcc-csm1-1_rcp45_r1i1p1,GCAM-ref,72,0.6135785082319642,28868431107.374138,27139716633.62769,28349483345.821846,44259887279.97849,44381625634.89909
BUL,bcc-csm1-1_rcp45_r1i1p1,LUCAS-BAU_High-0001,72,0.6135785082319642,21782075677.757565,21153661938.30544,21314011076.50649,39715373260.58242,41246082330.82229
BUL,bcc-csm1-1_rcp45_r1i1p1,LUCAS-BAU_High-0002,72,0.6135785082319642,22156880481.615032,21446569567.740257,21717153226.08068,40167644139.23611,41393161380.76194
BUL,bcc-csm1-1_rcp60_r1i1p1,FORE-SCE-A1B,72,0.6367671558449806,28986783080.98508,28440006115.9069,28154435082.95548,37969423137.84203,43120711420.45644
BUL,bcc-csm1-1_rcp60_r1i1p1,FORE-SCE-A2,72,0.6367671558449806,26747183925.57742,26407285945.402714,27005985615.115894,35963572674.11219,42051719406.204185
BUL,bcc-csm1-1_rcp60_r1i1p1,FORE-SCE-B1,72,0.6367671558449806,25207655626.24271,25329964121.015656,25779889303.522835,34553506035.130165,40706466925.115456
BUL,bcc-csm1-1_rcp60_r1i1p1,GCAM-26,72,0.6367671558449806,40435222092.78523,40089587857.99161,43051067555.57932,50076343880.651184,52149928613.79926
BUL,bcc-csm1-1_rcp60_r1i1p1,GCAM-45,72,0.6367671558449806,33858385234.544926,33824863201.542786,38698172815.38397,42567072910.79184,46733255188.57222
BUL,bcc-csm1-1_rcp60_r1i1p1,GCAM-ref,72,0.6367671558449806,29178326669.3155,28917917025.534355,27956322285.342762,37580598810.5392,43042718080.634186
BUL,bcc-csm1-1_rcp60_r1i1p1,LUCAS-BAU_High-0001,72,0.6367671558449806,23551837779.110878,23765652134.49079,24151206397.05153,32655377041.07523,39496538454.57439
BUL,bcc-csm1-1_rcp60_r1i1p1,LUCAS-BAU_High-0002,72,0.6367671558449806,23851933383.748123,24072003180.59907,24400051044.870613,32918326915.243275,39682997830.62879
BUL,bcc-csm1-1_rcp85_r1i1p1,FORE-SCE-A1B,72,0.6193936143765156,125008105017.14824,123554951949.98753,122797670101.75816,119796468898.84216,118791021415.34218
BUL,bcc-csm1-1_rcp85_r1i1p1,FORE-SCE-A2,72,0.6193936143765156,121315415810.52588,121082751476.62828,119353339718.12962,114654095365.29123,116230430381.01765
BUL,bcc-csm1-1_rcp85_r1i1p1,FORE-SCE-B1,72,0.6193936143765156,118425845072.28363,118205472497.31418,117279690025.9253,112671374960.44348,113564469088.04276
BUL,bcc-csm1-1_rcp85_r1i1p1,GCAM-26,72,0.6193936143765156,141267087570.06793,140495251852.8083,139232369759.89938,137260370514.08052,135894280514.37589
BUL,bcc-csm1-1_rcp85_r1i1p1,GCAM-45,72,0.6193936143765156,131257373970.19543,131482155144.8933,129623724658.72762,127097420043.12997,125698221925.23714
BUL,bcc-csm1-1_rcp85_r1i1p1,GCAM-ref,72,0.6193936143765156,124580380187.23907,123314426309.93114,123028078356.11961,119816916736.31941,118399778337.2493
BUL,bcc-csm1-1_rcp85_r1i1p1,LUCAS-BAU_High-0001,72,0.6193936143765156,115542341313.27151,115266731909.89726,114400882281.97531,110064527707.29361,110898668797.62479
BUL,bcc-csm1-1_rcp85_r1i1p1,LUCAS-BAU_High-0002,72,0.6193936143765156,115955140720.99242,115625897829.479,114754603899.66751,110416299297.35251,111263385914.67584
BUL,canesm2_rcp26_r1i1p1,FORE-SCE-A1B,72,0.5904727394581804,136181468332.07047,135362541858.51643,134245017409.89095,137789062888.2227,139314194844.62213
BUL,canesm2_rcp26_r1i1p1,FORE-SCE-A2,72,0.5904727394581804,133350532948.77232,132735447833.76791,131811551116.55733,135388503821.62994,136837956776.58665
BUL,canesm2_rcp26_r1i1p1,FORE-SCE-B1,72,0.5904727394581804,131186247383.14526,130897333594.37007,129336484709.00171,134345784805.59389,135121657687.83514
BUL,canesm2_rcp26_r1i1p1,GCAM-26,72,0.5904727394581804,149537322153.75412,148498125941.24548,146507798165.5929,153336951284.66443,155769357237.69333
BUL,canesm2_rcp26_r1i1p1,GCAM-45,72,0.5904727394581804,141472039885.18793,140804804375.12015,139064747473.7622,145414357685.77264,147408413578.67526
BUL,canesm2_rcp26_r1i1p1,GCAM-ref,72,0.5904727394581804,136150525371.2792,135504700778.90956,133456471808.81775,138035649534.9556,139422018791.34625
BUL,canesm2_rcp26_r1i1p1,LUCAS-BAU_High-0001,72,0.5904727394581804,129377594187.6445,128294237708.55598,127573353939.12885,132245666222.03268,133036661314.29646
BUL,canesm2_rcp26_r1i1p1,LUCAS-BAU_High-0002,72,0.5904727394581804,129724177706.19954,128657698426.95961,127906150222.75018,132576202047.42995,133382760264.81848
BUL,canesm2_rcp45_r1i1p1,FORE-SCE-A1B,72,0.542821421606805,129392491445.15688,134681733392.96623,130491616995.92424,129782461405.64998,130410432368.18849
BUL,canesm2_rcp45_r1i1p1,FORE-SCE-A2,72,0.542821421606805,126495677863.07059,131443259317.81529,127764123795.16798,126596530868.43056,127187450210.3441
BUL,canesm2_rcp45_r1i1p1,FORE-SCE-B1,72,0.542821421606805,124408698929.05948,129148230777.51315,124370530714.25697,124436361717.9201,124900533878.1922
BUL,canesm2_rcp45_r1i1p1,GCAM-26,72,0.542821421606805,145298691620.73337,152381638345.34802,151105537987.24866,149508903165.01797,146935187824.59656
BUL,canesm2_rcp45_r1i1p1,GCAM-45,72,0.542821421606805,135205262653.89069,140860493680.74783,138161855265.3264,139722644373.3966,136845798420.57968
BUL,canesm2_rcp45_r1i1p1,GCAM-ref,72,0.542821421606805,129439817766.93135,134375940868.02493,130588805996.22108,129882447370.30103,130534944743.05847
BUL,canesm2_rcp45_r1i1p1,LUCAS-BAU_High-0001,72,0.542821421606805,122009119679.68896,126385440059.97826,122200418496.87581,121893370014.1451,122333901910.07497
BUL,canesm2_rcp45_r1i1p1,LUCAS-BAU_High-0002,72,0.542821421606805,122441236205.25467,126805932841.8668,122535700503.06624,122321374170.59547,122770675562.09508
BUL,canesm2_rcp85_r1i1p1,FORE-SCE-A1B,72,0.5184468828015054,472633036534.21796,471786390970.1034,472632516616.25977,470885983403.3769,471363813256.5506
BUL,canesm2_rcp85_r1i1p1,FORE-SCE-A2,72,0.5184468828015054,469852996392.19684,469393103827.4834,469546545792.4829,467430779255.1884,468014353407.78314
BUL,canesm2_rcp85_r1i1p1,FORE-SCE-B1,72,0.5184468828015054,466618932230.41864,467790067311.62524,469274427055.08905,464905138759.2089,465481187114.8726
BUL,canesm2_rcp85_r1i1p1,GCAM-26,72,0.5184468828015054,489187771105.9998,492656989029.6783,490247796623.44574,487485034621.97736,489298428189.3118
BUL,canesm2_rcp85_r1i1p1,GCAM-45,72,0.5184468828015054,478255926708.93835,480847365482.9904,478481659942.532,477316599976.07513,478531911323.44574
BUL,canesm2_rcp85_r1i1p1,GCAM-ref,72,0.5184468828015054,472515735340.7507,472260531722.0198,474309169857.1374,471145440969.79224,471640697864.34717
BUL,canesm2_rcp85_r1i1p1,LUCAS-BAU_High-0001,72,0.5184468828015054,463316353003.3552,463200715412.99945,465182011886.1718,462256601557.74945,462812885298.6851
BUL,canesm2_rcp85_r1i1p1,LUCAS-BAU_High-0002,72,0.5184468828015054,463588971785.31256,464202112753.2795,466419565783.6332,462693304019.2806,463260198576.0147
BUL,ccsm4_rcp26_r1i1p1,FORE-SCE-A1B,72,0.5985423943193862,56813958792.49959,56315736863.62487,51029135136.076416,65331857667.08403,93863758351.29568
BUL,ccsm4_rcp26_r1i1p1,FORE-SCE-A2,72,0.5985423943193862,54639962023.94062,52607087023.715805,49751618127.632805,63608318870.19638,93033333092.01186
BUL,ccsm4_rcp26_r1i1p1,FORE-SCE-B1,72,0.5985423943193862,52963897780.52064,51169861583.68147,48810280111.15164,62637475940.007,91991893553.47548
BUL,ccsm4_rcp26_r1i1p1,GCAM-26,72,0.5985423943193862,67863023495.16206,69077620549.6678,61446107084.65251,84572545719.359,105631418034.0454
BUL,ccsm4_rcp26_r1i1p1,GCAM-45,72,0.5985423943193862,61142002748.500885,60775075562.30393,55133327201.205475,78601244474.09512,101592831326.94434
BUL,ccsm4_rcp26_r1i1p1,GCAM-ref,72,0.5985423943193862,56807440781.17007,56677834674.99302,51034848209.20443,65182013122.20988,93454532787.05034
BUL,ccsm4_rcp26_r1i1p1,LUCAS-BAU_High-0001,72,0.5985423943193862,51193872560.97904,49258262024.39308,47683226912.22092,61418486738.38561,91457900277.56648
BUL,ccsm4_rcp26_r1i1p1,LUCAS-BAU_High-0002,72,0.5985423943193862,51449503816.9273,49797363361.19202,47521219778.86286,61396411799.97051,91420087743.17819
BUL,ccsm4_rcp45_r1i1p1,FORE-SCE-A1B,72,0.5862172617457387,37178848105.533485,37239013522.838615,36692923461.341255,35438937488.656265,38307227596.38475
BUL,ccsm4_rcp45_r1i1p1,FORE-SCE-A2,72,0.5862172617457387,34279045136.034676,33951810561.685825,33756084655.603428,33119813381.685104,35239435719.34299
BUL,ccsm4_rcp45_r1i1p1,FORE-SCE-B1,72,0.5862172617457387,32193423060.038612,31658917242.92518,32231643853.700157,31631099055.00249,33200804295.060734
BUL,ccsm4_rcp45_r1i1p1,GCAM-26,72,0.5862172617457387,51151394039.64132,50766796985.46013,45320699776.31358,48304251551.49528,53618313193.7929
BUL,ccsm4_rcp45_r1i1p1,GCAM-45,72,0.5862172617457387,42806910097.69238,42742502839.63912,37527601699.83541,39985890710.24013,44264020304.380455
BUL,ccsm4_rcp45_r1i1p1,GCAM-ref,72,0.5862172617457387,37557644425.57249,37601123324.70703,34846064057.07336,35649352872.716675,38835259640.32727
BUL,ccsm4_rcp45_r1i1p1,LUCAS-BAU_High-0001,72,0.5862172617457387,30433423060.348278,29756723526.784817,30176307283.485477,29512383135.00771,31069567660.702175
BUL,ccsm4_rcp45_r1i1p1,LUCAS-BAU_High-0002,72,0.5862172617457387,30807033311.130688,30085004390.75413,30414794107.80942,29719064191.435036,31469418778.047157
BUL,ccsm4_rcp60_r1i1p1,FORE-SCE-A1B,72,0.5737776863551461,69661409771.29103,71895468805.22719,70084619537.44392,85774465220.47269,95364363939.23416
BUL,ccsm4_rcp60_r1i1p1,FORE-SCE-A2,72,0.5737776863551461,67208637183.73427,70651374140.96162,67777082221.007034,81762746016.7666,93631462160.0878
BUL,ccsm4_rcp60_r1i1p1,FORE-SCE-B1,72,0.5737776863551461,65242373986.99056,69534678453.48132,66164416633.77643,80203345008.59239,92589053810.36638
BUL,ccsm4_rcp60_r1i1p1,GCAM-26,72,0.5737776863551461,82213441347.56175,84500423068.78741,81944265911.47003,118002431905.95142,118759723453.4564
BUL,ccsm4_rcp60_r1i1p1,GCAM-45,72,0.5737776863551461,74784886844.58698,76514060408.61044,74846495407.08434,111264438578.72023,112321768803.84462
BUL,ccsm4_rcp60_r1i1p1,GCAM-ref,72,0.5737776863551461,70010072575.00465,72179077148.07819,70579514884.31,85539749178.2639,95832080842.1926
BUL,ccsm4_rcp60_r1i1p1,LUCAS-BAU_High-0001,72,0.5737776863551461,63360151999.67001,66944126329.33246,64724076536.40459,78450077595.9261,91692681941.90315
BUL,ccsm4_rcp60_r1i1p1,LUCAS-BAU_High-0002,72,0.5737776863551461,63739053612.51521,68127294362.311264,64836708576.54844,78747643105.45195,91894464922.74617
BUL,ccsm4_rcp85_r1i1p1,FORE-SCE-A1B,72,0.5852599336971416,88810003830.1739,89893085354.5686,94933994976.23251,91996890561.64458,93621729095.02522
BUL,ccsm4_rcp85_r1i1p1,FORE-SCE-A2,72,0.5852599336971416,85018465894.03957,85634840736.55978,90066501294.95032,88241299064.77905,90977348397.49655
BUL,ccsm4_rcp85_r1i1p1,FORE-SCE-B1,72,0.5852599336971416,82408821045.96207,82637183223.90752,87559577901.84192,85988929955.22978,88582145576.7842
BUL,ccsm4_rcp85_r1i1p1,GCAM-26,72,0.5852599336971416,102469050370.49323,103306930098.95462,114029145563.256,109916078662.48593,110493466073.31215
BUL,ccsm4_rcp85_r1i1p1,GCAM-45,72,0.5852599336971416,94072254916.82964,94759257100.05484,105238752575.68889,100983986643.08722,100696235070.87265
BUL,ccsm4_rcp85_r1i1p1,GCAM-ref,72,0.5852599336971416,88459741625.9269,89118593294.57529,94292157981.42264,91421972816.52983,93240140413.23749
BUL,ccsm4_rcp85_r1i1p1,LUCAS-BAU_High-0001,72,0.5852599336971416,79586836303.32524,79865287946.2817,85675130647.80359,83670230713.42288,85850301753.89352
BUL,ccsm4_rcp85_r1i1p1,LUCAS-BAU_High-0002,72,0.5852599336971416,79961169711.57045,80367435160.98532,85846634694.6053,83900557424.49596,86245007321.35043
BUL,cesm1-bgc_rcp45_r1i1p1,FORE-SCE-A1B,72,0.5766325101721477,80190716569.89723,82312472046.43953,82535226958.71082,82826745906.94939,83807612564.17143
BUL,cesm1-bgc_rcp45_r1i1p1,FORE-SCE-A2,72,0.5766325101721477,77779371891.42966,80151079190.3308,81356342969.84895,80571876313.67392,81641322900.93011
BUL,cesm1-bgc_rcp45_r1i1p1,FORE-SCE-B1,72,0.5766325101721477,75980597372.02742,77541592364.64757,79711294908.19708,78936488839.72774,79935290460.61552
BUL,cesm1-bgc_rcp45_r1i1p1,GCAM-26,72,0.5766325101721477,93739719443.42404,93642387876.83386,95202556592.49222,97238721819.17867,95680285930.90428
BUL,cesm1-bgc_rcp45_r1i1p1,GCAM-45,72,0.5766325101721477,86445889625.53305,86921388936.98486,88640201149.56703,90728551948.7239,88266056430.07468
BUL,cesm1-bgc_rcp45_r1i1p1,GCAM-ref,72,0.5766325101721477,81678988536.90804,82463643541.3032,82521853328.03934,82773890487.89653,83811328350.7183
BUL,cesm1-bgc_rcp45_r1i1p1,LUCAS-BAU_High-0001,72,0.5766325101721477,73981911585.34906,75349474080.78207,78092476722.15257,77452236077.2386,78146008668.04715
BUL,cesm1-bgc_rcp45_r1i1p1,LUCAS-BAU_High-0002,72,0.5766325101721477,74358502460.7279,75846913179.13599,78251465844.0357,77689610730.6454,78435539355.60005
BUL,cesm1-bgc_rcp85_r1i1p1,FORE-SCE-A1B,72,0.5627545597976077,77030294551.26924,79066073803.0256,78856240352.68082,101478722501.6248,99412869535.23508
BUL,cesm1-bgc_rcp85_r1i1p1,FORE-SCE-A2,72,0.5627545597976077,73356659364.88113,76784886157.24564,75407127808.12144,95934940309.06892,96948876457.84737
BUL,cesm1-bgc_rcp85_r1i1p1,FORE-SCE-B1,72,0.5627545597976077,71554038580.34799,75751008340.15436,73825163912.44398,94498067553.77011,95514057964.67181
BUL,cesm1-bgc_rcp85_r1i1p1,GCAM-26,72,0.5627545597976077,90302985891.94728,93603815901.27782,91418063491.74992,121891118645.32198,128050932913.91467
BUL,cesm1-bgc_rcp85_r1i1p1,GCAM-45,72,0.5627545597976077,81692336805.58904,84888677925.08788,83144613526.36179,113553784324.14894,120528234986.75868
BUL,cesm1-bgc_rcp85_r1i1p1,GCAM-ref,72,0.5627545597976077,77426827270.77565,79659046960.37926,78165527583.75816,101383867390.43115,99776914878.7827
BUL,cesm1-bgc_rcp85_r1i1p1,LUCAS-BAU_High-0001,72,0.5627545597976077,68276602063.85365,73524219447.82904,71334744377.89967,93224240814.59335,93776179134.96144
BUL,cesm1-bgc_rcp85_r1i1p1,LUCAS-BAU_High-0002,72,0.5627545597976077,68649399732.01415,73965792227.94014,71669203597.10516,93530471504.60185,94096390000.17943
BUL,cesm1-cam5_rcp26_r1i1p1,FORE-SCE-A1B,72,0.5818065895214055,30322167197.68691,32666092079.38478,35032686766.799774,34119591033.952015,36534178857.36666
BUL,cesm1-cam5_rcp26_r1i1p1,FORE-SCE-A2,72,0.5818065895214055,28544835225.874153,30633200267.586025,30844764955.38619,32640413187.055122,34579644850.04453
BUL,cesm1-cam5_rcp26_r1i1p1,FORE-SCE-B1,72,0.5818065895214055,26718611420.331493,28985866306.770794,28065619240.770344,31440234728.781963,32930503434.410225
BUL,cesm1-cam5_rcp26_r1i1p1,GCAM-26,72,0.5818065895214055,40678665773.619965,43562706730.31566,46685035837.7551,46914071159.30596,48504556388.376015
BUL,cesm1-cam5_rcp26_r1i1p1,GCAM-45,72,0.5818065895214055,34236210179.549377,37355547857.620094,38460774487.47747,39078293452.6599,41641449172.20423
BUL,cesm1-cam5_rcp26_r1i1p1,GCAM-ref,72,0.5818065895214055,30027290298.864063,32595537716.017845,31940922641.621857,33758357940.924313,36301727942.67477
BUL,cesm1-cam5_rcp26_r1i1p1,LUCAS-BAU_High-0001,72,0.5818065895214055,24991347649.957363,26906320711.827213,26075615403.88335,29816863098.201607,31190047187.49468
BUL,cesm1-cam5_rcp26_r1i1p1,LUCAS-BAU_High-0002,72,0.5818065895214055,25287908342.151978,27402095488.54412,26345650647.1652,30067708410.594334,31464378373.73384
BUL,cesm1-cam5_rcp45_r1i1p1,FORE-SCE-A1B,72,0.6340571380810962,40838835860.0303,47918973767.5057,50288424267.51526,65961902846.274895,93269867039.87889
BUL,cesm1-cam5_rcp45_r1i1p1,FORE-SCE-A2,72,0.6340571380810962,38352107080.752754,45053030035.09922,48971968664.36803,64436840904.56421,92344342020.19063
BUL,cesm1-cam5_rcp45_r1i1p1,FORE-SCE-B1,72,0.6340571380810962,37147007784.64586,40239660103.59692,44021786578.057304,59618231759.65073,91492206810.46976
BUL,cesm1-cam5_rcp45_r1i1p1,GCAM-26,72,0.6340571380810962,54866629812.071266,60411411367.90184,68527403798.17037,83446635009.09727,105212744091.67776
BUL,cesm1-cam5_rcp45_r1i1p1,GCAM-45,72,0.6340571380810962,46778142242.68947,52757340341.423485,60592716101.808975,76107862848.1938,100266531599.9363
BUL,cesm1-cam5_rcp45_r1i1p1,GCAM-ref,72,0.6340571380810962,40769602810.31269,47784978617.228065,54085106739.68359,68739641317.8927,93093261689.64514
BUL,cesm1-cam5_rcp45_r1i1p1,LUCAS-BAU_High-0001,72,0.6340571380810962,34962182705.71391,37767591977.83196,41022637011.354294,58186431465.16271,90650052221.41705
BUL,cesm1-cam5_rcp45_r1i1p1,LUCAS-BAU_High-0002,72,0.6340571380810962,35314471646.848885,38084304534.01624,41381432715.65154,58467929812.59628,90799491601.09465
BUL,cesm1-cam5_rcp60_r1i1p1,FORE-SCE-A1B,72,0.5793395551787646,29505053294.549477,28120532720.105633,27281808134.20284,29181525795.93242,30241860974.275146
BUL,cesm1-cam5_rcp60_r1i1p1,FORE-SCE-A2,72,0.5793395551787646,26595224262.95983,25420456517.63287,24929296129.971466,27220584057.35492,27717018286.812675
BUL,cesm1-cam5_rcp60_r1i1p1,FORE-SCE-B1,72,0.5793395551787646,24207674129.12154,23193994788.441402,22902733499.872272,25037648832.742645,25893580446.45299
BUL,cesm1-cam5_rcp60_r1i1p1,GCAM-26,72,0.5793395551787646,43739153112.44696,41773728956.01648,40683583141.809586,48661928319.63715,48666213037.41863
BUL,cesm1-cam5_rcp60_r1i1p1,GCAM-45,72,0.5793395551787646,35390578817.3436,33428464081.39274,32936368939.42095,41215231731.18119,40772907015.35343
BUL,cesm1-cam5_rcp60_r1i1p1,GCAM-ref,72,0.5793395551787646,29499423467.923916,28030668816.21116,28408900561.57069,28380450592.375614,30350697478.602318
BUL,cesm1-cam5_rcp60_r1i1p1,LUCAS-BAU_High-0001,72,0.5793395551787646,22043978618.870216,20851803530.525894,20958566173.256493,22899339953.46954,23803887616.53802
BUL,cesm1-cam5_rcp60_r1i1p1,LUCAS-BAU_High-0002,72,0.5793395551787646,22272973601.09102,21327968486.572014,21135466126.3422,23293179657.665485,24149987022.034264
BUL,cesm1-cam5_rcp85_r1i1p1,FORE-SCE-A1B,72,0.6062306679665898,137767601027.74826,137119135690.29393,134676684289.0947,134809089737.08102,158119933295.2965
BUL,cesm1-cam5_rcp85_r1i1p1,FORE-SCE-A2,72,0.6062306679665898,134667441880.0547,133802750380.36742,132001437077.12695,132241618552.13332,155965014569.01056
BUL,cesm1-cam5_rcp85_r1i1p1,FORE-SCE-B1,72,0.6062306679665898,132259569591.62178,131191951781.5591,130035700143.65315,130336710970.01662,154196349363.2684
BUL,cesm1-cam5_rcp85_r1i1p1,GCAM-26,72,0.6062306679665898,153095669591.06384,153206651915.58545,149073764346.66782,151670913448.02805,157886857723.68384
BUL,cesm1-cam5_rcp85_r1i1p1,GCAM-45,72,0.6062306679665898,143305560108.97488,143114367660.3768,140283685020.08813,142704971773.29773,148887500967.84308
BUL,cesm1-cam5_rcp85_r1i1p1,GCAM-ref,72,0.6062306679665898,137537508626.87842,137052274678.95668,134496927077.51265,134408464860.1836,157994296425.57828
BUL,cesm1-cam5_rcp85_r1i1p1,LUCAS-BAU_High-0001,72,0.6062306679665898,129367779464.9231,128182260767.35722,127449128307.20883,127738128159.27408,152092959586.06247
BUL,cesm1-cam5_rcp85_r1i1p1,LUCAS-BAU_High-0002,72,0.6062306679665898,129844478266.95204,128596012196.59395,127875339616.11832,128145278545.89305,152406407797.2787
BUL,cmcc-cm_rcp45_r1i1p1,FORE-SCE-A1B,72,0.732185022324773,21391903778.975357,21024607967.360115,18150498578.37913,29955865888.25486,34264590328.89413
BUL,cmcc-cm_rcp45_r1i1p1,FORE-SCE-A2,72,0.732185022324773,18859445206.27837,18606241767.37003,16510389102.669771,28186415813.006985,32379253857.149826
BUL,cmcc-cm_rcp45_r1i1p1,FORE-SCE-B1,72,0.732185022324773,17433736939.979076,17355188158.284336,15276140613.554981,26733102987.419262,30890304398.65973
BUL,cmcc-cm_rcp45_r1i1p1,GCAM-26,72,0.732185022324773,33661243776.65458,33180462932.019257,29465312192.342335,41626938120.5388,46877268554.9618
BUL,cmcc-cm_rcp45_r1i1p1,GCAM-45,72,0.732185022324773,26074561242.65013,25786652624.033512,25562442409.050926,35553891071.15489,39208909111.342804
BUL,cmcc-cm_rcp45_r1i1p1,GCAM-ref,72,0.732185022324773,21529205896.592697,21421332406.38204,21608478387.936054,29791579816.249104,34075052320.17885
BUL,cmcc-cm_rcp45_r1i1p1,LUCAS-BAU_High-0001,72,0.732185022324773,15406178787.907255,14596370050.625933,11596360995.875254,24252294863.647434,29291294131.061283
BUL,cmcc-cm_rcp45_r1i1p1,LUCAS-BAU_High-0002,72,0.732185022324773,15725229338.58203,14892428944.544754,11898283743.205011,24652824557.820667,29541427341.98484
BUL,cmcc-cm_rcp85_r1i1p1,FORE-SCE-A1B,72,0.6845597823123487,24400200256.490807,22113851367.574314,22977194314.5684,27254784699.857697,27325093102.747787
BUL,cmcc-cm_rcp85_r1i1p1,FORE-SCE-A2,72,0.6845597823123487,22193979944.01119,20226285960.987305,21443198631.482765,25471058920.048615,25648772678.600586
BUL,cmcc-cm_rcp85_r1i1p1,FORE-SCE-B1,72,0.6845597823123487,19484631706.235706,18413354438.973087,19135637584.33934,26299464440.24335,24159643077.687782
BUL,cmcc-cm_rcp85_r1i1p1,GCAM-26,72,0.6845597823123487,39057602542.82074,37623584838.3099,34549497603.8293,45975428389.97118,40979616259.85901
BUL,cmcc-cm_rcp85_r1i1p1,GCAM-45,72,0.6845597823123487,30009743108.55651,28799766134.541348,28303543490.42862,36960860790.00461,33567975896.771526
BUL,cmcc-cm_rcp85_r1i1p1,GCAM-ref,72,0.6845597823123487,23750733848.116016,22492686224.198093,24017324311.605034,26924588388.886585,27237640989.213413
BUL,cmcc-cm_rcp85_r1i1p1,LUCAS-BAU_High-0001,72,0.6845597823123487,16851456569.725597,15571702033.662876,17679958979.860798,23660695246.756565,22806437255.000607
BUL,cmcc-cm_rcp85_r1i1p1,LUCAS-BAU_High-0002,72,0.6845597823123487,17122450938.549936,15918348445.42063,17913381245.00339,24285137448.57917,23000529260.835495
BUL,cnrm-cm5_rcp45_r1i1p1,FORE-SCE-A1B,72,0.5187823707877592,110058801553.60461,116150698812.47397,113511196715.17593,152451097237.68814,152451097237.68814
BUL,cnrm-cm5_rcp45_r1i1p1,FORE-SCE-A2,72,0.5187823707877592,107554990697.02032,113588396044.74336,111133228447.06575,150254259989.1727,150254259989.1727
BUL,cnrm-cm5_rcp45_r1i1p1,FORE-SCE-B1,72,0.5187823707877592,105859913085.09985,112325602882.26546,109188290704.15147,148981236100.59943,148981236100.59943
BUL,cnrm-cm5_rcp45_r1i1p1,GCAM-26,72,0.5187823707877592,126559902889.2293,130236052235.49576,131224107218.66223,173837753423.77792,173980992997.70395
BUL,cnrm-cm5_rcp45_r1i1p1,GCAM-45,72,0.5187823707877592,115064046471.82097,121121816572.19203,118255829993.37451,167640902755.56967,167769722696.74097
BUL,cnrm-cm5_rcp45_r1i1p1,GCAM-ref,72,0.5187823707877592,110286007637.97543,117021458892.39217,113682326894.5795,152647787672.86746,152768915539.5309
BUL,cnrm-cm5_rcp45_r1i1p1,LUCAS-BAU_High-0001,72,0.5187823707877592,103970552898.9699,109923868607.1604,107399785574.11426,147721921169.50568,147721921169.50568
BUL,cnrm-cm5_rcp45_r1i1p1,LUCAS-BAU_High-0002,72,0.5187823707877592,104503198007.4342,110570660467.73639,107693049025.60515,147985652929.7152,147985652929.7152
BUL,cnrm-cm5_rcp85_r1i1p1,FORE-SCE-A1B,72,0.5300088316997811,289022989154.76794,289203629133.7012,289363304944.094,477763396384.49066,532284259472.00604
BUL,cnrm-cm5_rcp85_r1i1p1,FORE-SCE-A2,72,0.5300088316997811,286050319637.64575,286383887308.5902,286425472151.6607,474734008103.2697,534800447642.7628
BUL,cnrm-cm5_rcp85_r1i1p1,FORE-SCE-B1,72,0.5300088316997811,283937026415.0981,284508920950.566,283921745377.2984,472236407315.9735,536542033707.38416
BUL,cnrm-cm5_rcp85_r1i1p1,GCAM-26,72,0.5300088316997811,305416533799.4923,304865456657.8418,305222574906.1908,509403910010.34186,534580196849.82416
BUL,cnrm-cm5_rcp85_r1i1p1,GCAM-45,72,0.5300088316997811,295151404572.2354,295321021897.1597,295222818244.2171,499165427466.7634,534863370587.6713
BUL,cnrm-cm5_rcp85_r1i1p1,GCAM-ref,72,0.5300088316997811,288644840359.41235,289151696878.81976,289292659178.5248,477672454853.4219,531527388107.3477
BUL,cnrm-cm5_rcp85_r1i1p1,LUCAS-BAU_High-0001,72,0.5300088316997811,281131894555.71436,280702267949.691,280844800529.72217,469223915628.7075,538333052697.177
BUL,cnrm-cm5_rcp85_r1i1p1,LUCAS-BAU_High-0002,72,0.5300088316997811,281370346669.5329,281415932301.1452,281403026674.5078,469670931033.899,537934182803.9505
BUL,csiro-mk3-6-0_rcp26_r1i1p1,FORE-SCE-A1B,72,0.6274829797298518,38023479166.571236,37766823756.38905,35751603830.53787,33931569337.85611,37944024574.69569
BUL,csiro-mk3-6-0_rcp26_r1i1p1,FORE-SCE-A2,72,0.6274829797298518,35128745948.73762,34979631933.96606,33172583774.331272,31604337447.503998,35088326735.433525
BUL,csiro-mk3-6-0_rcp26_r1i1p1,FORE-SCE-B1,72,0.6274829797298518,32743030389.73214,32934977272.115986,32121906816.88671,30779287657.56821,33110446444.301357
BUL,csiro-mk3-6-0_rcp26_r1i1p1,GCAM-26,72,0.6274829797298518,52530142742.870255,52154699625.71836,52498731761.691414,46289480299.790016,52074237329.321526
BUL,csiro-mk3-6-0_rcp26_r1i1p1,GCAM-45,72,0.6274829797298518,44074419189.454346,44198131544.7445,43901009734.45064,38077218290.25102,43162997571.23686
BUL,csiro-mk3-6-0_rcp26_r1i1p1,GCAM-ref,72,0.6274829797298518,38292622247.13965,38852787512.856445,39161126569.25568,33986499052.612823,38169257152.591064
BUL,csiro-mk3-6-0_rcp26_r1i1p1,LUCAS-BAU_High-0001,72,0.6274829797298518,30646019245.578133,30741975444.200542,29484887747.64408,29069383235.569855,30970080489.790874
BUL,csiro-mk3-6-0_rcp26_r1i1p1,LUCAS-BAU_High-0002,72,0.6274829797298518,31030728931.106133,31086816905.716995,29760331558.018246,29312056681.629917,31361649005.512768
BUL,csiro-mk3-6-0_rcp45_r1i1p1,FORE-SCE-A1B,72,0.6568475870606202,27523814112.490807,24112523172.238743,24578479326.55706,21992070329.348255,23482190701.487453
BUL,csiro-mk3-6-0_rcp45_r1i1p1,FORE-SCE-A2,72,0.6568475870606202,24615672435.18147,21504690719.384377,20945841764.586628,19116489823.913795,20780025691.62354
BUL,csiro-mk3-6-0_rcp45_r1i1p1,FORE-SCE-B1,72,0.6568475870606202,21610461559.449818,19197107382.05463,19801085284.189342,18341947986.244545,18638002350.471436
BUL,csiro-mk3-6-0_rcp45_r1i1p1,GCAM-26,72,0.6568475870606202,42781137952.68467,39104884463.658066,46268231604.67742,40854683731.61626,44431613128.26658
BUL,csiro-mk3-6-0_rcp45_r1i1p1,GCAM-45,72,0.6568475870606202,33534939556.320107,30315834082.7436,34687747931.56404,29571722435.43371,34419507264.31307
BUL,csiro-mk3-6-0_rcp45_r1i1p1,GCAM-ref,72,0.6568475870606202,27080353919.99545,24235237935.731197,26632594811.765682,22098651484.468094,23463667463.590744
BUL,csiro-mk3-6-0_rcp45_r1i1p1,LUCAS-BAU_High-0001,72,0.6568475870606202,19218728703.106346,16869719949.207968,16982213126.321268,15618499266.363453,16352648639.348772
BUL,csiro-mk3-6-0_rcp45_r1i1p1,LUCAS-BAU_High-0002,72,0.6568475870606202,19619843262.30236,17231115265.207996,17539486184.22278,16227256101.257702,16726254044.638615
BUL,csiro-mk3-6-0_rcp60_r1i1p1,FORE-SCE-A1B,72,0.6034035596453641,34711645340.21822,35412457506.4764,40366433635.93208,46116587256.067215,68474412885.40075
BUL,csiro-mk3-6-0_rcp60_r1i1p1,FORE-SCE-A2,72,0.6034035596453641,30579254844.76094,33259057505.97513,40363470998.13148,46151451017.432785,67921584687.89012
BUL,csiro-mk3-6-0_rcp60_r1i1p1,FORE-SCE-B1,72,0.6034035596453641,28735784166.82459,31712121745.155125,39046825327.17196,44927133080.152534,66692519894.26301
BUL,csiro-mk3-6-0_rcp60_r1i1p1,GCAM-26,72,0.6034035596453641,44700483776.21076,48988307818.87928,57937912110.18445,61962571640.2609,77512250534.52621
BUL,csiro-mk3-6-0_rcp60_r1i1p1,GCAM-45,72,0.6034035596453641,39199822659.00769,40018642999.819565,47857053074.16676,51723340644.56242,72192277856.89232
BUL,csiro-mk3-6-0_rcp60_r1i1p1,GCAM-ref,72,0.6034035596453641,34459561633.671906,35370285196.28993,41466946236.996895,45519698362.15486,67900383825.184586
BUL,csiro-mk3-6-0_rcp60_r1i1p1,LUCAS-BAU_High-0001,72,0.6034035596453641,26800346658.28978,30018755947.054546,36719285796.98971,44074118862.23429,65427067132.31238
BUL,csiro-mk3-6-0_rcp60_r1i1p1,LUCAS-BAU_High-0002,72,0.6034035596453641,27092207679.3894,30422947046.864365,37066316831.423805,44362298364.1545,65457218101.58463
BUL,csiro-mk3-6-0_rcp85_r1i1p1,FORE-SCE-A1B,72,0.6159185628595041,89693294128.73148,92941836524.00713,91303842323.51816,97959443000.13138,98663513907.24857
BUL,csiro-mk3-6-0_rcp85_r1i1p1,FORE-SCE-A2,72,0.6159185628595041,86603547368.64742,89113172726.05797,85139084421.78583,86757402597.12993,96344296074.16464
BUL,csiro-mk3-6-0_rcp85_r1i1p1,FORE-SCE-B1,72,0.6159185628595041,84087701514.80235,85824345974.11987,85416681705.9864,85095343214.19185,94490224823.29552
BUL,csiro-mk3-6-0_rcp85_r1i1p1,GCAM-26,72,0.6159185628595041,105021601586.91173,108457876969.53815,107284829203.85448,118483494230.53229,112776161925.65318
BUL,csiro-mk3-6-0_rcp85_r1i1p1,GCAM-45,72,0.6159185628595041,95911905481.01764,99282640498.30365,97752054016.4037,110116153933.24773,103373235022.67662
BUL,csiro-mk3-6-0_rcp85_r1i1p1,GCAM-ref,72,0.6159185628595041,89615715283.45505,93119421469.23335,91192461785.47882,97321531521.37157,98639958693.10393
BUL,csiro-mk3-6-0_rcp85_r1i1p1,LUCAS-BAU_High-0001,72,0.6159185628595041,81509463294.80411,83011669903.3183,82033760696.30975,83869206689.86333,92386434618.92552
BUL,csiro-mk3-6-0_rcp85_r1i1p1,LUCAS-BAU_High-0002,72,0.6159185628595041,81831347530.79335,83667220938.79042,83626218392.04428,84152687212.81482,92713270136.59624
BUL,fgoals-g2_rcp26_r1i1p1,FORE-SCE-A1B,72,0.5827437682309176,16726554765.602367,14786846615.882275,20722962995.502316,39208262895.96376,40860536934.55941
BUL,fgoals-g2_rcp26_r1i1p1,FORE-SCE-A2,72,0.5827437682309176,14544747315.534233,13021143119.178986,15596243151.337206,38101198300.38138,41151322647.404
BUL,fgoals-g2_rcp26_r1i1p1,FORE-SCE-B1,72,0.5827437682309176,13031525996.797926,11820398852.519253,15729056490.163572,37495033225.96328,40576840674.07003
BUL,fgoals-g2_rcp26_r1i1p1,GCAM-26,72,0.5827437682309176,27515065677.81996,24939804469.644955,28279008962.28343,54450584624.450714,50674084230.87183
BUL,fgoals-g2_rcp26_r1i1p1,GCAM-45,72,0.5827437682309176,21008801061.71588,18870529727.516346,23565306368.14015,49051278512.783585,47933809828.96928
BUL,fgoals-g2_rcp26_r1i1p1,GCAM-ref,72,0.5827437682309176,16945543480.901548,15135516733.855104,20613844676.09086,39946548895.80604,40481536170.10429
BUL,fgoals-g2_rcp26_r1i1p1,LUCAS-BAU_High-0001,72,0.5827437682309176,11649742113.772799,10375599685.082657,13293847031.216993,36360176639.97457,40283583021.039246
BUL,fgoals-g2_rcp26_r1i1p1,LUCAS-BAU_High-0002,72,0.5827437682309176,11896625893.23487,10647114077.341726,13555719760.582478,36604271733.83005,40242098297.12387
DNP,access1-0_rcp45_r1i1p1,FORE-SCE-A1B,72,0.42357714562999793,26821147550.89021,28483474789.156124,28415157348.243484,36121403394.54317,31622023046.734432
DNP,access1-0_rcp45_r1i1p1,FORE-SCE-A2,72,0.42357714562999793,26430820046.11217,25893512796.491856,26124705567.585835,33974112323.109314,29760068755.028873
DNP,access1-0_rcp45_r1i1p1,FORE-SCE-B1,72,0.42357714562999793,23216839643.32536,22934760629.10354,24008622266.179596,31359926726.82557,27838453442.19381
DNP,access1-0_rcp45_r1i1p1,GCAM-26,72,0.42357714562999793,41687985870.69438,43275137119.29679,41323717506.1974,50803752246.51317,45190008903.096214
DNP,access1-0_rcp45_r1i1p1,GCAM-45,72,0.42357714562999793,32820354857.0843,34607808971.68514,33898154708.522404,41094770030.37157,36899716068.312744
DNP,access1-0_rcp45_r1i1p1,GCAM-ref,72,0.42357714562999793,26777125721.805946,27945167285.08134,27849034515.84245,35323811997.42214,31162604436.78634
DNP,access1-0_rcp45_r1i1p1,LUCAS-BAU_High-0001,72,0.42357714562999793,20597082116.4432,20186733633.021763,20824498642.344475,28923257216.91419,26340252782.752052
DNP,access1-0_rcp45_r1i1p1,LUCAS-BAU_High-0002,72,0.42357714562999793,20890671880.940197,20746839359.373558,21877694942.441116,29442247382.84421,26558723305.378304
DNP,access1-0_rcp85_r1i1p1,FORE-SCE-A1B,72,0.44569938999428044,31757275236.394604,31077846931.84221,30273743262.280514,30556423301.49861,72354789237.00081
DNP,access1-0_rcp85_r1i1p1,FORE-SCE-A2,72,0.44569938999428044,27800055962.06271,27040498789.741646,26739168927.020935,26865662378.336845,65088282403.26243
DNP,access1-0_rcp85_r1i1p1,FORE-SCE-B1,72,0.44569938999428044,25617031273.587025,24438860919.23681,23849528700.72054,23876883527.555656,59874443900.74468
DNP,access1-0_rcp85_r1i1p1,GCAM-26,72,0.44569938999428044,50944012767.96992,51996768734.87214,50141206525.522255,50217418749.391426,107319634254.58458
DNP,access1-0_rcp85_r1i1p1,GCAM-45,72,0.44569938999428044,39198019052.50469,39115049202.59509,37381049251.091125,36930211948.39571,85202577141.37029
DNP,access1-0_rcp85_r1i1p1,GCAM-ref,72,0.44569938999428044,32237708719.57682,31568740079.11252,31079855037.021297,30971323607.708813,72578918254.6416
DNP,access1-0_rcp85_r1i1p1,LUCAS-BAU_High-0001,72,0.44569938999428044,22615063484.669334,21420159416.7672,21263981977.612213,21181947251.32741,53577016977.469765
DNP,access1-0_rcp85_r1i1p1,LUCAS-BAU_High-0002,72,0.44569938999428044,23089861942.26163,21909401106.8145,21649844165.231697,21599176584.420883,54627153542.843445
DNP,bcc-csm1-1-m_rcp45_r1i1p1,FORE-SCE-A1B,72,0.41197406508732953,36492301763.35933,41010264318.81248,50952757649.35854,53649336251.489525,70185866137.239
DNP,bcc-csm1-1-m_rcp45_r1i1p1,FORE-SCE-A2,72,0.41197406508732953,38539940502.78699,40376855659.15,55763063398.94537,50894520482.64594,65224426967.406555
DNP,bcc-csm1-1-m_rcp45_r1i1p1,FORE-SCE-B1,72,0.41197406508732953,35366382185.17663,37685309765.58586,53253793865.03937,48277271972.97266,61287016758.81674
DNP,bcc-csm1-1-m_rcp45_r1i1p1,GCAM-26,72,0.41197406508732953,49445812361.62927,54299032513.53647,58049269247.104576,59411187917.41426,89795509248.54868
DNP,bcc-csm1-1-m_rcp45_r1i1p1,GCAM-45,72,0.41197406508732953,41183631975.11728,46782799353.737625,52515156541.06112,52478702471.01891,73888316131.65584
DNP,bcc-csm1-1-m_rcp45_r1i1p1,GCAM-ref,72,0.41197406508732953,33808568468.080284,39630312882.222206,47816410202.363144,52762829359.58728,70171387804.96315
DNP,bcc-csm1-1-m_rcp45_r1i1p1,LUCAS-BAU_High-0001,72,0.41197406508732953,32743920173.43799,36402377174.0989,57207085750.549416,45809019286.41684,56877352597.33765
DNP,bcc-csm1-1-m_rcp45_r1i1p1,LUCAS-BAU_High-0002,72,0.41197406508732953,33086424435.18606,36735336874.80826,57398127995.52539,46152346744.305565,57559330721.743965
DNP,bcc-csm1-1-m_rcp85_r1i1p1,FORE-SCE-A1B,72,0.37615848220718767,109021258354.74332,136155392728.01518,155549563048.44614,180567795061.86792,181855201862.29486
DNP,bcc-csm1-1-m_rcp85_r1i1p1,FORE-SCE-A2,72,0.37615848220718767,106841105103.50195,132357034657.82205,153148523910.32678,176825821002.12115,177860379919.55008
DNP,bcc-csm1-1-m_rcp85_r1i1p1,FORE-SCE-B1,72,0.37615848220718767,104927149654.40952,129754408711.06548,148780606072.89795,172884375225.52863,173348877773.9988
DNP,bcc-csm1-1-m_rcp85_r1i1p1,GCAM-26,72,0.37615848220718767,127975481915.19011,153048357487.59656,176755809245.0542,185056494239.92255,192857087758.26736
DNP,bcc-csm1-1-m_rcp85_r1i1p1,GCAM-45,72,0.37615848220718767,116803339787.24889,140992367856.4829,163645696352.94702,173283099828.37216,176057267643.06372
DNP,bcc-csm1-1-m_rcp85_r1i1p1,GCAM-ref,72,0.37615848220718767,108117246884.62836,133428538480.9341,154784524947.0307,180114840947.83533,181046622573.80618
DNP,bcc-csm1-1-m_rcp85_r1i1p1,LUCAS-BAU_High-0001,72,0.37615848220718767,100049596223.03387,126208560170.17804,147227686878.6387,167753709493.17,168136142618.60397
DNP,bcc-csm1-1-m_rcp85_r1i1p1,LUCAS-BAU_High-0002,72,0.37615848220718767,100592113603.59038,126757869129.85281,147677158891.30115,168398749929.02722,168802568216.66867
DNP,bcc-csm1-1_rcp26_r1i1p1,FORE-SCE-A1B,72,0.44797786595525785,52108018607.257324,58658044165.4855,65927534279.72861,69050572199.23734,77396254224.13931
DNP,bcc-csm1-1_rcp26_r1i1p1,FORE-SCE-A2,72,0.44797786595525785,53354719666.16543,54613315655.90851,60886467234.26506,65230433108.75431,70092652450.06976
DNP,bcc-csm1-1_rcp26_r1i1p1,FORE-SCE-B1,72,0.44797786595525785,48367634195.09644,49604645405.35189,56930202565.45014,61286627987.90117,65045573745.10075
DNP,bcc-csm1-1_rcp26_r1i1p1,GCAM-26,72,0.44797786595525785,73788575098.49467,85583295910.35718,88465621288.1366,91080877531.43706,112333980206.98715
DNP,bcc-csm1-1_rcp26_r1i1p1,GCAM-45,72,0.44797786595525785,60784317816.65932,69465057784.80684,75122106432.144,79178584920.59145,91440081467.65015
DNP,bcc-csm1-1_rcp26_r1i1p1,GCAM-ref,72,0.44797786595525785,52678979987.95149,58886133059.98933,66068087704.48011,69459385579.39583,77636869626.71147
DNP,bcc-csm1-1_rcp26_r1i1p1,LUCAS-BAU_High-0001,72,0.44797786595525785,45292512196.32224,46492591801.94611,54288610949.786156,58740115126.66323,59633068790.140976
DNP,bcc-csm1-1_rcp26_r1i1p1,LUCAS-BAU_High-0002,72,0.44797786595525785,45847098968.177864,47119150385.17296,54816433858.512856,59267060408.06811,60633396021.95468
DNP,bcc-csm1-1_rcp45_r1i1p1,FORE-SCE-A1B,72,0.43170658951309804,46569629309.879715,48674278377.53029,44745814620.129845,45758887614.086136,39567638263.50777
DNP,bcc-csm1-1_rcp45_r1i1p1,FORE-SCE-A2,72,0.43170658951309804,43981699673.28976,44251980355.29602,41754530271.58817,42418383750.95534,35891488409.70116
DNP,bcc-csm1-1_rcp45_r1i1p1,FORE-SCE-B1,72,0.43170658951309804,41878653377.35925,41180449236.11839,39349883913.146545,39885753868.92467,33131121683.094727
DNP,bcc-csm1-1_rcp45_r1i1p1,GCAM-26,72,0.43170658951309804,62144767497.57064,66228839649.97762,58597011006.50649,60037123982.45352,60685366318.161385
DNP,bcc-csm1-1_rcp45_r1i1p1,GCAM-45,72,0.43170658951309804,52010173576.33921,56010426345.13663,51866775003.98095,49284541437.399185,48529769325.02834
DNP,bcc-csm1-1_rcp45_r1i1p1,GCAM-ref,72,0.43170658951309804,45780864922.03043,47912959868.40354,45140579133.16531,42427701516.38776,39562514247.57063
DNP,bcc-csm1-1_rcp45_r1i1p1,LUCAS-BAU_High-0001,72,0.43170658951309804,41673973263.450195,38257961684.633354,36711639765.60549,37349907034.499176,30337313947.304424
DNP,bcc-csm1-1_rcp45_r1i1p1,LUCAS-BAU_High-0002,72,0.43170658951309804,42123623083.37758,38806857591.20005,37075388769.58593,37743696411.499374,30808593931.07825
DNP,bcc-csm1-1_rcp60_r1i1p1,FORE-SCE-A1B,72,0.4305966707638286,50372153002.47424,49450067390.22172,41059213404.54107,47718919859.8879,38779258162.71428
DNP,bcc-csm1-1_rcp60_r1i1p1,FORE-SCE-A2,72,0.4305966707638286,47986150618.6526,47831513612.589355,37106736982.90964,44855110030.474556,36080115864.914375
DNP,bcc-csm1-1_rcp60_r1i1p1,FORE-SCE-B1,72,0.4305966707638286,46855185751.8418,45403954784.1543,35119516548.09013,42820901277.23641,33693338199.7554
DNP,bcc-csm1-1_rcp60_r1i1p1,GCAM-26,72,0.4305966707638286,51045235124.15529,59303699954.73722,51268039151.19538,66688379626.239235,53612877645.907745
DNP,bcc-csm1-1_rcp60_r1i1p1,GCAM-45,72,0.4305966707638286,50538834472.619354,53492569728.10538,41886262282.15262,56844399430.5016,43602164697.7998
DNP,bcc-csm1-1_rcp60_r1i1p1,GCAM-ref,72,0.4305966707638286,51479028539.605576,47949255697.142494,39210523752.8573,47794432678.072044,38995319730.84216
DNP,bcc-csm1-1_rcp60_r1i1p1,LUCAS-BAU_High-0001,72,0.4305966707638286,44735239708.83592,42627403624.828835,32605055646.03194,40349506188.42651,31282373663.178123
DNP,bcc-csm1-1_rcp60_r1i1p1,LUCAS-BAU_High-0002,72,0.4305966707638286,44877334035.747215,43078806401.312004,33045450046.67903,40780464645.93195,31675822642.032547
DNP,bcc-csm1-1_rcp85_r1i1p1,FORE-SCE-A1B,72,0.43283703876617413,156081805994.86923,165268507288.40924,191069639081.5157,237521187322.72238,190308443019.60696
DNP,bcc-csm1-1_rcp85_r1i1p1,FORE-SCE-A2,72,0.43283703876617413,150141811458.6694,162900100137.02008,186742018401.3544,233109856291.9964,187138071566.6277
DNP,bcc-csm1-1_rcp85_r1i1p1,FORE-SCE-B1,72,0.43283703876617413,145178498896.16077,161509621952.7327,184793977093.36465,227959945515.70718,184374986628.7036
DNP,bcc-csm1-1_rcp85_r1i1p1,GCAM-26,72,0.43283703876617413,171194757044.3744,185215768542.88913,220341830620.15335,240523207182.68762,189883128782.15454
DNP,bcc-csm1-1_rcp85_r1i1p1,GCAM-45,72,0.43283703876617413,159486010201.86526,173572519595.89447,201786028840.18088,225052944490.3714,177419535811.67493
DNP,bcc-csm1-1_rcp85_r1i1p1,GCAM-ref,72,0.43283703876617413,155628570584.2124,163827137257.58014,190470764260.64548,236974464185.80743,190085620356.57098
DNP,bcc-csm1-1_rcp85_r1i1p1,LUCAS-BAU_High-0001,72,0.43283703876617413,138786279486.39783,158207201911.979,184382246582.97708,222845550926.58127,182057806219.0997
DNP,bcc-csm1-1_rcp85_r1i1p1,LUCAS-BAU_High-0002,72,0.43283703876617413,139759987192.5202,158770575341.34503,184754139207.7777,223538435062.76306,182438186219.51736
DNP,canesm2_rcp26_r1i1p1,FORE-SCE-A1B,72,0.3910424500147022,321813791734.83234,337128533224.021,365601986927.512,373342548630.76025,377790854988.66223
DNP,canesm2_rcp26_r1i1p1,FORE-SCE-A2,72,0.3910424500147022,317203988496.5692,333845618784.31396,360908314331.4477,368975827343.55255,372627879954.71075
DNP,canesm2_rcp26_r1i1p1,FORE-SCE-B1,72,0.3910424500147022,316225548283.77875,331853898938.3469,359201842096.0974,367122641122.0888,369541017720.31464
DNP,canesm2_rcp26_r1i1p1,GCAM-26,72,0.3910424500147022,349996773555.5425,351169688270.9005,377895985026.1885,377173494756.3315,390760929955.5037
DNP,canesm2_rcp26_r1i1p1,GCAM-45,72,0.3910424500147022,330994881392.514,340447752680.9411,369815746536.1216,367692797032.0632,375919393749.67224
DNP,canesm2_rcp26_r1i1p1,GCAM-ref,72,0.3910424500147022,324430375231.3918,334859992570.9395,364428393699.3648,373476110341.86926,377584052931.8302
DNP,canesm2_rcp26_r1i1p1,LUCAS-BAU_High-0001,72,0.3910424500147022,314562734942.773,326203188073.30664,354633464155.19775,364109542874.296,365417671103.5449
DNP,canesm2_rcp26_r1i1p1,LUCAS-BAU_High-0002,72,0.3910424500147022,315076369827.95044,326649007561.7487,354765245188.83997,364630973751.5692,366099410930.02545
DNP,canesm2_rcp45_r1i1p1,FORE-SCE-A1B,72,0.39577118461714356,59150760934.27836,79863884508.44527,107039603583.24017,65732418481.442314,68670152650.743706
DNP,canesm2_rcp45_r1i1p1,FORE-SCE-A2,72,0.39577118461714356,55651976472.94398,77971290182.45131,102787962084.89626,61347785280.35261,63523432568.02464
DNP,canesm2_rcp45_r1i1p1,FORE-SCE-B1,72,0.39577118461714356,55041301753.54927,75649702421.87732,96625777596.4563,57460420467.77306,59406807887.94978
DNP,canesm2_rcp45_r1i1p1,GCAM-26,72,0.39577118461714356,77918940865.30605,91991197524.68845,122455998488.6374,80617385134.00818,88962995979.15945
DNP,canesm2_rcp45_r1i1p1,GCAM-45,72,0.39577118461714356,68451486120.757904,84903259934.45236,110663999314.5687,68990845115.65912,73420284581.4162
DNP,canesm2_rcp45_r1i1p1,GCAM-ref,72,0.39577118461714356,60478136481.97618,77042320262.08086,104139047663.2671,65788527835.09316,68459678083.22037
DNP,canesm2_rcp45_r1i1p1,LUCAS-BAU_High-0001,72,0.39577118461714356,56722117569.254944,75581524298.52362,98312352476.73737,53238975766.87583,54960239289.06997
DNP,canesm2_rcp45_r1i1p1,LUCAS-BAU_High-0002,72,0.39577118461714356,57045320763.44645,75198460337.25888,97215125576.04317,53889907004.34726,55689981171.08401
DNP,canesm2_rcp85_r1i1p1,FORE-SCE-A1B,72,0.37418404422378615,750680359876.4105,742617408196.341,760635378242.6366,1021703499550.2604,1020423643464.0659
DNP,canesm2_rcp85_r1i1p1,FORE-SCE-A2,72,0.37418404422378615,743475087495.8806,742489550457.4996,762697351999.2793,1016698048769.0355,1014674224207.5819
DNP,canesm2_rcp85_r1i1p1,FORE-SCE-B1,72,0.37418404422378615,733119016049.3221,750255086652.0698,766905634388.7471,1010343479917.2667,1008262566245.4865
DNP,canesm2_rcp85_r1i1p1,GCAM-26,72,0.37418404422378615,794180124133.4551,767750252410.3337,784026817908.9294,1021972140485.3833,1024598947453.4275
DNP,canesm2_rcp85_r1i1p1,GCAM-45,72,0.37418404422378615,774851431408.0388,751824635447.5114,762310833770.0322,1000684011207.4215,1001502531971.5238
DNP,canesm2_rcp85_r1i1p1,GCAM-ref,72,0.37418404422378615,759661958971.4731,737764858726.4,754915036881.2716,1020515672613.518,1019452371405.0594
DNP,canesm2_rcp85_r1i1p1,LUCAS-BAU_High-0001,72,0.37418404422378615,723954229956.5627,739542828216.8962,756088741247.6393,1004026584903.1846,1001780919250.9144
DNP,canesm2_rcp85_r1i1p1,LUCAS-BAU_High-0002,72,0.37418404422378615,725283283028.9785,739932559216.4927,759386287868.5126,1004841869944.5369,1002681827069.1116
DNP,ccsm4_rcp26_r1i1p1,FORE-SCE-A1B,72,0.3872381457452416,90912731645.65039,100829016258.50012,110955764305.57042,146642697890.77716,121195017584.00461
DNP,ccsm4_rcp26_r1i1p1,FORE-SCE-A2,72,0.3872381457452416,91420355972.86601,98255382869.85559,108187073917.67798,142616874837.57745,119688903466.95752
DNP,ccsm4_rcp26_r1i1p1,FORE-SCE-B1,72,0.3872381457452416,88320527813.04169,96031389702.66148,105724507087.89882,139466336721.0448,117587444184.90764
DNP,ccsm4_rcp26_r1i1p1,GCAM-26,72,0.3872381457452416,106809665333.43924,113704424362.2205,125258006468.07068,151199474093.3984,123740170462.9833
DNP,ccsm4_rcp26_r1i1p1,GCAM-45,72,0.3872381457452416,98372212752.04771,106613840215.66855,116985397588.99937,144838913311.25027,115672802684.29428
DNP,ccsm4_rcp26_r1i1p1,GCAM-ref,72,0.3872381457452416,91866321984.91458,99551040722.10251,110680709299.45389,146641409518.66394,120942090111.54955
DNP,ccsm4_rcp26_r1i1p1,LUCAS-BAU_High-0001,72,0.3872381457452416,82734945921.10052,93913038342.17155,104785902225.4304,135808118583.51888,115707417485.7558
DNP,ccsm4_rcp26_r1i1p1,LUCAS-BAU_High-0002,72,0.3872381457452416,83108726598.1986,93859243423.85028,104933682793.73659,136388322171.23148,115970303933.7862
DNP,ccsm4_rcp45_r1i1p1,FORE-SCE-A1B,72,0.4059012992563004,72248024132.58813,82591945220.0982,95665009760.27919,99801147503.83531,102035560858.82225
DNP,ccsm4_rcp45_r1i1p1,FORE-SCE-A2,72,0.4059012992563004,68671088752.841354,80145586157.65677,94756423800.29584,94910116351.10431,96147391285.44278
DNP,ccsm4_rcp45_r1i1p1,FORE-SCE-B1,72,0.4059012992563004,66339777172.144005,78067598499.42035,90762029672.84134,91887111096.26448,92523825958.95639
DNP,ccsm4_rcp45_r1i1p1,GCAM-26,72,0.4059012992563004,87517505390.1301,98857319592.25783,110977677796.1297,108123854220.21234,122406769517.86354
DNP,ccsm4_rcp45_r1i1p1,GCAM-45,72,0.4059012992563004,80625841205.60747,89461918461.37428,104294380220.92653,101215804451.79681,106232277134.28117
DNP,ccsm4_rcp45_r1i1p1,GCAM-ref,72,0.4059012992563004,72738431100.93465,82949511171.52281,97685920144.68939,100704165085.94217,102835561500.3799
DNP,ccsm4_rcp45_r1i1p1,LUCAS-BAU_High-0001,72,0.4059012992563004,66042954965.59462,76974221658.48625,92291284076.08472,88548430822.57391,88649858358.44034
DNP,ccsm4_rcp45_r1i1p1,LUCAS-BAU_High-0002,72,0.4059012992563004,66306379342.47243,77244389765.25801,91715833803.3427,89178324989.12431,89405679747.77911
DNP,ccsm4_rcp60_r1i1p1,FORE-SCE-A1B,72,0.3963157876172088,80059614550.224,92370759971.17743,107823654124.17694,125484103493.59396,138501426543.80032
DNP,ccsm4_rcp60_r1i1p1,FORE-SCE-A2,72,0.3963157876172088,76592580897.63243,93444825056.33446,109362719467.94574,123492273626.31082,133881231435.14462
DNP,ccsm4_rcp60_r1i1p1,FORE-SCE-B1,72,0.3963157876172088,73585127646.14714,92650224990.40457,110029755295.25102,120775843188.97475,130720767226.85487
DNP,ccsm4_rcp60_r1i1p1,GCAM-26,72,0.3963157876172088,93779480092.75102,104682163204.99709,117231803244.5479,143682730613.3723,166669507777.32593
DNP,ccsm4_rcp60_r1i1p1,GCAM-45,72,0.3963157876172088,87192759064.46423,96782263144.30334,112510514614.20435,136924785316.71829,152655732195.1756
DNP,ccsm4_rcp60_r1i1p1,GCAM-ref,72,0.3963157876172088,79652858083.86113,93499579173.64963,110632793384.56482,125084260764.48804,139338147177.51456
DNP,ccsm4_rcp60_r1i1p1,LUCAS-BAU_High-0001,72,0.3963157876172088,80057141095.07668,93034992450.47864,111395762644.16573,118121022140.12582,127447115140.20831
DNP,ccsm4_rcp60_r1i1p1,LUCAS-BAU_High-0002,72,0.3963157876172088,71590700457.71274,90533686018.80095,107805675462.3677,118539481288.15308,128066945770.0689
DNP,ccsm4_rcp85_r1i1p1,FORE-SCE-A1B,72,0.4075133754469799,167723728350.30698,182975614842.69632,204264851199.8322,176924082667.8189,182837788932.93933
DNP,ccsm4_rcp85_r1i1p1,FORE-SCE-A2,72,0.4075133754469799,166886853506.847,181623014005.38794,204609924830.08203,172229383671.41354,176770681488.0095
DNP,ccsm4_rcp85_r1i1p1,FORE-SCE-B1,72,0.4075133754469799,161901931645.15588,180381832059.987,203408909272.94632,167194005961.78488,171248647983.63165
DNP,ccsm4_rcp85_r1i1p1,GCAM-26,72,0.4075133754469799,181853078894.41782,202511273519.0115,224158229507.31473,195124697638.94263,210138169916.9809
DNP,ccsm4_rcp85_r1i1p1,GCAM-45,72,0.4075133754469799,172315289210.07703,191623546779.28842,210538146017.037,181318652367.22018,190033517260.11972
DNP,ccsm4_rcp85_r1i1p1,GCAM-ref,72,0.4075133754469799,166544549811.06702,184039879493.7964,201204639146.69934,176022702126.69995,182314837591.93768
DNP,ccsm4_rcp85_r1i1p1,LUCAS-BAU_High-0001,72,0.4075133754469799,164849802672.22562,177645520894.9582,205363861837.0649,161813908306.38016,165089585836.21414
DNP,ccsm4_rcp85_r1i1p1,LUCAS-BAU_High-0002,72,0.4075133754469799,158286550622.65155,176990254915.81155,203182537784.63434,162696208739.72003,166039585608.35898
DNP,cesm1-bgc_rcp45_r1i1p1,FORE-SCE-A1B,72,0.3811507696646891,110004699378.12984,126042251331.89061,133685432618.31277,163336709543.00302,166774142615.68213
DNP,cesm1-bgc_rcp45_r1i1p1,FORE-SCE-A2,72,0.3811507696646891,110405298899.41914,123707478409.01352,133197766699.0675,159317159409.05005,161757679389.66122
DNP,cesm1-bgc_rcp45_r1i1p1,FORE-SCE-B1,72,0.3811507696646891,106922761337.51083,122987105145.43367,134416874309.91972,155754752115.3363,158130537813.478
DNP,cesm1-bgc_rcp45_r1i1p1,GCAM-26,72,0.3811507696646891,129418652576.38841,142337982844.1962,148153390673.41946,175057403145.42853,183308017802.79797
DNP,cesm1-bgc_rcp45_r1i1p1,GCAM-45,72,0.3811507696646891,119455011794.42914,132680181472.04744,139389454362.22375,164118899429.62296,168225656258.60712
DNP,cesm1-bgc_rcp45_r1i1p1,GCAM-ref,72,0.3811507696646891,110082347155.96521,125591558991.07831,133127159697.40666,163110420793.6977,167014138402.55988
DNP,cesm1-bgc_rcp45_r1i1p1,LUCAS-BAU_High-0001,72,0.3811507696646891,107394663369.5529,120659727272.13017,134025949577.19948,152042191036.8988,154136099718.7406
DNP,cesm1-bgc_rcp45_r1i1p1,LUCAS-BAU_High-0002,72,0.3811507696646891,104832829753.63428,119957654549.0352,132192506020.86584,152649651222.2071,154833071463.45197
DNP,cesm1-bgc_rcp85_r1i1p1,FORE-SCE-A1B,72,0.3747473509912517,137215802678.67186,150615183384.40967,148273502842.7092,244431952914.93082,214963836742.57556
DNP,cesm1-bgc_rcp85_r1i1p1,FORE-SCE-A2,72,0.3747473509912517,138930071937.65347,147971804458.2259,143044647455.5048,239021988905.02292,211455490594.53302
DNP,cesm1-bgc_rcp85_r1i1p1,FORE-SCE-B1,72,0.3747473509912517,134429894810.84743,147486285133.9456,141985439185.04895,234636166555.63184,208502988283.98358
DNP,cesm1-bgc_rcp85_r1i1p1,GCAM-26,72,0.3747473509912517,159287962754.236,170276473770.41263,168611026048.75427,304559407661.48096,237054595839.91837
DNP,cesm1-bgc_rcp85_r1i1p1,GCAM-45,72,0.3747473509912517,145491843411.1738,159600737069.48593,156981922422.96893,289336406953.49536,228027434970.12076
DNP,cesm1-bgc_rcp85_r1i1p1,GCAM-ref,72,0.3747473509912517,136563706352.92906,150498433627.68912,148001115579.14038,243995001457.67493,214779311845.58878
DNP,cesm1-bgc_rcp85_r1i1p1,LUCAS-BAU_High-0001,72,0.3747473509912517,128966022556.50308,144717140802.33844,140816605277.7886,229262187991.53223,204881901245.9681
DNP,cesm1-bgc_rcp85_r1i1p1,LUCAS-BAU_High-0002,72,0.3747473509912517,129826654831.47995,144360374899.87943,140811359828.81546,230076449380.38965,205402481733.7365
DNP,cesm1-cam5_rcp26_r1i1p1,FORE-SCE-A1B,72,0.38765072796459193,117334963474.93712,123339595693.27657,142243185818.7061,145431400575.2246,146012381363.06744
DNP,cesm1-cam5_rcp26_r1i1p1,FORE-SCE-A2,72,0.38765072796459193,113195608901.15338,120783280514.35162,141094361670.5104,141777754063.06412,142155158628.3458
DNP,cesm1-cam5_rcp26_r1i1p1,FORE-SCE-B1,72,0.38765072796459193,110178832298.35915,118249971042.72275,137469824346.83096,138700556740.67102,138987373848.3942
DNP,cesm1-cam5_rcp26_r1i1p1,GCAM-26,72,0.38765072796459193,135665875463.70554,140673219060.15656,160868894435.11758,155576714896.53256,158469203825.0481
DNP,cesm1-cam5_rcp26_r1i1p1,GCAM-45,72,0.38765072796459193,123106410371.04239,129990565866.7297,150281198245.6397,144848397944.22205,145955149578.90997
DNP,cesm1-cam5_rcp26_r1i1p1,GCAM-ref,72,0.38765072796459193,115510447496.38205,122701064301.01385,142138493516.35626,145239159931.42026,145880568090.65213
DNP,cesm1-cam5_rcp26_r1i1p1,LUCAS-BAU_High-0001,72,0.38765072796459193,109521854077.09125,115603849629.94519,135652557654.16295,135745553039.84143,136039183620.47165
DNP,cesm1-cam5_rcp26_r1i1p1,LUCAS-BAU_High-0002,72,0.38765072796459193,108125637231.20374,115743913710.52335,135077502312.29453,136258653513.61923,136559603040.48413
DNP,cesm1-cam5_rcp45_r1i1p1,FORE-SCE-A1B,72,0.40925196988488766,66403259619.34084,75071657167.31409,82172991150.88043,60226082391.71827,75447940059.67694
DNP,cesm1-cam5_rcp45_r1i1p1,FORE-SCE-A2,72,0.40925196988488766,63365035742.46843,70941249203.96858,78392810313.59116,55993602334.32057,69217330082.68285
DNP,cesm1-cam5_rcp45_r1i1p1,FORE-SCE-B1,72,0.40925196988488766,62478476250.2172,68332317003.94116,76427145863.39017,53473373702.06903,65500262682.53006
DNP,cesm1-cam5_rcp45_r1i1p1,GCAM-26,72,0.40925196988488766,85064693152.01045,89319032763.46056,95883600656.67035,75074088384.42853,102911007312.05743
DNP,cesm1-cam5_rcp45_r1i1p1,GCAM-45,72,0.40925196988488766,72649650905.47852,80377721029.74316,87480479288.38051,66579910651.62999,85638077946.12463
DNP,cesm1-cam5_rcp45_r1i1p1,GCAM-ref,72,0.40925196988488766,66869613006.358154,73148766637.85011,80526586700.4379,61018754177.08243,76171809120.12689
DNP,cesm1-cam5_rcp45_r1i1p1,LUCAS-BAU_High-0001,72,0.40925196988488766,60852782169.993706,65781180926.759575,77199296136.06018,50090667034.523964,60617449355.35437
DNP,cesm1-cam5_rcp45_r1i1p1,LUCAS-BAU_High-0002,72,0.40925196988488766,61425034595.06714,66367243384.05685,77753725421.05437,50659423658.34822,61489457673.5588
DNP,cesm1-cam5_rcp60_r1i1p1,FORE-SCE-A1B,72,0.39811548059149093,175170050594.49866,175680831427.83643,187844164077.25067,206511904708.61066,208709149057.7565
DNP,cesm1-cam5_rcp60_r1i1p1,FORE-SCE-A2,72,0.39811548059149093,175854606438.3511,170775502069.30704,184363418182.65353,202414855419.0254,203965827514.06702
DNP,cesm1-cam5_rcp60_r1i1p1,FORE-SCE-B1,72,0.39811548059149093,172776030218.2332,167537354159.46005,183311573886.42737,199763275405.7452,199725604602.108
DNP,cesm1-cam5_rcp60_r1i1p1,GCAM-26,72,0.39811548059149093,194821371076.5457,198920235433.0803,206476225042.52536,217705437632.2045,231510716484.57837
DNP,cesm1-cam5_rcp60_r1i1p1,GCAM-45,72,0.39811548059149093,181406984203.9265,184939848395.24017,196744429856.5854,208216284684.95947,214213977321.83273
DNP,cesm1-cam5_rcp60_r1i1p1,GCAM-ref,72,0.39811548059149093,175410038350.69626,176211308908.83072,190667526752.45847,207474023634.53308,208732509628.98016
DNP,cesm1-cam5_rcp60_r1i1p1,LUCAS-BAU_High-0001,72,0.39811548059149093,170203843274.41418,163412534057.40305,179884291621.55136,195664790592.8233,194941663320.36273
DNP,cesm1-cam5_rcp60_r1i1p1,LUCAS-BAU_High-0002,72,0.39811548059149093,169452021176.30417,164510164516.0762,180652751949.91507,196304792657.1839,195680256317.5267
DNP,cesm1-cam5_rcp85_r1i1p1,FORE-SCE-A1B,72,0.3875015067550356,276942443139.73114,302014342490.56445,284369590465.6524,405040114809.7313,405094004299.6051
DNP,cesm1-cam5_rcp85_r1i1p1,FORE-SCE-A2,72,0.3875015067550356,270324880514.39792,301560755584.0474,285174086332.844,398931206540.4834,398979488760.5442
DNP,cesm1-cam5_rcp85_r1i1p1,FORE-SCE-B1,72,0.3875015067550356,263830218390.9016,298872322598.5396,283245182722.28705,393662053770.2901,393662053770.2901
DNP,cesm1-cam5_rcp85_r1i1p1,GCAM-26,72,0.3875015067550356,303098761662.45197,324770351434.84717,314726139133.3861,416523600362.1927,418434092858.05396
DNP,cesm1-cam5_rcp85_r1i1p1,GCAM-45,72,0.3875015067550356,287246964301.9585,310600931216.6327,298287627897.209,396907375438.7739,397324156884.40247
DNP,cesm1-cam5_rcp85_r1i1p1,GCAM-ref,72,0.3875015067550356,273384861987.92297,299524397478.02124,285733671987.36926,404621580425.0207,404662873696.7577
DNP,cesm1-cam5_rcp85_r1i1p1,LUCAS-BAU_High-0001,72,0.3875015067550356,256410407373.94562,295095301977.3959,280551579960.826,387429516300.5175,387429516300.5175
DNP,cesm1-cam5_rcp85_r1i1p1,LUCAS-BAU_High-0002,72,0.3875015067550356,257528287946.64926,295457596274.66974,281605219631.1645,388414338903.68414,388414338903.68414
DNP,cmcc-cm_rcp45_r1i1p1,FORE-SCE-A1B,72,0.447703773090641,33028114234.452164,36610825499.11452,36030497273.08288,42322888237.13336,58937052954.040764
DNP,cmcc-cm_rcp45_r1i1p1,FORE-SCE-A2,72,0.447703773090641,29848779777.94477,32625465821.301514,33829205735.60426,39159979570.301865,52422400270.10039
DNP,cmcc-cm_rcp45_r1i1p1,FORE-SCE-B1,72,0.447703773090641,27693189120.344807,29335792764.31552,30292490327.84314,36058573224.0892,47722243337.72871
DNP,cmcc-cm_rcp45_r1i1p1,GCAM-26,72,0.447703773090641,56105092033.03674,57238552861.13005,52995145016.08743,58253086494.94739,91846972481.22232
DNP,cmcc-cm_rcp45_r1i1p1,GCAM-45,72,0.447703773090641,45247984850.525085,44495528473.316444,43552437454.747444,49994506304.91756,71727363732.75002
DNP,cmcc-cm_rcp45_r1i1p1,GCAM-ref,72,0.447703773090641,32814013153.7538,36360732500.30143,36155721107.66079,42686628448.80879,58932547605.3486
DNP,cmcc-cm_rcp45_r1i1p1,LUCAS-BAU_High-0001,72,0.447703773090641,24949509213.25508,26148727535.9226,28105898957.344467,34191729311.855087,42260385030.18778
DNP,cmcc-cm_rcp45_r1i1p1,LUCAS-BAU_High-0002,72,0.447703773090641,25380538138.44733,26688486201.420036,28515737818.91916,34575814487.81414,43167107254.11955
DNP,cmcc-cm_rcp85_r1i1p1,FORE-SCE-A1B,72,0.41632970203557107,46501623065.36093,45091482149.672264,40677394780.214645,40346487746.863464,68646490791.09029
DNP,cmcc-cm_rcp85_r1i1p1,FORE-SCE-A2,72,0.41632970203557107,43529405986.67331,41108562989.02367,37552421034.83936,37004010535.95032,62409743519.00364
DNP,cmcc-cm_rcp85_r1i1p1,FORE-SCE-B1,72,0.41632970203557107,40943112378.532265,37056722951.962776,34386920489.68087,33343497328.12483,56420323206.99071
DNP,cmcc-cm_rcp85_r1i1p1,GCAM-26,72,0.41632970203557107,63749754620.814865,64593602933.387596,60352768651.45015,61511439273.15772,104837145369.31816
DNP,cmcc-cm_rcp85_r1i1p1,GCAM-45,72,0.41632970203557107,51202507138.72242,53499752137.42729,48259344881.90085,49942678493.28118,82919718606.6719
DNP,cmcc-cm_rcp85_r1i1p1,GCAM-ref,72,0.41632970203557107,43654318067.79479,44158967201.56306,39230860917.37911,39609778646.974236,67996609311.59594
DNP,cmcc-cm_rcp85_r1i1p1,LUCAS-BAU_High-0001,72,0.41632970203557107,37521052333.67881,33270405000.228592,30046647732.289158,29226678515.690403,50012185810.16656
DNP,cmcc-cm_rcp85_r1i1p1,LUCAS-BAU_High-0002,72,0.41632970203557107,37970323179.335526,33573512411.066883,30901181026.00949,29833472924.98001,50963596918.637085
DNP,cnrm-cm5_rcp45_r1i1p1,FORE-SCE-A1B,72,0.3641048198732435,130807581170.91576,159592589710.82538,157342645869.25577,229730205860.5432,229424387793.88452
DNP,cnrm-cm5_rcp45_r1i1p1,FORE-SCE-A2,72,0.3641048198732435,128065110621.50484,161693723521.70956,158829129248.90033,226759558650.8967,226430813281.9187
DNP,cnrm-cm5_rcp45_r1i1p1,FORE-SCE-B1,72,0.3641048198732435,126872179805.21466,160027651750.77084,156461066718.16995,222948971878.60742,222948971878.60742
DNP,cnrm-cm5_rcp45_r1i1p1,GCAM-26,72,0.3641048198732435,147269403831.9983,172076658380.47778,178670851094.29367,230492203007.22638,230686648177.2226
DNP,cnrm-cm5_rcp45_r1i1p1,GCAM-45,72,0.3641048198732435,136734636736.40593,165643887394.09158,166739241108.66922,217277246047.96826,217202917946.82422
DNP,cnrm-cm5_rcp45_r1i1p1,GCAM-ref,72,0.3641048198732435,131682366004.79956,158393094394.7472,156533669568.79745,229321542103.4992,229011988509.51837
DNP,cnrm-cm5_rcp45_r1i1p1,LUCAS-BAU_High-0001,72,0.3641048198732435,125326565912.26595,157897229444.4237,154700465145.07346,219239675470.2651,219239675470.2651
DNP,cnrm-cm5_rcp45_r1i1p1,LUCAS-BAU_High-0002,72,0.3641048198732435,123424740114.15341,158071921450.21127,153181020817.2236,219715754550.9642,219715754550.9642
DNP,cnrm-cm5_rcp85_r1i1p1,FORE-SCE-A1B,72,0.37477037466891056,399051316620.9819,403796101523.2704,397355448789.3006,668204268719.0503,668525237457.6299
DNP,cnrm-cm5_rcp85_r1i1p1,FORE-SCE-A2,72,0.37477037466891056,392481298415.1898,406362150692.30304,397561326068.8412,662115280917.5778,662430232177.2902
DNP,cnrm-cm5_rcp85_r1i1p1,FORE-SCE-B1,72,0.37477037466891056,384836408500.4174,408068612787.30304,398706977818.053,655343742513.2515,655621337901.117
DNP,cnrm-cm5_rcp85_r1i1p1,GCAM-26,72,0.37477037466891056,430724137821.0615,424717761561.51337,422287283598.3693,713619125187.1733,714425840425.4806
DNP,cnrm-cm5_rcp85_r1i1p1,GCAM-45,72,0.37477037466891056,412219215766.7832,412783596975.4228,403252055552.54535,690783430617.4811,691214186008.2955
DNP,cnrm-cm5_rcp85_r1i1p1,GCAM-ref,72,0.37477037466891056,397034577297.06226,402492670719.25836,395434380803.5203,665703318468.5896,666089689228.018
DNP,cnrm-cm5_rcp85_r1i1p1,LUCAS-BAU_High-0001,72,0.37477037466891056,376158543898.28186,404341297359.6985,397356894401.99756,647029486546.418,647329401135.122
DNP,cnrm-cm5_rcp85_r1i1p1,LUCAS-BAU_High-0002,72,0.37477037466891056,377087433867.37823,404782100518.24066,396766576509.99384,648095347567.1224,648396838837.0983
DNP,csiro-mk3-6-0_rcp26_r1i1p1,FORE-SCE-A1B,72,0.42407605003094634,122150235532.37575,144457226118.3398,154282895303.25674,158518059480.0434,165494853651.98395
DNP,csiro-mk3-6-0_rcp26_r1i1p1,FORE-SCE-A2,72,0.42407605003094634,117905087322.16856,140466305963.04492,150027205635.0866,153933347956.3694,159440945998.126
DNP,csiro-mk3-6-0_rcp26_r1i1p1,FORE-SCE-B1,72,0.42407605003094634,116982563116.8858,138489264087.5836,147204543634.32782,150531669562.05402,155278042160.57214
DNP,csiro-mk3-6-0_rcp26_r1i1p1,GCAM-26,72,0.42407605003094634,144858249119.35513,161495443766.6855,172290287673.5382,168647439821.57376,186063081347.8798
DNP,csiro-mk3-6-0_rcp26_r1i1p1,GCAM-45,72,0.42407605003094634,132767525439.83153,149993202549.62958,158749847012.87985,158264215205.1185,168035044176.12433
DNP,csiro-mk3-6-0_rcp26_r1i1p1,GCAM-ref,72,0.42407605003094634,121453207592.71385,141593763911.14273,149773706179.4336,158527109893.46054,165870112749.11166
DNP,csiro-mk3-6-0_rcp26_r1i1p1,LUCAS-BAU_High-0001,72,0.42407605003094634,117795821368.29979,135483259262.8761,143154036116.9922,146354135719.07056,150295978957.12628
DNP,csiro-mk3-6-0_rcp26_r1i1p1,LUCAS-BAU_High-0002,72,0.42407605003094634,117639213743.0915,135936716993.23993,143482474236.25525,147047656362.14554,151204501245.04065
DNP,csiro-mk3-6-0_rcp45_r1i1p1,FORE-SCE-A1B,72,0.43249392366334805,52801698363.21979,58987694678.386925,57818691256.2118,90713472415.84306,56141650980.85862
DNP,csiro-mk3-6-0_rcp45_r1i1p1,FORE-SCE-A2,72,0.43249392366334805,51956392346.84971,56026579034.531075,55761214087.54627,87226616789.13712,52696861555.11447
DNP,csiro-mk3-6-0_rcp45_r1i1p1,FORE-SCE-B1,72,0.43249392366334805,55794621965.20482,55156623235.597885,56444699626.263245,85718000802.45229,51258395048.774506
DNP,csiro-mk3-6-0_rcp45_r1i1p1,GCAM-26,72,0.43249392366334805,61954594453.10418,70609900596.48091,69851258247.34966,77153097858.8092,63035326312.085495
DNP,csiro-mk3-6-0_rcp45_r1i1p1,GCAM-45,72,0.43249392366334805,59456189848.26729,62032908085.60965,60772334740.73809,82246392238.83221,51935430469.291794
DNP,csiro-mk3-6-0_rcp45_r1i1p1,GCAM-ref,72,0.43249392366334805,58388198179.72712,58240018885.508766,57149259147.826515,90448323837.87866,57005649093.72413
DNP,csiro-mk3-6-0_rcp45_r1i1p1,LUCAS-BAU_High-0001,72,0.43249392366334805,54024772059.084595,53675691301.836044,53887337530.48886,83803977798.2226,49247660632.76285
DNP,csiro-mk3-6-0_rcp45_r1i1p1,LUCAS-BAU_High-0002,72,0.43249392366334805,54433373892.015724,53164975064.81011,54833921476.40121,84370319654.52063,49676150495.05369
DNP,csiro-mk3-6-0_rcp60_r1i1p1,FORE-SCE-A1B,72,0.4171911298079625,49545513549.31446,53755491704.397415,58182104773.289375,74111699046.69536,45711056870.14927
DNP,csiro-mk3-6-0_rcp60_r1i1p1,FORE-SCE-A2,72,0.4171911298079625,45763297133.818665,50804761835.17944,56693834131.55603,70446475759.3905,41873276796.10504
DNP,csiro-mk3-6-0_rcp60_r1i1p1,FORE-SCE-B1,72,0.4171911298079625,44051240717.014694,47428023577.09845,54185855528.83927,67572851293.87459,39123838236.33173
DNP,csiro-mk3-6-0_rcp60_r1i1p1,GCAM-26,72,0.4171911298079625,67944279459.12325,71871507191.26624,74621642665.6341,92827065191.59749,66647918889.91484
DNP,csiro-mk3-6-0_rcp60_r1i1p1,GCAM-45,72,0.4171911298079625,56632678779.95061,61412360666.589325,65295052398.205986,84387290339.03902,54489273275.88182
DNP,csiro-mk3-6-0_rcp60_r1i1p1,GCAM-ref,72,0.4171911298079625,50063464431.506935,53477619135.158775,56787346451.67008,73813698840.05272,45756452730.79804
DNP,csiro-mk3-6-0_rcp60_r1i1p1,LUCAS-BAU_High-0001,72,0.4171911298079625,43465400200.17306,44801455564.47875,53260397038.3044,63746066973.32227,36077479591.48946
DNP,csiro-mk3-6-0_rcp60_r1i1p1,LUCAS-BAU_High-0002,72,0.4171911298079625,43873647906.832565,45022465895.58071,53178462073.18053,64291227218.1441,36594899838.38221
DNP,csiro-mk3-6-0_rcp85_r1i1p1,FORE-SCE-A1B,72,0.4111838846824468,148152588421.37622,178896688700.94556,178476133802.23956,242704904312.24292,247202651101.98822
DNP,csiro-mk3-6-0_rcp85_r1i1p1,FORE-SCE-A2,72,0.4111838846824468,150837709705.96854,180331460289.78125,181934899245.62805,239420170286.30844,241968868804.74323
DNP,csiro-mk3-6-0_rcp85_r1i1p1,FORE-SCE-B1,72,0.4111838846824468,151322153893.44803,181488427960.2905,180812818537.63397,237189436579.87457,237883323592.86615
DNP,csiro-mk3-6-0_rcp85_r1i1p1,GCAM-26,72,0.4111838846824468,167392335025.0602,195399543313.5329,191340870966.2848,241645957796.25616,258452898771.40588
DNP,csiro-mk3-6-0_rcp85_r1i1p1,GCAM-45,72,0.4111838846824468,154767583343.4082,186300151254.33548,189753534195.0935,231389651494.87466,240269003161.423
DNP,csiro-mk3-6-0_rcp85_r1i1p1,GCAM-ref,72,0.4111838846824468,147469677404.67093,180470970085.03287,179106348349.55338,242795149109.00885,247824271798.5417
DNP,csiro-mk3-6-0_rcp85_r1i1p1,LUCAS-BAU_High-0001,72,0.4111838846824468,151273265433.96213,177855560496.68973,184126012672.77335,233500404285.94736,233057735956.75452
DNP,csiro-mk3-6-0_rcp85_r1i1p1,LUCAS-BAU_High-0002,72,0.4111838846824468,147854849332.82098,177745386768.5353,177021592007.8974,234167921334.5043,233800211802.81287
DNP,fgoals-g2_rcp26_r1i1p1,FORE-SCE-A1B,72,0.40295660870659966,45723885681.0155,47572451998.7505,49180552447.84909,50846970323.24677,42300928704.68605
DNP,fgoals-g2_rcp26_r1i1p1,FORE-SCE-A2,72,0.40295660870659966,46015437842.76491,44835994385.00721,46330979576.87663,48086311904.93993,39510483602.79896
DNP,fgoals-g2_rcp26_r1i1p1,FORE-SCE-B1,72,0.40295660870659966,45542063707.30951,42956843602.10398,44813122904.275856,46632201888.449265,37762236857.896164
DNP,fgoals-g2_rcp26_r1i1p1,GCAM-26,72,0.40295660870659966,54760038397.11707,58531833776.47083,59002226976.71489,70266754615.1903,57829498077.79225
DNP,fgoals-g2_rcp26_r1i1p1,GCAM-45,72,0.40295660870659966,46747957271.52571,51656858376.43734,53116919004.97127,64211963143.10762,48991132955.57207
DNP,fgoals-g2_rcp26_r1i1p1,GCAM-ref,72,0.40295660870659966,42038661794.65525,46118738809.34266,47668721505.10828,50550692390.76439,42483819138.364235
DNP,fgoals-g2_rcp26_r1i1p1,LUCAS-BAU_High-0001,72,0.40295660870659966,43406800889.78042,40564621125.71562,43080909370.26073,44450087851.10086,35738280338.53386
DNP,fgoals-g2_rcp26_r1i1p1,LUCAS-BAU_High-0002,72,0.40295660870659966,43553140016.86665,40955945686.25811,43429714539.03118,44786023767.573044,36099573909.25058
EXC,access1-0_rcp45_r1i1p1,FORE-SCE-A1B,72,0.6902266697865436,5677222136.672291,4944480091.658076,5317399057.454523,11664811825.099962,10006320814.92564
EXC,access1-0_rcp45_r1i1p1,FORE-SCE-A2,72,0.6902266697865436,4874783567.7170925,4166353891.809847,4428622793.226887,11042891462.412558,10372328944.704922
EXC,access1-0_rcp45_r1i1p1,FORE-SCE-B1,72,0.6902266697865436,4181378034.446763,3374104568.491498,4264997465.7399163,10466442310.163399,10004520528.853996
EXC,access1-0_rcp45_r1i1p1,GCAM-26,72,0.6902266697865436,11494179862.829945,10879805180.207432,10253523159.08011,15856135218.818062,12288104833.503834
EXC,access1-0_rcp45_r1i1p1,GCAM-45,72,0.6902266697865436,7817395022.219448,7119987701.297701,6710158367.54409,12115516987.272469,9922544292.3646
EXC,access1-0_rcp45_r1i1p1,GCAM-ref,72,0.6902266697865436,5465349962.136143,4728147336.802271,5636342741.955542,11432013592.857141,9466972865.550756
EXC,access1-0_rcp45_r1i1p1,LUCAS-BAU_High-0001,72,0.6902266697865436,3319286907.814428,2623838394.714215,3170703050.767277,9455903502.446302,9780095404.838257
EXC,access1-0_rcp45_r1i1p1,LUCAS-BAU_High-0002,72,0.6902266697865436,3441659874.47839,2726593655.88929,3258210877.9727135,9609513925.991394,9840085971.347132
EXC,access1-0_rcp85_r1i1p1,FORE-SCE-A1B,72,0.675009810034429,9824330568.699184,8943329027.665632,7975961164.578147,8280510650.67477,8789973209.748867
EXC,access1-0_rcp85_r1i1p1,FORE-SCE-A2,72,0.675009810034429,8249870527.85918,7398131960.995302,6548176426.315707,6824695988.086476,7199249900.914151
EXC,access1-0_rcp85_r1i1p1,FORE-SCE-B1,72,0.675009810034429,7228086546.197703,6331169327.65443,5550044084.967392,5949444567.618987,6140895890.510236
EXC,access1-0_rcp85_r1i1p1,GCAM-26,72,0.675009810034429,19146367449.544674,18243633910.512875,16855374132.55952,16762632069.575006,17816993423.26841
EXC,access1-0_rcp85_r1i1p1,GCAM-45,72,0.675009810034429,13291463221.73831,12365180007.991606,11142477338.351192,11071723371.667461,11977074366.64358
EXC,access1-0_rcp85_r1i1p1,GCAM-ref,72,0.675009810034429,9944905296.178188,9014351929.397772,8047067647.050942,8332487044.098308,8880275451.490585
EXC,access1-0_rcp85_r1i1p1,LUCAS-BAU_High-0001,72,0.675009810034429,5908774836.717352,5067330709.956314,4284359119.5477295,4530421324.981335,4777158180.969316
EXC,access1-0_rcp85_r1i1p1,LUCAS-BAU_High-0002,72,0.675009810034429,6121559828.370184,5265228632.274857,4496402473.586916,4746064041.5683565,4989495472.3491335
EXC,bcc-csm1-1-m_rcp45_r1i1p1,FORE-SCE-A1B,72,0.6656927302209302,7343394071.484701,6583121932.790609,5652906558.725512,6682595430.020137,7900773891.82099
EXC,bcc-csm1-1-m_rcp45_r1i1p1,FORE-SCE-A2,72,0.6656927302209302,6329133775.613198,5654761816.910265,4770030822.447355,5644359484.722502,6667720957.55073
EXC,bcc-csm1-1-m_rcp45_r1i1p1,FORE-SCE-B1,72,0.6656927302209302,5526299172.312488,4864499962.663526,4064771930.0451365,4821340745.288464,5667650647.842634
EXC,bcc-csm1-1-m_rcp45_r1i1p1,GCAM-26,72,0.6656927302209302,13736497317.885336,12864817184.991646,11452948876.062382,12194187968.533035,14209667222.824188
EXC,bcc-csm1-1-m_rcp45_r1i1p1,GCAM-45,72,0.6656927302209302,9765710969.387379,8836600747.28253,7798061328.979131,8711700040.002615,9843966462.33759
EXC,bcc-csm1-1-m_rcp45_r1i1p1,GCAM-ref,72,0.6656927302209302,7279964414.795367,6465626785.510098,5634396045.351395,6633679544.78161,7837491634.794836
EXC,bcc-csm1-1-m_rcp45_r1i1p1,LUCAS-BAU_High-0001,72,0.6656927302209302,4704819224.333582,4078769137.483606,3250341147.095064,3739484392.6107597,4553173514.435551
EXC,bcc-csm1-1-m_rcp45_r1i1p1,LUCAS-BAU_High-0002,72,0.6656927302209302,4841815185.855727,4183851421.3362994,3351140381.7904534,3914893648.067573,4707051217.223025
EXC,bcc-csm1-1-m_rcp85_r1i1p1,FORE-SCE-A1B,72,0.53833962712317,13078387904.82777,9678572330.60234,9757911375.164852,12508228925.157206,13889882644.376373
EXC,bcc-csm1-1-m_rcp85_r1i1p1,FORE-SCE-A2,72,0.53833962712317,12021921820.920078,8657564410.373594,8780095952.322731,11982686118.035105,13369108038.84435
EXC,bcc-csm1-1-m_rcp85_r1i1p1,FORE-SCE-B1,72,0.53833962712317,11187039315.774014,7640903873.540137,7801018957.194754,11114395308.506466,12616781255.24901
EXC,bcc-csm1-1-m_rcp85_r1i1p1,GCAM-26,72,0.53833962712317,18200410050.528915,16404033385.168396,15901555213.124456,18808754172.86655,19176145647.18919
EXC,bcc-csm1-1-m_rcp85_r1i1p1,GCAM-45,72,0.53833962712317,14887933923.05882,12284091451.082706,12158762036.475388,14406914786.32176,15876433410.683128
EXC,bcc-csm1-1-m_rcp85_r1i1p1,GCAM-ref,72,0.53833962712317,12751888994.806425,9400676685.372726,9465857862.468458,12075178872.965965,13684086531.21585
EXC,bcc-csm1-1-m_rcp85_r1i1p1,LUCAS-BAU_High-0001,72,0.53833962712317,9978158285.043968,6440606896.127127,6591604372.118964,10206609357.937332,11864504205.040745
EXC,bcc-csm1-1-m_rcp85_r1i1p1,LUCAS-BAU_High-0002,72,0.53833962712317,10067501284.872059,6584156517.898063,6715149840.042323,10234400790.343685,11926419327.768383
EXC,bcc-csm1-1_rcp26_r1i1p1,FORE-SCE-A1B,72,0.7068105738192718,12390437455.373505,13649291787.61015,14277875340.15961,13114111314.6317,12320187830.572924
EXC,bcc-csm1-1_rcp26_r1i1p1,FORE-SCE-A2,72,0.7068105738192718,10525621427.572649,11957090758.565498,12579073624.553587,11396911498.366106,10429985673.512548
EXC,bcc-csm1-1_rcp26_r1i1p1,FORE-SCE-B1,72,0.7068105738192718,9214658413.992073,10520336188.319767,11327329026.405031,9560536334.049736,9117707412.767141
EXC,bcc-csm1-1_rcp26_r1i1p1,GCAM-26,72,0.7068105738192718,22175847606.758694,22173198046.45638,23930685816.676506,24778234203.25416,22361268337.688072
EXC,bcc-csm1-1_rcp26_r1i1p1,GCAM-45,72,0.7068105738192718,16193552390.381325,16166162531.434536,18018209879.766163,18689758214.371475,16179047618.948393
EXC,bcc-csm1-1_rcp26_r1i1p1,GCAM-ref,72,0.7068105738192718,12407220826.131025,13702347054.086967,14339119149.133139,13138555339.649256,12383990329.500587
EXC,bcc-csm1-1_rcp26_r1i1p1,LUCAS-BAU_High-0001,72,0.7068105738192718,7921698149.474084,9541410633.19767,10274444441.47801,8350488835.624124,7890725732.229411
EXC,bcc-csm1-1_rcp26_r1i1p1,LUCAS-BAU_High-0002,72,0.7068105738192718,8154489249.048296,9747289363.21847,10473554025.242855,8605900921.767658,8117667389.265527
EXC,bcc-csm1-1_rcp45_r1i1p1,FORE-SCE-A1B,72,0.6363033688773868,10074292951.359484,9054575875.084572,7547930175.189744,7755749598.56757,7900137063.817072
EXC,bcc-csm1-1_rcp45_r1i1p1,FORE-SCE-A2,72,0.6363033688773868,8806821101.695454,7732331275.465321,6228251279.897042,6371046844.883547,6497095235.368732
EXC,bcc-csm1-1_rcp45_r1i1p1,FORE-SCE-B1,72,0.6363033688773868,7748034408.614735,6739464882.29407,5300758561.451211,5419943442.737589,5485707571.231494
EXC,bcc-csm1-1_rcp45_r1i1p1,GCAM-26,72,0.6363033688773868,17707140873.753704,16892602716.307707,14869658604.93889,15355699433.606209,15656513562.876896
EXC,bcc-csm1-1_rcp45_r1i1p1,GCAM-45,72,0.6363033688773868,12869429232.485996,12052984375.345003,10274123412.12088,10499822081.223412,10692071862.330961
EXC,bcc-csm1-1_rcp45_r1i1p1,GCAM-ref,72,0.6363033688773868,9982969255.991875,9003641417.379347,7526724617.32091,7788532934.51832,7952230360.954964
EXC,bcc-csm1-1_rcp45_r1i1p1,LUCAS-BAU_High-0001,72,0.6363033688773868,6831517136.713865,5842893192.8996525,4401824128.34551,4441012618.837399,4530674524.582926
EXC,bcc-csm1-1_rcp45_r1i1p1,LUCAS-BAU_High-0002,72,0.6363033688773868,7017751593.136354,6010410082.951356,4556010215.803488,4621766143.667407,4695515661.502811
EXC,bcc-csm1-1_rcp60_r1i1p1,FORE-SCE-A1B,72,0.6249945289919542,8375340887.552758,7242181824.335502,5826906667.045038,6095626217.521565,6216379655.987861
EXC,bcc-csm1-1_rcp60_r1i1p1,FORE-SCE-A2,72,0.6249945289919542,7160477924.425882,6124048077.324413,4739690030.3663225,5237759577.046479,5299772196.656787
EXC,bcc-csm1-1_rcp60_r1i1p1,FORE-SCE-B1,72,0.6249945289919542,6474050560.983315,5334716129.9787655,4034145089.340089,4542934532.037167,4526957244.430391
EXC,bcc-csm1-1_rcp60_r1i1p1,GCAM-26,72,0.6249945289919542,15108742242.128242,14168776492.404392,12298969704.116365,14503867985.358793,12792879734.299324
EXC,bcc-csm1-1_rcp60_r1i1p1,GCAM-45,72,0.6249945289919542,10923185189.959656,9917798991.59666,8197905008.434327,8413367952.625467,8593726385.149723
EXC,bcc-csm1-1_rcp60_r1i1p1,GCAM-ref,72,0.6249945289919542,8557990915.342752,7426089072.710111,6053912307.800274,6288805763.921169,6403115870.978387
EXC,bcc-csm1-1_rcp60_r1i1p1,LUCAS-BAU_High-0001,72,0.6249945289919542,5728314613.032261,4644006723.739353,3425757543.618892,3914152316.9177656,3858634138.2811794
EXC,bcc-csm1-1_rcp60_r1i1p1,LUCAS-BAU_High-0002,72,0.6249945289919542,5904275584.60601,4774881044.560987,3536355139.403577,4037844665.2019053,3963033315.219211
EXC,bcc-csm1-1_rcp85_r1i1p1,FORE-SCE-A1B,72,0.6110789539346791,17186836507.57306,15515211852.567593,16357306178.116577,40467795923.54577,26821726412.535027
EXC,bcc-csm1-1_rcp85_r1i1p1,FORE-SCE-A2,72,0.6110789539346791,16081407934.82048,14488008915.943346,15774011078.560196,38940664627.34954,26579964688.298775
EXC,bcc-csm1-1_rcp85_r1i1p1,FORE-SCE-B1,72,0.6110789539346791,14631418355.324669,13143955169.701656,14532154829.928255,37781240556.835266,25562718871.38716
EXC,bcc-csm1-1_rcp85_r1i1p1,GCAM-26,72,0.6110789539346791,23379318482.32399,23743661008.25617,24757139211.723907,49235407658.43805,32802674306.416412
EXC,bcc-csm1-1_rcp85_r1i1p1,GCAM-45,72,0.6110789539346791,20309989060.17715,18600282113.276638,19912419210.426308,45066728625.23521,29447302395.172733
EXC,bcc-csm1-1_rcp85_r1i1p1,GCAM-ref,72,0.6110789539346791,16838890886.306803,15164718804.454952,16581693135.96262,40941028188.807686,26320447343.54293
EXC,bcc-csm1-1_rcp85_r1i1p1,LUCAS-BAU_High-0001,72,0.6110789539346791,12694281218.384806,12218185905.801592,13517925626.171667,36194416892.05498,24999748435.109352
EXC,bcc-csm1-1_rcp85_r1i1p1,LUCAS-BAU_High-0002,72,0.6110789539346791,12954062099.974308,12348537051.577301,13595480442.489113,36292892479.74034,25017527385.728622
EXC,canesm2_rcp26_r1i1p1,FORE-SCE-A1B,72,0.5698591150484685,15456435002.006538,14866876247.632988,21615633653.465317,11305820610.823965,17441649451.98838
EXC,canesm2_rcp26_r1i1p1,FORE-SCE-A2,72,0.5698591150484685,13720630072.339588,13708652904.666487,20302391512.95265,9881082846.873524,15506615334.138708
EXC,canesm2_rcp26_r1i1p1,FORE-SCE-B1,72,0.5698591150484685,13109235894.51312,12993348847.991066,19586682918.979153,9214357446.272182,14269645871.476305
EXC,canesm2_rcp26_r1i1p1,GCAM-26,72,0.5698591150484685,22212509509.032597,21452010451.08917,26491620943.04583,18157294073.091286,26402772060.666065
EXC,canesm2_rcp26_r1i1p1,GCAM-45,72,0.5698591150484685,18047759259.91848,17583515789.090046,23611073356.38368,13596176488.681284,20654577334.215233
EXC,canesm2_rcp26_r1i1p1,GCAM-ref,72,0.5698591150484685,15674044208.841873,15071416291.828705,21197817536.47789,11635884539.24267,17582163597.14475
EXC,canesm2_rcp26_r1i1p1,LUCAS-BAU_High-0001,72,0.5698591150484685,12337674797.126146,12029093520.821451,18925503052.43321,8311949126.656047,12749614718.920559
EXC,canesm2_rcp26_r1i1p1,LUCAS-BAU_High-0002,72,0.5698591150484685,12497339988.72236,12175971164.100813,19081223883.09576,8446070350.027041,13014758378.037916
EXC,canesm2_rcp45_r1i1p1,FORE-SCE-A1B,72,0.5489836088701442,10127920324.979992,8193774728.67026,7314701608.447717,7352644141.982431,10408726007.580864
EXC,canesm2_rcp45_r1i1p1,FORE-SCE-A2,72,0.5489836088701442,9205104000.72696,7271773460.585339,6379251043.383036,6464934523.944512,9095256371.830053
EXC,canesm2_rcp45_r1i1p1,FORE-SCE-B1,72,0.5489836088701442,8685065623.75855,6437432942.556266,5594174746.574045,5651263615.71203,8025982626.744507
EXC,canesm2_rcp45_r1i1p1,GCAM-26,72,0.5489836088701442,15629862358.404543,14154734090.275333,13124340871.644363,13059449240.633627,17214809118.348858
EXC,canesm2_rcp45_r1i1p1,GCAM-45,72,0.5489836088701442,12305535761.31981,10518814457.116886,9705526999.919653,9534097180.279009,12804765050.851345
EXC,canesm2_rcp45_r1i1p1,GCAM-ref,72,0.5489836088701442,10052456412.823635,8082739093.950673,7209189367.211618,7180265200.0370035,10320061080.747532
EXC,canesm2_rcp45_r1i1p1,LUCAS-BAU_High-0001,72,0.5489836088701442,7773852560.528109,5573184194.84058,4793088476.57679,4943024500.534833,6915173948.980897
EXC,canesm2_rcp45_r1i1p1,LUCAS-BAU_High-0002,72,0.5489836088701442,7851096094.375607,5692665604.627809,4895324327.540078,4993510719.322218,7088908757.461722
EXC,canesm2_rcp85_r1i1p1,FORE-SCE-A1B,72,0.5193840238510156,58193415115.05479,64317659201.640495,73516348372.56029,74132735614.72626,79976778498.69267
EXC,canesm2_rcp85_r1i1p1,FORE-SCE-A2,72,0.5193840238510156,56729351676.765785,62737763369.25402,72025996754.84857,72603257505.1372,79490686543.08315
EXC,canesm2_rcp85_r1i1p1,FORE-SCE-B1,72,0.5193840238510156,54824955995.71544,62108248713.076126,71378091274.97937,70655685874.70897,79191788386.73741
EXC,canesm2_rcp85_r1i1p1,GCAM-26,72,0.5193840238510156,65926536142.6035,70856705603.95175,80303097736.0951,75847674043.83365,82112732921.62758
EXC,canesm2_rcp85_r1i1p1,GCAM-45,72,0.5193840238510156,61093628444.87359,66021861266.972466,75801331886.15239,68872021367.41946,78391455198.49278
EXC,canesm2_rcp85_r1i1p1,GCAM-ref,72,0.5193840238510156,57858004412.70582,63926628990.1748,73024505654.04646,73729000679.9343,80087583324.00955
EXC,canesm2_rcp85_r1i1p1,LUCAS-BAU_High-0001,72,0.5193840238510156,52988225484.378746,60411320879.77793,69281064649.60927,68641190515.39012,79735434806.58301
EXC,canesm2_rcp85_r1i1p1,LUCAS-BAU_High-0002,72,0.5193840238510156,53146103403.87702,60541972038.624535,69331449566.5476,68898782718.49016,79644374341.60678
EXC,ccsm4_rcp26_r1i1p1,FORE-SCE-A1B,72,0.6056924543491942,7776466482.109859,7679912379.0282755,9631483436.451466,19274477308.102367,18281344141.300133
EXC,ccsm4_rcp26_r1i1p1,FORE-SCE-A2,72,0.6056924543491942,7050583779.20224,6961817657.535852,8947102983.338089,19084980448.854008,18717775244.99887
EXC,ccsm4_rcp26_r1i1p1,FORE-SCE-B1,72,0.6056924543491942,6211989375.123499,6161193904.799886,8109696949.027281,19287813206.601852,19245187097.15265
EXC,ccsm4_rcp26_r1i1p1,GCAM-26,72,0.6056924543491942,13585299332.537695,12818734306.990513,11555447286.229866,35767899004.121124,23437438633.219055
EXC,ccsm4_rcp26_r1i1p1,GCAM-45,72,0.6056924543491942,9968020715.74583,9876594096.429436,11540302182.818445,32469462470.38503,20745189437.3754
EXC,ccsm4_rcp26_r1i1p1,GCAM-ref,72,0.6056924543491942,7713346554.426479,7694146918.743356,9240165223.717657,19344898368.515644,18300292143.977184
EXC,ccsm4_rcp26_r1i1p1,LUCAS-BAU_High-0001,72,0.6056924543491942,5393366195.692629,5306013793.080102,7348276639.982955,20889856215.90317,20740467234.3941
EXC,ccsm4_rcp26_r1i1p1,LUCAS-BAU_High-0002,72,0.6056924543491942,5530337339.534237,5337602535.692773,7457208216.342031,19798652703.239628,20548765556.14724
EXC,ccsm4_rcp45_r1i1p1,FORE-SCE-A1B,72,0.5843879565818275,8698971234.55733,7926725857.026677,7210144710.688139,6460579341.31051,10080201069.375002
EXC,ccsm4_rcp45_r1i1p1,FORE-SCE-A2,72,0.5843879565818275,7872871909.533546,6764444492.609024,6509495873.728958,5244179176.401274,8638196874.211056
EXC,ccsm4_rcp45_r1i1p1,FORE-SCE-B1,72,0.5843879565818275,7196954743.928891,6041669824.292201,5868431643.256878,4590273364.965092,7746179627.743723
EXC,ccsm4_rcp45_r1i1p1,GCAM-26,72,0.5843879565818275,15186884463.669424,14216798141.778873,13173343453.14694,14249263125.349749,17029221445.219849
EXC,ccsm4_rcp45_r1i1p1,GCAM-45,72,0.5843879565818275,11081657993.40031,10375697545.362885,9495933815.59115,9694798368.230064,12580699957.49389
EXC,ccsm4_rcp45_r1i1p1,GCAM-ref,72,0.5843879565818275,8845344020.760504,8128773645.610999,7458027613.400024,6699667500.013637,10307313612.174082
EXC,ccsm4_rcp45_r1i1p1,LUCAS-BAU_High-0001,72,0.5843879565818275,6485309879.787243,5352608906.620108,5136010052.194675,4145782716.384847,6795694654.353829
EXC,ccsm4_rcp45_r1i1p1,LUCAS-BAU_High-0002,72,0.5843879565818275,6614009651.506909,5479083376.325875,5236491682.7673855,4139062073.2614355,6974696875.548935
EXC,ccsm4_rcp60_r1i1p1,FORE-SCE-A1B,72,0.6019719811599994,7589400012.696888,6055430715.743969,4888467094.89678,18465378219.538227,10070540279.525936
EXC,ccsm4_rcp60_r1i1p1,FORE-SCE-A2,72,0.6019719811599994,6546123109.447395,5178982300.188423,4012330488.60653,17730966380.437584,9622776592.10863
EXC,ccsm4_rcp60_r1i1p1,FORE-SCE-B1,72,0.6019719811599994,6167960959.893627,4661634146.083852,3549834514.742173,18130471058.729755,10293757977.198313
EXC,ccsm4_rcp60_r1i1p1,GCAM-26,72,0.6019719811599994,12361571332.866133,11172078049.664457,9830982156.17981,22761600136.35186,12431612876.465546
EXC,ccsm4_rcp60_r1i1p1,GCAM-45,72,0.6019719811599994,9204873887.529348,7936479464.761431,6635102165.549472,19834912200.87218,11103783014.660095
EXC,ccsm4_rcp60_r1i1p1,GCAM-ref,72,0.6019719811599994,7787373745.667607,6253828499.575901,5069386134.394466,19258383198.879826,10916316744.790758
EXC,ccsm4_rcp60_r1i1p1,LUCAS-BAU_High-0001,72,0.6019719811599994,5511651576.511785,4074231709.5353613,2927163139.761473,17964899010.211483,11222305131.475986
EXC,ccsm4_rcp60_r1i1p1,LUCAS-BAU_High-0002,72,0.6019719811599994,5551624076.455142,4174143145.2998643,3033588438.795411,17942490614.55368,11181266707.811321
EXC,ccsm4_rcp85_r1i1p1,FORE-SCE-A1B,72,0.5720302660452583,14822032384.265156,12793848906.87818,9442473652.792263,14637672087.446346,20277301071.111454
EXC,ccsm4_rcp85_r1i1p1,FORE-SCE-A2,72,0.5720302660452583,13561870422.909798,11551613187.043934,8298547959.352806,13488549626.996964,18672032386.83398
EXC,ccsm4_rcp85_r1i1p1,FORE-SCE-B1,72,0.5720302660452583,12280822987.55563,10709974911.282774,7513811258.147072,12563317296.223478,17866885413.474518
EXC,ccsm4_rcp85_r1i1p1,GCAM-26,72,0.5720302660452583,21849173680.31711,19423118747.15061,16478648613.897867,20170366062.204254,27597908508.3353
EXC,ccsm4_rcp85_r1i1p1,GCAM-45,72,0.5720302660452583,17655871226.458145,15779776718.91625,12139503532.974009,15461038097.159899,22521846839.876083
EXC,ccsm4_rcp85_r1i1p1,GCAM-ref,72,0.5720302660452583,14746960987.24908,12747744070.587267,9359639936.862474,14559251633.032324,20590804932.351498
EXC,ccsm4_rcp85_r1i1p1,LUCAS-BAU_High-0001,72,0.5720302660452583,11009180224.709951,9668616708.7859,6390608500.978697,11555369918.847488,16879165259.37165
EXC,ccsm4_rcp85_r1i1p1,LUCAS-BAU_High-0002,72,0.5720302660452583,11209424308.03115,9814499788.260546,6546804003.562099,11712455543.305828,17073180560.9404
EXC,cesm1-bgc_rcp45_r1i1p1,FORE-SCE-A1B,72,0.5458503691132406,11898666952.810339,11908150620.070768,14389841397.373413,15941554590.29519,19448866854.674526
EXC,cesm1-bgc_rcp45_r1i1p1,FORE-SCE-A2,72,0.5458503691132406,11134758979.257212,11154875886.480154,13796861114.556007,15382964158.427528,18175265757.873413
EXC,cesm1-bgc_rcp45_r1i1p1,FORE-SCE-B1,72,0.5458503691132406,10500685332.545109,10459248801.455603,13186916917.233242,15040913248.369356,17172208242.088852
EXC,cesm1-bgc_rcp45_r1i1p1,GCAM-26,72,0.5458503691132406,15410465334.445454,16599810288.938366,18629063634.609478,19816689516.080288,25756804670.953873
EXC,cesm1-bgc_rcp45_r1i1p1,GCAM-45,72,0.5458503691132406,13556517701.313547,14101137285.668709,15975980678.1089,17159465395.319195,21845537025.019955
EXC,cesm1-bgc_rcp45_r1i1p1,GCAM-ref,72,0.5458503691132406,11798059126.420832,11835379280.876059,14577175667.82391,16091778794.715757,19479383656.73725
EXC,cesm1-bgc_rcp45_r1i1p1,LUCAS-BAU_High-0001,72,0.5458503691132406,9651595670.004791,9853930015.934715,12917138217.887812,14813362355.271023,16109365381.143597
EXC,cesm1-bgc_rcp45_r1i1p1,LUCAS-BAU_High-0002,72,0.5458503691132406,9779055768.950396,9936777568.994682,12923543974.661263,14824755893.116129,16288208297.819643
EXC,cesm1-bgc_rcp85_r1i1p1,FORE-SCE-A1B,72,0.5449397600280128,11549766222.700634,9579930764.749832,10221350563.629362,34016172483.772427,24509063971.496483
EXC,cesm1-bgc_rcp85_r1i1p1,FORE-SCE-A2,72,0.5449397600280128,10821819081.426674,8656647920.456833,9223718023.664465,33235084324.346745,24275763251.559456
EXC,cesm1-bgc_rcp85_r1i1p1,FORE-SCE-B1,72,0.5449397600280128,9918259241.328234,7976854029.9202,8555922986.785237,32324195038.97687,24677865664.1302
EXC,cesm1-bgc_rcp85_r1i1p1,GCAM-26,72,0.5449397600280128,17298960697.345238,14681197526.959206,14194360534.829597,40231513548.0091,26403722590.005596
EXC,cesm1-bgc_rcp85_r1i1p1,GCAM-45,72,0.5449397600280128,13632144154.257246,11745748510.943256,12439775397.077234,36497089888.96645,25546732091.516853
EXC,cesm1-bgc_rcp85_r1i1p1,GCAM-ref,72,0.5449397600280128,11368584446.222591,9424368456.074389,10055143355.363708,33633732410.994167,24705272850.924255
EXC,cesm1-bgc_rcp85_r1i1p1,LUCAS-BAU_High-0001,72,0.5449397600280128,8933773745.328737,7171875741.723881,7382302903.925086,31421699388.03039,25208816849.75618
EXC,cesm1-bgc_rcp85_r1i1p1,LUCAS-BAU_High-0002,72,0.5449397600280128,9038173249.778519,7302090230.500049,7471676788.826342,31485590731.95862,25191843906.76022
EXC,cesm1-cam5_rcp26_r1i1p1,FORE-SCE-A1B,72,0.5562129716997161,9957330414.84354,12156156744.216675,12041270004.21403,19679998784.937527,21486237475.225426
EXC,cesm1-cam5_rcp26_r1i1p1,FORE-SCE-A2,72,0.5562129716997161,9482426777.057432,11303259948.235466,11128135610.497011,18953727688.816414,20936342706.147625
EXC,cesm1-cam5_rcp26_r1i1p1,FORE-SCE-B1,72,0.5562129716997161,8760201191.61752,10693153932.131783,10670084721.340088,18497251309.523216,20479668909.21208
EXC,cesm1-cam5_rcp26_r1i1p1,GCAM-26,72,0.5562129716997161,16740455210.98235,16713456663.06196,17010691379.049114,23788849590.284504,24639049672.48419
EXC,cesm1-cam5_rcp26_r1i1p1,GCAM-45,72,0.5562129716997161,13213197861.209581,13986260778.403078,13895891276.692507,21475894457.757698,22799807777.000355
EXC,cesm1-cam5_rcp26_r1i1p1,GCAM-ref,72,0.5562129716997161,9661866610.322176,11994152443.08563,11876594208.017439,19378260114.137306,21334109138.545246
EXC,cesm1-cam5_rcp26_r1i1p1,LUCAS-BAU_High-0001,72,0.5562129716997161,8159342976.923223,9766315233.201084,9558576126.563301,18013059334.751587,20116621042.22838
EXC,cesm1-cam5_rcp26_r1i1p1,LUCAS-BAU_High-0002,72,0.5562129716997161,8268828490.803274,9843750960.92493,9609335159.6034,18035550096.94424,20158351175.001595
EXC,cesm1-cam5_rcp45_r1i1p1,FORE-SCE-A1B,72,0.6147240121606264,10529098846.155012,8891271368.963974,7710066802.397133,8283765218.862739,11897073372.801987
EXC,cesm1-cam5_rcp45_r1i1p1,FORE-SCE-A2,72,0.6147240121606264,9187353670.497358,7657180684.548754,6516447883.173158,6965918886.359472,10307908009.269861
EXC,cesm1-cam5_rcp45_r1i1p1,FORE-SCE-B1,72,0.6147240121606264,8341073736.914027,6855481490.5842285,5762887513.342502,6234428753.669753,9282783952.494267
EXC,cesm1-cam5_rcp45_r1i1p1,GCAM-26,72,0.6147240121606264,17394284754.81764,16137439602.314598,14348783648.718801,14922664651.35826,19569805987.519432
EXC,cesm1-cam5_rcp45_r1i1p1,GCAM-45,72,0.6147240121606264,13042486256.575703,11723870032.162844,10259100761.722073,10774415574.467268,14566836024.927244
EXC,cesm1-cam5_rcp45_r1i1p1,GCAM-ref,72,0.6147240121606264,10589222239.192116,9092028996.181334,7869512514.180764,8332901273.757457,12105478061.320026
EXC,cesm1-cam5_rcp45_r1i1p1,LUCAS-BAU_High-0001,72,0.6147240121606264,7435095202.957524,6030737478.0191765,5222595486.058629,5431558193.547278,8168782426.235111
EXC,cesm1-cam5_rcp45_r1i1p1,LUCAS-BAU_High-0002,72,0.6147240121606264,7629741833.767381,6150963024.899094,5369959512.104502,5595449946.444537,8371851248.514888
EXC,cesm1-cam5_rcp60_r1i1p1,FORE-SCE-A1B,72,0.5559255337926443,16133237288.464731,15782936148.490732,11990090627.133429,23722243256.431854,27254438923.438183
EXC,cesm1-cam5_rcp60_r1i1p1,FORE-SCE-A2,72,0.5559255337926443,14541787711.820747,14405390293.8788,12637125630.158424,21937222764.472973,26951225171.665073
EXC,cesm1-cam5_rcp60_r1i1p1,FORE-SCE-B1,72,0.5559255337926443,13620192360.03088,13555536409.827524,11801502293.96303,21183219805.837578,26394256009.623714
EXC,cesm1-cam5_rcp60_r1i1p1,GCAM-26,72,0.5559255337926443,21651329373.119396,23028105695.289803,19430870785.59458,31395976042.557026,33023126400.21492
EXC,cesm1-cam5_rcp60_r1i1p1,GCAM-45,72,0.5559255337926443,18057459008.96629,18894164281.697105,15253361161.332275,26700984882.961826,29770899671.309505
EXC,cesm1-cam5_rcp60_r1i1p1,GCAM-ref,72,0.5559255337926443,15892135729.650787,15753565368.916712,11963852910.229614,23725629022.685192,27216909448.259445
EXC,cesm1-cam5_rcp60_r1i1p1,LUCAS-BAU_High-0001,72,0.5559255337926443,12663770393.699883,12568132052.854885,10643901369.00489,20194512164.803635,25903781383.97482
EXC,cesm1-cam5_rcp60_r1i1p1,LUCAS-BAU_High-0002,72,0.5559255337926443,12694267292.026772,12680284849.278929,10874146803.587097,20313472910.194553,25950051500.65789
EXC,cesm1-cam5_rcp85_r1i1p1,FORE-SCE-A1B,72,0.5822493601903028,20797244832.923344,23702949920.06116,20643256684.878223,54914279902.55601,46381615717.775055
EXC,cesm1-cam5_rcp85_r1i1p1,FORE-SCE-A2,72,0.5822493601903028,19437721017.231834,22097190156.814995,18861744638.49375,53940829946.24677,46065397326.37471
EXC,cesm1-cam5_rcp85_r1i1p1,FORE-SCE-B1,72,0.5822493601903028,17986342972.40094,21049860344.324284,17749790664.941456,52893771569.0113,45860556352.68364
EXC,cesm1-cam5_rcp85_r1i1p1,GCAM-26,72,0.5822493601903028,26979929693.23449,30765182157.75229,29749329781.13219,62483561975.25776,51480610095.70085
EXC,cesm1-cam5_rcp85_r1i1p1,GCAM-45,72,0.5822493601903028,23044087684.910378,26775152401.70825,24324181993.20805,57286200864.83329,48544105603.382545
EXC,cesm1-cam5_rcp85_r1i1p1,GCAM-ref,72,0.5822493601903028,20129495909.55769,23559752567.03865,20518301093.713726,54637362767.90439,46439048494.13304
EXC,cesm1-cam5_rcp85_r1i1p1,LUCAS-BAU_High-0001,72,0.5822493601903028,16249565535.787317,19583224955.930614,16571392220.829014,51614035887.40456,45397490210.45214
EXC,cesm1-cam5_rcp85_r1i1p1,LUCAS-BAU_High-0002,72,0.5822493601903028,16542719258.792704,19764740229.282513,16735830693.368208,51812146217.32448,45430304293.261955
EXC,cmcc-cm_rcp45_r1i1p1,FORE-SCE-A1B,72,0.6868167532891081,8604854824.402485,7739732788.810303,7564595902.196614,8543932090.056763,7880589235.106655
EXC,cmcc-cm_rcp45_r1i1p1,FORE-SCE-A2,72,0.6868167532891081,7179150364.377509,6437176048.992679,6282958362.2782545,7673705329.765899,6499217486.095961
EXC,cmcc-cm_rcp45_r1i1p1,FORE-SCE-B1,72,0.6868167532891081,6243064798.0852785,5413788789.466153,5945913223.139844,6798876805.036356,5418802599.873805
EXC,cmcc-cm_rcp45_r1i1p1,GCAM-26,72,0.6868167532891081,16858761801.75354,16085833978.410664,15555763430.90443,16060292296.447151,16182307836.095366
EXC,cmcc-cm_rcp45_r1i1p1,GCAM-45,72,0.6868167532891081,11555522124.539179,10791993157.264034,10672001595.605436,11458757796.079884,10747266151.002565
EXC,cmcc-cm_rcp45_r1i1p1,GCAM-ref,72,0.6868167532891081,8456655011.634428,7662123583.206259,7568703060.562069,8272406977.327227,7770682834.880918
EXC,cmcc-cm_rcp45_r1i1p1,LUCAS-BAU_High-0001,72,0.6868167532891081,5110725817.953668,4385522620.546701,5038885781.091984,4478835075.0697565,4238143586.76019
EXC,cmcc-cm_rcp45_r1i1p1,LUCAS-BAU_High-0002,72,0.6868167532891081,5287951198.94492,4555735828.769444,5183942846.723595,5254555322.646771,4416473201.298312
EXC,cmcc-cm_rcp85_r1i1p1,FORE-SCE-A1B,72,0.6432001018200447,12390284500.240646,11229783291.37081,10103355618.561855,10042336111.004318,9779743674.721725
EXC,cmcc-cm_rcp85_r1i1p1,FORE-SCE-A2,72,0.6432001018200447,11058872113.251358,9989874621.588718,8828099333.916372,8857037396.154955,8612319072.906647
EXC,cmcc-cm_rcp85_r1i1p1,FORE-SCE-B1,72,0.6432001018200447,9598479395.543255,8485948734.220961,7349650557.539454,7420588254.275572,7149868644.133619
EXC,cmcc-cm_rcp85_r1i1p1,GCAM-26,72,0.6432001018200447,21627926957.33271,20525851000.00232,18669420490.467022,18580256106.629078,18422740133.39705
EXC,cmcc-cm_rcp85_r1i1p1,GCAM-45,72,0.6432001018200447,15814128493.197763,14808548518.277454,13308393958.678934,12550283539.369652,12903375929.624384
EXC,cmcc-cm_rcp85_r1i1p1,GCAM-ref,72,0.6432001018200447,11937941344.755896,10803713759.925737,9697988852.46602,9574228587.93495,9424436266.078209
EXC,cmcc-cm_rcp85_r1i1p1,LUCAS-BAU_High-0001,72,0.6432001018200447,8056613584.245956,7081187199.6962385,5925278540.270449,5913569005.018227,5667584658.984957
EXC,cmcc-cm_rcp85_r1i1p1,LUCAS-BAU_High-0002,72,0.6432001018200447,8229558321.3292465,7232571542.795017,6085258012.90569,6094237330.008333,5853575040.274182
EXC,cnrm-cm5_rcp45_r1i1p1,FORE-SCE-A1B,72,0.520732967520588,12215766832.436583,7875384558.250415,8100315004.014279,11397195802.273323,8947949832.745823
EXC,cnrm-cm5_rcp45_r1i1p1,FORE-SCE-A2,72,0.520732967520588,10965476812.707405,6940568814.567558,7150865407.056453,10467972301.59606,7969376858.814388
EXC,cnrm-cm5_rcp45_r1i1p1,FORE-SCE-B1,72,0.520732967520588,9968814000.255632,6259336951.888301,6458424179.910383,9683387975.717014,7188555697.806666
EXC,cnrm-cm5_rcp45_r1i1p1,GCAM-26,72,0.520732967520588,16681355305.399572,13198240486.028076,13347192109.145277,16263317304.64913,13078594638.28347
EXC,cnrm-cm5_rcp45_r1i1p1,GCAM-45,72,0.520732967520588,14117200138.628786,9894219290.280518,9780104545.56442,12517284561.000809,9590995412.704725
EXC,cnrm-cm5_rcp45_r1i1p1,GCAM-ref,72,0.520732967520588,12049042902.7433,7866884524.762032,8032492112.182198,11242317038.582272,8968208323.768917
EXC,cnrm-cm5_rcp45_r1i1p1,LUCAS-BAU_High-0001,72,0.520732967520588,8850660363.97561,5461982419.747415,5642899231.364769,8780919121.924147,6343212157.085889
EXC,cnrm-cm5_rcp45_r1i1p1,LUCAS-BAU_High-0002,72,0.520732967520588,9048392336.345667,5590690711.855892,5765808751.546545,8915825063.176435,6476048432.5526285
EXC,cnrm-cm5_rcp85_r1i1p1,FORE-SCE-A1B,72,0.5192587884553799,30825570384.14214,33347946897.08423,36455793376.180244,75519408582.21153,59868877249.96375
EXC,cnrm-cm5_rcp85_r1i1p1,FORE-SCE-A2,72,0.5192587884553799,28915776479.302284,32329301240.49429,34913868131.903175,73699983776.48259,59056556617.10268
EXC,cnrm-cm5_rcp85_r1i1p1,FORE-SCE-B1,72,0.5192587884553799,28366033467.815857,31534057171.195705,33798248106.999535,71674360426.95612,58702766405.163246
EXC,cnrm-cm5_rcp85_r1i1p1,GCAM-26,72,0.5192587884553799,40295796258.59154,38500397777.02205,41409672633.1299,75903471178.41333,56489136171.55916
EXC,cnrm-cm5_rcp85_r1i1p1,GCAM-45,72,0.5192587884553799,34433500797.97726,35222521189.92423,38302384193.60169,69113029803.30544,54436591343.84279
EXC,cnrm-cm5_rcp85_r1i1p1,GCAM-ref,72,0.5192587884553799,30620433433.06471,33008227611.488506,36388279782.53427,74904388391.52608,59759861237.79197
EXC,cnrm-cm5_rcp85_r1i1p1,LUCAS-BAU_High-0001,72,0.5192587884553799,26956976709.69259,29918449805.315075,31486687415.17099,69301946856.1902,58549123962.28203
EXC,cnrm-cm5_rcp85_r1i1p1,LUCAS-BAU_High-0002,72,0.5192587884553799,26682596565.823692,30142121116.055782,32203213083.018085,69640996367.24045,58608228445.69479
EXC,csiro-mk3-6-0_rcp26_r1i1p1,FORE-SCE-A1B,72,0.6231895741037564,15612560540.835854,14864517482.124323,12961601579.82001,14126052453.76034,15329907478.286743
EXC,csiro-mk3-6-0_rcp26_r1i1p1,FORE-SCE-A2,72,0.6231895741037564,13900716944.793423,13247646092.607283,11665157868.682388,12727884417.624075,13456105117.090214
EXC,csiro-mk3-6-0_rcp26_r1i1p1,FORE-SCE-B1,72,0.6231895741037564,13070677908.264965,12208493122.675846,10695938875.25881,11902163970.450085,12222589989.873566
EXC,csiro-mk3-6-0_rcp26_r1i1p1,GCAM-26,72,0.6231895741037564,21750605716.09144,22734484745.97591,21047758302.97783,20811767244.474712,23945486456.034794
EXC,csiro-mk3-6-0_rcp26_r1i1p1,GCAM-45,72,0.6231895741037564,18428620198.090397,18164984726.231285,16415095611.487894,16280861610.526077,18375411744.131496
EXC,csiro-mk3-6-0_rcp26_r1i1p1,GCAM-ref,72,0.6231895741037564,15514526052.2651,15000167215.086182,12654458468.017143,13869660698.182943,15476956361.775673
EXC,csiro-mk3-6-0_rcp26_r1i1p1,LUCAS-BAU_High-0001,72,0.6231895741037564,11911567339.917622,11118055794.964901,9520487731.34564,10798841590.82817,10887145215.696878
EXC,csiro-mk3-6-0_rcp26_r1i1p1,LUCAS-BAU_High-0002,72,0.6231895741037564,12109135377.457188,11328344729.168844,9691743362.036747,10938070837.696709,11141287155.016651
EXC,csiro-mk3-6-0_rcp45_r1i1p1,FORE-SCE-A1B,72,0.6456699919671046,10427781706.573948,9249791921.860798,7761179271.305693,15120130943.083216,7200015066.333674
EXC,csiro-mk3-6-0_rcp45_r1i1p1,FORE-SCE-A2,72,0.6456699919671046,8961742470.42261,7830815044.696414,6302803629.947779,13847747214.878504,5696980540.20844
EXC,csiro-mk3-6-0_rcp45_r1i1p1,FORE-SCE-B1,72,0.6456699919671046,8044049685.007917,6841734821.728826,5341697111.722081,14258041173.201687,4734726510.382151
EXC,csiro-mk3-6-0_rcp45_r1i1p1,GCAM-26,72,0.6456699919671046,18721511369.3545,17773013558.91874,15509192768.829884,24897703796.789482,14875039526.65285
EXC,csiro-mk3-6-0_rcp45_r1i1p1,GCAM-45,72,0.6456699919671046,13666218223.707113,12671770036.230665,10733483982.857166,20865460167.095116,9982260902.714731
EXC,csiro-mk3-6-0_rcp45_r1i1p1,GCAM-ref,72,0.6456699919671046,10578519093.081251,9427783143.474981,7933857544.0196,16091462796.363811,7394676105.104459
EXC,csiro-mk3-6-0_rcp45_r1i1p1,LUCAS-BAU_High-0001,72,0.6456699919671046,7163606462.459367,5947520240.672174,4532468778.113943,13924975623.385128,3921282859.235768
EXC,csiro-mk3-6-0_rcp45_r1i1p1,LUCAS-BAU_High-0002,72,0.6456699919671046,7243189327.824252,6101722576.033728,4693923526.041557,13953092108.098879,4087961561.308975
EXC,csiro-mk3-6-0_rcp60_r1i1p1,FORE-SCE-A1B,72,0.6169605691449951,10251848739.059282,8906792141.368538,8099190166.783174,7771318885.933528,7523593076.099623
EXC,csiro-mk3-6-0_rcp60_r1i1p1,FORE-SCE-A2,72,0.6169605691449951,9079613551.742327,7714552362.5514965,6818769051.995275,7050435802.107027,6309625909.484824
EXC,csiro-mk3-6-0_rcp60_r1i1p1,FORE-SCE-B1,72,0.6169605691449951,8089721910.994963,6717843552.037016,5844788714.21191,6085595061.395869,5291369800.963395
EXC,csiro-mk3-6-0_rcp60_r1i1p1,GCAM-26,72,0.6169605691449951,17902004950.875572,16685418003.095537,15811129135.423445,16108081200.318579,14876806005.241451
EXC,csiro-mk3-6-0_rcp60_r1i1p1,GCAM-45,72,0.6169605691449951,13136651242.327278,11859760760.514107,11251613098.859697,11070355459.655113,10176713358.251347
EXC,csiro-mk3-6-0_rcp60_r1i1p1,GCAM-ref,72,0.6169605691449951,10139623311.33355,8822085877.787952,8012913310.708643,7694722544.340596,7448008615.542331
EXC,csiro-mk3-6-0_rcp60_r1i1p1,LUCAS-BAU_High-0001,72,0.6169605691449951,6871590993.524309,5666129895.938944,4830930889.315552,5128509544.124473,4267449065.5255136
EXC,csiro-mk3-6-0_rcp60_r1i1p1,LUCAS-BAU_High-0002,72,0.6169605691449951,7047347141.5399275,5826736985.752744,4976500415.240274,5197460770.10114,4431377406.39603
EXC,csiro-mk3-6-0_rcp85_r1i1p1,FORE-SCE-A1B,72,0.5759653864874638,19794991117.899723,16429169611.42314,22019031802.10043,25030842440.302036,22957752229.144997
EXC,csiro-mk3-6-0_rcp85_r1i1p1,FORE-SCE-A2,72,0.5759653864874638,16801094253.286356,14835578142.222593,17438753249.38813,23156609637.21787,21501563474.331093
EXC,csiro-mk3-6-0_rcp85_r1i1p1,FORE-SCE-B1,72,0.5759653864874638,15876818977.969263,13733482470.364407,16294761707.37996,22088051832.083916,20584198175.96856
EXC,csiro-mk3-6-0_rcp85_r1i1p1,GCAM-26,72,0.5759653864874638,26281322899.216595,24520577627.038902,28160010226.374332,29563209570.72164,27301364603.74152
EXC,csiro-mk3-6-0_rcp85_r1i1p1,GCAM-45,72,0.5759653864874638,22529089844.847393,19291822935.580738,24247119374.161053,24380300761.606712,22374176014.732807
EXC,csiro-mk3-6-0_rcp85_r1i1p1,GCAM-ref,72,0.5759653864874638,19385037958.989864,16241961457.081062,21834157632.79496,24779811324.475887,23268576929.794117
EXC,csiro-mk3-6-0_rcp85_r1i1p1,LUCAS-BAU_High-0001,72,0.5759653864874638,14437921132.621784,12498382350.780172,15409240091.918692,20875534887.12703,19466198649.77966
EXC,csiro-mk3-6-0_rcp85_r1i1p1,LUCAS-BAU_High-0002,72,0.5759653864874638,14676628649.91364,12659039068.412455,15574922041.156593,21060287983.6729,19657972830.34478
EXC,fgoals-g2_rcp26_r1i1p1,FORE-SCE-A1B,72,0.6349162304885803,5146543533.823473,4318064869.972729,3433200011.302356,8164894336.477062,9263132024.135695
EXC,fgoals-g2_rcp26_r1i1p1,FORE-SCE-A2,72,0.6349162304885803,4253178775.991636,3498368589.938294,2666971708.931749,7221043160.372706,8489979157.101357
EXC,fgoals-g2_rcp26_r1i1p1,FORE-SCE-B1,72,0.6349162304885803,3786714447.0167294,3104911411.9942236,2302296086.047699,6816524077.004173,8128629602.478861
EXC,fgoals-g2_rcp26_r1i1p1,GCAM-26,72,0.6349162304885803,10113556569.086903,9168773441.446255,7901793756.047912,15086332456.314938,15325266679.28312
EXC,fgoals-g2_rcp26_r1i1p1,GCAM-45,72,0.6349162304885803,6969408403.802124,6055648549.050284,4992430349.55792,12155726965.729301,12443339207.60475
EXC,fgoals-g2_rcp26_r1i1p1,GCAM-ref,72,0.6349162304885803,5281532350.360635,4429381937.765395,3540105660.4217935,8278698567.853601,9357640430.95487
EXC,fgoals-g2_rcp26_r1i1p1,LUCAS-BAU_High-0001,72,0.6349162304885803,3256763249.503173,2600966172.679565,1857301204.290595,6196421116.354518,7645547897.8115835
EXC,fgoals-g2_rcp26_r1i1p1,LUCAS-BAU_High-0002,72,0.6349162304885803,3381174278.3126597,2701475705.043038,1936346533.5834386,6304246459.493402,7734035861.514976
FOL,access1-0_rcp45_r1i1p1,FORE-SCE-A1B,72,1.0550935353590303,51130888724.923836,50841750315.56534,44184575617.53274,44978073823.50608,43545807640.09015
FOL,access1-0_rcp45_r1i1p1,FORE-SCE-A2,72,1.0550935353590303,42476462315.87165,42585610504.03682,34757216663.413536,35658216391.522575,36074306928.09542
FOL,access1-0_rcp45_r1i1p1,FORE-SCE-B1,72,1.0550935353590303,36763342876.654755,36576406379.93834,29050572549.91926,29633074471.532898,30178999449.275867
FOL,access1-0_rcp45_r1i1p1,GCAM-26,72,1.0550935353590303,99513324236.52887,98412944322.37308,91499956542.35742,91438221344.30911,86766972477.44022
FOL,access1-0_rcp45_r1i1p1,GCAM-45,72,1.0550935353590303,69640071446.10268,68976727323.46695,62180415383.93408,63053491039.46189,58479893787.01473
FOL,access1-0_rcp45_r1i1p1,GCAM-ref,72,1.0550935353590303,51131225678.75358,50779363195.64175,43702100006.663345,44483039148.794044,43333906998.47499
FOL,access1-0_rcp45_r1i1p1,LUCAS-BAU_High-0001,72,1.0550935353590303,29389628209.44037,29546227662.61389,23091046326.22257,23662711432.838562,23950779479.569214
FOL,access1-0_rcp45_r1i1p1,LUCAS-BAU_High-0002,72,1.0550935353590303,30548747131.359875,30628562789.239258,24003233617.52671,24587773285.3015,24911396590.759224
FOL,access1-0_rcp85_r1i1p1,FORE-SCE-A1B,72,1.209189935185258,72300460606.00717,71665840942.36185,63395984850.37559,64103234567.3686,68068863293.53486
FOL,access1-0_rcp85_r1i1p1,FORE-SCE-A2,72,1.209189935185258,62655688893.656624,60946383444.07741,53320911557.41567,53770385765.079796,56815815441.266655
FOL,access1-0_rcp85_r1i1p1,FORE-SCE-B1,72,1.209189935185258,53859023527.44798,54164724968.121796,45434465994.22506,45391905631.37483,48504559364.83363
FOL,access1-0_rcp85_r1i1p1,GCAM-26,72,1.209189935185258,129926461703.23167,134382083518.97244,125579226040.0311,125662664366.90094,126858566101.22977
FOL,access1-0_rcp85_r1i1p1,GCAM-45,72,1.209189935185258,93804258273.56432,95484904465.35916,87363269176.09369,86846394248.1038,87463179761.64236
FOL,access1-0_rcp85_r1i1p1,GCAM-ref,72,1.209189935185258,71984458946.77954,71600034398.37018,62893745111.0669,63592400579.949936,67882643413.01178
FOL,access1-0_rcp85_r1i1p1,LUCAS-BAU_High-0001,72,1.209189935185258,43896686997.792404,44384643196.71433,36574343779.39375,36628482762.20775,38795669008.45991
FOL,access1-0_rcp85_r1i1p1,LUCAS-BAU_High-0002,72,1.209189935185258,45215129262.62183,45791107413.98743,37803558503.77044,37825337984.61728,40319775227.929405
FOL,bcc-csm1-1-m_rcp45_r1i1p1,FORE-SCE-A1B,72,1.0143350322717717,53343711034.49653,53298121143.294075,45586422438.874756,45645928293.93313,51342004958.32312
FOL,bcc-csm1-1-m_rcp45_r1i1p1,FORE-SCE-A2,72,1.0143350322717717,45184745548.31795,45200890254.03111,39209811716.192604,39042361021.296906,43280706150.02373
FOL,bcc-csm1-1-m_rcp45_r1i1p1,FORE-SCE-B1,72,1.0143350322717717,38515307680.55946,38824805515.83082,35830761782.85633,35486451199.3087,36821998204.324005
FOL,bcc-csm1-1-m_rcp45_r1i1p1,GCAM-26,72,1.0143350322717717,101532328517.51714,101993946530.84811,90266666734.44144,90287639663.98404,100227426476.70274
FOL,bcc-csm1-1-m_rcp45_r1i1p1,GCAM-45,72,1.0143350322717717,71703255506.77054,72368469470.21214,62597035865.97083,62526041287.330475,69430472478.05008
FOL,bcc-csm1-1-m_rcp45_r1i1p1,GCAM-ref,72,1.0143350322717717,53081226168.18062,53093776969.609,44880368847.77502,44937308598.73463,51208245674.43871
FOL,bcc-csm1-1-m_rcp45_r1i1p1,LUCAS-BAU_High-0001,72,1.0143350322717717,31262874033.626255,31590117063.021984,28805592868.57573,28598582477.075,29708676470.549316
FOL,bcc-csm1-1-m_rcp45_r1i1p1,LUCAS-BAU_High-0002,72,1.0143350322717717,32199234940.004745,32604530587.967113,29842081998.049023,29591924083.235573,30740620208.853493
FOL,bcc-csm1-1-m_rcp85_r1i1p1,FORE-SCE-A1B,72,0.8354275303772506,71887556656.02199,73298417332.84146,69310876064.36412,72069650217.89198,67204768893.92248
FOL,bcc-csm1-1-m_rcp85_r1i1p1,FORE-SCE-A2,72,0.8354275303772506,62813623128.63796,64343285699.41479,61048787487.63699,63658484183.94488,58295334465.70633
FOL,bcc-csm1-1-m_rcp85_r1i1p1,FORE-SCE-B1,72,0.8354275303772506,53972676213.550156,55118167891.37811,52199273565.31669,55895945348.69601,49599848254.54296
FOL,bcc-csm1-1-m_rcp85_r1i1p1,GCAM-26,72,0.8354275303772506,129553489085.2454,128634006127.16214,123499892399.90404,126956627545.74557,125631899476.99821
FOL,bcc-csm1-1-m_rcp85_r1i1p1,GCAM-45,72,0.8354275303772506,94000675639.18417,93504352250.81984,88600202397.68729,92691210470.87064,89187674199.02025
FOL,bcc-csm1-1-m_rcp85_r1i1p1,GCAM-ref,72,0.8354275303772506,70431372927.7593,71601986037.53674,67117041488.57536,69775598426.64584,65741483773.78411
FOL,bcc-csm1-1-m_rcp85_r1i1p1,LUCAS-BAU_High-0001,72,0.8354275303772506,44253358687.6482,45265452830.42671,42176762641.283394,46702856887.21719,39933973725.51691
FOL,bcc-csm1-1-m_rcp85_r1i1p1,LUCAS-BAU_High-0002,72,0.8354275303772506,45421032944.28682,46472391263.04604,43964618766.90204,47616439220.64567,41245713523.511154
FOL,bcc-csm1-1_rcp26_r1i1p1,FORE-SCE-A1B,72,1.3788778291997574,79197176238.94557,79947950177.97408,74939628046.85237,74882930498.22635,77702271033.71155
FOL,bcc-csm1-1_rcp26_r1i1p1,FORE-SCE-A2,72,1.3788778291997574,67292203284.00412,68260514263.53145,63158337651.72466,63098737669.375435,65503185614.6865
FOL,bcc-csm1-1_rcp26_r1i1p1,FORE-SCE-B1,72,1.3788778291997574,58640648389.037,59814920968.748245,54718197552.469536,54566783701.33748,56741664100.30852
FOL,bcc-csm1-1_rcp26_r1i1p1,GCAM-26,72,1.3788778291997574,142222028629.48657,143777416589.03513,140242403737.0977,139949737463.6541,141316190903.40967
FOL,bcc-csm1-1_rcp26_r1i1p1,GCAM-45,72,1.3788778291997574,103785433646.71942,104050067674.17073,98836636724.20058,98122685888.8524,102287411062.88406
FOL,bcc-csm1-1_rcp26_r1i1p1,GCAM-ref,72,1.3788778291997574,79569165117.92,80149413709.06636,75326355078.19681,75122381638.55031,77986654834.14024
FOL,bcc-csm1-1_rcp26_r1i1p1,LUCAS-BAU_High-0001,72,1.3788778291997574,49628168681.05703,51184413153.87076,46181416452.07025,45985268826.79603,47681944800.47429
FOL,bcc-csm1-1_rcp26_r1i1p1,LUCAS-BAU_High-0002,72,1.3788778291997574,51226791333.06432,52719201623.435776,47716355236.21312,47525997827.31661,49293448763.19766
FOL,bcc-csm1-1_rcp45_r1i1p1,FORE-SCE-A1B,72,1.0217828294982485,69201837454.68152,70113711618.83128,61178359930.934204,61066242976.945885,66901950638.53066
FOL,bcc-csm1-1_rcp45_r1i1p1,FORE-SCE-A2,72,1.0217828294982485,59195742446.51022,60335083235.60438,53220420141.58182,53027669433.83856,56964736052.413765
FOL,bcc-csm1-1_rcp45_r1i1p1,FORE-SCE-B1,72,1.0217828294982485,50519053999.29042,51920868776.09677,47239350362.41133,46970201818.01925,48388650256.54219
FOL,bcc-csm1-1_rcp45_r1i1p1,GCAM-26,72,1.0217828294982485,126172920166.52838,126066156732.34566,120838383389.30995,120817646630.97923,124685787601.2491
FOL,bcc-csm1-1_rcp45_r1i1p1,GCAM-45,72,1.0217828294982485,91357486747.18987,91724213059.17612,87841277315.25513,87820196118.60094,88853873885.27693
FOL,bcc-csm1-1_rcp45_r1i1p1,GCAM-ref,72,1.0217828294982485,68339418736.34286,69325581721.14299,59725471767.867195,59624899309.91375,66141189005.779724
FOL,bcc-csm1-1_rcp45_r1i1p1,LUCAS-BAU_High-0001,72,1.0217828294982485,42305854365.94371,43357618774.04018,38937503422.43519,38789408101.305595,39863999505.2741
FOL,bcc-csm1-1_rcp45_r1i1p1,LUCAS-BAU_High-0002,72,1.0217828294982485,43536841381.55912,44679948644.948044,40241988365.59591,40058093610.48539,41179264053.27217
FOL,bcc-csm1-1_rcp60_r1i1p1,FORE-SCE-A1B,72,1.1982016421635195,63789610796.08888,64787118887.11137,54455216593.90133,54291155398.92438,60131138924.84803
FOL,bcc-csm1-1_rcp60_r1i1p1,FORE-SCE-A2,72,1.1982016421635195,53957474344.68641,54798825917.71523,46349170792.85032,46215827830.31816,50034806107.386765
FOL,bcc-csm1-1_rcp60_r1i1p1,FORE-SCE-B1,72,1.1982016421635195,46933257001.125534,47671060065.25973,41383464200.36266,41100124995.993706,42659890806.054825
FOL,bcc-csm1-1_rcp60_r1i1p1,GCAM-26,72,1.1982016421635195,119326827418.10782,118563198550.37866,103831524961.12288,103734003262.31842,115911813017.13521
FOL,bcc-csm1-1_rcp60_r1i1p1,GCAM-45,72,1.1982016421635195,84584038705.64589,85711409649.08394,73580442451.53763,73337242620.3963,81485279959.44681
FOL,bcc-csm1-1_rcp60_r1i1p1,GCAM-ref,72,1.1982016421635195,64346183830.55517,65546596237.357925,54881244822.60166,54671181515.80107,61011231728.238785
FOL,bcc-csm1-1_rcp60_r1i1p1,LUCAS-BAU_High-0001,72,1.1982016421635195,39229286796.235535,40368622914.96545,34222855341.143757,34125942836.606842,35227504925.86192
FOL,bcc-csm1-1_rcp60_r1i1p1,LUCAS-BAU_High-0002,72,1.1982016421635195,40579027675.54859,41574755920.894714,35490666241.49338,35374049243.132095,36512931680.54295
FOL,bcc-csm1-1_rcp85_r1i1p1,FORE-SCE-A1B,72,0.919688416126506,111071063337.8729,111883452687.13882,108184900977.79283,111338484380.46341,112640840700.25894
FOL,bcc-csm1-1_rcp85_r1i1p1,FORE-SCE-A2,72,0.919688416126506,100752420976.01297,101051782706.82736,97953188389.3765,101416100958.93591,102118522633.44461
FOL,bcc-csm1-1_rcp85_r1i1p1,FORE-SCE-B1,72,0.919688416126506,90665911812.77824,90924029395.70514,87732183995.0617,89898118972.18134,91701749453.4861
FOL,bcc-csm1-1_rcp85_r1i1p1,GCAM-26,72,0.919688416126506,176020752820.4522,179931916511.62448,178687752040.39783,174162218544.77673,177703311656.4922
FOL,bcc-csm1-1_rcp85_r1i1p1,GCAM-45,72,0.919688416126506,135404832713.4511,138266182771.07944,135437318561.95328,138652087838.3916,137055264030.44081
FOL,bcc-csm1-1_rcp85_r1i1p1,GCAM-ref,72,0.919688416126506,109570012943.5479,111324294290.82425,106291076882.7185,109797137095.31253,111259279857.3271
FOL,bcc-csm1-1_rcp85_r1i1p1,LUCAS-BAU_High-0001,72,0.919688416126506,79364513760.90912,80512838410.70566,75962302630.40965,78008704145.60246,80666434733.1811
FOL,bcc-csm1-1_rcp85_r1i1p1,LUCAS-BAU_High-0002,72,0.919688416126506,80950744470.14244,81484683028.1481,77313174966.1965,79383948770.60287,82196259887.9242
FOL,canesm2_rcp26_r1i1p1,FORE-SCE-A1B,72,0.9105346452475176,78905986221.74211,80369742338.88953,81676901322.7311,79981665164.7747,84727683044.34995
FOL,canesm2_rcp26_r1i1p1,FORE-SCE-A2,72,0.9105346452475176,69455141904.56023,71074662766.27759,71966534709.9278,69117954755.22244,74550000524.63725
FOL,canesm2_rcp26_r1i1p1,FORE-SCE-B1,72,0.9105346452475176,63411423382.51749,64764787786.102455,65942368870.68263,62834308397.66945,67741898234.49104
FOL,canesm2_rcp26_r1i1p1,GCAM-26,72,0.9105346452475176,130923201145.06148,136164272030.98798,129678537778.34068,132362187965.5405,138974930337.88965
FOL,canesm2_rcp26_r1i1p1,GCAM-45,72,0.9105346452475176,97719838949.95784,101180507804.68909,101196238715.73038,100809709620.14018,105154828607.39244
FOL,canesm2_rcp26_r1i1p1,GCAM-ref,72,0.9105346452475176,78971149894.83083,81579341665.98395,82695975884.21684,81034411001.72855,84990709877.7643
FOL,canesm2_rcp26_r1i1p1,LUCAS-BAU_High-0001,72,0.9105346452475176,53194166187.52482,57587667648.003654,56355575268.102776,53982789672.698006,59873384886.466606
FOL,canesm2_rcp26_r1i1p1,LUCAS-BAU_High-0002,72,0.9105346452475176,54562497678.16612,58258373758.28586,57500605547.75606,55170435386.1771,61195384595.03202
FOL,canesm2_rcp45_r1i1p1,FORE-SCE-A1B,72,0.878780092245832,80588641520.60089,86724610414.23502,85280611999.62398,92244274081.74265,93408377285.35951
FOL,canesm2_rcp45_r1i1p1,FORE-SCE-A2,72,0.878780092245832,71131294385.09792,77571203215.37186,76524189948.07176,83477505264.01964,83768175198.91345
FOL,canesm2_rcp45_r1i1p1,FORE-SCE-B1,72,0.878780092245832,64245128143.89824,69881787891.05666,68633523075.10823,75723745066.97385,76423419781.83636
FOL,canesm2_rcp45_r1i1p1,GCAM-26,72,0.878780092245832,137325499334.86284,141136479117.26117,142163980652.57602,143939105387.76697,148623093454.97772
FOL,canesm2_rcp45_r1i1p1,GCAM-45,72,0.878780092245832,100652853130.84557,107774655207.36285,106163469783.9482,110639436545.71162,115440766947.40584
FOL,canesm2_rcp45_r1i1p1,GCAM-ref,72,0.878780092245832,80109349630.01575,86455653748.90282,84690350466.64996,91790222749.74614,93155414751.55478
FOL,canesm2_rcp45_r1i1p1,LUCAS-BAU_High-0001,72,0.878780092245832,56326192283.94611,63269230330.39597,60322703734.163086,68152473474.78572,68614693269.93694
FOL,canesm2_rcp45_r1i1p1,LUCAS-BAU_High-0002,72,0.878780092245832,57606428273.912796,63749816068.852715,61432040408.98394,69245852910.30518,69836947624.85065
FOL,canesm2_rcp85_r1i1p1,FORE-SCE-A1B,72,0.8211033892073395,255551749753.99097,259182653151.45743,255798317117.59454,262185059161.2967,272909371510.60388
FOL,canesm2_rcp85_r1i1p1,FORE-SCE-A2,72,0.8211033892073395,241712119883.96393,247744335027.26248,244636365296.075,250729978105.08585,260694201152.417
FOL,canesm2_rcp85_r1i1p1,FORE-SCE-B1,72,0.8211033892073395,230970892162.12766,238048437538.29044,235903438547.48758,239805245174.28912,250185272565.75418
FOL,canesm2_rcp85_r1i1p1,GCAM-26,72,0.8211033892073395,325112239274.43054,329366165596.90485,323702168567.35754,339532711033.16174,347769241406.1478
FOL,canesm2_rcp85_r1i1p1,GCAM-45,72,0.8211033892073395,282336612954.61725,286706066635.8318,284155774088.4954,299522164855.7571,305556582744.8751
FOL,canesm2_rcp85_r1i1p1,GCAM-ref,72,0.8211033892073395,255148249782.11246,260092045086.3225,258067427815.56622,265770543502.54376,272808001429.1179
FOL,canesm2_rcp85_r1i1p1,LUCAS-BAU_High-0001,72,0.8211033892073395,221031620348.24557,227136225055.87863,222646094534.07205,226583898015.74847,239188959069.93024
FOL,canesm2_rcp85_r1i1p1,LUCAS-BAU_High-0002,72,0.8211033892073395,222620506664.62384,228926672210.33978,225345928402.73975,228269865494.06937,240873188035.40097
FOL,ccsm4_rcp26_r1i1p1,FORE-SCE-A1B,72,1.0225783031900353,47589182327.84037,49376633602.716736,54283115071.55123,54149326739.377914,45211707048.673965
FOL,ccsm4_rcp26_r1i1p1,FORE-SCE-A2,72,1.0225783031900353,40527151743.167,41759316969.05282,36537087679.61114,36335565516.90377,38253895348.38272
FOL,ccsm4_rcp26_r1i1p1,FORE-SCE-B1,72,1.0225783031900353,34501992045.38441,35632000643.58501,32085947963.97175,31753403783.302258,32004163679.195587
FOL,ccsm4_rcp26_r1i1p1,GCAM-26,72,1.0225783031900353,91837282940.44327,92100322750.07767,98495111204.6947,97967507151.38501,89451136406.35112
FOL,ccsm4_rcp26_r1i1p1,GCAM-45,72,1.0225783031900353,64392838917.99516,65401544647.70118,68759431488.48683,68817468401.98819,61863191144.40666
FOL,ccsm4_rcp26_r1i1p1,GCAM-ref,72,1.0225783031900353,47249480298.93745,49105111898.04339,53669763198.93689,53490311628.88733,44937607523.21048
FOL,ccsm4_rcp26_r1i1p1,LUCAS-BAU_High-0001,72,1.0225783031900353,28525955597.443016,29494660137.279976,26143938963.563118,25980595557.64118,26034499411.56856
FOL,ccsm4_rcp26_r1i1p1,LUCAS-BAU_High-0002,72,1.0225783031900353,29460743551.727226,30324533306.132027,27084857273.10389,26814723256.339634,26955198743.80079
FOL,ccsm4_rcp45_r1i1p1,FORE-SCE-A1B,72,0.9916467060702416,61107612146.045105,61607814561.83774,56012483686.32441,55909171527.091194,60518481572.55019
FOL,ccsm4_rcp45_r1i1p1,FORE-SCE-A2,72,0.9916467060702416,51684298699.16002,52250809660.6535,48107852919.53205,48119505118.8275,50757797029.38233
FOL,ccsm4_rcp45_r1i1p1,FORE-SCE-B1,72,0.9916467060702416,45078408904.489555,45357966015.77681,41593550187.75229,42206767830.14025,43919812564.20902
FOL,ccsm4_rcp45_r1i1p1,GCAM-26,72,0.9916467060702416,112405998138.8492,111923084235.85796,103732939853.27843,103679324356.26102,111944334403.55933
FOL,ccsm4_rcp45_r1i1p1,GCAM-45,72,0.9916467060702416,80743405189.18736,80590325665.34212,74813515483.74277,75710166812.88179,79447307130.92198
FOL,ccsm4_rcp45_r1i1p1,GCAM-ref,72,0.9916467060702416,61731890130.54356,62594956338.791306,56212729206.795044,56119343986.42857,61779182693.62971
FOL,ccsm4_rcp45_r1i1p1,LUCAS-BAU_High-0001,72,0.9916467060702416,37944467385.59104,38795178344.576744,35039335146.64058,35687851071.862366,36884639770.589165
FOL,ccsm4_rcp45_r1i1p1,LUCAS-BAU_High-0002,72,0.9916467060702416,39145993994.801414,39737315524.90831,36008350026.16689,36667020434.71749,38117653597.66016
FOL,ccsm4_rcp60_r1i1p1,FORE-SCE-A1B,72,0.955464203588995,51299159071.644135,56874944673.040436,53678980927.82294,53312407813.41917,60606594238.335686
FOL,ccsm4_rcp60_r1i1p1,FORE-SCE-A2,72,0.955464203588995,43426822792.58674,49480719675.13072,46985100991.510635,47277684103.25532,52389439781.26684
FOL,ccsm4_rcp60_r1i1p1,FORE-SCE-B1,72,0.955464203588995,37853212483.13122,42899039839.70754,42876983930.137505,42559996876.46332,46650425516.44554
FOL,ccsm4_rcp60_r1i1p1,GCAM-26,72,0.955464203588995,96658877575.06375,102065383545.70749,102970933256.40485,97118001009.63742,104342807749.56761
FOL,ccsm4_rcp60_r1i1p1,GCAM-45,72,0.955464203588995,68294638329.901245,75623103511.1166,74358866216.9063,70312068528.60385,75659817278.66847
FOL,ccsm4_rcp60_r1i1p1,GCAM-ref,72,0.955464203588995,52017859443.6983,57889234018.77568,54598808587.970314,54173683972.976776,61879093692.895485
FOL,ccsm4_rcp60_r1i1p1,LUCAS-BAU_High-0001,72,0.955464203588995,31965653134.447807,37501826312.61344,37180359480.47213,36928212920.90406,40739026731.862114
FOL,ccsm4_rcp60_r1i1p1,LUCAS-BAU_High-0002,72,0.955464203588995,33041480899.188118,38458982502.40838,38204877586.21935,37904734318.576614,41781617609.61304
FOL,ccsm4_rcp85_r1i1p1,FORE-SCE-A1B,72,1.239213170996984,100469107069.22128,103941360394.17102,94620934905.46182,94751351346.80649,102311793581.76863
FOL,ccsm4_rcp85_r1i1p1,FORE-SCE-A2,72,1.239213170996984,90545265828.34328,94213280968.1394,85046889496.00478,84011805986.12256,92079079928.0527
FOL,ccsm4_rcp85_r1i1p1,FORE-SCE-B1,72,1.239213170996984,81496060773.10162,84342097975.90341,78675934310.40237,77617850611.68022,83321006633.97725
FOL,ccsm4_rcp85_r1i1p1,GCAM-26,72,1.239213170996984,158951398097.39197,163399471163.91452,146713503923.98987,149564413246.02545,163058094548.2155
FOL,ccsm4_rcp85_r1i1p1,GCAM-45,72,1.239213170996984,122046519913.6996,125433365763.97435,110379690821.37915,113519918186.03856,125641031622.85057
FOL,ccsm4_rcp85_r1i1p1,GCAM-ref,72,1.239213170996984,99656673831.6763,103043999039.78407,93432235360.07552,93532321880.80528,101645677031.14822
FOL,ccsm4_rcp85_r1i1p1,LUCAS-BAU_High-0001,72,1.239213170996984,71648762387.97325,75575961024.48361,68813024774.46283,68505394087.35525,73661389227.1097
FOL,ccsm4_rcp85_r1i1p1,LUCAS-BAU_High-0002,72,1.239213170996984,73120539289.64587,76648503972.35268,70213611502.0769,69832838446.94601,75109219455.13177
FOL,cesm1-bgc_rcp45_r1i1p1,FORE-SCE-A1B,72,0.8486901497788488,63962802890.299706,65520477352.63967,65095843691.6287,67336263405.74673,69027450223.55199
FOL,cesm1-bgc_rcp45_r1i1p1,FORE-SCE-A2,72,0.8486901497788488,55503093385.44482,57510064081.173965,57416201178.40027,59601419850.22045,59993916687.14951
FOL,cesm1-bgc_rcp45_r1i1p1,FORE-SCE-B1,72,0.8486901497788488,49028146875.3425,50220788636.007904,50336082415.79141,50004338489.22094,53480196067.64276
FOL,cesm1-bgc_rcp45_r1i1p1,GCAM-26,72,0.8486901497788488,112129096094.50949,112995794413.6746,114128518688.42802,117633912602.68948,119283173879.17732
FOL,cesm1-bgc_rcp45_r1i1p1,GCAM-45,72,0.8486901497788488,82191942757.03708,81916108045.21092,80765848850.6114,86465976389.41092,88272459371.20201
FOL,cesm1-bgc_rcp45_r1i1p1,GCAM-ref,72,0.8486901497788488,64290018951.710205,65562661533.89293,65314464351.39762,67505884965.09836,69424813293.16748
FOL,cesm1-bgc_rcp45_r1i1p1,LUCAS-BAU_High-0001,72,0.8486901497788488,42697002368.94808,43869045952.93191,43200864774.11005,43587935153.41194,46578451855.20059
FOL,cesm1-bgc_rcp45_r1i1p1,LUCAS-BAU_High-0002,72,0.8486901497788488,43810557101.73473,45061845446.99529,45002972386.383835,44629884209.82786,47729727044.704765
FOL,cesm1-bgc_rcp85_r1i1p1,FORE-SCE-A1B,72,0.9372026797687987,69056454877.68039,73368417014.76663,63583414808.180115,68286455579.43907,82041630617.22308
FOL,cesm1-bgc_rcp85_r1i1p1,FORE-SCE-A2,72,0.9372026797687987,59767979705.972755,63655722396.99006,57371379899.23096,62132841768.21661,72186697618.38225
FOL,cesm1-bgc_rcp85_r1i1p1,FORE-SCE-B1,72,0.9372026797687987,52534735522.46301,54451343277.903175,50282642170.37571,53274370042.517365,65686703111.92761
FOL,cesm1-bgc_rcp85_r1i1p1,GCAM-26,72,0.9372026797687987,122355577263.72455,133919887018.35332,118012207524.3062,120986809764.95001,136724628502.99692
FOL,cesm1-bgc_rcp85_r1i1p1,GCAM-45,72,0.9372026797687987,89597392590.36409,97009705408.4118,85784445343.30473,87715235564.7565,103185972081.31725
FOL,cesm1-bgc_rcp85_r1i1p1,GCAM-ref,72,0.9372026797687987,68677694266.82085,72679553010.4347,61488041940.543625,66325261188.07555,82517719564.85115
FOL,cesm1-bgc_rcp85_r1i1p1,LUCAS-BAU_High-0001,72,0.9372026797687987,45043720068.27489,47080191592.67712,42660005098.94216,45739079402.40344,57798520184.62435
FOL,cesm1-bgc_rcp85_r1i1p1,LUCAS-BAU_High-0002,72,0.9372026797687987,46260552277.61476,48307254384.83841,43948215408.66277,46967862227.01491,59125361270.50866
FOL,cesm1-cam5_rcp26_r1i1p1,FORE-SCE-A1B,72,0.9037552749062527,44947172355.61553,44552766646.18588,43860966286.681435,45358416383.20364,46220397224.02536
FOL,cesm1-cam5_rcp26_r1i1p1,FORE-SCE-A2,72,0.9037552749062527,36946482469.976654,37029605486.18391,37407377724.030365,36756072935.23076,39216118499.53944
FOL,cesm1-cam5_rcp26_r1i1p1,FORE-SCE-B1,72,0.9037552749062527,31187812694.568607,31250945044.68605,32356235664.690243,31672286747.413357,32981754631.715733
FOL,cesm1-cam5_rcp26_r1i1p1,GCAM-26,72,0.9037552749062527,88362309727.77402,90393607667.56686,85927611762.6247,88701538782.6017,89819859812.98656
FOL,cesm1-cam5_rcp26_r1i1p1,GCAM-45,72,0.9037552749062527,60033141104.270386,60649455565.374435,57254600729.42218,59870921460.975174,62039794771.33826
FOL,cesm1-cam5_rcp26_r1i1p1,GCAM-ref,72,0.9037552749062527,43880556687.179596,43589553281.38217,42693815706.0804,44150023867.33909,45344952641.11966
FOL,cesm1-cam5_rcp26_r1i1p1,LUCAS-BAU_High-0001,72,0.9037552749062527,25325089340.41256,25180269938.432858,25776856055.381706,24342482056.152416,26725234844.306934
FOL,cesm1-cam5_rcp26_r1i1p1,LUCAS-BAU_High-0002,72,0.9037552749062527,25956613831.9364,26340973021.57488,27376845772.57569,26676005665.30439,27655674321.246407
FOL,cesm1-cam5_rcp45_r1i1p1,FORE-SCE-A1B,72,1.1185547593572176,69998846470.17543,70628678985.30038,64297779507.68997,65718422724.91072,68865885572.3493
FOL,cesm1-cam5_rcp45_r1i1p1,FORE-SCE-A2,72,1.1185547593572176,60463343784.92932,60649599611.88963,55012963832.71451,56573584569.463104,58995264258.514885
FOL,cesm1-cam5_rcp45_r1i1p1,FORE-SCE-B1,72,1.1185547593572176,54006276915.78566,53857611309.509384,51369655200.587494,52740820125.75795,52279012784.37394
FOL,cesm1-cam5_rcp45_r1i1p1,GCAM-26,72,1.1185547593572176,126167768512.77168,125422269054.2548,112647632110.20433,112408083111.07422,123079581472.77028
FOL,cesm1-cam5_rcp45_r1i1p1,GCAM-45,72,1.1185547593572176,91322530564.74875,91931206750.97984,81874589038.4619,81653564874.76723,89053017154.06638
FOL,cesm1-cam5_rcp45_r1i1p1,GCAM-ref,72,1.1185547593572176,70701570076.90009,72349923189.30396,65175338733.41327,65278923578.26181,69546784543.74767
FOL,cesm1-cam5_rcp45_r1i1p1,LUCAS-BAU_High-0001,72,1.1185547593572176,44583618791.26273,45407882177.85577,42258213099.26016,45998311923.24563,44474495145.686104
FOL,cesm1-cam5_rcp45_r1i1p1,LUCAS-BAU_High-0002,72,1.1185547593572176,46021230623.93002,46597418194.72261,43543938995.16826,47279792437.09451,45777479393.203926
FOL,cesm1-cam5_rcp60_r1i1p1,FORE-SCE-A1B,72,1.0298200688768058,61546164745.66825,62289329380.57544,51400855654.35469,51309941958.37742,59372032726.44151
FOL,cesm1-cam5_rcp60_r1i1p1,FORE-SCE-A2,72,1.0298200688768058,52378903486.276405,53277211424.1317,43890370086.60151,43733755783.30077,50194353254.80816
FOL,cesm1-cam5_rcp60_r1i1p1,FORE-SCE-B1,72,1.0298200688768058,44939626970.10497,46221988883.08835,40546642111.58027,40118470339.12723,42944442217.10367
FOL,cesm1-cam5_rcp60_r1i1p1,GCAM-26,72,1.0298200688768058,112712968338.25298,113010814809.87784,99093835463.12735,98790478256.89984,112286176825.34148
FOL,cesm1-cam5_rcp60_r1i1p1,GCAM-45,72,1.0298200688768058,81482221106.57849,81353614321.7779,69246106466.1798,69214391913.87355,79342232805.54216
FOL,cesm1-cam5_rcp60_r1i1p1,GCAM-ref,72,1.0298200688768058,61236637606.33495,61898760021.89889,52464213541.26598,52367045322.36965,59285939804.07778
FOL,cesm1-cam5_rcp60_r1i1p1,LUCAS-BAU_High-0001,72,1.0298200688768058,37207336024.588936,38393264940.05723,33489512297.102646,33074181630.70519,35185709918.10557
FOL,cesm1-cam5_rcp60_r1i1p1,LUCAS-BAU_High-0002,72,1.0298200688768058,38458819066.3835,39541031952.5639,34497546451.2549,34104817620.594578,36412639081.12477
FOL,cesm1-cam5_rcp85_r1i1p1,FORE-SCE-A1B,72,0.8276276834056251,105241517225.66898,107851810817.94699,104493734326.58235,104750217618.81111,109238951554.97232
FOL,cesm1-cam5_rcp85_r1i1p1,FORE-SCE-A2,72,0.8276276834056251,94321449032.00633,97354067410.18954,93365832862.88568,92963915527.1737,98054912160.4989
FOL,cesm1-cam5_rcp85_r1i1p1,FORE-SCE-B1,72,0.8276276834056251,85761898925.99646,88799503398.50244,85729001991.62537,85223720751.38373,88609703727.08978
FOL,cesm1-cam5_rcp85_r1i1p1,GCAM-26,72,0.8276276834056251,166288941057.5165,169669875041.9722,166821178078.2088,165523257509.33975,173710577939.31076
FOL,cesm1-cam5_rcp85_r1i1p1,GCAM-45,72,0.8276276834056251,128238390519.89017,130399356721.9016,127527541552.33154,127586338530.4858,133009981609.33365
FOL,cesm1-cam5_rcp85_r1i1p1,GCAM-ref,72,0.8276276834056251,105113232577.59163,107165491601.02162,104129203880.5607,103800786156.01407,108290586987.12917
FOL,cesm1-cam5_rcp85_r1i1p1,LUCAS-BAU_High-0001,72,0.8276276834056251,75420562505.665,79112004647.35893,75603994651.29945,74820046656.14732,77650155002.13206
FOL,cesm1-cam5_rcp85_r1i1p1,LUCAS-BAU_High-0002,72,0.8276276834056251,76934208070.93954,80610144274.3639,77064047568.86855,76331270198.48834,79281862797.16086
FOL,cmcc-cm_rcp45_r1i1p1,FORE-SCE-A1B,72,1.1502885985143785,71003854152.98022,72013710678.3458,58576647470.29991,58936563326.30006,68902292795.01259
FOL,cmcc-cm_rcp45_r1i1p1,FORE-SCE-A2,72,1.1502885985143785,60634331649.44372,61741981232.69667,52731927129.5817,53124586167.24924,58699293753.3785
FOL,cmcc-cm_rcp45_r1i1p1,FORE-SCE-B1,72,1.1502885985143785,53031376969.54544,53971397514.7193,50015528817.98735,50248523954.3072,50933990839.72655
FOL,cmcc-cm_rcp45_r1i1p1,GCAM-26,72,1.1502885985143785,130306470165.2114,129998122110.3439,114796162870.37364,114603076950.9201,126500020081.15007
FOL,cmcc-cm_rcp45_r1i1p1,GCAM-45,72,1.1502885985143785,92783017681.0191,94800793164.05342,82519828608.08423,82539959242.47514,90218595791.19234
FOL,cmcc-cm_rcp45_r1i1p1,GCAM-ref,72,1.1502885985143785,70702348271.11885,73200747355.08777,66045360063.99168,65854283927.29817,68368624817.62335
FOL,cmcc-cm_rcp45_r1i1p1,LUCAS-BAU_High-0001,72,1.1502885985143785,42511053190.329994,44634436577.074646,41748142347.17789,41543321619.28686,42283859271.79861
FOL,cmcc-cm_rcp45_r1i1p1,LUCAS-BAU_High-0002,72,1.1502885985143785,43970033538.89547,45972555505.42016,43087668729.85837,42828414800.15261,43642785976.0103
FOL,cmcc-cm_rcp85_r1i1p1,FORE-SCE-A1B,72,1.4134196026612917,91077030107.41922,89370888784.0963,75301946304.22119,75211677463.24585,87305171896.90678
FOL,cmcc-cm_rcp85_r1i1p1,FORE-SCE-A2,72,1.4134196026612917,80262081024.24174,79890187501.4908,67373519396.09852,67338848076.14177,76784269219.90898
FOL,cmcc-cm_rcp85_r1i1p1,FORE-SCE-B1,72,1.4134196026612917,69428033871.90547,69650017262.9036,61971175971.818954,61977145560.849884,66032306929.39986
FOL,cmcc-cm_rcp85_r1i1p1,GCAM-26,72,1.4134196026612917,154711968886.18555,153383510902.9223,131748251750.57602,131610829544.94843,151163314466.3991
FOL,cmcc-cm_rcp85_r1i1p1,GCAM-45,72,1.4134196026612917,115299434366.22044,113532715355.88087,95507561767.13708,95402672331.45135,110069266415.48933
FOL,cmcc-cm_rcp85_r1i1p1,GCAM-ref,72,1.4134196026612917,89624738121.31804,87548344061.26353,74736672766.06729,74593510965.18315,85833720191.64723
FOL,cmcc-cm_rcp85_r1i1p1,LUCAS-BAU_High-0001,72,1.4134196026612917,57811508180.712105,59048521807.71531,50906079552.14193,51119968634.148026,54528926523.534775
FOL,cmcc-cm_rcp85_r1i1p1,LUCAS-BAU_High-0002,72,1.4134196026612917,59460139366.06972,60399426806.49477,52441807805.27453,52595531422.154045,56131713222.81449
FOL,cnrm-cm5_rcp45_r1i1p1,FORE-SCE-A1B,72,0.8320703851767226,65426210349.137886,72826318245.82599,68636127464.88466,79961884026.9934,86872539257.90303
FOL,cnrm-cm5_rcp45_r1i1p1,FORE-SCE-A2,72,0.8320703851767226,56538397992.08938,63975128488.47615,57787204622.52833,70898008530.01715,78703734672.33005
FOL,cnrm-cm5_rcp45_r1i1p1,FORE-SCE-B1,72,0.8320703851767226,50690780073.16102,57816384820.57771,51766367503.94625,64834091078.11908,72518149029.81996
FOL,cnrm-cm5_rcp45_r1i1p1,GCAM-26,72,0.8320703851767226,112897811379.84427,121628299465.99547,113052019679.09094,133325965661.22575,135103776832.21857
FOL,cnrm-cm5_rcp45_r1i1p1,GCAM-45,72,0.8320703851767226,83107969700.23416,90983685375.86835,86369908636.94397,103860223883.12943,105614270362.87854
FOL,cnrm-cm5_rcp45_r1i1p1,GCAM-ref,72,0.8320703851767226,65422789785.293,73938262463.1538,69694098888.09557,80351500125.01514,86967965422.59465
FOL,cnrm-cm5_rcp45_r1i1p1,LUCAS-BAU_High-0001,72,0.8320703851767226,43663751729.454155,51774541980.34256,43769657338.431656,57594204358.24054,65911443596.32814
FOL,cnrm-cm5_rcp45_r1i1p1,LUCAS-BAU_High-0002,72,0.8320703851767226,44715223302.745056,52588250999.3289,45133133800.78244,58558074195.641335,66963501882.421974
FOL,cnrm-cm5_rcp85_r1i1p1,FORE-SCE-A1B,72,0.7687833731792296,153761052822.8034,163286883416.2807,168940277771.90884,163595026105.9952,168384839607.36456
FOL,cnrm-cm5_rcp85_r1i1p1,FORE-SCE-A2,72,0.7687833731792296,142464490204.11514,154026505782.6009,157118698241.18332,152091992343.51175,156985840556.96805
FOL,cnrm-cm5_rcp85_r1i1p1,FORE-SCE-B1,72,0.7687833731792296,133261143899.42703,145823295738.88507,148320095329.77805,142677484109.99197,147767360793.0466
FOL,cnrm-cm5_rcp85_r1i1p1,GCAM-26,72,0.7687833731792296,216512974408.82574,224439210996.48096,218539695163.19955,236255676131.45337,236854841901.93445
FOL,cnrm-cm5_rcp85_r1i1p1,GCAM-45,72,0.7687833731792296,177331558291.6022,185401988150.6888,186763800928.7829,194298497115.37598,196611790341.82397
FOL,cnrm-cm5_rcp85_r1i1p1,GCAM-ref,72,0.7687833731792296,153275388654.49896,162758576285.34433,166006143239.10934,163053215346.78528,168005042253.66272
FOL,cnrm-cm5_rcp85_r1i1p1,LUCAS-BAU_High-0001,72,0.7687833731792296,123322573628.04903,137906975507.91992,137168176508.0651,131855681583.14749,137034575566.16457
FOL,cnrm-cm5_rcp85_r1i1p1,LUCAS-BAU_High-0002,72,0.7687833731792296,124757063359.198,138625665002.3122,138223093545.9396,133539333057.01997,138647173754.1535
FOL,csiro-mk3-6-0_rcp26_r1i1p1,FORE-SCE-A1B,72,0.9329682088025899,65943676434.16941,67006440766.6649,62357524927.133545,63425630668.82739,69256144799.75052
FOL,csiro-mk3-6-0_rcp26_r1i1p1,FORE-SCE-A2,72,0.9329682088025899,55505651035.184845,56843010799.31516,53204169132.21961,54283537013.485695,58741013526.84936
FOL,csiro-mk3-6-0_rcp26_r1i1p1,FORE-SCE-B1,72,0.9329682088025899,48618771841.789024,50017724078.4016,47368696242.6504,48434578343.52322,51739245690.76249
FOL,csiro-mk3-6-0_rcp26_r1i1p1,GCAM-26,72,0.9329682088025899,121237827674.00468,121318327576.15517,113124388105.31985,113508046535.41293,121465690985.03687
FOL,csiro-mk3-6-0_rcp26_r1i1p1,GCAM-45,72,0.9329682088025899,87704420049.34654,87591995081.67946,80601075030.71721,82247532634.83473,87432799099.743
FOL,csiro-mk3-6-0_rcp26_r1i1p1,GCAM-ref,72,0.9329682088025899,67717042872.34787,68037771322.1842,63227814035.07747,63763862735.19761,70063285472.6735
FOL,csiro-mk3-6-0_rcp26_r1i1p1,LUCAS-BAU_High-0001,72,0.9329682088025899,41254417050.26719,42747150676.70583,39968832324.55989,41143611435.98262,44075659920.71325
FOL,csiro-mk3-6-0_rcp26_r1i1p1,LUCAS-BAU_High-0002,72,0.9329682088025899,42655526013.37494,44084903660.172844,41337213343.94814,42488415275.02836,45475194310.27131
FOL,csiro-mk3-6-0_rcp45_r1i1p1,FORE-SCE-A1B,72,1.2149166478762228,77849190547.51158,78570502574.95338,66908184951.26537,68679909423.04475,73938731107.77446
FOL,csiro-mk3-6-0_rcp45_r1i1p1,FORE-SCE-A2,72,1.2149166478762228,66435446471.16486,67525575105.06282,57444677250.9081,59148484901.46249,62873388458.27957
FOL,csiro-mk3-6-0_rcp45_r1i1p1,FORE-SCE-B1,72,1.2149166478762228,57920850403.809265,59137231063.96858,52132916839.097404,53652783783.665375,54610602755.57524
FOL,csiro-mk3-6-0_rcp45_r1i1p1,GCAM-26,72,1.2149166478762228,140264504774.07434,140844914049.69025,117913150455.45169,116788265135.63797,135189708790.44531
FOL,csiro-mk3-6-0_rcp45_r1i1p1,GCAM-45,72,1.2149166478762228,101915120073.69037,102542643950.16663,84843667753.25261,84817286087.1245,97182871466.8472
FOL,csiro-mk3-6-0_rcp45_r1i1p1,GCAM-ref,72,1.2149166478762228,79289929061.44893,79538022335.98398,66270392827.43675,66712444647.21955,74310401116.27827
FOL,csiro-mk3-6-0_rcp45_r1i1p1,LUCAS-BAU_High-0001,72,1.2149166478762228,48557325656.82334,50351581950.90015,43517165792.66599,45343613988.80648,45534654691.17845
FOL,csiro-mk3-6-0_rcp45_r1i1p1,LUCAS-BAU_High-0002,72,1.2149166478762228,50097481536.61789,51700772014.64516,44983598684.24102,46722522164.515205,47024293316.913666
FOL,csiro-mk3-6-0_rcp60_r1i1p1,FORE-SCE-A1B,72,1.024335032360929,58527518808.86248,58903619907.46073,49075133370.77628,51791905215.70951,60975956191.57507
FOL,csiro-mk3-6-0_rcp60_r1i1p1,FORE-SCE-A2,72,1.024335032360929,49533637799.12856,50135220408.07704,41761129153.35486,44676441275.31361,52547980240.64872
FOL,csiro-mk3-6-0_rcp60_r1i1p1,FORE-SCE-B1,72,1.024335032360929,42709102887.378685,42878291612.08434,39059586373.21894,41761310346.929054,45078682873.83762
FOL,csiro-mk3-6-0_rcp60_r1i1p1,GCAM-26,72,1.024335032360929,111054999639.39302,110387762993.68321,102548982022.82928,105396075966.23602,113402354325.68346
FOL,csiro-mk3-6-0_rcp60_r1i1p1,GCAM-45,72,1.024335032360929,77822910262.24844,78660867784.02519,67996900862.76517,69895430899.29358,80475229630.56804
FOL,csiro-mk3-6-0_rcp60_r1i1p1,GCAM-ref,72,1.024335032360929,57829794228.41573,57980745627.86194,49885973817.04173,52517415722.63885,60142965274.81494
FOL,csiro-mk3-6-0_rcp60_r1i1p1,LUCAS-BAU_High-0001,72,1.024335032360929,34515006803.35187,34968430871.87944,31276467206.87662,34055043002.071857,37097618081.60407
FOL,csiro-mk3-6-0_rcp60_r1i1p1,LUCAS-BAU_High-0002,72,1.024335032360929,35699627179.55363,36057243788.55385,32390727392.350117,35155456411.27542,38252013022.22856
FOL,csiro-mk3-6-0_rcp85_r1i1p1,FORE-SCE-A1B,72,0.9498711798905176,82147761096.56848,83837599420.64061,76960860300.01987,76291248904.36102,84356123164.96574
FOL,csiro-mk3-6-0_rcp85_r1i1p1,FORE-SCE-A2,72,0.9498711798905176,71849915113.82222,73173579653.92264,65474356081.0364,65779668935.2451,73266246157.32692
FOL,csiro-mk3-6-0_rcp85_r1i1p1,FORE-SCE-B1,72,0.9498711798905176,63280144147.23648,64619364996.24173,60658432774.60595,60997617226.59616,64229273495.6195
FOL,csiro-mk3-6-0_rcp85_r1i1p1,GCAM-26,72,0.9498711798905176,145645539162.96616,145797051183.3439,134850941871.87985,136759662655.19424,145937595032.57397
FOL,csiro-mk3-6-0_rcp85_r1i1p1,GCAM-45,72,0.9498711798905176,105529134547.77039,106556061365.36203,98823884645.14485,99916886633.02885,106330135181.62549
FOL,csiro-mk3-6-0_rcp85_r1i1p1,GCAM-ref,72,0.9498711798905176,81697092190.83578,83374388131.41545,76775449711.81758,76081068481.1581,84109976852.58305
FOL,csiro-mk3-6-0_rcp85_r1i1p1,LUCAS-BAU_High-0001,72,0.9498711798905176,53166246923.49062,54928712555.99686,51032205556.676315,51475111057.91587,54059903505.12959
FOL,csiro-mk3-6-0_rcp85_r1i1p1,LUCAS-BAU_High-0002,72,0.9498711798905176,54747931442.15003,56328682306.48351,52520171895.4608,52873901090.98895,55602221953.860916
FOL,fgoals-g2_rcp26_r1i1p1,FORE-SCE-A1B,72,1.1279484436759435,44565298073.54783,44106222013.735916,38820232529.62276,38699757454.80794,42497266778.74366
FOL,fgoals-g2_rcp26_r1i1p1,FORE-SCE-A2,72,1.1279484436759435,36293367462.064285,35864405515.225975,31038189630.35782,30969549499.05121,34269773580.726593
FOL,fgoals-g2_rcp26_r1i1p1,FORE-SCE-B1,72,1.1279484436759435,31328562572.877186,31034461147.036243,28238169967.691326,28046955663.709835,29383795995.721397
FOL,fgoals-g2_rcp26_r1i1p1,GCAM-26,72,1.1279484436759435,88272996540.97807,86785365386.37991,80167699589.45918,80141116784.74858,86607801547.01172
FOL,fgoals-g2_rcp26_r1i1p1,GCAM-45,72,1.1279484436759435,60788209655.10438,59988036954.48864,52190921876.293175,51876348763.19977,58720748145.49013
FOL,fgoals-g2_rcp26_r1i1p1,GCAM-ref,72,1.1279484436759435,45198492373.058556,44661721133.7249,38885881582.428154,38755212474.881226,43142624409.78434
FOL,fgoals-g2_rcp26_r1i1p1,LUCAS-BAU_High-0001,72,1.1279484436759435,25594486699.986103,25238637482.21609,22891111111.334896,22794655985.59708,23708182602.090534
FOL,fgoals-g2_rcp26_r1i1p1,LUCAS-BAU_High-0002,72,1.1279484436759435,26652372622.575718,26256502607.821766,23878407069.089367,23751068805.396755,24727713297.7347
MIL,access1-0_rcp45_r1i1p1,FORE-SCE-A1B,72,0.5414690707709217,181563612272.8519,182836553550.3907,175509748803.80725,179796089463.59027,179796089463.59027
MIL,access1-0_rcp45_r1i1p1,FORE-SCE-A2,72,0.5414690707709217,172681369533.4679,172221793786.82895,165561446696.6646,167646422669.59665,167646422669.59665
MIL,access1-0_rcp45_r1i1p1,FORE-SCE-B1,72,0.5414690707709217,164692135977.72153,164196746202.1719,158057059470.223,159105446719.07532,159105446719.07532
MIL,access1-0_rcp45_r1i1p1,GCAM-26,72,0.5414690707709217,234119060219.318,235734623395.5736,226259441526.50232,232891336902.74722,232891336902.74722
MIL,access1-0_rcp45_r1i1p1,GCAM-45,72,0.5414690707709217,201083340019.13858,203186204731.9894,194247257510.12155,197754459085.3513,197754459085.3513
MIL,access1-0_rcp45_r1i1p1,GCAM-ref,72,0.5414690707709217,180616732585.1569,182482505517.92752,175681501708.36197,180033950727.99847,180033950727.99847
MIL,access1-0_rcp45_r1i1p1,LUCAS-BAU_High-0001,72,0.5414690707709217,153756951055.7208,155288277508.02933,148942120850.70102,149551174136.4859,149551174136.4859
MIL,access1-0_rcp45_r1i1p1,LUCAS-BAU_High-0002,72,0.5414690707709217,155291249595.99933,156501911547.84726,150785634655.4886,151190865007.46027,151190865007.46027
MIL,access1-0_rcp85_r1i1p1,FORE-SCE-A1B,72,0.5835979517537792,154053155249.966,153079198733.3975,150089828643.38525,157841788881.6429,157841788881.6429
MIL,access1-0_rcp85_r1i1p1,FORE-SCE-A2,72,0.5835979517537792,141376872867.59744,140517324918.86874,138932201889.26175,144242070250.71597,144242070250.71597
MIL,access1-0_rcp85_r1i1p1,FORE-SCE-B1,72,0.5835979517537792,131487249975.27296,131250309121.70717,130425413249.33601,133716292039.30952,133716292039.30952
MIL,access1-0_rcp85_r1i1p1,GCAM-26,72,0.5835979517537792,221008578378.1908,219275944349.26703,215766227280.88452,226553280691.78912,226553280691.78912
MIL,access1-0_rcp85_r1i1p1,GCAM-45,72,0.5835979517537792,180860698177.43427,178980877230.75677,176294686225.1579,184090194487.08676,184090194487.08676
MIL,access1-0_rcp85_r1i1p1,GCAM-ref,72,0.5835979517537792,154221916962.93073,153264936058.70132,151002849196.52673,157852463284.88007,157852463284.88007
MIL,access1-0_rcp85_r1i1p1,LUCAS-BAU_High-0001,72,0.5835979517537792,120244271808.6367,119094370090.06953,118511133439.33643,121263203499.31497,121263203499.31497
MIL,access1-0_rcp85_r1i1p1,LUCAS-BAU_High-0002,72,0.5835979517537792,122174849323.96971,121141337152.45175,120482605670.97989,123253025148.5075,123253025148.5075
MIL,bcc-csm1-1-m_rcp45_r1i1p1,FORE-SCE-A1B,72,0.5130395298783533,179625973033.45703,183148296944.9087,182058959832.42792,187131170541.26538,187131170541.26538
MIL,bcc-csm1-1-m_rcp45_r1i1p1,FORE-SCE-A2,72,0.5130395298783533,171910481463.4637,175542483836.81995,175420500765.56924,177325825137.57916,177325825137.57916
MIL,bcc-csm1-1-m_rcp45_r1i1p1,FORE-SCE-B1,72,0.5130395298783533,164260146436.29178,167893272426.81522,168675507429.3248,169197050600.65485,169197050600.65485
MIL,bcc-csm1-1-m_rcp45_r1i1p1,GCAM-26,72,0.5130395298783533,228597201807.97424,231482105692.8093,229929008380.96823,236453569380.51337,236453569380.51337
MIL,bcc-csm1-1-m_rcp45_r1i1p1,GCAM-45,72,0.5130395298783533,198818484457.40536,201324562953.54514,198906981250.2345,204421593131.95926,204421593131.95926
MIL,bcc-csm1-1-m_rcp45_r1i1p1,GCAM-ref,72,0.5130395298783533,180356767929.3602,183633935119.7803,182644787456.1389,186661281733.4656,186661281733.4656
MIL,bcc-csm1-1-m_rcp45_r1i1p1,LUCAS-BAU_High-0001,72,0.5130395298783533,155553936673.56744,159038627210.08774,160571800664.27423,160601004928.9841,160601004928.9841
MIL,bcc-csm1-1-m_rcp45_r1i1p1,LUCAS-BAU_High-0002,72,0.5130395298783533,156628338802.37823,160243047442.948,161091133523.10416,161879957575.3568,161879957575.3568
MIL,bcc-csm1-1-m_rcp85_r1i1p1,FORE-SCE-A1B,72,0.48264125258537444,395235020714.1157,401222995843.34076,408476752408.69116,412334176856.3092,412334176856.3092
MIL,bcc-csm1-1-m_rcp85_r1i1p1,FORE-SCE-A2,72,0.48264125258537444,387702363859.26,392817457768.8541,399366750122.67456,401648371206.3126,401648371206.3126
MIL,bcc-csm1-1-m_rcp85_r1i1p1,FORE-SCE-B1,72,0.48264125258537444,381270109490.9318,386531723380.4765,391919482471.8111,392429732769.64417,392429732769.64417
MIL,bcc-csm1-1-m_rcp85_r1i1p1,GCAM-26,72,0.48264125258537444,434378660346.3996,447954379585.05286,451013664638.041,464137211581.56006,464137211581.56006
MIL,bcc-csm1-1-m_rcp85_r1i1p1,GCAM-45,72,0.48264125258537444,404064520806.4498,418736402072.6702,425974825412.1406,428457614779.92267,428457614779.92267
MIL,bcc-csm1-1-m_rcp85_r1i1p1,GCAM-ref,72,0.48264125258537444,393910935787.66547,400072826940.947,408144257730.2417,411638088204.8396,411638088204.8396
MIL,bcc-csm1-1-m_rcp85_r1i1p1,LUCAS-BAU_High-0001,72,0.48264125258537444,370965894583.8431,377669468137.31354,383520904846.8192,381573802114.495,381573802114.495
MIL,bcc-csm1-1-m_rcp85_r1i1p1,LUCAS-BAU_High-0002,72,0.48264125258537444,372367687783.83984,378988126857.1258,384926090925.4368,383155223184.51355,383155223184.51355
MIL,bcc-csm1-1_rcp26_r1i1p1,FORE-SCE-A1B,72,0.5625077933818506,203949393839.02582,204834111441.64102,203792408623.35263,204722365428.74243,204722365428.74243
MIL,bcc-csm1-1_rcp26_r1i1p1,FORE-SCE-A2,72,0.5625077933818506,191588731751.01373,192364135266.21414,191807730540.22617,191991736770.75876,191991736770.75876
MIL,bcc-csm1-1_rcp26_r1i1p1,FORE-SCE-B1,72,0.5625077933818506,182858269016.78067,183636646538.9565,183232399948.61392,183243750725.61142,183243750725.61142
MIL,bcc-csm1-1_rcp26_r1i1p1,GCAM-26,72,0.5625077933818506,261833961081.93262,263549508343.94763,261411953101.92734,265681694514.03482,265681694514.03482
MIL,bcc-csm1-1_rcp26_r1i1p1,GCAM-45,72,0.5625077933818506,227964276955.36813,227903731221.72864,227018815563.24814,228550093066.33685,228550093066.33685
MIL,bcc-csm1-1_rcp26_r1i1p1,GCAM-ref,72,0.5625077933818506,205047650901.33218,205234026771.98923,204403135981.62555,205596403699.94412,205596403699.94412
MIL,bcc-csm1-1_rcp26_r1i1p1,LUCAS-BAU_High-0001,72,0.5625077933818506,173949534133.16708,174571181425.67203,173228121477.21747,174208520209.11633,174208520209.11633
MIL,bcc-csm1-1_rcp26_r1i1p1,LUCAS-BAU_High-0002,72,0.5625077933818506,175381782515.52893,175932621457.99792,174903743990.3494,175884251928.38547,175884251928.38547
MIL,bcc-csm1-1_rcp45_r1i1p1,FORE-SCE-A1B,72,0.5459938380541511,172817529733.14072,174530033729.79703,178952139724.82632,182096735317.20984,182096735317.20984
MIL,bcc-csm1-1_rcp45_r1i1p1,FORE-SCE-A2,72,0.5459938380541511,162062800996.20627,163948569400.1126,169190766058.49628,169893169996.29324,169893169996.29324
MIL,bcc-csm1-1_rcp45_r1i1p1,FORE-SCE-B1,72,0.5459938380541511,153771386805.77313,156539867396.60776,163270176675.47052,160966909679.03256,160966909679.03256
MIL,bcc-csm1-1_rcp45_r1i1p1,GCAM-26,72,0.5459938380541511,226477865817.8719,227257897713.669,234481246360.19092,236206344702.45166,236206344702.45166
MIL,bcc-csm1-1_rcp45_r1i1p1,GCAM-45,72,0.5459938380541511,196025712221.5072,195136807476.47665,200781103066.7432,200541672979.96173,200541672979.96173
MIL,bcc-csm1-1_rcp45_r1i1p1,GCAM-ref,72,0.5459938380541511,174639474662.24786,175172401966.3506,181676939468.03528,182614802132.59387,182614802132.59387
MIL,bcc-csm1-1_rcp45_r1i1p1,LUCAS-BAU_High-0001,72,0.5459938380541511,145433928590.94214,148220319864.20422,155437758120.15836,151500943240.1226,151500943240.1226
MIL,bcc-csm1-1_rcp45_r1i1p1,LUCAS-BAU_High-0002,72,0.5459938380541511,146717246427.61044,149629887974.5311,156741164788.94626,153145720851.65442,153145720851.65442
MIL,bcc-csm1-1_rcp60_r1i1p1,FORE-SCE-A1B,72,0.5320949635222874,220819932361.2291,221470155109.00873,224731081062.8904,238762486707.03482,238762486707.03482
MIL,bcc-csm1-1_rcp60_r1i1p1,FORE-SCE-A2,72,0.5320949635222874,210961813353.97772,212472342169.186,215376523845.59595,226577772885.87753,226577772885.87753
MIL,bcc-csm1-1_rcp60_r1i1p1,FORE-SCE-B1,72,0.5320949635222874,202138318673.5514,204647651901.39566,207123955381.36783,218082875436.7,218082875436.7
MIL,bcc-csm1-1_rcp60_r1i1p1,GCAM-26,72,0.5320949635222874,272704996898.1056,271896988829.05524,274201185952.65997,293595998498.06415,293595998498.06415
MIL,bcc-csm1-1_rcp60_r1i1p1,GCAM-45,72,0.5320949635222874,240515225365.98996,241031803675.00653,242755516562.0375,257802639681.52075,257802639681.52075
MIL,bcc-csm1-1_rcp60_r1i1p1,GCAM-ref,72,0.5320949635222874,220237302996.34283,221411599159.7803,224285740439.45074,240028671844.95816,240028671844.95816
MIL,bcc-csm1-1_rcp60_r1i1p1,LUCAS-BAU_High-0001,72,0.5320949635222874,194385039446.20737,196651393157.76358,199687525809.64102,208667835414.183,208667835414.183
MIL,bcc-csm1-1_rcp60_r1i1p1,LUCAS-BAU_High-0002,72,0.5320949635222874,195264732022.3667,197816722176.62378,200522603116.20465,210340816378.80942,210340816378.80942
MIL,bcc-csm1-1_rcp85_r1i1p1,FORE-SCE-A1B,72,0.512293262845337,331133107745.90295,338944111925.42004,341258239315.47394,324409134379.29126,324409134379.29126
MIL,bcc-csm1-1_rcp85_r1i1p1,FORE-SCE-A2,72,0.512293262845337,321763157647.84644,329317867169.50385,330375450529.8866,312230432297.37506,312230432297.37506
MIL,bcc-csm1-1_rcp85_r1i1p1,FORE-SCE-B1,72,0.512293262845337,313987800286.78577,320773148464.6127,319691986460.2932,301647916097.4299,301647916097.4299
MIL,bcc-csm1-1_rcp85_r1i1p1,GCAM-26,72,0.512293262845337,385142534142.5534,393519945688.3092,396052613057.6574,390315747288.0606,390315747288.0606
MIL,bcc-csm1-1_rcp85_r1i1p1,GCAM-45,72,0.512293262845337,347411316819.565,360470990442.5411,363492930661.5054,350914013144.2205,350914013144.2205
MIL,bcc-csm1-1_rcp85_r1i1p1,GCAM-ref,72,0.512293262845337,328293415171.3793,337664009643.1951,340346972196.8769,324148919986.0706,324148919986.0706
MIL,bcc-csm1-1_rcp85_r1i1p1,LUCAS-BAU_High-0001,72,0.512293262845337,302755855723.53345,311520848886.32263,311076413938.0085,289931762823.6339,289931762823.6339
MIL,bcc-csm1-1_rcp85_r1i1p1,LUCAS-BAU_High-0002,72,0.512293262845337,304440082147.893,312629484474.229,312066238298.02734,291745956441.55994,291745956441.55994
MIL,canesm2_rcp26_r1i1p1,FORE-SCE-A1B,72,0.4772377386747869,836811208418.8613,839486982590.2063,848284850541.744,847809341871.4321,847809341871.4321
MIL,canesm2_rcp26_r1i1p1,FORE-SCE-A2,72,0.4772377386747869,826448779839.2628,831138991033.0453,840360480459.6903,837118895598.6592,837118895598.6592
MIL,canesm2_rcp26_r1i1p1,FORE-SCE-B1,72,0.4772377386747869,821122855038.091,824319565409.9854,834532912290.5374,830165352183.6083,830165352183.6083
MIL,canesm2_rcp26_r1i1p1,GCAM-26,72,0.4772377386747869,878663069562.5934,884946296725.4829,897149259421.5535,897854482962.46,897854482962.46
MIL,canesm2_rcp26_r1i1p1,GCAM-45,72,0.4772377386747869,852039363390.5039,856562844153.4983,868357840659.974,866436234767.9678,866436234767.9678
MIL,canesm2_rcp26_r1i1p1,GCAM-ref,72,0.4772377386747869,836104048299.1781,839721803140.8342,849269208994.6476,847997140803.3949,847997140803.3949
MIL,canesm2_rcp26_r1i1p1,LUCAS-BAU_High-0001,72,0.4772377386747869,813957609175.5997,817333920525.1074,826957522681.4246,821845593611.8951,821845593611.8951
MIL,canesm2_rcp26_r1i1p1,LUCAS-BAU_High-0002,72,0.4772377386747869,815368367876.9923,818300275821.4473,828068789347.8418,823296995006.7274,823296995006.7274
MIL,canesm2_rcp45_r1i1p1,FORE-SCE-A1B,72,0.49362817852829416,322914174114.07434,327147741822.32263,344227491981.4287,325757393910.238,325757393910.238
MIL,canesm2_rcp45_r1i1p1,FORE-SCE-A2,72,0.49362817852829416,314393301025.2662,319279252498.97235,336034634440.2515,316033450634.2255,316033450634.2255
MIL,canesm2_rcp45_r1i1p1,FORE-SCE-B1,72,0.49362817852829416,310138705143.64557,312832698059.3427,329059139583.136,309355115086.12476,309355115086.12476
MIL,canesm2_rcp45_r1i1p1,GCAM-26,72,0.49362817852829416,359882351860.658,369943502433.9833,387820911886.974,373778426957.5845,373778426957.5845
MIL,canesm2_rcp45_r1i1p1,GCAM-45,72,0.49362817852829416,334444349291.9193,343940351728.3008,360309322332.31555,342686466809.2564,342686466809.2564
MIL,canesm2_rcp45_r1i1p1,GCAM-ref,72,0.49362817852829416,319512243235.8649,326224157663.6168,342077300892.7186,325727294074.06744,325727294074.06744
MIL,canesm2_rcp45_r1i1p1,LUCAS-BAU_High-0001,72,0.49362817852829416,301037119058.8059,306974235353.21606,322933569491.69,301417679184.0484,301417679184.0484
MIL,canesm2_rcp45_r1i1p1,LUCAS-BAU_High-0002,72,0.49362817852829416,302558055299.2653,307480593272.00433,324038780263.5243,302715957976.50836,302715957976.50836
MIL,canesm2_rcp85_r1i1p1,FORE-SCE-A1B,72,0.4691278592254638,1332284461893.8184,1334626058972.3113,1332381005367.4844,1416111528225.109,1416111528225.109
MIL,canesm2_rcp85_r1i1p1,FORE-SCE-A2,72,0.4691278592254638,1322793844228.1294,1326864335482.6233,1324585135776.2373,1406060314467.7483,1406060314467.7483
MIL,canesm2_rcp85_r1i1p1,FORE-SCE-B1,72,0.4691278592254638,1315012408076.04,1320908569319.6768,1318403650248.7993,1396351533766.837,1396351533766.837
MIL,canesm2_rcp85_r1i1p1,GCAM-26,72,0.4691278592254638,1371077058508.6738,1381906095091.2056,1380048859503.2395,1453983377926.1416,1453983377926.1416
MIL,canesm2_rcp85_r1i1p1,GCAM-45,72,0.4691278592254638,1344867364885.9238,1353671735848.901,1351617490951.648,1418147222040.0166,1418147222040.0166
MIL,canesm2_rcp85_r1i1p1,GCAM-ref,72,0.4691278592254638,1330102042955.7764,1333595805619.828,1332160972912.679,1415256146900.623,1415256146900.623
MIL,canesm2_rcp85_r1i1p1,LUCAS-BAU_High-0001,72,0.4691278592254638,1306638282230.1633,1312658195867.698,1307883496737.6765,1386597870117.0261,1386597870117.0261
MIL,canesm2_rcp85_r1i1p1,LUCAS-BAU_High-0002,72,0.4691278592254638,1308910676158.8965,1313961010901.9573,1311247976765.93,1388088717565.5378,1388088717565.5378
MIL,ccsm4_rcp26_r1i1p1,FORE-SCE-A1B,72,0.4932549747892975,453091162973.9283,453052165196.6866,465905456693.0394,474700143042.2305,474700143042.2305
MIL,ccsm4_rcp26_r1i1p1,FORE-SCE-A2,72,0.4932549747892975,445135791944.97406,445107492341.4116,460136852279.31116,465621193036.25165,465621193036.25165
MIL,ccsm4_rcp26_r1i1p1,FORE-SCE-B1,72,0.4932549747892975,439997207906.58704,439898129825.3519,453723088825.3691,457196911995.3777,457196911995.3777
MIL,ccsm4_rcp26_r1i1p1,GCAM-26,72,0.4932549747892975,496302408367.52313,495860719577.5805,508587671959.60425,514896765302.29224,514896765302.29224
MIL,ccsm4_rcp26_r1i1p1,GCAM-45,72,0.4932549747892975,471257914649.926,470043360570.8161,481992881867.8782,484169840007.23083,484169840007.23083
MIL,ccsm4_rcp26_r1i1p1,GCAM-ref,72,0.4932549747892975,455327705057.7748,453358678774.61365,466253809867.5528,474263516383.8533,474263516383.8533
MIL,ccsm4_rcp26_r1i1p1,LUCAS-BAU_High-0001,72,0.4932549747892975,432634774159.31256,432269211666.3499,445734038675.6382,448419120953.65967,448419120953.65967
MIL,ccsm4_rcp26_r1i1p1,LUCAS-BAU_High-0002,72,0.4932549747892975,433616025355.85736,433284769335.10034,446866793378.15625,449676457617.3647,449676457617.3647
MIL,ccsm4_rcp45_r1i1p1,FORE-SCE-A1B,72,0.5013043926208267,353278553960.1601,355164887097.0958,362336173241.8176,358505904628.9732,358505904628.9732
MIL,ccsm4_rcp45_r1i1p1,FORE-SCE-A2,72,0.5013043926208267,343296303136.6763,344755440410.9505,351486386784.0364,347019239293.0164,347019239293.0164
MIL,ccsm4_rcp45_r1i1p1,FORE-SCE-B1,72,0.5013043926208267,338023842382.6597,339322085644.9441,346244142935.7198,339591569138.1969,339591569138.1969
MIL,ccsm4_rcp45_r1i1p1,GCAM-26,72,0.5013043926208267,398262691021.7913,401580735175.5991,408173664209.9077,409786933169.76776,409786933169.76776
MIL,ccsm4_rcp45_r1i1p1,GCAM-45,72,0.5013043926208267,368403921024.73883,372694257372.89154,380014196734.30133,376775265818.0159,376775265818.0159
MIL,ccsm4_rcp45_r1i1p1,GCAM-ref,72,0.5013043926208267,352486950655.21106,356031773038.9835,361895741000.7128,359925153851.6296,359925153851.6296
MIL,ccsm4_rcp45_r1i1p1,LUCAS-BAU_High-0001,72,0.5013043926208267,327673663168.30725,332127800465.5338,339828500744.827,331421424499.33026,331421424499.33026
MIL,ccsm4_rcp45_r1i1p1,LUCAS-BAU_High-0002,72,0.5013043926208267,329179528567.2631,333500675501.95667,340921682538.7217,332900506917.6126,332900506917.6126
MIL,ccsm4_rcp60_r1i1p1,FORE-SCE-A1B,72,0.507061127068556,385729389236.8308,391608232992.53754,387785638975.5779,402967907601.89,402967907601.89
MIL,ccsm4_rcp60_r1i1p1,FORE-SCE-A2,72,0.507061127068556,378783243027.1608,383013722876.1492,381400256933.4052,393538867335.784,393538867335.784
MIL,ccsm4_rcp60_r1i1p1,FORE-SCE-B1,72,0.507061127068556,373707184047.4467,378804315897.8587,378576519593.0326,387611677923.28503,387611677923.28503
MIL,ccsm4_rcp60_r1i1p1,GCAM-26,72,0.507061127068556,428705679442.97626,432998048913.9057,436661839281.5729,446648818033.23486,446648818033.23486
MIL,ccsm4_rcp60_r1i1p1,GCAM-45,72,0.507061127068556,404427204131.37354,408219650481.26904,413073498387.2766,417665966009.6528,417665966009.6528
MIL,ccsm4_rcp60_r1i1p1,GCAM-ref,72,0.507061127068556,388514512532.52216,393783693173.084,389550341279.27106,404643340597.98315,404643340597.98315
MIL,ccsm4_rcp60_r1i1p1,LUCAS-BAU_High-0001,72,0.507061127068556,367348266212.0765,372171879087.5835,372885745852.6696,381901210454.4185,381901210454.4185
MIL,ccsm4_rcp60_r1i1p1,LUCAS-BAU_High-0002,72,0.507061127068556,368670065561.7673,373939009972.26996,374488446138.3672,383080638973.61456,383080638973.61456
MIL,ccsm4_rcp85_r1i1p1,FORE-SCE-A1B,72,0.49474379696561654,432391133028.5596,442757445458.3179,449162697660.9243,433339754136.74426,433339754136.74426
MIL,ccsm4_rcp85_r1i1p1,FORE-SCE-A2,72,0.49474379696561654,419767317398.75714,432242807478.67084,438927216529.27026,421989847274.0494,421989847274.0494
MIL,ccsm4_rcp85_r1i1p1,FORE-SCE-B1,72,0.49474379696561654,417173185635.7526,425198735534.8625,431460315680.2688,412315203525.7528,412315203525.7528
MIL,ccsm4_rcp85_r1i1p1,GCAM-26,72,0.49474379696561654,488556578194.1526,495472618626.0613,501240173371.48596,494738675064.97833,494738675064.97833
MIL,ccsm4_rcp85_r1i1p1,GCAM-45,72,0.49474379696561654,452382278891.3536,462756915074.62256,468785396745.2455,456864029619.0674,456864029619.0674
MIL,ccsm4_rcp85_r1i1p1,GCAM-ref,72,0.49474379696561654,436021072261.21716,441665384488.1668,447007121253.14264,432812702051.90576,432812702051.90576
MIL,ccsm4_rcp85_r1i1p1,LUCAS-BAU_High-0001,72,0.49474379696561654,405759755801.27,415412132680.13586,421304708583.06726,401259451805.0102,401259451805.0102
MIL,ccsm4_rcp85_r1i1p1,LUCAS-BAU_High-0002,72,0.49474379696561654,407748487113.07025,417070062583.3091,422931222488.9498,403010361360.5416,403010361360.5416
MIL,cesm1-bgc_rcp45_r1i1p1,FORE-SCE-A1B,72,0.47439465067240083,562828023118.722,566797786201.0986,569760116298.59,588344847047.3372,588344847047.3372
MIL,cesm1-bgc_rcp45_r1i1p1,FORE-SCE-A2,72,0.47439465067240083,553303190790.1125,558011458206.5232,561753364585.3619,581431605778.9995,581431605778.9995
MIL,cesm1-bgc_rcp45_r1i1p1,FORE-SCE-B1,72,0.47439465067240083,548034663644.6558,552283442802.474,557344300660.0214,576521634484.8131,576521634484.8131
MIL,cesm1-bgc_rcp45_r1i1p1,GCAM-26,72,0.47439465067240083,604009155140.7028,608794572649.6488,614737627643.2932,629009175744.6254,629009175744.6254
MIL,cesm1-bgc_rcp45_r1i1p1,GCAM-45,72,0.47439465067240083,579228551199.738,583311228667.6842,589510881479.4448,605456648152.0873,605456648152.0873
MIL,cesm1-bgc_rcp45_r1i1p1,GCAM-ref,72,0.47439465067240083,564026097729.0771,567100798828.8458,570965947970.245,588060171257.9445,588060171257.9445
MIL,cesm1-bgc_rcp45_r1i1p1,LUCAS-BAU_High-0001,72,0.47439465067240083,542746509943.44214,545479972525.83765,550434915571.196,571023104108.6582,571023104108.6582
MIL,cesm1-bgc_rcp45_r1i1p1,LUCAS-BAU_High-0002,72,0.47439465067240083,543212543669.7715,546490770573.2113,550972770698.6619,571989419808.3018,571989419808.3018
MIL,cesm1-bgc_rcp85_r1i1p1,FORE-SCE-A1B,72,0.46191151558173577,567488919919.0043,581309436931.9711,595485347646.4884,630342893095.0791,630342893095.0791
MIL,cesm1-bgc_rcp85_r1i1p1,FORE-SCE-A2,72,0.46191151558173577,562267974306.0951,571951019609.6825,587633361928.7273,618630796665.4989,618630796665.4989
MIL,cesm1-bgc_rcp85_r1i1p1,FORE-SCE-B1,72,0.46191151558173577,559383532960.1118,566686392330.4229,581855241835.0135,609177184090.9008,609177184090.9008
MIL,cesm1-bgc_rcp85_r1i1p1,GCAM-26,72,0.46191151558173577,619167096574.7244,625634493255.5643,641722698466.0144,682828550051.2529,682828550051.2529
MIL,cesm1-bgc_rcp85_r1i1p1,GCAM-45,72,0.46191151558173577,585801450000.8167,597452428777.5165,612515899937.6176,646002912987.6941,646002912987.6941
MIL,cesm1-bgc_rcp85_r1i1p1,GCAM-ref,72,0.46191151558173577,566028558361.8584,579404668487.9407,595868439919.4285,629916077755.6056,629916077755.6056
MIL,cesm1-bgc_rcp85_r1i1p1,LUCAS-BAU_High-0001,72,0.46191151558173577,549012913866.9456,558526593269.748,572910758757.3638,597819255400.405,597819255400.405
MIL,cesm1-bgc_rcp85_r1i1p1,LUCAS-BAU_High-0002,72,0.46191151558173577,550663640792.532,559369668768.6306,574019916005.2334,599647339245.0924,599647339245.0924
MIL,cesm1-cam5_rcp26_r1i1p1,FORE-SCE-A1B,72,0.48351336181960597,724865964092.708,725058192890.275,741079694605.5392,734047238072.6495,734047238072.6495
MIL,cesm1-cam5_rcp26_r1i1p1,FORE-SCE-A2,72,0.48351336181960597,715666611136.0533,717300773053.8291,734543919100.0656,727126195283.4294,727126195283.4294
MIL,cesm1-cam5_rcp26_r1i1p1,FORE-SCE-B1,72,0.48351336181960597,711470172965.0232,710642763630.0403,728468284382.1423,721636634385.3186,721636634385.3186
MIL,cesm1-cam5_rcp26_r1i1p1,GCAM-26,72,0.48351336181960597,766529335984.1581,766046440892.9193,795011225346.055,771940816878.5225,771940816878.5225
MIL,cesm1-cam5_rcp26_r1i1p1,GCAM-45,72,0.48351336181960597,741685305994.2284,742495065677.026,769284052777.423,748177600930.9186,748177600930.9186
MIL,cesm1-cam5_rcp26_r1i1p1,GCAM-ref,72,0.48351336181960597,724922466320.054,724568187246.2045,741106020117.3005,733442746374.1888,733442746374.1888
MIL,cesm1-cam5_rcp26_r1i1p1,LUCAS-BAU_High-0001,72,0.48351336181960597,705694085303.5552,704263912329.2223,721814332993.9221,716424897651.2515,716424897651.2515
MIL,cesm1-cam5_rcp26_r1i1p1,LUCAS-BAU_High-0002,72,0.48351336181960597,706455158712.2848,704575737698.8282,722143127543.877,717284396275.9247,717284396275.9247
MIL,cesm1-cam5_rcp45_r1i1p1,FORE-SCE-A1B,72,0.5375824329893695,346449780941.70386,345271423946.81793,345599870413.88806,350804971226.3164,350804971226.3164
MIL,cesm1-cam5_rcp45_r1i1p1,FORE-SCE-A2,72,0.5375824329893695,334445118737.695,334727455354.4315,335680510754.96704,339922792599.2772,339922792599.2772
MIL,cesm1-cam5_rcp45_r1i1p1,FORE-SCE-B1,72,0.5375824329893695,325972284135.2898,327818322486.42267,328792057007.2881,332428014852.35187,332428014852.35187
MIL,cesm1-cam5_rcp45_r1i1p1,GCAM-26,72,0.5375824329893695,393219673724.22266,396638521572.399,397932668449.51245,406700857817.3799,406700857817.3799
MIL,cesm1-cam5_rcp45_r1i1p1,GCAM-45,72,0.5375824329893695,362771638454.8083,364889997588.72296,365399291167.9668,373194383785.5083,373194383785.5083
MIL,cesm1-cam5_rcp45_r1i1p1,GCAM-ref,72,0.5375824329893695,343985806110.2942,345963060284.3792,346959026643.9008,351238150481.226,351238150481.226
MIL,cesm1-cam5_rcp45_r1i1p1,LUCAS-BAU_High-0001,72,0.5375824329893695,317196948306.35944,318314244826.12494,319336998891.2673,323465009302.409,323465009302.409
MIL,cesm1-cam5_rcp45_r1i1p1,LUCAS-BAU_High-0002,72,0.5375824329893695,318676454933.05865,319992007707.4797,320700713971.41364,324982720383.96954,324982720383.96954
MIL,cesm1-cam5_rcp60_r1i1p1,FORE-SCE-A1B,72,0.49390562860498943,631357817299.1575,624077363531.9462,634073668688.7898,630539494750.5818,630539494750.5818
MIL,cesm1-cam5_rcp60_r1i1p1,FORE-SCE-A2,72,0.49390562860498943,618814367020.1989,614067490265.2057,626700075418.504,620803420094.2904,620803420094.2904
MIL,cesm1-cam5_rcp60_r1i1p1,FORE-SCE-B1,72,0.49390562860498943,613165315415.0781,606889416987.0887,618912794862.7549,612665215092.1659,612665215092.1659
MIL,cesm1-cam5_rcp60_r1i1p1,GCAM-26,72,0.49390562860498943,678221287577.0754,676692691747.6251,690331558141.4755,680133436778.3984,680133436778.3984
MIL,cesm1-cam5_rcp60_r1i1p1,GCAM-45,72,0.49390562860498943,648418427459.1614,645390502967.2815,657737350915.4323,647881396274.6672,647881396274.6672
MIL,cesm1-cam5_rcp60_r1i1p1,GCAM-ref,72,0.49390562860498943,631894662346.4329,625224631608.3444,635346220389.119,630242038181.4626,630242038181.4626
MIL,cesm1-cam5_rcp60_r1i1p1,LUCAS-BAU_High-0001,72,0.49390562860498943,603213107159.8569,597734715973.3444,610685845142.4283,603908791951.4083,603908791951.4083
MIL,cesm1-cam5_rcp60_r1i1p1,LUCAS-BAU_High-0002,72,0.49390562860498943,605118872622.9966,599396146691.151,612469344407.5542,605235665150.8031,605235665150.8031
MIL,cesm1-cam5_rcp85_r1i1p1,FORE-SCE-A1B,72,0.4722156068129528,657611178094.2657,670878071524.2762,689553861304.7418,688713905222.7338,688713905222.7338
MIL,cesm1-cam5_rcp85_r1i1p1,FORE-SCE-A2,72,0.4722156068129528,651043047067.3563,659995478742.0508,679690411603.1117,676983073887.0826,676983073887.0826
MIL,cesm1-cam5_rcp85_r1i1p1,FORE-SCE-B1,72,0.4722156068129528,647650973771.0206,652207886599.1649,672288158216.9852,666551755898.5273,666551755898.5273
MIL,cesm1-cam5_rcp85_r1i1p1,GCAM-26,72,0.4722156068129528,715314355416.6719,725376617791.1273,748991756953.163,744615191937.6691,744615191937.6691
MIL,cesm1-cam5_rcp85_r1i1p1,GCAM-45,72,0.4722156068129528,679340725432.7742,691533656354.746,715658766199.1171,705435089158.2023,705435089158.2023
MIL,cesm1-cam5_rcp85_r1i1p1,GCAM-ref,72,0.4722156068129528,654546373831.3842,668595180180.3563,688275254839.2914,687564453566.9359,687564453566.9359
MIL,cesm1-cam5_rcp85_r1i1p1,LUCAS-BAU_High-0001,72,0.4722156068129528,633816985298.6151,641902762997.9707,661512276756.0804,654699780012.3275,654699780012.3275
MIL,cesm1-cam5_rcp85_r1i1p1,LUCAS-BAU_High-0002,72,0.4722156068129528,635227824134.1079,642700815900.6493,661870390320.6642,656479041144.749,656479041144.749
MIL,cmcc-cm_rcp45_r1i1p1,FORE-SCE-A1B,72,0.5615287922588004,223901995061.61526,223144527529.7148,221691867834.7421,237591566031.35434,237591566031.35434
MIL,cmcc-cm_rcp45_r1i1p1,FORE-SCE-A2,72,0.5615287922588004,211713831391.43777,211634035360.4056,209955977984.3395,224126757216.95453,224126757216.95453
MIL,cmcc-cm_rcp45_r1i1p1,FORE-SCE-B1,72,0.5615287922588004,202125126646.88443,202817572854.38757,200883625423.29956,214756242836.39352,214756242836.39352
MIL,cmcc-cm_rcp45_r1i1p1,GCAM-26,72,0.5615287922588004,282966933312.5971,281115218967.3424,279311961119.0292,299414925352.4109,299414925352.4109
MIL,cmcc-cm_rcp45_r1i1p1,GCAM-45,72,0.5615287922588004,247557810075.37515,246120589636.23926,244998927453.16888,259788480885.1295,259788480885.1295
MIL,cmcc-cm_rcp45_r1i1p1,GCAM-ref,72,0.5615287922588004,224369110979.3218,222929922529.39685,221865930230.7041,238075889046.8871,238075889046.8871
MIL,cmcc-cm_rcp45_r1i1p1,LUCAS-BAU_High-0001,72,0.5615287922588004,193518015375.99896,193335053272.52353,192551970257.9255,203508415581.25174,203508415581.25174
MIL,cmcc-cm_rcp45_r1i1p1,LUCAS-BAU_High-0002,72,0.5615287922588004,194878538260.9627,194713490379.74863,193771647739.43524,205431935280.8277,205431935280.8277
MIL,cmcc-cm_rcp85_r1i1p1,FORE-SCE-A1B,72,0.5350138140294609,179511397536.05948,181403364013.31387,183727094692.0439,194359583534.7017,194359583534.7017
MIL,cmcc-cm_rcp85_r1i1p1,FORE-SCE-A2,72,0.5350138140294609,168854185022.3916,170392024747.4337,172946868387.80753,180980447092.75256,180980447092.75256
MIL,cmcc-cm_rcp85_r1i1p1,FORE-SCE-B1,72,0.5350138140294609,157941755198.6752,160076409221.14822,162876524177.0942,169644407215.8111,169644407215.8111
MIL,cmcc-cm_rcp85_r1i1p1,GCAM-26,72,0.5350138140294609,246103046637.7362,245600671480.6933,248082856862.6368,261202711572.10382,261202711572.10382
MIL,cmcc-cm_rcp85_r1i1p1,GCAM-45,72,0.5350138140294609,207436992329.75952,206687447205.84085,208622307831.0687,219065753561.53467,219065753561.53467
MIL,cmcc-cm_rcp85_r1i1p1,GCAM-ref,72,0.5350138140294609,180839392645.46915,180940241361.13794,183424864619.4626,194270227837.27725,194270227837.27725
MIL,cmcc-cm_rcp85_r1i1p1,LUCAS-BAU_High-0001,72,0.5350138140294609,146913325106.9849,148552827752.2135,152067343823.06754,157411873666.06485,157411873666.06485
MIL,cmcc-cm_rcp85_r1i1p1,LUCAS-BAU_High-0002,72,0.5350138140294609,148286095704.16345,150172823334.7532,153354313247.97128,159373703832.74564,159373703832.74564
MIL,cnrm-cm5_rcp45_r1i1p1,FORE-SCE-A1B,72,0.454639134818298,470588547599.8594,480560428665.41675,486477801554.98505,492565961895.13293,492565961895.13293
MIL,cnrm-cm5_rcp45_r1i1p1,FORE-SCE-A2,72,0.454639134818298,467583358314.9568,474929163843.5251,483941457149.7341,484422803515.2575,484422803515.2575
MIL,cnrm-cm5_rcp45_r1i1p1,FORE-SCE-B1,72,0.454639134818298,463036700188.661,468292697266.0608,476526532621.90594,476609186496.5621,476609186496.5621
MIL,cnrm-cm5_rcp45_r1i1p1,GCAM-26,72,0.454639134818298,515463842191.3422,524873070950.837,526236189730.41064,534240283765.03235,534240283765.03235
MIL,cnrm-cm5_rcp45_r1i1p1,GCAM-45,72,0.454639134818298,485199317344.83734,497783724133.87366,502262321433.49274,503914559713.375,503914559713.375
MIL,cnrm-cm5_rcp45_r1i1p1,GCAM-ref,72,0.454639134818298,470945960661.22174,480123079117.88574,485240003568.9221,492323400954.4951,492323400954.4951
MIL,cnrm-cm5_rcp45_r1i1p1,LUCAS-BAU_High-0001,72,0.454639134818298,453569857723.1739,460648639445.3566,468926762688.7498,468106514101.9265,468106514101.9265
MIL,cnrm-cm5_rcp45_r1i1p1,LUCAS-BAU_High-0002,72,0.454639134818298,454933393625.8738,461859360376.0128,470278121332.74036,469390666608.2221,469390666608.2221
MIL,cnrm-cm5_rcp85_r1i1p1,FORE-SCE-A1B,72,0.4545635573558145,756342005557.3228,770035789442.5309,751158791703.8955,820025047939.1158,820025047939.1158
MIL,cnrm-cm5_rcp85_r1i1p1,FORE-SCE-A2,72,0.4545635573558145,748677549378.9211,761577085543.056,739955466485.4686,807062446107.227,807062446107.227
MIL,cnrm-cm5_rcp85_r1i1p1,FORE-SCE-B1,72,0.4545635573558145,739104125067.0209,755300119028.2986,733618349713.5706,797047783749.6644,797047783749.6644
MIL,cnrm-cm5_rcp85_r1i1p1,GCAM-26,72,0.4545635573558145,803785860850.0552,821994352201.2728,802342894830.6941,871866703902.161,871866703902.161
MIL,cnrm-cm5_rcp85_r1i1p1,GCAM-45,72,0.4545635573558145,770910947003.8167,791833990831.0221,772214092773.5969,831233086751.6565,831233086751.6565
MIL,cnrm-cm5_rcp85_r1i1p1,GCAM-ref,72,0.4545635573558145,750777079097.3767,769619653607.4156,751647593014.7773,818770532628.0707,818770532628.0707
MIL,cnrm-cm5_rcp85_r1i1p1,LUCAS-BAU_High-0001,72,0.4545635573558145,726264970710.8455,744465293591.4932,725220806879.3981,784248989790.0128,784248989790.0128
MIL,cnrm-cm5_rcp85_r1i1p1,LUCAS-BAU_High-0002,72,0.4545635573558145,728223845173.2546,746394191170.9431,725998159098.895,786239581367.8467,786239581367.8467
MIL,csiro-mk3-6-0_rcp26_r1i1p1,FORE-SCE-A1B,72,0.5433203376061324,353320414157.8897,355288979135.34955,366882138468.5136,367460385610.7151,367460385610.7151
MIL,csiro-mk3-6-0_rcp26_r1i1p1,FORE-SCE-A2,72,0.5433203376061324,342866891063.66473,345176459633.4898,356926892500.76434,355966764754.6464,355966764754.6464
MIL,csiro-mk3-6-0_rcp26_r1i1p1,FORE-SCE-B1,72,0.5433203376061324,338497149078.5609,339101407338.99603,349636566687.042,347960796761.1176,347960796761.1176
MIL,csiro-mk3-6-0_rcp26_r1i1p1,GCAM-26,72,0.5433203376061324,401421668914.7824,403345237694.9711,417107469625.09326,417562202865.2142,417562202865.2142
MIL,csiro-mk3-6-0_rcp26_r1i1p1,GCAM-45,72,0.5433203376061324,372602189907.3639,374104678188.9741,386146118443.9076,384544146953.7573,384544146953.7573
MIL,csiro-mk3-6-0_rcp26_r1i1p1,GCAM-ref,72,0.5433203376061324,355773520623.6243,356534247541.05286,367320889708.35596,367989517304.6548,367989517304.6548
MIL,csiro-mk3-6-0_rcp26_r1i1p1,LUCAS-BAU_High-0001,72,0.5433203376061324,331647858143.7702,331803564252.27893,342916830058.7524,339372567563.55164,339372567563.55164
MIL,csiro-mk3-6-0_rcp26_r1i1p1,LUCAS-BAU_High-0002,72,0.5433203376061324,332917079892.9075,333006480887.3088,343937276511.78296,340977329373.65125,340977329373.65125
MIL,csiro-mk3-6-0_rcp45_r1i1p1,FORE-SCE-A1B,72,0.5547089496967144,170624601755.2927,172046752540.96024,173678449674.58774,169456475405.7391,169456475405.7391
MIL,csiro-mk3-6-0_rcp45_r1i1p1,FORE-SCE-A2,72,0.5547089496967144,160692692484.4693,161562287027.37994,163927158929.27896,157203016676.92166,157203016676.92166
MIL,csiro-mk3-6-0_rcp45_r1i1p1,FORE-SCE-B1,72,0.5547089496967144,152890780412.4443,153752133934.46265,156936394770.82568,148385863477.27515,148385863477.27515
MIL,csiro-mk3-6-0_rcp45_r1i1p1,GCAM-26,72,0.5547089496967144,228712277964.78683,229814152598.5891,231823729487.45248,230755897630.72324,230755897630.72324
MIL,csiro-mk3-6-0_rcp45_r1i1p1,GCAM-45,72,0.5547089496967144,193045988717.3677,195081940100.27115,196616061499.1399,193603692823.92645,193603692823.92645
MIL,csiro-mk3-6-0_rcp45_r1i1p1,GCAM-ref,72,0.5547089496967144,173329850631.18332,174330126474.7198,175079453177.5554,170497197430.86624,170497197430.86624
MIL,csiro-mk3-6-0_rcp45_r1i1p1,LUCAS-BAU_High-0001,72,0.5547089496967144,143731488041.19135,144348908251.19785,147846985180.3699,138103408248.45215,138103408248.45215
MIL,csiro-mk3-6-0_rcp45_r1i1p1,LUCAS-BAU_High-0002,72,0.5547089496967144,145166313886.20966,145612363976.44763,148985518467.46075,139873727103.672,139873727103.672
MIL,csiro-mk3-6-0_rcp60_r1i1p1,FORE-SCE-A1B,72,0.5077390440920424,276416415299.7261,282594166754.1298,287936250479.8752,302677092796.42175,302677092796.42175
MIL,csiro-mk3-6-0_rcp60_r1i1p1,FORE-SCE-A2,72,0.5077390440920424,266832847749.86603,272871595892.20447,277394280432.428,289354485638.5687,289354485638.5687
MIL,csiro-mk3-6-0_rcp60_r1i1p1,FORE-SCE-B1,72,0.5077390440920424,259089697089.5278,264820790648.03867,269140873751.68106,278924902196.678,278924902196.678
MIL,csiro-mk3-6-0_rcp60_r1i1p1,GCAM-26,72,0.5077390440920424,330095955392.40985,337782063565.5029,341487460428.1904,362644577638.6865,362644577638.6865
MIL,csiro-mk3-6-0_rcp60_r1i1p1,GCAM-45,72,0.5077390440920424,297595962608.85596,303553187055.2226,308553587265.8337,322363383854.12006,322363383854.12006
MIL,csiro-mk3-6-0_rcp60_r1i1p1,GCAM-ref,72,0.5077390440920424,275758806846.11975,282242389433.3767,285402159089.95294,302740984772.5874,302740984772.5874
MIL,csiro-mk3-6-0_rcp60_r1i1p1,LUCAS-BAU_High-0001,72,0.5077390440920424,248000441068.8919,255262562526.72137,260404954290.56378,267106480746.8384,267106480746.8384
MIL,csiro-mk3-6-0_rcp60_r1i1p1,LUCAS-BAU_High-0002,72,0.5077390440920424,249712708080.61182,256041571732.91663,260992364488.25085,269055533188.53854,269055533188.53854
MIL,csiro-mk3-6-0_rcp85_r1i1p1,FORE-SCE-A1B,72,0.5048970755495118,376373329636.6638,379988312002.5442,378853378418.30634,370445700940.4051,370445700940.4051
MIL,csiro-mk3-6-0_rcp85_r1i1p1,FORE-SCE-A2,72,0.5048970755495118,366769084540.3242,370161987324.0217,369351810038.70703,358469631299.3724,358469631299.3724
MIL,csiro-mk3-6-0_rcp85_r1i1p1,FORE-SCE-B1,72,0.5048970755495118,362074303038.386,363149211924.44226,363379219902.1813,347918063542.5091,347918063542.5091
MIL,csiro-mk3-6-0_rcp85_r1i1p1,GCAM-26,72,0.5048970755495118,429041669063.82587,435825049306.0046,440652357511.1795,436032391828.6454,436032391828.6454
MIL,csiro-mk3-6-0_rcp85_r1i1p1,GCAM-45,72,0.5048970755495118,396377380153.1042,401736537613.5571,403259614430.7587,395870992487.7398,395870992487.7398
MIL,csiro-mk3-6-0_rcp85_r1i1p1,GCAM-ref,72,0.5048970755495118,375924518094.68427,379467373700.94025,379283153093.96747,369878500809.0746,369878500809.0746
MIL,csiro-mk3-6-0_rcp85_r1i1p1,LUCAS-BAU_High-0001,72,0.5048970755495118,350038393325.3015,352861328185.08984,355423084862.77203,335984256811.08167,335984256811.08167
MIL,csiro-mk3-6-0_rcp85_r1i1p1,LUCAS-BAU_High-0002,72,0.5048970755495118,351822534021.23157,354508169326.22546,356364937647.40173,337786262951.7362,337786262951.7362
MIL,fgoals-g2_rcp26_r1i1p1,FORE-SCE-A1B,72,0.5199248513908231,196646631978.6355,196401606350.51553,204393536004.04807,201883575286.11862,201883575286.11862
MIL,fgoals-g2_rcp26_r1i1p1,FORE-SCE-A2,72,0.5199248513908231,190005134920.15216,188087010974.90515,195500892957.38773,191263018261.14795,191263018261.14795
MIL,fgoals-g2_rcp26_r1i1p1,FORE-SCE-B1,72,0.5199248513908231,184648504676.25946,183257613618.31955,190423244606.77094,184532953154.1362,184532953154.1362
MIL,fgoals-g2_rcp26_r1i1p1,GCAM-26,72,0.5199248513908231,237594816060.3337,240244297216.01083,246228516058.95667,246166688275.33615,246166688275.33615
MIL,fgoals-g2_rcp26_r1i1p1,GCAM-45,72,0.5199248513908231,211337216567.6326,213434272406.41104,220628537293.3523,215974156821.27066,215974156821.27066
MIL,fgoals-g2_rcp26_r1i1p1,GCAM-ref,72,0.5199248513908231,196514587852.527,198197033513.429,205214882547.95807,202201409218.0087,202201409218.0087
MIL,fgoals-g2_rcp26_r1i1p1,LUCAS-BAU_High-0001,72,0.5199248513908231,176118981270.86258,175394592451.50842,183397944318.2367,176008660483.16006,176008660483.16006
MIL,fgoals-g2_rcp26_r1i1p1,LUCAS-BAU_High-0002,72,0.5199248513908231,177474397618.6361,176133543709.3499,184441989230.9121,177419860778.89413,177419860778.89413
NHG,access1-0_rcp45_r1i1p1,FORE-SCE-A1B,72,0.41520949028126325,47932348.393810526,20720120.45990107,8545147.760398244,108672944.99040072,6886893724.833986
NHG,access1-0_rcp45_r1i1p1,FORE-SCE-A2,72,0.41520949028126325,42091607.69198795,17839432.468382873,7223023.489350471,103727017.14868331,6932443455.849354
NHG,access1-0_rcp45_r1i1p1,FORE-SCE-B1,72,0.41520949028126325,38880892.723095074,16361086.111711066,6357552.639612843,97390957.78577092,6949052737.255847
NHG,access1-0_rcp45_r1i1p1,GCAM-26,72,0.41520949028126325,76053994.12975128,35085908.705365956,16483977.53965295,124748350.10244417,6508606983.094924
NHG,access1-0_rcp45_r1i1p1,GCAM-45,72,0.41520949028126325,58700780.65964758,26020505.544512708,11294958.07735085,111060093.23569532,6692682684.478841
NHG,access1-0_rcp45_r1i1p1,GCAM-ref,72,0.41520949028126325,48569588.57660041,20923645.30705912,8582634.592266321,106617719.69045283,6869269712.730175
NHG,access1-0_rcp45_r1i1p1,LUCAS-BAU_High-0001,72,0.41520949028126325,34229034.77247951,14429273.061826637,5263658.996107844,99342921.00293402,6993632881.428972
NHG,access1-0_rcp45_r1i1p1,LUCAS-BAU_High-0002,72,0.41520949028126325,35025402.32557585,14827671.46618603,5436792.028061813,99475430.0166152,6986138872.86696
NHG,access1-0_rcp85_r1i1p1,FORE-SCE-A1B,72,0.38587066888613236,98634817.57050999,42979002.514410324,16851501.987866733,698402118.7120771,45581178.80217895
NHG,access1-0_rcp85_r1i1p1,FORE-SCE-A2,72,0.38587066888613236,86335745.1743093,37143279.63341236,14330762.481471837,696949657.8925724,38978936.92317467
NHG,access1-0_rcp85_r1i1p1,FORE-SCE-B1,72,0.38587066888613236,79533756.44353916,33887209.87166889,12816629.57185807,695910602.3355093,34848566.955790594
NHG,access1-0_rcp85_r1i1p1,GCAM-26,72,0.38587066888613236,148876385.59221342,70079715.48385128,31218666.91436951,360954463.2645708,80482843.86491103
NHG,access1-0_rcp85_r1i1p1,GCAM-45,72,0.38587066888613236,119306430.96923092,54293994.52301644,22061894.97107953,463167313.8264396,58210708.995051615
NHG,access1-0_rcp85_r1i1p1,GCAM-ref,72,0.38587066888613236,100778933.16352455,44249392.94927207,17120190.273835707,698358435.8642089,46011925.758520044
NHG,access1-0_rcp85_r1i1p1,LUCAS-BAU_High-0001,72,0.38587066888613236,70880321.36528131,30765020.706640895,10845855.418401174,694737068.9241722,29377165.99832613
NHG,access1-0_rcp85_r1i1p1,LUCAS-BAU_High-0002,72,0.38587066888613236,72492511.78152396,31358438.17564306,11186308.474140605,694939931.5457796,30296010.499665733
NHG,bcc-csm1-1-m_rcp45_r1i1p1,FORE-SCE-A1B,72,0.40877302604369636,324907950.54013133,331236496.3623381,367428440.0197035,372186416.42841274,372243649.2854573
NHG,bcc-csm1-1-m_rcp45_r1i1p1,FORE-SCE-A2,72,0.40877302604369636,318719085.93156475,324758392.67430997,359672276.3889568,365974141.1777241,366022686.75901353
NHG,bcc-csm1-1-m_rcp45_r1i1p1,FORE-SCE-B1,72,0.40877302604369636,313568958.20423913,320967514.6779276,355251056.26148885,361045679.0145578,361060442.4483955
NHG,bcc-csm1-1-m_rcp45_r1i1p1,GCAM-26,72,0.40877302604369636,360087517.5941393,365918648.5472935,398186352.4545538,394846086.7029105,394932191.660732
NHG,bcc-csm1-1-m_rcp45_r1i1p1,GCAM-45,72,0.40877302604369636,338982511.33813614,344339997.2798784,372638467.38923454,373876741.73322475,373925992.45892763
NHG,bcc-csm1-1-m_rcp45_r1i1p1,GCAM-ref,72,0.40877302604369636,325434491.9239319,330589170.4716532,360174299.88928795,372513425.88181,372559503.78740436
NHG,bcc-csm1-1-m_rcp45_r1i1p1,LUCAS-BAU_High-0001,72,0.40877302604369636,307617707.7460047,314099466.6128047,348218209.8198891,355177257.44714016,355192749.8836183
NHG,bcc-csm1-1-m_rcp45_r1i1p1,LUCAS-BAU_High-0002,72,0.40877302604369636,308427695.7388051,315258832.2055081,350039782.26979595,356055761.95136535,356071015.0783813
NHG,bcc-csm1-1-m_rcp85_r1i1p1,FORE-SCE-A1B,72,0.339721299314657,7315097003.078427,7375583904.266924,7445777314.153689,6868322304.686916,6868322304.686916
NHG,bcc-csm1-1-m_rcp85_r1i1p1,FORE-SCE-A2,72,0.339721299314657,7485425722.037868,7380460917.282761,7421624129.051339,6865306916.796606,6865306916.796606
NHG,bcc-csm1-1-m_rcp85_r1i1p1,FORE-SCE-B1,72,0.339721299314657,7478562806.7947855,7363906657.537893,7375893252.613514,6860879187.435666,6860879187.435666
NHG,bcc-csm1-1-m_rcp85_r1i1p1,GCAM-26,72,0.339721299314657,7162598579.9068985,7425446671.270278,7693783920.292085,6801803925.546423,6801803925.546423
NHG,bcc-csm1-1-m_rcp85_r1i1p1,GCAM-45,72,0.339721299314657,7135718712.319716,7388153760.570933,7499163088.168507,6782608900.137981,6782608900.137981
NHG,bcc-csm1-1-m_rcp85_r1i1p1,GCAM-ref,72,0.339721299314657,7119690768.31348,7355208898.419535,7388117549.583767,6868805202.961916,6868805202.961916
NHG,bcc-csm1-1-m_rcp85_r1i1p1,LUCAS-BAU_High-0001,72,0.339721299314657,7470852233.726298,7350069740.070263,7350254519.389681,6856101869.040209,6856101869.040209
NHG,bcc-csm1-1-m_rcp85_r1i1p1,LUCAS-BAU_High-0002,72,0.339721299314657,7472111002.041382,7350933767.217615,7350965838.51038,6856670830.563509,6856670830.563509
NHG,bcc-csm1-1_rcp26_r1i1p1,FORE-SCE-A1B,72,0.3723055297171372,2635180484.099274,2952666552.9688935,2656609146.937977,2664272140.2117405,2713970375.3914084
NHG,bcc-csm1-1_rcp26_r1i1p1,FORE-SCE-A2,72,0.3723055297171372,2624698199.338146,2907514815.4073553,2642876316.126456,2661878695.4989486,2703539375.263331
NHG,bcc-csm1-1_rcp26_r1i1p1,FORE-SCE-B1,72,0.3723055297171372,2615538551.960778,2901476662.7042503,2639250443.436118,2658383724.1383834,2694217997.5116673
NHG,bcc-csm1-1_rcp26_r1i1p1,GCAM-26,72,0.3723055297171372,2691276120.9314656,2998515191.6847954,2675024580.946202,2729912984.585841,2781309199.412473
NHG,bcc-csm1-1_rcp26_r1i1p1,GCAM-45,72,0.3723055297171372,2656829283.7869606,2972023352.492226,2668896084.9961066,2695665261.701341,2745993857.4905696
NHG,bcc-csm1-1_rcp26_r1i1p1,GCAM-ref,72,0.3723055297171372,2635048335.9903917,2954717836.5531054,2658671245.2604203,2666453378.263518,2713851457.2510333
NHG,bcc-csm1-1_rcp26_r1i1p1,LUCAS-BAU_High-0001,72,0.3723055297171372,2606434558.292893,2895429577.9752364,2635751875.5316763,2656856823.627051,2685105172.8196425
NHG,bcc-csm1-1_rcp26_r1i1p1,LUCAS-BAU_High-0002,72,0.3723055297171372,2608043979.359388,2896807073.800326,2636561224.5216374,2657932455.892185,2686707959.959527
NHG,bcc-csm1-1_rcp45_r1i1p1,FORE-SCE-A1B,72,0.4525424643327523,689863523.002389,814005429.3353109,318898402.4482965,326673959.54545766,332021330.36398363
NHG,bcc-csm1-1_rcp45_r1i1p1,FORE-SCE-A2,72,0.4525424643327523,681254637.7119398,805388828.873879,310643366.4831409,318347234.31482756,323646722.3537752
NHG,bcc-csm1-1_rcp45_r1i1p1,FORE-SCE-B1,72,0.4525424643327523,673554561.127558,797970935.282478,305045015.4229635,311644040.3404451,316087642.83243155
NHG,bcc-csm1-1_rcp45_r1i1p1,GCAM-26,72,0.4525424643327523,742193875.0927658,832712147.2222538,370239614.82225525,372443227.16621226,380811576.88858527
NHG,bcc-csm1-1_rcp45_r1i1p1,GCAM-45,72,0.4525424643327523,716293025.1404147,811815838.9460914,337254810.4279416,350465422.35013616,354780735.22911525
NHG,bcc-csm1-1_rcp45_r1i1p1,GCAM-ref,72,0.4525424643327523,697727768.0270823,793347600.0238849,322522528.8338555,325758917.5078924,331306321.07976776
NHG,bcc-csm1-1_rcp45_r1i1p1,LUCAS-BAU_High-0001,72,0.4525424643327523,667215589.7033621,790716593.7255864,299095574.04671913,305702193.37276953,309730379.2293771
NHG,bcc-csm1-1_rcp45_r1i1p1,LUCAS-BAU_High-0002,72,0.4525424643327523,668325988.7218157,791868204.2658945,300134115.1774898,306754178.8425076,310821274.89828813
NHG,bcc-csm1-1_rcp60_r1i1p1,FORE-SCE-A1B,72,0.42589321492858495,70485599.02998193,56294429.66670447,49607202.76669787,839528980.7055734,601037522.6688011
NHG,bcc-csm1-1_rcp60_r1i1p1,FORE-SCE-A2,72,0.42589321492858495,62562781.05475795,50143586.863906115,77812269.55929825,852731396.8982923,599159324.9074409
NHG,bcc-csm1-1_rcp60_r1i1p1,FORE-SCE-B1,72,0.42589321492858495,57685916.941489406,46757684.117286205,75722968.64862716,849608265.2537204,598309864.7546891
NHG,bcc-csm1-1_rcp60_r1i1p1,GCAM-26,72,0.42589321492858495,107133334.99510989,85146954.13228694,109019241.03207344,787077244.2838699,593515994.0306376
NHG,bcc-csm1-1_rcp60_r1i1p1,GCAM-45,72,0.42589321492858495,85531307.06866056,66824019.39782869,54601147.485345595,750262726.7475003,592702751.038434
NHG,bcc-csm1-1_rcp60_r1i1p1,GCAM-ref,72,0.42589321492858495,72489473.18270016,57726360.06723943,50584688.76508373,840927388.3647629,601624015.3182315
NHG,bcc-csm1-1_rcp60_r1i1p1,LUCAS-BAU_High-0001,72,0.42589321492858495,52802661.92317021,42410150.74214546,72392995.86170137,845733029.4163465,597390486.8162128
NHG,bcc-csm1-1_rcp60_r1i1p1,LUCAS-BAU_High-0002,72,0.42589321492858495,53868491.72671061,43421215.43931791,73046687.55184373,846438001.4460907,597625102.265394
NHG,bcc-csm1-1_rcp85_r1i1p1,FORE-SCE-A1B,72,0.44200999894042214,26318560715.33467,26459822279.49605,26788879571.38808,27543695760.716377,27543725098.435753
NHG,bcc-csm1-1_rcp85_r1i1p1,FORE-SCE-A2,72,0.44200999894042214,26313661068.384544,26483410249.936577,26839813636.36937,27535949684.550358,27535975555.088825
NHG,bcc-csm1-1_rcp85_r1i1p1,FORE-SCE-B1,72,0.44200999894042214,26304857261.65592,26462533060.860287,26792964432.10633,27526892260.828266,27526917631.114895
NHG,bcc-csm1-1_rcp85_r1i1p1,GCAM-26,72,0.44200999894042214,26363278136.59672,26471955935.103313,26763067922.534863,27519978992.231033,27520026022.458668
NHG,bcc-csm1-1_rcp85_r1i1p1,GCAM-45,72,0.44200999894042214,26335684455.46887,26475479917.154736,26765397357.13735,27488695380.407307,27488745949.797318
NHG,bcc-csm1-1_rcp85_r1i1p1,GCAM-ref,72,0.44200999894042214,26315779326.38134,26448328959.628384,26774831054.03678,27541899624.830795,27541929972.7484
NHG,bcc-csm1-1_rcp85_r1i1p1,LUCAS-BAU_High-0001,72,0.44200999894042214,26296516929.100773,26473553234.537304,26833477111.592464,27516590032.533478,27516614673.01296
NHG,bcc-csm1-1_rcp85_r1i1p1,LUCAS-BAU_High-0002,72,0.44200999894042214,26297323767.767925,26462364063.19615,26816067883.72336,27517913181.92565,27517938500.288734
NHG,canesm2_rcp26_r1i1p1,FORE-SCE-A1B,72,0.3631208983607065,73483749353.60211,73576011753.09282,73366960035.09375,74134330895.16435,74134330895.16435
NHG,canesm2_rcp26_r1i1p1,FORE-SCE-A2,72,0.3631208983607065,73483788314.79552,73580435159.08911,73386947799.03122,74140510394.41338,74140510394.41338
NHG,canesm2_rcp26_r1i1p1,FORE-SCE-B1,72,0.3631208983607065,73481391514.79504,73579285211.31003,73381923986.69273,74140454957.15361,74140454957.15361
NHG,canesm2_rcp26_r1i1p1,GCAM-26,72,0.3631208983607065,73358501494.78534,73816069819.69215,73392435080.97847,73747428388.24811,73747428388.24811
NHG,canesm2_rcp26_r1i1p1,GCAM-45,72,0.3631208983607065,73487775366.46138,73619998141.1246,74909097725.36768,73736647248.89975,73736647248.89975
NHG,canesm2_rcp26_r1i1p1,GCAM-ref,72,0.3631208983607065,73478566628.22789,73611578646.32553,74971179178.5053,74125279201.8261,74125279201.8261
NHG,canesm2_rcp26_r1i1p1,LUCAS-BAU_High-0001,72,0.3631208983607065,73478176896.53473,73604870302.48251,73267062737.186,74135913570.22032,74135913570.22032
NHG,canesm2_rcp26_r1i1p1,LUCAS-BAU_High-0002,72,0.3631208983607065,73478567124.98279,73605127815.89119,73267495563.30992,74136109904.40692,74136109904.40692
NHG,canesm2_rcp45_r1i1p1,FORE-SCE-A1B,72,0.3345116187273818,11214398831.073496,10984078708.838047,11113065557.585646,11214362438.255867,11214362438.255867
NHG,canesm2_rcp45_r1i1p1,FORE-SCE-A2,72,0.3345116187273818,11203081634.73418,10989370240.77635,11079230154.993132,11203046867.364002,11203046867.364002
NHG,canesm2_rcp45_r1i1p1,FORE-SCE-B1,72,0.3345116187273818,11194618590.632639,10989144522.951422,11102155278.716343,11194591631.6852,11194591631.6852
NHG,canesm2_rcp45_r1i1p1,GCAM-26,72,0.3345116187273818,11228470421.679264,11305921074.560787,12563079485.548353,11314648532.443968,11314648532.443968
NHG,canesm2_rcp45_r1i1p1,GCAM-45,72,0.3345116187273818,11194957265.116217,11076645069.644484,11636567368.117722,11280852389.362806,11280852389.362806
NHG,canesm2_rcp45_r1i1p1,GCAM-ref,72,0.3345116187273818,11172527750.507607,11012216139.18542,11479639586.890358,11213107022.876528,11213107022.876528
NHG,canesm2_rcp45_r1i1p1,LUCAS-BAU_High-0001,72,0.3345116187273818,11184631616.526384,10999140715.563087,11107285284.80153,11184600041.112244,11184600041.112244
NHG,canesm2_rcp45_r1i1p1,LUCAS-BAU_High-0002,72,0.3345116187273818,11186290747.112553,10999197067.779682,11108050481.518412,11186258707.635965,11186258707.635965
NHG,canesm2_rcp85_r1i1p1,FORE-SCE-A1B,72,0.29523830687029956,135735635061.77325,135631439718.19586,135912979738.56114,138613622045.79807,138613622045.79807
NHG,canesm2_rcp85_r1i1p1,FORE-SCE-A2,72,0.29523830687029956,135729733483.2154,135633565172.32465,135879723552.41913,138605153100.4293,138605153100.4293
NHG,canesm2_rcp85_r1i1p1,FORE-SCE-B1,72,0.29523830687029956,135721798511.07439,135616334339.93044,135828828343.10913,138596167843.8651,138596167843.8651
NHG,canesm2_rcp85_r1i1p1,GCAM-26,72,0.29523830687029956,135887143499.81444,136066128996.93999,136580597102.85225,138536484491.92224,138536484491.92224
NHG,canesm2_rcp85_r1i1p1,GCAM-45,72,0.29523830687029956,135862472960.94963,135744822216.60706,136099818845.84093,138510250073.2202,138510250073.2202
NHG,canesm2_rcp85_r1i1p1,GCAM-ref,72,0.29523830687029956,135663790062.51898,135702377386.35748,136115925722.43004,138608529450.4874,138608529450.4874
NHG,canesm2_rcp85_r1i1p1,LUCAS-BAU_High-0001,72,0.29523830687029956,135431488338.55533,135649697496.38141,135899229886.56764,138582936586.23087,138582936586.23087
NHG,canesm2_rcp85_r1i1p1,LUCAS-BAU_High-0002,72,0.29523830687029956,135431193731.40988,135619119099.87811,135844440722.08835,138584247069.6115,138584247069.6115
NHG,ccsm4_rcp26_r1i1p1,FORE-SCE-A1B,72,0.3150014841201101,10832945241.144672,11011896080.84964,10493432093.377296,10104587292.99216,10126967433.691675
NHG,ccsm4_rcp26_r1i1p1,FORE-SCE-A2,72,0.3150014841201101,10826056095.557714,11005120199.875122,10505323884.40916,10103465663.697807,10125820433.80966
NHG,ccsm4_rcp26_r1i1p1,FORE-SCE-B1,72,0.3150014841201101,10818035537.32754,10994650781.954964,10497034664.57437,10096851455.303242,10119181125.906408
NHG,ccsm4_rcp26_r1i1p1,GCAM-26,72,0.3150014841201101,11292721373.297642,11047200165.318073,10535529428.423735,10185580099.144945,10195957095.29997
NHG,ccsm4_rcp26_r1i1p1,GCAM-45,72,0.3150014841201101,10852233806.38446,11063259269.795105,10602984011.118008,10164777540.74705,10175050908.055992
NHG,ccsm4_rcp26_r1i1p1,GCAM-ref,72,0.3150014841201101,10830831669.364202,11008458017.236622,10520656334.794111,10099229716.91703,10122222744.447237
NHG,ccsm4_rcp26_r1i1p1,LUCAS-BAU_High-0001,72,0.3150014841201101,10808374845.681414,11001625775.032734,10516015316.038895,10087418263.971851,10109795615.134993
NHG,ccsm4_rcp26_r1i1p1,LUCAS-BAU_High-0002,72,0.3150014841201101,10809922630.846985,10986186840.216558,10488157123.84726,10088273898.535141,10110651086.562849
NHG,ccsm4_rcp45_r1i1p1,FORE-SCE-A1B,72,0.3349485858334039,19213658416.658295,19235085123.185917,19079915270.56792,19215584702.310307,19215584702.310307
NHG,ccsm4_rcp45_r1i1p1,FORE-SCE-A2,72,0.3349485858334039,19205517053.616566,19240869986.034065,19086595247.826626,19207048735.953156,19207048735.953156
NHG,ccsm4_rcp45_r1i1p1,FORE-SCE-B1,72,0.3349485858334039,19200458912.191357,19218293259.553898,18997101321.853878,19201417174.280067,19201417174.280067
NHG,ccsm4_rcp45_r1i1p1,GCAM-26,72,0.3349485858334039,19257464921.49364,19283121280.27804,19071892530.6282,19247189298.245205,19247189298.245205
NHG,ccsm4_rcp45_r1i1p1,GCAM-45,72,0.3349485858334039,19231348725.70837,19313206429.879726,19308326790.667347,19221796022.607063,19221796022.607063
NHG,ccsm4_rcp45_r1i1p1,GCAM-ref,72,0.3349485858334039,19216509488.14517,19237762616.59451,19082380902.947006,19218292697.81718,19218292697.81718
NHG,ccsm4_rcp45_r1i1p1,LUCAS-BAU_High-0001,72,0.3349485858334039,19195069401.81233,19217795477.720047,19025269514.960163,19195619421.019863,19195619421.019863
NHG,ccsm4_rcp45_r1i1p1,LUCAS-BAU_High-0002,72,0.3349485858334039,19196174951.166485,19215244996.425262,19001577670.16619,19196748334.91736,19196748334.91736
NHG,ccsm4_rcp60_r1i1p1,FORE-SCE-A1B,72,0.3718522564431283,28451207485.522095,28735901972.344154,29473175189.85874,28709000003.16552,28709000003.16552
NHG,ccsm4_rcp60_r1i1p1,FORE-SCE-A2,72,0.3718522564431283,28446272429.64157,28732558540.96138,29484256646.73178,28706476361.222786,28706476361.222786
NHG,ccsm4_rcp60_r1i1p1,FORE-SCE-B1,72,0.3718522564431283,28446395054.605915,28451881920.793465,28328303281.86415,28713465648.09951,28713465648.09951
NHG,ccsm4_rcp60_r1i1p1,GCAM-26,72,0.3718522564431283,28446817372.276917,28554634875.291847,28495573224.75029,28480087248.624077,28480087248.624077
NHG,ccsm4_rcp60_r1i1p1,GCAM-45,72,0.3718522564431283,28457650446.729797,29493670980.298546,31872319319.18635,28478110944.177895,28478110944.177895
NHG,ccsm4_rcp60_r1i1p1,GCAM-ref,72,0.3718522564431283,28457507175.463715,28751547588.721497,29480516549.351624,28717747698.70398,28717747698.70398
NHG,ccsm4_rcp60_r1i1p1,LUCAS-BAU_High-0001,72,0.3718522564431283,28449300091.046646,28452125097.009773,28325665619.561104,28721429609.575447,28721429609.575447
NHG,ccsm4_rcp60_r1i1p1,LUCAS-BAU_High-0002,72,0.3718522564431283,28449632483.74297,28452783733.34793,28328038803.056007,28721247332.533127,28721247332.533127
NHG,ccsm4_rcp85_r1i1p1,FORE-SCE-A1B,72,0.3967263296220287,24280985751.836586,24293002911.861053,24568195237.286816,24252569904.949753,24252569904.949753
NHG,ccsm4_rcp85_r1i1p1,FORE-SCE-A2,72,0.3967263296220287,24267576737.234543,24276027475.049633,24563384597.592022,24240454742.782246,24240454742.782246
NHG,ccsm4_rcp85_r1i1p1,FORE-SCE-B1,72,0.3967263296220287,24255310332.693653,24274120733.258556,24514459385.431843,24228040043.492718,24228040043.492718
NHG,ccsm4_rcp85_r1i1p1,GCAM-26,72,0.3967263296220287,24356941638.15021,24400510665.48564,24604899593.214294,24366112928.75697,24366112928.75697
NHG,ccsm4_rcp85_r1i1p1,GCAM-45,72,0.3967263296220287,24313968896.663467,24406836256.63505,24875885579.10301,24323586322.154785,24323586322.154785
NHG,ccsm4_rcp85_r1i1p1,GCAM-ref,72,0.3967263296220287,24279195818.709435,24311398871.191658,24591634594.596344,24250634160.78192,24250634160.78192
NHG,ccsm4_rcp85_r1i1p1,LUCAS-BAU_High-0001,72,0.3967263296220287,24248986102.794147,24287463629.052635,24529428515.38173,24213811971.01054,24213811971.01054
NHG,ccsm4_rcp85_r1i1p1,LUCAS-BAU_High-0002,72,0.3967263296220287,24245172461.490307,24275489886.813255,24504921966.00037,24215887115.16005,24215887115.16005
NHG,cesm1-bgc_rcp45_r1i1p1,FORE-SCE-A1B,72,0.36138777260446775,28077108720.67037,28334316467.597527,28087342305.415325,28486162840.6332,28486162840.6332
NHG,cesm1-bgc_rcp45_r1i1p1,FORE-SCE-A2,72,0.36138777260446775,28070132829.943928,28332745500.77861,28092201892.527164,28479197077.139538,28479197077.139538
NHG,cesm1-bgc_rcp45_r1i1p1,FORE-SCE-B1,72,0.36138777260446775,28202501743.660065,28360015323.61007,28081680378.652023,28471063648.971073,28471063648.971073
NHG,cesm1-bgc_rcp45_r1i1p1,GCAM-26,72,0.36138777260446775,28115838770.52461,28464538782.03518,28174319661.570686,28611325060.850883,28611325060.850883
NHG,cesm1-bgc_rcp45_r1i1p1,GCAM-45,72,0.36138777260446775,28090361429.63412,28424408897.588573,28399541286.938778,28584869383.44968,28584869383.44968
NHG,cesm1-bgc_rcp45_r1i1p1,GCAM-ref,72,0.36138777260446775,28076076317.323807,28337455763.51749,28107226525.69883,28484717767.788776,28484717767.788776
NHG,cesm1-bgc_rcp45_r1i1p1,LUCAS-BAU_High-0001,72,0.36138777260446775,28191143451.686058,28358891686.793945,28070790445.95724,28462579708.853836,28462579708.853836
NHG,cesm1-bgc_rcp45_r1i1p1,LUCAS-BAU_High-0002,72,0.36138777260446775,28195247089.345085,28352766984.323498,28074641069.42634,28463700629.32425,28463700629.32425
NHG,cesm1-bgc_rcp85_r1i1p1,FORE-SCE-A1B,72,0.3701258202343868,20592284452.568604,20994860518.81019,20945825477.41538,23456706910.91134,23456706910.91134
NHG,cesm1-bgc_rcp85_r1i1p1,FORE-SCE-A2,72,0.3701258202343868,20589666927.568554,20993876453.491226,21089413841.678097,23448593268.395676,23448593268.395676
NHG,cesm1-bgc_rcp85_r1i1p1,FORE-SCE-B1,72,0.3701258202343868,20591575176.362488,20977654671.958557,21042904910.16064,23442257321.059265,23442257321.059265
NHG,cesm1-bgc_rcp85_r1i1p1,GCAM-26,72,0.3701258202343868,20616761156.558514,21047083072.175537,21126466986.22347,23323578537.68138,23323578537.68138
NHG,cesm1-bgc_rcp85_r1i1p1,GCAM-45,72,0.3701258202343868,20572041064.253574,20997940177.679585,21055422576.59372,23305489626.63619,23305489626.63619
NHG,cesm1-bgc_rcp85_r1i1p1,GCAM-ref,72,0.3701258202343868,20594169183.47817,21006038712.825615,20970813436.920033,23456170615.286655,23456170615.286655
NHG,cesm1-bgc_rcp85_r1i1p1,LUCAS-BAU_High-0001,72,0.3701258202343868,20595848602.957954,20989485600.76817,20706518549.833153,23434072178.600697,23434072178.600697
NHG,cesm1-bgc_rcp85_r1i1p1,LUCAS-BAU_High-0002,72,0.3701258202343868,20596003040.159245,20987681131.15616,20699490506.9015,23435483267.618618,23435483267.618618
NHG,cesm1-cam5_rcp26_r1i1p1,FORE-SCE-A1B,72,0.3691889748980226,7517731458.319668,7351536085.515711,7083527674.242183,7069868937.590339,7069874552.081135
NHG,cesm1-cam5_rcp26_r1i1p1,FORE-SCE-A2,72,0.3691889748980226,7514229814.45124,7356409814.822863,7104663947.735167,7066447998.927727,7066459193.879095
NHG,cesm1-cam5_rcp26_r1i1p1,FORE-SCE-B1,72,0.3691889748980226,7510208158.748336,7351940690.677246,7100269006.842727,7063309040.372431,7063320101.383804
NHG,cesm1-cam5_rcp26_r1i1p1,GCAM-26,72,0.3691889748980226,7546577872.491963,7356933872.2678585,7048512903.592452,7047089093.987841,7047111573.89883
NHG,cesm1-cam5_rcp26_r1i1p1,GCAM-45,72,0.3691889748980226,7534534399.675289,7353194679.985886,7063212145.933351,7034735041.084733,7034741505.834237
NHG,cesm1-cam5_rcp26_r1i1p1,GCAM-ref,72,0.3691889748980226,7523618836.182931,7335924344.287666,7052321367.632829,7069212354.9783,7069218245.6681595
NHG,cesm1-cam5_rcp26_r1i1p1,LUCAS-BAU_High-0001,72,0.3691889748980226,7508212998.07178,7362553069.48902,7111023494.434075,7060255809.136467,7060266793.2568245
NHG,cesm1-cam5_rcp26_r1i1p1,LUCAS-BAU_High-0002,72,0.3691889748980226,7508838379.553779,7354650192.717708,7105648257.306554,7060656574.076003,7060667709.407792
NHG,cesm1-cam5_rcp45_r1i1p1,FORE-SCE-A1B,72,0.39767767918705665,4188127307.2524214,4217502267.833365,4007252412.099135,3995496758.465774,3995626203.0232034
NHG,cesm1-cam5_rcp45_r1i1p1,FORE-SCE-A2,72,0.39767767918705665,4178003875.065893,4207452347.506779,3998104542.392456,3984354613.5495806,3984451378.5876794
NHG,cesm1-cam5_rcp45_r1i1p1,FORE-SCE-B1,72,0.39767767918705665,4173179918.8678274,4202981905.752357,3993774041.3730793,3978217346.0412173,3978273982.442038
NHG,cesm1-cam5_rcp45_r1i1p1,GCAM-26,72,0.39767767918705665,4170320266.1030946,4258027397.6298633,4025527766.7376924,4077012294.8259854,4077205735.55437
NHG,cesm1-cam5_rcp45_r1i1p1,GCAM-45,72,0.39767767918705665,4143328027.260554,4220277284.3695784,3989588995.102808,4039918373.269,4040076428.5598435
NHG,cesm1-cam5_rcp45_r1i1p1,GCAM-ref,72,0.39767767918705665,4128698426.6106577,4204464610.1818132,3974975478.151751,3997607737.1906667,3997761318.2178826
NHG,cesm1-cam5_rcp45_r1i1p1,LUCAS-BAU_High-0001,72,0.39767767918705665,4166362362.3320546,4182643796.8161955,3965722580.3126874,3970045840.7401,3970129462.083778
NHG,cesm1-cam5_rcp45_r1i1p1,LUCAS-BAU_High-0002,72,0.39767767918705665,4167748445.126959,4184357879.599913,3967820777.665994,3971647990.531295,3971718150.209254
NHG,cesm1-cam5_rcp60_r1i1p1,FORE-SCE-A1B,72,0.34210777818010524,5364814747.006862,5422986849.46304,6218225990.547612,5889500265.480898,5889500265.480898
NHG,cesm1-cam5_rcp60_r1i1p1,FORE-SCE-A2,72,0.34210777818010524,5307227015.894988,5373065318.58718,6176472079.106266,5886215265.337091,5886215265.337091
NHG,cesm1-cam5_rcp60_r1i1p1,FORE-SCE-B1,72,0.34210777818010524,5302037399.81003,5369236668.906648,6178969158.431058,5883605331.649632,5883605331.649632
NHG,cesm1-cam5_rcp60_r1i1p1,GCAM-26,72,0.34210777818010524,5159945255.25026,5432812554.492195,6259512147.770702,5967931745.417155,5967931745.417155
NHG,cesm1-cam5_rcp60_r1i1p1,GCAM-45,72,0.34210777818010524,5379469589.395622,5461787573.820379,6271737995.525416,5955268270.699534,5955268270.699534
NHG,cesm1-cam5_rcp60_r1i1p1,GCAM-ref,72,0.34210777818010524,5365141030.080365,5422006732.500371,6219142118.01274,5889766112.616852,5889766112.616852
NHG,cesm1-cam5_rcp60_r1i1p1,LUCAS-BAU_High-0001,72,0.34210777818010524,5296394123.000927,5372282994.04381,6148168965.832195,5881701006.739459,5881701006.739459
NHG,cesm1-cam5_rcp60_r1i1p1,LUCAS-BAU_High-0002,72,0.34210777818010524,5296785471.801002,5363949269.84483,6177427540.593148,5882032369.296697,5882032369.296697
NHG,cesm1-cam5_rcp85_r1i1p1,FORE-SCE-A1B,72,0.3591669408204001,44273681032.038795,44233880681.763176,44175966580.66177,43949956454.70596,43949956454.70596
NHG,cesm1-cam5_rcp85_r1i1p1,FORE-SCE-A2,72,0.3591669408204001,44264885881.141914,44254857790.83218,44246260061.47429,43943664478.778824,43943664478.778824
NHG,cesm1-cam5_rcp85_r1i1p1,FORE-SCE-B1,72,0.3591669408204001,44258508748.841095,44236892949.41181,44172029286.385895,43940833928.7329,43940833928.7329
NHG,cesm1-cam5_rcp85_r1i1p1,GCAM-26,72,0.3591669408204001,44327556200.87608,44328565251.38771,44294948975.67376,43923681843.53679,43923681843.53679
NHG,cesm1-cam5_rcp85_r1i1p1,GCAM-45,72,0.3591669408204001,44293441638.920685,44300819941.70663,44372135436.1933,43899031362.945,43899031362.945
NHG,cesm1-cam5_rcp85_r1i1p1,GCAM-ref,72,0.3591669408204001,44274963238.44237,44190245033.37222,44037745008.452286,43952920177.59672,43952920177.59672
NHG,cesm1-cam5_rcp85_r1i1p1,LUCAS-BAU_High-0001,72,0.3591669408204001,44248448607.988434,44215651928.55249,44117447727.90276,43934634110.71518,43934634110.71518
NHG,cesm1-cam5_rcp85_r1i1p1,LUCAS-BAU_High-0002,72,0.3591669408204001,44249996168.19705,44216841916.710464,44118619510.516846,43935697492.8025,43935697492.8025
NHG,cmcc-cm_rcp45_r1i1p1,FORE-SCE-A1B,72,0.43212072727381506,134987831.87718266,344145863.2244403,2070553399.4017417,1963170283.1736658,1603567198.5801277
NHG,cmcc-cm_rcp45_r1i1p1,FORE-SCE-A2,72,0.43212072727381506,124995966.11543031,328345408.3761297,2025817037.2737198,2028403900.614889,1623383378.1819937
NHG,cmcc-cm_rcp45_r1i1p1,FORE-SCE-B1,72,0.43212072727381506,118827402.11406691,324794256.33646214,2031235442.0983016,2033069972.875311,1626666437.8256462
NHG,cmcc-cm_rcp45_r1i1p1,GCAM-26,72,0.43212072727381506,182472744.10094362,440685951.62873185,1694285206.1649718,1793911996.3538673,1859319728.030339
NHG,cmcc-cm_rcp45_r1i1p1,GCAM-45,72,0.43212072727381506,153071420.16198453,369697240.2371851,1989878442.048753,2159329007.6398582,1909634725.9777818
NHG,cmcc-cm_rcp45_r1i1p1,GCAM-ref,72,0.43212072727381506,134974223.18064946,358586462.5774585,2007813455.1155427,1964314505.7357779,1591756877.8065445
NHG,cmcc-cm_rcp45_r1i1p1,LUCAS-BAU_High-0001,72,0.43212072727381506,110881198.90652762,348661521.33255464,1743004063.5756545,1833056096.532338,1640780280.990294
NHG,cmcc-cm_rcp45_r1i1p1,LUCAS-BAU_High-0002,72,0.43212072727381506,112238122.75513025,349381433.40813965,1740319762.079925,1830952010.159482,1638113736.0530112
NHG,cmcc-cm_rcp85_r1i1p1,FORE-SCE-A1B,72,0.44216812414190215,125404850.1278291,118085856.85499173,145428833.79309338,365518723.0616094,269389648.583817
NHG,cmcc-cm_rcp85_r1i1p1,FORE-SCE-A2,72,0.44216812414190215,115729254.7994673,109347032.7227566,138199638.72591338,358197352.90898144,266604577.72973517
NHG,cmcc-cm_rcp85_r1i1p1,FORE-SCE-B1,72,0.44216812414190215,103559688.72410327,98045298.25715482,127888905.24773501,347544431.4297119,263318721.8741466
NHG,cmcc-cm_rcp85_r1i1p1,GCAM-26,72,0.44216812414190215,192860933.14799014,181704818.1157866,275346122.0863721,457184952.9222013,274441553.2887766
NHG,cmcc-cm_rcp85_r1i1p1,GCAM-45,72,0.44216812414190215,151319521.5042852,141788555.5183113,161528667.8382951,372029490.36783445,260897470.80654928
NHG,cmcc-cm_rcp85_r1i1p1,GCAM-ref,72,0.44216812414190215,123182175.69394368,115224618.31730828,137158681.65813836,362694960.0277384,268948836.57504153
NHG,cmcc-cm_rcp85_r1i1p1,LUCAS-BAU_High-0001,72,0.44216812414190215,90345455.58082837,85637600.6675837,163604640.78880662,397209117.98498875,259675334.43312398
NHG,cmcc-cm_rcp85_r1i1p1,LUCAS-BAU_High-0002,72,0.44216812414190215,92070705.41772401,87183471.54254784,164987630.9128959,398159044.2609954,260143001.20922393
NHG,cnrm-cm5_rcp45_r1i1p1,FORE-SCE-A1B,72,0.3263752533202923,36676349009.84997,36867912030.588455,38124147874.05271,36760196253.934494,36760196253.934494
NHG,cnrm-cm5_rcp45_r1i1p1,FORE-SCE-A2,72,0.3263752533202923,36779346591.114,36688570862.15024,36958694658.72717,36762994880.35906,36762994880.35906
NHG,cnrm-cm5_rcp45_r1i1p1,FORE-SCE-B1,72,0.3263752533202923,36779924241.653755,36688707299.17519,36955124246.20693,36763605519.13804,36763605519.13804
NHG,cnrm-cm5_rcp45_r1i1p1,GCAM-26,72,0.3263752533202923,36626857203.23685,36939608274.10814,37206404552.876785,36524204495.54686,36524204495.54686
NHG,cnrm-cm5_rcp45_r1i1p1,GCAM-45,72,0.3263752533202923,36675765540.57967,36942851888.21584,38168469879.06961,36519315372.29061,36519315372.29061
NHG,cnrm-cm5_rcp45_r1i1p1,GCAM-ref,72,0.3263752533202923,36677033689.17569,36869205514.39902,38132774866.45152,36760122492.23503,36760122492.23503
NHG,cnrm-cm5_rcp45_r1i1p1,LUCAS-BAU_High-0001,72,0.3263752533202923,36782796727.29445,36711454915.09913,37179586676.246445,36767423941.69435,36767423941.69435
NHG,cnrm-cm5_rcp45_r1i1p1,LUCAS-BAU_High-0002,72,0.3263752533202923,36782231847.09283,36695145139.2846,37120019819.44018,36766792562.9147,36766792562.9147
NHG,cnrm-cm5_rcp85_r1i1p1,FORE-SCE-A1B,72,0.30270030221271976,72563792427.9212,72900569795.15308,73182830040.56096,72520314225.19962,72520314225.19962
NHG,cnrm-cm5_rcp85_r1i1p1,FORE-SCE-A2,72,0.30270030221271976,72783201610.83748,72741015681.81596,73052725661.59888,72520189863.00853,72520189863.00853
NHG,cnrm-cm5_rcp85_r1i1p1,FORE-SCE-B1,72,0.30270030221271976,72774175947.06425,72745051187.77702,73025397594.02538,72514820588.90123,72514820588.90123
NHG,cnrm-cm5_rcp85_r1i1p1,GCAM-26,72,0.30270030221271976,72363077617.02121,73110150126.0378,72727336681.38646,72193777794.8671,72193777794.8671
NHG,cnrm-cm5_rcp85_r1i1p1,GCAM-45,72,0.30270030221271976,72580520569.01744,73280239215.1837,72982426251.84128,72164001205.91406,72164001205.91406
NHG,cnrm-cm5_rcp85_r1i1p1,GCAM-ref,72,0.30270030221271976,72561748917.92665,72984475458.34908,72864524125.75761,72517311976.98558,72517311976.98558
NHG,cnrm-cm5_rcp85_r1i1p1,LUCAS-BAU_High-0001,72,0.30270030221271976,72637722568.6585,72688785055.12779,72380090027.13487,72512399300.88866,72512399300.88866
NHG,cnrm-cm5_rcp85_r1i1p1,LUCAS-BAU_High-0002,72,0.30270030221271976,72781343323.54031,72686714608.79448,72299087203.49525,72512579520.7421,72512579520.7421
NHG,csiro-mk3-6-0_rcp26_r1i1p1,FORE-SCE-A1B,72,0.37275115204218906,9148798241.144236,9443373804.065939,9880659392.251635,8979085610.033085,8979085610.033085
NHG,csiro-mk3-6-0_rcp26_r1i1p1,FORE-SCE-A2,72,0.37275115204218906,9143446131.004341,9433937356.107649,9859947018.213057,8973616381.880121,8973616381.880121
NHG,csiro-mk3-6-0_rcp26_r1i1p1,FORE-SCE-B1,72,0.37275115204218906,9144474699.30596,9437976060.323833,9853537523.652971,8974506662.257545,8974506662.257545
NHG,csiro-mk3-6-0_rcp26_r1i1p1,GCAM-26,72,0.37275115204218906,9141931996.11681,9630672348.208138,10898536201.969816,9188790698.499987,9188790698.499987
NHG,csiro-mk3-6-0_rcp26_r1i1p1,GCAM-45,72,0.37275115204218906,9128301939.190128,9478067716.885557,9770125751.294468,9175016877.601376,9175016877.601376
NHG,csiro-mk3-6-0_rcp26_r1i1p1,GCAM-ref,72,0.37275115204218906,9082879896.571783,9424767567.677013,9733740580.41093,8981652178.640564,8981652178.640564
NHG,csiro-mk3-6-0_rcp26_r1i1p1,LUCAS-BAU_High-0001,72,0.37275115204218906,9143969656.727907,9438061788.994736,9845501376.24222,8973940185.535604,8973940185.535604
NHG,csiro-mk3-6-0_rcp26_r1i1p1,LUCAS-BAU_High-0002,72,0.37275115204218906,9144530069.771412,9438557182.921976,9846870767.06102,8974484000.0028,8974484000.0028
NHG,csiro-mk3-6-0_rcp45_r1i1p1,FORE-SCE-A1B,72,0.3531492765130644,1164512007.1919782,1182175366.106796,872201685.9263165,809269551.9672773,807728613.5604665
NHG,csiro-mk3-6-0_rcp45_r1i1p1,FORE-SCE-A2,72,0.3531492765130644,1153484766.768651,1161553808.6947687,873641284.2906132,795480001.2322011,799454402.1318054
NHG,csiro-mk3-6-0_rcp45_r1i1p1,FORE-SCE-B1,72,0.3531492765130644,1145165049.8907306,1154142499.0038204,867644958.6072221,789219918.7151321,793097409.7306935
NHG,csiro-mk3-6-0_rcp45_r1i1p1,GCAM-26,72,0.3531492765130644,1218560422.6858742,1224452091.7271316,923223963.4811146,860942297.2672168,858074737.1443024
NHG,csiro-mk3-6-0_rcp45_r1i1p1,GCAM-45,72,0.3531492765130644,1186467006.589518,1168736210.0819921,913604649.2998575,833187183.1529068,831894101.4276345
NHG,csiro-mk3-6-0_rcp45_r1i1p1,GCAM-ref,72,0.3531492765130644,1165604720.8262265,1160038381.998416,877340858.6356329,809339665.0536416,808206750.2070016
NHG,csiro-mk3-6-0_rcp45_r1i1p1,LUCAS-BAU_High-0001,72,0.3531492765130644,1137233190.7173975,1144509582.9183767,857753072.5454669,787674831.659819,788139043.6133868
NHG,csiro-mk3-6-0_rcp45_r1i1p1,LUCAS-BAU_High-0002,72,0.3531492765130644,1138715414.3409033,1145707480.2855651,863112856.0601277,785200170.8361694,789135562.0502143
NHG,csiro-mk3-6-0_rcp60_r1i1p1,FORE-SCE-A1B,72,0.32321870657587454,2552148955.0457025,2706985877.1783357,2707991916.02924,2745571665.4031262,2759864404.1301413
NHG,csiro-mk3-6-0_rcp60_r1i1p1,FORE-SCE-A2,72,0.32321870657587454,2546560676.4365554,2685901135.1678653,2684250706.6863437,2751701405.759888,2760038546.7213593
NHG,csiro-mk3-6-0_rcp60_r1i1p1,FORE-SCE-B1,72,0.32321870657587454,2541794013.368511,2682350051.445894,2681913229.584744,2747222744.1735907,2755513972.5577955
NHG,csiro-mk3-6-0_rcp60_r1i1p1,GCAM-26,72,0.32321870657587454,2586150456.113705,2724569985.172792,2732509783.126294,2795171843.0111976,2794899331.0373697
NHG,csiro-mk3-6-0_rcp60_r1i1p1,GCAM-45,72,0.32321870657587454,2564713032.103989,2707047995.5462327,2699447445.7870936,2771866348.6437397,2778444472.4250417
NHG,csiro-mk3-6-0_rcp60_r1i1p1,GCAM-ref,72,0.32321870657587454,2551720802.8492856,2705946546.373383,2705228924.72903,2743511489.916937,2758218657.775644
NHG,csiro-mk3-6-0_rcp60_r1i1p1,LUCAS-BAU_High-0001,72,0.32321870657587454,2535860242.3548756,2675472426.2458034,2671307717.576713,2742323897.2603936,2750643102.406937
NHG,csiro-mk3-6-0_rcp60_r1i1p1,LUCAS-BAU_High-0002,72,0.32321870657587454,2536695279.53683,2676236287.491985,2672478487.3536906,2742575244.277434,2750911131.6283193
NHG,csiro-mk3-6-0_rcp85_r1i1p1,FORE-SCE-A1B,72,0.42147721289009465,24511880986.04141,24847702370.965435,24954888434.199337,24340808397.377876,24340808397.377876
NHG,csiro-mk3-6-0_rcp85_r1i1p1,FORE-SCE-A2,72,0.42147721289009465,24642638401.214443,24846630976.637638,24988424296.71985,24334358804.376896,24334358804.376896
NHG,csiro-mk3-6-0_rcp85_r1i1p1,FORE-SCE-B1,72,0.42147721289009465,24634058162.92852,24767833237.628235,24340176651.165188,24331310797.904438,24331310797.904438
NHG,csiro-mk3-6-0_rcp85_r1i1p1,GCAM-26,72,0.42147721289009465,24570173064.052532,24953849128.09816,25044021799.73704,24023849881.74666,24023849881.74666
NHG,csiro-mk3-6-0_rcp85_r1i1p1,GCAM-45,72,0.42147721289009465,24535208125.34865,25135247263.14517,27598789568.005447,23994654006.34557,23994654006.34557
NHG,csiro-mk3-6-0_rcp85_r1i1p1,GCAM-ref,72,0.42147721289009465,24512108880.739944,24772585343.87865,24286020322.28969,24344083613.8771,24344083613.8771
NHG,csiro-mk3-6-0_rcp85_r1i1p1,LUCAS-BAU_High-0001,72,0.42147721289009465,24623847367.660793,24762542935.064075,24355072377.781174,24326639708.198696,24326639708.198696
NHG,csiro-mk3-6-0_rcp85_r1i1p1,LUCAS-BAU_High-0002,72,0.42147721289009465,24625307297.85242,24759313745.899513,24331233347.52014,24327390004.91213,24327390004.91213
NHG,fgoals-g2_rcp26_r1i1p1,FORE-SCE-A1B,72,0.38146159586477396,41533469.021801725,39626363.87947829,33312619.977340043,1234870504.3407733,1651190438.0463254
NHG,fgoals-g2_rcp26_r1i1p1,FORE-SCE-A2,72,0.38146159586477396,36551477.06429868,34600627.102404915,28828396.680799868,1289304461.7672775,1648317929.4184856
NHG,fgoals-g2_rcp26_r1i1p1,FORE-SCE-B1,72,0.38146159586477396,33508361.216838453,32576219.549987823,27147482.62810488,1292026227.4511254,1647351775.665867
NHG,fgoals-g2_rcp26_r1i1p1,GCAM-26,72,0.38146159586477396,65932515.03875513,63528665.17444619,52948343.57383463,1182998563.9502847,1707806669.2481189
NHG,fgoals-g2_rcp26_r1i1p1,GCAM-45,72,0.38146159586477396,50748236.49072946,48482450.05314801,40810395.26472192,1286966349.8783474,1837037041.5867527
NHG,fgoals-g2_rcp26_r1i1p1,GCAM-ref,72,0.38146159586477396,41829313.94588861,39757988.24887967,33409349.260962073,1220601899.855679,1646730850.7372382
NHG,fgoals-g2_rcp26_r1i1p1,LUCAS-BAU_High-0001,72,0.38146159586477396,29619156.133856352,28382896.727350168,23437936.155931845,1302394755.2988431,1645797165.2254343
NHG,fgoals-g2_rcp26_r1i1p1,LUCAS-BAU_High-0002,72,0.38146159586477396,30341077.797708236,29240785.88074639,24190887.18760933,1296608706.5788875,1646161974.2470238
NML,access1-0_rcp45_r1i1p1,FORE-SCE-A1B,72,0.5402547645296036,9885756569.270334,8551940472.511889,7729702866.393429,19202975583.38537,13475951168.401321
NML,access1-0_rcp45_r1i1p1,FORE-SCE-A2,72,0.5402547645296036,8680047615.317444,7129649069.659245,6180025048.862044,21939024630.695328,18387622804.305676
NML,access1-0_rcp45_r1i1p1,FORE-SCE-B1,72,0.5402547645296036,7457791919.400862,5714232827.702011,4643260740.878343,20812840733.092384,18153839097.63282
NML,access1-0_rcp45_r1i1p1,GCAM-26,72,0.5402547645296036,20484843989.81057,19836007860.73595,19338440901.389202,22764777810.01288,21810087343.72942
NML,access1-0_rcp45_r1i1p1,GCAM-45,72,0.5402547645296036,13489450934.046976,12818033176.724482,13265353959.06674,24030422313.034653,15419861677.006514
NML,access1-0_rcp45_r1i1p1,GCAM-ref,72,0.5402547645296036,9567444791.508385,8259988279.789295,7223855038.821026,17363635116.682,11924723657.385855
NML,access1-0_rcp45_r1i1p1,LUCAS-BAU_High-0001,72,0.5402547645296036,6024123436.523647,4308831809.215146,3392457088.5546093,20733621874.057953,19916246604.246357
NML,access1-0_rcp45_r1i1p1,LUCAS-BAU_High-0002,72,0.5402547645296036,6181145683.281726,4480397432.064374,3519196725.157696,18854782181.70371,19541854418.49633
NML,access1-0_rcp85_r1i1p1,FORE-SCE-A1B,72,0.5453058201644824,14586804966.974361,13986016294.892418,13458005057.709782,13499820424.068012,13429023845.864202
NML,access1-0_rcp85_r1i1p1,FORE-SCE-A2,72,0.5453058201644824,12355744659.833944,11295116551.30233,10575769354.683722,10679102740.136312,10670263183.365528
NML,access1-0_rcp85_r1i1p1,FORE-SCE-B1,72,0.5453058201644824,10683957911.492989,9388828727.159107,8609955653.927979,8992655151.024275,8698088967.897882
NML,access1-0_rcp85_r1i1p1,GCAM-26,72,0.5453058201644824,31278266408.706886,31157989893.84143,30941061786.307007,37247666910.08535,31663289703.15839
NML,access1-0_rcp85_r1i1p1,GCAM-45,72,0.5453058201644824,20488122139.82446,20131698942.308277,19733466581.825558,26509503902.403152,20999770605.81817
NML,access1-0_rcp85_r1i1p1,GCAM-ref,72,0.5453058201644824,14681207529.745146,14084714895.22666,13577914569.03272,13479441018.406525,13525736324.44856
NML,access1-0_rcp85_r1i1p1,LUCAS-BAU_High-0001,72,0.5453058201644824,8534862489.044843,7062016071.830076,6237477127.300122,6525319627.510567,6292938907.402382
NML,access1-0_rcp85_r1i1p1,LUCAS-BAU_High-0002,72,0.5453058201644824,8844498880.162258,7411688706.812059,6593425258.421307,6874264793.688953,6651647328.493538
NML,bcc-csm1-1-m_rcp45_r1i1p1,FORE-SCE-A1B,72,0.5370958861560119,11296125060.579342,9982298787.281015,8936780899.929478,12063032674.36166,10594535231.023205
NML,bcc-csm1-1-m_rcp45_r1i1p1,FORE-SCE-A2,72,0.5370958861560119,9944272468.078377,8339501705.53943,7423982406.082948,8972770376.305855,8849632895.906252
NML,bcc-csm1-1-m_rcp45_r1i1p1,FORE-SCE-B1,72,0.5370958861560119,8557844648.16084,6884032656.519315,6394576319.401034,9164166515.11436,7294153358.743584
NML,bcc-csm1-1-m_rcp45_r1i1p1,GCAM-26,72,0.5370958861560119,22864207956.790165,21962187754.555996,20472239328.525997,20817155210.39533,22058370898.777836
NML,bcc-csm1-1-m_rcp45_r1i1p1,GCAM-45,72,0.5370958861560119,15161577372.65465,14149104788.213387,12890004470.289267,13817002110.881708,14217699574.011335
NML,bcc-csm1-1-m_rcp45_r1i1p1,GCAM-ref,72,0.5370958861560119,10812029359.057495,9692490857.09985,8577331448.649277,11586319481.600525,10399979070.70623
NML,bcc-csm1-1-m_rcp45_r1i1p1,LUCAS-BAU_High-0001,72,0.5370958861560119,7192110924.129843,5333954953.094201,4596868981.118777,5683675976.001527,5625444251.878524
NML,bcc-csm1-1-m_rcp45_r1i1p1,LUCAS-BAU_High-0002,72,0.5370958861560119,7333464165.787909,5506015648.294704,5032901923.561162,9031058603.954754,5838966535.541012
NML,bcc-csm1-1-m_rcp85_r1i1p1,FORE-SCE-A1B,72,0.47570302695454814,18629938856.864426,14350489303.440044,24566611958.458733,13373205155.877586,12833320193.863518
NML,bcc-csm1-1-m_rcp85_r1i1p1,FORE-SCE-A2,72,0.47570302695454814,17193234833.627533,12878394799.399586,23132960136.85121,12068983410.155838,11132879515.560017
NML,bcc-csm1-1-m_rcp85_r1i1p1,FORE-SCE-B1,72,0.47570302695454814,15899666197.126303,11425883036.53231,21480013327.97031,10441913247.146652,9477774995.42635
NML,bcc-csm1-1-m_rcp85_r1i1p1,GCAM-26,72,0.47570302695454814,28325843156.60588,24799064432.781574,36052104504.437996,24946235532.298435,23098665244.099792
NML,bcc-csm1-1-m_rcp85_r1i1p1,GCAM-45,72,0.47570302695454814,21932940141.043453,18030747524.21855,30776060650.39628,17720317496.581387,15864368899.598152
NML,bcc-csm1-1-m_rcp85_r1i1p1,GCAM-ref,72,0.47570302695454814,17927491933.423805,13822561788.843529,26598540104.19314,12977657151.776176,12552296681.099737
NML,bcc-csm1-1-m_rcp85_r1i1p1,LUCAS-BAU_High-0001,72,0.47570302695454814,14077806436.2543,9559169439.64557,19224335534.477524,9102637205.340302,7681402388.371033
NML,bcc-csm1-1-m_rcp85_r1i1p1,LUCAS-BAU_High-0002,72,0.47570302695454814,14262708025.427893,9748873602.714653,19640708749.401264,9145512434.577482,7924747846.301645
NML,bcc-csm1-1_rcp26_r1i1p1,FORE-SCE-A1B,72,0.568690320612912,19993265957.320663,19684880220.622852,17679084290.78196,20083144347.647095,17649750131.07881
NML,bcc-csm1-1_rcp26_r1i1p1,FORE-SCE-A2,72,0.568690320612912,16734845724.846134,16416312053.634222,14282694290.774723,16818588102.770498,14247533479.980648
NML,bcc-csm1-1_rcp26_r1i1p1,FORE-SCE-B1,72,0.568690320612912,14730546806.614359,14154021615.338854,13406735259.488491,16944465340.752308,12344101728.926027
NML,bcc-csm1-1_rcp26_r1i1p1,GCAM-26,72,0.568690320612912,38272341826.13304,37461338658.408134,37520402270.65226,41805731820.09062,38668323125.23396
NML,bcc-csm1-1_rcp26_r1i1p1,GCAM-45,72,0.568690320612912,26610086716.47586,25967131150.70713,26609531519.678013,35916594208.768166,29122587503.55953
NML,bcc-csm1-1_rcp26_r1i1p1,GCAM-ref,72,0.568690320612912,20068491956.129467,19949610828.19628,17884968410.287033,20403613029.662067,17895422268.60934
NML,bcc-csm1-1_rcp26_r1i1p1,LUCAS-BAU_High-0001,72,0.568690320612912,12524607523.641375,12237067796.66861,11308200289.626133,15457205498.238241,10335617768.614595
NML,bcc-csm1-1_rcp26_r1i1p1,LUCAS-BAU_High-0002,72,0.568690320612912,12864364551.842602,12591812081.297295,11647413338.662113,15752370308.90961,10738187178.610386
NML,bcc-csm1-1_rcp45_r1i1p1,FORE-SCE-A1B,72,0.5204007653505207,15121894207.451065,13473619920.827272,12071942097.458797,14151944146.073044,11443502280.190544
NML,bcc-csm1-1_rcp45_r1i1p1,FORE-SCE-A2,72,0.5204007653505207,13082227506.254519,11209112851.55499,9897523922.61778,12040512136.60919,9254311732.565706
NML,bcc-csm1-1_rcp45_r1i1p1,FORE-SCE-B1,72,0.5204007653505207,11371792282.168869,9452802879.741127,8547739999.906993,11042866308.015953,8317377494.635075
NML,bcc-csm1-1_rcp45_r1i1p1,GCAM-26,72,0.5204007653505207,28411921807.986717,27487612838.17061,25640933807.75851,37841552857.05254,25119672660.74389
NML,bcc-csm1-1_rcp45_r1i1p1,GCAM-45,72,0.5204007653505207,19912278201.53396,18580348045.2052,17125219307.958681,29933071938.035763,15988994741.328037
NML,bcc-csm1-1_rcp45_r1i1p1,GCAM-ref,72,0.5204007653505207,14643906248.923985,13224579627.229355,11864319739.318192,13194322820.64779,11316528402.313383
NML,bcc-csm1-1_rcp45_r1i1p1,LUCAS-BAU_High-0001,72,0.5204007653505207,9758092106.466105,7661910246.394098,6759987639.144789,9191872070.052639,5866186350.910322
NML,bcc-csm1-1_rcp45_r1i1p1,LUCAS-BAU_High-0002,72,0.5204007653505207,10043787439.628632,7947107422.005428,7035686323.9722,9476223795.390713,6133874569.05081
NML,bcc-csm1-1_rcp60_r1i1p1,FORE-SCE-A1B,72,0.5331875725232615,12061462521.319859,10482191809.915874,8887854591.013145,9895010158.487621,8428689435.498586
NML,bcc-csm1-1_rcp60_r1i1p1,FORE-SCE-A2,72,0.5331875725232615,10099870869.951193,8389180316.988635,7228130191.4419985,8859078613.542727,6408745316.206258
NML,bcc-csm1-1_rcp60_r1i1p1,FORE-SCE-B1,72,0.5331875725232615,8960346579.132965,7176225575.578159,6424567828.356662,8178568646.527784,5391370652.970199
NML,bcc-csm1-1_rcp60_r1i1p1,GCAM-26,72,0.5331875725232615,23760571921.123936,22631567381.748863,22208175215.700764,30062870512.748528,21462135582.42668
NML,bcc-csm1-1_rcp60_r1i1p1,GCAM-45,72,0.5331875725232615,16322689552.452248,15167118972.815014,14523430330.948593,16269781177.154297,14192978013.586153
NML,bcc-csm1-1_rcp60_r1i1p1,GCAM-ref,72,0.5331875725232615,12510538583.777983,10903418062.238924,10341915448.843565,11749949601.985916,8850014199.811316
NML,bcc-csm1-1_rcp60_r1i1p1,LUCAS-BAU_High-0001,72,0.5331875725232615,7975295218.060434,5960348674.04348,5161030275.613141,7384593662.716399,4189006332.1987257
NML,bcc-csm1-1_rcp60_r1i1p1,LUCAS-BAU_High-0002,72,0.5331875725232615,8213693193.02842,6203169542.709717,5395872595.317197,7490326757.334242,4392010499.751769
NML,bcc-csm1-1_rcp85_r1i1p1,FORE-SCE-A1B,72,0.5418525904917989,22517613161.557674,25145095586.538013,26232864977.70904,64302762282.291725,39696507285.67823
NML,bcc-csm1-1_rcp85_r1i1p1,FORE-SCE-A2,72,0.5418525904917989,20487408463.48622,22758278574.67188,25452810207.239136,62300267033.99366,46880200568.493385
NML,bcc-csm1-1_rcp85_r1i1p1,FORE-SCE-B1,72,0.5418525904917989,18319028381.257324,20320969015.5407,23041746919.211636,59509837703.32038,46547089601.19391
NML,bcc-csm1-1_rcp85_r1i1p1,GCAM-26,72,0.5418525904917989,36217097382.95726,37940264678.54233,37149252631.744675,273630372405.66763,39853012775.872284
NML,bcc-csm1-1_rcp85_r1i1p1,GCAM-45,72,0.5418525904917989,28010305811.850204,30645276030.309097,29763365189.584965,258429376941.32687,42196793743.864296
NML,bcc-csm1-1_rcp85_r1i1p1,GCAM-ref,72,0.5418525904917989,22148162738.986336,24855107605.029854,25520331444.5158,63355279858.57532,36438638743.122665
NML,bcc-csm1-1_rcp85_r1i1p1,LUCAS-BAU_High-0001,72,0.5418525904917989,15472850704.827864,16350456540.727505,20503177666.773293,54216469998.862045,52055867608.23313
NML,bcc-csm1-1_rcp85_r1i1p1,LUCAS-BAU_High-0002,72,0.5418525904917989,15789092018.840115,16678545047.485321,20512838043.97562,55126214350.01617,50487290081.54249
NML,canesm2_rcp26_r1i1p1,FORE-SCE-A1B,72,0.49658498202276685,52816659944.7953,61622442656.56808,63020337406.003265,77598780866.96855,72448901981.5202
NML,canesm2_rcp26_r1i1p1,FORE-SCE-A2,72,0.49658498202276685,51536104121.03954,57435202964.22868,59318827090.43541,72618232793.35289,71017826256.19647
NML,canesm2_rcp26_r1i1p1,FORE-SCE-B1,72,0.49658498202276685,49432844988.50306,55470263387.54077,57382741879.80309,70721380099.80777,70312265577.82706
NML,canesm2_rcp26_r1i1p1,GCAM-26,72,0.49658498202276685,76014908841.0678,81119862871.3112,92383537316.93367,206333358026.19275,129266939159.94576
NML,canesm2_rcp26_r1i1p1,GCAM-45,72,0.49658498202276685,63601672878.41435,73634080187.55557,86558260347.8833,198057963606.4803,121887868664.12497
NML,canesm2_rcp26_r1i1p1,GCAM-ref,72,0.49658498202276685,57292555539.55925,67404819363.366165,76781463977.84401,80165385563.53058,71873597570.13779
NML,canesm2_rcp26_r1i1p1,LUCAS-BAU_High-0001,72,0.49658498202276685,46518669432.21951,53542701745.33015,58110839621.8068,68530909436.44398,68758400996.76643
NML,canesm2_rcp26_r1i1p1,LUCAS-BAU_High-0002,72,0.49658498202276685,46895042552.3293,53949517812.309906,58526699896.43521,68769276548.99423,68847539994.30905
NML,canesm2_rcp45_r1i1p1,FORE-SCE-A1B,72,0.49691921230147135,14679391534.284489,10902461293.293772,10432834720.816317,13360419137.435596,13489031374.760685
NML,canesm2_rcp45_r1i1p1,FORE-SCE-A2,72,0.49691921230147135,13524996793.123898,9496537218.879644,9294736885.439817,12786873544.883802,11511938620.788134
NML,canesm2_rcp45_r1i1p1,FORE-SCE-B1,72,0.49691921230147135,12422364678.600208,8384221309.842851,8234452632.670884,10834584105.739191,10078894668.74305
NML,canesm2_rcp45_r1i1p1,GCAM-26,72,0.49691921230147135,22598262517.565395,19755373344.884224,18511834854.36069,29613318015.498177,22176779363.295982
NML,canesm2_rcp45_r1i1p1,GCAM-45,72,0.49691921230147135,17680765876.439568,14225390577.161013,12998965280.664639,29216701387.073456,15619646658.87344
NML,canesm2_rcp45_r1i1p1,GCAM-ref,72,0.49691921230147135,14393546468.085981,10707932814.858915,10270497646.677044,13059830646.060905,13487176444.101225
NML,canesm2_rcp45_r1i1p1,LUCAS-BAU_High-0001,72,0.49691921230147135,11150016874.512917,7143946805.3051605,6624938494.565132,9928041350.097136,8617977019.141497
NML,canesm2_rcp45_r1i1p1,LUCAS-BAU_High-0002,72,0.49691921230147135,11252828563.953856,7287421292.954975,6914292542.264612,9937736175.151705,8859400308.656437
NML,canesm2_rcp85_r1i1p1,FORE-SCE-A1B,72,0.47082108703436926,111636387846.05325,118217343709.80835,112463989724.44267,217347913430.44244,199786254610.6716
NML,canesm2_rcp85_r1i1p1,FORE-SCE-A2,72,0.47082108703436926,106636991091.7649,113226398495.69801,107993572401.46277,219625836495.3852,209219077596.95984
NML,canesm2_rcp85_r1i1p1,FORE-SCE-B1,72,0.47082108703436926,99320744514.6505,104961937079.87401,93318172000.58344,220567798048.16974,218903569659.36414
NML,canesm2_rcp85_r1i1p1,GCAM-26,72,0.47082108703436926,132320011151.60185,128443387408.45743,140351840520.55524,356934595884.2757,208658802961.7022
NML,canesm2_rcp85_r1i1p1,GCAM-45,72,0.47082108703436926,115481588057.49858,126252812684.44499,124084491453.51535,355339237841.3848,236382938486.0461
NML,canesm2_rcp85_r1i1p1,GCAM-ref,72,0.47082108703436926,111862026429.95937,120992609648.66888,118244223343.30771,216397015645.02008,201554654638.2109
NML,canesm2_rcp85_r1i1p1,LUCAS-BAU_High-0001,72,0.47082108703436926,91470181185.15242,100858375545.48308,89874653774.50253,222722774591.49286,235571546576.20447
NML,canesm2_rcp85_r1i1p1,LUCAS-BAU_High-0002,72,0.47082108703436926,92663334076.98251,100681508544.57304,90032409761.12457,222405953903.06244,233167473924.88687
NML,ccsm4_rcp26_r1i1p1,FORE-SCE-A1B,72,0.5055726631137887,13544127750.977213,13044007008.649815,16448912020.8774,132234222474.47058,34397561389.57436
NML,ccsm4_rcp26_r1i1p1,FORE-SCE-A2,72,0.5055726631137887,12106792200.259285,11617599473.162523,16985934783.516722,150947812620.33673,48865568174.69812
NML,ccsm4_rcp26_r1i1p1,FORE-SCE-B1,72,0.5055726631137887,10569909836.556955,10434156160.907059,16801118690.359566,162870098986.78928,55557835609.2013
NML,ccsm4_rcp26_r1i1p1,GCAM-26,72,0.5055726631137887,22820955566.167652,25058098501.399906,27020606789.55256,120858882009.31693,31524027832.352875
NML,ccsm4_rcp26_r1i1p1,GCAM-45,72,0.5055726631137887,18394529840.30414,18114668138.31392,22628886687.6015,143223415248.06738,29636490444.569336
NML,ccsm4_rcp26_r1i1p1,GCAM-ref,72,0.5055726631137887,14222954537.80579,14309485091.9758,19796146139.06358,119967628870.24094,31522016440.01371
NML,ccsm4_rcp26_r1i1p1,LUCAS-BAU_High-0001,72,0.5055726631137887,9371385417.764679,8885480017.725721,15057601230.764872,169683875099.9032,58292087057.00413
NML,ccsm4_rcp26_r1i1p1,LUCAS-BAU_High-0002,72,0.5055726631137887,9524982732.04097,9020730226.05345,15121564786.419682,165208379509.97128,57101871866.34012
NML,ccsm4_rcp45_r1i1p1,FORE-SCE-A1B,72,0.5294176778955628,15247116909.367834,12288503266.466091,21531469579.666546,15296021900.332302,21987083877.17349
NML,ccsm4_rcp45_r1i1p1,FORE-SCE-A2,72,0.5294176778955628,13365741773.021282,10321867150.60396,20629405215.36221,14300173405.677519,19131527593.068897
NML,ccsm4_rcp45_r1i1p1,FORE-SCE-B1,72,0.5294176778955628,12574752883.432196,9128545786.38788,22089713355.401993,13540307996.73578,17337644989.737576
NML,ccsm4_rcp45_r1i1p1,GCAM-26,72,0.5294176778955628,25284254369.882957,23079101488.626175,32197271593.21312,27440694434.078976,34609851765.882996
NML,ccsm4_rcp45_r1i1p1,GCAM-45,72,0.5294176778955628,18678719588.17462,16223580234.51546,20330073877.335598,24838516454.84653,26567741711.69422
NML,ccsm4_rcp45_r1i1p1,GCAM-ref,72,0.5294176778955628,15186341405.856909,12544173354.660723,18445157202.86248,18298094563.72197,22425171819.428776
NML,ccsm4_rcp45_r1i1p1,LUCAS-BAU_High-0001,72,0.5294176778955628,11652888775.475252,7967101265.652448,20390998635.280937,11582611109.070107,15470236087.385624
NML,ccsm4_rcp45_r1i1p1,LUCAS-BAU_High-0002,72,0.5294176778955628,11563892816.452211,8125474337.041917,20189710022.565044,11418150985.095047,15821755328.347544
NML,ccsm4_rcp60_r1i1p1,FORE-SCE-A1B,72,0.4934402111520304,13105744408.604435,10412038233.22384,9277834614.948519,18615596799.981182,8895928013.983791
NML,ccsm4_rcp60_r1i1p1,FORE-SCE-A2,72,0.4934402111520304,10870846994.946371,7869520841.815957,7629966105.603526,16465689438.627258,6880242754.923616
NML,ccsm4_rcp60_r1i1p1,FORE-SCE-B1,72,0.4934402111520304,10268846439.429876,7089346098.230555,6847552941.891701,15274466007.496716,6138306967.035664
NML,ccsm4_rcp60_r1i1p1,GCAM-26,72,0.4934402111520304,21218019424.028107,19936649262.25896,22072276169.133083,60719842608.5509,17566399250.314228
NML,ccsm4_rcp60_r1i1p1,GCAM-45,72,0.4934402111520304,15742558821.989922,14425237941.463242,17264111756.42452,62055858442.15259,12307239481.964651
NML,ccsm4_rcp60_r1i1p1,GCAM-ref,72,0.4934402111520304,13378114391.38773,10870553586.073704,9511856590.894104,18657163191.849144,9488345897.708437
NML,ccsm4_rcp60_r1i1p1,LUCAS-BAU_High-0001,72,0.4934402111520304,9342594190.440472,6118367500.830117,5808914161.440364,13865652346.92778,5280401491.911934
NML,ccsm4_rcp60_r1i1p1,LUCAS-BAU_High-0002,72,0.4934402111520304,9391147276.412243,6255001628.23785,5926693393.213588,14319516639.380188,5480786182.861594
NML,ccsm4_rcp85_r1i1p1,FORE-SCE-A1B,72,0.49137097380925737,28001319058.920017,29127808377.0075,43914437203.41917,51337401411.79028,33005329693.238224
NML,ccsm4_rcp85_r1i1p1,FORE-SCE-A2,72,0.49137097380925737,26397179801.04005,27257240580.442245,46952774882.03365,52366845024.89132,31807395598.64725
NML,ccsm4_rcp85_r1i1p1,FORE-SCE-B1,72,0.49137097380925737,23863167849.12701,23988432555.863632,39071502403.50012,51697276218.70259,32867761069.40203
NML,ccsm4_rcp85_r1i1p1,GCAM-26,72,0.49137097380925737,42479772789.467186,37606966564.81518,39444032304.634125,74815077083.68884,40846088443.29728
NML,ccsm4_rcp85_r1i1p1,GCAM-45,72,0.49137097380925737,32982003562.290558,31668990929.605213,44885201842.358925,69511167772.34993,38382917937.01712
NML,ccsm4_rcp85_r1i1p1,GCAM-ref,72,0.49137097380925737,27308024858.046883,28612789372.714497,43593654646.06398,50158450557.882835,34422452557.667625
NML,ccsm4_rcp85_r1i1p1,LUCAS-BAU_High-0001,72,0.49137097380925737,21388034716.407963,21591012766.124527,31670918136.009235,50414162493.90213,33971547242.67239
NML,ccsm4_rcp85_r1i1p1,LUCAS-BAU_High-0002,72,0.49137097380925737,21641549467.54382,21848891982.052753,31845832343.84146,49451316312.99652,33942504428.128586
NML,cesm1-bgc_rcp45_r1i1p1,FORE-SCE-A1B,72,0.5017599711729073,15296471871.295725,13965150989.166105,13988149723.217737,14093424450.731396,12927317715.592133
NML,cesm1-bgc_rcp45_r1i1p1,FORE-SCE-A2,72,0.5017599711729073,14273265544.119274,11842095745.800053,12367035956.741262,12588088085.057829,10956714952.702835
NML,cesm1-bgc_rcp45_r1i1p1,FORE-SCE-B1,72,0.5017599711729073,11832699041.779945,10204740136.947556,8208571433.311645,10475433127.974297,9872154589.945295
NML,cesm1-bgc_rcp45_r1i1p1,GCAM-26,72,0.5017599711729073,26117226310.013176,23313427573.508446,21973491357.554737,27947519979.578964,24188835413.33279
NML,cesm1-bgc_rcp45_r1i1p1,GCAM-45,72,0.5017599711729073,19699610182.310806,16736433913.17896,16823760705.003077,23161388104.602,16136676493.349697
NML,cesm1-bgc_rcp45_r1i1p1,GCAM-ref,72,0.5017599711729073,14294584677.295633,13411356668.655123,13247111488.578306,13120331009.46977,12695696905.824183
NML,cesm1-bgc_rcp45_r1i1p1,LUCAS-BAU_High-0001,72,0.5017599711729073,10044862322.407125,7524551019.039208,6416024143.120203,8547207730.984765,10271900244.532284
NML,cesm1-bgc_rcp45_r1i1p1,LUCAS-BAU_High-0002,72,0.5017599711729073,10421571264.1274,8657402225.738161,7597862459.769251,10088682950.592937,10365915105.63808
NML,cesm1-bgc_rcp85_r1i1p1,FORE-SCE-A1B,72,0.48722878549351417,19342280617.61392,18464475657.920044,18645899692.875557,153005809323.1124,49493809355.05939
NML,cesm1-bgc_rcp85_r1i1p1,FORE-SCE-A2,72,0.48722878549351417,17480003808.800537,16704724236.848991,18011651142.744335,154927464200.01086,53600817085.467476
NML,cesm1-bgc_rcp85_r1i1p1,FORE-SCE-B1,72,0.48722878549351417,15854181501.579641,14955069745.645943,15205148416.567865,152873504215.51343,61180869202.59628
NML,cesm1-bgc_rcp85_r1i1p1,GCAM-26,72,0.48722878549351417,28269779982.75521,24792374402.890392,18980309589.637085,543152693927.0981,64107655874.01912
NML,cesm1-bgc_rcp85_r1i1p1,GCAM-45,72,0.48722878549351417,22680309841.598606,20548096472.176655,21893092731.53133,580528911090.2273,95152846185.0105
NML,cesm1-bgc_rcp85_r1i1p1,GCAM-ref,72,0.48722878549351417,18481180457.45686,18000435806.699265,18032191249.468346,153461479784.08,51986039578.06886
NML,cesm1-bgc_rcp85_r1i1p1,LUCAS-BAU_High-0001,72,0.48722878549351417,14070301593.522484,12549374346.748798,14222414910.002844,158261862680.57172,73229013886.1881
NML,cesm1-bgc_rcp85_r1i1p1,LUCAS-BAU_High-0002,72,0.48722878549351417,14270360719.559105,13156817326.591534,13226587765.771748,157130308881.4453,71850117821.36206
NML,cesm1-cam5_rcp26_r1i1p1,FORE-SCE-A1B,72,0.47161771976229694,12753418472.011318,11174881328.5952,18453984002.64641,17057361669.72556,10571055433.89931
NML,cesm1-cam5_rcp26_r1i1p1,FORE-SCE-A2,72,0.47161771976229694,11219631191.711905,9023249152.326412,9279450027.034252,13103479218.757902,8905512091.0769
NML,cesm1-cam5_rcp26_r1i1p1,FORE-SCE-B1,72,0.47161771976229694,10359117670.653862,7991874446.418946,8315739228.304859,12364928135.600197,7830168830.851692
NML,cesm1-cam5_rcp26_r1i1p1,GCAM-26,72,0.47161771976229694,20773770008.074364,20324339003.851513,28142516225.218292,26185991958.0946,19291686991.15339
NML,cesm1-cam5_rcp26_r1i1p1,GCAM-45,72,0.47161771976229694,15731979358.483097,14069318948.303827,29232611298.79081,20420321262.601696,13112756070.198755
NML,cesm1-cam5_rcp26_r1i1p1,GCAM-ref,72,0.47161771976229694,12664652905.298124,10906376189.915552,18047108934.142532,19069828823.352093,10536623919.90768
NML,cesm1-cam5_rcp26_r1i1p1,LUCAS-BAU_High-0001,72,0.47161771976229694,9248555061.51771,6840064821.815658,7298408105.678092,11307734282.535166,7406152544.145613
NML,cesm1-cam5_rcp26_r1i1p1,LUCAS-BAU_High-0002,72,0.47161771976229694,9346061794.877771,6961559966.5709305,7419459616.418344,11342351922.729666,7496088159.99883
NML,cesm1-cam5_rcp45_r1i1p1,FORE-SCE-A1B,72,0.5214239023674982,16308151753.883236,14832006826.442877,12482031863.937618,23214984864.358505,15735238546.20893
NML,cesm1-cam5_rcp45_r1i1p1,FORE-SCE-A2,72,0.5214239023674982,14221657844.22651,12625677383.997713,10236784065.167559,22623634872.15449,13082332348.505594
NML,cesm1-cam5_rcp45_r1i1p1,FORE-SCE-B1,72,0.5214239023674982,12978675483.378777,11303310717.989851,8253310256.307011,16902708269.748203,11531698442.070026
NML,cesm1-cam5_rcp45_r1i1p1,GCAM-26,72,0.5214239023674982,30261549510.29089,27324312009.834625,25870454080.938305,33104664457.07977,28717858148.5122
NML,cesm1-cam5_rcp45_r1i1p1,GCAM-45,72,0.5214239023674982,24587437816.051323,20819533115.530983,19652439064.672928,28659421149.73756,19896713267.322136
NML,cesm1-cam5_rcp45_r1i1p1,GCAM-ref,72,0.5214239023674982,20334730165.827568,15949124163.654524,15826807649.844112,30224676680.8748,16152152741.576723
NML,cesm1-cam5_rcp45_r1i1p1,LUCAS-BAU_High-0001,72,0.5214239023674982,11428840643.259966,8702491413.170086,6863740115.429779,12328691989.28001,9622585126.051445
NML,cesm1-cam5_rcp45_r1i1p1,LUCAS-BAU_High-0002,72,0.5214239023674982,11686105393.640408,9005850421.59497,7098492370.359505,12500861062.268538,9965555150.312897
NML,cesm1-cam5_rcp60_r1i1p1,FORE-SCE-A1B,72,0.4756503138834106,18143927902.18162,23101184990.96876,31280726292.98394,25467694172.834732,22013833968.735165
NML,cesm1-cam5_rcp60_r1i1p1,FORE-SCE-A2,72,0.4756503138834106,16097435296.979174,20014830775.187496,29387647068.7643,22430915628.473476,21025362405.454212
NML,cesm1-cam5_rcp60_r1i1p1,FORE-SCE-B1,72,0.4756503138834106,18428873588.62547,18728223397.533184,28127648968.21334,22024295876.787193,19434817557.436035
NML,cesm1-cam5_rcp60_r1i1p1,GCAM-26,72,0.4756503138834106,29582767918.49624,34647478809.48627,44985658250.777794,37921095035.55122,34757202103.22655
NML,cesm1-cam5_rcp60_r1i1p1,GCAM-45,72,0.4756503138834106,23320109121.261375,28467545251.14343,39820747681.2619,31273331255.44628,27171082662.250885
NML,cesm1-cam5_rcp60_r1i1p1,GCAM-ref,72,0.4756503138834106,17932887869.05009,22832497703.190777,30744929851.118347,25329435287.21556,21916670544.048668
NML,cesm1-cam5_rcp60_r1i1p1,LUCAS-BAU_High-0001,72,0.4756503138834106,16242623613.634735,15424329513.343412,21832658991.632835,21553479875.85117,17790389147.690525
NML,cesm1-cam5_rcp60_r1i1p1,LUCAS-BAU_High-0002,72,0.4756503138834106,16497434173.93291,16658113229.718111,23357404305.88264,20425631023.207363,17903466585.759857
NML,cesm1-cam5_rcp85_r1i1p1,FORE-SCE-A1B,72,0.49441968702891376,37335162615.244095,57304508264.38513,90060819494.5017,132185041462.98294,61777717867.12814
NML,cesm1-cam5_rcp85_r1i1p1,FORE-SCE-A2,72,0.49441968702891376,33274892753.546772,51569453106.60716,80650209192.74388,128041563815.60664,62090436008.557945
NML,cesm1-cam5_rcp85_r1i1p1,FORE-SCE-B1,72,0.49441968702891376,29256413457.11236,48371184042.33818,67946022665.16645,124317056634.94864,63651300268.12988
NML,cesm1-cam5_rcp85_r1i1p1,GCAM-26,72,0.49441968702891376,64386623777.12683,67682924187.804825,80096824167.94365,154102755898.74075,70016937904.41652
NML,cesm1-cam5_rcp85_r1i1p1,GCAM-45,72,0.49441968702891376,43688387149.6727,59689943696.52245,89187544168.02086,146655752990.71704,67686839722.48477
NML,cesm1-cam5_rcp85_r1i1p1,GCAM-ref,72,0.49441968702891376,36107649729.671646,55920130407.34519,87056688185.90746,131815554532.45326,63453686899.10489
NML,cesm1-cam5_rcp85_r1i1p1,LUCAS-BAU_High-0001,72,0.49441968702891376,26110768952.790943,45136694462.66615,65651616427.46491,121369359209.76807,65271439959.81276
NML,cesm1-cam5_rcp85_r1i1p1,LUCAS-BAU_High-0002,72,0.49441968702891376,26359899886.011734,45488198109.47431,65844088143.51608,121681403348.91747,65042702780.80259
NML,cmcc-cm_rcp45_r1i1p1,FORE-SCE-A1B,72,0.577905070671221,13551236411.855917,12932061909.896177,12182461058.932507,12072136455.690655,12230589917.976847
NML,cmcc-cm_rcp45_r1i1p1,FORE-SCE-A2,72,0.577905070671221,11222552819.206938,10341729580.077707,9674548191.082552,9544392737.163073,9592296462.094145
NML,cmcc-cm_rcp45_r1i1p1,FORE-SCE-B1,72,0.577905070671221,9605253307.132523,8476350421.437308,7682055513.028029,7574454474.217717,7638715310.008735
NML,cmcc-cm_rcp45_r1i1p1,GCAM-26,72,0.577905070671221,29195908908.627426,28933298705.04423,28402746350.410465,28643082344.14875,28659796569.865692
NML,cmcc-cm_rcp45_r1i1p1,GCAM-45,72,0.577905070671221,19224882753.015892,18669774896.497055,17978071461.052876,18035596992.330727,18074763884.945553
NML,cmcc-cm_rcp45_r1i1p1,GCAM-ref,72,0.577905070671221,13315454429.170662,12734623146.752163,12010369541.494938,12744444946.658743,12078720277.89439
NML,cmcc-cm_rcp45_r1i1p1,LUCAS-BAU_High-0001,72,0.577905070671221,7714783098.531908,6361979864.655508,5574660062.765486,5402573691.347174,5478227825.266666
NML,cmcc-cm_rcp45_r1i1p1,LUCAS-BAU_High-0002,72,0.577905070671221,7996951923.063919,6677173989.177498,5874919319.881325,5701665873.644685,5804776870.871067
NML,cmcc-cm_rcp85_r1i1p1,FORE-SCE-A1B,72,0.5339733876520555,15715234130.015234,14450574621.939663,13261141058.536793,13051569224.487171,12482513413.310314
NML,cmcc-cm_rcp85_r1i1p1,FORE-SCE-A2,72,0.5339733876520555,13905439410.059763,12571307378.351488,11671713170.626444,12408895906.604736,10582591084.546915
NML,cmcc-cm_rcp85_r1i1p1,FORE-SCE-B1,72,0.5339733876520555,11956888685.655748,10327259900.730888,9059437206.894615,9382051367.744108,8259099271.561924
NML,cmcc-cm_rcp85_r1i1p1,GCAM-26,72,0.5339733876520555,30225068448.353287,29592201922.75253,28308357512.438984,29473705583.41268,28933712447.17899
NML,cmcc-cm_rcp85_r1i1p1,GCAM-45,72,0.5339733876520555,20671852525.939095,19878559847.653866,18262798265.46833,19389277883.857765,18565204144.266994
NML,cmcc-cm_rcp85_r1i1p1,GCAM-ref,72,0.5339733876520555,14599106892.459227,13665718160.97474,12254468696.00212,11949380224.858435,11824924236.177418
NML,cmcc-cm_rcp85_r1i1p1,LUCAS-BAU_High-0001,72,0.5339733876520555,9870642416.29512,8082197219.30743,6750738047.502706,6458808148.911601,5995157245.699554
NML,cmcc-cm_rcp85_r1i1p1,LUCAS-BAU_High-0002,72,0.5339733876520555,10076995319.395786,8373550780.457009,7084439499.496836,6728810603.225906,6260521165.137555
NML,cnrm-cm5_rcp45_r1i1p1,FORE-SCE-A1B,72,0.4770261561590685,23278637647.712414,34043971875.114906,38919424097.19627,79188544574.13075,57544043939.10757
NML,cnrm-cm5_rcp45_r1i1p1,FORE-SCE-A2,72,0.4770261561590685,20782136013.642776,31833822740.84397,36772394662.7472,77305724473.07922,55189842599.729065
NML,cnrm-cm5_rcp45_r1i1p1,FORE-SCE-B1,72,0.4770261561590685,18934917439.028915,29426346138.127262,34637435086.775986,74510512812.59871,53545797425.1597
NML,cnrm-cm5_rcp45_r1i1p1,GCAM-26,72,0.4770261561590685,41707802963.59032,44435260413.810265,54108917815.94188,109056814836.29385,74423280955.91386
NML,cnrm-cm5_rcp45_r1i1p1,GCAM-45,72,0.4770261561590685,33403016812.734726,40447909893.08333,51647910122.15305,102301126316.31943,67310680230.78528
NML,cnrm-cm5_rcp45_r1i1p1,GCAM-ref,72,0.4770261561590685,29042503069.75313,36736586288.90684,47301791404.4131,81730592896.09973,57666312814.28642
NML,cnrm-cm5_rcp45_r1i1p1,LUCAS-BAU_High-0001,72,0.4770261561590685,23604991080.46894,28498008732.073376,36483216222.503075,72453511666.50287,51651332567.28298
NML,cnrm-cm5_rcp45_r1i1p1,LUCAS-BAU_High-0002,72,0.4770261561590685,23990223586.834335,28965887779.196686,36696832362.240326,73176421295.24104,51949772596.236145
NML,cnrm-cm5_rcp85_r1i1p1,FORE-SCE-A1B,72,0.4472919134792902,54995718486.17593,58723437033.400276,61421355291.277725,193552510743.8968,94486977590.93172
NML,cnrm-cm5_rcp85_r1i1p1,FORE-SCE-A2,72,0.4472919134792902,49706213712.510254,55629804552.3148,58403837159.083954,196486716036.36304,101750808293.63724
NML,cnrm-cm5_rcp85_r1i1p1,FORE-SCE-B1,72,0.4472919134792902,46218352977.80304,51622704337.21156,54360622225.98405,198189906990.88885,109045885792.65738
NML,cnrm-cm5_rcp85_r1i1p1,GCAM-26,72,0.4472919134792902,70043469414.68755,73163314007.8533,92495893922.37233,302923000769.45825,98599892216.52586
NML,cnrm-cm5_rcp85_r1i1p1,GCAM-45,72,0.4472919134792902,59738425970.33311,68646152881.41681,82203250354.91125,307715449230.6427,115220836567.96724
NML,cnrm-cm5_rcp85_r1i1p1,GCAM-ref,72,0.4472919134792902,54109254979.935104,57900704331.88776,60515447332.86274,196241215019.9673,95290140060.3975
NML,cnrm-cm5_rcp85_r1i1p1,LUCAS-BAU_High-0001,72,0.4472919134792902,42559242650.89823,49149686356.87786,52830520046.33627,201653668775.25656,120865270226.04115
NML,cnrm-cm5_rcp85_r1i1p1,LUCAS-BAU_High-0002,72,0.4472919134792902,43230478610.242836,48728700525.36183,52347181971.73823,200897553672.7407,119343483176.77028
NML,csiro-mk3-6-0_rcp26_r1i1p1,FORE-SCE-A1B,72,0.5322403657406402,24548883869.12247,24611679309.06525,38198887038.50699,38401397416.089806,21720694456.67151
NML,csiro-mk3-6-0_rcp26_r1i1p1,FORE-SCE-A2,72,0.5322403657406402,21942103183.234608,22159153867.501637,38538508234.55891,37287524155.86544,18804255397.22261
NML,csiro-mk3-6-0_rcp26_r1i1p1,FORE-SCE-B1,72,0.5322403657406402,18890236366.472363,19516439396.677776,39948181373.24446,37590458966.10683,16895278676.357706
NML,csiro-mk3-6-0_rcp26_r1i1p1,GCAM-26,72,0.5322403657406402,41584380691.830574,36058952639.77109,46105928835.24419,44851041881.62401,36044746893.78653
NML,csiro-mk3-6-0_rcp26_r1i1p1,GCAM-45,72,0.5322403657406402,27489310499.44711,28387567676.248055,39053295115.594215,39052301770.6584,26201879634.85587
NML,csiro-mk3-6-0_rcp26_r1i1p1,GCAM-ref,72,0.5322403657406402,24636294380.0537,25461180989.520992,39572060346.52313,39545146749.86398,21833039117.08531
NML,csiro-mk3-6-0_rcp26_r1i1p1,LUCAS-BAU_High-0001,72,0.5322403657406402,16886329713.589413,17884859695.932938,34314414722.53873,38745808759.64841,16074567316.61319
NML,csiro-mk3-6-0_rcp26_r1i1p1,LUCAS-BAU_High-0002,72,0.5322403657406402,17127119601.274883,18153990117.343395,34493822837.93132,38586969040.44793,16268609772.488228
NML,csiro-mk3-6-0_rcp45_r1i1p1,FORE-SCE-A1B,72,0.5662203052701452,14556782247.193777,13666379659.990028,12395988299.377708,12599653829.511858,12362160702.372925
NML,csiro-mk3-6-0_rcp45_r1i1p1,FORE-SCE-A2,72,0.5662203052701452,12397037825.773094,10996812703.736862,9529625419.597853,9730540976.973328,9504861706.252354
NML,csiro-mk3-6-0_rcp45_r1i1p1,FORE-SCE-B1,72,0.5662203052701452,10966847680.705124,9337745067.602951,7839765052.794425,8069082873.9683075,7789839581.844458
NML,csiro-mk3-6-0_rcp45_r1i1p1,GCAM-26,72,0.5662203052701452,29573244717.644455,29126918021.03005,28127827027.79819,28770873441.769493,28392118769.633724
NML,csiro-mk3-6-0_rcp45_r1i1p1,GCAM-45,72,0.5662203052701452,20055722980.073612,19459108522.824604,18354279901.113255,20829838388.50135,18558205655.120777
NML,csiro-mk3-6-0_rcp45_r1i1p1,GCAM-ref,72,0.5662203052701452,15047171889.864744,14111420597.444696,12843473645.94974,13055742614.228016,12833478952.275173
NML,csiro-mk3-6-0_rcp45_r1i1p1,LUCAS-BAU_High-0001,72,0.5662203052701452,9481553536.83487,7732130115.653417,6358672476.643444,10213419788.431124,6207244069.248489
NML,csiro-mk3-6-0_rcp45_r1i1p1,LUCAS-BAU_High-0002,72,0.5662203052701452,9731395650.952642,8021189955.013625,6616911192.401722,6952743396.539218,6517964223.41713
NML,csiro-mk3-6-0_rcp60_r1i1p1,FORE-SCE-A1B,72,0.5298634476858584,13014585761.439661,11122945101.525942,9638859802.054998,16115382758.698544,13238693013.43874
NML,csiro-mk3-6-0_rcp60_r1i1p1,FORE-SCE-A2,72,0.5298634476858584,11810696814.317122,9350801384.132782,7666726034.128328,15237879328.610888,12280031964.942104
NML,csiro-mk3-6-0_rcp60_r1i1p1,FORE-SCE-B1,72,0.5298634476858584,10288297509.937195,7711800658.86187,6451117438.15055,13947499310.991257,10790722822.352978
NML,csiro-mk3-6-0_rcp60_r1i1p1,GCAM-26,72,0.5298634476858584,24119427102.210953,23262682586.18715,20626407365.99551,34510265685.95404,26964497324.847935
NML,csiro-mk3-6-0_rcp60_r1i1p1,GCAM-45,72,0.5298634476858584,16749706606.902939,15508574550.24528,13138352960.7804,32498633856.223465,21884197438.450863
NML,csiro-mk3-6-0_rcp60_r1i1p1,GCAM-ref,72,0.5298634476858584,12455135312.64071,10853883753.378288,8906702340.77025,15367857490.38167,12725080431.09409
NML,csiro-mk3-6-0_rcp60_r1i1p1,LUCAS-BAU_High-0001,72,0.5298634476858584,8863605656.03558,6175506230.048668,5356545257.586209,12986008938.48727,9525083718.794825
NML,csiro-mk3-6-0_rcp60_r1i1p1,LUCAS-BAU_High-0002,72,0.5298634476858584,8930010139.693985,6388401884.8967495,5356979689.458109,12966426869.608683,9641078769.726555
NML,csiro-mk3-6-0_rcp85_r1i1p1,FORE-SCE-A1B,72,0.5192675332062993,18808025017.318005,16780346674.683138,16823124038.606794,39944105105.64634,9848613185.515545
NML,csiro-mk3-6-0_rcp85_r1i1p1,FORE-SCE-A2,72,0.5192675332062993,16861694326.263344,14564051244.809338,14818746953.977919,39255914749.65046,7827536691.069928
NML,csiro-mk3-6-0_rcp85_r1i1p1,FORE-SCE-B1,72,0.5192675332062993,14308550619.412949,12334436380.091396,12010376237.397774,37369780922.07211,6683365155.332387
NML,csiro-mk3-6-0_rcp85_r1i1p1,GCAM-26,72,0.5192675332062993,30993723463.018867,29937892358.726097,28638476044.228012,69162031543.43892,21491887319.57682
NML,csiro-mk3-6-0_rcp85_r1i1p1,GCAM-45,72,0.5192675332062993,23077258407.140152,21599169361.440712,21465687792.611843,66531960877.5317,13274784792.124239
NML,csiro-mk3-6-0_rcp85_r1i1p1,GCAM-ref,72,0.5192675332062993,17690749140.632603,16258417494.051567,15889033575.087439,38455604586.1225,10351988555.609438
NML,csiro-mk3-6-0_rcp85_r1i1p1,LUCAS-BAU_High-0001,72,0.5192675332062993,12489309962.010595,10291084505.264914,10780134893.27548,38001976993.719315,5384823621.909654
NML,csiro-mk3-6-0_rcp85_r1i1p1,LUCAS-BAU_High-0002,72,0.5192675332062993,12862997300.536224,10588640307.27323,10988950753.055277,37779081851.32361,5591336160.8955345
NML,fgoals-g2_rcp26_r1i1p1,FORE-SCE-A1B,72,0.5277454090742643,10170846986.316702,11572118156.379305,20735361930.141136,51128341317.67015,32730141758.996044
NML,fgoals-g2_rcp26_r1i1p1,FORE-SCE-A2,72,0.5277454090742643,8564675742.867427,10053608606.319248,19443437215.23042,54670429741.643074,32800404443.262817
NML,fgoals-g2_rcp26_r1i1p1,FORE-SCE-B1,72,0.5277454090742643,7757267647.941156,9442431913.786674,21618705645.907734,57722120031.68597,34185088912.205475
NML,fgoals-g2_rcp26_r1i1p1,GCAM-26,72,0.5277454090742643,20756890568.15191,23311829361.631466,31267023787.201878,73916731187.69621,41875235352.8848
NML,fgoals-g2_rcp26_r1i1p1,GCAM-45,72,0.5277454090742643,15475766159.115519,16918583520.871813,29658195555.56732,76039475378.69629,37520112347.74467
NML,fgoals-g2_rcp26_r1i1p1,GCAM-ref,72,0.5277454090742643,12379549135.544855,14355615953.278643,27279453381.059795,54498177841.10274,32179463240.85529
NML,fgoals-g2_rcp26_r1i1p1,LUCAS-BAU_High-0001,72,0.5277454090742643,7124997629.386378,8505906079.965864,21287838717.476543,58214090893.02882,34049817519.625782
NML,fgoals-g2_rcp26_r1i1p1,LUCAS-BAU_High-0002,72,0.5277454090742643,7192077900.940985,8650812473.742033,21405747246.830223,59520106453.627174,34055843562.168182
ORO,access1-0_rcp45_r1i1p1,FORE-SCE-A1B,72,1.2584998051006326,96636294014.25781,94624484833.06454,90850483139.38785,90850483139.38785,90850483139.38785
ORO,access1-0_rcp45_r1i1p1,FORE-SCE-A2,72,1.2584998051006326,77855859193.3952,76265714621.64835,73119530524.07481,73119530524.07481,73119530524.07481
ORO,access1-0_rcp45_r1i1p1,FORE-SCE-B1,72,1.2584998051006326,60257789679.08207,59539938857.52654,56982040760.717125,56982040760.717125,56982040760.717125
ORO,access1-0_rcp45_r1i1p1,GCAM-26,72,1.2584998051006326,217625311168.98938,218991726083.63098,212807049975.7687,212807049975.7687,212807049975.7687
ORO,access1-0_rcp45_r1i1p1,GCAM-45,72,1.2584998051006326,140486390494.48526,138826575132.89496,134289661181.89346,134289661181.89346,134289661181.89346
ORO,access1-0_rcp45_r1i1p1,GCAM-ref,72,1.2584998051006326,93444464549.76535,91933314898.98984,87972458851.03564,87972458851.03564,87972458851.03564
ORO,access1-0_rcp45_r1i1p1,LUCAS-BAU_High-0001,72,1.2584998051006326,44722094144.75451,43775599639.00601,41300124613.61873,41300124613.61873,41300124613.61873
ORO,access1-0_rcp45_r1i1p1,LUCAS-BAU_High-0002,72,1.2584998051006326,46746221781.53795,45918274623.45785,43487870933.94807,43487870933.94807,43487870933.94807
ORO,access1-0_rcp85_r1i1p1,FORE-SCE-A1B,72,1.229434599117082,171356531080.58606,172405513567.52426,159538954862.7039,159565351396.7739,163293118238.1171
ORO,access1-0_rcp85_r1i1p1,FORE-SCE-A2,72,1.229434599117082,141725825804.32935,141333483985.21002,130498198482.8695,130583295618.48904,133299040094.78789
ORO,access1-0_rcp85_r1i1p1,FORE-SCE-B1,72,1.229434599117082,118960499967.70555,118964575677.72086,109685094444.35315,109762777651.46417,112408108864.91032
ORO,access1-0_rcp85_r1i1p1,GCAM-26,72,1.229434599117082,347047401822.709,348905624367.572,333847631712.7873,332804988072.2371,332804988072.2371
ORO,access1-0_rcp85_r1i1p1,GCAM-45,72,1.229434599117082,236291947005.94302,236549731366.12006,222179595417.87753,222045647742.929,222045647742.929
ORO,access1-0_rcp85_r1i1p1,GCAM-ref,72,1.229434599117082,171501474163.2281,173150805903.02734,159272308110.23676,159279811334.2322,163442983886.00076
ORO,access1-0_rcp85_r1i1p1,LUCAS-BAU_High-0001,72,1.229434599117082,94541846156.71468,93847269908.86649,85861192706.63586,85911269642.96024,86985360737.59906
ORO,access1-0_rcp85_r1i1p1,LUCAS-BAU_High-0002,72,1.229434599117082,97807328912.91588,97106013570.63902,88996046413.36377,89055801378.04642,90932854096.35738
ORO,bcc-csm1-1-m_rcp45_r1i1p1,FORE-SCE-A1B,72,0.9809893943811857,120440384158.39624,121340888830.25342,118006502399.92322,118105194827.94402,119703165542.35803
ORO,bcc-csm1-1-m_rcp45_r1i1p1,FORE-SCE-A2,72,0.9809893943811857,98353327712.54964,99266470614.28276,96487366941.65228,96568120063.62317,99106878901.1389
ORO,bcc-csm1-1-m_rcp45_r1i1p1,FORE-SCE-B1,72,0.9809893943811857,82568810530.88199,82870203712.56297,80550286260.09372,80617232305.28067,82745504371.07416
ORO,bcc-csm1-1-m_rcp45_r1i1p1,GCAM-26,72,0.9809893943811857,249019522716.86157,253798709615.7595,247029542135.5934,246907797154.50714,246907797154.50714
ORO,bcc-csm1-1-m_rcp45_r1i1p1,GCAM-45,72,0.9809893943811857,165229404860.2766,169069700100.47394,164182083136.79453,164035007615.34827,164035007615.34827
ORO,bcc-csm1-1-m_rcp45_r1i1p1,GCAM-ref,72,0.9809893943811857,120181481411.22682,120632969945.456,116717638794.0692,116821979913.59558,118694529883.91293
ORO,bcc-csm1-1-m_rcp45_r1i1p1,LUCAS-BAU_High-0001,72,0.9809893943811857,64530608241.99206,64877998330.775116,62890969617.97841,62944924226.9316,64274708404.71803
ORO,bcc-csm1-1-m_rcp45_r1i1p1,LUCAS-BAU_High-0002,72,0.9809893943811857,66960155616.25492,67314696374.0789,65397138345.41156,65457260179.39463,66836770016.10955
ORO,bcc-csm1-1-m_rcp85_r1i1p1,FORE-SCE-A1B,72,0.7967964550331578,114717903998.8005,116645732118.51282,105646065871.96413,105336040061.65175,101853779302.40079
ORO,bcc-csm1-1-m_rcp85_r1i1p1,FORE-SCE-A2,72,0.7967964550331578,96784324326.78389,97519997579.6026,87411629046.36607,87186415521.91684,84418563163.6517
ORO,bcc-csm1-1-m_rcp85_r1i1p1,FORE-SCE-B1,72,0.7967964550331578,79598059247.53688,79524208873.43289,69557616298.14705,69118751163.57698,68012191114.373665
ORO,bcc-csm1-1-m_rcp85_r1i1p1,GCAM-26,72,0.7967964550331578,243608480790.20596,243426604241.72238,231165066123.98264,232648228063.94855,225921032188.5976
ORO,bcc-csm1-1-m_rcp85_r1i1p1,GCAM-45,72,0.7967964550331578,160330611183.62076,161401372500.0102,149314554209.27032,151745828836.0338,146067420306.33536
ORO,bcc-csm1-1-m_rcp85_r1i1p1,GCAM-ref,72,0.7967964550331578,111051161851.5128,112936300481.97871,101576854358.77095,101241771843.6032,98738326221.08377
ORO,bcc-csm1-1-m_rcp85_r1i1p1,LUCAS-BAU_High-0001,72,0.7967964550331578,61831501918.92695,62009930213.25369,52112008769.186584,51656115284.8432,50745113822.0698
ORO,bcc-csm1-1-m_rcp85_r1i1p1,LUCAS-BAU_High-0002,72,0.7967964550331578,63921559920.8519,63960896583.21905,54499038907.91553,54015897107.2459,53101934851.56091
ORO,bcc-csm1-1_rcp26_r1i1p1,FORE-SCE-A1B,72,1.1246726930841746,223111991174.81308,222860978690.70657,219480187934.977,221180523797.74225,221180523797.74225
ORO,bcc-csm1-1_rcp26_r1i1p1,FORE-SCE-A2,72,1.1246726930841746,186168235467.80945,185936175222.12686,183531764545.7998,184518044216.67444,184518044216.67444
ORO,bcc-csm1-1_rcp26_r1i1p1,FORE-SCE-B1,72,1.1246726930841746,160928341493.8075,160189108330.19122,158208372081.0775,158585224338.4701,158585224338.4701
ORO,bcc-csm1-1_rcp26_r1i1p1,GCAM-26,72,1.1246726930841746,413094250837.17957,412228434438.0252,408948989626.8581,407661071606.1639,407661071606.1639
ORO,bcc-csm1-1_rcp26_r1i1p1,GCAM-45,72,1.1246726930841746,296302440603.87885,296117601306.0118,293067678858.29724,292358479547.0596,292358479547.0596
ORO,bcc-csm1-1_rcp26_r1i1p1,GCAM-ref,72,1.1246726930841746,225105850144.09265,224081340643.73816,220624126414.36487,222069348076.95425,222069348076.95425
ORO,bcc-csm1-1_rcp26_r1i1p1,LUCAS-BAU_High-0001,72,1.1246726930841746,134366083435.17181,133641928943.61981,131903742848.36688,131417856381.16405,131417856381.16405
ORO,bcc-csm1-1_rcp26_r1i1p1,LUCAS-BAU_High-0002,72,1.1246726930841746,139076345188.70798,138358406459.83075,136714590751.1709,136262147654.47379,136262147654.47379
ORO,bcc-csm1-1_rcp45_r1i1p1,FORE-SCE-A1B,72,1.1271856006269765,161907794088.28873,162298930825.5238,161550087518.0748,162188340631.41736,162188340631.41736
ORO,bcc-csm1-1_rcp45_r1i1p1,FORE-SCE-A2,72,1.1271856006269765,136621761980.9995,136962922828.70912,136315363911.82999,136984680460.37405,136984680460.37405
ORO,bcc-csm1-1_rcp45_r1i1p1,FORE-SCE-B1,72,1.1271856006269765,112867474192.27434,112970413481.19994,112464772650.3498,112574876707.68558,112574876707.68558
ORO,bcc-csm1-1_rcp45_r1i1p1,GCAM-26,72,1.1271856006269765,321226343400.8571,324909694102.44666,321373885901.05945,321373885901.05945,321373885901.05945
ORO,bcc-csm1-1_rcp45_r1i1p1,GCAM-45,72,1.1271856006269765,221284484794.20087,223913503545.9354,221562323037.73862,221562323037.73862,221562323037.73862
ORO,bcc-csm1-1_rcp45_r1i1p1,GCAM-ref,72,1.1271856006269765,158250222205.85773,159791428705.80466,158106200084.044,158320204445.93613,158320204445.93613
ORO,bcc-csm1-1_rcp45_r1i1p1,LUCAS-BAU_High-0001,72,1.1271856006269765,90032530324.11108,90039415109.2077,89451560188.55794,89471783233.56256,89471783233.56256
ORO,bcc-csm1-1_rcp45_r1i1p1,LUCAS-BAU_High-0002,72,1.1271856006269765,93189138777.72607,93300722430.78343,92771166786.81342,92794951871.81873,92794951871.81873
ORO,bcc-csm1-1_rcp60_r1i1p1,FORE-SCE-A1B,72,1.2147885335918014,155954430982.8347,153739667824.41666,148092407114.22516,148104283082.02048,148104283082.02048
ORO,bcc-csm1-1_rcp60_r1i1p1,FORE-SCE-A2,72,1.2147885335918014,126546935110.56174,124788574147.74486,120377390326.6548,120159080017.896,120159080017.896
ORO,bcc-csm1-1_rcp60_r1i1p1,FORE-SCE-B1,72,1.2147885335918014,106183260383.75296,105680513123.43065,102530283596.98238,102141633181.19728,102141633181.19728
ORO,bcc-csm1-1_rcp60_r1i1p1,GCAM-26,72,1.2147885335918014,306636930983.2534,308008616879.3044,298426421384.48694,297868896137.88245,297868896137.88245
ORO,bcc-csm1-1_rcp60_r1i1p1,GCAM-45,72,1.2147885335918014,218738006649.07886,214540952215.37933,206402208395.31674,206402208395.31674,206402208395.31674
ORO,bcc-csm1-1_rcp60_r1i1p1,GCAM-ref,72,1.2147885335918014,161025692478.24152,158956207948.95096,153220193658.80725,153239911595.26236,153239911595.26236
ORO,bcc-csm1-1_rcp60_r1i1p1,LUCAS-BAU_High-0001,72,1.2147885335918014,89652866716.64334,89175166650.18056,86707520234.0691,85919062631.22426,85919062631.22426
ORO,bcc-csm1-1_rcp60_r1i1p1,LUCAS-BAU_High-0002,72,1.2147885335918014,92892790362.70593,92460419533.28775,90001167201.67398,89181844872.02432,89181844872.02432
ORO,bcc-csm1-1_rcp85_r1i1p1,FORE-SCE-A1B,72,0.8795440685923942,171282070703.59378,180099205835.64615,171226836740.7044,172772541581.35712,174103932618.40955
ORO,bcc-csm1-1_rcp85_r1i1p1,FORE-SCE-A2,72,0.8795440685923942,152734883307.21225,161443857473.21555,155951634233.43408,157179858101.10706,157124634910.33966
ORO,bcc-csm1-1_rcp85_r1i1p1,FORE-SCE-B1,72,0.8795440685923942,126929212958.58669,135491586593.81041,128951516897.35333,132201234678.34618,131571834924.7047
ORO,bcc-csm1-1_rcp85_r1i1p1,GCAM-26,72,0.8795440685923942,330685404637.2882,335536129834.55,316570225752.5595,327294095841.1228,325479565852.7554
ORO,bcc-csm1-1_rcp85_r1i1p1,GCAM-45,72,0.8795440685923942,230731477484.6452,238054500020.6181,220712393359.50146,231925810495.20392,229248826968.72815
ORO,bcc-csm1-1_rcp85_r1i1p1,GCAM-ref,72,0.8795440685923942,165264815452.52023,174122940613.5377,159003703306.98788,169540859526.9124,167404444679.21097
ORO,bcc-csm1-1_rcp85_r1i1p1,LUCAS-BAU_High-0001,72,0.8795440685923942,101633129827.11009,110692536079.90169,106492213338.29346,111456904154.43353,109744021174.2529
ORO,bcc-csm1-1_rcp85_r1i1p1,LUCAS-BAU_High-0002,72,0.8795440685923942,104145875926.60805,112887617013.89986,108938578905.44066,113579038715.51918,112269798391.35098
ORO,canesm2_rcp26_r1i1p1,FORE-SCE-A1B,72,1.05842640994854,116028143865.38277,142163787561.22543,131239486263.8062,131849443076.3287,142430491756.5631
ORO,canesm2_rcp26_r1i1p1,FORE-SCE-A2,72,1.05842640994854,94224793158.80707,116717810532.05064,109413686053.52858,109636131005.65488,120421057826.22075
ORO,canesm2_rcp26_r1i1p1,FORE-SCE-B1,72,1.05842640994854,79916780844.39476,102242996059.54254,94108969095.21823,94320268000.22296,106773449036.02353
ORO,canesm2_rcp26_r1i1p1,GCAM-26,72,1.05842640994854,253247996617.6916,276037530257.4678,271834366154.74646,280573675801.99634,269144532352.97897
ORO,canesm2_rcp26_r1i1p1,GCAM-45,72,1.05842640994854,170795096796.18283,191097288357.0899,180900504161.62793,177882686538.15775,188505837100.1165
ORO,canesm2_rcp26_r1i1p1,GCAM-ref,72,1.05842640994854,123520576252.56223,143102702261.305,135072244276.60022,131980947401.96182,143128657524.98135
ORO,canesm2_rcp26_r1i1p1,LUCAS-BAU_High-0001,72,1.05842640994854,60408182210.32029,81629561545.56514,72124789803.49954,78007935284.84882,90901993602.85533
ORO,canesm2_rcp26_r1i1p1,LUCAS-BAU_High-0002,72,1.05842640994854,63162661375.25572,84291110004.34288,74629622349.0033,80441350131.59201,93525600244.82716
ORO,canesm2_rcp45_r1i1p1,FORE-SCE-A1B,72,0.8272779543538691,112671944899.92285,116316412966.9947,104194786445.47328,117039968060.15665,111884038265.44647
ORO,canesm2_rcp45_r1i1p1,FORE-SCE-A2,72,0.8272779543538691,94073659226.54692,96895906058.57356,87718363594.84569,102121627563.42152,91638867540.76833
ORO,canesm2_rcp45_r1i1p1,FORE-SCE-B1,72,0.8272779543538691,79004342270.8264,80649351651.3225,74449218102.972,88170725355.36378,76142521873.05322
ORO,canesm2_rcp45_r1i1p1,GCAM-26,72,0.8272779543538691,233622336713.45377,235259098388.94308,219501969447.5811,223630455901.04065,223953707515.0299
ORO,canesm2_rcp45_r1i1p1,GCAM-45,72,0.8272779543538691,157812605974.31137,161409057931.91724,146527872565.63913,150945395221.47052,153280348117.37628
ORO,canesm2_rcp45_r1i1p1,GCAM-ref,72,0.8272779543538691,111741097899.33727,115394003080.37016,105667403951.2916,118710558832.67226,111470700811.11853
ORO,canesm2_rcp45_r1i1p1,LUCAS-BAU_High-0001,72,0.8272779543538691,64900160297.3553,65977562744.51481,57480207922.7144,65080535205.5767,60485554401.69456
ORO,canesm2_rcp45_r1i1p1,LUCAS-BAU_High-0002,72,0.8272779543538691,66645799353.329636,68044272630.296715,59421321441.55622,67214250126.46755,62856459159.47362
ORO,canesm2_rcp85_r1i1p1,FORE-SCE-A1B,72,0.8447360278178822,192508533081.36554,212636761840.54263,200816858908.82773,273507729133.5938,264975897355.81192
ORO,canesm2_rcp85_r1i1p1,FORE-SCE-A2,72,0.8447360278178822,173259309646.15536,192756912740.8682,183384122317.601,254407738743.5885,244861729025.48846
ORO,canesm2_rcp85_r1i1p1,FORE-SCE-B1,72,0.8447360278178822,151056861511.77252,156221317695.4404,162041005139.8734,233080166220.45276,230373731070.7816
ORO,canesm2_rcp85_r1i1p1,GCAM-26,72,0.8447360278178822,345002320477.45844,363145994356.0252,357874108506.74634,482140906784.7743,428722241606.6675
ORO,canesm2_rcp85_r1i1p1,GCAM-45,72,0.8447360278178822,258711975073.4687,274812285376.62762,267491159377.55927,389953365304.6067,358019718831.001
ORO,canesm2_rcp85_r1i1p1,GCAM-ref,72,0.8447360278178822,199271127117.37732,215381216433.7266,199714437725.7266,272104217753.3063,268346596708.44913
ORO,canesm2_rcp85_r1i1p1,LUCAS-BAU_High-0001,72,0.8447360278178822,130503049248.17615,133870111561.54297,140177460914.67908,206094815938.65567,218904270575.63156
ORO,canesm2_rcp85_r1i1p1,LUCAS-BAU_High-0002,72,0.8447360278178822,133304094292.51814,136147643571.53949,141774677601.47842,206918028570.5256,221050719551.93872
ORO,ccsm4_rcp26_r1i1p1,FORE-SCE-A1B,72,1.0593685253351859,107652416276.92783,108186474008.07837,102914617364.17462,103250295087.93811,104570261707.76901
ORO,ccsm4_rcp26_r1i1p1,FORE-SCE-A2,72,1.0593685253351859,90587887599.90646,90875166523.23785,86624310236.60406,86750998974.35365,87670554199.81767
ORO,ccsm4_rcp26_r1i1p1,FORE-SCE-B1,72,1.0593685253351859,72918563462.43582,73209371199.2335,69263884831.9719,69430074491.94754,70230568013.16653
ORO,ccsm4_rcp26_r1i1p1,GCAM-26,72,1.0593685253351859,231284217918.55225,231289539338.32504,224356506171.68384,222861997650.19577,222861997650.19577
ORO,ccsm4_rcp26_r1i1p1,GCAM-45,72,1.0593685253351859,152767937173.32874,153395928596.86514,146335998873.3175,146152605908.2689,146152605908.2689
ORO,ccsm4_rcp26_r1i1p1,GCAM-ref,72,1.0593685253351859,104578818022.88388,105381001695.9775,99541277938.61716,99967666898.54433,101543448439.41884
ORO,ccsm4_rcp26_r1i1p1,LUCAS-BAU_High-0001,72,1.0593685253351859,56743310506.26723,57296966487.00395,53540393590.59923,53689908482.05803,54024322466.61318
ORO,ccsm4_rcp26_r1i1p1,LUCAS-BAU_High-0002,72,1.0593685253351859,59084053654.92169,59458029416.70382,55823030809.184296,55974623056.396286,56311225587.00664
ORO,ccsm4_rcp45_r1i1p1,FORE-SCE-A1B,72,1.098745856930379,109826465034.87764,111602767356.40805,112192412946.12614,111988931796.80838,111259369255.79405
ORO,ccsm4_rcp45_r1i1p1,FORE-SCE-A2,72,1.098745856930379,89450462724.8835,90381161236.61641,93876050880.22397,93783792082.58884,90945059798.41235
ORO,ccsm4_rcp45_r1i1p1,FORE-SCE-B1,72,1.098745856930379,74663238296.59164,76910555745.83224,80834634563.69092,80882096796.28607,77081097205.035
ORO,ccsm4_rcp45_r1i1p1,GCAM-26,72,1.098745856930379,237760255151.18054,238112965407.8574,227841385078.75018,231169482549.7324,231169482549.7324
ORO,ccsm4_rcp45_r1i1p1,GCAM-45,72,1.098745856930379,156847247286.3625,159064198169.67477,154621266064.50122,154176599955.2054,154176599955.2054
ORO,ccsm4_rcp45_r1i1p1,GCAM-ref,72,1.098745856930379,112397822920.54384,114595415233.39139,117543930632.14485,117418719369.9293,114670993819.88275
ORO,ccsm4_rcp45_r1i1p1,LUCAS-BAU_High-0001,72,1.098745856930379,61778486576.747795,65192590065.52374,69221068101.41576,69242697814.1256,66419204435.754364
ORO,ccsm4_rcp45_r1i1p1,LUCAS-BAU_High-0002,72,1.098745856930379,63974176857.31572,67103112160.79676,71031627629.20529,71055426093.11942,68479935016.98988
ORO,ccsm4_rcp60_r1i1p1,FORE-SCE-A1B,72,1.0250811199594199,87337851650.29753,93871191231.70818,78136440797.67636,89926596352.99544,94936550234.91814
ORO,ccsm4_rcp60_r1i1p1,FORE-SCE-A2,72,1.0250811199594199,68313826623.41553,76322886733.18275,61981762841.81487,73768551579.97594,78229070798.321
ORO,ccsm4_rcp60_r1i1p1,FORE-SCE-B1,72,1.0250811199594199,54793997707.898834,66253310414.88471,65685834670.53681,62271500269.12106,68697279997.80782
ORO,ccsm4_rcp60_r1i1p1,GCAM-26,72,1.0250811199594199,189312872053.46448,199043727504.68356,178218498756.77237,189933727779.56265,189933727779.56265
ORO,ccsm4_rcp60_r1i1p1,GCAM-45,72,1.0250811199594199,128306291964.39012,133057495135.64256,114950797474.66158,131331288619.84995,131331288619.84995
ORO,ccsm4_rcp60_r1i1p1,GCAM-ref,72,1.0250811199594199,90770805100.85448,97405064846.94225,80967666379.41042,92294196367.21742,98915930308.14398
ORO,ccsm4_rcp60_r1i1p1,LUCAS-BAU_High-0001,72,1.0250811199594199,44451140018.27071,56027102375.07875,55663567990.42493,52049309097.905815,58543412218.92464
ORO,ccsm4_rcp60_r1i1p1,LUCAS-BAU_High-0002,72,1.0250811199594199,46273480621.96324,58616909804.01634,58263227726.97159,54672743550.133064,60422159323.67875
ORO,ccsm4_rcp85_r1i1p1,FORE-SCE-A1B,72,1.0909201537526936,157325574499.16107,165788096737.8625,168922361587.16434,178737819831.49567,175939368063.4361
ORO,ccsm4_rcp85_r1i1p1,FORE-SCE-A2,72,1.0909201537526936,135210529915.48534,143713313790.21558,151740837032.9815,154382196633.49918,156191054585.57513
ORO,ccsm4_rcp85_r1i1p1,FORE-SCE-B1,72,1.0909201537526936,111823263748.19812,124593526493.53369,129216589624.31488,142394560789.1643,139512574414.52258
ORO,ccsm4_rcp85_r1i1p1,GCAM-26,72,1.0909201537526936,306391117901.7088,313518376487.5781,309939596424.5804,308083357488.11847,308083357488.11847
ORO,ccsm4_rcp85_r1i1p1,GCAM-45,72,1.0909201537526936,213407495958.18967,223054957594.8188,218919468086.8836,227002566400.24298,227002566400.24298
ORO,ccsm4_rcp85_r1i1p1,GCAM-ref,72,1.0909201537526936,155398900155.62778,163578316638.80917,172074172440.9151,180936671342.99008,173371362119.02792
ORO,ccsm4_rcp85_r1i1p1,LUCAS-BAU_High-0001,72,1.0909201537526936,90558817932.62473,104612043729.58694,111735819940.99911,123819514026.33954,124814329545.46564
ORO,ccsm4_rcp85_r1i1p1,LUCAS-BAU_High-0002,72,1.0909201537526936,93617232447.07236,107417511395.05278,114194622210.54607,126349216812.78857,127193267648.32393
ORO,cesm1-bgc_rcp45_r1i1p1,FORE-SCE-A1B,72,0.9517502532466536,118727738764.8302,118172784755.07765,113702152432.95421,115455174008.91373,113962271663.63603
ORO,cesm1-bgc_rcp45_r1i1p1,FORE-SCE-A2,72,0.9517502532466536,96346020463.88034,96457037821.69547,93449021375.70418,98249410344.53261,92621154160.4071
ORO,cesm1-bgc_rcp45_r1i1p1,FORE-SCE-B1,72,0.9517502532466536,79095759477.49434,79154999715.55,75412888807.23384,78515033242.6443,75772725119.78897
ORO,cesm1-bgc_rcp45_r1i1p1,GCAM-26,72,0.9517502532466536,249939729811.61835,248454149654.8163,239436898808.58203,239114764554.61548,242402282889.70084
ORO,cesm1-bgc_rcp45_r1i1p1,GCAM-45,72,0.9517502532466536,167621453187.47534,166764972951.6363,161027927353.9345,160352273627.66183,161740993083.10934
ORO,cesm1-bgc_rcp45_r1i1p1,GCAM-ref,72,0.9517502532466536,117686446931.09782,117253683575.95432,113434179108.50238,115869653556.53564,113045646468.99861
ORO,cesm1-bgc_rcp45_r1i1p1,LUCAS-BAU_High-0001,72,0.9517502532466536,62150447441.73517,62562642877.3072,60408252681.91762,63629172149.5202,58692956632.569756
ORO,cesm1-bgc_rcp45_r1i1p1,LUCAS-BAU_High-0002,72,0.9517502532466536,64618871730.96344,65128746834.475784,62132901180.564865,65515434697.77089,61380119504.62389
ORO,cesm1-bgc_rcp85_r1i1p1,FORE-SCE-A1B,72,0.9178937199800328,91975984584.94026,96378356211.37402,92515509552.50575,99755552075.14789,101409479971.3905
ORO,cesm1-bgc_rcp85_r1i1p1,FORE-SCE-A2,72,0.9178937199800328,70203833109.04253,74966914089.3942,73441075032.38467,80793257531.33365,81036080270.92134
ORO,cesm1-bgc_rcp85_r1i1p1,FORE-SCE-B1,72,0.9178937199800328,59495407396.24152,64684720783.77995,63549136807.92089,64616450765.113075,72710749619.61084
ORO,cesm1-bgc_rcp85_r1i1p1,GCAM-26,72,0.9178937199800328,207482780938.4226,217557813997.70688,202125472540.80737,207426030325.69333,207426030325.69333
ORO,cesm1-bgc_rcp85_r1i1p1,GCAM-45,72,0.9178937199800328,133088644648.43224,141762899297.06573,130961004232.7066,142829537649.2539,142829537649.2539
ORO,cesm1-bgc_rcp85_r1i1p1,GCAM-ref,72,0.9178937199800328,94933121562.29959,99472496767.42819,97491890890.87769,105577586697.79826,105093521370.83128
ORO,cesm1-bgc_rcp85_r1i1p1,LUCAS-BAU_High-0001,72,0.9178937199800328,47326405793.563644,52472743933.32915,53120940714.37156,52927845279.72466,61860000767.66651
ORO,cesm1-bgc_rcp85_r1i1p1,LUCAS-BAU_High-0002,72,0.9178937199800328,49446987060.159775,54742680215.57638,54982258969.22653,54870698263.7917,64007048177.95324
ORO,cesm1-cam5_rcp26_r1i1p1,FORE-SCE-A1B,72,0.9279865558233354,88185505451.0413,90286334911.4861,88072650965.55203,93487384265.12181,87123083479.49863
ORO,cesm1-cam5_rcp26_r1i1p1,FORE-SCE-A2,72,0.9279865558233354,73013497965.90459,73091270576.27324,71640054076.76527,75124152961.36868,72585641061.79211
ORO,cesm1-cam5_rcp26_r1i1p1,FORE-SCE-B1,72,0.9279865558233354,57102885449.56798,56544126561.94349,55379619231.22658,57443532065.11243,57732725508.81967
ORO,cesm1-cam5_rcp26_r1i1p1,GCAM-26,72,0.9279865558233354,203141561027.22412,201886421965.72827,199752213956.27512,197047618891.49948,197047618891.49948
ORO,cesm1-cam5_rcp26_r1i1p1,GCAM-45,72,0.9279865558233354,129014499728.63924,128625752848.65521,127501761204.68872,126738588141.59402,126738588141.59402
ORO,cesm1-cam5_rcp26_r1i1p1,GCAM-ref,72,0.9279865558233354,84999141006.2632,86829846382.18875,84800618762.21088,90201442336.60886,84189086245.5559
ORO,cesm1-cam5_rcp26_r1i1p1,LUCAS-BAU_High-0001,72,0.9279865558233354,42569407888.15732,42293996736.346176,41677744861.70531,44264934178.79195,43640274662.784424
ORO,cesm1-cam5_rcp26_r1i1p1,LUCAS-BAU_High-0002,72,0.9279865558233354,44450000622.53601,44061112997.37855,43576455303.77845,46041350825.73621,45541502672.05049
ORO,cesm1-cam5_rcp45_r1i1p1,FORE-SCE-A1B,72,1.1548697740263678,162822342016.34723,163247680835.80392,161449517882.2855,161049993368.12122,159878637946.58426
ORO,cesm1-cam5_rcp45_r1i1p1,FORE-SCE-A2,72,1.1548697740263678,133442531853.31783,134730172183.99857,132816403830.0376,132738461817.79437,130966472484.41998
ORO,cesm1-cam5_rcp45_r1i1p1,FORE-SCE-B1,72,1.1548697740263678,115866226433.15079,116486957288.71721,116111428541.96227,116172080228.30814,114004220442.15816
ORO,cesm1-cam5_rcp45_r1i1p1,GCAM-26,72,1.1548697740263678,322452063723.03754,320909254059.344,311882181979.0534,313643653408.3229,313643653408.3229
ORO,cesm1-cam5_rcp45_r1i1p1,GCAM-45,72,1.1548697740263678,222925173276.42203,222577353562.32397,218653799123.7039,218302028778.08533,218302028778.08533
ORO,cesm1-cam5_rcp45_r1i1p1,GCAM-ref,72,1.1548697740263678,167204209180.33917,167820255150.67038,166286982094.88647,165910809696.93066,164725942777.78406
ORO,cesm1-cam5_rcp45_r1i1p1,LUCAS-BAU_High-0001,72,1.1548697740263678,96127294854.92421,95398844384.48167,93470370155.69594,93502553783.82448,94329637809.23557
ORO,cesm1-cam5_rcp45_r1i1p1,LUCAS-BAU_High-0002,72,1.1548697740263678,99871787926.24355,99076350418.01164,97041504500.09668,97082980516.01106,97989519086.53773
ORO,cesm1-cam5_rcp60_r1i1p1,FORE-SCE-A1B,72,1.120970216825169,131570555853.33232,130153562615.07712,123638443418.9599,123752880553.14944,126969301005.9626
ORO,cesm1-cam5_rcp60_r1i1p1,FORE-SCE-A2,72,1.120970216825169,108189515132.80508,106841392178.79993,101357205123.82318,101431027263.52687,103941489110.44238
ORO,cesm1-cam5_rcp60_r1i1p1,FORE-SCE-B1,72,1.120970216825169,88045281446.65132,87838782329.42969,84686600607.6582,84748346871.10677,86817156004.89224
ORO,cesm1-cam5_rcp60_r1i1p1,GCAM-26,72,1.120970216825169,267434966734.6828,269305000931.06894,259016023572.87616,258243063544.37085,258243063544.37085
ORO,cesm1-cam5_rcp60_r1i1p1,GCAM-45,72,1.120970216825169,184212282999.5241,182432349800.57336,174069898642.9835,173962097613.62204,173962097613.62204
ORO,cesm1-cam5_rcp60_r1i1p1,GCAM-ref,72,1.120970216825169,132707773238.64963,130943545517.38379,124830318702.66722,124956019073.15302,128252228495.49391
ORO,cesm1-cam5_rcp60_r1i1p1,LUCAS-BAU_High-0001,72,1.120970216825169,71465551415.45117,70628393507.23369,68024396901.15825,68075582686.139084,69543474459.90034
ORO,cesm1-cam5_rcp60_r1i1p1,LUCAS-BAU_High-0002,72,1.120970216825169,74167247843.21805,73406973756.8816,70800364049.20381,70853186209.23137,72347533373.95923
ORO,cesm1-cam5_rcp85_r1i1p1,FORE-SCE-A1B,72,1.0609987618828804,165587078991.34348,202655536128.39273,189511605964.1501,194681375739.02557,198131132570.93625
ORO,cesm1-cam5_rcp85_r1i1p1,FORE-SCE-A2,72,1.0609987618828804,137924259389.0749,171736326519.15497,152597728348.60138,165272634698.57443,172293133196.05984
ORO,cesm1-cam5_rcp85_r1i1p1,FORE-SCE-B1,72,1.0609987618828804,118522462803.84451,153085319583.88934,131229473595.853,136580357989.33719,154628084939.49594
ORO,cesm1-cam5_rcp85_r1i1p1,GCAM-26,72,1.0609987618828804,327514315162.12305,357211522302.6699,343849886793.07837,344167917806.9806,347133574860.17847
ORO,cesm1-cam5_rcp85_r1i1p1,GCAM-45,72,1.0609987618828804,221925927126.94067,260087721750.39438,244612476291.3423,249397242698.8069,252827049023.3766
ORO,cesm1-cam5_rcp85_r1i1p1,GCAM-ref,72,1.0609987618828804,164813834509.50143,202064244599.00714,191152607621.99805,196455991500.08347,197923393236.1666
ORO,cesm1-cam5_rcp85_r1i1p1,LUCAS-BAU_High-0001,72,1.0609987618828804,95523336401.93973,131131072268.15927,110227345495.54863,115586012465.07343,133426172246.60474
ORO,cesm1-cam5_rcp85_r1i1p1,LUCAS-BAU_High-0002,72,1.0609987618828804,99342486511.06152,134600321895.64934,113726845191.1385,119100699550.85623,136976416834.46756
ORO,cmcc-cm_rcp45_r1i1p1,FORE-SCE-A1B,72,1.1815622651158506,115906182254.30954,116072385539.09894,113846108987.90723,114389792815.33504,114389792815.33504
ORO,cmcc-cm_rcp45_r1i1p1,FORE-SCE-A2,72,1.1815622651158506,92177177003.07997,91926883919.5269,89856148932.32837,90232723260.91309,90232723260.91309
ORO,cmcc-cm_rcp45_r1i1p1,FORE-SCE-B1,72,1.1815622651158506,75815962501.39252,74791542561.3438,73205210964.2526,73374904589.23495,73374904589.23495
ORO,cmcc-cm_rcp45_r1i1p1,GCAM-26,72,1.1815622651158506,257851624341.60275,259433790643.3575,255436659058.7507,255436659058.7507,255436659058.7507
ORO,cmcc-cm_rcp45_r1i1p1,GCAM-45,72,1.1815622651158506,166854000379.6862,167672286561.81085,164923600955.75015,164923600955.75015,164923600955.75015
ORO,cmcc-cm_rcp45_r1i1p1,GCAM-ref,72,1.1815622651158506,115756871553.73732,115415236849.10878,113262724957.56699,113688032749.02704,113688032749.02704
ORO,cmcc-cm_rcp45_r1i1p1,LUCAS-BAU_High-0001,72,1.1815622651158506,57572116385.00981,56726573959.433815,55155673138.55177,55223284065.73277,55223284065.73277
ORO,cmcc-cm_rcp45_r1i1p1,LUCAS-BAU_High-0002,72,1.1815622651158506,60436010837.05518,59570654188.734474,58029187529.51507,58104567247.46509,58104567247.46509
ORO,cmcc-cm_rcp85_r1i1p1,FORE-SCE-A1B,72,1.2951665162126274,158067033148.81985,156814024357.9796,149040919346.58768,148658262407.13055,152127667139.41177
ORO,cmcc-cm_rcp85_r1i1p1,FORE-SCE-A2,72,1.2951665162126274,136344078196.70694,135802114954.64626,128929674383.89545,128441614605.98341,131531730250.14026
ORO,cmcc-cm_rcp85_r1i1p1,FORE-SCE-B1,72,1.2951665162126274,111875753482.66234,111459919551.19786,105891391626.49567,106020543724.62488,108799343537.2248
ORO,cmcc-cm_rcp85_r1i1p1,GCAM-26,72,1.2951665162126274,311392924400.585,310130938151.6044,298596030434.9422,297724299461.30634,297724299461.30634
ORO,cmcc-cm_rcp85_r1i1p1,GCAM-45,72,1.2951665162126274,216314811498.58545,213660304735.40598,203575045616.94653,203138264662.23035,203138264662.23035
ORO,cmcc-cm_rcp85_r1i1p1,GCAM-ref,72,1.2951665162126274,155484275340.18448,153554838107.54572,144834882857.25293,145064327502.40524,149008054116.769
ORO,cmcc-cm_rcp85_r1i1p1,LUCAS-BAU_High-0001,72,1.2951665162126274,89214513040.94305,88390694045.64236,83947853576.64664,83424021223.5164,85601060378.15456
ORO,cmcc-cm_rcp85_r1i1p1,LUCAS-BAU_High-0002,72,1.2951665162126274,91797705412.99432,91218169298.1864,86550046348.4326,86363514766.23018,88628074582.626
ORO,cnrm-cm5_rcp45_r1i1p1,FORE-SCE-A1B,72,0.819774954803785,61568151454.35741,66113881829.34354,56711705067.90794,54282314311.69551,58574689304.694046
ORO,cnrm-cm5_rcp45_r1i1p1,FORE-SCE-A2,72,0.819774954803785,47925581260.927155,52507931519.843094,43364857260.41834,41011035545.27979,45799129810.41265
ORO,cnrm-cm5_rcp45_r1i1p1,FORE-SCE-B1,72,0.819774954803785,38929687581.87174,42304223214.353294,36327383160.40008,34136235208.136444,38212623218.56473
ORO,cnrm-cm5_rcp45_r1i1p1,GCAM-26,72,0.819774954803785,154197515058.33127,159454631346.91843,142934050930.35477,146499981754.50275,143935867237.61563
ORO,cnrm-cm5_rcp45_r1i1p1,GCAM-45,72,0.819774954803785,94282843546.51491,101564306874.51059,85693505306.40771,83878476950.73657,87785972596.11693
ORO,cnrm-cm5_rcp45_r1i1p1,GCAM-ref,72,0.819774954803785,62832087673.312874,70170359753.14127,59965501000.92224,58700953774.54382,59782759449.38269
ORO,cnrm-cm5_rcp45_r1i1p1,LUCAS-BAU_High-0001,72,0.819774954803785,30025477228.274723,33408137712.375225,28542838096.25583,27200646467.815804,32702266563.590714
ORO,cnrm-cm5_rcp45_r1i1p1,LUCAS-BAU_High-0002,72,0.819774954803785,31328977656.52642,34690380473.82238,29639547870.212254,27901418943.209015,33850151453.180145
ORO,cnrm-cm5_rcp85_r1i1p1,FORE-SCE-A1B,72,0.8247612530601978,103541053932.59334,114423373750.70549,85050144339.2605,120835621181.56029,98659434009.44368
ORO,cnrm-cm5_rcp85_r1i1p1,FORE-SCE-A2,72,0.8247612530601978,88192417655.12984,95568889079.431,69404227441.46785,111121018151.8315,85379485295.6755
ORO,cnrm-cm5_rcp85_r1i1p1,FORE-SCE-B1,72,0.8247612530601978,76946716853.46442,80513815524.64369,58702301529.247025,105163805474.3631,74883172938.89714
ORO,cnrm-cm5_rcp85_r1i1p1,GCAM-26,72,0.8247612530601978,222426081880.61972,231596684756.70624,176759680749.79553,201114949830.11005,196385675004.2389
ORO,cnrm-cm5_rcp85_r1i1p1,GCAM-45,72,0.8247612530601978,147622673879.04584,156639223355.60965,118463093689.36424,148359183603.04285,131714995938.64798
ORO,cnrm-cm5_rcp85_r1i1p1,GCAM-ref,72,0.8247612530601978,101990850825.07585,112984523122.41531,83078468561.14381,117583410842.12889,97695593028.88718
ORO,cnrm-cm5_rcp85_r1i1p1,LUCAS-BAU_High-0001,72,0.8247612530601978,62830402267.41109,65487896878.57976,47051235991.88183,96327852629.17351,64068875307.33712
ORO,cnrm-cm5_rcp85_r1i1p1,LUCAS-BAU_High-0002,72,0.8247612530601978,64707871535.302414,67252469563.44609,48406365564.10562,97461056232.94011,65596282754.40158
ORO,csiro-mk3-6-0_rcp26_r1i1p1,FORE-SCE-A1B,72,1.2085709020432187,148419045205.7028,148613542224.17706,147873404356.31952,149295374178.06345,149295374178.06345
ORO,csiro-mk3-6-0_rcp26_r1i1p1,FORE-SCE-A2,72,1.2085709020432187,120753201499.39047,120807590020.84015,120099200121.46239,121242486884.44614,121242486884.44614
ORO,csiro-mk3-6-0_rcp26_r1i1p1,FORE-SCE-B1,72,1.2085709020432187,104244378567.79555,103944564341.20558,103486729210.38698,104164477602.34398,104164477602.34398
ORO,csiro-mk3-6-0_rcp26_r1i1p1,GCAM-26,72,1.2085709020432187,295383964556.3115,295466887804.2804,294593329807.7155,294593329807.7155,294593329807.7155
ORO,csiro-mk3-6-0_rcp26_r1i1p1,GCAM-45,72,1.2085709020432187,203314184946.35425,203319731647.2297,202682010723.49127,202682010723.49127,202682010723.49127
ORO,csiro-mk3-6-0_rcp26_r1i1p1,GCAM-ref,72,1.2085709020432187,151457879845.5725,151260680020.16855,150812067812.1126,152073638526.89673,152073638526.89673
ORO,csiro-mk3-6-0_rcp26_r1i1p1,LUCAS-BAU_High-0001,72,1.2085709020432187,85254741415.80908,84831331076.79669,84482669590.13048,84839842419.20422,84839842419.20422
ORO,csiro-mk3-6-0_rcp26_r1i1p1,LUCAS-BAU_High-0002,72,1.2085709020432187,88814496491.30244,88388320141.88962,88036577775.59563,88419548802.29402,88419548802.29402
ORO,csiro-mk3-6-0_rcp45_r1i1p1,FORE-SCE-A1B,72,1.0962716947105884,141695541357.62457,140655924544.98605,133747669279.11058,134876127168.21074,134876127168.21074
ORO,csiro-mk3-6-0_rcp45_r1i1p1,FORE-SCE-A2,72,1.0962716947105884,113012573323.31906,112862645847.11768,108045222842.2731,108885208031.40363,108885208031.40363
ORO,csiro-mk3-6-0_rcp45_r1i1p1,FORE-SCE-B1,72,1.0962716947105884,91681076626.66641,92153935805.75131,88873142695.74194,89172313333.3688,89172313333.3688
ORO,csiro-mk3-6-0_rcp45_r1i1p1,GCAM-26,72,1.0962716947105884,291079992581.3997,296106926427.6853,287020584877.4109,286494134096.7818,286494134096.7818
ORO,csiro-mk3-6-0_rcp45_r1i1p1,GCAM-45,72,1.0962716947105884,198102275699.43936,199105054802.8163,191039243118.42535,191039243118.42535,191039243118.42535
ORO,csiro-mk3-6-0_rcp45_r1i1p1,GCAM-ref,72,1.0962716947105884,142897268822.21198,141910707501.70935,135301161062.73273,136057644180.91681,136057644180.91681
ORO,csiro-mk3-6-0_rcp45_r1i1p1,LUCAS-BAU_High-0001,72,1.0962716947105884,73803794070.66838,73743235470.50201,70970275655.62996,70616075681.58897,70616075681.58897
ORO,csiro-mk3-6-0_rcp45_r1i1p1,LUCAS-BAU_High-0002,72,1.0962716947105884,76759164433.5598,76770918111.02315,73950809186.02504,73731765164.94815,73731765164.94815
ORO,csiro-mk3-6-0_rcp60_r1i1p1,FORE-SCE-A1B,72,1.0458218368307992,122571065723.35915,126874808114.19199,141292311244.5208,142892894521.10028,149901120443.1428
ORO,csiro-mk3-6-0_rcp60_r1i1p1,FORE-SCE-A2,72,1.0458218368307992,97335129059.21083,101276611868.9648,121428828385.98282,119400320937.59486,130472117894.40585
ORO,csiro-mk3-6-0_rcp60_r1i1p1,FORE-SCE-B1,72,1.0458218368307992,79699421764.06227,83054617368.63315,103852297098.14087,101004661027.82544,113334418166.74629
ORO,csiro-mk3-6-0_rcp60_r1i1p1,GCAM-26,72,1.0458218368307992,252864663715.15433,256684751245.89108,265017438771.56104,284254986155.01807,284254986155.01807
ORO,csiro-mk3-6-0_rcp60_r1i1p1,GCAM-45,72,1.0458218368307992,170446028196.3357,174228159414.0132,197088059375.3641,203487157516.0269,203487157516.0269
ORO,csiro-mk3-6-0_rcp60_r1i1p1,GCAM-ref,72,1.0458218368307992,120702325153.01361,124858213653.26593,140152842083.40872,142518226951.276,148044479724.0036
ORO,csiro-mk3-6-0_rcp60_r1i1p1,LUCAS-BAU_High-0001,72,1.0458218368307992,63076147582.22584,66571788254.093994,88223784801.8246,85143961237.09952,97094167491.71431
ORO,csiro-mk3-6-0_rcp60_r1i1p1,LUCAS-BAU_High-0002,72,1.0458218368307992,65384212872.216965,68935736189.73134,90657769853.05502,87631439910.27835,99542618666.65065
ORO,csiro-mk3-6-0_rcp85_r1i1p1,FORE-SCE-A1B,72,1.0121911496736489,154824382442.42303,154914510684.6404,141675862320.01822,143294127414.13345,144438511532.25958
ORO,csiro-mk3-6-0_rcp85_r1i1p1,FORE-SCE-A2,72,1.0121911496736489,126583041109.35507,125940807334.9142,113623286513.9991,117865236187.15572,119371062628.52728
ORO,csiro-mk3-6-0_rcp85_r1i1p1,FORE-SCE-B1,72,1.0121911496736489,107081848123.32634,105882928651.17592,96274175558.66853,100049052139.47269,101626127622.1413
ORO,csiro-mk3-6-0_rcp85_r1i1p1,GCAM-26,72,1.0121911496736489,313588913839.3557,311258226748.2671,296025616581.16003,291390992352.2032,291390992352.2032
ORO,csiro-mk3-6-0_rcp85_r1i1p1,GCAM-45,72,1.0121911496736489,213853274252.13345,213417580248.28506,197780132269.44788,197242121474.33075,197242121474.33075
ORO,csiro-mk3-6-0_rcp85_r1i1p1,GCAM-ref,72,1.0121911496736489,156665452775.29257,157441921233.52536,144353105993.62997,145930119716.53247,146621366744.65826
ORO,csiro-mk3-6-0_rcp85_r1i1p1,LUCAS-BAU_High-0001,72,1.0121911496736489,86417335117.45654,85457405501.82187,77829356909.44618,81714848625.46475,81560453468.63232
ORO,csiro-mk3-6-0_rcp85_r1i1p1,LUCAS-BAU_High-0002,72,1.0121911496736489,89531845170.43753,88635651711.99973,81309218896.56349,85108755753.82396,84808177451.23785
ORO,fgoals-g2_rcp26_r1i1p1,FORE-SCE-A1B,72,1.1206831286595,75877807462.08263,75650897477.71153,71235438398.77496,71346458451.34108,73726028644.42596
ORO,fgoals-g2_rcp26_r1i1p1,FORE-SCE-A2,72,1.1206831286595,57524554304.11277,57277574578.115204,53422160370.01615,53499772429.89785,55353757482.23366
ORO,fgoals-g2_rcp26_r1i1p1,FORE-SCE-B1,72,1.1206831286595,47279767995.3077,47509499380.08444,45304799611.3519,44800360127.91939,46475091066.07619
ORO,fgoals-g2_rcp26_r1i1p1,GCAM-26,72,1.1206831286595,180262746330.1882,180743906318.64368,173480740012.3342,172069237446.32837,172069237446.32837
ORO,fgoals-g2_rcp26_r1i1p1,GCAM-45,72,1.1206831286595,113845213371.85074,112572242741.72827,106966985766.80258,106966985766.80258,106966985766.80258
ORO,fgoals-g2_rcp26_r1i1p1,GCAM-ref,72,1.1206831286595,77703245817.35762,77732528152.7172,73909804486.91617,74044205985.72762,75873740294.26797
ORO,fgoals-g2_rcp26_r1i1p1,LUCAS-BAU_High-0001,72,1.1206831286595,36902082156.93129,36963720862.07214,35037289544.2621,34645432611.335434,35820845747.796394
ORO,fgoals-g2_rcp26_r1i1p1,LUCAS-BAU_High-0002,72,1.1206831286595,38694480767.695854,38884215468.64077,36969568688.497734,36529791945.36915,37848990052.42476
SHA,access1-0_rcp45_r1i1p1,FORE-SCE-A1B,72,0.6694057918419088,230211183161.99805,234774774865.5906,216261983709.94354,218071362718.47858,219830031850.8441
SHA,access1-0_rcp45_r1i1p1,FORE-SCE-A2,72,0.6694057918419088,190792836198.65945,195434825247.42584,178254393834.9479,179609644685.5661,180345950898.59442
SHA,access1-0_rcp45_r1i1p1,FORE-SCE-B1,72,0.6694057918419088,160434231570.88712,161596952324.15192,146711509826.62302,147872339281.49033,145588490612.3395
SHA,access1-0_rcp45_r1i1p1,GCAM-26,72,0.6694057918419088,478542722674.16235,486055251038.7301,465293544634.19714,531813450451.0721,457739460932.7907
SHA,access1-0_rcp45_r1i1p1,GCAM-45,72,0.6694057918419088,320943498844.7603,325932892165.62634,303463444269.96075,384563351673.6792,300833978268.1715
SHA,access1-0_rcp45_r1i1p1,GCAM-ref,72,0.6694057918419088,226694460293.65744,229957517557.15063,211167548045.7844,213322375259.2367,215652061918.68976
SHA,access1-0_rcp45_r1i1p1,LUCAS-BAU_High-0001,72,0.6694057918419088,127421998811.1428,126888344436.54648,114434134017.95679,115233239689.38208,111415242137.84052
SHA,access1-0_rcp45_r1i1p1,LUCAS-BAU_High-0002,72,0.6694057918419088,132330825194.93413,132083028742.9264,119291606939.13184,120261901641.47556,116474629058.5609
SHA,access1-0_rcp85_r1i1p1,FORE-SCE-A1B,72,0.6312654875813457,418797887716.41394,418833753276.16003,405546663593.9808,410142605896.8169,405330473145.55505
SHA,access1-0_rcp85_r1i1p1,FORE-SCE-A2,72,0.6312654875813457,354724306927.5719,354779260429.64374,342432766713.1673,346247416487.5805,339612705345.9965
SHA,access1-0_rcp85_r1i1p1,FORE-SCE-B1,72,0.6312654875813457,310271477671.96204,310342142277.84204,300443707073.1718,303442255336.24084,294693389818.8544
SHA,access1-0_rcp85_r1i1p1,GCAM-26,72,0.6312654875813457,756693814832.6111,774574920455.6033,740989755192.2308,735554964978.9259,760969037576.2051
SHA,access1-0_rcp85_r1i1p1,GCAM-45,72,0.6312654875813457,545269418646.9669,551758904444.1425,530726753989.8228,528761876903.0247,532150593768.3351
SHA,access1-0_rcp85_r1i1p1,GCAM-ref,72,0.6312654875813457,419164342481.3949,419696004587.59393,406621064689.3259,402598475081.7136,406792234718.27264
SHA,access1-0_rcp85_r1i1p1,LUCAS-BAU_High-0001,72,0.6312654875813457,258175147497.96378,255480451414.24268,250974462841.03806,253270181808.83212,242406474307.85068
SHA,access1-0_rcp85_r1i1p1,LUCAS-BAU_High-0002,72,0.6312654875813457,264721337685.2229,263868414269.7042,258962184511.11255,262344791772.21335,250990365044.46558
SHA,bcc-csm1-1-m_rcp45_r1i1p1,FORE-SCE-A1B,72,0.599830946838826,275284745789.45593,273241745492.73505,268604050236.99075,280828772531.4336,292034825154.484
SHA,bcc-csm1-1-m_rcp45_r1i1p1,FORE-SCE-A2,72,0.599830946838826,227875663757.58264,230051368409.78583,225570718107.4182,241015743665.13046,246760688916.95834
SHA,bcc-csm1-1-m_rcp45_r1i1p1,FORE-SCE-B1,72,0.599830946838826,195107248894.30698,197502872805.39233,192960940316.41428,208363737387.59512,211641539053.3678
SHA,bcc-csm1-1-m_rcp45_r1i1p1,GCAM-26,72,0.599830946838826,540665316204.176,540446414855.55865,532230780265.38605,556654814132.7076,584709264570.9495
SHA,bcc-csm1-1-m_rcp45_r1i1p1,GCAM-45,72,0.599830946838826,370117529673.07416,370551231560.2173,365779774230.70734,381295517081.6995,399260133309.7505
SHA,bcc-csm1-1-m_rcp45_r1i1p1,GCAM-ref,72,0.599830946838826,274125265146.58844,272721548105.4472,268462045860.12787,280202908372.85474,291051308772.13776
SHA,bcc-csm1-1-m_rcp45_r1i1p1,LUCAS-BAU_High-0001,72,0.599830946838826,159023431375.30573,160903727834.76346,155452192485.3841,171254370793.4637,172376136736.1273
SHA,bcc-csm1-1-m_rcp45_r1i1p1,LUCAS-BAU_High-0002,72,0.599830946838826,163342517383.3793,165755866966.32428,160166354367.40182,175994725734.6217,177881236777.06363
SHA,bcc-csm1-1-m_rcp85_r1i1p1,FORE-SCE-A1B,72,0.5499645079716418,332055433841.6419,322514888966.2828,336578930353.2967,347469183673.79095,344403493762.38416
SHA,bcc-csm1-1-m_rcp85_r1i1p1,FORE-SCE-A2,72,0.5499645079716418,287938141196.638,282339961972.291,291918353885.99994,302954201603.3047,298448563900.913
SHA,bcc-csm1-1-m_rcp85_r1i1p1,FORE-SCE-B1,72,0.5499645079716418,252072546981.75424,245920216872.31372,252011825481.98944,267015823479.02982,260601627550.2407
SHA,bcc-csm1-1-m_rcp85_r1i1p1,GCAM-26,72,0.5499645079716418,618877588774.6798,587979350314.6295,616444434411.1161,615698314140.012,614797301546.3387
SHA,bcc-csm1-1-m_rcp85_r1i1p1,GCAM-45,72,0.5499645079716418,444315864414.28656,418437090213.8828,434821770945.57855,432732802601.2463,437292272923.1774
SHA,bcc-csm1-1-m_rcp85_r1i1p1,GCAM-ref,72,0.5499645079716418,328807468062.6545,318239583969.03046,332995344017.3669,343267440623.141,341316554971.394
SHA,bcc-csm1-1-m_rcp85_r1i1p1,LUCAS-BAU_High-0001,72,0.5499645079716418,212805621569.77423,208419716858.09048,213878596808.52356,226232135983.2129,218384273276.218
SHA,bcc-csm1-1-m_rcp85_r1i1p1,LUCAS-BAU_High-0002,72,0.5499645079716418,216558813439.93848,213464834941.76816,219100666644.78384,230910327973.12604,224461130717.41403
SHA,bcc-csm1-1_rcp26_r1i1p1,FORE-SCE-A1B,72,0.7274477555868448,366992804242.0375,379195612642.21405,360143351101.2812,369532233994.8326,369295718800.6784
SHA,bcc-csm1-1_rcp26_r1i1p1,FORE-SCE-A2,72,0.7274477555868448,310443833336.2985,322293414556.6662,302662838150.6442,312782275154.9927,311937983263.5677
SHA,bcc-csm1-1_rcp26_r1i1p1,FORE-SCE-B1,72,0.7274477555868448,267712680727.38364,279332568136.56696,258879701662.7707,269037251465.00433,268244660574.55692
SHA,bcc-csm1-1_rcp26_r1i1p1,GCAM-26,72,0.7274477555868448,698444880911.9644,704074777219.6304,698132670219.4753,697441080307.2047,703835010690.378
SHA,bcc-csm1-1_rcp26_r1i1p1,GCAM-45,72,0.7274477555868448,491818129921.7855,501376298459.629,485907380972.3343,496102373851.3638,495924640235.84
SHA,bcc-csm1-1_rcp26_r1i1p1,GCAM-ref,72,0.7274477555868448,366771398807.27094,379022107415.4694,360593173073.39246,370354094531.1544,369656251354.4861
SHA,bcc-csm1-1_rcp26_r1i1p1,LUCAS-BAU_High-0001,72,0.7274477555868448,225884187656.14755,238155782083.61404,216723401240.92377,225941440408.86423,224787102406.5924
SHA,bcc-csm1-1_rcp26_r1i1p1,LUCAS-BAU_High-0002,72,0.7274477555868448,232712905581.59183,245369262790.98657,223062746586.61957,233279277052.51657,231916180581.36765
SHA,bcc-csm1-1_rcp45_r1i1p1,FORE-SCE-A1B,72,0.6297271203707356,328284287175.07404,338143347048.49854,326971045219.3894,340129606273.07196,351795832391.4324
SHA,bcc-csm1-1_rcp45_r1i1p1,FORE-SCE-A2,72,0.6297271203707356,286963131292.6048,294868377393.70526,282065905131.35565,293227324838.0082,306252372937.04706
SHA,bcc-csm1-1_rcp45_r1i1p1,FORE-SCE-B1,72,0.6297271203707356,243576216036.99313,250032120737.74454,236998461657.25748,246461591527.63412,257680665533.72186
SHA,bcc-csm1-1_rcp45_r1i1p1,GCAM-26,72,0.6297271203707356,621425095230.1947,629623984478.939,620066042053.7239,628041189115.9897,646209472274.7766
SHA,bcc-csm1-1_rcp45_r1i1p1,GCAM-45,72,0.6297271203707356,437551301463.41736,447022495665.23773,436200186002.32367,443109442031.43823,456919626597.91974
SHA,bcc-csm1-1_rcp45_r1i1p1,GCAM-ref,72,0.6297271203707356,323208345604.51935,329716004214.5414,317956182683.45087,330945838765.787,342405735727.80554
SHA,bcc-csm1-1_rcp45_r1i1p1,LUCAS-BAU_High-0001,72,0.6297271203707356,203865936139.9929,208768031483.05817,195720098266.8764,203713061681.7635,213468398409.44754
SHA,bcc-csm1-1_rcp45_r1i1p1,LUCAS-BAU_High-0002,72,0.6297271203707356,209459690728.29257,214661400566.8536,201472870820.28238,209363772224.25763,219488534402.85983
SHA,bcc-csm1-1_rcp60_r1i1p1,FORE-SCE-A1B,72,0.731762869902606,297818494413.4905,297330174576.6587,287430479827.4302,286342975422.56525,292838575630.25305
SHA,bcc-csm1-1_rcp60_r1i1p1,FORE-SCE-A2,72,0.731762869902606,246323286262.1118,246553793072.77563,237074182318.1877,236396928524.28702,241242095440.799
SHA,bcc-csm1-1_rcp60_r1i1p1,FORE-SCE-B1,72,0.731762869902606,210047838127.86774,210488592944.43317,201371978806.34613,199122337983.4463,202887091530.14398
SHA,bcc-csm1-1_rcp60_r1i1p1,GCAM-26,72,0.731762869902606,578374751509.2961,582924723807.666,562985127930.0573,560055856523.1962,581782513301.31
SHA,bcc-csm1-1_rcp60_r1i1p1,GCAM-45,72,0.731762869902606,405157483133.2408,406916442558.752,394452570834.33203,393196589290.798,399819903718.57104
SHA,bcc-csm1-1_rcp60_r1i1p1,GCAM-ref,72,0.731762869902606,301761375997.4843,301649980814.27106,291122302018.9627,288945645514.0682,296855429161.57996
SHA,bcc-csm1-1_rcp60_r1i1p1,LUCAS-BAU_High-0001,72,0.731762869902606,177433775144.74652,177481604705.12512,168701799779.2525,165733590853.97284,168748623057.84183
SHA,bcc-csm1-1_rcp60_r1i1p1,LUCAS-BAU_High-0002,72,0.731762869902606,182973708908.87512,183382544832.412,174383807763.4867,171268150841.37955,174788307636.943
SHA,bcc-csm1-1_rcp85_r1i1p1,FORE-SCE-A1B,72,0.6041870580278719,406587584368.4812,393313822479.8195,413349878904.57355,413351341536.5627,443072026376.9791
SHA,bcc-csm1-1_rcp85_r1i1p1,FORE-SCE-A2,72,0.6041870580278719,355742357541.5552,347730708270.73474,368294333425.7811,368317281918.22815,398041402210.4132
SHA,bcc-csm1-1_rcp85_r1i1p1,FORE-SCE-B1,72,0.6041870580278719,307927950457.7936,301015372216.03503,320855484613.608,319816196017.8078,346868841464.88434
SHA,bcc-csm1-1_rcp85_r1i1p1,GCAM-26,72,0.6041870580278719,720455654291.3328,705710363274.8164,725179240420.5881,720396888827.481,750640207961.5094
SHA,bcc-csm1-1_rcp85_r1i1p1,GCAM-45,72,0.6041870580278719,530155673380.03265,511395105077.904,533608406884.3264,531359889940.74835,555815167170.102
SHA,bcc-csm1-1_rcp85_r1i1p1,GCAM-ref,72,0.6041870580278719,404595427556.66425,388321351363.10626,405892728534.01697,404593166321.3425,434480973247.2599
SHA,bcc-csm1-1_rcp85_r1i1p1,LUCAS-BAU_High-0001,72,0.6041870580278719,247826797475.0804,252760116812.15048,271627529566.98227,270980947045.56067,300189871688.61523
SHA,bcc-csm1-1_rcp85_r1i1p1,LUCAS-BAU_High-0002,72,0.6041870580278719,252280009179.1553,258025331956.69006,277480352227.38354,276845264330.1232,306431212458.41626
SHA,canesm2_rcp26_r1i1p1,FORE-SCE-A1B,72,0.5936682908165729,460288769031.39496,480018684507.2196,447048956063.52246,444122145634.0508,542043821461.2065
SHA,canesm2_rcp26_r1i1p1,FORE-SCE-A2,72,0.5936682908165729,418526736740.2517,437273414962.10706,397697834782.9996,398857535952.0676,499125876827.989
SHA,canesm2_rcp26_r1i1p1,FORE-SCE-B1,72,0.5936682908165729,388168809996.1526,407655200784.9734,369162813552.28864,370301681503.3038,467387344523.3022
SHA,canesm2_rcp26_r1i1p1,GCAM-26,72,0.5936682908165729,744982976019.1707,744405098479.8325,705203934528.5309,712127245968.1053,813633971064.0659
SHA,canesm2_rcp26_r1i1p1,GCAM-45,72,0.5936682908165729,569529654727.123,577766566804.2849,542317815116.4639,545543073480.0675,642001330790.1776
SHA,canesm2_rcp26_r1i1p1,GCAM-ref,72,0.5936682908165729,475559240830.15533,486390805658.3306,450504167900.91724,453176967588.28906,541997273818.9871
SHA,canesm2_rcp26_r1i1p1,LUCAS-BAU_High-0001,72,0.5936682908165729,355383187758.29584,375200305851.53424,332431922523.3152,325921467182.7491,434852228887.7861
SHA,canesm2_rcp26_r1i1p1,LUCAS-BAU_High-0002,72,0.5936682908165729,360144518821.30225,379857310764.94275,337604161550.276,331241502357.30695,440106884042.2934
SHA,canesm2_rcp45_r1i1p1,FORE-SCE-A1B,72,0.5538902855572638,315467292414.47015,315570013109.7941,320867158298.17596,332765456962.8848,349954865681.29224
SHA,canesm2_rcp45_r1i1p1,FORE-SCE-A2,72,0.5538902855572638,275925647278.3972,276317650610.64545,277123803732.02637,291255328684.0755,301259281693.98627
SHA,canesm2_rcp45_r1i1p1,FORE-SCE-B1,72,0.5538902855572638,243418298446.78497,244107685069.31796,245564764249.42267,259452398212.04422,266985898609.1748
SHA,canesm2_rcp45_r1i1p1,GCAM-26,72,0.5538902855572638,575161294062.9421,563239793677.9282,577699760569.9417,602377798497.1216,618091616987.1777
SHA,canesm2_rcp45_r1i1p1,GCAM-45,72,0.5538902855572638,410052310167.10925,407819794954.96027,415393722001.15173,438333332502.2731,450721675732.5323
SHA,canesm2_rcp45_r1i1p1,GCAM-ref,72,0.5538902855572638,317355928385.50116,317067213026.4892,322782941828.4689,334369858082.48126,351566599302.42175
SHA,canesm2_rcp45_r1i1p1,LUCAS-BAU_High-0001,72,0.5538902855572638,211996277828.4107,209484901039.87833,212209625609.8432,228804993383.28137,230865540405.11844
SHA,canesm2_rcp45_r1i1p1,LUCAS-BAU_High-0002,72,0.5538902855572638,216455306248.26605,215801379592.98148,217277042647.39053,233315274952.22812,236896118041.8327
SHA,canesm2_rcp85_r1i1p1,FORE-SCE-A1B,72,0.527411435293954,923104352389.6378,930555000893.3875,944164405581.7318,942120805582.4686,990155848847.1355
SHA,canesm2_rcp85_r1i1p1,FORE-SCE-A2,72,0.527411435293954,874398616626.9364,885764478588.8969,896456003293.999,895882560470.128,938927401772.2623
SHA,canesm2_rcp85_r1i1p1,FORE-SCE-B1,72,0.527411435293954,835382531073.7986,846726881329.687,865088651658.1038,852598983645.7528,899366201636.9996
SHA,canesm2_rcp85_r1i1p1,GCAM-26,72,0.527411435293954,1206024726910.3123,1205381166585.7803,1222385516693.3516,1288160708750.4424,1339992205496.2947
SHA,canesm2_rcp85_r1i1p1,GCAM-45,72,0.527411435293954,1026142479204.5126,1035534033260.333,1045558936830.1779,1101973646698.135,1157651186283.1873
SHA,canesm2_rcp85_r1i1p1,GCAM-ref,72,0.527411435293954,923369956969.3496,932369908299.6979,946989946769.449,938380967621.1564,993205014514.4717
SHA,canesm2_rcp85_r1i1p1,LUCAS-BAU_High-0001,72,0.527411435293954,792067287455.5706,799767734056.4547,818006783510.5287,811535029418.7291,858684563087.1385
SHA,canesm2_rcp85_r1i1p1,LUCAS-BAU_High-0002,72,0.527411435293954,798538131856.2292,806649154737.6001,824794516282.7458,816922644852.8385,865284756965.6809
SHA,ccsm4_rcp26_r1i1p1,FORE-SCE-A1B,72,0.6872196722440188,230106662933.9427,226598254080.7708,224009617368.6776,246064508508.62625,210995736476.2469
SHA,ccsm4_rcp26_r1i1p1,FORE-SCE-A2,72,0.6872196722440188,196663978061.77124,193571710953.51108,187926489560.3664,214224101908.7085,180073300191.29562
SHA,ccsm4_rcp26_r1i1p1,FORE-SCE-B1,72,0.6872196722440188,162384266055.86697,160552370150.2718,154067772436.60434,180118726364.72882,147707149160.2738
SHA,ccsm4_rcp26_r1i1p1,GCAM-26,72,0.6872196722440188,465886815532.35895,465018183908.20776,448263203179.8733,607775798425.633,411301079663.6413
SHA,ccsm4_rcp26_r1i1p1,GCAM-45,72,0.6872196722440188,316078909916.61993,313577240662.5351,307740020327.894,480475310092.35315,268122567385.38483
SHA,ccsm4_rcp26_r1i1p1,GCAM-ref,72,0.6872196722440188,224489834578.18912,221544932507.7965,218195420617.22552,240455215209.4288,205319782300.53668
SHA,ccsm4_rcp26_r1i1p1,LUCAS-BAU_High-0001,72,0.6872196722440188,130492690425.95703,129214810798.56775,121785157512.80351,148205921339.6152,120454025451.47997
SHA,ccsm4_rcp26_r1i1p1,LUCAS-BAU_High-0002,72,0.6872196722440188,134847064966.47673,133325360941.33394,126103512757.9649,152609428595.95093,124172811169.97299
SHA,ccsm4_rcp45_r1i1p1,FORE-SCE-A1B,72,0.607086016541754,269258346551.74356,262916361486.52167,259438029140.88306,263814185786.57812,291116481666.3895
SHA,ccsm4_rcp45_r1i1p1,FORE-SCE-A2,72,0.607086016541754,228396293157.38043,222345414826.50244,217272610290.12085,218002011085.0819,243886797245.92767
SHA,ccsm4_rcp45_r1i1p1,FORE-SCE-B1,72,0.607086016541754,194770687072.2492,188628724991.0704,184709727671.40958,185238675343.52985,206760773151.21973
SHA,ccsm4_rcp45_r1i1p1,GCAM-26,72,0.607086016541754,520191325640.8474,519910099884.51996,511612416919.23596,510064687450.4838,564256434838.4114
SHA,ccsm4_rcp45_r1i1p1,GCAM-45,72,0.607086016541754,363875392395.47723,357625399721.16943,351176837578.8316,349074932239.5544,388912119692.76666
SHA,ccsm4_rcp45_r1i1p1,GCAM-ref,72,0.607086016541754,271339201619.0702,265135487389.78012,263482297111.79913,267366876723.67014,295852373512.68854
SHA,ccsm4_rcp45_r1i1p1,LUCAS-BAU_High-0001,72,0.607086016541754,162466269905.2077,158422266887.27325,152291957470.19858,152230686793.42075,171514364686.6748
SHA,ccsm4_rcp45_r1i1p1,LUCAS-BAU_High-0002,72,0.607086016541754,167419004932.09415,163297988419.68588,157438655308.38724,157638311745.079,177242421997.35397
SHA,ccsm4_rcp60_r1i1p1,FORE-SCE-A1B,72,0.5998069305270731,274245919560.35303,263135077242.30066,271680144149.40073,292702092362.6214,268973103238.8222
SHA,ccsm4_rcp60_r1i1p1,FORE-SCE-A2,72,0.5998069305270731,234087098822.6522,224429335585.50534,230812432267.04922,251285351528.52576,229179814547.38416
SHA,ccsm4_rcp60_r1i1p1,FORE-SCE-B1,72,0.5998069305270731,203668705565.03366,195972835183.6644,201475928256.25433,222831916077.49966,203518694244.68054
SHA,ccsm4_rcp60_r1i1p1,GCAM-26,72,0.5998069305270731,513408079356.8777,496600817202.9999,520938162283.196,543964608825.4891,498258570617.9608
SHA,ccsm4_rcp60_r1i1p1,GCAM-45,72,0.5998069305270731,361727247436.5754,349451874426.32825,361902306666.6222,383511040497.9204,352262726934.60614
SHA,ccsm4_rcp60_r1i1p1,GCAM-ref,72,0.5998069305270731,278678668229.5707,268113401051.92883,274186288837.1629,297445229935.26355,275216886564.6761
SHA,ccsm4_rcp60_r1i1p1,LUCAS-BAU_High-0001,72,0.5998069305270731,176281753880.09174,170065555343.72977,173519686931.40176,194890530426.80124,179319714922.79355
SHA,ccsm4_rcp60_r1i1p1,LUCAS-BAU_High-0002,72,0.5998069305270731,181366125819.4983,174735740462.86377,178469249858.84384,199772817976.85782,183845794574.9578
SHA,ccsm4_rcp85_r1i1p1,FORE-SCE-A1B,72,0.5932507160630391,322083766119.5584,323604432691.6142,317364363924.6304,323604694785.8979,333548886289.607
SHA,ccsm4_rcp85_r1i1p1,FORE-SCE-A2,72,0.5932507160630391,276975580990.7868,277376268897.6276,271818824867.99265,276318490228.63367,285528009904.5084
SHA,ccsm4_rcp85_r1i1p1,FORE-SCE-B1,72,0.5932507160630391,238067862272.529,237774862383.19815,233247238230.4719,235902745391.93195,242316741637.9599
SHA,ccsm4_rcp85_r1i1p1,GCAM-26,72,0.5932507160630391,611916709939.8932,619000912810.8191,604318311444.7003,606360319990.8779,622919827251.4152
SHA,ccsm4_rcp85_r1i1p1,GCAM-45,72,0.5932507160630391,428408142662.1169,431552916201.7613,422804327556.0131,423089282832.2721,434010630366.48065
SHA,ccsm4_rcp85_r1i1p1,GCAM-ref,72,0.5932507160630391,314331119630.1387,318183393293.1929,310200511921.06116,315351950640.67926,325811988670.14484
SHA,ccsm4_rcp85_r1i1p1,LUCAS-BAU_High-0001,72,0.5932507160630391,193082379733.42526,193280863864.2677,189959620867.54404,189531836101.00616,196424734925.1014
SHA,ccsm4_rcp85_r1i1p1,LUCAS-BAU_High-0002,72,0.5932507160630391,201050381059.6269,199935531179.64902,196050979025.72968,196711701246.64728,202992558954.97885
SHA,cesm1-bgc_rcp45_r1i1p1,FORE-SCE-A1B,72,0.6048938821879019,291449193448.7202,289188714121.3859,293937771471.21924,278707066976.93207,315964851662.34595
SHA,cesm1-bgc_rcp45_r1i1p1,FORE-SCE-A2,72,0.6048938821879019,248119997832.66968,247060806979.63098,252418031332.8618,236498682937.72592,272804622090.75894
SHA,cesm1-bgc_rcp45_r1i1p1,FORE-SCE-B1,72,0.6048938821879019,217366727309.10162,217808826047.69385,220970974555.73807,205458308116.7163,243602217178.60504
SHA,cesm1-bgc_rcp45_r1i1p1,GCAM-26,72,0.6048938821879019,543714046830.8283,534003415532.0591,540120334657.19965,536503686950.1909,574887102896.9131
SHA,cesm1-bgc_rcp45_r1i1p1,GCAM-45,72,0.6048938821879019,390369381802.71674,379136146834.83453,383977461245.46533,371527357141.13007,411330235302.86847
SHA,cesm1-bgc_rcp45_r1i1p1,GCAM-ref,72,0.6048938821879019,293553571307.9682,290599975052.91895,293899271829.6616,278113380362.0324,318017493976.98975
SHA,cesm1-bgc_rcp45_r1i1p1,LUCAS-BAU_High-0001,72,0.6048938821879019,188761549374.10568,189172483125.38406,191166104132.95798,174588276987.17908,214264772810.267
SHA,cesm1-bgc_rcp45_r1i1p1,LUCAS-BAU_High-0002,72,0.6048938821879019,193530561387.8325,194496682495.0778,196224724523.50955,179876524301.04657,219266076131.57367
SHA,cesm1-bgc_rcp85_r1i1p1,FORE-SCE-A1B,72,0.5878407460867225,324432594616.15826,308902155903.1847,321116041938.4645,334122213352.84326,359225116208.2111
SHA,cesm1-bgc_rcp85_r1i1p1,FORE-SCE-A2,72,0.5878407460867225,278336316528.05615,263938009285.82648,273299556100.86307,284305638194.0644,311014191617.6257
SHA,cesm1-bgc_rcp85_r1i1p1,FORE-SCE-B1,72,0.5878407460867225,248681137448.1272,236091002605.8185,241428409804.15833,259251664908.3235,285194572955.3604
SHA,cesm1-bgc_rcp85_r1i1p1,GCAM-26,72,0.5878407460867225,564997857641.478,555364696952.7732,565592184504.4128,580027798905.8583,610031493714.0585
SHA,cesm1-bgc_rcp85_r1i1p1,GCAM-45,72,0.5878407460867225,415082126729.0292,398504773304.1351,413409981944.8897,419980668855.25586,450151360339.71204
SHA,cesm1-bgc_rcp85_r1i1p1,GCAM-ref,72,0.5878407460867225,328196312927.4104,315081411060.3585,325726300284.43604,338196591472.22894,367936581745.99817
SHA,cesm1-bgc_rcp85_r1i1p1,LUCAS-BAU_High-0001,72,0.5878407460867225,215103206148.90826,205998284260.13406,209368059187.97137,224041837835.3382,254541014516.44296
SHA,cesm1-bgc_rcp85_r1i1p1,LUCAS-BAU_High-0002,72,0.5878407460867225,220524021519.32013,211506906724.58563,214925622704.05087,229921518883.91937,260259542551.61337
SHA,cesm1-cam5_rcp26_r1i1p1,FORE-SCE-A1B,72,0.6339081488222269,221448806917.8389,209638557638.64264,212817385724.96808,217455910805.91135,213540471205.33835
SHA,cesm1-cam5_rcp26_r1i1p1,FORE-SCE-A2,72,0.6339081488222269,188357752522.6967,179091744705.75708,180446827731.93933,184938232627.74078,180782271800.51447
SHA,cesm1-cam5_rcp26_r1i1p1,FORE-SCE-B1,72,0.6339081488222269,158858185250.70996,150019311740.99246,151301167186.8888,154054331205.8265,148740541560.16733
SHA,cesm1-cam5_rcp26_r1i1p1,GCAM-26,72,0.6339081488222269,436985851812.70807,429377278069.95416,436254000332.8616,442517929836.63226,438019992512.2002
SHA,cesm1-cam5_rcp26_r1i1p1,GCAM-45,72,0.6339081488222269,298890263450.2758,287308812421.3819,293457932284.77045,293164195867.61145,291833222164.99384
SHA,cesm1-cam5_rcp26_r1i1p1,GCAM-ref,72,0.6339081488222269,214334347486.75278,203300746796.3164,208460916818.5533,209801812615.07425,207264255415.93854
SHA,cesm1-cam5_rcp26_r1i1p1,LUCAS-BAU_High-0001,72,0.6339081488222269,127544035584.79008,121758309154.07358,120009666199.26985,122960066259.76227,117857528398.45547
SHA,cesm1-cam5_rcp26_r1i1p1,LUCAS-BAU_High-0002,72,0.6339081488222269,131469453945.08688,125264642770.34204,124002161378.28227,126909899077.15422,122022352800.71017
SHA,cesm1-cam5_rcp45_r1i1p1,FORE-SCE-A1B,72,0.6528755192013385,319135162917.7793,318421416195.1708,322777728310.7242,327925401823.3628,336036636471.71545
SHA,cesm1-cam5_rcp45_r1i1p1,FORE-SCE-A2,72,0.6528755192013385,257191302280.8975,263420278902.45538,266908298635.57104,272749174990.41193,278323519923.8062
SHA,cesm1-cam5_rcp45_r1i1p1,FORE-SCE-B1,72,0.6528755192013385,225813973655.40704,232946869533.99207,238801072289.6172,241020509360.65976,245714109405.56018
SHA,cesm1-cam5_rcp45_r1i1p1,GCAM-26,72,0.6528755192013385,607866793273.9062,610308705205.8126,600222256773.1304,600087054854.956,631085570502.2592
SHA,cesm1-cam5_rcp45_r1i1p1,GCAM-45,72,0.6528755192013385,424263484691.3806,424063111576.0894,424382001520.8171,421547920060.3037,441651532352.1008
SHA,cesm1-cam5_rcp45_r1i1p1,GCAM-ref,72,0.6528755192013385,327287083358.47943,326490225674.1514,330804117403.39124,335353686874.94556,344500338932.5671
SHA,cesm1-cam5_rcp45_r1i1p1,LUCAS-BAU_High-0001,72,0.6528755192013385,189152527870.3911,195315190281.67816,200337504236.49066,201700749945.6211,206226202136.85547
SHA,cesm1-cam5_rcp45_r1i1p1,LUCAS-BAU_High-0002,72,0.6528755192013385,195276398120.7878,201682587164.5534,206868604846.3392,208659322864.04486,213270026224.6877
SHA,cesm1-cam5_rcp60_r1i1p1,FORE-SCE-A1B,72,0.5963401176725126,314122297465.9482,312327334006.52954,305704939706.3428,303590097654.1444,329210180610.2342
SHA,cesm1-cam5_rcp60_r1i1p1,FORE-SCE-A2,72,0.5963401176725126,272139691365.37646,271902208996.99246,263695465393.2861,262795744395.6011,287617800425.00946
SHA,cesm1-cam5_rcp60_r1i1p1,FORE-SCE-B1,72,0.5963401176725126,235002802150.2507,238732931862.64417,232017571456.0604,231019391067.11298,255704462403.8831
SHA,cesm1-cam5_rcp60_r1i1p1,GCAM-26,72,0.5963401176725126,552389515067.8654,557444082683.7794,550063215862.2448,559149932233.7832,595139275658.9128
SHA,cesm1-cam5_rcp60_r1i1p1,GCAM-45,72,0.5963401176725126,404113769381.3661,404513358646.5282,396158048679.08075,397857129005.45154,426419393904.0463
SHA,cesm1-cam5_rcp60_r1i1p1,GCAM-ref,72,0.5963401176725126,307699878927.9394,309811728208.77563,305411122308.1908,301912147076.56836,330755572499.49786
SHA,cesm1-cam5_rcp60_r1i1p1,LUCAS-BAU_High-0001,72,0.5963401176725126,204162231585.12097,208194396620.94055,201013807986.25864,200447740455.21667,224790066146.25485
SHA,cesm1-cam5_rcp60_r1i1p1,LUCAS-BAU_High-0002,72,0.5963401176725126,208578434989.04153,212635643539.42038,205760741142.1632,205368091020.07858,229742713322.94266
SHA,cesm1-cam5_rcp85_r1i1p1,FORE-SCE-A1B,72,0.6122791849837443,428568533740.84375,432404563370.57605,428759230650.9921,440603868372.6919,479416940652.13
SHA,cesm1-cam5_rcp85_r1i1p1,FORE-SCE-A2,72,0.6122791849837443,370340162152.24854,379574464926.7333,372321390043.37787,385331031825.09894,425148494006.73944
SHA,cesm1-cam5_rcp85_r1i1p1,FORE-SCE-B1,72,0.6122791849837443,334929735133.34845,342131175067.94183,334247616942.1807,348154266637.8356,390413239098.42706
SHA,cesm1-cam5_rcp85_r1i1p1,GCAM-26,72,0.6122791849837443,734753731625.9688,734627283730.525,729945530450.3181,745398012209.8112,774094799926.7672
SHA,cesm1-cam5_rcp85_r1i1p1,GCAM-45,72,0.6122791849837443,543924502489.67053,540656419216.71375,540243772786.45355,555773969820.0166,584619127814.604
SHA,cesm1-cam5_rcp85_r1i1p1,GCAM-ref,72,0.6122791849837443,428814602667.056,433073962474.8744,428279774090.55817,442220861310.6169,482303179277.12537
SHA,cesm1-cam5_rcp85_r1i1p1,LUCAS-BAU_High-0001,72,0.6122791849837443,291685101600.79095,300364655009.48444,289021275017.7557,300817541945.95044,347020710689.35516
SHA,cesm1-cam5_rcp85_r1i1p1,LUCAS-BAU_High-0002,72,0.6122791849837443,298332607020.8871,305900673292.7042,295565405991.5479,308312018019.1147,354279786535.9701
SHA,cmcc-cm_rcp45_r1i1p1,FORE-SCE-A1B,72,0.6586930971852709,239052233789.30588,232493610270.42572,232131015865.2438,246438174120.02365,260306730297.63385
SHA,cmcc-cm_rcp45_r1i1p1,FORE-SCE-A2,72,0.6586930971852709,201242711309.32355,194035935834.21152,193806197275.07257,205883981615.03152,217252080208.42072
SHA,cmcc-cm_rcp45_r1i1p1,FORE-SCE-B1,72,0.6586930971852709,170767342294.6416,163557856313.34967,163422553530.0104,174888302439.04996,184655955400.60675
SHA,cmcc-cm_rcp45_r1i1p1,GCAM-26,72,0.6586930971852709,477073796429.3627,473109540296.61444,468692880628.0403,467818130676.5852,510895612580.92413
SHA,cmcc-cm_rcp45_r1i1p1,GCAM-45,72,0.6586930971852709,325105717253.68744,319423656528.11005,318370495585.4547,321815315126.94214,345849588741.08936
SHA,cmcc-cm_rcp45_r1i1p1,GCAM-ref,72,0.6586930971852709,236318339661.8173,229843282328.91226,228486508510.96124,242961043357.2391,258341893936.4583
SHA,cmcc-cm_rcp45_r1i1p1,LUCAS-BAU_High-0001,72,0.6586930971852709,137652717563.896,130767883388.83809,133918482953.04343,145228330397.6559,149858802105.19022
SHA,cmcc-cm_rcp45_r1i1p1,LUCAS-BAU_High-0002,72,0.6586930971852709,142392751604.36047,135365602007.85477,138584828516.4801,150194310587.46228,155256444324.1177
SHA,cmcc-cm_rcp85_r1i1p1,FORE-SCE-A1B,72,0.6153235629526007,283246730842.211,278475990496.0991,273810993533.4478,272827512124.97626,277685407792.0736
SHA,cmcc-cm_rcp85_r1i1p1,FORE-SCE-A2,72,0.6153235629526007,245298163317.1986,241970445650.19083,238697164918.9602,238611919494.32877,240091271705.62256
SHA,cmcc-cm_rcp85_r1i1p1,FORE-SCE-B1,72,0.6153235629526007,207417046964.8145,203510378885.0914,197864486199.0704,199909964582.6596,202133309204.05865
SHA,cmcc-cm_rcp85_r1i1p1,GCAM-26,72,0.6153235629526007,546522346203.9193,549928835895.9995,541823350110.90576,539049179475.3956,548802355033.8777
SHA,cmcc-cm_rcp85_r1i1p1,GCAM-45,72,0.6153235629526007,379770765273.93317,379759877506.9813,366705800808.87,366652849648.2347,375325661205.6881
SHA,cmcc-cm_rcp85_r1i1p1,GCAM-ref,72,0.6153235629526007,279776737585.72906,277277548334.59045,268848617228.48367,270158492899.22025,273534788882.56873
SHA,cmcc-cm_rcp85_r1i1p1,LUCAS-BAU_High-0001,72,0.6153235629526007,162624135021.94348,159522941350.30685,158757318653.89017,157890119232.32666,162678299635.06125
SHA,cmcc-cm_rcp85_r1i1p1,LUCAS-BAU_High-0002,72,0.6153235629526007,167856034516.6009,164233251578.9699,163475750635.77588,163032611706.43185,167929854583.02942
SHA,cnrm-cm5_rcp45_r1i1p1,FORE-SCE-A1B,72,0.5484427345442068,316516345725.43665,312144607894.3686,309020324724.1206,318004010185.2109,334405560315.57074
SHA,cnrm-cm5_rcp45_r1i1p1,FORE-SCE-A2,72,0.5484427345442068,282090415183.5912,276991609150.1947,273082269705.06213,282087308690.97327,296697473916.97284
SHA,cnrm-cm5_rcp45_r1i1p1,FORE-SCE-B1,72,0.5484427345442068,257687568933.27057,253964584215.94846,247866574413.40918,259148463374.06406,271570095353.85883
SHA,cnrm-cm5_rcp45_r1i1p1,GCAM-26,72,0.5484427345442068,542690030954.0917,520393987470.0542,530942261651.55255,538093737615.6512,562023408315.2942
SHA,cnrm-cm5_rcp45_r1i1p1,GCAM-45,72,0.5484427345442068,396105055836.78534,387133531091.6145,390466928560.8389,392595158770.4628,416162495646.3861
SHA,cnrm-cm5_rcp45_r1i1p1,GCAM-ref,72,0.5484427345442068,319194686976.09467,316753843827.48883,316923801024.4168,325073371066.2703,338541804741.27954
SHA,cnrm-cm5_rcp45_r1i1p1,LUCAS-BAU_High-0001,72,0.5484427345442068,232998018402.29837,230374178823.34537,220303437046.48398,233900617426.91644,246033920567.15903
SHA,cnrm-cm5_rcp45_r1i1p1,LUCAS-BAU_High-0002,72,0.5484427345442068,238229772124.87695,234637331701.06592,225648020347.2351,237907023314.66998,250535073410.5436
SHA,cnrm-cm5_rcp85_r1i1p1,FORE-SCE-A1B,72,0.5502889323144556,357264642763.6659,374383486749.3963,399010916412.4897,524240426171.9055,496769090567.272
SHA,cnrm-cm5_rcp85_r1i1p1,FORE-SCE-A2,72,0.5502889323144556,315642418000.5633,331125870560.17957,346469116551.1556,485850343460.78455,463519742008.4881
SHA,cnrm-cm5_rcp85_r1i1p1,FORE-SCE-B1,72,0.5502889323144556,285486282763.1513,297295490309.67633,302028085489.34784,456165136411.4355,437876660152.6842
SHA,cnrm-cm5_rcp85_r1i1p1,GCAM-26,72,0.5502889323144556,605571895228.6149,609545177252.7108,657377340975.4602,744065570325.6156,723664635727.0724
SHA,cnrm-cm5_rcp85_r1i1p1,GCAM-45,72,0.5502889323144556,451017119651.0531,462038509195.70886,497924221945.1347,579140947293.7662,581912208545.3541
SHA,cnrm-cm5_rcp85_r1i1p1,GCAM-ref,72,0.5502889323144556,356117475806.7002,372499031908.052,396200770411.9318,518342352797.227,497328270934.393
SHA,cnrm-cm5_rcp85_r1i1p1,LUCAS-BAU_High-0001,72,0.5502889323144556,249130412180.13965,260750121812.8125,258189728611.09973,424003252128.15576,411239222797.7414
SHA,cnrm-cm5_rcp85_r1i1p1,LUCAS-BAU_High-0002,72,0.5502889323144556,254929561091.76938,267445176453.6143,271381926366.1195,426048742495.0846,415131106359.61084
SHA,csiro-mk3-6-0_rcp26_r1i1p1,FORE-SCE-A1B,72,0.6374888066740296,299242199620.625,301700618933.55457,284566922120.4545,288323422087.80365,310304441579.38367
SHA,csiro-mk3-6-0_rcp26_r1i1p1,FORE-SCE-A2,72,0.6374888066740296,250397319528.63068,252738351036.53003,234808956524.09207,238385869005.37735,258058951777.4739
SHA,csiro-mk3-6-0_rcp26_r1i1p1,FORE-SCE-B1,72,0.6374888066740296,217793245015.09906,219488636472.1807,201617832922.02472,204515116014.19812,223370564488.4228
SHA,csiro-mk3-6-0_rcp26_r1i1p1,GCAM-26,72,0.6374888066740296,571838283557.9213,572284941733.5455,559081820089.9058,580260164878.266,613190112081.2078
SHA,csiro-mk3-6-0_rcp26_r1i1p1,GCAM-45,72,0.6374888066740296,401491409841.5063,401224428563.70544,388448238723.5586,401740209613.83997,423485011576.74817
SHA,csiro-mk3-6-0_rcp26_r1i1p1,GCAM-ref,72,0.6374888066740296,303197743597.28784,304001306144.0953,288447129453.80383,291881819535.0602,315063503717.467
SHA,csiro-mk3-6-0_rcp26_r1i1p1,LUCAS-BAU_High-0001,72,0.6374888066740296,184715099030.50433,186551869921.72745,167495199540.10544,169046507143.8797,187537529881.75998
SHA,csiro-mk3-6-0_rcp26_r1i1p1,LUCAS-BAU_High-0002,72,0.6374888066740296,190047093778.87302,192458706885.79144,173775391630.23975,175470614212.45547,193920467680.39923
SHA,csiro-mk3-6-0_rcp45_r1i1p1,FORE-SCE-A1B,72,0.6531676711899405,312923581210.2582,311237681822.81934,307707796024.525,330431627666.02814,331854330570.6635
SHA,csiro-mk3-6-0_rcp45_r1i1p1,FORE-SCE-A2,72,0.6531676711899405,264159473928.20142,262478790763.48257,258368289871.872,281087206818.18677,279999439822.3569
SHA,csiro-mk3-6-0_rcp45_r1i1p1,FORE-SCE-B1,72,0.6531676711899405,228874354390.11105,222676424538.8834,216576098502.50845,240123963111.90402,238633931255.2655
SHA,csiro-mk3-6-0_rcp45_r1i1p1,GCAM-26,72,0.6531676711899405,604229861260.3704,607981351313.1284,597007877994.3324,600842656966.4281,635315304321.921
SHA,csiro-mk3-6-0_rcp45_r1i1p1,GCAM-45,72,0.6531676711899405,420999338063.1265,421580936643.16187,413940843830.30743,424622516735.04694,439521079879.705
SHA,csiro-mk3-6-0_rcp45_r1i1p1,GCAM-ref,72,0.6531676711899405,312996076108.0649,310669746053.8339,306863235427.22266,329489471525.32996,332767457337.8246
SHA,csiro-mk3-6-0_rcp45_r1i1p1,LUCAS-BAU_High-0001,72,0.6531676711899405,187133333639.71432,182377832480.38947,177216668089.70297,199070855969.4535,196007855415.72925
SHA,csiro-mk3-6-0_rcp45_r1i1p1,LUCAS-BAU_High-0002,72,0.6531676711899405,193472693061.24176,188487940864.79987,183419110537.39566,205410277293.59558,202616331680.56842
SHA,csiro-mk3-6-0_rcp60_r1i1p1,FORE-SCE-A1B,72,0.6459543871374052,296271992445.21387,284112540243.6678,276842983309.8462,301942829692.25604,313462261231.56506
SHA,csiro-mk3-6-0_rcp60_r1i1p1,FORE-SCE-A2,72,0.6459543871374052,248508995745.3847,243442421570.32187,233773748686.8628,259515389859.65707,271133393577.67514
SHA,csiro-mk3-6-0_rcp60_r1i1p1,FORE-SCE-B1,72,0.6459543871374052,213952131828.8965,211431135123.20914,201134179255.20032,225581335292.91293,235846970364.80682
SHA,csiro-mk3-6-0_rcp60_r1i1p1,GCAM-26,72,0.6459543871374052,548868433597.95624,537489940593.9113,534537531363.8575,554265104774.5791,578738278554.1549
SHA,csiro-mk3-6-0_rcp60_r1i1p1,GCAM-45,72,0.6459543871374052,387150667955.45905,374765361105.2279,371085422978.7153,392512164808.5524,409942570049.1723
SHA,csiro-mk3-6-0_rcp60_r1i1p1,GCAM-ref,72,0.6459543871374052,292997510019.33386,281285936522.2639,274283656724.25275,299652120449.44653,311371512321.37195
SHA,csiro-mk3-6-0_rcp60_r1i1p1,LUCAS-BAU_High-0001,72,0.6459543871374052,179562339595.03415,178249736165.04922,165853958239.24158,187766831579.03433,199674499746.49884
SHA,csiro-mk3-6-0_rcp60_r1i1p1,LUCAS-BAU_High-0002,72,0.6459543871374052,184693306906.29385,182926983878.03635,170916809119.2255,193357615181.55774,205080584161.55978
SHA,csiro-mk3-6-0_rcp85_r1i1p1,FORE-SCE-A1B,72,0.6187660657395828,367973219567.90967,363632742132.2674,363517298011.77936,370317828805.2195,353111345649.4372
SHA,csiro-mk3-6-0_rcp85_r1i1p1,FORE-SCE-A2,72,0.6187660657395828,312041997236.9334,305989817239.7451,303772137646.48535,315337907518.9071,302544908998.517
SHA,csiro-mk3-6-0_rcp85_r1i1p1,FORE-SCE-B1,72,0.6187660657395828,273556146608.65274,268057373361.3851,267586414972.41196,278674660714.85895,266399696753.54303
SHA,csiro-mk3-6-0_rcp85_r1i1p1,GCAM-26,72,0.6187660657395828,680435853522.3639,680690114062.063,669111123876.3447,678128223930.3427,655287185124.5084
SHA,csiro-mk3-6-0_rcp85_r1i1p1,GCAM-45,72,0.6187660657395828,485657881982.99915,477669081048.1902,472065334325.102,484240501074.6547,463255165953.0683
SHA,csiro-mk3-6-0_rcp85_r1i1p1,GCAM-ref,72,0.6187660657395828,370347195055.0859,365205543019.9417,364281706683.8351,371507270053.75055,356179705291.74603
SHA,csiro-mk3-6-0_rcp85_r1i1p1,LUCAS-BAU_High-0001,72,0.6187660657395828,228967363930.55923,226285471634.2724,221866602741.83942,232426648736.27414,226176378364.63086
SHA,csiro-mk3-6-0_rcp85_r1i1p1,LUCAS-BAU_High-0002,72,0.6187660657395828,236506481497.03113,232985594521.66733,229140679239.13284,239757018945.7123,232534037876.24252
SHA,fgoals-g2_rcp26_r1i1p1,FORE-SCE-A1B,72,0.6149332551068409,205221546918.36926,195712751871.28366,211688020014.97864,235410963351.63208,205436625064.8191
SHA,fgoals-g2_rcp26_r1i1p1,FORE-SCE-A2,72,0.6149332551068409,166631484403.2989,158324020751.5819,173520742191.49393,195569532231.20505,169589888122.738
SHA,fgoals-g2_rcp26_r1i1p1,FORE-SCE-B1,72,0.6149332551068409,143924432015.38263,136705668692.97313,146694529430.93234,175404393573.99707,150254345422.68735
SHA,fgoals-g2_rcp26_r1i1p1,GCAM-26,72,0.6149332551068409,422476212112.83527,411841764243.6091,420814713340.21844,572085727115.3759,392468978859.8211
SHA,fgoals-g2_rcp26_r1i1p1,GCAM-45,72,0.6149332551068409,282483178817.9623,272956071395.73965,290793026934.4158,444212238498.20874,272991509103.36914
SHA,fgoals-g2_rcp26_r1i1p1,GCAM-ref,72,0.6149332551068409,208713161939.50168,199549986803.29654,215409213358.62756,238683053910.36667,209848872126.5984
SHA,fgoals-g2_rcp26_r1i1p1,LUCAS-BAU_High-0001,72,0.6149332551068409,118106876778.63457,111120869443.14983,120272416515.9125,148194414848.41055,128781819223.32065
SHA,fgoals-g2_rcp26_r1i1p1,LUCAS-BAU_High-0002,72,0.6149332551068409,121736705013.24564,116159447946.9275,124959550841.99014,153015969495.4038,132748677932.48584
