res,clim,lulc,n_reopt,oracle_horizon,oracle_switches,J_frozen2020,J_ff_15_50,J_oracle
BUL,access1-0_rcp45_r1i1p1,FORE-SCE-A1B,6,20,51,22276218914.09026,16742822576.78404,5648086190.976453
BUL,access1-0_rcp45_r1i1p1,FORE-SCE-A2,6,20,51,20531624391.494194,15751980438.855108,4528388365.680073
BUL,access1-0_rcp45_r1i1p1,FORE-SCE-B1,6,20,51,19883619389.31928,14353295155.280622,3720219072.0920467
BUL,access1-0_rcp45_r1i1p1,GCAM-26,6,20,56,31122321464.67254,27489510799.525646,13282546880.149714
BUL,access1-0_rcp45_r1i1p1,GCAM-45,6,20,54,25390643208.70677,20707302915.2024,8412872060.20481
BUL,access1-0_rcp45_r1i1p1,GCAM-ref,6,20,50,22239154110.453438,17259416583.821358,5686673146.201686
BUL,access1-0_rcp45_r1i1p1,LUCAS-BAU_High-0001,6,20,51,17578081054.628193,12616518241.736294,2863493236.009397
BUL,access1-0_rcp45_r1i1p1,LUCAS-BAU_High-0002,6,20,51,16611014136.3595,13049639182.925117,2987851722.741444
BUL,access1-0_rcp85_r1i1p1,FORE-SCE-A1B,6,20,42,23185427119.62152,28105472572.10813,10437402306.762003
BUL,access1-0_rcp85_r1i1p1,FORE-SCE-A2,6,20,47,20196726895.852192,27624573419.91519,8527778144.699535
BUL,access1-0_rcp85_r1i1p1,FORE-SCE-B1,6,20,48,18354388402.70976,26673155937.80249,7275239017.214634
BUL,access1-0_rcp85_r1i1p1,GCAM-26,6,20,41,39255263201.54927,39090936274.66487,22044035272.448105
BUL,access1-0_rcp85_r1i1p1,GCAM-45,6,20,39,29137846880.233288,32709301716.84007,14623717162.79832
BUL,access1-0_rcp85_r1i1p1,GCAM-ref,6,20,42,23175880307.68624,28790812262.27182,10494765725.804686
BUL,access1-0_rcp85_r1i1p1,LUCAS-BAU_High-0001,6,20,47,16351435359.170387,25052869905.112305,5881376925.872973
BUL,access1-0_rcp85_r1i1p1,LUCAS-BAU_High-0002,6,20,47,16188287454.458448,25919599269.820465,6057264410.083594
BUL,bcc-csm1-1-m_rcp45_r1i1p1,FORE-SCE-A1B,6,20,53,32691988735.415604,36350990414.551674,7251478971.8786745
BUL,bcc-csm1-1-m_rcp45_r1i1p1,FORE-SCE-A2,6,20,52,30276029791.142044,33805960016.152473,5868470779.434585
BUL,bcc-csm1-1-m_rcp45_r1i1p1,FORE-SCE-B1,6,20,52,28444262014.36219,31532055909.795517,4942985653.551457
BUL,bcc-csm1-1-m_rcp45_r1i1p1,GCAM-26,6,20,53,45893858619.38124,50969096522.150345,15525157555.29546
BUL,bcc-csm1-1-m_rcp45_r1i1p1,GCAM-45,6,20,53,37502365395.63523,42081904473.76252,10176930138.509706
BUL,bcc-csm1-1-m_rcp45_r1i1p1,GCAM-ref,6,20,52,32742492364.068066,36311433577.49224,7324497117.987297
BUL,bcc-csm1-1-m_rcp45_r1i1p1,LUCAS-BAU_High-0001,6,20,52,26327406078.061577,28752737511.485336,3895655128.464637
BUL,bcc-csm1-1-m_rcp45_r1i1p1,LUCAS-BAU_High-0002,6,20,52,26606124233.033825,29170860469.177135,4047898183.695011
BUL,bcc-csm1-1-m_rcp85_r1i1p1,FORE-SCE-A1B,6,20,64,94914142289.24269,72133336473.15825,44229870266.26559
BUL,bcc-csm1-1-m_rcp85_r1i1p1,FORE-SCE-A2,6,20,63,95014518205.65543,70011774893.4077,42713699598.904816
BUL,bcc-csm1-1-m_rcp85_r1i1p1,FORE-SCE-B1,6,20,63,90313443044.13615,66923480229.194176,41087705671.71755
BUL,bcc-csm1-1-m_rcp85_r1i1p1,GCAM-26,6,20,66,103160686606.3804,86993106904.13434,55383524785.34858
BUL,bcc-csm1-1-m_rcp85_r1i1p1,GCAM-45,6,20,64,101347504707.7106,78428978313.91849,48315898989.56057
BUL,bcc-csm1-1-m_rcp85_r1i1p1,GCAM-ref,6,20,63,89725737818.58691,70257421990.6477,44156617231.19623
BUL,bcc-csm1-1-m_rcp85_r1i1p1,LUCAS-BAU_High-0001,6,20,62,81175536300.76294,62057287076.70947,39419046081.39597
BUL,bcc-csm1-1-m_rcp85_r1i1p1,LUCAS-BAU_High-0002,6,20,63,81511447474.7998,62740145744.50872,39772502521.48099
BUL,bcc-csm1-1_rcp26_r1i1p1,FORE-SCE-A1B,6,20,58,43798127956.416664,49087175587.943535,20552509358.82105
BUL,bcc-csm1-1_rcp26_r1i1p1,FORE-SCE-A2,6,20,60,41692138356.65686,44040688401.94384,18579999676.10543
BUL,bcc-csm1-1_rcp26_r1i1p1,FORE-SCE-B1,6,20,59,38252485534.93122,43582758001.39661,17019359595.108438
BUL,bcc-csm1-1_rcp26_r1i1p1,GCAM-26,6,20,59,57170386713.16042,61386661774.199905,32453774093.9569
BUL,bcc-csm1-1_rcp26_r1i1p1,GCAM-45,6,20,59,48642167202.71059,53431805157.04724,24963990540.454865
BUL,bcc-csm1-1_rcp26_r1i1p1,GCAM-ref,6,20,56,43669587050.30039,47408862141.65262,20552835004.468716
BUL,bcc-csm1-1_rcp26_r1i1p1,LUCAS-BAU_High-0001,6,20,60,39284615753.6623,39522171254.27971,15576875504.227993
BUL,bcc-csm1-1_rcp26_r1i1p1,LUCAS-BAU_High-0002,6,20,60,38136312092.01403,41223519288.95448,15830299635.61435
BUL,bcc-csm1-1_rcp45_r1i1p1,FORE-SCE-A1B,6,20,56,34373412101.06186,34475514969.454384,13426183220.211037
BUL,bcc-csm1-1_rcp45_r1i1p1,FORE-SCE-A2,6,20,55,29867327175.65249,29703454384.60279,12057925355.597738
BUL,bcc-csm1-1_rcp45_r1i1p1,FORE-SCE-B1,6,20,56,26900855422.18284,27448517168.870968,10558248152.905342
BUL,bcc-csm1-1_rcp45_r1i1p1,GCAM-26,6,20,55,49802130330.821175,48157950967.83285,23077942904.523407
BUL,bcc-csm1-1_rcp45_r1i1p1,GCAM-45,6,20,55,39762794991.67557,38366349283.72378,17141223137.631992
BUL,bcc-csm1-1_rcp45_r1i1p1,GCAM-ref,6,20,57,32161471399.247803,31895881957.725647,13145369189.840284
BUL,bcc-csm1-1_rcp45_r1i1p1,LUCAS-BAU_High-0001,6,20,54,25022975389.469997,26370115932.445477,9564656344.187906
BUL,bcc-csm1-1_rcp45_r1i1p1,LUCAS-BAU_High-0002,6,20,54,27964693095.01067,27532614476.28951,9716973178.963507
BUL,bcc-csm1-1_rcp60_r1i1p1,FORE-SCE-A1B,6,20,51,46509268402.15069,50799096476.21988,17854821600.630577
BUL,bcc-csm1-1_rcp60_r1i1p1,FORE-SCE-A2,6,20,50,48709854127.6323,50362743428.63303,16306980912.581182
BUL,bcc-csm1-1_rcp60_r1i1p1,FORE-SCE-B1,6,20,47,47578846163.19293,48659242525.56521,15273082258.290123
BUL,bcc-csm1-1_rcp60_r1i1p1,GCAM-26,6,20,52,55296820576.966515,59563867461.837875,26867953113.930496
BUL,bcc-csm1-1_rcp60_r1i1p1,GCAM-45,6,20,51,49222688183.83449,53845341118.1672,21202923558.82214
BUL,bcc-csm1-1_rcp60_r1i1p1,GCAM-ref,6,20,53,46483905057.47969,51360321975.757195,18081146999.15403
BUL,bcc-csm1-1_rcp60_r1i1p1,LUCAS-BAU_High-0001,6,20,49,45467785870.74051,47482633730.35238,14382255566.636456
BUL,bcc-csm1-1_rcp60_r1i1p1,LUCAS-BAU_High-0002,6,20,47,47058510170.28766,47463940700.00389,14552959802.237198
BUL,bcc-csm1-1_rcp85_r1i1p1,FORE-SCE-A1B,6,20,59,130661108043.54234,126462262075.22939,101453572258.23987
BUL,bcc-csm1-1_rcp85_r1i1p1,FORE-SCE-A2,6,20,58,127697646129.76018,122878641868.49796,99958406255.0599
BUL,bcc-csm1-1_rcp85_r1i1p1,FORE-SCE-B1,6,20,57,124947406931.45943,119958270028.16594,98206897461.41348
BUL,bcc-csm1-1_rcp85_r1i1p1,GCAM-26,6,20,58,144809702514.52115,140431163311.1689,112699223048.97916
BUL,bcc-csm1-1_rcp85_r1i1p1,GCAM-45,6,20,59,134776727912.7442,131030156124.49754,105470921144.5028
BUL,bcc-csm1-1_rcp85_r1i1p1,GCAM-ref,6,20,58,129111585510.68222,124161167026.14665,101024599004.5988
BUL,bcc-csm1-1_rcp85_r1i1p1,LUCAS-BAU_High-0001,6,20,56,122679865345.15994,117578279054.90765,96342437378.95744
BUL,bcc-csm1-1_rcp85_r1i1p1,LUCAS-BAU_High-0002,6,20,57,122920084323.75978,116496938782.44014,96695125414.26169
BUL,canesm2_rcp26_r1i1p1,FORE-SCE-A1B,6,20,60,162278931252.8908,139631990747.1787,116435137384.41028
BUL,canesm2_rcp26_r1i1p1,FORE-SCE-A2,6,20,58,151380235379.77698,136792631232.1542,115077316206.92674
BUL,canesm2_rcp26_r1i1p1,FORE-SCE-B1,6,20,60,149144734249.24475,134757034574.81638,114165981867.77074
BUL,canesm2_rcp26_r1i1p1,GCAM-26,6,20,62,166965855786.35437,152875438869.09705,124633498558.16951
BUL,canesm2_rcp26_r1i1p1,GCAM-45,6,20,60,159526706440.6438,144545576388.47098,119413273227.34822
BUL,canesm2_rcp26_r1i1p1,GCAM-ref,6,20,59,153086295370.33612,139278645618.84216,116441691563.40334
BUL,canesm2_rcp26_r1i1p1,LUCAS-BAU_High-0001,6,20,59,147221465624.57245,132877846815.04668,113184083987.85678
BUL,canesm2_rcp26_r1i1p1,LUCAS-BAU_High-0002,6,20,58,146715389963.7888,132949742917.2089,113351808509.11421
BUL,canesm2_rcp45_r1i1p1,FORE-SCE-A1B,6,20,54,131149707931.7037,133515071994.88493,108775111835.006
BUL,canesm2_rcp45_r1i1p1,FORE-SCE-A2,6,20,56,128183560924.42928,129985978504.89423,107174060966.33707
BUL,canesm2_rcp45_r1i1p1,FORE-SCE-B1,6,20,56,126088756221.65335,127849019888.72185,105783769664.0657
BUL,canesm2_rcp45_r1i1p1,GCAM-26,6,20,56,146577794084.43515,150255397477.16498,119097169490.54367
BUL,canesm2_rcp45_r1i1p1,GCAM-45,6,20,55,137183344719.71716,140145350428.09393,112540868713.1281
BUL,canesm2_rcp45_r1i1p1,GCAM-ref,6,20,55,131358742272.94489,133697428542.10146,108582308560.6654
BUL,canesm2_rcp45_r1i1p1,LUCAS-BAU_High-0001,6,20,56,123778522825.09233,125479722929.19394,104341686945.08841
BUL,canesm2_rcp45_r1i1p1,LUCAS-BAU_High-0002,6,20,56,124164525732.68643,125725238906.55206,104556931171.08444
BUL,canesm2_rcp85_r1i1p1,FORE-SCE-A1B,6,20,52,560220890181.3213,477539188610.56146,438725968185.83984
BUL,canesm2_rcp85_r1i1p1,FORE-SCE-A2,6,20,54,554400080750.6157,473191316657.67834,436511420544.827
BUL,canesm2_rcp85_r1i1p1,FORE-SCE-B1,6,20,54,554489569047.9161,471156117459.9102,434713303803.8143
BUL,canesm2_rcp85_r1i1p1,GCAM-26,6,20,55,571197285857.9246,497539366567.85834,452703858358.16736
BUL,canesm2_rcp85_r1i1p1,GCAM-45,6,20,52,562348814170.0117,484827445913.59717,444002998967.36584
BUL,canesm2_rcp85_r1i1p1,GCAM-ref,6,20,52,557135386019.9023,479308992342.58276,438945792224.6392
BUL,canesm2_rcp85_r1i1p1,LUCAS-BAU_High-0001,6,20,54,550647003243.1351,468155325063.60394,432535522928.9376
BUL,canesm2_rcp85_r1i1p1,LUCAS-BAU_High-0002,6,20,54,550962075831.178,468371857582.3949,432835417952.47644
BUL,ccsm4_rcp26_r1i1p1,FORE-SCE-A1B,6,20,62,57107281518.991264,57046887887.85947,42417293740.875824
BUL,ccsm4_rcp26_r1i1p1,FORE-SCE-A2,6,20,61,55320579316.882515,55138888063.28368,41384200212.55988
BUL,ccsm4_rcp26_r1i1p1,FORE-SCE-B1,6,20,61,53797374861.07716,52906170163.942116,40521733433.22555
BUL,ccsm4_rcp26_r1i1p1,GCAM-26,6,20,63,69278211723.1973,71072792310.67538,49785990619.00336
BUL,ccsm4_rcp26_r1i1p1,GCAM-45,6,20,64,63004002111.91359,60969148159.0789,45357708747.932274
BUL,ccsm4_rcp26_r1i1p1,GCAM-ref,6,20,62,57814912736.713646,56853881046.622215,42396940271.23395
BUL,ccsm4_rcp26_r1i1p1,LUCAS-BAU_High-0001,6,20,63,52166824134.03924,51500321634.22569,39758769555.505005
BUL,ccsm4_rcp26_r1i1p1,LUCAS-BAU_High-0002,6,20,62,53407608475.94031,51730872991.26719,39882431893.578575
BUL,ccsm4_rcp45_r1i1p1,FORE-SCE-A1B,6,20,56,54878023009.72264,32359042846.094322,19247575211.84971
BUL,ccsm4_rcp45_r1i1p1,FORE-SCE-A2,6,20,56,52672359855.48407,29696395103.68329,17739370337.4437
BUL,ccsm4_rcp45_r1i1p1,FORE-SCE-B1,6,20,57,50824047958.95078,27862569773.155045,16642173935.147274
BUL,ccsm4_rcp45_r1i1p1,GCAM-26,6,20,56,69236174713.16087,46357415941.41724,28915144782.64016
BUL,ccsm4_rcp45_r1i1p1,GCAM-45,6,20,55,60476358932.66994,37830940840.19032,22744092435.768795
BUL,ccsm4_rcp45_r1i1p1,GCAM-ref,6,20,56,56630124792.38119,33698710166.580658,19512375920.397144
BUL,ccsm4_rcp45_r1i1p1,LUCAS-BAU_High-0001,6,20,56,49632376778.73343,26158332435.114132,15579035049.816341
BUL,ccsm4_rcp45_r1i1p1,LUCAS-BAU_High-0002,6,20,56,49192549941.72088,26391081796.318287,15760535175.593723
BUL,ccsm4_rcp60_r1i1p1,FORE-SCE-A1B,6,20,60,111248542824.48123,67795200928.75305,50129361230.649445
BUL,ccsm4_rcp60_r1i1p1,FORE-SCE-A2,6,20,62,111007353113.91528,65557489381.88508,48921320689.72931
BUL,ccsm4_rcp60_r1i1p1,FORE-SCE-B1,6,20,63,102978657405.90384,64550632668.923195,47996074911.44801
BUL,ccsm4_rcp60_r1i1p1,GCAM-26,6,20,59,121905208651.518,79082193614.71283,58365692524.91802
BUL,ccsm4_rcp60_r1i1p1,GCAM-45,6,20,59,114604433555.14264,72248608865.03038,53066662777.91646
BUL,ccsm4_rcp60_r1i1p1,GCAM-ref,6,20,60,111239562821.28581,68668530819.29948,50319817378.23868
BUL,ccsm4_rcp60_r1i1p1,LUCAS-BAU_High-0001,6,20,63,102975700854.73506,62951873018.32678,47101230645.73252
BUL,ccsm4_rcp60_r1i1p1,LUCAS-BAU_High-0002,6,20,63,103176384632.56813,63098397070.39143,47249782971.306496
BUL,ccsm4_rcp85_r1i1p1,FORE-SCE-A1B,6,20,59,94910198330.24907,106298182898.77882,67630185034.63898
BUL,ccsm4_rcp85_r1i1p1,FORE-SCE-A2,6,20,60,94357336438.37262,104200107896.24403,66028670529.230095
BUL,ccsm4_rcp85_r1i1p1,FORE-SCE-B1,6,20,60,91656665477.47485,100505424883.5078,64497475775.90043
BUL,ccsm4_rcp85_r1i1p1,GCAM-26,6,20,59,115917058329.04646,118952235473.21063,78493994481.93628
BUL,ccsm4_rcp85_r1i1p1,GCAM-45,6,20,60,105527009674.52792,113058201418.70316,71543826517.62634
BUL,ccsm4_rcp85_r1i1p1,GCAM-ref,6,20,59,99054717007.88972,106480226380.99449,67348490166.17538
BUL,ccsm4_rcp85_r1i1p1,LUCAS-BAU_High-0001,6,20,61,90604574251.80081,100417965283.44048,62948912414.19118
BUL,ccsm4_rcp85_r1i1p1,LUCAS-BAU_High-0002,6,20,61,89407622028.65427,99495765578.61586,63175648551.984184
BUL,cesm1-bgc_rcp45_r1i1p1,FORE-SCE-A1B,6,20,62,88155047280.15182,84745661025.71686,64011671739.79016
BUL,cesm1-bgc_rcp45_r1i1p1,FORE-SCE-A2,6,20,61,84850992833.26585,81743359673.54346,63171784335.36487
BUL,cesm1-bgc_rcp45_r1i1p1,FORE-SCE-B1,6,20,60,84787108731.38226,80349934806.72952,61837676956.89742
BUL,cesm1-bgc_rcp45_r1i1p1,GCAM-26,6,20,60,98468834090.57213,97772994477.43091,71743927783.51611
BUL,cesm1-bgc_rcp45_r1i1p1,GCAM-45,6,20,63,93515468154.34349,89795848696.344,66701866790.32305
BUL,cesm1-bgc_rcp45_r1i1p1,GCAM-ref,6,20,59,89129911975.98488,84557202232.387,63613571356.6631
BUL,cesm1-bgc_rcp45_r1i1p1,LUCAS-BAU_High-0001,6,20,62,81975431721.3436,78174206763.16095,60585866343.08636
BUL,cesm1-bgc_rcp45_r1i1p1,LUCAS-BAU_High-0002,6,20,62,82400984812.0769,78739041218.77058,60720112300.723114
BUL,cesm1-bgc_rcp85_r1i1p1,FORE-SCE-A1B,6,20,62,84689700343.60233,88158658821.23584,47539261529.23672
BUL,cesm1-bgc_rcp85_r1i1p1,FORE-SCE-A2,6,20,59,81250472919.26279,85703483694.24327,45844352091.1187
BUL,cesm1-bgc_rcp85_r1i1p1,FORE-SCE-B1,6,20,59,78265412962.19978,82697886733.00464,44653630411.951614
BUL,cesm1-bgc_rcp85_r1i1p1,GCAM-26,6,20,59,101805705445.32907,105541542067.9702,57423634560.76352
BUL,cesm1-bgc_rcp85_r1i1p1,GCAM-45,6,20,61,91370231263.84634,97011689776.06766,51150650210.80811
BUL,cesm1-bgc_rcp85_r1i1p1,GCAM-ref,6,20,62,85032167599.61584,87657830924.5404,47610984360.1925
BUL,cesm1-bgc_rcp85_r1i1p1,LUCAS-BAU_High-0001,6,20,60,77055178270.01825,80646431430.11012,43248658710.74812
BUL,cesm1-bgc_rcp85_r1i1p1,LUCAS-BAU_High-0002,6,20,59,77067603392.59665,81090495555.01433,43472326737.590866
BUL,cesm1-cam5_rcp26_r1i1p1,FORE-SCE-A1B,6,20,53,33466285812.780594,33856591553.060665,16079906214.762703
BUL,cesm1-cam5_rcp26_r1i1p1,FORE-SCE-A2,6,20,52,31737075327.969723,32073172935.19263,15255008598.363058
BUL,cesm1-cam5_rcp26_r1i1p1,FORE-SCE-B1,6,20,52,30529695641.67521,30338950731.292175,14320230055.401672
BUL,cesm1-cam5_rcp26_r1i1p1,GCAM-26,6,20,54,43992911142.39084,44359570640.092766,22593456239.370815
BUL,cesm1-cam5_rcp26_r1i1p1,GCAM-45,6,20,54,37344679573.59332,38218292488.5987,18380357866.68549
BUL,cesm1-cam5_rcp26_r1i1p1,GCAM-ref,6,20,53,33206280903.08459,33578749341.36832,15811935898.25742
BUL,cesm1-cam5_rcp26_r1i1p1,LUCAS-BAU_High-0001,6,20,52,28775486510.22438,29166038777.82688,13479219071.266161
BUL,cesm1-cam5_rcp26_r1i1p1,LUCAS-BAU_High-0002,6,20,52,28982124928.947975,29234539063.13378,13590225304.839016
BUL,cesm1-cam5_rcp45_r1i1p1,FORE-SCE-A1B,6,20,53,52082585026.27682,61872341929.36728,24686408448.97554
BUL,cesm1-cam5_rcp45_r1i1p1,FORE-SCE-A2,6,20,52,49006424718.87718,59005088691.371826,23007082368.883392
BUL,cesm1-cam5_rcp45_r1i1p1,FORE-SCE-B1,6,20,52,47737359701.29226,57810061427.593094,21943585737.86492
BUL,cesm1-cam5_rcp45_r1i1p1,GCAM-26,6,20,53,66339592689.74131,75296089721.2314,34581446504.68666
BUL,cesm1-cam5_rcp45_r1i1p1,GCAM-45,6,20,50,56647761349.61107,66608599176.41306,28240619101.994324
BUL,cesm1-cam5_rcp45_r1i1p1,GCAM-ref,6,20,52,52210943176.997826,60840064305.04359,24835632356.435047
BUL,cesm1-cam5_rcp45_r1i1p1,LUCAS-BAU_High-0001,6,20,53,44979176503.01618,55278074572.11605,20602279449.19308
BUL,cesm1-cam5_rcp45_r1i1p1,LUCAS-BAU_High-0002,6,20,53,45156520925.308975,55981818566.4951,20815167426.39893
BUL,cesm1-cam5_rcp60_r1i1p1,FORE-SCE-A1B,6,20,60,26700305637.6998,27298184254.093166,12441502712.169779
BUL,cesm1-cam5_rcp60_r1i1p1,FORE-SCE-A2,6,20,60,24020144023.606853,24940068913.100075,10874959380.058714
BUL,cesm1-cam5_rcp60_r1i1p1,FORE-SCE-B1,6,20,60,22216658731.59902,22655021463.025192,9733229928.92109
BUL,cesm1-cam5_rcp60_r1i1p1,GCAM-26,6,20,63,41142313518.24626,44595077375.242805,21674955374.51585
BUL,cesm1-cam5_rcp60_r1i1p1,GCAM-45,6,20,61,32441658581.302765,35260168617.95046,16137837267.059662
BUL,cesm1-cam5_rcp60_r1i1p1,GCAM-ref,6,20,60,26858240994.859135,27302764817.222565,12341428859.568716
BUL,cesm1-cam5_rcp60_r1i1p1,LUCAS-BAU_High-0001,6,20,60,20005096696.2694,21705855069.986763,8502490651.797888
BUL,cesm1-cam5_rcp60_r1i1p1,LUCAS-BAU_High-0002,6,20,60,20377811203.8513,21352812039.417236,8671791307.305313
BUL,cesm1-cam5_rcp85_r1i1p1,FORE-SCE-A1B,6,20,59,133871412098.71362,132296850068.50061,114347158277.5634
BUL,cesm1-cam5_rcp85_r1i1p1,FORE-SCE-A2,6,20,59,131146111962.30318,129640813422.11604,112522081768.93286
BUL,cesm1-cam5_rcp85_r1i1p1,FORE-SCE-B1,6,20,57,127441032019.91849,127326984799.69849,111156867153.4323
BUL,cesm1-cam5_rcp85_r1i1p1,GCAM-26,6,20,58,149597866410.58627,147374185187.4069,125642649599.834
BUL,cesm1-cam5_rcp85_r1i1p1,GCAM-45,6,20,58,137870610547.7869,137791340577.5164,118429562152.97383
BUL,cesm1-cam5_rcp85_r1i1p1,GCAM-ref,6,20,58,132168024676.93875,131964771656.00537,114280860942.88885
BUL,cesm1-cam5_rcp85_r1i1p1,LUCAS-BAU_High-0001,6,20,59,130301897018.77441,124829356874.33206,109490201991.58649
BUL,cesm1-cam5_rcp85_r1i1p1,LUCAS-BAU_High-0002,6,20,59,125079676157.59558,125278162954.69687,109751854698.93854
BUL,cmcc-cm_rcp45_r1i1p1,FORE-SCE-A1B,6,20,48,32178962382.113422,33137355063.072327,8694459811.91898
BUL,cmcc-cm_rcp45_r1i1p1,FORE-SCE-A2,6,20,48,30544431124.89671,26647232751.165615,7161479658.383589
BUL,cmcc-cm_rcp45_r1i1p1,FORE-SCE-B1,6,20,48,26756902877.329834,21089745709.918076,6077805499.943584
BUL,cmcc-cm_rcp45_r1i1p1,GCAM-26,6,20,48,43538775071.31405,44444554737.22924,17885490713.69187
BUL,cmcc-cm_rcp45_r1i1p1,GCAM-45,6,20,48,35980283921.72823,34784129622.77176,11996925917.638721
BUL,cmcc-cm_rcp45_r1i1p1,GCAM-ref,6,20,48,31610116804.279205,26821760819.124905,8637309892.268736
BUL,cmcc-cm_rcp45_r1i1p1,LUCAS-BAU_High-0001,6,20,48,27376059508.436172,19545889163.42681,4905596888.018365
BUL,cmcc-cm_rcp45_r1i1p1,LUCAS-BAU_High-0002,6,20,48,27637033679.133526,25093418487.546925,5088939998.919799
BUL,cmcc-cm_rcp85_r1i1p1,FORE-SCE-A1B,6,20,52,33987691364.851513,31616051418.610577,12752313039.151402
BUL,cmcc-cm_rcp85_r1i1p1,FORE-SCE-A2,6,20,51,27665840181.37633,29274831769.900158,11145926222.410593
BUL,cmcc-cm_rcp85_r1i1p1,FORE-SCE-B1,6,20,52,27999583785.820496,22807812201.456543,9244402550.301222
BUL,cmcc-cm_rcp85_r1i1p1,GCAM-26,6,20,50,51171937416.0506,44849180545.151085,25090598445.970364
BUL,cmcc-cm_rcp85_r1i1p1,GCAM-45,6,20,50,40809034287.765274,36986262084.49115,17261941312.078762
BUL,cmcc-cm_rcp85_r1i1p1,GCAM-ref,6,20,52,30829063061.623352,28363867657.17953,12374140579.242939
BUL,cmcc-cm_rcp85_r1i1p1,LUCAS-BAU_High-0001,6,20,50,25499563881.054462,24040419495.627216,7247306289.495584
BUL,cmcc-cm_rcp85_r1i1p1,LUCAS-BAU_High-0002,6,20,50,24966877229.00734,20783527180.714363,7503638153.999953
BUL,cnrm-cm5_rcp45_r1i1p1,FORE-SCE-A1B,6,20,64,137776940317.14963,116458603810.79431,94503992274.99342
BUL,cnrm-cm5_rcp45_r1i1p1,FORE-SCE-A2,6,20,64,137873599094.9487,113894700439.23384,93230100734.07198
BUL,cnrm-cm5_rcp45_r1i1p1,FORE-SCE-B1,6,20,65,134938871850.05025,112085953312.62636,92230709438.00435
BUL,cnrm-cm5_rcp45_r1i1p1,GCAM-26,6,20,64,148314065310.47696,129551986797.35823,102456145431.35944
BUL,cnrm-cm5_rcp45_r1i1p1,GCAM-45,6,20,64,141445416768.88995,121245779279.91583,97512004749.11475
BUL,cnrm-cm5_rcp45_r1i1p1,GCAM-ref,6,20,65,138004696130.7825,116477806022.48433,94480148123.6
BUL,cnrm-cm5_rcp45_r1i1p1,LUCAS-BAU_High-0001,6,20,67,131495738770.76819,109957903018.67416,91108168764.5243
BUL,cnrm-cm5_rcp45_r1i1p1,LUCAS-BAU_High-0002,6,20,65,132235229284.61304,110556263180.2984,91025775227.19075
BUL,cnrm-cm5_rcp85_r1i1p1,FORE-SCE-A1B,6,20,59,486961698205.9459,288360296115.97864,264734911290.33368
BUL,cnrm-cm5_rcp85_r1i1p1,FORE-SCE-A2,6,20,61,490538136382.43494,286241599588.5289,262878212156.19342
BUL,cnrm-cm5_rcp85_r1i1p1,FORE-SCE-B1,6,20,60,488006666387.6161,283754520716.1072,261280184897.00674
BUL,cnrm-cm5_rcp85_r1i1p1,GCAM-26,6,20,60,483786709223.2573,300021383311.4097,276018156988.896
BUL,cnrm-cm5_rcp85_r1i1p1,GCAM-45,6,20,60,486265659934.2178,293235158857.3494,268862690122.31064
BUL,cnrm-cm5_rcp85_r1i1p1,GCAM-ref,6,20,58,490079398651.34534,288226349741.19403,264689376655.72278
BUL,cnrm-cm5_rcp85_r1i1p1,LUCAS-BAU_High-0001,6,20,61,483803934812.2461,281427215864.0959,259499984726.77142
BUL,cnrm-cm5_rcp85_r1i1p1,LUCAS-BAU_High-0002,6,20,60,481869331382.5567,282079629141.874,259781882254.93652
BUL,csiro-mk3-6-0_rcp26_r1i1p1,FORE-SCE-A1B,6,20,57,33117688296.27298,34044624227.97405,21596998917.794487
BUL,csiro-mk3-6-0_rcp26_r1i1p1,FORE-SCE-A2,6,20,55,30401071263.859215,30819329894.580215,19851380893.947254
BUL,csiro-mk3-6-0_rcp26_r1i1p1,FORE-SCE-B1,6,20,55,28599877871.22251,29245036372.935406,18597199100.77912
BUL,csiro-mk3-6-0_rcp26_r1i1p1,GCAM-26,6,20,61,46988529790.45805,47344122550.46088,32185213960.95831
BUL,csiro-mk3-6-0_rcp26_r1i1p1,GCAM-45,6,20,58,38463063165.27491,39019768130.90242,25716088711.646286
BUL,csiro-mk3-6-0_rcp26_r1i1p1,GCAM-ref,6,20,55,33335814697.136467,34099237636.71797,21925919235.281773
BUL,csiro-mk3-6-0_rcp26_r1i1p1,LUCAS-BAU_High-0001,6,20,56,26678744183.488464,27016553243.80093,17352446552.524494
BUL,csiro-mk3-6-0_rcp26_r1i1p1,LUCAS-BAU_High-0002,6,20,56,27087949026.566586,27457303089.71987,17579727434.39824
BUL,csiro-mk3-6-0_rcp45_r1i1p1,FORE-SCE-A1B,6,20,47,25154588604.902092,22000974889.341137,10308378014.107351
BUL,csiro-mk3-6-0_rcp45_r1i1p1,FORE-SCE-A2,6,20,47,22160345376.232574,19185667778.81442,8620958093.554268
BUL,csiro-mk3-6-0_rcp45_r1i1p1,FORE-SCE-B1,6,20,47,19797553529.099033,16965883537.674547,7239486900.73695
BUL,csiro-mk3-6-0_rcp45_r1i1p1,GCAM-26,6,20,51,41533002414.65522,36729051842.850586,21242280704.685436
BUL,csiro-mk3-6-0_rcp45_r1i1p1,GCAM-45,6,20,48,31511999385.784008,27556977345.333767,14308858671.707504
BUL,csiro-mk3-6-0_rcp45_r1i1p1,GCAM-ref,6,20,47,25194730505.259003,21940097414.418556,10172746177.904594
BUL,csiro-mk3-6-0_rcp45_r1i1p1,LUCAS-BAU_High-0001,6,20,49,17238662644.317932,14739663399.24256,5847933739.664629
BUL,csiro-mk3-6-0_rcp45_r1i1p1,LUCAS-BAU_High-0002,6,20,48,17656061633.24441,15129510111.35808,6033498912.552369
BUL,csiro-mk3-6-0_rcp60_r1i1p1,FORE-SCE-A1B,6,20,53,45670700099.95149,61661932205.772125,14471424921.661026
BUL,csiro-mk3-6-0_rcp60_r1i1p1,FORE-SCE-A2,6,20,53,47509384848.341644,59702412314.28925,13230562661.496965
BUL,csiro-mk3-6-0_rcp60_r1i1p1,FORE-SCE-B1,6,20,57,44597125177.33097,57343073230.309494,12238732469.501976
BUL,csiro-mk3-6-0_rcp60_r1i1p1,GCAM-26,6,20,55,59881740612.78142,74808070403.8076,22731035254.324734
BUL,csiro-mk3-6-0_rcp60_r1i1p1,GCAM-45,6,20,55,53456966659.143936,67037110435.77252,17485302726.716984
BUL,csiro-mk3-6-0_rcp60_r1i1p1,GCAM-ref,6,20,56,48935447690.0942,61212954884.36183,14416692501.07224
BUL,csiro-mk3-6-0_rcp60_r1i1p1,LUCAS-BAU_High-0001,6,20,53,41356121550.85765,55170234901.86034,11232247226.551344
BUL,csiro-mk3-6-0_rcp60_r1i1p1,LUCAS-BAU_High-0002,6,20,54,42456438158.7352,55349359792.419525,11365961695.382782
BUL,csiro-mk3-6-0_rcp85_r1i1p1,FORE-SCE-A1B,6,20,56,92553019148.44165,89071200241.64558,69622427559.03854
BUL,csiro-mk3-6-0_rcp85_r1i1p1,FORE-SCE-A2,6,20,58,90219645722.95116,83952915397.95341,67879501019.11764
BUL,csiro-mk3-6-0_rcp85_r1i1p1,FORE-SCE-B1,6,20,58,87810076491.4233,84394987353.29918,66457236294.39979
BUL,csiro-mk3-6-0_rcp85_r1i1p1,GCAM-26,6,20,53,107634977568.02155,101713991939.82625,81121005195.46417
BUL,csiro-mk3-6-0_rcp85_r1i1p1,GCAM-45,6,20,53,95181949022.94283,95177243982.14828,73717326996.46606
BUL,csiro-mk3-6-0_rcp85_r1i1p1,GCAM-ref,6,20,56,89795269355.53236,88486573042.37607,69488858272.87608
BUL,csiro-mk3-6-0_rcp85_r1i1p1,LUCAS-BAU_High-0001,6,20,57,83007471272.25284,83738748493.181,64807183459.64671
BUL,csiro-mk3-6-0_rcp85_r1i1p1,LUCAS-BAU_High-0002,6,20,56,83340616953.99951,82287784703.6123,65046909669.08682
BUL,fgoals-g2_rcp26_r1i1p1,FORE-SCE-A1B,6,20,60,19740173603.616047,15916624056.009398,7096776491.447989
BUL,fgoals-g2_rcp26_r1i1p1,FORE-SCE-A2,6,20,59,17188718174.071472,13655440858.386448,5797669728.651799
BUL,fgoals-g2_rcp26_r1i1p1,FORE-SCE-B1,6,20,58,15560874220.514963,12382769387.404495,5132797096.969701
BUL,fgoals-g2_rcp26_r1i1p1,GCAM-26,6,20,57,32903339895.70236,25914932562.70808,14197859954.307524
BUL,fgoals-g2_rcp26_r1i1p1,GCAM-45,6,20,59,24662223879.809334,19733856727.42837,9622302987.699951
BUL,fgoals-g2_rcp26_r1i1p1,GCAM-ref,6,20,59,19943050842.922752,16103235790.457056,7242638329.333017
BUL,fgoals-g2_rcp26_r1i1p1,LUCAS-BAU_High-0001,6,20,57,13652716600.303474,11071818790.431635,4315343820.292038
BUL,fgoals-g2_rcp26_r1i1p1,LUCAS-BAU_High-0002,6,20,57,14009868115.094788,11101109166.659714,4471465409.537275
DNP,access1-0_rcp45_r1i1p1,FORE-SCE-A1B,6,20,56,42093559570.06374,35242325123.79631,8908540044.950378
DNP,access1-0_rcp45_r1i1p1,FORE-SCE-A2,6,20,57,38571899448.90061,33470700336.229084,7386263665.399395
DNP,access1-0_rcp45_r1i1p1,FORE-SCE-B1,6,20,57,35932813620.86916,32504528325.869823,5683986593.933577
DNP,access1-0_rcp45_r1i1p1,GCAM-26,6,20,60,68455484333.132065,53796833362.77267,21723607397.737293
DNP,access1-0_rcp45_r1i1p1,GCAM-45,6,20,57,51838305973.73705,43761667920.930244,13240368966.643848
DNP,access1-0_rcp45_r1i1p1,GCAM-ref,6,20,60,43699961121.80127,36183217060.548904,8529763165.678001
DNP,access1-0_rcp45_r1i1p1,LUCAS-BAU_High-0001,6,20,59,31206754415.069763,30638476505.967625,4205344277.7576823
DNP,access1-0_rcp45_r1i1p1,LUCAS-BAU_High-0002,6,20,58,31892226126.422897,31062256851.572453,4382742096.475471
DNP,access1-0_rcp85_r1i1p1,FORE-SCE-A1B,6,20,56,47150198764.255035,26406449752.371185,14575651949.232328
DNP,access1-0_rcp85_r1i1p1,FORE-SCE-A2,6,20,56,41645221169.20153,22637684442.835117,11539948166.030615
DNP,access1-0_rcp85_r1i1p1,FORE-SCE-B1,6,20,60,36924009993.349846,20317915140.179077,9718605912.554323
DNP,access1-0_rcp85_r1i1p1,GCAM-26,6,20,53,77622439217.08437,48010822764.38191,33217486088.755993
DNP,access1-0_rcp85_r1i1p1,GCAM-45,6,20,61,57757903068.53007,34173315891.15061,21494930514.80086
DNP,access1-0_rcp85_r1i1p1,GCAM-ref,6,20,57,47474080005.67412,27492030480.554024,14799586568.51106
DNP,access1-0_rcp85_r1i1p1,LUCAS-BAU_High-0001,6,20,57,33204568197.086205,17634990314.803303,7472241995.020312
DNP,access1-0_rcp85_r1i1p1,LUCAS-BAU_High-0002,6,20,58,33977445425.020153,18129960445.81586,7838779614.21509
DNP,bcc-csm1-1-m_rcp45_r1i1p1,FORE-SCE-A1B,6,20,60,29486548323.55263,32657751182.542152,9152012623.4058
DNP,bcc-csm1-1-m_rcp45_r1i1p1,FORE-SCE-A2,6,20,61,25746144895.53526,27480641036.69712,7673028071.265441
DNP,bcc-csm1-1-m_rcp45_r1i1p1,FORE-SCE-B1,6,20,62,23702811743.22292,27733320381.280552,6141771002.5022
DNP,bcc-csm1-1-m_rcp45_r1i1p1,GCAM-26,6,20,55,47299920068.5816,46064174331.673355,21482038405.687244
DNP,bcc-csm1-1-m_rcp45_r1i1p1,GCAM-45,6,20,60,36359553039.38257,37729385497.34056,13295054935.242447
DNP,bcc-csm1-1-m_rcp45_r1i1p1,GCAM-ref,6,20,59,29377232124.881847,33282629002.728294,8859419251.853876
DNP,bcc-csm1-1-m_rcp45_r1i1p1,LUCAS-BAU_High-0001,6,20,61,20838418374.82917,26072036982.268425,4628425064.398663
DNP,bcc-csm1-1-m_rcp45_r1i1p1,LUCAS-BAU_High-0002,6,20,61,21577152957.897278,25061018499.974323,4788899325.54339
DNP,bcc-csm1-1-m_rcp85_r1i1p1,FORE-SCE-A1B,6,20,62,87486613213.24617,82454910542.33533,32991128552.455467
DNP,bcc-csm1-1-m_rcp85_r1i1p1,FORE-SCE-A2,6,20,61,82971088517.69655,79750170659.16782,31863000451.283123
DNP,bcc-csm1-1-m_rcp85_r1i1p1,FORE-SCE-B1,6,20,63,76367209893.44925,75084697345.71307,29809374884.505
DNP,bcc-csm1-1-m_rcp85_r1i1p1,GCAM-26,6,20,61,116454926022.26814,108028655063.45192,45972643410.52253
DNP,bcc-csm1-1-m_rcp85_r1i1p1,GCAM-45,6,20,61,99020370205.90675,92994159398.66347,37690789843.181366
DNP,bcc-csm1-1-m_rcp85_r1i1p1,GCAM-ref,6,20,61,87695801920.26332,82509934130.86023,32606740618.303696
DNP,bcc-csm1-1-m_rcp85_r1i1p1,LUCAS-BAU_High-0001,6,20,64,73724527672.8307,71757202321.94917,27746012287.302586
DNP,bcc-csm1-1-m_rcp85_r1i1p1,LUCAS-BAU_High-0002,6,20,64,74105300892.2496,71143430651.22037,27942327197.481377
DNP,bcc-csm1-1_rcp26_r1i1p1,FORE-SCE-A1B,6,20,62,55109635614.863365,69438641051.23053,25533622872.591446
DNP,bcc-csm1-1_rcp26_r1i1p1,FORE-SCE-A2,6,20,64,49506798734.68523,66452268727.98871,20954689013.5865
DNP,bcc-csm1-1_rcp26_r1i1p1,FORE-SCE-B1,6,20,61,46680115768.7025,62167519063.19145,18097458340.53765
DNP,bcc-csm1-1_rcp26_r1i1p1,GCAM-26,6,20,66,81576280556.1248,91659535829.20992,48048517940.471466
DNP,bcc-csm1-1_rcp26_r1i1p1,GCAM-45,6,20,64,65185471542.76871,78696091552.99399,33842687065.370155
DNP,bcc-csm1-1_rcp26_r1i1p1,GCAM-ref,6,20,62,54676276450.413994,70245316902.3282,25270596889.28532
DNP,bcc-csm1-1_rcp26_r1i1p1,LUCAS-BAU_High-0001,6,20,62,43946420762.89418,58922225901.05617,15503592407.452435
DNP,bcc-csm1-1_rcp26_r1i1p1,LUCAS-BAU_High-0002,6,20,62,43615931090.8757,60767985514.56646,15993250289.836315
DNP,bcc-csm1-1_rcp45_r1i1p1,FORE-SCE-A1B,6,20,61,54617917934.20395,34744030189.0278,13987607852.68837
DNP,bcc-csm1-1_rcp45_r1i1p1,FORE-SCE-A2,6,20,59,49289594561.617676,30953807654.230003,11529978384.555407
DNP,bcc-csm1-1_rcp45_r1i1p1,FORE-SCE-B1,6,20,60,44928698192.47803,27199947645.103626,9751969442.83964
DNP,bcc-csm1-1_rcp45_r1i1p1,GCAM-26,6,20,65,83657408344.24083,54382909654.45193,29364261169.930305
DNP,bcc-csm1-1_rcp45_r1i1p1,GCAM-45,6,20,63,65564792519.53409,42348508582.30814,19740967980.869408
DNP,bcc-csm1-1_rcp45_r1i1p1,GCAM-ref,6,20,61,54395823450.562645,35064033263.106544,13590051262.251633
DNP,bcc-csm1-1_rcp45_r1i1p1,LUCAS-BAU_High-0001,6,20,53,40041392609.176735,25396362475.006252,7881151396.218807
DNP,bcc-csm1-1_rcp45_r1i1p1,LUCAS-BAU_High-0002,6,20,54,40043667216.40108,26315899826.399536,8232775112.04697
DNP,bcc-csm1-1_rcp60_r1i1p1,FORE-SCE-A1B,6,20,59,40568909376.85303,30651768554.84143,11110167151.200624
DNP,bcc-csm1-1_rcp60_r1i1p1,FORE-SCE-A2,6,20,59,35031673066.381485,38700238522.245766,8938618537.09975
DNP,bcc-csm1-1_rcp60_r1i1p1,FORE-SCE-B1,6,20,59,33855581190.76985,29302073578.38376,7535001295.122943
DNP,bcc-csm1-1_rcp60_r1i1p1,GCAM-26,6,20,61,59917325609.215805,44563544427.45518,23715619781.983795
DNP,bcc-csm1-1_rcp60_r1i1p1,GCAM-45,6,20,59,48539297609.94102,39800879993.86319,16158372561.110888
DNP,bcc-csm1-1_rcp60_r1i1p1,GCAM-ref,6,20,57,41089817128.16084,31960681509.870724,11846160963.182106
DNP,bcc-csm1-1_rcp60_r1i1p1,LUCAS-BAU_High-0001,6,20,58,31206078220.60002,28962360299.93121,6483352509.279397
DNP,bcc-csm1-1_rcp60_r1i1p1,LUCAS-BAU_High-0002,6,20,59,31704036657.748367,33424436348.25372,6805409982.603174
DNP,bcc-csm1-1_rcp85_r1i1p1,FORE-SCE-A1B,6,20,56,139465712917.74765,101860324371.43944,70485115378.85736
DNP,bcc-csm1-1_rcp85_r1i1p1,FORE-SCE-A2,6,20,59,135648280772.17622,102159679290.94443,66825637698.9651
DNP,bcc-csm1-1_rcp85_r1i1p1,FORE-SCE-B1,6,20,62,129467768786.48242,98013214650.78494,63717387550.5809
DNP,bcc-csm1-1_rcp85_r1i1p1,GCAM-26,6,20,59,162856259700.98956,118558038073.53764,93116023889.41566
DNP,bcc-csm1-1_rcp85_r1i1p1,GCAM-45,6,20,59,144776692761.16202,108705170074.25983,79020945021.11409
DNP,bcc-csm1-1_rcp85_r1i1p1,GCAM-ref,6,20,59,135383002538.60762,99416031171.87035,70551940050.9595
DNP,bcc-csm1-1_rcp85_r1i1p1,LUCAS-BAU_High-0001,6,20,60,125864270558.43076,96615007799.20444,59967353040.30306
DNP,bcc-csm1-1_rcp85_r1i1p1,LUCAS-BAU_High-0002,6,20,61,129364705289.04242,95155404049.73676,60434932987.79583
DNP,canesm2_rcp26_r1i1p1,FORE-SCE-A1B,6,20,65,400227361879.43677,314424953637.9152,244195737243.8186
DNP,canesm2_rcp26_r1i1p1,FORE-SCE-A2,6,20,64,393229886488.4686,306032293065.5992,242017542474.31772
DNP,canesm2_rcp26_r1i1p1,FORE-SCE-B1,6,20,65,389054711788.01746,304998667640.0052,241483831411.97607
DNP,canesm2_rcp26_r1i1p1,GCAM-26,6,20,64,406538608774.57684,333954546079.312,256959655435.76544
DNP,canesm2_rcp26_r1i1p1,GCAM-45,6,20,63,398775020111.5005,319928470799.67786,248429710219.5786
DNP,canesm2_rcp26_r1i1p1,GCAM-ref,6,20,64,393850887657.2177,310375052415.19037,244111149078.12878
DNP,canesm2_rcp26_r1i1p1,LUCAS-BAU_High-0001,6,20,65,394976367420.8634,303469413322.74255,240292323724.51776
DNP,canesm2_rcp26_r1i1p1,LUCAS-BAU_High-0002,6,20,65,392910729564.0634,303105959516.1765,240432303507.4911
DNP,canesm2_rcp45_r1i1p1,FORE-SCE-A1B,6,20,63,37102178303.11891,48400061592.58997,10723240302.72032
DNP,canesm2_rcp45_r1i1p1,FORE-SCE-A2,6,20,63,36199929511.55893,43306045968.21834,8421699695.685155
DNP,canesm2_rcp45_r1i1p1,FORE-SCE-B1,6,20,62,31717156647.319748,42781537945.96008,7863000731.592867
DNP,canesm2_rcp45_r1i1p1,GCAM-26,6,20,62,57166237687.41365,64741568089.33772,19245911764.779434
DNP,canesm2_rcp45_r1i1p1,GCAM-45,6,20,64,45615433715.32559,54778876717.74466,13131680034.464767
DNP,canesm2_rcp45_r1i1p1,GCAM-ref,6,20,65,39043703893.74166,50511504581.49908,10140470749.66838
DNP,canesm2_rcp45_r1i1p1,LUCAS-BAU_High-0001,6,20,63,30384893561.579353,41283227807.94401,6665139345.987233
DNP,canesm2_rcp45_r1i1p1,LUCAS-BAU_High-0002,6,20,63,30809736506.425274,41741456623.4181,6875965637.393479
DNP,canesm2_rcp85_r1i1p1,FORE-SCE-A1B,6,20,59,662198561456.1145,531952118812.3462,524825536109.48303
DNP,canesm2_rcp85_r1i1p1,FORE-SCE-A2,6,20,57,639342803742.2264,528449024921.04974,519227386713.6107
DNP,canesm2_rcp85_r1i1p1,FORE-SCE-B1,6,20,58,643190063331.6722,515838588460.15936,510556972024.5506
DNP,canesm2_rcp85_r1i1p1,GCAM-26,6,20,56,694760548684.697,579948164184.4764,566208133779.9329
DNP,canesm2_rcp85_r1i1p1,GCAM-45,6,20,61,636473054011.2424,546598448868.6867,541914802072.386
DNP,canesm2_rcp85_r1i1p1,GCAM-ref,6,20,60,625883949405.2322,535316488767.4937,521645807025.4893
DNP,canesm2_rcp85_r1i1p1,LUCAS-BAU_High-0001,6,20,59,637205493107.3147,511744460293.6037,500449730871.6837
DNP,canesm2_rcp85_r1i1p1,LUCAS-BAU_High-0002,6,20,60,637339624639.7888,513626254298.9946,501616446852.88293
DNP,ccsm4_rcp26_r1i1p1,FORE-SCE-A1B,6,20,62,96250496877.45093,76794472687.411,41377543260.50707
DNP,ccsm4_rcp26_r1i1p1,FORE-SCE-A2,6,20,62,85131873513.0095,77005140120.85011,39919461280.62073
DNP,ccsm4_rcp26_r1i1p1,FORE-SCE-B1,6,20,63,85240274247.33829,70155804026.4278,38426454498.39258
DNP,ccsm4_rcp26_r1i1p1,GCAM-26,6,20,64,117886024967.62224,104290409711.15988,52323999556.73505
DNP,ccsm4_rcp26_r1i1p1,GCAM-45,6,20,60,100058803593.99791,84576041788.67688,45403742048.39572
DNP,ccsm4_rcp26_r1i1p1,GCAM-ref,6,20,62,90901786216.9369,76192729955.22707,41017591905.82159
DNP,ccsm4_rcp26_r1i1p1,LUCAS-BAU_High-0001,6,20,63,84442515596.95993,67768154931.91598,36918280992.06236
DNP,ccsm4_rcp26_r1i1p1,LUCAS-BAU_High-0002,6,20,62,81307054250.25064,65805667710.16718,37030820957.252106
DNP,ccsm4_rcp45_r1i1p1,FORE-SCE-A1B,6,20,67,55790012503.557274,44308494841.364586,16660992398.591475
DNP,ccsm4_rcp45_r1i1p1,FORE-SCE-A2,6,20,67,46253879349.41216,39631356523.717155,13449599157.73994
DNP,ccsm4_rcp45_r1i1p1,FORE-SCE-B1,6,20,64,43793773111.16761,36753637103.49883,11933428146.939112
DNP,ccsm4_rcp45_r1i1p1,GCAM-26,6,20,63,81858612851.66464,67946499767.35704,29190777154.97081
DNP,ccsm4_rcp45_r1i1p1,GCAM-45,6,20,66,66273595004.2757,54498878367.7796,21028363903.524536
DNP,ccsm4_rcp45_r1i1p1,GCAM-ref,6,20,67,58144323146.96907,45700319629.21025,16620410119.564331
DNP,ccsm4_rcp45_r1i1p1,LUCAS-BAU_High-0001,6,20,65,42202734870.29901,33549047999.457912,11055403195.624039
DNP,ccsm4_rcp45_r1i1p1,LUCAS-BAU_High-0002,6,20,66,41576421379.477066,33672799373.85232,11314093374.265087
DNP,ccsm4_rcp60_r1i1p1,FORE-SCE-A1B,6,20,64,63398677867.52603,62017320147.61558,24845613385.28825
DNP,ccsm4_rcp60_r1i1p1,FORE-SCE-A2,6,20,67,58832670987.71765,56721128975.94184,22689982482.52805
DNP,ccsm4_rcp60_r1i1p1,FORE-SCE-B1,6,20,68,53785134762.368385,54480983534.88116,20772254433.441364
DNP,ccsm4_rcp60_r1i1p1,GCAM-26,6,20,65,88971196224.37762,77593154940.63515,37611550852.35563
DNP,ccsm4_rcp60_r1i1p1,GCAM-45,6,20,66,73855580008.29684,69429500277.25784,29523564131.116543
DNP,ccsm4_rcp60_r1i1p1,GCAM-ref,6,20,65,64053798174.38277,62528690864.52937,24528619024.349014
DNP,ccsm4_rcp60_r1i1p1,LUCAS-BAU_High-0001,6,20,67,51795410891.3417,52699213194.718414,18837220663.624596
DNP,ccsm4_rcp60_r1i1p1,LUCAS-BAU_High-0002,6,20,67,51261287744.658,54087063998.74752,19122866280.082565
DNP,ccsm4_rcp85_r1i1p1,FORE-SCE-A1B,6,20,62,120708830010.9141,117258598988.14972,82963357283.69499
DNP,ccsm4_rcp85_r1i1p1,FORE-SCE-A2,6,20,62,112145486967.63142,105189578887.64096,80311730316.47137
DNP,ccsm4_rcp85_r1i1p1,FORE-SCE-B1,6,20,61,108451393274.34297,104834450805.78409,76503357144.92395
DNP,ccsm4_rcp85_r1i1p1,GCAM-26,6,20,65,152473449087.86557,141787676486.441,103948221550.9888
DNP,ccsm4_rcp85_r1i1p1,GCAM-45,6,20,62,128766086269.77213,126546057996.39076,90979371249.14685
DNP,ccsm4_rcp85_r1i1p1,GCAM-ref,6,20,62,117194538146.21234,118331911150.78317,81669198671.81628
DNP,ccsm4_rcp85_r1i1p1,LUCAS-BAU_High-0001,6,20,63,99798630422.27519,98425856412.62648,72194177570.48163
DNP,ccsm4_rcp85_r1i1p1,LUCAS-BAU_High-0002,6,20,64,99218864900.26308,99418164850.59885,72750256254.2223
DNP,cesm1-bgc_rcp45_r1i1p1,FORE-SCE-A1B,6,20,64,97808714411.69984,81785279687.07822,45020430624.914215
DNP,cesm1-bgc_rcp45_r1i1p1,FORE-SCE-A2,6,20,64,92322819303.176,80176839050.59407,42993020966.68034
DNP,cesm1-bgc_rcp45_r1i1p1,FORE-SCE-B1,6,20,64,87746673069.94244,77963948771.58669,41095233123.02875
DNP,cesm1-bgc_rcp45_r1i1p1,GCAM-26,6,20,61,126702401654.88503,106646135262.78584,58478234714.67719
DNP,cesm1-bgc_rcp45_r1i1p1,GCAM-45,6,20,62,108799452579.47592,89712526030.74765,49733090041.581856
DNP,cesm1-bgc_rcp45_r1i1p1,GCAM-ref,6,20,64,97980310691.56232,81400892604.27234,44954855252.33776
DNP,cesm1-bgc_rcp45_r1i1p1,LUCAS-BAU_High-0001,6,20,66,82342545178.81847,74180953073.57408,39336577382.271095
DNP,cesm1-bgc_rcp45_r1i1p1,LUCAS-BAU_High-0002,6,20,66,83578591397.82314,74915482567.04167,39392384907.41532
DNP,cesm1-bgc_rcp85_r1i1p1,FORE-SCE-A1B,6,20,62,126423935479.60802,82854386769.93437,66022672139.618904
DNP,cesm1-bgc_rcp85_r1i1p1,FORE-SCE-A2,6,20,63,121515969177.74316,84068263067.09105,63572826116.089676
DNP,cesm1-bgc_rcp85_r1i1p1,FORE-SCE-B1,6,20,64,122047144899.65443,74245563432.12236,60329934028.86865
DNP,cesm1-bgc_rcp85_r1i1p1,GCAM-26,6,20,64,155975535705.13168,105492499145.93599,82947304373.89946
DNP,cesm1-bgc_rcp85_r1i1p1,GCAM-45,6,20,64,137617584385.99826,93497205925.8159,72733094280.9093
DNP,cesm1-bgc_rcp85_r1i1p1,GCAM-ref,6,20,61,125200703373.36438,81986831745.48503,64754114142.59899
DNP,cesm1-bgc_rcp85_r1i1p1,LUCAS-BAU_High-0001,6,20,64,109278712625.2502,69316439178.52339,56452559140.55494
DNP,cesm1-bgc_rcp85_r1i1p1,LUCAS-BAU_High-0002,6,20,65,109471516435.27669,74627813403.18854,56885214902.61349
DNP,cesm1-cam5_rcp26_r1i1p1,FORE-SCE-A1B,6,20,67,101161531615.45702,98050362152.24377,55174951849.8279
DNP,cesm1-cam5_rcp26_r1i1p1,FORE-SCE-A2,6,20,67,97940170974.91757,95096813310.99217,53518505953.31199
DNP,cesm1-cam5_rcp26_r1i1p1,FORE-SCE-B1,6,20,68,93558329240.31729,92850666625.83191,52558912084.618484
DNP,cesm1-cam5_rcp26_r1i1p1,GCAM-26,6,20,63,124616951601.52402,115900897870.02502,64764282263.55677
DNP,cesm1-cam5_rcp26_r1i1p1,GCAM-45,6,20,67,111879179265.53253,106646350252.9819,58479953078.90843
DNP,cesm1-cam5_rcp26_r1i1p1,GCAM-ref,6,20,66,101484680675.37973,99617718808.22134,55192147542.99686
DNP,cesm1-cam5_rcp26_r1i1p1,LUCAS-BAU_High-0001,6,20,66,90468578839.48933,90415338162.90552,51598580321.4707
DNP,cesm1-cam5_rcp26_r1i1p1,LUCAS-BAU_High-0002,6,20,66,91156606304.92233,90550007180.00583,52010346332.14183
DNP,cesm1-cam5_rcp45_r1i1p1,FORE-SCE-A1B,6,20,64,59666618589.287926,63678646831.723755,19049765410.27543
DNP,cesm1-cam5_rcp45_r1i1p1,FORE-SCE-A2,6,20,62,52970307332.596115,56612756455.410126,16229911298.845114
DNP,cesm1-cam5_rcp45_r1i1p1,FORE-SCE-B1,6,20,65,50173572743.14783,54718253689.29033,14873520990.792068
DNP,cesm1-cam5_rcp45_r1i1p1,GCAM-26,6,20,66,88152300997.78818,91204071509.60745,35210791023.73464
DNP,cesm1-cam5_rcp45_r1i1p1,GCAM-45,6,20,65,70639028321.5946,74152176207.08777,24743252609.355743
DNP,cesm1-cam5_rcp45_r1i1p1,GCAM-ref,6,20,64,61025316464.06247,64558577634.816475,19752794805.568073
DNP,cesm1-cam5_rcp45_r1i1p1,LUCAS-BAU_High-0001,6,20,64,45273688692.92401,50893185417.86747,12767796839.049604
DNP,cesm1-cam5_rcp45_r1i1p1,LUCAS-BAU_High-0002,6,20,63,46844290244.7145,51687144450.93755,13169090272.899294
DNP,cesm1-cam5_rcp60_r1i1p1,FORE-SCE-A1B,6,20,61,198327764877.9887,171518797875.98062,111092823658.02704
DNP,cesm1-cam5_rcp60_r1i1p1,FORE-SCE-A2,6,20,64,190191315884.83157,163556588169.23407,108068037109.59732
DNP,cesm1-cam5_rcp60_r1i1p1,FORE-SCE-B1,6,20,64,185834729321.41254,159752866124.986,105953674341.43979
DNP,cesm1-cam5_rcp60_r1i1p1,GCAM-26,6,20,62,229920776371.2716,198997518193.87555,125898105578.05101
DNP,cesm1-cam5_rcp60_r1i1p1,GCAM-45,6,20,61,211669258045.45966,179627812083.29242,116975944414.60283
DNP,cesm1-cam5_rcp60_r1i1p1,GCAM-ref,6,20,62,196724117127.8937,170958359145.16745,111563929251.54259
DNP,cesm1-cam5_rcp60_r1i1p1,LUCAS-BAU_High-0001,6,20,65,178837547896.40256,155524132495.48407,103317478307.33907
DNP,cesm1-cam5_rcp60_r1i1p1,LUCAS-BAU_High-0002,6,20,64,180467204218.34393,155823062021.88223,103777143217.37248
DNP,cesm1-cam5_rcp85_r1i1p1,FORE-SCE-A1B,6,20,66,176630035589.94907,148907125142.52612,163940072459.79532
DNP,cesm1-cam5_rcp85_r1i1p1,FORE-SCE-A2,6,20,65,163476787708.90277,141806366009.88013,159164881303.82715
DNP,cesm1-cam5_rcp85_r1i1p1,FORE-SCE-B1,6,20,65,164692258000.91492,136795892236.91893,154149593569.93985
DNP,cesm1-cam5_rcp85_r1i1p1,GCAM-26,6,20,65,218633116263.11966,175118138753.91626,191715258953.15567
DNP,cesm1-cam5_rcp85_r1i1p1,GCAM-45,6,20,64,197538405092.98752,160503742895.27377,174911391470.51498
DNP,cesm1-cam5_rcp85_r1i1p1,GCAM-ref,6,20,65,176316886828.62265,146574780258.85736,162522371790.23343
DNP,cesm1-cam5_rcp85_r1i1p1,LUCAS-BAU_High-0001,6,20,67,150530470791.1668,131460979117.0273,147925840030.25446
DNP,cesm1-cam5_rcp85_r1i1p1,LUCAS-BAU_High-0002,6,20,65,152381209339.2367,141610158356.29437,148786233343.59244
DNP,cmcc-cm_rcp45_r1i1p1,FORE-SCE-A1B,6,20,58,54243481752.99043,48127118009.05537,11956747717.311674
DNP,cmcc-cm_rcp45_r1i1p1,FORE-SCE-A2,6,20,60,49311408046.437416,44549289010.71308,9394728427.305922
DNP,cmcc-cm_rcp45_r1i1p1,FORE-SCE-B1,6,20,59,43190177395.50178,41497181731.446266,7522909730.275302
DNP,cmcc-cm_rcp45_r1i1p1,GCAM-26,6,20,65,83793698001.37514,69105275614.91216,28301240862.542263
DNP,cmcc-cm_rcp45_r1i1p1,GCAM-45,6,20,60,65055380136.751884,56001644756.63314,17673516868.870255
DNP,cmcc-cm_rcp45_r1i1p1,GCAM-ref,6,20,60,53946898197.43198,50022725781.3123,11669845152.27553
DNP,cmcc-cm_rcp45_r1i1p1,LUCAS-BAU_High-0001,6,20,58,39471310797.45174,40364544863.609024,5300802726.788328
DNP,cmcc-cm_rcp45_r1i1p1,LUCAS-BAU_High-0002,6,20,57,39919678631.892365,40386129006.65179,5538618518.108659
DNP,cmcc-cm_rcp85_r1i1p1,FORE-SCE-A1B,6,20,55,45193165468.62918,34739381988.81886,17258746220.52245
DNP,cmcc-cm_rcp85_r1i1p1,FORE-SCE-A2,6,20,53,38932573048.71637,32399052466.959473,15214276328.029324
DNP,cmcc-cm_rcp85_r1i1p1,FORE-SCE-B1,6,20,55,36440782551.685165,29093559596.828987,13164427820.117132
DNP,cmcc-cm_rcp85_r1i1p1,GCAM-26,6,20,59,70281612536.53963,54454938482.1778,35272287526.402115
DNP,cmcc-cm_rcp85_r1i1p1,GCAM-45,6,20,59,53854951370.31855,43307963525.52733,23688489744.588963
DNP,cmcc-cm_rcp85_r1i1p1,GCAM-ref,6,20,57,44782854729.62071,35481924735.34772,16510462297.156944
DNP,cmcc-cm_rcp85_r1i1p1,LUCAS-BAU_High-0001,6,20,52,30076320699.014347,27106747788.18149,10188402754.393745
DNP,cmcc-cm_rcp85_r1i1p1,LUCAS-BAU_High-0002,6,20,52,30722964005.620327,27180113959.335106,10546582053.634882
DNP,cnrm-cm5_rcp45_r1i1p1,FORE-SCE-A1B,6,20,65,111935101553.50403,102430495645.0773,61992555425.01127
DNP,cnrm-cm5_rcp45_r1i1p1,FORE-SCE-A2,6,20,65,174149370503.53506,96781017891.10931,60792927193.93804
DNP,cnrm-cm5_rcp45_r1i1p1,FORE-SCE-B1,6,20,62,99588029759.04842,85453245719.72194,59487649316.9196
DNP,cnrm-cm5_rcp45_r1i1p1,GCAM-26,6,20,66,195172120834.6396,124543167257.83025,71521090409.9494
DNP,cnrm-cm5_rcp45_r1i1p1,GCAM-45,6,20,67,121208658699.17325,99844756634.24521,65417338960.70888
DNP,cnrm-cm5_rcp45_r1i1p1,GCAM-ref,6,20,66,154747193315.52475,101257725084.22046,62116506665.46528
DNP,cnrm-cm5_rcp45_r1i1p1,LUCAS-BAU_High-0001,6,20,65,156594948856.76617,81902993314.74574,58502588743.7435
DNP,cnrm-cm5_rcp45_r1i1p1,LUCAS-BAU_High-0002,6,20,65,118784494778.2378,79175065436.15971,58655901999.66795
DNP,cnrm-cm5_rcp85_r1i1p1,FORE-SCE-A1B,6,20,59,444661088822.326,268369387872.17554,245352642309.61008
DNP,cnrm-cm5_rcp85_r1i1p1,FORE-SCE-A2,6,20,60,435037918155.78546,261524859609.78348,241048086132.2683
DNP,cnrm-cm5_rcp85_r1i1p1,FORE-SCE-B1,6,20,60,436374089855.9212,263647344531.6663,236329666318.78583
DNP,cnrm-cm5_rcp85_r1i1p1,GCAM-26,6,20,58,448693542207.0231,290777293586.93304,268753621455.82892
DNP,cnrm-cm5_rcp85_r1i1p1,GCAM-45,6,20,57,441617313958.3761,277413220378.2543,254110209883.3496
DNP,cnrm-cm5_rcp85_r1i1p1,GCAM-ref,6,20,58,434998126453.7596,266632056998.45398,243223376276.43753
DNP,cnrm-cm5_rcp85_r1i1p1,LUCAS-BAU_High-0001,6,20,62,436410303081.4205,254227605741.00226,230161965259.1243
DNP,cnrm-cm5_rcp85_r1i1p1,LUCAS-BAU_High-0002,6,20,62,420205939475.11536,255847384811.12277,230864156588.69107
DNP,csiro-mk3-6-0_rcp26_r1i1p1,FORE-SCE-A1B,6,20,63,132496821207.1465,103155363270.04147,46734998104.67808
DNP,csiro-mk3-6-0_rcp26_r1i1p1,FORE-SCE-A2,6,20,62,126476891838.30885,95636804562.3647,43774557102.83337
DNP,csiro-mk3-6-0_rcp26_r1i1p1,FORE-SCE-B1,6,20,63,121757552569.6447,95693955080.3864,41651367077.49797
DNP,csiro-mk3-6-0_rcp26_r1i1p1,GCAM-26,6,20,66,157886550878.74777,125030851263.08743,63847016900.666855
DNP,csiro-mk3-6-0_rcp26_r1i1p1,GCAM-45,6,20,66,142316035905.8706,111083373081.56842,53110228354.73236
DNP,csiro-mk3-6-0_rcp26_r1i1p1,GCAM-ref,6,20,63,131327572068.61389,100895294582.58228,46580832111.414276
DNP,csiro-mk3-6-0_rcp26_r1i1p1,LUCAS-BAU_High-0001,6,20,64,120668692048.16692,90624385408.94354,38930557751.278206
DNP,csiro-mk3-6-0_rcp26_r1i1p1,LUCAS-BAU_High-0002,6,20,63,120698769421.77092,90307724234.32901,39438417251.135056
DNP,csiro-mk3-6-0_rcp45_r1i1p1,FORE-SCE-A1B,6,20,59,31951295562.232613,26952740535.10668,13373541320.386353
DNP,csiro-mk3-6-0_rcp45_r1i1p1,FORE-SCE-A2,6,20,54,28309123934.65053,25670738634.039177,10431830366.87004
DNP,csiro-mk3-6-0_rcp45_r1i1p1,FORE-SCE-B1,6,20,54,26425010268.205696,24189962160.00559,8370335450.477118
DNP,csiro-mk3-6-0_rcp45_r1i1p1,GCAM-26,6,20,58,50204132644.73051,48067358001.740555,29197367233.619976
DNP,csiro-mk3-6-0_rcp45_r1i1p1,GCAM-45,6,20,58,39361556017.184265,37354345524.36664,18969703586.95849
DNP,csiro-mk3-6-0_rcp45_r1i1p1,GCAM-ref,6,20,56,33915729202.18395,30929219651.319824,13750777969.896654
DNP,csiro-mk3-6-0_rcp45_r1i1p1,LUCAS-BAU_High-0001,6,20,52,26142596375.61243,23855885853.218967,7207051556.226361
DNP,csiro-mk3-6-0_rcp45_r1i1p1,LUCAS-BAU_High-0002,6,20,55,25437275837.372982,22533581365.61911,7702005012.840326
DNP,csiro-mk3-6-0_rcp60_r1i1p1,FORE-SCE-A1B,6,20,63,33622392971.49048,34823243320.47507,13915649387.733196
DNP,csiro-mk3-6-0_rcp60_r1i1p1,FORE-SCE-A2,6,20,64,30852644478.81437,33922544546.37773,11336303069.162601
DNP,csiro-mk3-6-0_rcp60_r1i1p1,FORE-SCE-B1,6,20,62,28359698928.82497,30567862241.051067,9595957015.22758
DNP,csiro-mk3-6-0_rcp60_r1i1p1,GCAM-26,6,20,64,51550326250.08709,50954458176.72182,28458146951.463943
DNP,csiro-mk3-6-0_rcp60_r1i1p1,GCAM-45,6,20,65,39212644402.90092,41867156670.66597,19275194516.105328
DNP,csiro-mk3-6-0_rcp60_r1i1p1,GCAM-ref,6,20,66,33303641889.516464,34935248610.02563,14240007725.880703
DNP,csiro-mk3-6-0_rcp60_r1i1p1,LUCAS-BAU_High-0001,6,20,58,25920536295.92673,28880910566.24205,7730104455.84245
DNP,csiro-mk3-6-0_rcp60_r1i1p1,LUCAS-BAU_High-0002,6,20,60,26583523794.179096,28877623348.25904,8064381372.311437
DNP,csiro-mk3-6-0_rcp85_r1i1p1,FORE-SCE-A1B,6,20,61,106380321787.84695,80365055832.42902,44986566887.95891
DNP,csiro-mk3-6-0_rcp85_r1i1p1,FORE-SCE-A2,6,20,62,127678365232.73045,79277413935.70766,42422933373.75478
DNP,csiro-mk3-6-0_rcp85_r1i1p1,FORE-SCE-B1,6,20,58,120702841965.66637,84422793613.31105,39229545861.99936
DNP,csiro-mk3-6-0_rcp85_r1i1p1,GCAM-26,6,20,64,131675228759.70103,100440491359.11707,64427991482.96818
DNP,csiro-mk3-6-0_rcp85_r1i1p1,GCAM-45,6,20,60,116978276507.19753,88039284736.9774,52737334264.4435
DNP,csiro-mk3-6-0_rcp85_r1i1p1,GCAM-ref,6,20,59,128797661829.13951,88635784191.27644,44389423263.56022
DNP,csiro-mk3-6-0_rcp85_r1i1p1,LUCAS-BAU_High-0001,6,20,62,99158957459.05353,72501795580.08086,36400838273.81392
DNP,csiro-mk3-6-0_rcp85_r1i1p1,LUCAS-BAU_High-0002,6,20,58,92875771065.07428,77400071208.93814,36677888813.34451
DNP,fgoals-g2_rcp26_r1i1p1,FORE-SCE-A1B,6,20,61,41889542290.47487,34757275775.75556,13570076218.360704
DNP,fgoals-g2_rcp26_r1i1p1,FORE-SCE-A2,6,20,63,37655763830.99958,32163923876.925037,11735891945.245567
DNP,fgoals-g2_rcp26_r1i1p1,FORE-SCE-B1,6,20,65,36793891588.121315,29844513927.215805,10951862679.489628
DNP,fgoals-g2_rcp26_r1i1p1,GCAM-26,6,20,58,61031921195.42393,49263553437.88009,23870092812.251842
DNP,fgoals-g2_rcp26_r1i1p1,GCAM-45,6,20,60,49721385203.86663,40614878113.243256,17316735866.813854
DNP,fgoals-g2_rcp26_r1i1p1,GCAM-ref,6,20,65,43108522947.423775,35430581191.19893,14189507343.203537
DNP,fgoals-g2_rcp26_r1i1p1,LUCAS-BAU_High-0001,6,20,67,32476239491.633514,26838913470.638508,10101689032.16912
DNP,fgoals-g2_rcp26_r1i1p1,LUCAS-BAU_High-0002,6,20,67,32956648453.64634,27904504227.82707,10307515002.965937
EXC,access1-0_rcp45_r1i1p1,FORE-SCE-A1B,6,20,58,4981005967.43794,14052427242.676693,3923007616.0995865
EXC,access1-0_rcp45_r1i1p1,FORE-SCE-A2,6,20,58,4406202547.118471,12935330238.977024,3199708061.5196977
EXC,access1-0_rcp45_r1i1p1,FORE-SCE-B1,6,20,53,3734539348.068356,11922329850.073078,2384625739.69737
EXC,access1-0_rcp45_r1i1p1,GCAM-26,6,20,52,10409011949.616,17725679123.81159,9398886774.195297
EXC,access1-0_rcp45_r1i1p1,GCAM-45,6,20,51,6849867407.174362,15444553237.861244,5886188733.409081
EXC,access1-0_rcp45_r1i1p1,GCAM-ref,6,20,60,4727014749.56375,13383286163.850084,3690445409.31523
EXC,access1-0_rcp45_r1i1p1,LUCAS-BAU_High-0001,6,20,52,3023270078.1595926,12504198226.31417,1678938690.9430792
EXC,access1-0_rcp45_r1i1p1,LUCAS-BAU_High-0002,6,20,54,3119568911.172053,11653471924.210735,1766847925.137283
EXC,access1-0_rcp85_r1i1p1,FORE-SCE-A1B,6,20,55,9888823923.682688,8117067353.386625,7268542070.218036
EXC,access1-0_rcp85_r1i1p1,FORE-SCE-A2,6,20,54,7355157653.422159,6612386713.500822,5809926795.933835
EXC,access1-0_rcp85_r1i1p1,FORE-SCE-B1,6,20,56,6542830884.047169,5645835486.415078,4824788558.92155
EXC,access1-0_rcp85_r1i1p1,GCAM-26,6,20,55,18002646027.772434,17006687270.412111,16026290811.800222
EXC,access1-0_rcp85_r1i1p1,GCAM-45,6,20,58,12351080278.018904,11342054908.10416,10409650644.5603
EXC,access1-0_rcp85_r1i1p1,GCAM-ref,6,20,56,9052781662.108377,8243429357.74396,7381270318.559999
EXC,access1-0_rcp85_r1i1p1,LUCAS-BAU_High-0001,6,20,56,4863483922.225561,4319629053.027301,3538995863.3723702
EXC,access1-0_rcp85_r1i1p1,LUCAS-BAU_High-0002,6,20,56,5397523344.487243,4495040273.250029,3735333107.406236
EXC,bcc-csm1-1-m_rcp45_r1i1p1,FORE-SCE-A1B,6,20,60,6239275628.353855,8627452003.8358,4123285876.1297374
EXC,bcc-csm1-1-m_rcp45_r1i1p1,FORE-SCE-A2,6,20,61,5285242016.172102,7082967018.36698,3383293827.485318
EXC,bcc-csm1-1-m_rcp45_r1i1p1,FORE-SCE-B1,6,20,60,4738522980.12053,6992214712.395514,2658638696.620896
EXC,bcc-csm1-1-m_rcp45_r1i1p1,GCAM-26,6,20,60,12605352739.026583,14755405455.38064,9831838831.882113
EXC,bcc-csm1-1-m_rcp45_r1i1p1,GCAM-45,6,20,57,8585734842.009317,10955251998.081907,6104099035.159447
EXC,bcc-csm1-1-m_rcp45_r1i1p1,GCAM-ref,6,20,59,6251133681.267973,8274092500.363021,4006497782.847678
EXC,bcc-csm1-1-m_rcp45_r1i1p1,LUCAS-BAU_High-0001,6,20,58,3670144294.464297,5629360654.017525,1837449957.1492908
EXC,bcc-csm1-1-m_rcp45_r1i1p1,LUCAS-BAU_High-0002,6,20,57,3835915226.1437383,6329537138.70805,1935084621.024971
EXC,bcc-csm1-1-m_rcp85_r1i1p1,FORE-SCE-A1B,6,20,64,9669655947.580223,8550810555.451865,2782146137.872446
EXC,bcc-csm1-1-m_rcp85_r1i1p1,FORE-SCE-A2,6,20,65,9290610906.81266,7991301135.954677,2349970695.680685
EXC,bcc-csm1-1-m_rcp85_r1i1p1,FORE-SCE-B1,6,20,65,8524310089.826533,7022054122.709357,1810232991.399841
EXC,bcc-csm1-1-m_rcp85_r1i1p1,GCAM-26,6,20,56,17020915960.28068,14247513496.422085,7115008885.440365
EXC,bcc-csm1-1-m_rcp85_r1i1p1,GCAM-45,6,20,60,13073552762.202362,10669116483.611216,4224697262.211478
EXC,bcc-csm1-1-m_rcp85_r1i1p1,GCAM-ref,6,20,64,10725282147.926516,8231647435.658854,2619382273.9239483
EXC,bcc-csm1-1-m_rcp85_r1i1p1,LUCAS-BAU_High-0001,6,20,64,7231678377.7808895,6044849508.841702,1279388103.0339692
EXC,bcc-csm1-1-m_rcp85_r1i1p1,LUCAS-BAU_High-0002,6,20,65,7325564308.895304,6220859844.359246,1342427600.0894957
EXC,bcc-csm1-1_rcp26_r1i1p1,FORE-SCE-A1B,6,20,62,14884172779.45994,18523480489.097004,9434958127.438475
EXC,bcc-csm1-1_rcp26_r1i1p1,FORE-SCE-A2,6,20,62,12103657751.746838,15602449625.82725,7727483799.12888
EXC,bcc-csm1-1_rcp26_r1i1p1,FORE-SCE-B1,6,20,63,12931253418.062012,15652133531.053755,6494637466.776523
EXC,bcc-csm1-1_rcp26_r1i1p1,GCAM-26,6,20,62,25015690450.395847,27309742116.4299,18885422605.221622
EXC,bcc-csm1-1_rcp26_r1i1p1,GCAM-45,6,20,64,19333790638.598602,21266710292.597824,13013445389.866453
EXC,bcc-csm1-1_rcp26_r1i1p1,GCAM-ref,6,20,64,14894316318.44285,18745661465.194378,9395938196.266773
EXC,bcc-csm1-1_rcp26_r1i1p1,LUCAS-BAU_High-0001,6,20,61,9733931872.343391,13264326299.480898,5253887503.630903
EXC,bcc-csm1-1_rcp26_r1i1p1,LUCAS-BAU_High-0002,6,20,63,9978559868.160337,13980158411.835176,5473075720.311187
EXC,bcc-csm1-1_rcp45_r1i1p1,FORE-SCE-A1B,6,20,62,9345654029.961714,6802092779.041165,5570007217.059576
EXC,bcc-csm1-1_rcp45_r1i1p1,FORE-SCE-A2,6,20,60,8302017895.154376,5539945878.906057,4438161994.063535
EXC,bcc-csm1-1_rcp45_r1i1p1,FORE-SCE-B1,6,20,62,6966169728.898769,4608837557.170567,3605406528.6909213
EXC,bcc-csm1-1_rcp45_r1i1p1,GCAM-26,6,20,60,17439060184.362774,14142642123.97775,12413992290.79498
EXC,bcc-csm1-1_rcp45_r1i1p1,GCAM-45,6,20,62,12331050343.178585,9477783868.89057,8123984105.575092
EXC,bcc-csm1-1_rcp45_r1i1p1,GCAM-ref,6,20,65,9386907060.256306,6954543529.784575,5603317870.827617
EXC,bcc-csm1-1_rcp45_r1i1p1,LUCAS-BAU_High-0001,6,20,64,5651351949.547521,3817341161.38625,2833671400.6297994
EXC,bcc-csm1-1_rcp45_r1i1p1,LUCAS-BAU_High-0002,6,20,64,5831039038.682453,4623505105.078384,2965864246.9821463
EXC,bcc-csm1-1_rcp60_r1i1p1,FORE-SCE-A1B,6,20,63,6665656421.059355,7906776312.3604555,3933155807.1738997
EXC,bcc-csm1-1_rcp60_r1i1p1,FORE-SCE-A2,6,20,62,5086592827.785045,8960629303.25151,3094787682.6066394
EXC,bcc-csm1-1_rcp60_r1i1p1,FORE-SCE-B1,6,20,60,4634293400.780462,9131028160.089012,2471087991.9775305
EXC,bcc-csm1-1_rcp60_r1i1p1,GCAM-26,6,20,64,11751034914.71597,10826142137.06194,9735368368.21892
EXC,bcc-csm1-1_rcp60_r1i1p1,GCAM-45,6,20,59,8375193166.818399,10066127338.617287,6032556049.196042
EXC,bcc-csm1-1_rcp60_r1i1p1,GCAM-ref,6,20,60,5836687431.648014,9097583592.25312,4156380974.8865843
EXC,bcc-csm1-1_rcp60_r1i1p1,LUCAS-BAU_High-0001,6,20,60,4086440676.0956154,7928347385.307653,1987054439.277701
EXC,bcc-csm1-1_rcp60_r1i1p1,LUCAS-BAU_High-0002,6,20,62,4092781218.4457603,8291934194.909962,2078265033.0599444
EXC,bcc-csm1-1_rcp85_r1i1p1,FORE-SCE-A1B,6,20,58,34748823429.56395,38414565725.06252,4775899560.852309
EXC,bcc-csm1-1_rcp85_r1i1p1,FORE-SCE-A2,6,20,59,35474947670.08015,31676843192.98778,4125256089.841165
EXC,bcc-csm1-1_rcp85_r1i1p1,FORE-SCE-B1,6,20,54,36538815058.75604,33717834089.81134,3074037758.2040133
EXC,bcc-csm1-1_rcp85_r1i1p1,GCAM-26,6,20,57,38080053184.7216,41183227276.62942,11250862767.024626
EXC,bcc-csm1-1_rcp85_r1i1p1,GCAM-45,6,20,57,35498881243.060776,39653073796.44353,7145280962.538441
EXC,bcc-csm1-1_rcp85_r1i1p1,GCAM-ref,6,20,58,35337446873.35898,38392231571.771286,4542642476.558404
EXC,bcc-csm1-1_rcp85_r1i1p1,LUCAS-BAU_High-0001,6,20,55,35694271620.317154,33107154096.55851,2260119710.5552297
EXC,bcc-csm1-1_rcp85_r1i1p1,LUCAS-BAU_High-0002,6,20,55,38615879228.56241,31793206176.846046,2345730574.7420254
EXC,canesm2_rcp26_r1i1p1,FORE-SCE-A1B,6,20,64,84195650674.3752,48334763537.66539,4642393381.71997
EXC,canesm2_rcp26_r1i1p1,FORE-SCE-A2,6,20,61,84804359518.19884,46716544282.216415,3849446333.49131
EXC,canesm2_rcp26_r1i1p1,FORE-SCE-B1,6,20,61,85445694374.34187,46413423963.62181,3304084300.4242477
EXC,canesm2_rcp26_r1i1p1,GCAM-26,6,20,64,84596694533.41748,55000130699.71164,10001556206.9108
EXC,canesm2_rcp26_r1i1p1,GCAM-45,6,20,63,82037346826.7524,50229862140.39187,6748326750.243681
EXC,canesm2_rcp26_r1i1p1,GCAM-ref,6,20,64,81777635947.76787,47880379757.70959,4982869205.823701
EXC,canesm2_rcp26_r1i1p1,LUCAS-BAU_High-0001,6,20,61,85282180567.70966,45249568697.69579,2671333060.6185102
EXC,canesm2_rcp26_r1i1p1,LUCAS-BAU_High-0002,6,20,60,84778528961.00946,45394637631.56848,2860678223.7722363
EXC,canesm2_rcp45_r1i1p1,FORE-SCE-A1B,6,20,59,4051534819.9644647,8782064391.612568,2754709405.5777535
EXC,canesm2_rcp45_r1i1p1,FORE-SCE-A2,6,20,59,3443829140.716354,7857903845.923168,2313638709.622946
EXC,canesm2_rcp45_r1i1p1,FORE-SCE-B1,6,20,63,2797328606.3631845,7421151751.054256,1824924585.6203833
EXC,canesm2_rcp45_r1i1p1,GCAM-26,6,20,60,8841809106.217396,14107789621.978401,6457279958.37723
EXC,canesm2_rcp45_r1i1p1,GCAM-45,6,20,61,5708998910.917676,10863771068.834265,3955875338.278044
EXC,canesm2_rcp45_r1i1p1,GCAM-ref,6,20,59,3983803301.361555,9706687545.213665,2663230748.729006
EXC,canesm2_rcp45_r1i1p1,LUCAS-BAU_High-0001,6,20,63,2143921238.9367912,6624897918.508075,1323166843.5555182
EXC,canesm2_rcp45_r1i1p1,LUCAS-BAU_High-0002,6,20,61,2227240328.1245847,7242425616.931429,1262911064.8694277
EXC,canesm2_rcp85_r1i1p1,FORE-SCE-A1B,6,20,63,187805688151.69083,94883160251.96402,35060800583.05355
EXC,canesm2_rcp85_r1i1p1,FORE-SCE-A2,6,20,64,191159065238.37024,93033438123.67615,34535500519.691795
EXC,canesm2_rcp85_r1i1p1,FORE-SCE-B1,6,20,64,192163662673.902,92069563768.46077,33575551027.65291
EXC,canesm2_rcp85_r1i1p1,GCAM-26,6,20,63,168819538702.41833,93783722651.35083,41613597128.45685
EXC,canesm2_rcp85_r1i1p1,GCAM-45,6,20,61,175223279257.48618,96734830607.14665,37737237906.27195
EXC,canesm2_rcp85_r1i1p1,GCAM-ref,6,20,64,185256970930.61588,94703633017.43819,34966617314.62259
EXC,canesm2_rcp85_r1i1p1,LUCAS-BAU_High-0001,6,20,64,203222221951.09756,90982850863.20854,32697242735.013935
EXC,canesm2_rcp85_r1i1p1,LUCAS-BAU_High-0002,6,20,65,189645111492.76398,93687963613.67294,32797306521.640247
EXC,ccsm4_rcp26_r1i1p1,FORE-SCE-A1B,6,20,62,9085664139.183466,9961159081.693533,4182820360.362721
EXC,ccsm4_rcp26_r1i1p1,FORE-SCE-A2,6,20,61,10547735615.206043,9320689405.482855,3537574309.7044325
EXC,ccsm4_rcp26_r1i1p1,FORE-SCE-B1,6,20,67,10062599621.72361,8305303660.340311,2792099402.372524
EXC,ccsm4_rcp26_r1i1p1,GCAM-26,6,20,61,16107537293.541388,15912636605.00457,9026451109.359888
EXC,ccsm4_rcp26_r1i1p1,GCAM-45,6,20,64,12656605543.015154,12192535893.06504,5955294182.3829365
EXC,ccsm4_rcp26_r1i1p1,GCAM-ref,6,20,62,9718368012.22069,9778271666.765205,3991519938.868341
EXC,ccsm4_rcp26_r1i1p1,LUCAS-BAU_High-0001,6,20,63,11598479912.71504,7251579827.745953,2080193912.349915
EXC,ccsm4_rcp26_r1i1p1,LUCAS-BAU_High-0002,6,20,64,10589490631.549034,7149305550.541318,2175862358.5961432
EXC,ccsm4_rcp45_r1i1p1,FORE-SCE-A1B,6,20,65,6525604591.325566,6783274969.431201,4426078264.783046
EXC,ccsm4_rcp45_r1i1p1,FORE-SCE-A2,6,20,62,5480087101.608098,4985236106.605898,3452680041.17297
EXC,ccsm4_rcp45_r1i1p1,FORE-SCE-B1,6,20,62,4850486619.8995495,4690131883.676288,2882341430.696248
EXC,ccsm4_rcp45_r1i1p1,GCAM-26,6,20,58,12783403927.373667,13789211556.264725,9488135425.33301
EXC,ccsm4_rcp45_r1i1p1,GCAM-45,6,20,58,8934701107.640009,9724294235.763536,6335617674.167687
EXC,ccsm4_rcp45_r1i1p1,GCAM-ref,6,20,65,6804770526.061984,7966732067.651891,4589409730.475696
EXC,ccsm4_rcp45_r1i1p1,LUCAS-BAU_High-0001,6,20,61,4194552482.213565,3785096766.768616,2401710652.802309
EXC,ccsm4_rcp45_r1i1p1,LUCAS-BAU_High-0002,6,20,61,4144237443.3573933,4125125783.465795,2502146646.773708
EXC,ccsm4_rcp60_r1i1p1,FORE-SCE-A1B,6,20,60,8073768669.671848,13098337207.419212,2119459015.859796
EXC,ccsm4_rcp60_r1i1p1,FORE-SCE-A2,6,20,66,7562574851.843831,12606132154.56044,1522202863.5602214
EXC,ccsm4_rcp60_r1i1p1,FORE-SCE-B1,6,20,65,7245879650.092437,12575308129.60798,1272491857.1854415
EXC,ccsm4_rcp60_r1i1p1,GCAM-26,6,20,61,11527214310.488243,14926140413.532372,5983117845.167537
EXC,ccsm4_rcp60_r1i1p1,GCAM-45,6,20,63,9366921667.375582,13426675771.74781,3712584264.6153636
EXC,ccsm4_rcp60_r1i1p1,GCAM-ref,6,20,60,8467102656.955815,13445275903.970367,2401402519.899039
EXC,ccsm4_rcp60_r1i1p1,LUCAS-BAU_High-0001,6,20,64,7480099334.838555,13804222191.715252,1014297293.3518566
EXC,ccsm4_rcp60_r1i1p1,LUCAS-BAU_High-0002,6,20,67,7539549663.02421,13673466851.233366,1067341218.3323196
EXC,ccsm4_rcp85_r1i1p1,FORE-SCE-A1B,6,20,59,19566354433.986267,30154978851.019833,4604235726.727894
EXC,ccsm4_rcp85_r1i1p1,FORE-SCE-A2,6,20,63,18462636614.949966,28207997762.907726,3695152012.8140497
EXC,ccsm4_rcp85_r1i1p1,FORE-SCE-B1,6,20,62,18106619808.85335,28425328100.995876,3059369382.763866
EXC,ccsm4_rcp85_r1i1p1,GCAM-26,6,20,60,25424014114.941784,34207680516.467236,10519892944.092497
EXC,ccsm4_rcp85_r1i1p1,GCAM-45,6,20,60,21633286718.52791,31591531743.19055,6713428779.42141
EXC,ccsm4_rcp85_r1i1p1,GCAM-ref,6,20,59,19738036138.197777,31008820231.316463,4619471731.927551
EXC,ccsm4_rcp85_r1i1p1,LUCAS-BAU_High-0001,6,20,58,17399820934.310287,29429094791.120415,2333285292.083439
EXC,ccsm4_rcp85_r1i1p1,LUCAS-BAU_High-0002,6,20,58,17583608107.43732,28947920329.001297,2432523528.644702
EXC,cesm1-bgc_rcp45_r1i1p1,FORE-SCE-A1B,6,20,66,17632513717.235672,17718308036.261776,3023890799.313561
EXC,cesm1-bgc_rcp45_r1i1p1,FORE-SCE-A2,6,20,65,16814614797.804068,17520588047.415516,2576720788.6335764
EXC,cesm1-bgc_rcp45_r1i1p1,FORE-SCE-B1,6,20,62,16654792800.17922,16543377099.353043,1936082772.914342
EXC,cesm1-bgc_rcp45_r1i1p1,GCAM-26,6,20,61,22633053419.538685,21470360361.651844,6983383088.747412
EXC,cesm1-bgc_rcp45_r1i1p1,GCAM-45,6,20,63,19228822341.991024,19478537211.213192,4328448415.886119
EXC,cesm1-bgc_rcp45_r1i1p1,GCAM-ref,6,20,64,17905634604.11179,18023689653.83251,2830531963.5911865
EXC,cesm1-bgc_rcp45_r1i1p1,LUCAS-BAU_High-0001,6,20,65,16537801885.67203,17142068215.54288,1444551140.8567908
EXC,cesm1-bgc_rcp45_r1i1p1,LUCAS-BAU_High-0002,6,20,65,16607173513.141577,16908707003.303167,1504722190.241198
EXC,cesm1-bgc_rcp85_r1i1p1,FORE-SCE-A1B,6,20,66,28671944051.30812,20627669285.729717,2262613788.0361013
EXC,cesm1-bgc_rcp85_r1i1p1,FORE-SCE-A2,6,20,60,27854189261.351627,19305934330.219975,1770823511.419692
EXC,cesm1-bgc_rcp85_r1i1p1,FORE-SCE-B1,6,20,61,28279989104.651768,19107170067.45826,1553908993.088039
EXC,cesm1-bgc_rcp85_r1i1p1,GCAM-26,6,20,60,29627641921.163643,32412854867.52532,5108223904.057631
EXC,cesm1-bgc_rcp85_r1i1p1,GCAM-45,6,20,60,27889513070.382862,24986945620.592415,3127542443.665556
EXC,cesm1-bgc_rcp85_r1i1p1,GCAM-ref,6,20,64,28828916854.659035,21180266195.445507,2335842582.594912
EXC,cesm1-bgc_rcp85_r1i1p1,LUCAS-BAU_High-0001,6,20,61,29638452513.92513,19214303728.32473,1315771491.8498003
EXC,cesm1-bgc_rcp85_r1i1p1,LUCAS-BAU_High-0002,6,20,61,29589650763.064472,18963065829.285797,1366094351.8476903
EXC,cesm1-cam5_rcp26_r1i1p1,FORE-SCE-A1B,6,20,62,12223173505.075315,26852167748.326347,2093934822.540432
EXC,cesm1-cam5_rcp26_r1i1p1,FORE-SCE-A2,6,20,65,11194967545.776896,25417724246.547558,1625169919.294881
EXC,cesm1-cam5_rcp26_r1i1p1,FORE-SCE-B1,6,20,67,10678727266.464975,25309862752.308846,1240830246.8046148
EXC,cesm1-cam5_rcp26_r1i1p1,GCAM-26,6,20,61,18060240349.57192,32539100147.140324,5647916294.878772
EXC,cesm1-cam5_rcp26_r1i1p1,GCAM-45,6,20,61,14435659325.043806,28802176542.96516,3314000160.04911
EXC,cesm1-cam5_rcp26_r1i1p1,GCAM-ref,6,20,62,12244099025.346912,27177086067.7924,1995351019.6572826
EXC,cesm1-cam5_rcp26_r1i1p1,LUCAS-BAU_High-0001,6,20,68,9854655560.133625,24394984720.389946,845357800.9600362
EXC,cesm1-cam5_rcp26_r1i1p1,LUCAS-BAU_High-0002,6,20,67,10181028455.221478,24886702007.060593,900072958.5190971
EXC,cesm1-cam5_rcp45_r1i1p1,FORE-SCE-A1B,6,20,56,12504184878.579378,13629516047.392265,5203561009.424093
EXC,cesm1-cam5_rcp45_r1i1p1,FORE-SCE-A2,6,20,58,10376237159.834564,10635215148.062899,4105036112.858547
EXC,cesm1-cam5_rcp45_r1i1p1,FORE-SCE-B1,6,20,60,9578045957.05622,10178349922.926544,3498018155.3060555
EXC,cesm1-cam5_rcp45_r1i1p1,GCAM-26,6,20,60,20638852962.745953,18980747554.173798,11308599613.387276
EXC,cesm1-cam5_rcp45_r1i1p1,GCAM-45,6,20,60,15526154612.373493,15673466816.150587,7442616422.22834
EXC,cesm1-cam5_rcp45_r1i1p1,GCAM-ref,6,20,57,12496429708.921522,14253788182.236452,5472415763.780341
EXC,cesm1-cam5_rcp45_r1i1p1,LUCAS-BAU_High-0001,6,20,58,8579741563.986018,9042528816.95903,2816580886.409497
EXC,cesm1-cam5_rcp45_r1i1p1,LUCAS-BAU_High-0002,6,20,59,8941434521.558907,10130453080.441132,2940449395.2109327
EXC,cesm1-cam5_rcp60_r1i1p1,FORE-SCE-A1B,6,20,64,13743324952.451813,13961606361.85226,5191418818.06274
EXC,cesm1-cam5_rcp60_r1i1p1,FORE-SCE-A2,6,20,63,12338568296.582737,12369240264.30719,4196446691.2259507
EXC,cesm1-cam5_rcp60_r1i1p1,FORE-SCE-B1,6,20,62,11184356322.68454,11399596540.250769,3419471450.744138
EXC,cesm1-cam5_rcp60_r1i1p1,GCAM-26,6,20,63,21844304543.41094,21515556681.48562,11176149554.63099
EXC,cesm1-cam5_rcp60_r1i1p1,GCAM-45,6,20,62,17021303817.532282,16601483323.87371,7473696159.153426
EXC,cesm1-cam5_rcp60_r1i1p1,GCAM-ref,6,20,64,13626524361.33379,13972599312.912418,5382925287.224973
EXC,cesm1-cam5_rcp60_r1i1p1,LUCAS-BAU_High-0001,6,20,63,10006791828.170013,9792191964.79965,2690331893.432287
EXC,cesm1-cam5_rcp60_r1i1p1,LUCAS-BAU_High-0002,6,20,62,10234194044.258001,10110139953.38385,2804598004.502819
EXC,cesm1-cam5_rcp85_r1i1p1,FORE-SCE-A1B,6,20,64,32752728153.052933,22653859306.574745,5432047092.484908
EXC,cesm1-cam5_rcp85_r1i1p1,FORE-SCE-A2,6,20,64,31152457328.43131,21283740925.157803,4559719281.706031
EXC,cesm1-cam5_rcp85_r1i1p1,FORE-SCE-B1,6,20,62,29928473391.324284,20215929425.35846,3452086368.629914
EXC,cesm1-cam5_rcp85_r1i1p1,GCAM-26,6,20,58,41698900902.62682,31393829150.44899,11284056050.114014
EXC,cesm1-cam5_rcp85_r1i1p1,GCAM-45,6,20,61,36977576638.698074,26018747801.88744,7658320129.508983
EXC,cesm1-cam5_rcp85_r1i1p1,GCAM-ref,6,20,59,32831165507.15054,22243262673.09075,4967642424.347582
EXC,cesm1-cam5_rcp85_r1i1p1,LUCAS-BAU_High-0001,6,20,64,28023545721.287598,18827274281.0713,2678498001.231526
EXC,cesm1-cam5_rcp85_r1i1p1,LUCAS-BAU_High-0002,6,20,64,28250889639.390575,19014511965.97036,2758594410.946624
EXC,cmcc-cm_rcp45_r1i1p1,FORE-SCE-A1B,6,20,59,10733222526.42072,9368520122.920414,5840060007.647868
EXC,cmcc-cm_rcp45_r1i1p1,FORE-SCE-A2,6,20,58,9270460722.52303,7915042955.189231,4554122075.782923
EXC,cmcc-cm_rcp45_r1i1p1,FORE-SCE-B1,6,20,56,8465470174.819259,7285611062.961617,3599774476.044666
EXC,cmcc-cm_rcp45_r1i1p1,GCAM-26,6,20,62,19076902860.521656,17277960756.01915,13708317285.226234
EXC,cmcc-cm_rcp45_r1i1p1,GCAM-45,6,20,62,13782788225.160471,12216828421.054117,8650944806.21875
EXC,cmcc-cm_rcp45_r1i1p1,GCAM-ref,6,20,60,10671975516.845814,9539844581.794521,5750705794.807047
EXC,cmcc-cm_rcp45_r1i1p1,LUCAS-BAU_High-0001,6,20,60,7043295141.840165,6231964844.567174,2538027016.353563
EXC,cmcc-cm_rcp45_r1i1p1,LUCAS-BAU_High-0002,6,20,59,7230028636.086762,5986018976.604972,2701092450.1332316
EXC,cmcc-cm_rcp85_r1i1p1,FORE-SCE-A1B,6,20,66,11671862473.056343,11881489337.62819,8264800146.273358
EXC,cmcc-cm_rcp85_r1i1p1,FORE-SCE-A2,6,20,63,8980110468.889006,12217002743.548143,7203466244.769036
EXC,cmcc-cm_rcp85_r1i1p1,FORE-SCE-B1,6,20,63,8156921836.691435,9999995519.170012,5823661185.804111
EXC,cmcc-cm_rcp85_r1i1p1,GCAM-26,6,20,62,21807499064.24948,19689759845.87879,16775757846.56131
EXC,cmcc-cm_rcp85_r1i1p1,GCAM-45,6,20,63,13551549170.462418,15572378470.498486,11378905959.431618
EXC,cmcc-cm_rcp85_r1i1p1,GCAM-ref,6,20,63,10630561118.746277,12189872703.036531,7881370204.580474
EXC,cmcc-cm_rcp85_r1i1p1,LUCAS-BAU_High-0001,6,20,57,6139024277.623452,8530263717.643836,4400656451.856834
EXC,cmcc-cm_rcp85_r1i1p1,LUCAS-BAU_High-0002,6,20,57,6323690039.634333,8788813268.932508,4566055289.988689
EXC,cnrm-cm5_rcp45_r1i1p1,FORE-SCE-A1B,6,20,57,17348965713.626656,7842549002.519796,979167685.2656795
EXC,cnrm-cm5_rcp45_r1i1p1,FORE-SCE-A2,6,20,59,16308327486.183672,6782028641.647861,959011706.9576461
EXC,cnrm-cm5_rcp45_r1i1p1,FORE-SCE-B1,6,20,60,18231112126.528603,8233832316.493641,450639358.4717788
EXC,cnrm-cm5_rcp45_r1i1p1,GCAM-26,6,20,60,18680165425.128525,11308327586.865631,3519863292.9682865
EXC,cnrm-cm5_rcp45_r1i1p1,GCAM-45,6,20,59,19119572176.683662,9268068858.886517,2162275012.149482
EXC,cnrm-cm5_rcp45_r1i1p1,GCAM-ref,6,20,56,13282522463.65825,9736106656.465818,1072780573.7862471
EXC,cnrm-cm5_rcp45_r1i1p1,LUCAS-BAU_High-0001,6,20,59,19472086495.58692,6583849209.030107,290671004.4054649
EXC,cnrm-cm5_rcp45_r1i1p1,LUCAS-BAU_High-0002,6,20,59,19421151040.635025,6557764608.890805,328957298.99868774
EXC,cnrm-cm5_rcp85_r1i1p1,FORE-SCE-A1B,6,20,60,119704969371.4299,40049801656.873886,8469185060.941634
EXC,cnrm-cm5_rcp85_r1i1p1,FORE-SCE-A2,6,20,57,121382199477.45721,38175094595.757324,7390484714.345985
EXC,cnrm-cm5_rcp85_r1i1p1,FORE-SCE-B1,6,20,57,123538295631.9063,37545142488.69038,6987562426.874354
EXC,cnrm-cm5_rcp85_r1i1p1,GCAM-26,6,20,58,114369777215.50858,47475190906.93611,12744451301.662611
EXC,cnrm-cm5_rcp85_r1i1p1,GCAM-45,6,20,57,120512270685.95018,42169756935.44648,9657178201.085733
EXC,cnrm-cm5_rcp85_r1i1p1,GCAM-ref,6,20,58,124080585243.52847,40208371908.580536,8144914866.212312
EXC,cnrm-cm5_rcp85_r1i1p1,LUCAS-BAU_High-0001,6,20,58,132463908169.39406,37784094677.55218,6318980535.832981
EXC,cnrm-cm5_rcp85_r1i1p1,LUCAS-BAU_High-0002,6,20,58,125684413578.33742,36415007030.66897,6390659242.616196
EXC,csiro-mk3-6-0_rcp26_r1i1p1,FORE-SCE-A1B,6,20,57,47212677936.51309,21278319780.382004,7101847257.579621
EXC,csiro-mk3-6-0_rcp26_r1i1p1,FORE-SCE-A2,6,20,63,48772891612.76876,20276241524.710197,5694634390.457861
EXC,csiro-mk3-6-0_rcp26_r1i1p1,FORE-SCE-B1,6,20,62,48360421702.662125,18989482021.01823,4899656771.151061
EXC,csiro-mk3-6-0_rcp26_r1i1p1,GCAM-26,6,20,61,49714802726.44464,26577042184.677326,14447248987.744833
EXC,csiro-mk3-6-0_rcp26_r1i1p1,GCAM-45,6,20,58,47450411189.0097,22658062204.16458,9861893283.768602
EXC,csiro-mk3-6-0_rcp26_r1i1p1,GCAM-ref,6,20,56,47424790052.90348,20960998640.094578,7291495717.35412
EXC,csiro-mk3-6-0_rcp26_r1i1p1,LUCAS-BAU_High-0001,6,20,60,42055605529.5891,18687166305.53339,4046750869.0356226
EXC,csiro-mk3-6-0_rcp26_r1i1p1,LUCAS-BAU_High-0002,6,20,60,49289803611.938385,18854674276.441463,4214805539.681544
EXC,csiro-mk3-6-0_rcp45_r1i1p1,FORE-SCE-A1B,6,20,56,7490971664.228582,7192766763.914547,6268924003.592815
EXC,csiro-mk3-6-0_rcp45_r1i1p1,FORE-SCE-A2,6,20,60,5945073180.636769,5949058691.437452,4934375651.623434
EXC,csiro-mk3-6-0_rcp45_r1i1p1,FORE-SCE-B1,6,20,57,5581750511.998093,5352924362.920904,4000563167.5014887
EXC,csiro-mk3-6-0_rcp45_r1i1p1,GCAM-26,6,20,59,15980937084.225348,14855626788.455154,14009894960.606249
EXC,csiro-mk3-6-0_rcp45_r1i1p1,GCAM-45,6,20,55,10285579260.859777,10192389664.825329,9183186284.288208
EXC,csiro-mk3-6-0_rcp45_r1i1p1,GCAM-ref,6,20,56,7635019543.671795,7385171892.664437,6489140573.889938
EXC,csiro-mk3-6-0_rcp45_r1i1p1,LUCAS-BAU_High-0001,6,20,56,4437475216.1470375,4171890812.6860905,3247847085.608943
EXC,csiro-mk3-6-0_rcp45_r1i1p1,LUCAS-BAU_High-0002,6,20,55,5064917893.463403,4321271341.895569,3391265377.163384
EXC,csiro-mk3-6-0_rcp60_r1i1p1,FORE-SCE-A1B,6,20,63,7876949172.933798,7342837206.899966,5249550131.219041
EXC,csiro-mk3-6-0_rcp60_r1i1p1,FORE-SCE-A2,6,20,60,7209616049.474804,6698133107.886194,4278859471.7513995
EXC,csiro-mk3-6-0_rcp60_r1i1p1,FORE-SCE-B1,6,20,62,5209325409.216973,6048231322.046109,3397755154.0408072
EXC,csiro-mk3-6-0_rcp60_r1i1p1,GCAM-26,6,20,60,14690596722.198105,14164369534.445414,11592456377.859385
EXC,csiro-mk3-6-0_rcp60_r1i1p1,GCAM-45,6,20,63,10418001377.386856,9960565193.172157,7550931358.951694
EXC,csiro-mk3-6-0_rcp60_r1i1p1,GCAM-ref,6,20,63,7395823606.995029,7436395626.946057,5134772628.493211
EXC,csiro-mk3-6-0_rcp60_r1i1p1,LUCAS-BAU_High-0001,6,20,62,5324672241.365294,4520972736.991284,2575751376.7068725
EXC,csiro-mk3-6-0_rcp60_r1i1p1,LUCAS-BAU_High-0002,6,20,61,5221419880.017309,4471804458.255176,2694388526.3546352
EXC,csiro-mk3-6-0_rcp85_r1i1p1,FORE-SCE-A1B,6,20,60,34677514969.83642,30743427411.82114,5312534164.896908
EXC,csiro-mk3-6-0_rcp85_r1i1p1,FORE-SCE-A2,6,20,63,34185966955.128727,32140430694.82008,4341436587.063667
EXC,csiro-mk3-6-0_rcp85_r1i1p1,FORE-SCE-B1,6,20,62,41608841025.29969,29225036290.298557,3555634105.750957
EXC,csiro-mk3-6-0_rcp85_r1i1p1,GCAM-26,6,20,61,35655819341.86212,34597041747.35044,12011674694.075481
EXC,csiro-mk3-6-0_rcp85_r1i1p1,GCAM-45,6,20,59,33929130133.58344,32110113417.78003,7962896121.437129
EXC,csiro-mk3-6-0_rcp85_r1i1p1,GCAM-ref,6,20,59,40559236130.198814,31259011562.486526,5541597416.414181
EXC,csiro-mk3-6-0_rcp85_r1i1p1,LUCAS-BAU_High-0001,6,20,60,43040787541.14973,31121722232.893703,2868155853.969011
EXC,csiro-mk3-6-0_rcp85_r1i1p1,LUCAS-BAU_High-0002,6,20,58,39845563256.164856,32793160977.845005,2983882786.479683
EXC,fgoals-g2_rcp26_r1i1p1,FORE-SCE-A1B,6,20,60,4721168240.593361,4309421476.101066,2535606769.3570333
EXC,fgoals-g2_rcp26_r1i1p1,FORE-SCE-A2,6,20,56,3813529874.2875457,3461348994.9167957,1788578498.3865297
EXC,fgoals-g2_rcp26_r1i1p1,FORE-SCE-B1,6,20,57,3705868068.1315312,3482739498.7475677,1472308755.3556807
EXC,fgoals-g2_rcp26_r1i1p1,GCAM-26,6,20,58,9493651446.463257,8570241966.305165,6958442448.229029
EXC,fgoals-g2_rcp26_r1i1p1,GCAM-45,6,20,55,6438009608.224573,5887935619.035609,4109011275.374872
EXC,fgoals-g2_rcp26_r1i1p1,GCAM-ref,6,20,61,4919731184.67983,4185698443.566786,2652087160.8539085
EXC,fgoals-g2_rcp26_r1i1p1,LUCAS-BAU_High-0001,6,20,57,2543693112.1364946,2755541427.3806,1099846890.0587976
EXC,fgoals-g2_rcp26_r1i1p1,LUCAS-BAU_High-0002,6,20,59,3041411328.930292,3050620847.470662,1174222479.0670617
FOL,access1-0_rcp45_r1i1p1,FORE-SCE-A1B,6,20,25,45206777531.54765,43283602283.29332,36716707499.770096
FOL,access1-0_rcp45_r1i1p1,FORE-SCE-A2,6,20,22,38301586602.076775,36067531453.97534,29774551476.465378
FOL,access1-0_rcp45_r1i1p1,FORE-SCE-B1,6,20,18,33015955734.659737,30476001388.313877,24492621915.21794
FOL,access1-0_rcp45_r1i1p1,GCAM-26,6,20,32,87597564545.24089,87674926841.00845,79247651466.17764
FOL,access1-0_rcp45_r1i1p1,GCAM-45,6,20,23,60632866769.52714,59492785083.95094,52187812024.500854
FOL,access1-0_rcp45_r1i1p1,GCAM-ref,6,20,23,45128670075.4351,43180656514.74144,36651804463.56983
FOL,access1-0_rcp45_r1i1p1,LUCAS-BAU_High-0001,6,20,22,27471957360.768417,24548295164.029503,18935832841.683205
FOL,access1-0_rcp45_r1i1p1,LUCAS-BAU_High-0002,6,20,20,28339214453.44937,25389196208.273464,19805774706.016624
FOL,access1-0_rcp85_r1i1p1,FORE-SCE-A1B,6,20,19,67511173299.21445,59454637252.97081,59078853873.10061
FOL,access1-0_rcp85_r1i1p1,FORE-SCE-A2,6,20,14,56275879148.96977,49159523900.37019,48515593047.82014
FOL,access1-0_rcp85_r1i1p1,FORE-SCE-B1,6,20,13,48605229075.62321,41572164528.08634,41019689715.883286
FOL,access1-0_rcp85_r1i1p1,GCAM-26,6,20,28,137763945103.71246,120436392283.71883,119207155854.32191
FOL,access1-0_rcp85_r1i1p1,GCAM-45,6,20,24,95750086763.54054,82188029655.1319,81398805613.28026
FOL,access1-0_rcp85_r1i1p1,GCAM-ref,6,20,17,69008692581.28595,59798975829.47702,59157150304.679924
FOL,access1-0_rcp85_r1i1p1,LUCAS-BAU_High-0001,6,20,6,40099474067.30322,32723557017.49169,32241108916.917133
FOL,access1-0_rcp85_r1i1p1,LUCAS-BAU_High-0002,6,20,6,39243497254.53735,34050368703.746777,33620374436.001453
FOL,bcc-csm1-1-m_rcp45_r1i1p1,FORE-SCE-A1B,6,20,39,58398195420.25392,51355423467.82187,41058094839.02106
FOL,bcc-csm1-1-m_rcp45_r1i1p1,FORE-SCE-A2,6,20,42,47665305905.04536,42563612714.44945,33905978698.89043
FOL,bcc-csm1-1-m_rcp45_r1i1p1,FORE-SCE-B1,6,20,42,40741727367.936935,37333792317.70781,28089156890.81479
FOL,bcc-csm1-1-m_rcp45_r1i1p1,GCAM-26,6,20,38,112292179147.18488,99517509237.8082,85623634167.74007
FOL,bcc-csm1-1-m_rcp45_r1i1p1,GCAM-45,6,20,42,78405779481.60849,68931570163.82814,57538214057.16334
FOL,bcc-csm1-1-m_rcp45_r1i1p1,GCAM-ref,6,20,38,56699234695.788345,51212074761.49888,40900614626.64475
FOL,bcc-csm1-1-m_rcp45_r1i1p1,LUCAS-BAU_High-0001,6,20,41,34372055030.63545,29586692638.877357,21782069454.399734
FOL,bcc-csm1-1-m_rcp45_r1i1p1,LUCAS-BAU_High-0002,6,20,41,35056193186.64022,30982494014.877197,22657031294.925117
FOL,bcc-csm1-1-m_rcp85_r1i1p1,FORE-SCE-A1B,6,20,38,67405991913.07044,70022071520.78479,48974424752.91207
FOL,bcc-csm1-1-m_rcp85_r1i1p1,FORE-SCE-A2,6,20,38,58878817757.916794,61830457267.147835,41613696314.43078
FOL,bcc-csm1-1-m_rcp85_r1i1p1,FORE-SCE-B1,6,20,38,50277416501.778854,54201107851.72684,34330300857.27654
FOL,bcc-csm1-1-m_rcp85_r1i1p1,GCAM-26,6,20,48,129674860862.33658,124841440658.17146,100025367929.36449
FOL,bcc-csm1-1-m_rcp85_r1i1p1,GCAM-45,6,20,43,92317280370.14656,90256986336.74608,67441441011.2248
FOL,bcc-csm1-1-m_rcp85_r1i1p1,GCAM-ref,6,20,38,66028692615.59664,69226799298.88823,47718043625.05919
FOL,bcc-csm1-1-m_rcp85_r1i1p1,LUCAS-BAU_High-0001,6,20,38,43183465945.37054,42862866128.10019,26411829208.78514
FOL,bcc-csm1-1-m_rcp85_r1i1p1,LUCAS-BAU_High-0002,6,20,38,42264915809.675186,43447852726.087456,27467826594.69907
FOL,bcc-csm1-1_rcp26_r1i1p1,FORE-SCE-A1B,6,20,36,77510279368.93869,79185130182.6431,71883222786.40263
FOL,bcc-csm1-1_rcp26_r1i1p1,FORE-SCE-A2,6,20,36,66621172979.27381,67461228059.47975,60409520932.61655
FOL,bcc-csm1-1_rcp26_r1i1p1,FORE-SCE-B1,6,20,36,57780994796.57876,59021731563.748245,52179129702.23389
FOL,bcc-csm1-1_rcp26_r1i1p1,GCAM-26,6,20,45,139551740157.16104,140859373743.3153,132254369973.19193
FOL,bcc-csm1-1_rcp26_r1i1p1,GCAM-45,6,20,36,101934575119.37622,103079466041.44403,95197490797.40132
FOL,bcc-csm1-1_rcp26_r1i1p1,GCAM-ref,6,20,34,78630432788.17093,79515966304.60225,72265067172.39832
FOL,bcc-csm1-1_rcp26_r1i1p1,LUCAS-BAU_High-0001,6,20,34,49577948445.75288,50283513086.96663,43670217394.7504
FOL,bcc-csm1-1_rcp26_r1i1p1,LUCAS-BAU_High-0002,6,20,33,51113849183.99413,51859732498.15671,45185964405.40038
FOL,bcc-csm1-1_rcp45_r1i1p1,FORE-SCE-A1B,6,20,35,66363616519.22908,66818588693.69069,57064354001.54666
FOL,bcc-csm1-1_rcp45_r1i1p1,FORE-SCE-A2,6,20,30,57342636704.21084,57834081793.53423,47982268171.99925
FOL,bcc-csm1-1_rcp45_r1i1p1,FORE-SCE-B1,6,20,35,51153907474.527725,49723657161.193565,40268512613.86271
FOL,bcc-csm1-1_rcp45_r1i1p1,GCAM-26,6,20,43,120078289447.25102,122275361002.36453,110926543181.82645
FOL,bcc-csm1-1_rcp45_r1i1p1,GCAM-45,6,20,36,86370674785.30688,87496902711.98726,77481003464.09236
FOL,bcc-csm1-1_rcp45_r1i1p1,GCAM-ref,6,20,35,65487262235.1235,66137504994.28821,56459610123.30672
FOL,bcc-csm1-1_rcp45_r1i1p1,LUCAS-BAU_High-0001,6,20,36,42086731422.46303,41778208489.1408,32830873500.06129
FOL,bcc-csm1-1_rcp45_r1i1p1,LUCAS-BAU_High-0002,6,20,36,42058254195.64931,43256147078.453896,33987728174.216816
FOL,bcc-csm1-1_rcp60_r1i1p1,FORE-SCE-A1B,6,20,29,53000451856.60744,54104770210.609886,50165254443.049126
FOL,bcc-csm1-1_rcp60_r1i1p1,FORE-SCE-A2,6,20,28,45612020189.37197,47657313988.99431,41175130998.15212
FOL,bcc-csm1-1_rcp60_r1i1p1,FORE-SCE-B1,6,20,26,39454906602.04449,41272547675.43134,34894548105.37025
FOL,bcc-csm1-1_rcp60_r1i1p1,GCAM-26,6,20,43,102328816500.19547,102329234650.07089,100858766839.32115
FOL,bcc-csm1-1_rcp60_r1i1p1,GCAM-45,6,20,33,71010354267.54848,71010354267.54848,69456402974.83885
FOL,bcc-csm1-1_rcp60_r1i1p1,GCAM-ref,6,20,31,53719756404.80008,53719756404.80008,51337090299.493454
FOL,bcc-csm1-1_rcp60_r1i1p1,LUCAS-BAU_High-0001,6,20,26,33636738824.4893,35202323223.012375,28591093173.941113
FOL,bcc-csm1-1_rcp60_r1i1p1,LUCAS-BAU_High-0002,6,20,25,34544271811.11596,35894461374.88223,29718954413.276703
FOL,bcc-csm1-1_rcp85_r1i1p1,FORE-SCE-A1B,6,20,28,138489074165.65836,134965423768.56544,79430331116.35147
FOL,bcc-csm1-1_rcp85_r1i1p1,FORE-SCE-A2,6,20,28,130633735908.1798,127195268887.80815,71106373893.1345
FOL,bcc-csm1-1_rcp85_r1i1p1,FORE-SCE-B1,6,20,24,121857227873.21112,116277750564.61278,62283425263.76165
FOL,bcc-csm1-1_rcp85_r1i1p1,GCAM-26,6,20,27,194964805033.71616,195344773116.70068,137019355618.2427
FOL,bcc-csm1-1_rcp85_r1i1p1,GCAM-45,6,20,30,158844729367.78232,157230118177.6917,100851967677.37643
FOL,bcc-csm1-1_rcp85_r1i1p1,GCAM-ref,6,20,25,137086706137.84755,132794709737.66469,78065565434.99031
FOL,bcc-csm1-1_rcp85_r1i1p1,LUCAS-BAU_High-0001,6,20,22,113162489712.63559,105840737717.69258,53322913588.62424
FOL,bcc-csm1-1_rcp85_r1i1p1,LUCAS-BAU_High-0002,6,20,22,114311062191.17427,107828283649.82253,54502963217.3425
FOL,canesm2_rcp26_r1i1p1,FORE-SCE-A1B,6,20,31,103101528441.0002,87004395155.4074,51331709022.197495
FOL,canesm2_rcp26_r1i1p1,FORE-SCE-A2,6,20,28,91541013277.34521,78452593854.21454,43488079939.65163
FOL,canesm2_rcp26_r1i1p1,FORE-SCE-B1,6,20,27,86384655946.60583,72472503269.68112,38431323600.93468
FOL,canesm2_rcp26_r1i1p1,GCAM-26,6,20,42,153896095045.74362,140150740447.86826,95755306891.67583
FOL,canesm2_rcp26_r1i1p1,GCAM-45,6,20,34,121962939682.16399,108427878971.34499,67584562296.07981
FOL,canesm2_rcp26_r1i1p1,GCAM-ref,6,20,33,96617342304.71623,87368322820.02853,51548482760.11336
FOL,canesm2_rcp26_r1i1p1,LUCAS-BAU_High-0001,6,20,26,77508045039.70992,65272448758.997505,32426680756.100006
FOL,canesm2_rcp26_r1i1p1,LUCAS-BAU_High-0002,6,20,26,76272316057.77419,65373551301.28669,33396957120.566772
FOL,canesm2_rcp45_r1i1p1,FORE-SCE-A1B,6,20,36,94300140996.58998,101228116819.38719,57816637612.6169
FOL,canesm2_rcp45_r1i1p1,FORE-SCE-A2,6,20,37,82967838193.53973,87936175314.03809,50127810637.7471
FOL,canesm2_rcp45_r1i1p1,FORE-SCE-B1,6,20,38,76242997376.81361,78431967384.72998,44111116485.754745
FOL,canesm2_rcp45_r1i1p1,GCAM-26,6,20,40,149210323367.50827,154210084752.17798,103880047606.90167
FOL,canesm2_rcp45_r1i1p1,GCAM-45,6,20,37,114838442325.30661,124381713585.6492,74990833111.06998
FOL,canesm2_rcp45_r1i1p1,GCAM-ref,6,20,36,94137226955.73032,100901154507.26453,57286754930.90899
FOL,canesm2_rcp45_r1i1p1,LUCAS-BAU_High-0001,6,20,36,68064104802.36723,66706383507.59257,37382865838.283585
FOL,canesm2_rcp45_r1i1p1,LUCAS-BAU_High-0002,6,20,37,68003047712.45464,67327942251.94271,38367703661.37389
FOL,canesm2_rcp85_r1i1p1,FORE-SCE-A1B,6,20,42,515248703096.9601,316487684152.77747,214926951431.2989
FOL,canesm2_rcp85_r1i1p1,FORE-SCE-A2,6,20,41,507467685809.9672,306577610048.3461,205365096967.67447
FOL,canesm2_rcp85_r1i1p1,FORE-SCE-B1,6,20,41,500585150601.3896,297434612395.57983,196628139589.91357
FOL,canesm2_rcp85_r1i1p1,GCAM-26,6,20,49,568504554781.5275,378384375672.5735,274373436478.93753
FOL,canesm2_rcp85_r1i1p1,GCAM-45,6,20,47,534872589075.3708,339921017287.5376,237640760509.29193
FOL,canesm2_rcp85_r1i1p1,GCAM-ref,6,20,41,515414879449.0122,309905254902.3657,214832813375.2316
FOL,canesm2_rcp85_r1i1p1,LUCAS-BAU_High-0001,6,20,42,496435586591.0608,286678000108.87726,187705805390.22446
FOL,canesm2_rcp85_r1i1p1,LUCAS-BAU_High-0002,6,20,42,497163688025.5465,287641462587.118,189019563633.7982
FOL,ccsm4_rcp26_r1i1p1,FORE-SCE-A1B,6,20,44,66742729803.37763,58959427329.78483,36736902605.061966
FOL,ccsm4_rcp26_r1i1p1,FORE-SCE-A2,6,20,46,61541781910.88027,52281245542.45048,30854894990.68051
FOL,ccsm4_rcp26_r1i1p1,FORE-SCE-B1,6,20,44,54737243247.80321,46823605112.52199,25204187070.364864
FOL,ccsm4_rcp26_r1i1p1,GCAM-26,6,20,47,106898960901.1699,102541532681.0905,77065808492.65796
FOL,ccsm4_rcp26_r1i1p1,GCAM-45,6,20,43,80261520567.76117,74948115788.83858,51833233282.64186
FOL,ccsm4_rcp26_r1i1p1,GCAM-ref,6,20,45,66019453729.55178,59021786658.19033,36390043644.61439
FOL,ccsm4_rcp26_r1i1p1,LUCAS-BAU_High-0001,6,20,45,49118829699.70145,39615552320.68297,19773813112.86158
FOL,ccsm4_rcp26_r1i1p1,LUCAS-BAU_High-0002,6,20,45,50278551130.57125,41405475983.75623,20574303430.634808
FOL,ccsm4_rcp45_r1i1p1,FORE-SCE-A1B,6,20,36,71738558210.60307,60009053503.97816,43265225119.11363
FOL,ccsm4_rcp45_r1i1p1,FORE-SCE-A2,6,20,33,64896210711.57814,50992877449.798645,35500929646.8454
FOL,ccsm4_rcp45_r1i1p1,FORE-SCE-B1,6,20,32,59888048628.432495,45922515750.86844,30038482166.520958
FOL,ccsm4_rcp45_r1i1p1,GCAM-26,6,20,36,113925708935.88568,106683376259.4939,88244539554.62872
FOL,ccsm4_rcp45_r1i1p1,GCAM-45,6,20,33,87552449491.41243,76717213979.45436,60261478229.15373
FOL,ccsm4_rcp45_r1i1p1,GCAM-ref,6,20,31,73433539453.69875,60578823297.96666,44373427836.105415
FOL,ccsm4_rcp45_r1i1p1,LUCAS-BAU_High-0001,6,20,36,55016684248.74546,40034430365.09946,24803891711.051067
FOL,ccsm4_rcp45_r1i1p1,LUCAS-BAU_High-0002,6,20,34,55810660607.021484,40795924904.620186,25735155059.931236
FOL,ccsm4_rcp60_r1i1p1,FORE-SCE-A1B,6,20,29,74714080167.21512,59576044201.979225,34857273558.197296
FOL,ccsm4_rcp60_r1i1p1,FORE-SCE-A2,6,20,30,70129911271.62097,58313722994.96648,28291480171.39532
FOL,ccsm4_rcp60_r1i1p1,FORE-SCE-B1,6,20,32,59405315628.36916,53204059249.71007,23562571908.141556
FOL,ccsm4_rcp60_r1i1p1,GCAM-26,6,20,39,116142496923.7146,102903997339.97018,75155214789.41231
FOL,ccsm4_rcp60_r1i1p1,GCAM-45,6,20,33,90178021142.75938,82616504555.89754,49888999969.70997
FOL,ccsm4_rcp60_r1i1p1,GCAM-ref,6,20,34,75805116344.71979,59651051750.791916,35826001974.14204
FOL,ccsm4_rcp60_r1i1p1,LUCAS-BAU_High-0001,6,20,34,61180917896.94358,40837103009.56927,18804034112.430874
FOL,ccsm4_rcp60_r1i1p1,LUCAS-BAU_High-0002,6,20,32,58836243610.80626,47334867002.41102,19591856849.435017
FOL,ccsm4_rcp85_r1i1p1,FORE-SCE-A1B,6,20,45,110408469685.70874,116500228124.51599,75726087071.1147
FOL,ccsm4_rcp85_r1i1p1,FORE-SCE-A2,6,20,44,97966219246.70396,106503100448.29027,67312282126.24392
FOL,ccsm4_rcp85_r1i1p1,FORE-SCE-B1,6,20,44,89394331179.35623,98282961172.12819,60233968074.32182
FOL,ccsm4_rcp85_r1i1p1,GCAM-26,6,20,40,177277527700.1143,176750054398.84445,127747759413.17882
FOL,ccsm4_rcp85_r1i1p1,GCAM-45,6,20,43,134585940149.43994,138628682567.31482,95027524814.35445
FOL,ccsm4_rcp85_r1i1p1,GCAM-ref,6,20,44,109132277311.2808,116117376686.31644,75365170048.81993
FOL,ccsm4_rcp85_r1i1p1,LUCAS-BAU_High-0001,6,20,41,77748853610.99265,89180205190.86722,52571867617.37638
FOL,ccsm4_rcp85_r1i1p1,LUCAS-BAU_High-0002,6,20,41,79119609202.92053,90602159680.92017,53715887561.58778
FOL,cesm1-bgc_rcp45_r1i1p1,FORE-SCE-A1B,6,20,46,85504006677.16055,78055769475.8149,49122713185.81569
FOL,cesm1-bgc_rcp45_r1i1p1,FORE-SCE-A2,6,20,46,78990777701.5149,67063538503.95501,42004207561.080605
FOL,cesm1-bgc_rcp45_r1i1p1,FORE-SCE-B1,6,20,45,72945039950.28044,59394217148.11234,36422048270.02818
FOL,cesm1-bgc_rcp45_r1i1p1,GCAM-26,6,20,47,131882273663.40367,128700057989.56693,92644898424.58679
FOL,cesm1-bgc_rcp45_r1i1p1,GCAM-45,6,20,45,104185131339.18483,98670925786.2759,65245678611.97314
FOL,cesm1-bgc_rcp45_r1i1p1,GCAM-ref,6,20,45,85877552660.8806,77231452420.16106,49268773053.05879
FOL,cesm1-bgc_rcp45_r1i1p1,LUCAS-BAU_High-0001,6,20,44,63507792870.93643,53028230986.18453,30696843991.898582
FOL,cesm1-bgc_rcp45_r1i1p1,LUCAS-BAU_High-0002,6,20,44,66089144508.32927,55024600387.64973,31590046290.979836
FOL,cesm1-bgc_rcp85_r1i1p1,FORE-SCE-A1B,6,20,47,83619726103.14566,104404783209.28687,44974308274.06151
FOL,cesm1-bgc_rcp85_r1i1p1,FORE-SCE-A2,6,20,43,77073265172.76071,90922471997.23691,36842284434.52612
FOL,cesm1-bgc_rcp85_r1i1p1,FORE-SCE-B1,6,20,43,68814790068.37315,84515728950.06273,31642794844.77281
FOL,cesm1-bgc_rcp85_r1i1p1,GCAM-26,6,20,48,139828774424.0425,153603393274.73154,90882779944.11452
FOL,cesm1-bgc_rcp85_r1i1p1,GCAM-45,6,20,44,104676603997.89864,122075982815.14868,61686272540.9759
FOL,cesm1-bgc_rcp85_r1i1p1,GCAM-ref,6,20,46,84516938478.50705,102088766987.65129,45224816318.8739
FOL,cesm1-bgc_rcp85_r1i1p1,LUCAS-BAU_High-0001,6,20,44,59129807465.2933,82951493295.2557,24997198360.283825
FOL,cesm1-bgc_rcp85_r1i1p1,LUCAS-BAU_High-0002,6,20,42,62251808105.42032,79003463036.60504,26049707279.765057
FOL,cesm1-cam5_rcp26_r1i1p1,FORE-SCE-A1B,6,20,44,47924978549.23867,70799970020.55942,29836170219.340027
FOL,cesm1-cam5_rcp26_r1i1p1,FORE-SCE-A2,6,20,45,40468837258.40303,64455396183.33612,24476101073.278843
FOL,cesm1-cam5_rcp26_r1i1p1,FORE-SCE-B1,6,20,43,33784447820.34909,58580434980.233505,19315972912.4209
FOL,cesm1-cam5_rcp26_r1i1p1,GCAM-26,6,20,47,95533123285.15424,113035864557.23703,67281701718.32374
FOL,cesm1-cam5_rcp26_r1i1p1,GCAM-45,6,20,43,65448278626.3012,87422579092.04317,43456044391.10237
FOL,cesm1-cam5_rcp26_r1i1p1,GCAM-ref,6,20,43,47102994883.07475,70379755671.41795,29011655538.893482
FOL,cesm1-cam5_rcp26_r1i1p1,LUCAS-BAU_High-0001,6,20,42,27215368770.739193,52837022790.276764,14229950645.712395
FOL,cesm1-cam5_rcp26_r1i1p1,LUCAS-BAU_High-0002,6,20,43,28428933400.6114,53894041974.36934,14941156039.51178
FOL,cesm1-cam5_rcp45_r1i1p1,FORE-SCE-A1B,6,20,37,69816197512.0416,72290089674.4037,49985070959.14384
FOL,cesm1-cam5_rcp45_r1i1p1,FORE-SCE-A2,6,20,36,59623595754.17302,63077975951.01311,40757208689.86234
FOL,cesm1-cam5_rcp45_r1i1p1,FORE-SCE-B1,6,20,37,52909574265.29245,55941730942.59135,35083256114.45658
FOL,cesm1-cam5_rcp45_r1i1p1,GCAM-26,6,20,41,124267086657.9693,124866810237.49269,99934803114.99078
FOL,cesm1-cam5_rcp45_r1i1p1,GCAM-45,6,20,41,90430839783.42744,91200421978.5326,68640529868.01292
FOL,cesm1-cam5_rcp45_r1i1p1,GCAM-ref,6,20,36,70314996360.2177,72349844579.49117,51087130291.918945
FOL,cesm1-cam5_rcp45_r1i1p1,LUCAS-BAU_High-0001,6,20,36,45300864435.68345,48507779148.582375,28329182280.02461
FOL,cesm1-cam5_rcp45_r1i1p1,LUCAS-BAU_High-0002,6,20,36,46602885400.83537,49834059099.25229,29502400424.693806
FOL,cesm1-cam5_rcp60_r1i1p1,FORE-SCE-A1B,6,20,31,65522050782.21505,55947086998.19155,46921280200.34081
FOL,cesm1-cam5_rcp60_r1i1p1,FORE-SCE-A2,6,20,32,56022681062.268654,46594990730.06006,38709895542.16728
FOL,cesm1-cam5_rcp60_r1i1p1,FORE-SCE-B1,6,20,32,48300999342.53756,40726413477.56176,32633292933.308147
FOL,cesm1-cam5_rcp60_r1i1p1,GCAM-26,6,20,41,121100326659.94597,106084240916.41472,94283581548.06427
FOL,cesm1-cam5_rcp60_r1i1p1,GCAM-45,6,20,36,87500208619.88199,75240355036.66867,64776012626.90616
FOL,cesm1-cam5_rcp60_r1i1p1,GCAM-ref,6,20,30,65520056431.62528,56843522186.49688,47166786630.21023
FOL,cesm1-cam5_rcp60_r1i1p1,LUCAS-BAU_High-0001,6,20,32,39928599395.48325,33672409669.188362,26265967345.62568
FOL,cesm1-cam5_rcp60_r1i1p1,LUCAS-BAU_High-0002,6,20,32,41370166485.29097,35901755330.83347,27290378292.27843
FOL,cesm1-cam5_rcp85_r1i1p1,FORE-SCE-A1B,6,20,45,108321086438.16599,114029247979.2874,80154233981.39148
FOL,cesm1-cam5_rcp85_r1i1p1,FORE-SCE-A2,6,20,44,97276740172.43109,104589412323.6185,70684862848.853
FOL,cesm1-cam5_rcp85_r1i1p1,FORE-SCE-B1,6,20,41,88674478288.74493,95926078822.12595,63375784822.775246
FOL,cesm1-cam5_rcp85_r1i1p1,GCAM-26,6,20,50,171735979104.16354,177594506781.6791,137019589958.55951
FOL,cesm1-cam5_rcp85_r1i1p1,GCAM-45,6,20,43,141431354612.0985,138951808990.34634,101168244115.41928
FOL,cesm1-cam5_rcp85_r1i1p1,GCAM-ref,6,20,40,107791631616.67372,114871113020.10738,79762323888.19954
FOL,cesm1-cam5_rcp85_r1i1p1,LUCAS-BAU_High-0001,6,20,42,78575082349.4367,84817877970.13245,54839774058.88668
FOL,cesm1-cam5_rcp85_r1i1p1,LUCAS-BAU_High-0002,6,20,42,80146617452.36137,85409260969.78595,56160167012.635826
FOL,cmcc-cm_rcp45_r1i1p1,FORE-SCE-A1B,6,20,31,64477207621.88818,66182448383.23379,49437467005.10178
FOL,cmcc-cm_rcp45_r1i1p1,FORE-SCE-A2,6,20,29,56079814306.22,58090867484.49568,40379822915.46812
FOL,cmcc-cm_rcp45_r1i1p1,FORE-SCE-B1,6,20,31,49713792212.945435,53842105365.22238,33740502029.298527
FOL,cmcc-cm_rcp45_r1i1p1,GCAM-26,6,20,48,115706360416.33664,113683419110.08264,101486502725.83884
FOL,cmcc-cm_rcp45_r1i1p1,GCAM-45,6,20,36,83475652517.7207,84104358257.97906,68651564069.95273
FOL,cmcc-cm_rcp45_r1i1p1,GCAM-ref,6,20,33,64111184939.20289,65823983979.34391,49128624547.3271
FOL,cmcc-cm_rcp45_r1i1p1,LUCAS-BAU_High-0001,6,20,25,42808334577.12698,46259399416.62527,26480160530.692577
FOL,cmcc-cm_rcp45_r1i1p1,LUCAS-BAU_High-0002,6,20,25,43954676646.07531,46483607402.68165,27636777569.75067
FOL,cmcc-cm_rcp85_r1i1p1,FORE-SCE-A1B,6,20,42,91489041399.09099,76323291698.33405,67428563469.83461
FOL,cmcc-cm_rcp85_r1i1p1,FORE-SCE-A2,6,20,42,77998580766.12747,66768187180.21888,58581241836.50415
FOL,cmcc-cm_rcp85_r1i1p1,FORE-SCE-B1,6,20,37,66868433876.18862,57549778818.48387,49729711055.21028
FOL,cmcc-cm_rcp85_r1i1p1,GCAM-26,6,20,44,155152796112.46722,135985086402.69386,126781397600.72935
FOL,cmcc-cm_rcp85_r1i1p1,GCAM-45,6,20,40,115273378967.31146,99690900984.82951,89824537913.52588
FOL,cmcc-cm_rcp85_r1i1p1,GCAM-ref,6,20,37,86656381232.81969,75618019281.09499,66426739468.87585
FOL,cmcc-cm_rcp85_r1i1p1,LUCAS-BAU_High-0001,6,20,37,56729059485.87083,47908851412.56788,39718707565.9882
FOL,cmcc-cm_rcp85_r1i1p1,LUCAS-BAU_High-0002,6,20,37,56981988877.45013,49259541169.968506,41053849689.31131
FOL,cnrm-cm5_rcp45_r1i1p1,FORE-SCE-A1B,6,20,37,117022917968.1795,96018971003.47989,36806916855.92551
FOL,cnrm-cm5_rcp45_r1i1p1,FORE-SCE-A2,6,20,41,115249441476.18932,91550230117.7875,30399522356.699883
FOL,cnrm-cm5_rcp45_r1i1p1,FORE-SCE-B1,6,20,40,116255961681.51146,84603623327.7897,25578364604.182285
FOL,cnrm-cm5_rcp45_r1i1p1,GCAM-26,6,20,42,158506387524.89456,145273273375.33746,76458936281.19055
FOL,cnrm-cm5_rcp45_r1i1p1,GCAM-45,6,20,37,130102963426.56483,115856964710.7687,51269851160.44251
FOL,cnrm-cm5_rcp45_r1i1p1,GCAM-ref,6,20,36,113930565378.99222,95484766543.7256,36956288136.49443
FOL,cnrm-cm5_rcp45_r1i1p1,LUCAS-BAU_High-0001,6,20,43,108906100799.77747,74266909993.99013,20519690342.02268
FOL,cnrm-cm5_rcp45_r1i1p1,LUCAS-BAU_High-0002,6,20,43,99899395415.02567,78404181577.73183,21301314518.724678
FOL,cnrm-cm5_rcp85_r1i1p1,FORE-SCE-A1B,6,20,34,332472631302.2354,168365370054.72403,117437746997.38853
FOL,cnrm-cm5_rcp85_r1i1p1,FORE-SCE-A2,6,20,34,328647639144.36646,157815823769.5854,108863958264.76488
FOL,cnrm-cm5_rcp85_r1i1p1,FORE-SCE-B1,6,20,35,324321833931.004,150127919989.27835,101996230432.77869
FOL,cnrm-cm5_rcp85_r1i1p1,GCAM-26,6,20,40,371385254126.5364,229098107592.13348,169726623458.81085
FOL,cnrm-cm5_rcp85_r1i1p1,GCAM-45,6,20,37,345211762297.39526,191272033006.62787,136698942107.5666
FOL,cnrm-cm5_rcp85_r1i1p1,GCAM-ref,6,20,34,331323482599.2555,167514049030.26135,117165597254.85431
FOL,cnrm-cm5_rcp85_r1i1p1,LUCAS-BAU_High-0001,6,20,32,319050786543.9905,132515457445.04845,94097461398.63556
FOL,cnrm-cm5_rcp85_r1i1p1,LUCAS-BAU_High-0002,6,20,32,319733650427.10956,141363722369.24075,95247519387.88272
FOL,csiro-mk3-6-0_rcp26_r1i1p1,FORE-SCE-A1B,6,20,39,68775370808.55405,62493775322.24126,55265752248.0831
FOL,csiro-mk3-6-0_rcp26_r1i1p1,FORE-SCE-A2,6,20,42,58212224562.125435,52426595348.88569,45855765052.61015
FOL,csiro-mk3-6-0_rcp26_r1i1p1,FORE-SCE-B1,6,20,43,51413619344.761505,45817280054.66621,39771907626.62976
FOL,csiro-mk3-6-0_rcp26_r1i1p1,GCAM-26,6,20,43,124220995553.71544,115113829996.51398,105281921398.83275
FOL,csiro-mk3-6-0_rcp26_r1i1p1,GCAM-45,6,20,41,89855125469.90366,82601551415.29694,74183259589.10034
FOL,csiro-mk3-6-0_rcp26_r1i1p1,GCAM-ref,6,20,40,69921701573.5259,63066007093.76296,56079574148.47506
FOL,csiro-mk3-6-0_rcp26_r1i1p1,LUCAS-BAU_High-0001,6,20,43,43947960530.25068,38923605326.54921,33231855292.56022
FOL,csiro-mk3-6-0_rcp26_r1i1p1,LUCAS-BAU_High-0002,6,20,43,46065909178.28942,40390889730.48315,34447156251.96069
FOL,csiro-mk3-6-0_rcp45_r1i1p1,FORE-SCE-A1B,6,20,19,73752658261.19812,67031234400.689445,55898716754.46345
FOL,csiro-mk3-6-0_rcp45_r1i1p1,FORE-SCE-A2,6,20,18,62447117362.2879,55565245177.59314,46567292609.60425
FOL,csiro-mk3-6-0_rcp45_r1i1p1,FORE-SCE-B1,6,20,17,53761812549.28823,49917835586.50799,39548403708.00541
FOL,csiro-mk3-6-0_rcp45_r1i1p1,GCAM-26,6,20,37,137042860607.90788,121747727176.8351,109267507706.30745
FOL,csiro-mk3-6-0_rcp45_r1i1p1,GCAM-45,6,20,26,98323331702.22495,87155739710.53085,76245540040.30081
FOL,csiro-mk3-6-0_rcp45_r1i1p1,GCAM-ref,6,20,22,75026644719.01898,66108867174.68404,56298248243.26761
FOL,csiro-mk3-6-0_rcp45_r1i1p1,LUCAS-BAU_High-0001,6,20,17,44653427868.91392,41435808119.96501,32263261993.221893
FOL,csiro-mk3-6-0_rcp45_r1i1p1,LUCAS-BAU_High-0002,6,20,17,46414531602.97972,42922486612.26164,33475069667.99163
FOL,csiro-mk3-6-0_rcp60_r1i1p1,FORE-SCE-A1B,6,20,41,71408867115.22464,82146922385.82224,42711647311.42737
FOL,csiro-mk3-6-0_rcp60_r1i1p1,FORE-SCE-A2,6,20,40,61824888029.90451,73487650865.55034,35239024867.01654
FOL,csiro-mk3-6-0_rcp60_r1i1p1,FORE-SCE-B1,6,20,40,57244714022.32668,63947985890.04037,28875091371.2555
FOL,csiro-mk3-6-0_rcp60_r1i1p1,GCAM-26,6,20,46,118260041707.27422,133403271389.287,89698764800.05785
FOL,csiro-mk3-6-0_rcp60_r1i1p1,GCAM-45,6,20,45,89736719185.60068,97090751095.3081,60037599562.36108
FOL,csiro-mk3-6-0_rcp60_r1i1p1,GCAM-ref,6,20,41,69612664512.4313,80743056883.17482,42120724586.539986
FOL,csiro-mk3-6-0_rcp60_r1i1p1,LUCAS-BAU_High-0001,6,20,34,51015320830.888145,56356433319.79706,22327590097.514416
FOL,csiro-mk3-6-0_rcp60_r1i1p1,LUCAS-BAU_High-0002,6,20,34,51961110496.65521,56201159049.21297,23285145956.13241
FOL,csiro-mk3-6-0_rcp85_r1i1p1,FORE-SCE-A1B,6,20,36,81998720276.5277,85588344780.03397,62514144740.93582
FOL,csiro-mk3-6-0_rcp85_r1i1p1,FORE-SCE-A2,6,20,35,72120823707.50352,73303592733.52737,52887854902.36527
FOL,csiro-mk3-6-0_rcp85_r1i1p1,FORE-SCE-B1,6,20,35,63430762080.537506,64674074035.52908,45440885376.459854
FOL,csiro-mk3-6-0_rcp85_r1i1p1,GCAM-26,6,20,48,142128498685.13495,146597898562.42313,118742274269.01578
FOL,csiro-mk3-6-0_rcp85_r1i1p1,GCAM-45,6,20,39,105280329851.0208,106797466181.54059,83680748666.88182
FOL,csiro-mk3-6-0_rcp85_r1i1p1,GCAM-ref,6,20,36,80620382007.0054,85412842598.83253,62690870515.15028
FOL,csiro-mk3-6-0_rcp85_r1i1p1,LUCAS-BAU_High-0001,6,20,34,52083559971.25855,57696448870.52065,37320047920.78285
FOL,csiro-mk3-6-0_rcp85_r1i1p1,LUCAS-BAU_High-0002,6,20,34,55683156329.45023,58150654927.30997,38577136024.966125
FOL,fgoals-g2_rcp26_r1i1p1,FORE-SCE-A1B,6,20,47,57185720579.41984,44960040606.26088,33826319208.279167
FOL,fgoals-g2_rcp26_r1i1p1,FORE-SCE-A2,6,20,48,47607292843.52886,36302695172.74182,26684563054.212254
FOL,fgoals-g2_rcp26_r1i1p1,FORE-SCE-B1,6,20,49,41737686476.50889,31867158244.495182,22705963830.337738
FOL,fgoals-g2_rcp26_r1i1p1,GCAM-26,6,20,48,106951709406.18018,88247651892.95753,72687459750.19194
FOL,fgoals-g2_rcp26_r1i1p1,GCAM-45,6,20,48,75517446184.71698,60949975836.94908,47942030396.02803
FOL,fgoals-g2_rcp26_r1i1p1,GCAM-ref,6,20,48,57833837870.79832,46111662203.462135,34422493705.88665
FOL,fgoals-g2_rcp26_r1i1p1,LUCAS-BAU_High-0001,6,20,50,34713046217.35345,26589870645.59998,17958012396.96975
FOL,fgoals-g2_rcp26_r1i1p1,LUCAS-BAU_High-0002,6,20,50,36156327214.16778,27787836890.180695,18812578637.464203
MIL,access1-0_rcp45_r1i1p1,FORE-SCE-A1B,6,20,45,210634447981.90317,183454228392.00467,139675357818.60916
MIL,access1-0_rcp45_r1i1p1,FORE-SCE-A2,6,20,45,198556727912.9419,172759757828.85925,129480415940.30292
MIL,access1-0_rcp45_r1i1p1,FORE-SCE-B1,6,20,47,185767011090.84036,164454548410.5146,121637104578.32504
MIL,access1-0_rcp45_r1i1p1,GCAM-26,6,20,37,269364471145.4669,237402994894.71515,195179248936.17807
MIL,access1-0_rcp45_r1i1p1,GCAM-45,6,20,42,234446754078.31784,205639141938.41595,161073284379.995
MIL,access1-0_rcp45_r1i1p1,GCAM-ref,6,20,46,211488626143.36716,185456180835.60236,139977517823.52994
MIL,access1-0_rcp45_r1i1p1,LUCAS-BAU_High-0001,6,20,46,179020856838.76373,155476864674.8367,112877843905.04858
MIL,access1-0_rcp45_r1i1p1,LUCAS-BAU_High-0002,6,20,47,180671560637.07892,156988203126.65564,114303393280.89462
MIL,access1-0_rcp85_r1i1p1,FORE-SCE-A1B,6,20,44,176581648435.87836,156093060659.78442,127509202015.74629
MIL,access1-0_rcp85_r1i1p1,FORE-SCE-A2,6,20,47,161244170910.6123,144773256971.8797,114468381814.04813
MIL,access1-0_rcp85_r1i1p1,FORE-SCE-B1,6,20,47,150650727559.55017,133419547252.73457,104478556774.83485
MIL,access1-0_rcp85_r1i1p1,GCAM-26,6,20,40,249824988547.4372,224928125664.90982,195201263312.3064
MIL,access1-0_rcp85_r1i1p1,GCAM-45,6,20,42,205959590586.13635,183807979530.30554,154162462564.7094
MIL,access1-0_rcp85_r1i1p1,GCAM-ref,6,20,45,175833094147.0294,156007775138.7122,127850787083.38264
MIL,access1-0_rcp85_r1i1p1,LUCAS-BAU_High-0001,6,20,47,137626899059.3593,121345293437.75856,92823517873.90112
MIL,access1-0_rcp85_r1i1p1,LUCAS-BAU_High-0002,6,20,47,139734214213.1891,125646040875.03384,94719012961.61484
MIL,bcc-csm1-1-m_rcp45_r1i1p1,FORE-SCE-A1B,6,20,51,217558196748.43884,187156242056.45023,138199899601.98688
MIL,bcc-csm1-1-m_rcp45_r1i1p1,FORE-SCE-A2,6,20,53,205860916633.59158,176930764143.98108,129668226944.3428
MIL,bcc-csm1-1-m_rcp45_r1i1p1,FORE-SCE-B1,6,20,53,197110418509.2392,168669703491.07248,122640663628.2748
MIL,bcc-csm1-1-m_rcp45_r1i1p1,GCAM-26,6,20,50,278154302080.0081,241026746187.92664,187247261549.78732
MIL,bcc-csm1-1-m_rcp45_r1i1p1,GCAM-45,6,20,51,242239689610.88858,208405240252.83026,156913195970.51874
MIL,bcc-csm1-1-m_rcp45_r1i1p1,GCAM-ref,6,20,51,218547943133.2153,186643807232.80786,137572739130.3068
MIL,bcc-csm1-1-m_rcp45_r1i1p1,LUCAS-BAU_High-0001,6,20,53,187630015510.83408,160707540672.44745,114595663889.43799
MIL,bcc-csm1-1-m_rcp45_r1i1p1,LUCAS-BAU_High-0002,6,20,53,188509245445.34845,160550122547.16077,115733665212.50256
MIL,bcc-csm1-1-m_rcp85_r1i1p1,FORE-SCE-A1B,6,20,60,428814776331.9091,378036968705.70337,309463553936.71063
MIL,bcc-csm1-1-m_rcp85_r1i1p1,FORE-SCE-A2,6,20,61,419771341764.94257,368964289459.8305,301408482402.2596
MIL,bcc-csm1-1-m_rcp85_r1i1p1,FORE-SCE-B1,6,20,61,410661730421.70337,361532761469.665,293500779741.58844
MIL,bcc-csm1-1-m_rcp85_r1i1p1,GCAM-26,6,20,58,487678651727.59607,431476182356.64923,358739863240.0515
MIL,bcc-csm1-1-m_rcp85_r1i1p1,GCAM-45,6,20,57,453447477689.3936,398847717063.39465,327952133973.97766
MIL,bcc-csm1-1-m_rcp85_r1i1p1,GCAM-ref,6,20,59,427299271115.5355,378118249387.9384,308000705422.05774
MIL,bcc-csm1-1-m_rcp85_r1i1p1,LUCAS-BAU_High-0001,6,20,60,398273137899.5596,351055641886.5925,284404082406.57306
MIL,bcc-csm1-1-m_rcp85_r1i1p1,LUCAS-BAU_High-0002,6,20,60,399776593376.08026,351378391516.81903,285657726222.4809
MIL,bcc-csm1-1_rcp26_r1i1p1,FORE-SCE-A1B,6,20,42,214054361326.28336,208081277503.71246,170528663789.3359
MIL,bcc-csm1-1_rcp26_r1i1p1,FORE-SCE-A2,6,20,43,200238157119.08258,195125571594.8495,158788398089.9313
MIL,bcc-csm1-1_rcp26_r1i1p1,FORE-SCE-B1,6,20,43,191482966735.5987,186478470252.441,150615711713.15332
MIL,bcc-csm1-1_rcp26_r1i1p1,GCAM-26,6,20,42,277235099283.7237,268860642430.88632,228317257366.4686
MIL,bcc-csm1-1_rcp26_r1i1p1,GCAM-45,6,20,42,236885696552.84448,232419922319.22833,193529716636.35352
MIL,bcc-csm1-1_rcp26_r1i1p1,GCAM-ref,6,20,43,214828572612.28772,209346619267.08493,171403892102.07205
MIL,bcc-csm1-1_rcp26_r1i1p1,LUCAS-BAU_High-0001,6,20,45,181208830849.40823,178059680999.75034,142047402515.0472
MIL,bcc-csm1-1_rcp26_r1i1p1,LUCAS-BAU_High-0002,6,20,45,184122495404.6684,180060988282.27094,143656056626.25534
MIL,bcc-csm1-1_rcp45_r1i1p1,FORE-SCE-A1B,6,20,48,223962979744.634,186621375817.56082,135499448287.61873
MIL,bcc-csm1-1_rcp45_r1i1p1,FORE-SCE-A2,6,20,48,207268650202.46463,174568835440.86374,124882959514.06596
MIL,bcc-csm1-1_rcp45_r1i1p1,FORE-SCE-B1,6,20,48,192620370840.2097,162470552103.75296,117378530488.75536
MIL,bcc-csm1-1_rcp45_r1i1p1,GCAM-26,6,20,48,275757518847.66455,236195707154.0609,188289027653.24225
MIL,bcc-csm1-1_rcp45_r1i1p1,GCAM-45,6,20,49,239743993786.82352,202978745074.1173,156113593754.22717
MIL,bcc-csm1-1_rcp45_r1i1p1,GCAM-ref,6,20,48,213971407848.15897,181547892402.21356,136443262761.89476
MIL,bcc-csm1-1_rcp45_r1i1p1,LUCAS-BAU_High-0001,6,20,49,182670372326.7987,154926374145.29712,108848042458.21504
MIL,bcc-csm1-1_rcp45_r1i1p1,LUCAS-BAU_High-0002,6,20,49,183173167553.9111,155314217872.5769,110358746727.30104
MIL,bcc-csm1-1_rcp60_r1i1p1,FORE-SCE-A1B,6,20,56,246782435172.7391,223935541980.31363,183627611512.2612
MIL,bcc-csm1-1_rcp60_r1i1p1,FORE-SCE-A2,6,20,56,233734075812.4876,214882932314.46344,173920555581.5033
MIL,bcc-csm1-1_rcp60_r1i1p1,FORE-SCE-B1,6,20,56,224330072470.24,207767962710.63623,166678289265.18375
MIL,bcc-csm1-1_rcp60_r1i1p1,GCAM-26,6,20,50,303105504895.9312,278439601625.53143,235354718127.33688
MIL,bcc-csm1-1_rcp60_r1i1p1,GCAM-45,6,20,52,271238848618.2966,246540572851.27393,203728232219.3774
MIL,bcc-csm1-1_rcp60_r1i1p1,GCAM-ref,6,20,56,249926109657.00497,227033639696.47205,184366734163.6034
MIL,bcc-csm1-1_rcp60_r1i1p1,LUCAS-BAU_High-0001,6,20,56,215562300054.5131,197393261066.9237,158697738129.9476
MIL,bcc-csm1-1_rcp60_r1i1p1,LUCAS-BAU_High-0002,6,20,56,218914931433.2566,199889688656.05713,160009184928.11426
MIL,bcc-csm1-1_rcp85_r1i1p1,FORE-SCE-A1B,6,20,44,366895982525.71686,320738855184.34125,276178480014.8702
MIL,bcc-csm1-1_rcp85_r1i1p1,FORE-SCE-A2,6,20,43,353933420359.1301,310470879180.52374,266256603144.4023
MIL,bcc-csm1-1_rcp85_r1i1p1,FORE-SCE-B1,6,20,43,343282456934.4225,298713518702.97345,256917579924.44867
MIL,bcc-csm1-1_rcp85_r1i1p1,GCAM-26,6,20,43,434382759037.7816,376928705316.7538,334631611663.8373
MIL,bcc-csm1-1_rcp85_r1i1p1,GCAM-45,6,20,44,393689714558.4605,343283484978.60364,298973875631.42633
MIL,bcc-csm1-1_rcp85_r1i1p1,GCAM-ref,6,20,44,366355578793.5712,320240544193.1708,275611984008.9046
MIL,bcc-csm1-1_rcp85_r1i1p1,LUCAS-BAU_High-0001,6,20,43,331237607516.4167,291013949046.8191,247173424256.69785
MIL,bcc-csm1-1_rcp85_r1i1p1,LUCAS-BAU_High-0002,6,20,43,333189635816.3496,292089653853.78156,248581427860.58182
MIL,canesm2_rcp26_r1i1p1,FORE-SCE-A1B,6,20,60,869238524864.4447,845014913810.7683,774452939765.5186
MIL,canesm2_rcp26_r1i1p1,FORE-SCE-A2,6,20,60,857473729361.8796,835797327589.1178,765711970178.1182
MIL,canesm2_rcp26_r1i1p1,FORE-SCE-B1,6,20,60,856434095351.5569,830679389633.0375,760128259932.992
MIL,canesm2_rcp26_r1i1p1,GCAM-26,6,20,54,921134430799.1365,895506564570.3784,818644922461.6161
MIL,canesm2_rcp26_r1i1p1,GCAM-45,6,20,56,889617953969.4644,863153237986.5375,791694746285.3209
MIL,canesm2_rcp26_r1i1p1,GCAM-ref,6,20,60,871113862898.4661,846250458397.9149,775184575802.4387
MIL,canesm2_rcp26_r1i1p1,LUCAS-BAU_High-0001,6,20,61,844157358546.708,821668688073.5819,753457989983.1136
MIL,canesm2_rcp26_r1i1p1,LUCAS-BAU_High-0002,6,20,61,849082846119.2623,824594497779.6567,754605425884.0857
MIL,canesm2_rcp45_r1i1p1,FORE-SCE-A1B,6,20,56,389766672641.3741,325527149757.5277,250563062466.2929
MIL,canesm2_rcp45_r1i1p1,FORE-SCE-A2,6,20,58,378551686948.6388,316489572058.80725,241885140927.0193
MIL,canesm2_rcp45_r1i1p1,FORE-SCE-B1,6,20,57,368934057237.8462,311090065633.93726,235357977403.47305
MIL,canesm2_rcp45_r1i1p1,GCAM-26,6,20,57,455025853323.3453,377038656236.00354,297517834822.3284
MIL,canesm2_rcp45_r1i1p1,GCAM-45,6,20,58,419474629215.5857,346602759558.6482,269011743717.45825
MIL,canesm2_rcp45_r1i1p1,GCAM-ref,6,20,56,395307244222.01013,328059903107.1583,251047226320.8311
MIL,canesm2_rcp45_r1i1p1,LUCAS-BAU_High-0001,6,20,57,356860255839.1273,303629467885.2588,228590602341.93146
MIL,canesm2_rcp45_r1i1p1,LUCAS-BAU_High-0002,6,20,57,358583953181.29144,302778493022.89557,229617780199.2756
MIL,canesm2_rcp85_r1i1p1,FORE-SCE-A1B,6,20,58,1490068163895.9106,1328897957821.1943,1259580865638.4521
MIL,canesm2_rcp85_r1i1p1,FORE-SCE-A2,6,20,58,1485134434426.2083,1319048709708.9404,1251392570779.1416
MIL,canesm2_rcp85_r1i1p1,FORE-SCE-B1,6,20,59,1474274871771.7375,1312376993200.4563,1243293243349.9707
MIL,canesm2_rcp85_r1i1p1,GCAM-26,6,20,56,1559444762934.058,1379176051486.0442,1309239054171.1
MIL,canesm2_rcp85_r1i1p1,GCAM-45,6,20,57,1518778327246.8193,1348666921002.5115,1278951191141.2126
MIL,canesm2_rcp85_r1i1p1,GCAM-ref,6,20,57,1494907648773.4043,1326974885974.013,1258682601278.259
MIL,canesm2_rcp85_r1i1p1,LUCAS-BAU_High-0001,6,20,59,1464634565529.4412,1303129252907.758,1235617655595.125
MIL,canesm2_rcp85_r1i1p1,LUCAS-BAU_High-0002,6,20,59,1465359435491.2803,1302814209431.4106,1236773969988.9683
MIL,ccsm4_rcp26_r1i1p1,FORE-SCE-A1B,6,20,55,524536031891.5411,467094218008.231,382178393965.7717
MIL,ccsm4_rcp26_r1i1p1,FORE-SCE-A2,6,20,55,514395384492.84143,459728131422.3618,375512629515.7882
MIL,ccsm4_rcp26_r1i1p1,FORE-SCE-B1,6,20,56,506854900864.7799,452818386473.8015,369469014664.30475
MIL,ccsm4_rcp26_r1i1p1,GCAM-26,6,20,53,578164981557.1956,511658363311.9344,423471743833.89557
MIL,ccsm4_rcp26_r1i1p1,GCAM-45,6,20,54,545998398712.63916,484808693708.01215,398230894345.9063
MIL,ccsm4_rcp26_r1i1p1,GCAM-ref,6,20,56,525371670081.81006,466694372398.12006,382157228690.9636
MIL,ccsm4_rcp26_r1i1p1,LUCAS-BAU_High-0001,6,20,57,497968773491.5769,444647349040.8632,363958999074.98755
MIL,ccsm4_rcp26_r1i1p1,LUCAS-BAU_High-0002,6,20,57,499008223111.4901,444687729237.5703,364800188628.4767
MIL,ccsm4_rcp45_r1i1p1,FORE-SCE-A1B,6,20,49,399399161847.35205,357908075573.5552,291833629066.67474
MIL,ccsm4_rcp45_r1i1p1,FORE-SCE-A2,6,20,49,385777924291.4838,346096482452.6067,281752796095.46747
MIL,ccsm4_rcp45_r1i1p1,FORE-SCE-B1,6,20,51,377694263498.02264,340289819375.7449,276008284285.53107
MIL,ccsm4_rcp45_r1i1p1,GCAM-26,6,20,47,459897736640.70245,409218607002.55444,340253985847.3366
MIL,ccsm4_rcp45_r1i1p1,GCAM-45,6,20,49,424126244485.99805,377800107856.0418,310790846710.2921
MIL,ccsm4_rcp45_r1i1p1,GCAM-ref,6,20,49,398875904370.2246,360024826657.2053,293539546022.29596
MIL,ccsm4_rcp45_r1i1p1,LUCAS-BAU_High-0001,6,20,52,368214522315.41064,332436389537.27893,268948612225.899
MIL,ccsm4_rcp45_r1i1p1,LUCAS-BAU_High-0002,6,20,52,370566269520.3838,333071181111.7495,270233672553.76086
MIL,ccsm4_rcp60_r1i1p1,FORE-SCE-A1B,6,20,61,421708996310.4429,400485802025.1301,333617072001.2705
MIL,ccsm4_rcp60_r1i1p1,FORE-SCE-A2,6,20,60,410556030688.4181,392034042287.587,325381258868.51685
MIL,ccsm4_rcp60_r1i1p1,FORE-SCE-B1,6,20,58,399255729149.70905,386907940320.4154,320446770993.5114
MIL,ccsm4_rcp60_r1i1p1,GCAM-26,6,20,57,476715012796.474,448154437731.29114,375961253045.2044
MIL,ccsm4_rcp60_r1i1p1,GCAM-45,6,20,60,449145169759.58746,419152826918.794,350224027868.2767
MIL,ccsm4_rcp60_r1i1p1,GCAM-ref,6,20,60,423275122887.1083,403477679126.72986,335762459299.45123
MIL,ccsm4_rcp60_r1i1p1,LUCAS-BAU_High-0001,6,20,59,391582731279.8587,380918925820.3881,315237272193.62573
MIL,ccsm4_rcp60_r1i1p1,LUCAS-BAU_High-0002,6,20,58,395953487388.52014,380957464302.5356,316347484109.8411
MIL,ccsm4_rcp85_r1i1p1,FORE-SCE-A1B,6,20,53,497395810409.7103,440668581471.8464,355860162590.9539
MIL,ccsm4_rcp85_r1i1p1,FORE-SCE-A2,6,20,53,482956428246.81195,429189890814.43536,345133607301.0482
MIL,ccsm4_rcp85_r1i1p1,FORE-SCE-B1,6,20,53,472174901268.08417,422273411477.0369,336803288044.6477
MIL,ccsm4_rcp85_r1i1p1,GCAM-26,6,20,51,567077281387.7991,502657031319.7119,414040521821.0064
MIL,ccsm4_rcp85_r1i1p1,GCAM-45,6,20,52,522462969705.27386,463627526070.5841,378882054818.3991
MIL,ccsm4_rcp85_r1i1p1,GCAM-ref,6,20,53,499192624695.5252,440336415237.84204,356294210839.32025
MIL,ccsm4_rcp85_r1i1p1,LUCAS-BAU_High-0001,6,20,53,461729173403.32855,408662447612.6335,327122251139.0808
MIL,ccsm4_rcp85_r1i1p1,LUCAS-BAU_High-0002,6,20,53,463019780015.45044,412363960816.6469,328648191127.32745
MIL,cesm1-bgc_rcp45_r1i1p1,FORE-SCE-A1B,6,20,56,564358704266.8921,566997910533.0685,485729840818.69916
MIL,cesm1-bgc_rcp45_r1i1p1,FORE-SCE-A2,6,20,56,554915608263.27,558744789804.2323,478907397851.6846
MIL,cesm1-bgc_rcp45_r1i1p1,FORE-SCE-B1,6,20,56,547554362827.69806,553071684892.8242,473640209345.8701
MIL,cesm1-bgc_rcp45_r1i1p1,GCAM-26,6,20,55,613858975933.3043,608576680078.3474,524608571300.6854
MIL,cesm1-bgc_rcp45_r1i1p1,GCAM-45,6,20,56,583406218347.9744,584487583982.1466,500091189841.37177
MIL,cesm1-bgc_rcp45_r1i1p1,GCAM-ref,6,20,56,564096605107.9568,569139399556.204,485523065201.82745
MIL,cesm1-bgc_rcp45_r1i1p1,LUCAS-BAU_High-0001,6,20,56,539320841590.25024,547488339010.592,467922215538.9901
MIL,cesm1-bgc_rcp45_r1i1p1,LUCAS-BAU_High-0002,6,20,56,541760312768.6402,550425956772.3667,468937449872.89465
MIL,cesm1-bgc_rcp85_r1i1p1,FORE-SCE-A1B,6,20,55,660430923357.1953,571066575041.8872,480267201697.7485
MIL,cesm1-bgc_rcp85_r1i1p1,FORE-SCE-A2,6,20,54,644507715683.9037,560568928722.2142,471436550627.61
MIL,cesm1-bgc_rcp85_r1i1p1,FORE-SCE-B1,6,20,54,637895134678.2996,555062924023.5383,464886620599.0385
MIL,cesm1-bgc_rcp85_r1i1p1,GCAM-26,6,20,54,714331681854.5565,620782993301.5392,530566427386.6606
MIL,cesm1-bgc_rcp85_r1i1p1,GCAM-45,6,20,55,686464461348.8712,591182966206.9373,499190258843.6095
MIL,cesm1-bgc_rcp85_r1i1p1,GCAM-ref,6,20,55,660857825991.7262,570876505751.5261,480066281302.2515
MIL,cesm1-bgc_rcp85_r1i1p1,LUCAS-BAU_High-0001,6,20,55,625422758579.9521,544482964242.97955,457555193962.0539
MIL,cesm1-bgc_rcp85_r1i1p1,LUCAS-BAU_High-0002,6,20,55,625727794722.2322,548316718774.519,458700599866.5851
MIL,cesm1-cam5_rcp26_r1i1p1,FORE-SCE-A1B,6,20,60,743149791991.9266,736232335770.0638,628813513878.8837
MIL,cesm1-cam5_rcp26_r1i1p1,FORE-SCE-A2,6,20,60,733511779862.9888,725238918383.0835,621857862869.779
MIL,cesm1-cam5_rcp26_r1i1p1,FORE-SCE-B1,6,20,60,725863811117.1523,721436720506.5581,616614931247.5234
MIL,cesm1-cam5_rcp26_r1i1p1,GCAM-26,6,20,60,793917857492.0708,778491828709.4788,666840736689.5189
MIL,cesm1-cam5_rcp26_r1i1p1,GCAM-45,6,20,60,765326577367.8519,754543475204.373,643186659207.6064
MIL,cesm1-cam5_rcp26_r1i1p1,GCAM-ref,6,20,60,743620167286.732,734086414381.4283,628451103590.394
MIL,cesm1-cam5_rcp26_r1i1p1,LUCAS-BAU_High-0001,6,20,60,721434256649.0265,713090813396.4058,611067532165.331
MIL,cesm1-cam5_rcp26_r1i1p1,LUCAS-BAU_High-0002,6,20,60,719672068402.6028,715608981385.6769,611952976768.2671
MIL,cesm1-cam5_rcp45_r1i1p1,FORE-SCE-A1B,6,20,51,372255297734.378,365867724472.63556,285677982914.6034
MIL,cesm1-cam5_rcp45_r1i1p1,FORE-SCE-A2,6,20,51,358720126465.1562,354151564982.0354,275250318951.3212
MIL,cesm1-cam5_rcp45_r1i1p1,FORE-SCE-B1,6,20,49,350685937307.7289,347882079531.599,267892729775.25894
MIL,cesm1-cam5_rcp45_r1i1p1,GCAM-26,6,20,49,433190555306.0722,422826051819.2985,338220286088.2989
MIL,cesm1-cam5_rcp45_r1i1p1,GCAM-45,6,20,50,396476860406.0183,388896733712.90326,306460161130.3504
MIL,cesm1-cam5_rcp45_r1i1p1,GCAM-ref,6,20,51,372928502059.60254,366672195590.16693,286153128826.5628
MIL,cesm1-cam5_rcp45_r1i1p1,LUCAS-BAU_High-0001,6,20,50,339630549999.91455,334978219372.17773,259687211845.40524
MIL,cesm1-cam5_rcp45_r1i1p1,LUCAS-BAU_High-0002,6,20,50,341534333773.42706,340617119145.0767,261045239292.81836
MIL,cesm1-cam5_rcp60_r1i1p1,FORE-SCE-A1B,6,20,52,663367693320.92,642770407951.5334,561559655402.2281
MIL,cesm1-cam5_rcp60_r1i1p1,FORE-SCE-A2,6,20,53,649627407964.7653,629169220195.557,552361193984.8416
MIL,cesm1-cam5_rcp60_r1i1p1,FORE-SCE-B1,6,20,53,641188827014.2994,622532612253.8947,545282590134.0905
MIL,cesm1-cam5_rcp60_r1i1p1,GCAM-26,6,20,48,724990040066.7155,697968115256.7001,612042287179.7073
MIL,cesm1-cam5_rcp60_r1i1p1,GCAM-45,6,20,49,685928712873.2095,662223703953.7197,580812970621.3596
MIL,cesm1-cam5_rcp60_r1i1p1,GCAM-ref,6,20,52,665897622266.2437,643550233885.7059,561729676411.6609
MIL,cesm1-cam5_rcp60_r1i1p1,LUCAS-BAU_High-0001,6,20,53,632633371128.5708,610534477682.8983,537120584482.4005
MIL,cesm1-cam5_rcp60_r1i1p1,LUCAS-BAU_High-0002,6,20,53,634600238755.5187,612960241822.5251,538450035609.7022
MIL,cesm1-cam5_rcp85_r1i1p1,FORE-SCE-A1B,6,20,51,747657094190.4825,654336696716.32,574314246127.2278
MIL,cesm1-cam5_rcp85_r1i1p1,FORE-SCE-A2,6,20,51,736379940776.0117,645188205857.6866,563918031787.9006
MIL,cesm1-cam5_rcp85_r1i1p1,FORE-SCE-B1,6,20,51,723063000751.6078,635510379437.3206,555262212258.6508
MIL,cesm1-cam5_rcp85_r1i1p1,GCAM-26,6,20,49,821587024533.7029,717868933034.8428,634612464952.2297
MIL,cesm1-cam5_rcp85_r1i1p1,GCAM-45,6,20,49,777905457199.743,680607262731.0098,598078371582.7981
MIL,cesm1-cam5_rcp85_r1i1p1,GCAM-ref,6,20,51,750767814854.0507,654836938444.8578,574337246876.1053
MIL,cesm1-cam5_rcp85_r1i1p1,LUCAS-BAU_High-0001,6,20,52,709937546215.7874,626510393841.2753,545584551627.13715
MIL,cesm1-cam5_rcp85_r1i1p1,LUCAS-BAU_High-0002,6,20,52,714779347527.4281,626835299074.4692,547195693944.19867
MIL,cmcc-cm_rcp45_r1i1p1,FORE-SCE-A1B,6,20,45,246767174359.80692,233510896849.76987,182840025609.0023
MIL,cmcc-cm_rcp45_r1i1p1,FORE-SCE-A2,6,20,46,232626403394.66736,220793008421.81586,171877007314.27435
MIL,cmcc-cm_rcp45_r1i1p1,FORE-SCE-B1,6,20,45,222760937076.4585,211967357589.9622,163721699527.44952
MIL,cmcc-cm_rcp45_r1i1p1,GCAM-26,6,20,40,314058551080.73,293329614256.85876,242061211318.43594
MIL,cmcc-cm_rcp45_r1i1p1,GCAM-45,6,20,42,272854849689.8242,256088048769.2142,205456318026.10843
MIL,cmcc-cm_rcp45_r1i1p1,GCAM-ref,6,20,45,247575696316.00836,234385006598.84055,183041763945.12076
MIL,cmcc-cm_rcp45_r1i1p1,LUCAS-BAU_High-0001,6,20,45,209441762771.03436,199336106162.50082,154009494384.55453
MIL,cmcc-cm_rcp45_r1i1p1,LUCAS-BAU_High-0002,6,20,46,213676155136.9342,203871663891.41885,155603940342.97125
MIL,cmcc-cm_rcp85_r1i1p1,FORE-SCE-A1B,6,20,41,208113774675.93793,186262924635.87445,150023626530.50894
MIL,cmcc-cm_rcp85_r1i1p1,FORE-SCE-A2,6,20,43,193685296498.10608,174229689924.22134,138491419425.7861
MIL,cmcc-cm_rcp85_r1i1p1,FORE-SCE-B1,6,20,43,184648300735.34024,164060863272.8954,128160688369.53268
MIL,cmcc-cm_rcp85_r1i1p1,GCAM-26,6,20,39,279474987308.03156,252221143729.97803,213973223786.91986
MIL,cmcc-cm_rcp85_r1i1p1,GCAM-45,6,20,41,238007014583.52008,213362723131.42334,175209187343.10553
MIL,cmcc-cm_rcp85_r1i1p1,GCAM-ref,6,20,41,209852186260.81213,185630418715.62253,149471237298.8903
MIL,cmcc-cm_rcp85_r1i1p1,LUCAS-BAU_High-0001,6,20,43,169144690126.62357,152636651466.41153,117102569414.82426
MIL,cmcc-cm_rcp85_r1i1p1,LUCAS-BAU_High-0002,6,20,43,171193678262.57648,155171554036.00137,118817419737.56308
MIL,cnrm-cm5_rcp45_r1i1p1,FORE-SCE-A1B,6,20,64,501655831779.484,465561464490.67444,395426907460.70264
MIL,cnrm-cm5_rcp45_r1i1p1,FORE-SCE-A2,6,20,63,478942628016.99774,454853841333.345,387532102399.9309
MIL,cnrm-cm5_rcp45_r1i1p1,FORE-SCE-B1,6,20,63,484298933573.36725,449635828537.6194,381300513999.07263
MIL,cnrm-cm5_rcp45_r1i1p1,GCAM-26,6,20,59,546153077639.2901,511692112389.73,440787735813.32904
MIL,cnrm-cm5_rcp45_r1i1p1,GCAM-45,6,20,64,530705949850.12384,484187025571.1758,412987960328.2477
MIL,cnrm-cm5_rcp45_r1i1p1,GCAM-ref,6,20,64,495236425888.35376,463589540771.87756,395450992645.80786
MIL,cnrm-cm5_rcp45_r1i1p1,LUCAS-BAU_High-0001,6,20,63,458387717988.96234,439932309000.8034,373860698309.8757
MIL,cnrm-cm5_rcp45_r1i1p1,LUCAS-BAU_High-0002,6,20,63,460629300428.04535,440362221061.5606,374907146575.2545
MIL,cnrm-cm5_rcp85_r1i1p1,FORE-SCE-A1B,6,20,54,888490362110.5679,735342482970.8373,671122769755.1527
MIL,cnrm-cm5_rcp85_r1i1p1,FORE-SCE-A2,6,20,52,853024848354.3872,724287851278.3021,660804636934.994
MIL,cnrm-cm5_rcp85_r1i1p1,FORE-SCE-B1,6,20,52,864652704650.271,715656322864.1992,652279990423.5623
MIL,cnrm-cm5_rcp85_r1i1p1,GCAM-26,6,20,51,956458947498.9781,799406130289.6049,729086357670.3301
MIL,cnrm-cm5_rcp85_r1i1p1,GCAM-45,6,20,54,914995948251.4215,761198149106.6506,692971080541.0381
MIL,cnrm-cm5_rcp85_r1i1p1,GCAM-ref,6,20,54,869733566351.3029,735264381724.8357,669785722482.4146
MIL,cnrm-cm5_rcp85_r1i1p1,LUCAS-BAU_High-0001,6,20,52,829929741246.8721,702456524138.7236,641481713088.3999
MIL,cnrm-cm5_rcp85_r1i1p1,LUCAS-BAU_High-0002,6,20,52,848403061160.69,707377948589.0121,643090863281.71
MIL,csiro-mk3-6-0_rcp26_r1i1p1,FORE-SCE-A1B,6,20,50,358211690209.4917,359447255777.8132,308486826949.92694
MIL,csiro-mk3-6-0_rcp26_r1i1p1,FORE-SCE-A2,6,20,51,354012912586.4468,349255909315.5714,298702236963.52985
MIL,csiro-mk3-6-0_rcp26_r1i1p1,FORE-SCE-B1,6,20,51,346012043565.54956,342538450593.60724,292568449069.8134
MIL,csiro-mk3-6-0_rcp26_r1i1p1,GCAM-26,6,20,47,420003780778.8476,411395565923.6138,356236902928.0646
MIL,csiro-mk3-6-0_rcp26_r1i1p1,GCAM-45,6,20,51,382841746900.7362,379825434325.7381,326916625396.35925
MIL,csiro-mk3-6-0_rcp26_r1i1p1,GCAM-ref,6,20,51,359328143738.5281,361221989523.3514,309441310177.83813
MIL,csiro-mk3-6-0_rcp26_r1i1p1,LUCAS-BAU_High-0001,6,20,53,335110602108.569,334661580400.6329,285827042999.32043
MIL,csiro-mk3-6-0_rcp26_r1i1p1,LUCAS-BAU_High-0002,6,20,53,338164860232.7197,338019132779.36334,287125417643.40576
MIL,csiro-mk3-6-0_rcp45_r1i1p1,FORE-SCE-A1B,6,20,36,187265055508.71912,174413162758.9259,140503255080.15134
MIL,csiro-mk3-6-0_rcp45_r1i1p1,FORE-SCE-A2,6,20,41,173313392148.03702,162875075464.2663,128692918574.03717
MIL,csiro-mk3-6-0_rcp45_r1i1p1,FORE-SCE-B1,6,20,41,165064421528.71356,154671714816.15384,120636098126.79604
MIL,csiro-mk3-6-0_rcp45_r1i1p1,GCAM-26,6,20,39,253218786410.16132,239266167475.82095,199038865357.76956
MIL,csiro-mk3-6-0_rcp45_r1i1p1,GCAM-45,6,20,39,214650797963.86066,200215012618.7107,163449113304.61038
MIL,csiro-mk3-6-0_rcp45_r1i1p1,GCAM-ref,6,20,37,189943182574.5994,177511287165.82697,141500066006.79138
MIL,csiro-mk3-6-0_rcp45_r1i1p1,LUCAS-BAU_High-0001,6,20,43,154245481973.8731,141906490766.72507,111507828516.2077
MIL,csiro-mk3-6-0_rcp45_r1i1p1,LUCAS-BAU_High-0002,6,20,41,156216723180.94138,145224302477.4544,113196348446.12543
MIL,csiro-mk3-6-0_rcp60_r1i1p1,FORE-SCE-A1B,6,20,45,346624917828.70404,282516474082.83057,223183958164.51956
MIL,csiro-mk3-6-0_rcp60_r1i1p1,FORE-SCE-A2,6,20,46,332707218394.49567,269028559729.8872,212788460275.46826
MIL,csiro-mk3-6-0_rcp60_r1i1p1,FORE-SCE-B1,6,20,46,325291523550.8457,261621940858.03116,203875112004.30243
MIL,csiro-mk3-6-0_rcp60_r1i1p1,GCAM-26,6,20,44,418997728582.03845,340760297103.46204,281471799323.7896
MIL,csiro-mk3-6-0_rcp60_r1i1p1,GCAM-45,6,20,45,378401032470.3678,305392167025.8281,245541977155.02646
MIL,csiro-mk3-6-0_rcp60_r1i1p1,GCAM-ref,6,20,45,349961015855.97406,283904412591.9324,222581068884.1283
MIL,csiro-mk3-6-0_rcp60_r1i1p1,LUCAS-BAU_High-0001,6,20,48,310582241944.54047,251948626676.5876,194171599648.0247
MIL,csiro-mk3-6-0_rcp60_r1i1p1,LUCAS-BAU_High-0002,6,20,48,315031077996.81,254116715105.88196,195712285978.151
MIL,csiro-mk3-6-0_rcp85_r1i1p1,FORE-SCE-A1B,6,20,48,416455670172.7455,377702483381.20514,310631390224.39996
MIL,csiro-mk3-6-0_rcp85_r1i1p1,FORE-SCE-A2,6,20,48,395108149921.62244,368303150685.7686,300383578992.8957
MIL,csiro-mk3-6-0_rcp85_r1i1p1,FORE-SCE-B1,6,20,48,385481998523.58844,359710004162.7545,290860595882.4746
MIL,csiro-mk3-6-0_rcp85_r1i1p1,GCAM-26,6,20,46,487018201806.2863,442568187073.13403,371219960145.29596
MIL,csiro-mk3-6-0_rcp85_r1i1p1,GCAM-45,6,20,47,444628619664.49506,403288607171.0456,334814195438.52563
MIL,csiro-mk3-6-0_rcp85_r1i1p1,GCAM-ref,6,20,48,416744373008.8353,381281969911.1836,310027408282.28406
MIL,csiro-mk3-6-0_rcp85_r1i1p1,LUCAS-BAU_High-0001,6,20,49,378266255884.20984,344924128812.80853,280651510302.8444
MIL,csiro-mk3-6-0_rcp85_r1i1p1,LUCAS-BAU_High-0002,6,20,49,378792980817.1376,348557213185.3357,282249650344.3804
MIL,fgoals-g2_rcp26_r1i1p1,FORE-SCE-A1B,6,20,59,205341479161.46173,196652384261.465,143853981241.23575
MIL,fgoals-g2_rcp26_r1i1p1,FORE-SCE-A2,6,20,60,194571812759.54196,189092624024.13364,135767347207.47409
MIL,fgoals-g2_rcp26_r1i1p1,FORE-SCE-B1,6,20,61,187466606282.9408,182984522184.2857,129933129878.42322
MIL,fgoals-g2_rcp26_r1i1p1,GCAM-26,6,20,58,258139719844.0806,243450613189.45718,185929627168.79117
MIL,fgoals-g2_rcp26_r1i1p1,GCAM-45,6,20,59,225549041751.88596,215770861172.57562,160190952979.5333
MIL,fgoals-g2_rcp26_r1i1p1,GCAM-ref,6,20,60,205403039703.01263,200177462892.83804,144096242785.92145
MIL,fgoals-g2_rcp26_r1i1p1,LUCAS-BAU_High-0001,6,20,62,178730766430.99304,175623386066.08337,123790358795.46265
MIL,fgoals-g2_rcp26_r1i1p1,LUCAS-BAU_High-0002,6,20,62,180176301405.50388,176860405371.75293,124904740606.93756
NHG,access1-0_rcp45_r1i1p1,FORE-SCE-A1B,6,20,56,1791751818.7125895,1581691477.6874454,5.177805302832084e-24
NHG,access1-0_rcp45_r1i1p1,FORE-SCE-A2,6,20,52,1783751845.8781261,1581820650.1386337,4.012563082512023e-24
NHG,access1-0_rcp45_r1i1p1,FORE-SCE-B1,6,20,48,1776055845.8901174,1601792893.9652987,3.637494431959261e-24
NHG,access1-0_rcp45_r1i1p1,GCAM-26,6,20,63,1768321626.1467063,1615516642.742742,7.668081408433774e-24
NHG,access1-0_rcp45_r1i1p1,GCAM-45,6,20,60,1767026230.8095472,1664213733.3451908,6.165585373913626e-24
NHG,access1-0_rcp45_r1i1p1,GCAM-ref,6,20,56,1774355119.0895743,1743624371.3392348,5.111970127125959e-24
NHG,access1-0_rcp45_r1i1p1,LUCAS-BAU_High-0001,6,20,54,1789873620.039787,1535027699.6387556,3.135804139787665e-24
NHG,access1-0_rcp45_r1i1p1,LUCAS-BAU_High-0002,6,20,55,1789043461.553237,1544929658.9925604,3.160239895187791e-24
NHG,access1-0_rcp85_r1i1p1,FORE-SCE-A1B,6,20,60,44603228.41856355,515025579.48785734,5.405199191927472e-24
NHG,access1-0_rcp85_r1i1p1,FORE-SCE-A2,6,20,53,36613813.715432376,514463936.31710076,4.234504365030523e-24
NHG,access1-0_rcp85_r1i1p1,FORE-SCE-B1,6,20,43,34164587.73137075,512198923.33632267,3.8095039746208925e-24
NHG,access1-0_rcp85_r1i1p1,GCAM-26,6,20,54,81381043.07523994,510150837.3591308,636350.0507097326
NHG,access1-0_rcp85_r1i1p1,GCAM-45,6,20,46,60602583.22578092,510678672.58624065,20699.612047187456
NHG,access1-0_rcp85_r1i1p1,GCAM-ref,6,20,38,47845167.977909684,515585067.6257259,0.002704597520164236
NHG,access1-0_rcp85_r1i1p1,LUCAS-BAU_High-0001,6,20,46,27811452.07560742,513836247.5522033,3.2835798754409066e-24
NHG,access1-0_rcp85_r1i1p1,LUCAS-BAU_High-0002,6,20,43,28688848.03993146,513738142.5340535,3.337803018622178e-24
NHG,bcc-csm1-1-m_rcp45_r1i1p1,FORE-SCE-A1B,6,20,46,2043070967.6244524,304190090.6601148,54335548.620386094
NHG,bcc-csm1-1-m_rcp45_r1i1p1,FORE-SCE-A2,6,20,57,2045228865.4771461,301869716.91798985,54300572.836455084
NHG,bcc-csm1-1-m_rcp45_r1i1p1,FORE-SCE-B1,6,20,58,2043644327.1713865,541131506.1126857,54068053.15600206
NHG,bcc-csm1-1-m_rcp45_r1i1p1,GCAM-26,6,20,53,2051086095.1866667,570812473.0463729,55424225.06940356
NHG,bcc-csm1-1-m_rcp45_r1i1p1,GCAM-45,6,20,51,2045357267.8274643,554601331.6769452,54873631.23159256
NHG,bcc-csm1-1-m_rcp45_r1i1p1,GCAM-ref,6,20,50,2042606423.8241267,329363478.8483852,54701622.26241857
NHG,bcc-csm1-1-m_rcp45_r1i1p1,LUCAS-BAU_High-0001,6,20,61,1721516197.2325375,310433767.18723285,54207142.478843
NHG,bcc-csm1-1-m_rcp45_r1i1p1,LUCAS-BAU_High-0002,6,20,61,1721096150.3271065,584116349.3693691,54223237.90173039
NHG,bcc-csm1-1-m_rcp85_r1i1p1,FORE-SCE-A1B,6,20,57,15735225578.796576,8077181361.225324,5871830758.668018
NHG,bcc-csm1-1-m_rcp85_r1i1p1,FORE-SCE-A2,6,20,52,11540037853.268393,7705212127.1877365,5876831464.047924
NHG,bcc-csm1-1-m_rcp85_r1i1p1,FORE-SCE-B1,6,20,52,12972491363.478834,7936645232.450829,5877610835.731162
NHG,bcc-csm1-1-m_rcp85_r1i1p1,GCAM-26,6,20,59,15487764498.999353,8024188485.805153,5864342907.780423
NHG,bcc-csm1-1-m_rcp85_r1i1p1,GCAM-45,6,20,57,11899477914.531866,7727032076.697783,5867771992.237269
NHG,bcc-csm1-1-m_rcp85_r1i1p1,GCAM-ref,6,20,56,15516509705.887152,7991371937.377099,5871670132.014344
NHG,bcc-csm1-1-m_rcp85_r1i1p1,LUCAS-BAU_High-0001,6,20,49,14659094626.580324,7980542444.568947,5879849993.999396
NHG,bcc-csm1-1-m_rcp85_r1i1p1,LUCAS-BAU_High-0002,6,20,49,12173878403.987986,7780332232.303466,5879153127.1509905
NHG,bcc-csm1-1_rcp26_r1i1p1,FORE-SCE-A1B,6,20,53,2991823427.585506,3017749997.550271,2479275803.758136
NHG,bcc-csm1-1_rcp26_r1i1p1,FORE-SCE-A2,6,20,46,2988487477.196209,3057415651.2172203,2480326834.1464276
NHG,bcc-csm1-1_rcp26_r1i1p1,FORE-SCE-B1,6,20,50,2905753270.879276,3189682374.484215,2480403712.952173
NHG,bcc-csm1-1_rcp26_r1i1p1,GCAM-26,6,20,45,3067231697.942814,2947459140.8519125,2477654199.218425
NHG,bcc-csm1-1_rcp26_r1i1p1,GCAM-45,6,20,51,3290362904.8665566,2881729971.457714,2478423670.5982833
NHG,bcc-csm1-1_rcp26_r1i1p1,GCAM-ref,6,20,49,3020943911.133925,3189424506.710755,2479050318.1425056
NHG,bcc-csm1-1_rcp26_r1i1p1,LUCAS-BAU_High-0001,6,20,48,3345919903.8634143,3140778377.4779615,2480470811.6533923
NHG,bcc-csm1-1_rcp26_r1i1p1,LUCAS-BAU_High-0002,6,20,47,3359956422.0760345,2995807286.2418246,2480376781.9783673
NHG,bcc-csm1-1_rcp45_r1i1p1,FORE-SCE-A1B,6,20,49,10429246983.945326,4083932098.3786674,136929657.98194006
NHG,bcc-csm1-1_rcp45_r1i1p1,FORE-SCE-A2,6,20,47,10649722566.922428,4084264412.1920395,136367602.35534695
NHG,bcc-csm1-1_rcp45_r1i1p1,FORE-SCE-B1,6,20,51,10729579162.646212,4083291401.7991223,136094014.86880323
NHG,bcc-csm1-1_rcp45_r1i1p1,GCAM-26,6,20,56,9737796990.512512,4044780848.6332245,138684334.5315623
NHG,bcc-csm1-1_rcp45_r1i1p1,GCAM-45,6,20,53,10113705668.822912,4083392247.6289687,137849543.89534813
NHG,bcc-csm1-1_rcp45_r1i1p1,GCAM-ref,6,20,51,10284360543.705988,4039364393.4575806,137333473.40238795
NHG,bcc-csm1-1_rcp45_r1i1p1,LUCAS-BAU_High-0001,6,20,45,10747284771.829456,4042778590.0277166,136207807.55097878
NHG,bcc-csm1-1_rcp45_r1i1p1,LUCAS-BAU_High-0002,6,20,44,10736730036.174812,4082848107.494722,136222964.87860435
NHG,bcc-csm1-1_rcp60_r1i1p1,FORE-SCE-A1B,6,20,60,4370565446.502501,4541168499.330637,2457231.9237990924
NHG,bcc-csm1-1_rcp60_r1i1p1,FORE-SCE-A2,6,20,54,4378396400.591016,4247159800.4049726,1983667.6819599057
NHG,bcc-csm1-1_rcp60_r1i1p1,FORE-SCE-B1,6,20,48,4381405862.24164,4109237414.580582,1946774.8348164046
NHG,bcc-csm1-1_rcp60_r1i1p1,GCAM-26,6,20,56,4353243043.43737,4126200505.844242,3811716.694050621
NHG,bcc-csm1-1_rcp60_r1i1p1,GCAM-45,6,20,57,4362533312.744394,4396600215.894062,2974846.2206242243
NHG,bcc-csm1-1_rcp60_r1i1p1,GCAM-ref,6,20,58,4366416426.553211,4209256753.347522,2613432.065477229
NHG,bcc-csm1-1_rcp60_r1i1p1,LUCAS-BAU_High-0001,6,20,42,4421669328.255955,4096482834.6897607,1823242.3411058877
NHG,bcc-csm1-1_rcp60_r1i1p1,LUCAS-BAU_High-0002,6,20,41,4409907203.561279,4105491546.535711,1872426.6809552573
NHG,bcc-csm1-1_rcp85_r1i1p1,FORE-SCE-A1B,6,20,50,28380211152.857056,27646324739.249523,25111804906.105686
NHG,bcc-csm1-1_rcp85_r1i1p1,FORE-SCE-A2,6,20,51,28577358886.63252,27841570432.413094,25114387851.338
NHG,bcc-csm1-1_rcp85_r1i1p1,FORE-SCE-B1,6,20,49,28382557621.968304,27922458829.300106,25115663337.821438
NHG,bcc-csm1-1_rcp85_r1i1p1,GCAM-26,6,20,60,28696469726.928593,27935966102.128136,25103540584.548477
NHG,bcc-csm1-1_rcp85_r1i1p1,GCAM-45,6,20,55,28751605931.912212,27933728445.732292,25108066331.87416
NHG,bcc-csm1-1_rcp85_r1i1p1,GCAM-ref,6,20,48,28597282729.77485,27979885080.661995,25111515240.90125
NHG,bcc-csm1-1_rcp85_r1i1p1,LUCAS-BAU_High-0001,6,20,49,28351722174.04177,27902649912.442646,25118156730.445282
NHG,bcc-csm1-1_rcp85_r1i1p1,LUCAS-BAU_High-0002,6,20,49,28391257483.745983,27948124061.102276,25117540831.004726
NHG,canesm2_rcp26_r1i1p1,FORE-SCE-A1B,6,20,55,76756450998.29535,76034859651.40245,71584532623.90112
NHG,canesm2_rcp26_r1i1p1,FORE-SCE-A2,6,20,45,76754349213.80309,75824199859.98311,71590499549.34476
NHG,canesm2_rcp26_r1i1p1,FORE-SCE-B1,6,20,47,76463416930.62764,77362010540.17499,71592030738.5088
NHG,canesm2_rcp26_r1i1p1,GCAM-26,6,20,62,76715720977.77617,76239655867.09924,71565689221.63536
NHG,canesm2_rcp26_r1i1p1,GCAM-45,6,20,57,76773855206.95749,74941908810.9615,71576823115.44876
NHG,canesm2_rcp26_r1i1p1,GCAM-ref,6,20,55,76730801185.43094,75463178432.39735,71581553076.33731
NHG,canesm2_rcp26_r1i1p1,LUCAS-BAU_High-0001,6,20,46,76778905566.42572,74904794161.39311,71595945712.9182
NHG,canesm2_rcp26_r1i1p1,LUCAS-BAU_High-0002,6,20,47,76740668015.8158,75169045237.36263,71595215320.04327
NHG,canesm2_rcp45_r1i1p1,FORE-SCE-A1B,6,20,61,10421033198.815798,9976550401.916777,8987102856.786615
NHG,canesm2_rcp45_r1i1p1,FORE-SCE-A2,6,20,57,10392674566.536022,9970298792.572748,8983841981.487295
NHG,canesm2_rcp45_r1i1p1,FORE-SCE-B1,6,20,58,10214449109.641092,9933636973.900566,8985680950.223877
NHG,canesm2_rcp45_r1i1p1,GCAM-26,6,20,66,10432114716.904661,10016811782.378002,8993550333.429132
NHG,canesm2_rcp45_r1i1p1,GCAM-45,6,20,62,10216080347.571579,9971709724.96213,8989126126.612064
NHG,canesm2_rcp45_r1i1p1,GCAM-ref,6,20,62,10413278203.940834,10041267667.81672,8990089668.584473
NHG,canesm2_rcp45_r1i1p1,LUCAS-BAU_High-0001,6,20,56,10375572394.835476,10100956257.432158,8985442325.543953
NHG,canesm2_rcp45_r1i1p1,LUCAS-BAU_High-0002,6,20,57,10570773136.84122,9937752797.192474,8985891674.658014
NHG,canesm2_rcp85_r1i1p1,FORE-SCE-A1B,6,20,57,236017584255.201,148813088988.03314,131545309284.9161
NHG,canesm2_rcp85_r1i1p1,FORE-SCE-A2,6,20,53,236265428074.4587,148775376440.56284,131553129786.5647
NHG,canesm2_rcp85_r1i1p1,FORE-SCE-B1,6,20,53,236346223670.49042,148783957379.59268,131557820141.98035
NHG,canesm2_rcp85_r1i1p1,GCAM-26,6,20,62,234818093220.54373,148845452213.8531,131516776941.80681
NHG,canesm2_rcp85_r1i1p1,GCAM-45,6,20,60,235477073209.89624,148719780737.18933,131533130222.56964
NHG,canesm2_rcp85_r1i1p1,GCAM-ref,6,20,57,236036416266.39566,149096660508.67255,131544148762.02556
NHG,canesm2_rcp85_r1i1p1,LUCAS-BAU_High-0001,6,20,54,236859957087.0881,148449846424.62915,131567729002.69713
NHG,canesm2_rcp85_r1i1p1,LUCAS-BAU_High-0002,6,20,54,236809681058.5025,148649737687.7835,131566051808.75175
NHG,ccsm4_rcp26_r1i1p1,FORE-SCE-A1B,6,20,56,11521506405.42125,11822928723.115341,9390216636.613806
NHG,ccsm4_rcp26_r1i1p1,FORE-SCE-A2,6,20,50,11513286864.198689,11989051921.94259,9391557523.524158
NHG,ccsm4_rcp26_r1i1p1,FORE-SCE-B1,6,20,47,11446248482.842121,11925368657.415684,9390504834.501907
NHG,ccsm4_rcp26_r1i1p1,GCAM-26,6,20,57,11508322325.734093,11926194824.350992,9391613896.232037
NHG,ccsm4_rcp26_r1i1p1,GCAM-45,6,20,57,11503476326.296227,11853656079.301846,9390340952.450975
NHG,ccsm4_rcp26_r1i1p1,GCAM-ref,6,20,54,11500513435.614544,11904904675.64163,9388870674.626493
NHG,ccsm4_rcp26_r1i1p1,LUCAS-BAU_High-0001,6,20,45,11520550296.440418,11909221795.268988,9388936651.156868
NHG,ccsm4_rcp26_r1i1p1,LUCAS-BAU_High-0002,6,20,43,11505480242.491861,11933697427.78925,9388954627.634352
NHG,ccsm4_rcp45_r1i1p1,FORE-SCE-A1B,6,20,43,27031658643.744198,19534465863.89699,18388600339.550224
NHG,ccsm4_rcp45_r1i1p1,FORE-SCE-A2,6,20,42,27385304123.824738,19549275760.535652,18390919794.010178
NHG,ccsm4_rcp45_r1i1p1,FORE-SCE-B1,6,20,41,26726522774.236694,19538922858.38149,18392443916.52539
NHG,ccsm4_rcp45_r1i1p1,GCAM-26,6,20,60,26944069967.76318,19611378959.566708,18379143789.908424
NHG,ccsm4_rcp45_r1i1p1,GCAM-45,6,20,52,26965120157.64632,19612783102.770393,18387503061.837856
NHG,ccsm4_rcp45_r1i1p1,GCAM-ref,6,20,45,26982693004.671856,19534013476.679565,18388774846.563267
NHG,ccsm4_rcp45_r1i1p1,LUCAS-BAU_High-0001,6,20,38,27559219259.999416,19558669950.86357,18394965462.54487
NHG,ccsm4_rcp45_r1i1p1,LUCAS-BAU_High-0002,6,20,36,27493049057.947643,19689361292.825153,18394566802.694225
NHG,ccsm4_rcp60_r1i1p1,FORE-SCE-A1B,6,20,47,28280493543.62219,27667234497.780758,28167056741.916183
NHG,ccsm4_rcp60_r1i1p1,FORE-SCE-A2,6,20,47,28530439815.814606,28325566655.449104,28168485150.83745
NHG,ccsm4_rcp60_r1i1p1,FORE-SCE-B1,6,20,46,28305202287.198074,27692204179.95445,28171452680.017357
NHG,ccsm4_rcp60_r1i1p1,GCAM-26,6,20,56,28328364022.29162,27640095196.640366,28158032550.74962
NHG,ccsm4_rcp60_r1i1p1,GCAM-45,6,20,49,28284035518.12703,27634697136.95457,28163252926.921097
NHG,ccsm4_rcp60_r1i1p1,GCAM-ref,6,20,48,28416879007.493526,27642874645.06468,28168894826.53507
NHG,ccsm4_rcp60_r1i1p1,LUCAS-BAU_High-0001,6,20,43,28303314972.715584,27970639366.48048,28174362395.63815
NHG,ccsm4_rcp60_r1i1p1,LUCAS-BAU_High-0002,6,20,45,28293939033.774124,27645895671.089176,28174055164.470963
NHG,ccsm4_rcp85_r1i1p1,FORE-SCE-A1B,6,20,51,24041060425.220657,23570747093.338806,23201169133.748104
NHG,ccsm4_rcp85_r1i1p1,FORE-SCE-A2,6,20,47,24045085753.09737,23630075205.700867,23200614028.086094
NHG,ccsm4_rcp85_r1i1p1,FORE-SCE-B1,6,20,48,23530859358.900394,23307816507.89835,23199660094.844048
NHG,ccsm4_rcp85_r1i1p1,GCAM-26,6,20,53,24042907974.218323,23779487035.279446,23205229462.65999
NHG,ccsm4_rcp85_r1i1p1,GCAM-45,6,20,54,24043875896.363144,23570857779.217403,23202729746.514782
NHG,ccsm4_rcp85_r1i1p1,GCAM-ref,6,20,51,24228102293.065765,23503248849.828804,23200926994.981365
NHG,ccsm4_rcp85_r1i1p1,LUCAS-BAU_High-0001,6,20,49,24012779477.42634,23564488840.3788,23195464339.457745
NHG,ccsm4_rcp85_r1i1p1,LUCAS-BAU_High-0002,6,20,50,24014367045.905678,23593569939.53942,23195541350.487015
NHG,cesm1-bgc_rcp45_r1i1p1,FORE-SCE-A1B,6,20,53,26881583933.310844,27398928517.154583,26800478447.974022
NHG,cesm1-bgc_rcp45_r1i1p1,FORE-SCE-A2,6,20,48,26903401347.494427,27438266440.166862,26800630492.413498
NHG,cesm1-bgc_rcp45_r1i1p1,FORE-SCE-B1,6,20,45,26751337608.54812,27612387516.138905,26801558419.978024
NHG,cesm1-bgc_rcp45_r1i1p1,GCAM-26,6,20,54,26883615986.226707,27287794987.98622,26798812496.631157
NHG,cesm1-bgc_rcp45_r1i1p1,GCAM-45,6,20,55,26732884011.352165,27651691272.50885,26799665686.979946
NHG,cesm1-bgc_rcp45_r1i1p1,GCAM-ref,6,20,54,26843913207.80882,27272910723.196056,26801018623.130527
NHG,cesm1-bgc_rcp45_r1i1p1,LUCAS-BAU_High-0001,6,20,43,26833215783.491295,27253449849.758797,26802744529.045147
NHG,cesm1-bgc_rcp45_r1i1p1,LUCAS-BAU_High-0002,6,20,44,26746621218.05137,27500283625.40011,26802657798.160473
NHG,cesm1-bgc_rcp85_r1i1p1,FORE-SCE-A1B,6,20,61,22160502916.770218,24661006624.93304,15936952307.202877
NHG,cesm1-bgc_rcp85_r1i1p1,FORE-SCE-A2,6,20,57,22164087148.8444,24776779211.31925,15939693616.149574
NHG,cesm1-bgc_rcp85_r1i1p1,FORE-SCE-B1,6,20,59,22128217745.51053,24736966102.82653,15942070906.439009
NHG,cesm1-bgc_rcp85_r1i1p1,GCAM-26,6,20,63,22101292773.674545,24638272561.85613,15922977343.941774
NHG,cesm1-bgc_rcp85_r1i1p1,GCAM-45,6,20,63,22139113373.179993,24597855668.90025,15931179439.630424
NHG,cesm1-bgc_rcp85_r1i1p1,GCAM-ref,6,20,61,22158795502.20397,24728664335.256668,15936721876.560587
NHG,cesm1-bgc_rcp85_r1i1p1,LUCAS-BAU_High-0001,6,20,57,22149440132.284542,24702217547.86018,15946849227.589888
NHG,cesm1-bgc_rcp85_r1i1p1,LUCAS-BAU_High-0002,6,20,57,22041949868.825768,24841679517.63129,15946362733.0441
NHG,cesm1-cam5_rcp26_r1i1p1,FORE-SCE-A1B,6,20,43,10611876918.806814,10530419139.286734,6433089105.345568
NHG,cesm1-cam5_rcp26_r1i1p1,FORE-SCE-A2,6,20,46,10556425287.48471,10512905286.935678,6433817197.286951
NHG,cesm1-cam5_rcp26_r1i1p1,FORE-SCE-B1,6,20,41,10698931901.229412,10496067834.846542,6433582883.46976
NHG,cesm1-cam5_rcp26_r1i1p1,GCAM-26,6,20,51,10682704456.075651,10482070124.124866,6434358209.299356
NHG,cesm1-cam5_rcp26_r1i1p1,GCAM-45,6,20,47,10689329250.874304,10511357722.550789,6433038045.799262
NHG,cesm1-cam5_rcp26_r1i1p1,GCAM-ref,6,20,41,10743679953.624733,10513486948.522076,6433178021.895428
NHG,cesm1-cam5_rcp26_r1i1p1,LUCAS-BAU_High-0001,6,20,40,10687305595.393126,10528855867.939352,6433371042.081774
NHG,cesm1-cam5_rcp26_r1i1p1,LUCAS-BAU_High-0002,6,20,40,10564335892.554913,10510272216.769186,6433090903.958372
NHG,cesm1-cam5_rcp45_r1i1p1,FORE-SCE-A1B,6,20,45,4267764738.941487,5530900435.979159,3553105698.731218
NHG,cesm1-cam5_rcp45_r1i1p1,FORE-SCE-A2,6,20,42,4056215284.712453,5478102434.515007,3552954226.7672997
NHG,cesm1-cam5_rcp45_r1i1p1,FORE-SCE-B1,6,20,45,3995748658.573021,5479126010.004655,3552778872.8364673
NHG,cesm1-cam5_rcp45_r1i1p1,GCAM-26,6,20,55,4149672143.6509166,5531897840.1126795,3554632597.848163
NHG,cesm1-cam5_rcp45_r1i1p1,GCAM-45,6,20,53,4254705825.581178,5449051097.425376,3553657516.688379
NHG,cesm1-cam5_rcp45_r1i1p1,GCAM-ref,6,20,46,4234402788.757457,5489429969.817569,3553340268.911004
NHG,cesm1-cam5_rcp45_r1i1p1,LUCAS-BAU_High-0001,6,20,35,4020769931.782343,5492955240.17152,3552937601.234562
NHG,cesm1-cam5_rcp45_r1i1p1,LUCAS-BAU_High-0002,6,20,40,4085046222.3978763,5486306852.167904,3552943829.43401
NHG,cesm1-cam5_rcp60_r1i1p1,FORE-SCE-A1B,6,20,52,7404260085.3732,7179948728.961441,4278621110.30993
NHG,cesm1-cam5_rcp60_r1i1p1,FORE-SCE-A2,6,20,50,7290484244.140806,7196133703.475434,4280476317.113723
NHG,cesm1-cam5_rcp60_r1i1p1,FORE-SCE-B1,6,20,51,7402373633.792359,7069252308.549179,4280531068.76382
NHG,cesm1-cam5_rcp60_r1i1p1,GCAM-26,6,20,59,7311768476.380597,7164949374.85698,4272638247.166093
NHG,cesm1-cam5_rcp60_r1i1p1,GCAM-45,6,20,53,7300174737.78286,7075191635.591845,4277179810.396428
NHG,cesm1-cam5_rcp60_r1i1p1,GCAM-ref,6,20,52,7181626229.0253725,7106410136.564194,4278077787.7587776
NHG,cesm1-cam5_rcp60_r1i1p1,LUCAS-BAU_High-0001,6,20,49,7402652081.586499,7126446728.873765,4281017719.04121
NHG,cesm1-cam5_rcp60_r1i1p1,LUCAS-BAU_High-0002,6,20,50,7274436963.069518,7132719796.405055,4280855907.8788104
NHG,cesm1-cam5_rcp85_r1i1p1,FORE-SCE-A1B,6,20,55,44184006081.49926,42837909921.85412,41270947269.62413
NHG,cesm1-cam5_rcp85_r1i1p1,FORE-SCE-A2,6,20,55,44003570745.809235,42939245049.407486,41275476583.60628
NHG,cesm1-cam5_rcp85_r1i1p1,FORE-SCE-B1,6,20,54,44029000810.99054,42945678112.489235,41276394928.14961
NHG,cesm1-cam5_rcp85_r1i1p1,GCAM-26,6,20,58,44096941361.15338,43048295886.66924,41264522776.90511
NHG,cesm1-cam5_rcp85_r1i1p1,GCAM-45,6,20,58,44128704643.38814,42962249086.95242,41267248723.59791
NHG,cesm1-cam5_rcp85_r1i1p1,GCAM-ref,6,20,55,44182121107.66387,42907865863.62581,41270735306.01499
NHG,cesm1-cam5_rcp85_r1i1p1,LUCAS-BAU_High-0001,6,20,51,43849478128.834595,43000058918.32512,41278021414.08181
NHG,cesm1-cam5_rcp85_r1i1p1,LUCAS-BAU_High-0002,6,20,52,44272800755.06385,42983160231.7743,41277520384.05606
NHG,cmcc-cm_rcp45_r1i1p1,FORE-SCE-A1B,6,20,41,6083808404.306625,3534302226.775385,60589.88466002491
NHG,cmcc-cm_rcp45_r1i1p1,FORE-SCE-A2,6,20,41,6090838717.8915415,3279158747.2662797,42993.00501754957
NHG,cmcc-cm_rcp45_r1i1p1,FORE-SCE-B1,6,20,42,6101235277.430279,4442088524.414246,39802.474875224296
NHG,cmcc-cm_rcp45_r1i1p1,GCAM-26,6,20,45,6035020854.04074,3138163612.4404445,225984.9348344613
NHG,cmcc-cm_rcp45_r1i1p1,GCAM-45,6,20,47,6067372378.065723,3188037755.695782,102486.46410275233
NHG,cmcc-cm_rcp45_r1i1p1,GCAM-ref,6,20,48,6079891283.977995,3211071533.10136,72394.57383433124
NHG,cmcc-cm_rcp45_r1i1p1,LUCAS-BAU_High-0001,6,20,39,6087391268.910191,3270080963.1772075,33668.76741379421
NHG,cmcc-cm_rcp45_r1i1p1,LUCAS-BAU_High-0002,6,20,42,6086474044.164941,3572566534.2621517,34602.549170689694
NHG,cmcc-cm_rcp85_r1i1p1,FORE-SCE-A1B,6,20,39,109581386.41732514,7526455913.037679,973571.9965503884
NHG,cmcc-cm_rcp85_r1i1p1,FORE-SCE-A2,6,20,38,100762097.44739285,7277236655.381466,480056.1494164216
NHG,cmcc-cm_rcp85_r1i1p1,FORE-SCE-B1,6,20,37,89708300.42105697,7584461089.545359,306110.9882867379
NHG,cmcc-cm_rcp85_r1i1p1,GCAM-26,6,20,55,171511054.52522546,5958299271.794431,5057096.568243156
NHG,cmcc-cm_rcp85_r1i1p1,GCAM-45,6,20,45,133279727.7951076,6011378182.57101,2074277.6740325503
NHG,cmcc-cm_rcp85_r1i1p1,GCAM-ref,6,20,44,107738512.99661495,7565174635.2811985,1166957.1740802384
NHG,cmcc-cm_rcp85_r1i1p1,LUCAS-BAU_High-0001,6,20,35,78103714.5138529,6283720363.404179,72608.77365239347
NHG,cmcc-cm_rcp85_r1i1p1,LUCAS-BAU_High-0002,6,20,34,79635816.70233771,5909716439.716509,95534.92834617874
NHG,cnrm-cm5_rcp45_r1i1p1,FORE-SCE-A1B,6,20,58,42949536958.06262,38581366160.142975,34788620683.895226
NHG,cnrm-cm5_rcp45_r1i1p1,FORE-SCE-A2,6,20,56,43065156072.737816,38354882813.93565,34789253230.055725
NHG,cnrm-cm5_rcp45_r1i1p1,FORE-SCE-B1,6,20,54,42969726108.29638,38486482135.62339,34790901907.59948
NHG,cnrm-cm5_rcp45_r1i1p1,GCAM-26,6,20,65,42909430548.769135,38423272777.3982,34784652107.55712
NHG,cnrm-cm5_rcp45_r1i1p1,GCAM-45,6,20,62,42245486086.164696,38086395693.20247,34786856655.140854
NHG,cnrm-cm5_rcp45_r1i1p1,GCAM-ref,6,20,58,42971370771.92273,38535897853.054085,34789666024.41168
NHG,cnrm-cm5_rcp45_r1i1p1,LUCAS-BAU_High-0001,6,20,53,42978042985.09818,38428628983.41411,34793460856.671364
NHG,cnrm-cm5_rcp45_r1i1p1,LUCAS-BAU_High-0002,6,20,52,43104569171.50397,38283699939.30902,34792936014.610825
NHG,cnrm-cm5_rcp85_r1i1p1,FORE-SCE-A1B,6,20,66,83577141050.47214,69815334374.41063,68692857902.99625
NHG,cnrm-cm5_rcp85_r1i1p1,FORE-SCE-A2,6,20,67,83187563226.9285,69766321459.3926,68695988714.64149
NHG,cnrm-cm5_rcp85_r1i1p1,FORE-SCE-B1,6,20,65,82689182871.64244,69838980187.60469,68695545307.51897
NHG,cnrm-cm5_rcp85_r1i1p1,GCAM-26,6,20,66,84159620447.16837,69738309594.99472,68690927400.03932
NHG,cnrm-cm5_rcp85_r1i1p1,GCAM-45,6,20,65,84400128752.88873,69847444114.39539,68691074697.14098
NHG,cnrm-cm5_rcp85_r1i1p1,GCAM-ref,6,20,63,83471837579.99867,69817125841.76404,68690852504.65711
NHG,cnrm-cm5_rcp85_r1i1p1,LUCAS-BAU_High-0001,6,20,67,83344421569.2073,69802205047.30905,68696699186.247696
NHG,cnrm-cm5_rcp85_r1i1p1,LUCAS-BAU_High-0002,6,20,67,83826744745.95134,69871495298.29353,68696401279.68358
NHG,csiro-mk3-6-0_rcp26_r1i1p1,FORE-SCE-A1B,6,20,51,18305304141.82558,14109447607.785973,7144916496.36131
NHG,csiro-mk3-6-0_rcp26_r1i1p1,FORE-SCE-A2,6,20,47,16960713954.933855,13937253769.944061,7145229780.500508
NHG,csiro-mk3-6-0_rcp26_r1i1p1,FORE-SCE-B1,6,20,45,17647593919.670708,14231927411.678951,7144807006.405983
NHG,csiro-mk3-6-0_rcp26_r1i1p1,GCAM-26,6,20,57,16979911061.783243,14144109440.796513,7143809108.598057
NHG,csiro-mk3-6-0_rcp26_r1i1p1,GCAM-45,6,20,57,17007480055.053667,14585829172.63203,7146518039.878025
NHG,csiro-mk3-6-0_rcp26_r1i1p1,GCAM-ref,6,20,50,17037438337.103313,14370025321.084036,7144165971.097804
NHG,csiro-mk3-6-0_rcp26_r1i1p1,LUCAS-BAU_High-0001,6,20,47,18294449624.197025,13983329879.129597,7143839568.264056
NHG,csiro-mk3-6-0_rcp26_r1i1p1,LUCAS-BAU_High-0002,6,20,47,18293523976.585133,14677351660.458584,7143916127.546312
NHG,csiro-mk3-6-0_rcp45_r1i1p1,FORE-SCE-A1B,6,20,49,5186719613.47776,4231411009.3282976,702141578.605941
NHG,csiro-mk3-6-0_rcp45_r1i1p1,FORE-SCE-A2,6,20,46,5216819051.371524,4218352839.153197,701459926.5049381
NHG,csiro-mk3-6-0_rcp45_r1i1p1,FORE-SCE-B1,6,20,44,5192833258.41791,4192454612.5885463,702935025.5311126
NHG,csiro-mk3-6-0_rcp45_r1i1p1,GCAM-26,6,20,53,5183637409.764039,4337435035.0965395,704572160.5695056
NHG,csiro-mk3-6-0_rcp45_r1i1p1,GCAM-45,6,20,53,5199631854.334824,4217777029.6207614,703087031.4361172
NHG,csiro-mk3-6-0_rcp45_r1i1p1,GCAM-ref,6,20,50,5202939555.936535,4257953266.346144,702253429.1699601
NHG,csiro-mk3-6-0_rcp45_r1i1p1,LUCAS-BAU_High-0001,6,20,37,5195735872.789085,4162523133.3336883,703363497.8628099
NHG,csiro-mk3-6-0_rcp45_r1i1p1,LUCAS-BAU_High-0002,6,20,40,5195341879.115673,4179588333.4495435,703048560.3894315
NHG,csiro-mk3-6-0_rcp60_r1i1p1,FORE-SCE-A1B,6,20,56,10728904322.715576,9888814528.832447,2122816012.3863473
NHG,csiro-mk3-6-0_rcp60_r1i1p1,FORE-SCE-A2,6,20,55,11012517642.372541,9775814631.472773,2124986319.566923
NHG,csiro-mk3-6-0_rcp60_r1i1p1,FORE-SCE-B1,6,20,49,10286120204.40016,9927825801.523706,2125109631.915042
NHG,csiro-mk3-6-0_rcp60_r1i1p1,GCAM-26,6,20,53,10659219313.163458,9763597378.231035,2119051027.484379
NHG,csiro-mk3-6-0_rcp60_r1i1p1,GCAM-45,6,20,55,10666613209.21924,10003566499.15178,2121012000.9353578
NHG,csiro-mk3-6-0_rcp60_r1i1p1,GCAM-ref,6,20,56,10672975229.028929,9747589088.19615,2122410188.630403
NHG,csiro-mk3-6-0_rcp60_r1i1p1,LUCAS-BAU_High-0001,6,20,48,10521340152.005568,10029735398.388815,2125472892.8618877
NHG,csiro-mk3-6-0_rcp60_r1i1p1,LUCAS-BAU_High-0002,6,20,47,10520539249.327066,10037075626.70035,2125203250.6816971
NHG,csiro-mk3-6-0_rcp85_r1i1p1,FORE-SCE-A1B,6,20,47,44012544549.30328,25729956238.430683,22742077711.40114
NHG,csiro-mk3-6-0_rcp85_r1i1p1,FORE-SCE-A2,6,20,48,44030439183.645294,25768738195.33623,22741591649.012726
NHG,csiro-mk3-6-0_rcp85_r1i1p1,FORE-SCE-B1,6,20,50,42871527737.824265,25419730199.096928,22738181569.90691
NHG,csiro-mk3-6-0_rcp85_r1i1p1,GCAM-26,6,20,59,43074447319.5207,25469011032.03114,22755358884.612984
NHG,csiro-mk3-6-0_rcp85_r1i1p1,GCAM-45,6,20,50,43038047740.78327,25497236528.736496,22746905485.677887
NHG,csiro-mk3-6-0_rcp85_r1i1p1,GCAM-ref,6,20,49,43082463777.89186,25780708552.266876,22739712257.6121
NHG,csiro-mk3-6-0_rcp85_r1i1p1,LUCAS-BAU_High-0001,6,20,50,43671607008.24924,25840943502.909218,22734603365.24207
NHG,csiro-mk3-6-0_rcp85_r1i1p1,LUCAS-BAU_High-0002,6,20,50,43006166549.04563,25719878009.904446,22734865794.3011
NHG,fgoals-g2_rcp26_r1i1p1,FORE-SCE-A1B,6,20,50,21305386.35317062,1023114503.8970088,272418.8481353132
NHG,fgoals-g2_rcp26_r1i1p1,FORE-SCE-A2,6,20,49,17898199.776904505,639788112.7573612,96789.72945632992
NHG,fgoals-g2_rcp26_r1i1p1,FORE-SCE-B1,6,20,48,121028026.52325484,1078061805.43733,87616.13024978207
NHG,fgoals-g2_rcp26_r1i1p1,GCAM-26,6,20,54,37293854.05475635,694766362.1663452,1268755.0243314565
NHG,fgoals-g2_rcp26_r1i1p1,GCAM-45,6,20,55,27195729.038267184,1128820559.8731134,564754.6957945002
NHG,fgoals-g2_rcp26_r1i1p1,GCAM-ref,6,20,54,21719839.31603701,805113550.7012619,352616.76356369053
NHG,fgoals-g2_rcp26_r1i1p1,LUCAS-BAU_High-0001,6,20,49,13978867.989472155,1168785723.0126214,51457.07584869588
NHG,fgoals-g2_rcp26_r1i1p1,LUCAS-BAU_High-0002,6,20,48,14448557.28023197,1095565443.6710565,63364.87617370134
NML,access1-0_rcp45_r1i1p1,FORE-SCE-A1B,6,20,54,8599965691.866154,11662920788.430208,6359389153.834529
NML,access1-0_rcp45_r1i1p1,FORE-SCE-A2,6,20,56,7033895814.85229,10593311704.228771,5010806388.682788
NML,access1-0_rcp45_r1i1p1,FORE-SCE-B1,6,20,58,5547587770.453418,10551329676.570591,3563468766.388864
NML,access1-0_rcp45_r1i1p1,GCAM-26,6,20,52,19749953037.59412,21500013994.23679,17500085144.451977
NML,access1-0_rcp45_r1i1p1,GCAM-45,6,20,50,12550823557.00157,14539910111.61516,10099005097.998873
NML,access1-0_rcp45_r1i1p1,GCAM-ref,6,20,53,8298068441.036931,10026422817.13895,6092437100.63281
NML,access1-0_rcp45_r1i1p1,LUCAS-BAU_High-0001,6,20,57,4166927894.1174765,9857845658.568275,2463354678.6449733
NML,access1-0_rcp45_r1i1p1,LUCAS-BAU_High-0002,6,20,57,4550897301.73428,11790587462.252901,2610672975.2488003
NML,access1-0_rcp85_r1i1p1,FORE-SCE-A1B,6,20,46,14149220701.04443,13737422303.362818,13015935175.655874
NML,access1-0_rcp85_r1i1p1,FORE-SCE-A2,6,20,40,11171427503.805555,10769013443.904572,10107675454.07546
NML,access1-0_rcp85_r1i1p1,FORE-SCE-B1,6,20,40,9392510401.225225,8976439400.755186,8156221510.099353
NML,access1-0_rcp85_r1i1p1,GCAM-26,6,20,56,30897498221.243885,30753342968.056435,30291306521.0312
NML,access1-0_rcp85_r1i1p1,GCAM-45,6,20,48,20354394000.056984,19835481313.328087,19318487295.58859
NML,access1-0_rcp85_r1i1p1,GCAM-ref,6,20,49,14002091139.289206,13672592305.522919,13226552240.541264
NML,access1-0_rcp85_r1i1p1,LUCAS-BAU_High-0001,6,20,42,6877389678.54374,6492851231.061292,5804009845.806939
NML,access1-0_rcp85_r1i1p1,LUCAS-BAU_High-0002,6,20,38,7238764089.955078,6846618599.587491,6153103364.000646
NML,bcc-csm1-1-m_rcp45_r1i1p1,FORE-SCE-A1B,6,20,55,8474948571.340393,8099795425.432414,7372890088.681772
NML,bcc-csm1-1-m_rcp45_r1i1p1,FORE-SCE-A2,6,20,52,6774101575.974404,6549842638.331529,5737586333.6506815
NML,bcc-csm1-1-m_rcp45_r1i1p1,FORE-SCE-B1,6,20,56,5328795805.290755,5104518042.058388,4309000841.007446
NML,bcc-csm1-1-m_rcp45_r1i1p1,GCAM-26,6,20,53,20715834389.72936,20036487429.24846,18868867404.377403
NML,bcc-csm1-1-m_rcp45_r1i1p1,GCAM-45,6,20,56,12720541436.102869,12305675821.172432,11453797627.59834
NML,bcc-csm1-1-m_rcp45_r1i1p1,GCAM-ref,6,20,59,8331236128.750055,7913770577.222642,7197568940.361511
NML,bcc-csm1-1-m_rcp45_r1i1p1,LUCAS-BAU_High-0001,6,20,56,3795560634.47508,3588806013.7286625,2861709017.2518816
NML,bcc-csm1-1-m_rcp45_r1i1p1,LUCAS-BAU_High-0002,6,20,56,3962036375.3912377,3715155427.131019,3024840870.5809174
NML,bcc-csm1-1-m_rcp85_r1i1p1,FORE-SCE-A1B,6,20,57,22264726831.07836,23981667857.83926,4725920503.402409
NML,bcc-csm1-1-m_rcp85_r1i1p1,FORE-SCE-A2,6,20,61,23778937244.291027,24987479673.704998,3838933485.1852837
NML,bcc-csm1-1-m_rcp85_r1i1p1,FORE-SCE-B1,6,20,52,21387054589.570663,22611373246.329155,2828152227.102234
NML,bcc-csm1-1-m_rcp85_r1i1p1,GCAM-26,6,20,57,27951827293.843067,29194514743.083378,12887199786.18131
NML,bcc-csm1-1-m_rcp85_r1i1p1,GCAM-45,6,20,54,22766302498.54175,24414558619.974472,7286590639.794091
NML,bcc-csm1-1-m_rcp85_r1i1p1,GCAM-ref,6,20,56,21324304438.23153,22814788086.76216,4357687742.621582
NML,bcc-csm1-1-m_rcp85_r1i1p1,LUCAS-BAU_High-0001,6,20,58,20780619603.513035,21643633746.215004,1792256845.2420769
NML,bcc-csm1-1-m_rcp85_r1i1p1,LUCAS-BAU_High-0002,6,20,58,20903301060.265335,21758920022.75306,1747358750.021246
NML,bcc-csm1-1_rcp26_r1i1p1,FORE-SCE-A1B,6,20,57,18190661368.409027,21524595228.058342,16808886629.427586
NML,bcc-csm1-1_rcp26_r1i1p1,FORE-SCE-A2,6,20,60,15662873544.555225,17956650915.293625,13271991745.739172
NML,bcc-csm1-1_rcp26_r1i1p1,FORE-SCE-B1,6,20,59,13647368883.423012,17473594210.696743,11045935881.594978
NML,bcc-csm1-1_rcp26_r1i1p1,GCAM-26,6,20,63,36071917309.67989,35952458508.25065,34960487019.73067
NML,bcc-csm1-1_rcp26_r1i1p1,GCAM-45,6,20,61,24927402424.152798,26899059617.80697,23672784847.033695
NML,bcc-csm1-1_rcp26_r1i1p1,GCAM-ref,6,20,64,18168682231.22513,22909021910.128826,16867308202.4143
NML,bcc-csm1-1_rcp26_r1i1p1,LUCAS-BAU_High-0001,6,20,55,11053004635.768356,13421981965.048914,8629669442.747076
NML,bcc-csm1-1_rcp26_r1i1p1,LUCAS-BAU_High-0002,6,20,56,11499950724.4363,14824564304.87216,9060730231.362988
NML,bcc-csm1-1_rcp45_r1i1p1,FORE-SCE-A1B,6,20,60,13068406315.933407,12905223542.027897,10361241550.7961
NML,bcc-csm1-1_rcp45_r1i1p1,FORE-SCE-A2,6,20,58,12013656603.074457,11972506904.981575,8130361434.870715
NML,bcc-csm1-1_rcp45_r1i1p1,FORE-SCE-B1,6,20,62,11829397027.744263,11868480259.26228,6391584647.344215
NML,bcc-csm1-1_rcp45_r1i1p1,GCAM-26,6,20,55,25714678731.471077,25268685397.95361,24532803127.3128
NML,bcc-csm1-1_rcp45_r1i1p1,GCAM-45,6,20,54,16465302803.924744,16113392333.510183,15478173707.44261
NML,bcc-csm1-1_rcp45_r1i1p1,GCAM-ref,6,20,57,11264732943.582106,10841727172.850286,10120943940.124239
NML,bcc-csm1-1_rcp45_r1i1p1,LUCAS-BAU_High-0001,6,20,63,9860837335.313776,9827900027.113913,4680097322.179848
NML,bcc-csm1-1_rcp45_r1i1p1,LUCAS-BAU_High-0002,6,20,61,9801090150.558516,9771967414.36795,4943320092.517913
NML,bcc-csm1-1_rcp60_r1i1p1,FORE-SCE-A1B,6,20,56,9724169869.065777,11829003631.24337,7455062931.061668
NML,bcc-csm1-1_rcp60_r1i1p1,FORE-SCE-A2,6,20,56,8451605950.362381,10940674477.874887,5483760762.840475
NML,bcc-csm1-1_rcp60_r1i1p1,FORE-SCE-B1,6,20,55,6283643919.421803,8856687310.112114,4349163414.361683
NML,bcc-csm1-1_rcp60_r1i1p1,GCAM-26,6,20,58,21010776865.10782,21370419649.65839,19827286302.62112
NML,bcc-csm1-1_rcp60_r1i1p1,GCAM-45,6,20,61,14927331987.10755,14342675560.972998,12019534764.478529
NML,bcc-csm1-1_rcp60_r1i1p1,GCAM-ref,6,20,58,13710462568.961334,11815183739.044102,8062045167.257698
NML,bcc-csm1-1_rcp60_r1i1p1,LUCAS-BAU_High-0001,6,20,55,4748875695.454345,11325842589.758003,3428958364.7338815
NML,bcc-csm1-1_rcp60_r1i1p1,LUCAS-BAU_High-0002,6,20,57,4934907066.299951,10589565960.49788,3599792572.228627
NML,bcc-csm1-1_rcp85_r1i1p1,FORE-SCE-A1B,6,20,49,51297656304.23712,38008422334.93105,10044211053.723848
NML,bcc-csm1-1_rcp85_r1i1p1,FORE-SCE-A2,6,20,48,52402328601.72713,48850684558.20972,9015057390.837656
NML,bcc-csm1-1_rcp85_r1i1p1,FORE-SCE-B1,6,20,49,51444358080.95982,47777804098.19687,6776798356.386179
NML,bcc-csm1-1_rcp85_r1i1p1,GCAM-26,6,20,53,42945641429.96521,36311493097.15311,22531844750.839214
NML,bcc-csm1-1_rcp85_r1i1p1,GCAM-45,6,20,50,44038538526.342186,36536485069.5147,14575237901.627611
NML,bcc-csm1-1_rcp85_r1i1p1,GCAM-ref,6,20,47,43488791229.574875,35307603110.42051,9274187837.21695
NML,bcc-csm1-1_rcp85_r1i1p1,LUCAS-BAU_High-0001,6,20,53,53437067035.29717,51253285935.11276,5014762093.21483
NML,bcc-csm1-1_rcp85_r1i1p1,LUCAS-BAU_High-0002,6,20,50,52990544085.36583,51023929336.11935,5237473233.497779
NML,canesm2_rcp26_r1i1p1,FORE-SCE-A1B,6,20,62,156209473373.34225,95235424017.89944,23380194646.1107
NML,canesm2_rcp26_r1i1p1,FORE-SCE-A2,6,20,57,164000546807.6086,92388982228.42447,20404984251.25297
NML,canesm2_rcp26_r1i1p1,FORE-SCE-B1,6,20,63,165851900937.78003,95754620800.79242,18855868728.738373
NML,canesm2_rcp26_r1i1p1,GCAM-26,6,20,54,152671950008.66434,99917028258.87231,37996888397.58317
NML,canesm2_rcp26_r1i1p1,GCAM-45,6,20,60,151259094819.1995,96794266787.58733,29186319996.640266
NML,canesm2_rcp26_r1i1p1,GCAM-ref,6,20,60,151988573922.81512,93231205010.71494,24633813362.916718
NML,canesm2_rcp26_r1i1p1,LUCAS-BAU_High-0001,6,20,59,168549547707.62503,93710143120.7858,16993830025.946714
NML,canesm2_rcp26_r1i1p1,LUCAS-BAU_High-0002,6,20,59,164097835281.90698,95223715780.4685,17312485939.16981
NML,canesm2_rcp45_r1i1p1,FORE-SCE-A1B,6,20,64,5285523665.866333,5890044663.566304,3906739205.376849
NML,canesm2_rcp45_r1i1p1,FORE-SCE-A2,6,20,59,4118290124.299739,4572564029.689209,2796901972.116302
NML,canesm2_rcp45_r1i1p1,FORE-SCE-B1,6,20,63,3427146222.707528,3979375373.3326926,2083515507.8595085
NML,canesm2_rcp45_r1i1p1,GCAM-26,6,20,53,12899029863.515247,12679550753.281044,10912170308.189795
NML,canesm2_rcp45_r1i1p1,GCAM-45,6,20,62,7994209907.051859,7718779131.035336,6637744892.355021
NML,canesm2_rcp45_r1i1p1,GCAM-ref,6,20,63,5190884454.444784,6569696501.219893,3668928982.7501526
NML,canesm2_rcp45_r1i1p1,LUCAS-BAU_High-0001,6,20,64,2619564632.3259034,4598191674.057919,1680047883.6197546
NML,canesm2_rcp45_r1i1p1,LUCAS-BAU_High-0002,6,20,62,2733339357.3426404,3801146728.848169,1686309757.302787
NML,canesm2_rcp85_r1i1p1,FORE-SCE-A1B,6,20,66,234385520471.5604,111691029854.68587,37822522491.08984
NML,canesm2_rcp85_r1i1p1,FORE-SCE-A2,6,20,64,245069933611.62424,119785616900.90906,35569376882.994415
NML,canesm2_rcp85_r1i1p1,FORE-SCE-B1,6,20,63,261615567999.50916,119670475593.27618,33885408662.0504
NML,canesm2_rcp85_r1i1p1,GCAM-26,6,20,66,202423890984.60214,121685010638.57202,57329680135.738976
NML,canesm2_rcp85_r1i1p1,GCAM-45,6,20,64,222372644591.81372,112011596035.13147,45133291266.08906
NML,canesm2_rcp85_r1i1p1,GCAM-ref,6,20,62,238304208076.11462,114513325281.26953,38858378889.89441
NML,canesm2_rcp85_r1i1p1,LUCAS-BAU_High-0001,6,20,64,270299780531.7053,119383397152.08002,28956533019.177288
NML,canesm2_rcp85_r1i1p1,LUCAS-BAU_High-0002,6,20,64,257174907849.16885,120040930027.65434,29639610066.57675
NML,ccsm4_rcp26_r1i1p1,FORE-SCE-A1B,6,20,57,18044482046.785282,18517789214.97364,6036951888.74478
NML,ccsm4_rcp26_r1i1p1,FORE-SCE-A2,6,20,59,19378412818.440647,19102637958.37617,5257768337.282288
NML,ccsm4_rcp26_r1i1p1,FORE-SCE-B1,6,20,58,19720367066.589645,18383223770.3248,3800682454.944416
NML,ccsm4_rcp26_r1i1p1,GCAM-26,6,20,52,25018043305.028164,26475503766.003716,14782701300.431044
NML,ccsm4_rcp26_r1i1p1,GCAM-45,6,20,60,19894914635.35619,19359807254.82757,8918009698.649223
NML,ccsm4_rcp26_r1i1p1,GCAM-ref,6,20,59,16037565512.89407,16588177535.684982,5719690598.969916
NML,ccsm4_rcp26_r1i1p1,LUCAS-BAU_High-0001,6,20,59,18440464485.661125,16888058990.641756,2721810809.4282427
NML,ccsm4_rcp26_r1i1p1,LUCAS-BAU_High-0002,6,20,61,18100174190.701687,16532746069.397703,2836486644.4403853
NML,ccsm4_rcp45_r1i1p1,FORE-SCE-A1B,6,20,58,18041542463.586884,8632416368.452353,6529171929.302669
NML,ccsm4_rcp45_r1i1p1,FORE-SCE-A2,6,20,57,18221545948.799614,8239436253.336834,4781065476.794585
NML,ccsm4_rcp45_r1i1p1,FORE-SCE-B1,6,20,60,19537513985.42375,6877805481.412256,3866089952.521237
NML,ccsm4_rcp45_r1i1p1,GCAM-26,6,20,56,21948739486.905087,18592468946.066956,16228982667.79269
NML,ccsm4_rcp45_r1i1p1,GCAM-45,6,20,56,18798472299.139145,12552307208.349487,10071815737.932917
NML,ccsm4_rcp45_r1i1p1,GCAM-ref,6,20,61,18750319565.803913,9131314204.183466,6875272498.893661
NML,ccsm4_rcp45_r1i1p1,LUCAS-BAU_High-0001,6,20,59,24768332238.681915,11272260668.366629,3114185395.761461
NML,ccsm4_rcp45_r1i1p1,LUCAS-BAU_High-0002,6,20,64,24129836178.500877,8740984978.488178,3245363303.139286
NML,ccsm4_rcp60_r1i1p1,FORE-SCE-A1B,6,20,60,7934986947.756159,6935175152.506162,3335452023.744713
NML,ccsm4_rcp60_r1i1p1,FORE-SCE-A2,6,20,62,6214986613.602537,6441761831.274004,2049107997.7103097
NML,ccsm4_rcp60_r1i1p1,FORE-SCE-B1,6,20,64,5866376260.7028,6731547920.686528,1843480140.4586003
NML,ccsm4_rcp60_r1i1p1,GCAM-26,6,20,50,14680857562.83203,14432406999.973444,10022804100.196999
NML,ccsm4_rcp60_r1i1p1,GCAM-45,6,20,56,9765341159.85488,8258573048.604117,5574808160.216406
NML,ccsm4_rcp60_r1i1p1,GCAM-ref,6,20,62,7717600529.260126,7239526584.892783,3977360478.664449
NML,ccsm4_rcp60_r1i1p1,LUCAS-BAU_High-0001,6,20,57,7084575463.352356,8936885215.705658,1201745718.3582442
NML,ccsm4_rcp60_r1i1p1,LUCAS-BAU_High-0002,6,20,63,6830862693.612612,8690079101.516994,1453431225.7144876
NML,ccsm4_rcp85_r1i1p1,FORE-SCE-A1B,6,20,58,45804714066.466805,46780704096.05648,7633167396.962778
NML,ccsm4_rcp85_r1i1p1,FORE-SCE-A2,6,20,57,45292089603.775635,45093572522.73933,5828442032.996301
NML,ccsm4_rcp85_r1i1p1,FORE-SCE-B1,6,20,58,47196938255.14772,45575165994.93357,4843779762.275836
NML,ccsm4_rcp85_r1i1p1,GCAM-26,6,20,55,47896592364.158875,47485179874.705185,18206466754.410408
NML,ccsm4_rcp85_r1i1p1,GCAM-45,6,20,56,46797879943.03527,47280206105.245995,11245904839.858168
NML,ccsm4_rcp85_r1i1p1,GCAM-ref,6,20,55,47095131546.8253,50326179483.664825,7705380392.678471
NML,ccsm4_rcp85_r1i1p1,LUCAS-BAU_High-0001,6,20,58,49852277605.452866,51170947435.37202,3847350731.132818
NML,ccsm4_rcp85_r1i1p1,LUCAS-BAU_High-0002,6,20,58,49702320329.6416,51119709887.08745,4020625484.6766696
NML,cesm1-bgc_rcp45_r1i1p1,FORE-SCE-A1B,6,20,60,18832907838.621387,15108240426.966984,4244629611.328167
NML,cesm1-bgc_rcp45_r1i1p1,FORE-SCE-A2,6,20,61,17654154992.870743,15741471297.918133,3198353305.500652
NML,cesm1-bgc_rcp45_r1i1p1,FORE-SCE-B1,6,20,62,16549159418.390713,14980949891.808674,2437655995.263191
NML,cesm1-bgc_rcp45_r1i1p1,GCAM-26,6,20,57,24539775081.40827,24005223454.71755,11705458412.329378
NML,cesm1-bgc_rcp45_r1i1p1,GCAM-45,6,20,57,21291191054.904427,18196306887.158016,6815574888.222054
NML,cesm1-bgc_rcp45_r1i1p1,GCAM-ref,6,20,60,18257382209.907436,17189657153.74832,4164735750.377881
NML,cesm1-bgc_rcp45_r1i1p1,LUCAS-BAU_High-0001,6,20,60,15587062774.160486,15971112747.318249,1889426626.631454
NML,cesm1-bgc_rcp45_r1i1p1,LUCAS-BAU_High-0002,6,20,64,15876653002.668169,15686648728.21082,2050676723.4325542
NML,cesm1-bgc_rcp85_r1i1p1,FORE-SCE-A1B,6,20,65,36719882805.87576,40970346801.93422,3006285338.1466365
NML,cesm1-bgc_rcp85_r1i1p1,FORE-SCE-A2,6,20,66,37458449459.5591,38226053813.90227,2422878567.936095
NML,cesm1-bgc_rcp85_r1i1p1,FORE-SCE-B1,6,20,62,42117617435.89438,40110158401.99718,2102936558.2390742
NML,cesm1-bgc_rcp85_r1i1p1,GCAM-26,6,20,61,28119158332.58866,34108961483.666542,8448248626.96989
NML,cesm1-bgc_rcp85_r1i1p1,GCAM-45,6,20,60,31021025419.87256,37256610251.71356,4529470698.926061
NML,cesm1-bgc_rcp85_r1i1p1,GCAM-ref,6,20,64,37079628040.51801,44908275060.7465,3241075134.199807
NML,cesm1-bgc_rcp85_r1i1p1,LUCAS-BAU_High-0001,6,20,60,47498017294.375244,43018916112.68155,1790720956.564708
NML,cesm1-bgc_rcp85_r1i1p1,LUCAS-BAU_High-0002,6,20,65,47596026462.25301,44461535750.43862,1862861106.8949559
NML,cesm1-cam5_rcp26_r1i1p1,FORE-SCE-A1B,6,20,59,12259620601.928516,30412665104.031384,2854801073.557064
NML,cesm1-cam5_rcp26_r1i1p1,FORE-SCE-A2,6,20,63,11010252592.94675,29409056170.115467,2295534717.357079
NML,cesm1-cam5_rcp26_r1i1p1,FORE-SCE-B1,6,20,64,9872724138.548824,28073378974.379837,1621638447.6165826
NML,cesm1-cam5_rcp26_r1i1p1,GCAM-26,6,20,64,21530281312.470833,38249490295.196884,8666569383.427732
NML,cesm1-cam5_rcp26_r1i1p1,GCAM-45,6,20,63,15799208752.696712,33511083324.11175,4765147921.881115
NML,cesm1-cam5_rcp26_r1i1p1,GCAM-ref,6,20,59,12437096115.122305,31017823324.37024,2628375124.8046794
NML,cesm1-cam5_rcp26_r1i1p1,LUCAS-BAU_High-0001,6,20,61,10390258402.420195,27592244072.36445,1025265179.8471941
NML,cesm1-cam5_rcp26_r1i1p1,LUCAS-BAU_High-0002,6,20,62,10557559637.137257,28265333504.20002,1067018926.6403844
NML,cesm1-cam5_rcp45_r1i1p1,FORE-SCE-A1B,6,20,56,15683718536.708164,16012822035.642756,9709962991.749218
NML,cesm1-cam5_rcp45_r1i1p1,FORE-SCE-A2,6,20,55,13660752854.856047,13918259524.933098,7522874573.722654
NML,cesm1-cam5_rcp45_r1i1p1,FORE-SCE-B1,6,20,53,11840138463.621252,12871961409.435946,6302430080.940513
NML,cesm1-cam5_rcp45_r1i1p1,GCAM-26,6,20,59,30169275388.358334,27158973855.77172,22495204703.64699
NML,cesm1-cam5_rcp45_r1i1p1,GCAM-45,6,20,56,21712110340.36241,20162855265.34934,14304486315.568449
NML,cesm1-cam5_rcp45_r1i1p1,GCAM-ref,6,20,54,16742079042.281275,16078939810.86147,9991228217.705078
NML,cesm1-cam5_rcp45_r1i1p1,LUCAS-BAU_High-0001,6,20,54,9934861750.977287,11099342698.587564,4731977765.029647
NML,cesm1-cam5_rcp45_r1i1p1,LUCAS-BAU_High-0002,6,20,55,10286943226.973497,11673687031.47387,5091287219.0202465
NML,cesm1-cam5_rcp60_r1i1p1,FORE-SCE-A1B,6,20,55,31595867040.01842,22525023991.878597,6716340363.96323
NML,cesm1-cam5_rcp60_r1i1p1,FORE-SCE-A2,6,20,55,30845998511.00913,22145879407.414658,5214447525.996366
NML,cesm1-cam5_rcp60_r1i1p1,FORE-SCE-B1,6,20,50,29111886619.93974,20454877786.497547,4407336050.52301
NML,cesm1-cam5_rcp60_r1i1p1,GCAM-26,6,20,51,43910685122.52044,34937032739.519844,17463687330.593132
NML,cesm1-cam5_rcp60_r1i1p1,GCAM-45,6,20,49,36046827527.5264,27709703491.712696,10806309767.417812
NML,cesm1-cam5_rcp60_r1i1p1,GCAM-ref,6,20,53,31907794378.10145,24020391160.912144,6873893093.472214
NML,cesm1-cam5_rcp60_r1i1p1,LUCAS-BAU_High-0001,6,20,54,27843349717.026943,19591642217.38795,3192126173.456911
NML,cesm1-cam5_rcp60_r1i1p1,LUCAS-BAU_High-0002,6,20,55,27894559937.85402,19684674777.555008,3368968829.5355396
NML,cesm1-cam5_rcp85_r1i1p1,FORE-SCE-A1B,6,20,67,67664192210.59481,45775625555.07366,7907984632.877881
NML,cesm1-cam5_rcp85_r1i1p1,FORE-SCE-A2,6,20,65,67374742586.52298,45026995013.544365,6839995319.248189
NML,cesm1-cam5_rcp85_r1i1p1,FORE-SCE-B1,6,20,66,66458229822.444405,43797697018.87928,5517051163.2288475
NML,cesm1-cam5_rcp85_r1i1p1,GCAM-26,6,20,59,77432236287.44472,56625637283.290886,17479954117.438374
NML,cesm1-cam5_rcp85_r1i1p1,GCAM-45,6,20,63,69929035010.85738,49398259404.726685,11691604737.281784
NML,cesm1-cam5_rcp85_r1i1p1,GCAM-ref,6,20,65,69903422738.59248,45213686495.90722,7641308383.857104
NML,cesm1-cam5_rcp85_r1i1p1,LUCAS-BAU_High-0001,6,20,66,68197666145.44801,41414416608.847916,4453306047.130415
NML,cesm1-cam5_rcp85_r1i1p1,LUCAS-BAU_High-0002,6,20,63,68157065401.264336,41203816100.53524,4673530696.778296
NML,cmcc-cm_rcp45_r1i1p1,FORE-SCE-A1B,6,20,57,12460617494.483591,12410717553.512844,11746878644.84191
NML,cmcc-cm_rcp45_r1i1p1,FORE-SCE-A2,6,20,52,9772807506.30686,9674777135.921755,9125723777.216425
NML,cmcc-cm_rcp45_r1i1p1,FORE-SCE-B1,6,20,51,7876768134.212558,7723122584.802061,7177865572.67206
NML,cmcc-cm_rcp45_r1i1p1,GCAM-26,6,20,58,28617150648.750767,28634399345.4505,27831341394.05519
NML,cmcc-cm_rcp45_r1i1p1,GCAM-45,6,20,58,18281750103.386654,18391355063.546837,17514751532.35721
NML,cmcc-cm_rcp45_r1i1p1,GCAM-ref,6,20,59,12342320444.778448,12275390264.610956,11582067280.963434
NML,cmcc-cm_rcp45_r1i1p1,LUCAS-BAU_High-0001,6,20,53,5910071739.419296,5528444696.09865,5031137006.25785
NML,cmcc-cm_rcp45_r1i1p1,LUCAS-BAU_High-0002,6,20,53,6182916307.059027,5875089641.057517,5356217230.13891
NML,cmcc-cm_rcp85_r1i1p1,FORE-SCE-A1B,6,20,51,12706083915.19842,18083751539.015446,11877026213.822655
NML,cmcc-cm_rcp85_r1i1p1,FORE-SCE-A2,6,20,48,10723788112.600733,14611424754.076424,9989294699.041647
NML,cmcc-cm_rcp85_r1i1p1,FORE-SCE-B1,6,20,51,8381806471.09408,12410408401.73675,7776442145.208737
NML,cmcc-cm_rcp85_r1i1p1,GCAM-26,6,20,55,28031042441.90185,27485459478.990986,26981802970.019474
NML,cmcc-cm_rcp85_r1i1p1,GCAM-45,6,20,54,18232863635.077217,17752446012.717667,17343021198.99667
NML,cmcc-cm_rcp85_r1i1p1,GCAM-ref,6,20,55,12063942826.660238,13986315764.984674,11245083634.665035
NML,cmcc-cm_rcp85_r1i1p1,LUCAS-BAU_High-0001,6,20,50,6457337740.746519,12769789182.060173,5569997873.601072
NML,cmcc-cm_rcp85_r1i1p1,LUCAS-BAU_High-0002,6,20,50,6596471708.249213,13086880523.142519,5838388856.364093
NML,cnrm-cm5_rcp45_r1i1p1,FORE-SCE-A1B,6,20,58,84262668096.58176,49484705176.538025,4267974479.3595796
NML,cnrm-cm5_rcp45_r1i1p1,FORE-SCE-A2,6,20,64,87643913925.2586,51308114588.42989,4384858176.341105
NML,cnrm-cm5_rcp45_r1i1p1,FORE-SCE-B1,6,20,61,87915497927.32806,49964485062.329315,4093317607.8689313
NML,cnrm-cm5_rcp45_r1i1p1,GCAM-26,6,20,54,76770231674.53949,49903687097.9569,8281853272.373435
NML,cnrm-cm5_rcp45_r1i1p1,GCAM-45,6,20,59,80061101893.19272,49995659481.62204,5561385351.454079
NML,cnrm-cm5_rcp45_r1i1p1,GCAM-ref,6,20,66,80309055947.93266,48054991281.924355,4188434863.234134
NML,cnrm-cm5_rcp45_r1i1p1,LUCAS-BAU_High-0001,6,20,64,91874056443.79858,49958239211.892365,4042776265.0798526
NML,cnrm-cm5_rcp45_r1i1p1,LUCAS-BAU_High-0002,6,20,65,93542648033.54173,50079291272.76136,4245761286.9930177
NML,cnrm-cm5_rcp85_r1i1p1,FORE-SCE-A1B,6,20,63,158865787532.50745,67438317671.83475,9541022558.003645
NML,cnrm-cm5_rcp85_r1i1p1,FORE-SCE-A2,6,20,61,168019741220.71472,67734049945.57309,7530415698.940123
NML,cnrm-cm5_rcp85_r1i1p1,FORE-SCE-B1,6,20,63,175692287691.64233,66680656512.3788,6570432353.9772835
NML,cnrm-cm5_rcp85_r1i1p1,GCAM-26,6,20,57,124843867183.67638,70642848102.35289,17651246714.37373
NML,cnrm-cm5_rcp85_r1i1p1,GCAM-45,6,20,56,145653491462.22644,68266847302.07759,12526524014.911064
NML,cnrm-cm5_rcp85_r1i1p1,GCAM-ref,6,20,61,155625399154.27753,66816407508.5461,9370791147.599567
NML,cnrm-cm5_rcp85_r1i1p1,LUCAS-BAU_High-0001,6,20,65,186537311060.57028,65394322043.011765,5794206759.7667055
NML,cnrm-cm5_rcp85_r1i1p1,LUCAS-BAU_High-0002,6,20,67,182250888229.54614,64849172527.24001,6093243821.316543
NML,csiro-mk3-6-0_rcp26_r1i1p1,FORE-SCE-A1B,6,20,61,54600075979.70547,36764787772.48248,9974266611.909998
NML,csiro-mk3-6-0_rcp26_r1i1p1,FORE-SCE-A2,6,20,58,58287794606.46701,35684220406.75327,7532284170.047282
NML,csiro-mk3-6-0_rcp26_r1i1p1,FORE-SCE-B1,6,20,60,63303642398.13643,33790611528.294598,6767339232.987477
NML,csiro-mk3-6-0_rcp26_r1i1p1,GCAM-26,6,20,60,57675121052.26382,47180125029.05548,22945498023.720184
NML,csiro-mk3-6-0_rcp26_r1i1p1,GCAM-45,6,20,61,53205332301.27296,41936671478.28614,14848952405.540558
NML,csiro-mk3-6-0_rcp26_r1i1p1,GCAM-ref,6,20,58,54642307008.83673,36847364607.61755,10752678030.52823
NML,csiro-mk3-6-0_rcp26_r1i1p1,LUCAS-BAU_High-0001,6,20,58,68550412667.87398,33577679031.76079,5357469022.169182
NML,csiro-mk3-6-0_rcp26_r1i1p1,LUCAS-BAU_High-0002,6,20,59,67394612345.441635,33825974524.02058,5666618136.644614
NML,csiro-mk3-6-0_rcp45_r1i1p1,FORE-SCE-A1B,6,20,48,12059475679.270681,12798698115.987928,11488235656.049822
NML,csiro-mk3-6-0_rcp45_r1i1p1,FORE-SCE-A2,6,20,50,9280705405.358326,9541638715.977293,8656183676.01616
NML,csiro-mk3-6-0_rcp45_r1i1p1,FORE-SCE-B1,6,20,52,7739081967.439772,8078084945.5092745,6944303627.456675
NML,csiro-mk3-6-0_rcp45_r1i1p1,GCAM-26,6,20,53,27651820172.32189,28299943189.781643,27020619099.78867
NML,csiro-mk3-6-0_rcp45_r1i1p1,GCAM-45,6,20,50,17928976818.242054,18629433830.715816,17309978438.48323
NML,csiro-mk3-6-0_rcp45_r1i1p1,GCAM-ref,6,20,53,12502974529.939537,13101238629.053225,11946486489.877874
NML,csiro-mk3-6-0_rcp45_r1i1p1,LUCAS-BAU_High-0001,6,20,47,6020655859.412004,6416369911.2372465,5419837156.752549
NML,csiro-mk3-6-0_rcp45_r1i1p1,LUCAS-BAU_High-0002,6,20,50,6528848914.687973,6708037264.063559,5731033814.223364
NML,csiro-mk3-6-0_rcp60_r1i1p1,FORE-SCE-A1B,6,20,54,8965820225.36532,8748460142.16476,7583369092.066373
NML,csiro-mk3-6-0_rcp60_r1i1p1,FORE-SCE-A2,6,20,51,7355258015.823472,7199665915.2821045,5998727007.915318
NML,csiro-mk3-6-0_rcp60_r1i1p1,FORE-SCE-B1,6,20,55,5793500570.622002,5682475928.155218,4550311791.099114
NML,csiro-mk3-6-0_rcp60_r1i1p1,GCAM-26,6,20,53,20688195776.04348,20405967387.694496,19098312630.21913
NML,csiro-mk3-6-0_rcp60_r1i1p1,GCAM-45,6,20,56,13020668425.497532,12810656914.601704,11663461102.78435
NML,csiro-mk3-6-0_rcp60_r1i1p1,GCAM-ref,6,20,58,8615586972.097013,8482419237.45467,7216690331.197158
NML,csiro-mk3-6-0_rcp60_r1i1p1,LUCAS-BAU_High-0001,6,20,61,4377986882.972747,4272880547.1861496,3424630753.5776834
NML,csiro-mk3-6-0_rcp60_r1i1p1,LUCAS-BAU_High-0002,6,20,62,4641362016.838964,4422372286.707639,3592739341.2595963
NML,csiro-mk3-6-0_rcp85_r1i1p1,FORE-SCE-A1B,6,20,61,19130173172.82776,12749217791.147736,7632440591.8822775
NML,csiro-mk3-6-0_rcp85_r1i1p1,FORE-SCE-A2,6,20,60,19492121893.594902,11229072825.017092,5785006497.917303
NML,csiro-mk3-6-0_rcp85_r1i1p1,FORE-SCE-B1,6,20,60,21541120549.263184,10522871297.092218,4712026527.697281
NML,csiro-mk3-6-0_rcp85_r1i1p1,GCAM-26,6,20,56,25822875222.5395,26705582194.27333,18832857655.550842
NML,csiro-mk3-6-0_rcp85_r1i1p1,GCAM-45,6,20,63,20545984537.039364,17903079197.684074,11620994705.539007
NML,csiro-mk3-6-0_rcp85_r1i1p1,GCAM-ref,6,20,63,20654170757.179268,16034467259.877846,8188310665.706539
NML,csiro-mk3-6-0_rcp85_r1i1p1,LUCAS-BAU_High-0001,6,20,63,31714812983.77825,10339282546.14959,3308069420.854863
NML,csiro-mk3-6-0_rcp85_r1i1p1,LUCAS-BAU_High-0002,6,20,65,22693488449.25657,12180052496.894863,3699265768.022544
NML,fgoals-g2_rcp26_r1i1p1,FORE-SCE-A1B,6,20,53,15248773658.415688,16147831321.542477,3581356210.1970615
NML,fgoals-g2_rcp26_r1i1p1,FORE-SCE-A2,6,20,58,14552343527.206436,15084469238.624372,2229349086.501239
NML,fgoals-g2_rcp26_r1i1p1,FORE-SCE-B1,6,20,61,13340207972.262577,14703318861.04326,1657941100.5761652
NML,fgoals-g2_rcp26_r1i1p1,GCAM-26,6,20,53,22378985347.38509,22386547839.789326,13064348913.331541
NML,fgoals-g2_rcp26_r1i1p1,GCAM-45,6,20,52,17141720871.347216,17888744869.62322,6714830103.667657
NML,fgoals-g2_rcp26_r1i1p1,GCAM-ref,6,20,53,14685205009.035975,15968170248.654335,3769128821.5433264
NML,fgoals-g2_rcp26_r1i1p1,LUCAS-BAU_High-0001,6,20,56,12857595551.14367,13582443585.530216,1045106250.9473457
NML,fgoals-g2_rcp26_r1i1p1,LUCAS-BAU_High-0002,6,20,56,13019548856.221447,13523224103.525244,1151672003.9685028
ORO,access1-0_rcp45_r1i1p1,FORE-SCE-A1B,6,20,20,90467239583.83911,90467239583.83911,90188001044.73662
ORO,access1-0_rcp45_r1i1p1,FORE-SCE-A2,6,20,21,72664922557.98083,72664922557.98083,72390164835.3183
ORO,access1-0_rcp45_r1i1p1,FORE-SCE-B1,6,20,20,56750774761.96336,56750774761.96336,56487514287.780266
ORO,access1-0_rcp45_r1i1p1,GCAM-26,6,20,21,212558397467.80417,211999560631.10977,211558686632.49396
ORO,access1-0_rcp45_r1i1p1,GCAM-45,6,20,18,133815674673.76396,133798574575.75539,133462269369.85172
ORO,access1-0_rcp45_r1i1p1,GCAM-ref,6,20,18,87849307663.81111,87849307663.81111,87574496035.07228
ORO,access1-0_rcp45_r1i1p1,LUCAS-BAU_High-0001,6,20,19,41195990080.460396,41195990080.4604,40943274184.3661
ORO,access1-0_rcp45_r1i1p1,LUCAS-BAU_High-0002,6,20,21,43389173768.90036,43389173768.90036,43135775248.79553
ORO,access1-0_rcp85_r1i1p1,FORE-SCE-A1B,6,20,22,158610720168.1083,158610720168.1083,158433383036.5934
ORO,access1-0_rcp85_r1i1p1,FORE-SCE-A2,6,20,20,128795351792.98167,128795351792.98167,128682975602.8709
ORO,access1-0_rcp85_r1i1p1,FORE-SCE-B1,6,20,17,108324730832.78592,108324730832.78592,108245790957.52466
ORO,access1-0_rcp85_r1i1p1,GCAM-26,6,20,24,331759990591.64844,331708218215.32904,331425383954.8069
ORO,access1-0_rcp85_r1i1p1,GCAM-45,6,20,25,221327661712.04837,221327661712.04837,221094988959.91348
ORO,access1-0_rcp85_r1i1p1,GCAM-ref,6,20,24,158958467082.54584,158958467082.54584,158770554619.98514
ORO,access1-0_rcp85_r1i1p1,LUCAS-BAU_High-0001,6,20,17,83459255511.84776,83459255511.84776,83405657499.64941
ORO,access1-0_rcp85_r1i1p1,LUCAS-BAU_High-0002,6,20,17,87326689779.07509,87326689779.07509,87271378659.17462
ORO,bcc-csm1-1-m_rcp45_r1i1p1,FORE-SCE-A1B,6,20,28,121758765875.95512,120195974625.96616,112361257680.42169
ORO,bcc-csm1-1-m_rcp45_r1i1p1,FORE-SCE-A2,6,20,32,104501272638.14111,99394747469.84688,92012138707.355
ORO,bcc-csm1-1-m_rcp45_r1i1p1,FORE-SCE-B1,6,20,29,87412469827.78055,83614153891.19566,76333441133.3218
ORO,bcc-csm1-1-m_rcp45_r1i1p1,GCAM-26,6,20,36,258143333206.63425,250820763597.6434,241262890425.51462
ORO,bcc-csm1-1-m_rcp45_r1i1p1,GCAM-45,6,20,32,172266658640.3719,168000280804.5359,158639175171.82428
ORO,bcc-csm1-1-m_rcp45_r1i1p1,GCAM-ref,6,20,29,122842138387.6616,119503412826.08702,111780274166.47836
ORO,bcc-csm1-1-m_rcp45_r1i1p1,LUCAS-BAU_High-0001,6,20,33,67564694314.39116,64221038422.52619,58533013527.73621
ORO,bcc-csm1-1-m_rcp45_r1i1p1,LUCAS-BAU_High-0002,6,20,31,68493993000.41593,67743326287.87035,60986450452.289505
ORO,bcc-csm1-1-m_rcp85_r1i1p1,FORE-SCE-A1B,6,20,16,99737642405.30093,100131913289.82521,95101107647.20961
ORO,bcc-csm1-1-m_rcp85_r1i1p1,FORE-SCE-A2,6,20,20,85092114995.67696,86190780684.2787,78579203154.61865
ORO,bcc-csm1-1-m_rcp85_r1i1p1,FORE-SCE-B1,6,20,20,70229655645.26479,70872112200.98305,63114518131.739494
ORO,bcc-csm1-1-m_rcp85_r1i1p1,GCAM-26,6,20,18,216593611864.69852,216890664852.66022,211952972915.48166
ORO,bcc-csm1-1-m_rcp85_r1i1p1,GCAM-45,6,20,16,140944993385.5169,140950582968.745,136314544064.66014
ORO,bcc-csm1-1-m_rcp85_r1i1p1,GCAM-ref,6,20,17,96800812979.52849,98213121413.02676,92085220207.84
ORO,bcc-csm1-1-m_rcp85_r1i1p1,LUCAS-BAU_High-0001,6,20,17,55342699706.55405,54866529582.11415,46973683396.25511
ORO,bcc-csm1-1-m_rcp85_r1i1p1,LUCAS-BAU_High-0002,6,20,16,57543547221.545845,58664178826.6248,49169559356.6661
ORO,bcc-csm1-1_rcp26_r1i1p1,FORE-SCE-A1B,6,20,36,218756484644.8813,218756484644.8813,217504863522.22638
ORO,bcc-csm1-1_rcp26_r1i1p1,FORE-SCE-A2,6,20,34,182270219028.26627,182270219028.26627,181160362927.7569
ORO,bcc-csm1-1_rcp26_r1i1p1,FORE-SCE-B1,6,20,33,157050483678.77353,157050483678.77353,156074351372.6453
ORO,bcc-csm1-1_rcp26_r1i1p1,GCAM-26,6,20,44,406268226373.6078,406464062337.3094,404546108207.49255
ORO,bcc-csm1-1_rcp26_r1i1p1,GCAM-45,6,20,37,291484567621.35114,291484567621.35114,289954188572.9387
ORO,bcc-csm1-1_rcp26_r1i1p1,GCAM-ref,6,20,35,220194640186.3317,220199317817.73367,218968720707.93475
ORO,bcc-csm1-1_rcp26_r1i1p1,LUCAS-BAU_High-0001,6,20,33,130661169509.93207,130661169509.93207,129889089489.32942
ORO,bcc-csm1-1_rcp26_r1i1p1,LUCAS-BAU_High-0002,6,20,33,135453448484.33124,135453448484.33124,134654924041.04405
ORO,bcc-csm1-1_rcp45_r1i1p1,FORE-SCE-A1B,6,20,18,160994439221.9345,162478037676.6038,158504105009.5959
ORO,bcc-csm1-1_rcp45_r1i1p1,FORE-SCE-A2,6,20,20,135680017038.29443,136783173960.73875,133225731807.63254
ORO,bcc-csm1-1_rcp45_r1i1p1,FORE-SCE-B1,6,20,22,113319595594.70541,113366576527.73477,109687917586.17978
ORO,bcc-csm1-1_rcp45_r1i1p1,GCAM-26,6,20,29,320501304839.10876,321522273937.64874,317656726168.96796
ORO,bcc-csm1-1_rcp45_r1i1p1,GCAM-45,6,20,23,220850107396.43707,221969495306.94858,218306612864.07047
ORO,bcc-csm1-1_rcp45_r1i1p1,GCAM-ref,6,20,18,157919018342.1701,158484193412.42136,155433695877.57068
ORO,bcc-csm1-1_rcp45_r1i1p1,LUCAS-BAU_High-0001,6,20,20,89277786500.30241,90192798563.95534,86865822778.00598
ORO,bcc-csm1-1_rcp45_r1i1p1,LUCAS-BAU_High-0002,6,20,20,92891800278.70862,93610753707.77849,90181286945.01619
ORO,bcc-csm1-1_rcp60_r1i1p1,FORE-SCE-A1B,6,20,15,147475817347.58792,147475817347.58792,147385276067.63104
ORO,bcc-csm1-1_rcp60_r1i1p1,FORE-SCE-A2,6,20,17,119600189705.50244,119600189705.50244,119522126413.66187
ORO,bcc-csm1-1_rcp60_r1i1p1,FORE-SCE-B1,6,20,17,101777730601.32219,101847745672.30325,101692224817.93779
ORO,bcc-csm1-1_rcp60_r1i1p1,GCAM-26,6,20,28,296645423904.5022,296645423904.5022,296477342291.82135
ORO,bcc-csm1-1_rcp60_r1i1p1,GCAM-45,6,20,22,205622025020.00632,205622025020.00632,205502462214.194
ORO,bcc-csm1-1_rcp60_r1i1p1,GCAM-ref,6,20,16,152889381767.94174,152889381767.94174,152792981829.9388
ORO,bcc-csm1-1_rcp60_r1i1p1,LUCAS-BAU_High-0001,6,20,16,85747099821.1053,85747099821.1053,85641372161.24736
ORO,bcc-csm1-1_rcp60_r1i1p1,LUCAS-BAU_High-0002,6,20,16,88983847654.11453,88983847654.11453,88880997619.27925
ORO,bcc-csm1-1_rcp85_r1i1p1,FORE-SCE-A1B,6,20,19,185634086503.89227,186654894794.77545,151324964861.25345
ORO,bcc-csm1-1_rcp85_r1i1p1,FORE-SCE-A2,6,20,21,165796888514.8276,169232734879.0567,131281136422.99747
ORO,bcc-csm1-1_rcp85_r1i1p1,FORE-SCE-B1,6,20,19,140586905752.67157,142633290529.97366,106005439980.13554
ORO,bcc-csm1-1_rcp85_r1i1p1,GCAM-26,6,20,31,320490985895.2033,323799838856.57825,307450648021.8195
ORO,bcc-csm1-1_rcp85_r1i1p1,GCAM-45,6,20,25,235744231525.14127,234378228858.645,209418672618.65445
ORO,bcc-csm1-1_rcp85_r1i1p1,GCAM-ref,6,20,19,178820114736.05405,177152991073.1886,146439235434.93903
ORO,bcc-csm1-1_rcp85_r1i1p1,LUCAS-BAU_High-0001,6,20,19,121139668807.95056,118381573392.69261,82863913212.68533
ORO,bcc-csm1-1_rcp85_r1i1p1,LUCAS-BAU_High-0002,6,20,19,124001768618.89513,121664691879.09853,85769662761.43983
ORO,canesm2_rcp26_r1i1p1,FORE-SCE-A1B,6,20,21,152007178241.68286,146605353644.68063,98553167392.42418
ORO,canesm2_rcp26_r1i1p1,FORE-SCE-A2,6,20,17,130111823448.57597,124283220018.81677,76531984202.42676
ORO,canesm2_rcp26_r1i1p1,FORE-SCE-B1,6,20,17,117041812145.80254,108989784628.92967,63437979071.77037
ORO,canesm2_rcp26_r1i1p1,GCAM-26,6,20,25,276149999939.8064,275798347586.1005,223097802244.99838
ORO,canesm2_rcp26_r1i1p1,GCAM-45,6,20,23,197060978075.56943,195522409601.37198,143754658270.14343
ORO,canesm2_rcp26_r1i1p1,GCAM-ref,6,20,17,152991921045.53787,146706393480.23648,99600508970.98915
ORO,canesm2_rcp26_r1i1p1,LUCAS-BAU_High-0001,6,20,21,101676904414.38834,86009997245.09837,47980897704.54204
ORO,canesm2_rcp26_r1i1p1,LUCAS-BAU_High-0002,6,20,21,104229039080.54068,95434001773.4339,50547078504.7177
ORO,canesm2_rcp45_r1i1p1,FORE-SCE-A1B,6,20,26,112303659556.79634,113300666738.20963,92234763822.68867
ORO,canesm2_rcp45_r1i1p1,FORE-SCE-A2,6,20,26,96751071735.23445,96226462476.46408,75067943959.35023
ORO,canesm2_rcp45_r1i1p1,FORE-SCE-B1,6,20,25,84993514909.00247,83523078299.206,61733248370.37836
ORO,canesm2_rcp45_r1i1p1,GCAM-26,6,20,30,222424119937.87244,215741007291.75934,199673537913.94476
ORO,canesm2_rcp45_r1i1p1,GCAM-45,6,20,28,149965029983.19797,151444057589.9667,132497101811.17651
ORO,canesm2_rcp45_r1i1p1,GCAM-ref,6,20,27,113801309721.32524,114310372049.94157,91847721315.20393
ORO,canesm2_rcp45_r1i1p1,LUCAS-BAU_High-0001,6,20,25,73503902774.23232,69253502270.1098,48447878792.11871
ORO,canesm2_rcp45_r1i1p1,LUCAS-BAU_High-0002,6,20,26,75952978081.35498,71064153511.22943,50444877992.76573
ORO,canesm2_rcp85_r1i1p1,FORE-SCE-A1B,6,20,32,473370861422.97986,321020680283.8582,126362192909.46498
ORO,canesm2_rcp85_r1i1p1,FORE-SCE-A2,6,20,34,464882958917.90875,294224073669.1904,107996843463.77739
ORO,canesm2_rcp85_r1i1p1,FORE-SCE-B1,6,20,36,450731014535.41235,285096141695.34827,90735722071.67162
ORO,canesm2_rcp85_r1i1p1,GCAM-26,6,20,35,549032947117.608,439657822618.3318,251702854539.8559
ORO,canesm2_rcp85_r1i1p1,GCAM-45,6,20,33,489078283992.46735,362100425192.09924,172769244906.10284
ORO,canesm2_rcp85_r1i1p1,GCAM-ref,6,20,30,472418499405.1178,311798901227.59894,128156799648.7328
ORO,canesm2_rcp85_r1i1p1,LUCAS-BAU_High-0001,6,20,31,446146358418.8935,262128540424.85608,74932075364.82883
ORO,canesm2_rcp85_r1i1p1,LUCAS-BAU_High-0002,6,20,31,446820783163.56934,264867288421.1986,77226931307.10353
ORO,ccsm4_rcp26_r1i1p1,FORE-SCE-A1B,6,20,26,102230877803.35278,101951692790.04958,101514578985.00626
ORO,ccsm4_rcp26_r1i1p1,FORE-SCE-A2,6,20,25,85417185716.40436,85625621724.93695,84976646587.96439
ORO,ccsm4_rcp26_r1i1p1,FORE-SCE-B1,6,20,25,73935470729.6347,68638809707.497635,67935458482.76064
ORO,ccsm4_rcp26_r1i1p1,GCAM-26,6,20,40,224188966191.3392,222092346399.67206,221815971469.73233
ORO,ccsm4_rcp26_r1i1p1,GCAM-45,6,20,37,146416864124.46414,145906565200.153,145312278070.58633
ORO,ccsm4_rcp26_r1i1p1,GCAM-ref,6,20,28,99421172441.8103,99410662078.37611,98722708203.133
ORO,ccsm4_rcp26_r1i1p1,LUCAS-BAU_High-0001,6,20,25,52396467382.43212,52600761088.177376,52013221733.36682
ORO,ccsm4_rcp26_r1i1p1,LUCAS-BAU_High-0002,6,20,27,54673044782.77848,54896614767.568436,54294026735.42698
ORO,ccsm4_rcp45_r1i1p1,FORE-SCE-A1B,6,20,20,111123013881.07457,111397896351.2616,100962827864.17018
ORO,ccsm4_rcp45_r1i1p1,FORE-SCE-A2,6,20,22,92453411403.75537,92774756296.37132,80759028434.8577
ORO,ccsm4_rcp45_r1i1p1,FORE-SCE-B1,6,20,22,79725381860.63805,80002673562.22266,66666369473.97294
ORO,ccsm4_rcp45_r1i1p1,GCAM-26,6,20,26,230715521272.0634,230607677448.86176,222893074423.47366
ORO,ccsm4_rcp45_r1i1p1,GCAM-45,6,20,17,153698168539.72626,153939203805.6495,146218902327.1358
ORO,ccsm4_rcp45_r1i1p1,GCAM-ref,6,20,18,116878389613.96617,117101127812.7911,104086776519.89044
ORO,ccsm4_rcp45_r1i1p1,LUCAS-BAU_High-0001,6,20,20,67425456571.029976,67704398524.8136,54336760191.74618
ORO,ccsm4_rcp45_r1i1p1,LUCAS-BAU_High-0002,6,20,20,69630247340.54121,69916113885.40627,56546023042.51066
ORO,ccsm4_rcp60_r1i1p1,FORE-SCE-A1B,6,20,14,95124281103.92111,97755720927.86482,74665326395.32755
ORO,ccsm4_rcp60_r1i1p1,FORE-SCE-A2,6,20,14,78718601321.5219,77332210865.59378,58262495857.73439
ORO,ccsm4_rcp60_r1i1p1,FORE-SCE-B1,6,20,14,68984149902.2626,68257537360.944725,48329782242.32806
ORO,ccsm4_rcp60_r1i1p1,GCAM-26,6,20,23,189153413905.50333,191607730168.39117,173973204316.48495
ORO,ccsm4_rcp60_r1i1p1,GCAM-45,6,20,17,130851278354.24426,132467343605.95631,110444498954.39426
ORO,ccsm4_rcp60_r1i1p1,GCAM-ref,6,20,14,98785804780.7619,99685308273.3303,78137749165.30368
ORO,ccsm4_rcp60_r1i1p1,LUCAS-BAU_High-0001,6,20,12,59213178570.01143,57151853108.83431,38503470513.15922
ORO,ccsm4_rcp60_r1i1p1,LUCAS-BAU_High-0002,6,20,12,60987760121.701004,58499967121.047485,40274719861.510605
ORO,ccsm4_rcp85_r1i1p1,FORE-SCE-A1B,6,20,26,180204220234.5063,177726170598.3828,128596844476.20963
ORO,ccsm4_rcp85_r1i1p1,FORE-SCE-A2,6,20,29,153917208603.59305,155838776180.93958,106685942733.82782
ORO,ccsm4_rcp85_r1i1p1,FORE-SCE-B1,6,20,25,141685995968.0277,137711673817.6967,87907250501.83379
ORO,ccsm4_rcp85_r1i1p1,GCAM-26,6,20,30,315677774066.55566,308449678962.7664,269030731914.71298
ORO,ccsm4_rcp85_r1i1p1,GCAM-45,6,20,31,231035431786.9374,229189671532.42255,180051313378.5456
ORO,ccsm4_rcp85_r1i1p1,GCAM-ref,6,20,24,178734851925.00983,177257106203.1687,127191046912.86873
ORO,ccsm4_rcp85_r1i1p1,LUCAS-BAU_High-0001,6,20,22,133916532472.09695,123377248778.52478,68129904278.84988
ORO,ccsm4_rcp85_r1i1p1,LUCAS-BAU_High-0002,6,20,22,135796085403.9944,124499359618.19147,70983688844.29605
ORO,cesm1-bgc_rcp45_r1i1p1,FORE-SCE-A1B,6,20,28,122174044892.65787,114643653837.99747,108338117626.52707
ORO,cesm1-bgc_rcp45_r1i1p1,FORE-SCE-A2,6,20,30,102441941113.64932,92746519512.05807,87572953288.10834
ORO,cesm1-bgc_rcp45_r1i1p1,FORE-SCE-B1,6,20,32,86697012231.0633,77584077583.88414,71474982322.35144
ORO,cesm1-bgc_rcp45_r1i1p1,GCAM-26,6,20,32,238190359533.2982,240892119502.22638,231834435541.26144
ORO,cesm1-bgc_rcp45_r1i1p1,GCAM-45,6,20,29,163516413636.88382,162982991317.5995,154204065170.96744
ORO,cesm1-bgc_rcp45_r1i1p1,GCAM-ref,6,20,27,121330454163.03932,115074258657.43756,107627866155.2067
ORO,cesm1-bgc_rcp45_r1i1p1,LUCAS-BAU_High-0001,6,20,31,71653169068.98448,61539528006.89138,55246215176.176834
ORO,cesm1-bgc_rcp45_r1i1p1,LUCAS-BAU_High-0002,6,20,31,73544153548.2696,63884873692.60636,57805715685.28481
ORO,cesm1-bgc_rcp85_r1i1p1,FORE-SCE-A1B,6,20,18,95051944710.59251,110255374004.36482,76353461386.35126
ORO,cesm1-bgc_rcp85_r1i1p1,FORE-SCE-A2,6,20,18,77117762858.47246,91590498014.51482,56605455696.80923
ORO,cesm1-bgc_rcp85_r1i1p1,FORE-SCE-B1,6,20,18,68020751393.377045,80347284983.08493,48072811247.90917
ORO,cesm1-bgc_rcp85_r1i1p1,GCAM-26,6,20,19,202800094473.80017,209443790471.0452,182167560777.86826
ORO,cesm1-bgc_rcp85_r1i1p1,GCAM-45,6,20,17,132460445272.88644,144235550340.23053,113408931971.71846
ORO,cesm1-bgc_rcp85_r1i1p1,GCAM-ref,6,20,16,99126953388.81924,111240677301.32616,80152254358.19928
ORO,cesm1-bgc_rcp85_r1i1p1,LUCAS-BAU_High-0001,6,20,16,58425440032.89078,69798412363.48665,36983597363.92828
ORO,cesm1-bgc_rcp85_r1i1p1,LUCAS-BAU_High-0002,6,20,18,57961742663.412346,71797998917.70076,39131914778.163284
ORO,cesm1-cam5_rcp26_r1i1p1,FORE-SCE-A1B,6,20,21,92008474582.61603,82918602083.26492,79305302742.34297
ORO,cesm1-cam5_rcp26_r1i1p1,FORE-SCE-A2,6,20,20,72146184109.65628,69168143109.86214,64755764707.21771
ORO,cesm1-cam5_rcp26_r1i1p1,FORE-SCE-B1,6,20,21,54862122181.79714,53506297322.25354,50427082323.9081
ORO,cesm1-cam5_rcp26_r1i1p1,GCAM-26,6,20,27,199987350956.04733,193884603427.41965,188193573173.9827
ORO,cesm1-cam5_rcp26_r1i1p1,GCAM-45,6,20,26,125744176783.78789,122583429597.91504,117924479969.46782
ORO,cesm1-cam5_rcp26_r1i1p1,GCAM-ref,6,20,22,88470422923.40315,80316763608.20721,76611525914.76785
ORO,cesm1-cam5_rcp26_r1i1p1,LUCAS-BAU_High-0001,6,20,21,40855902861.430405,39216654626.19867,36792013259.54236
ORO,cesm1-cam5_rcp26_r1i1p1,LUCAS-BAU_High-0002,6,20,19,44233316377.701164,41171285843.95101,38644104130.005455
ORO,cesm1-cam5_rcp45_r1i1p1,FORE-SCE-A1B,6,20,23,160325801431.6461,161652958653.46457,153788314234.3087
ORO,cesm1-cam5_rcp45_r1i1p1,FORE-SCE-A2,6,20,20,131741563137.97107,132860128603.62915,125182869567.8716
ORO,cesm1-cam5_rcp45_r1i1p1,FORE-SCE-B1,6,20,21,115449920208.48999,116580472810.67725,108895627326.9184
ORO,cesm1-cam5_rcp45_r1i1p1,GCAM-26,6,20,31,312460495153.5065,315188159947.9274,305846470969.4942
ORO,cesm1-cam5_rcp45_r1i1p1,GCAM-45,6,20,29,217562160211.76205,219143029634.91208,210971331626.91153
ORO,cesm1-cam5_rcp45_r1i1p1,GCAM-ref,6,20,23,165528122468.7004,166542494185.90143,158987707244.12424
ORO,cesm1-cam5_rcp45_r1i1p1,LUCAS-BAU_High-0001,6,20,17,96264603734.84258,97377561501.10231,89726306030.45047
ORO,cesm1-cam5_rcp45_r1i1p1,LUCAS-BAU_High-0002,6,20,18,99891903333.00304,100823790959.16182,93343385856.96434
ORO,cesm1-cam5_rcp60_r1i1p1,FORE-SCE-A1B,6,20,21,122813545760.81813,122813545760.81813,122521657033.77425
ORO,cesm1-cam5_rcp60_r1i1p1,FORE-SCE-A2,6,20,17,100015217614.10472,100015217614.10472,99746319717.46237
ORO,cesm1-cam5_rcp60_r1i1p1,FORE-SCE-B1,6,20,17,83554376699.56355,83564345935.04071,83291710758.25081
ORO,cesm1-cam5_rcp60_r1i1p1,GCAM-26,6,20,31,257277213220.3168,257277213220.3168,256800467936.32336
ORO,cesm1-cam5_rcp60_r1i1p1,GCAM-45,6,20,27,173332233336.37524,173332233336.37524,172990834117.5922
ORO,cesm1-cam5_rcp60_r1i1p1,GCAM-ref,6,20,21,124661627907.36374,124661627907.36374,124358928610.12433
ORO,cesm1-cam5_rcp60_r1i1p1,LUCAS-BAU_High-0001,6,20,17,66842066634.83801,66842066634.83801,66564180372.51944
ORO,cesm1-cam5_rcp60_r1i1p1,LUCAS-BAU_High-0002,6,20,19,69573283262.39494,69573283262.39494,69304794712.88162
ORO,cesm1-cam5_rcp85_r1i1p1,FORE-SCE-A1B,6,20,17,206594228090.74945,220386224926.576,137801076254.02798
ORO,cesm1-cam5_rcp85_r1i1p1,FORE-SCE-A2,6,20,15,181780142550.73898,191504547254.5018,112566391057.68755
ORO,cesm1-cam5_rcp85_r1i1p1,FORE-SCE-B1,6,20,18,164508764949.09235,171976043422.89713,95506578446.23085
ORO,cesm1-cam5_rcp85_r1i1p1,GCAM-26,6,20,29,363232657501.65295,376964170556.20746,281072706923.434
ORO,cesm1-cam5_rcp85_r1i1p1,GCAM-45,6,20,24,266186553907.88223,276762736431.456,190335896344.4333
ORO,cesm1-cam5_rcp85_r1i1p1,GCAM-ref,6,20,23,212012351681.67316,219518025239.86188,137630080008.40384
ORO,cesm1-cam5_rcp85_r1i1p1,LUCAS-BAU_High-0001,6,20,15,146352935459.36362,146916680968.84372,75179888946.69621
ORO,cesm1-cam5_rcp85_r1i1p1,LUCAS-BAU_High-0002,6,20,15,149956248582.5835,150991965505.4358,78651849173.88492
ORO,cmcc-cm_rcp45_r1i1p1,FORE-SCE-A1B,6,20,25,123577743215.41393,113384589965.01466,112982953284.59122
ORO,cmcc-cm_rcp45_r1i1p1,FORE-SCE-A2,6,20,19,96924141081.49069,89305843465.6909,88948548677.99052
ORO,cmcc-cm_rcp45_r1i1p1,FORE-SCE-B1,6,20,19,77018862291.07864,73031121813.46005,72662755870.57222
ORO,cmcc-cm_rcp45_r1i1p1,GCAM-26,6,20,33,257470847538.46014,254998362137.31134,253541831739.25616
ORO,cmcc-cm_rcp45_r1i1p1,GCAM-45,6,20,29,166058706398.72095,164610914929.11206,163759067858.7032
ORO,cmcc-cm_rcp45_r1i1p1,GCAM-ref,6,20,25,113679203833.80093,113034780963.37776,112709741623.19221
ORO,cmcc-cm_rcp45_r1i1p1,LUCAS-BAU_High-0001,6,20,14,58074386562.71238,55354593823.90175,54885006415.699615
ORO,cmcc-cm_rcp45_r1i1p1,LUCAS-BAU_High-0002,6,20,15,61148664156.096054,58142568819.67059,57750748234.85515
ORO,cmcc-cm_rcp85_r1i1p1,FORE-SCE-A1B,6,20,21,163696029812.0912,149240665024.45834,147282982671.19962
ORO,cmcc-cm_rcp85_r1i1p1,FORE-SCE-A2,6,20,22,141936841472.13684,131482033931.07071,127078049928.86334
ORO,cmcc-cm_rcp85_r1i1p1,FORE-SCE-B1,6,20,21,105161100669.08936,108845545827.87529,105014838973.1358
ORO,cmcc-cm_rcp85_r1i1p1,GCAM-26,6,20,28,326715337232.8433,297608962029.465,296612662274.3058
ORO,cmcc-cm_rcp85_r1i1p1,GCAM-45,6,20,23,224146406846.89212,205386560644.65274,202392743291.81525
ORO,cmcc-cm_rcp85_r1i1p1,GCAM-ref,6,20,18,159926215701.74875,146696162529.423,144450598345.23404
ORO,cmcc-cm_rcp85_r1i1p1,LUCAS-BAU_High-0001,6,20,20,91120085500.7537,85887661312.99486,82632744152.17703
ORO,cmcc-cm_rcp85_r1i1p1,LUCAS-BAU_High-0002,6,20,20,94438188937.56596,88955593686.08203,85557795320.02715
ORO,cnrm-cm5_rcp45_r1i1p1,FORE-SCE-A1B,6,20,20,66308984440.77458,66557896950.58143,42778248112.51792
ORO,cnrm-cm5_rcp45_r1i1p1,FORE-SCE-A2,6,20,21,55498065562.20829,54336545248.95276,30971240100.890507
ORO,cnrm-cm5_rcp45_r1i1p1,FORE-SCE-B1,6,20,22,48289019429.540695,46204027552.558975,23913316297.398266
ORO,cnrm-cm5_rcp45_r1i1p1,GCAM-26,6,20,15,141380869029.3005,151027262638.32605,122879914978.06862
ORO,cnrm-cm5_rcp45_r1i1p1,GCAM-45,6,20,21,93725438680.73521,94271952965.78416,70217057492.5759
ORO,cnrm-cm5_rcp45_r1i1p1,GCAM-ref,6,20,22,67623390807.56044,68522229634.943245,44119191955.6311
ORO,cnrm-cm5_rcp45_r1i1p1,LUCAS-BAU_High-0001,6,20,24,48212942723.15002,38145502334.22504,17225314993.35848
ORO,cnrm-cm5_rcp45_r1i1p1,LUCAS-BAU_High-0002,6,20,24,48574777323.084526,39555509796.372765,18389537032.159748
ORO,cnrm-cm5_rcp85_r1i1p1,FORE-SCE-A1B,6,20,23,146126068066.71588,109043242809.56694,63770639341.85126
ORO,cnrm-cm5_rcp85_r1i1p1,FORE-SCE-A2,6,20,21,139326397874.69693,96085573069.73949,49972555343.63514
ORO,cnrm-cm5_rcp85_r1i1p1,FORE-SCE-B1,6,20,20,129653559067.35909,83105223236.4413,39656484807.24746
ORO,cnrm-cm5_rcp85_r1i1p1,GCAM-26,6,20,25,233245257311.82602,213879980346.42468,161463935098.42383
ORO,cnrm-cm5_rcp85_r1i1p1,GCAM-45,6,20,22,172601158273.86987,147079733602.68896,97044733231.08186
ORO,cnrm-cm5_rcp85_r1i1p1,GCAM-ref,6,20,22,144626201321.73477,108533542557.26337,62780175180.54127
ORO,cnrm-cm5_rcp85_r1i1p1,LUCAS-BAU_High-0001,6,20,20,114759713244.87473,67245464250.094376,28131796769.923847
ORO,cnrm-cm5_rcp85_r1i1p1,LUCAS-BAU_High-0002,6,20,21,118966504858.31908,69765294342.12091,29713930493.79754
ORO,csiro-mk3-6-0_rcp26_r1i1p1,FORE-SCE-A1B,6,20,24,147359108454.72922,147557094361.0244,147072239925.39514
ORO,csiro-mk3-6-0_rcp26_r1i1p1,FORE-SCE-A2,6,20,25,119514769055.15315,119786336509.20885,119314687186.94937
ORO,csiro-mk3-6-0_rcp26_r1i1p1,FORE-SCE-B1,6,20,24,103139877360.88829,103458305587.09543,102957832933.06357
ORO,csiro-mk3-6-0_rcp26_r1i1p1,GCAM-26,6,20,27,293372940032.0577,294178224884.7215,292741793227.5142
ORO,csiro-mk3-6-0_rcp26_r1i1p1,GCAM-45,6,20,28,201986440169.9267,202613130927.6113,201561718934.9102
ORO,csiro-mk3-6-0_rcp26_r1i1p1,GCAM-ref,6,20,20,150539265349.9205,151073266442.8977,150235458687.40164
ORO,csiro-mk3-6-0_rcp26_r1i1p1,LUCAS-BAU_High-0001,6,20,23,84298259902.81859,85170828349.68713,84158430614.15355
ORO,csiro-mk3-6-0_rcp26_r1i1p1,LUCAS-BAU_High-0002,6,20,24,87864543437.96634,88164209093.05705,87714929171.84677
ORO,csiro-mk3-6-0_rcp45_r1i1p1,FORE-SCE-A1B,6,20,29,137490824056.75107,135405140009.54282,133052275761.60263
ORO,csiro-mk3-6-0_rcp45_r1i1p1,FORE-SCE-A2,6,20,29,112750249228.56274,107751274044.82646,107250133032.35918
ORO,csiro-mk3-6-0_rcp45_r1i1p1,FORE-SCE-B1,6,20,29,90715738146.99193,88444963318.72295,88337345003.98592
ORO,csiro-mk3-6-0_rcp45_r1i1p1,GCAM-26,6,20,34,297989503047.5909,286167890795.0275,285117773004.1663
ORO,csiro-mk3-6-0_rcp45_r1i1p1,GCAM-45,6,20,29,199529026205.20355,190442306878.04132,190127581198.96188
ORO,csiro-mk3-6-0_rcp45_r1i1p1,GCAM-ref,6,20,25,141356306900.05823,135068973614.47684,134931369795.82402
ORO,csiro-mk3-6-0_rcp45_r1i1p1,LUCAS-BAU_High-0001,6,20,24,72590739856.62114,70417476089.17053,70335839403.76103
ORO,csiro-mk3-6-0_rcp45_r1i1p1,LUCAS-BAU_High-0002,6,20,27,75870999960.94962,73499347604.40167,73410647321.62338
ORO,csiro-mk3-6-0_rcp60_r1i1p1,FORE-SCE-A1B,6,20,24,156828796561.69708,169290220184.92493,105345511078.45096
ORO,csiro-mk3-6-0_rcp60_r1i1p1,FORE-SCE-A2,6,20,24,137902837543.4621,149144723022.84576,86253848358.62395
ORO,csiro-mk3-6-0_rcp60_r1i1p1,FORE-SCE-B1,6,20,24,122004860851.54814,131641597374.98569,69672700904.79428
ORO,csiro-mk3-6-0_rcp60_r1i1p1,GCAM-26,6,20,25,283411000811.2917,300993059896.5062,232222501820.70203
ORO,csiro-mk3-6-0_rcp60_r1i1p1,GCAM-45,6,20,25,202933072068.1021,217978992032.5986,151611961765.89365
ORO,csiro-mk3-6-0_rcp60_r1i1p1,GCAM-ref,6,20,22,155317336898.82785,167780878409.74808,103887392896.00089
ORO,csiro-mk3-6-0_rcp60_r1i1p1,LUCAS-BAU_High-0001,6,20,26,105794176704.07364,113476958487.34229,54115059518.04345
ORO,csiro-mk3-6-0_rcp60_r1i1p1,LUCAS-BAU_High-0002,6,20,26,108147734819.73344,116118773393.59454,56492466135.99951
ORO,csiro-mk3-6-0_rcp85_r1i1p1,FORE-SCE-A1B,6,20,32,144337733553.0585,143406312161.95093,137098803756.41792
ORO,csiro-mk3-6-0_rcp85_r1i1p1,FORE-SCE-A2,6,20,27,117167117039.97562,117976600795.49648,110423750195.87666
ORO,csiro-mk3-6-0_rcp85_r1i1p1,FORE-SCE-B1,6,20,26,97835565738.06308,100956336713.25687,93507888286.25317
ORO,csiro-mk3-6-0_rcp85_r1i1p1,GCAM-26,6,20,32,297996019716.2805,291657763529.5105,286100277575.128
ORO,csiro-mk3-6-0_rcp85_r1i1p1,GCAM-45,6,20,29,200831935094.033,198522920612.4524,192364453139.8814
ORO,csiro-mk3-6-0_rcp85_r1i1p1,GCAM-ref,6,20,26,147610657071.7114,146881890139.13663,140471014432.90347
ORO,csiro-mk3-6-0_rcp85_r1i1p1,LUCAS-BAU_High-0001,6,20,24,81708908913.70592,80951169199.24046,74265575145.17545
ORO,csiro-mk3-6-0_rcp85_r1i1p1,LUCAS-BAU_High-0002,6,20,26,84106539407.32954,83758934246.19766,77551342107.72832
ORO,fgoals-g2_rcp26_r1i1p1,FORE-SCE-A1B,6,20,22,72678454244.08257,71904008230.26524,70505797945.68878
ORO,fgoals-g2_rcp26_r1i1p1,FORE-SCE-A2,6,20,19,53772726677.728516,54893168653.46566,52531994826.56626
ORO,fgoals-g2_rcp26_r1i1p1,FORE-SCE-B1,6,20,21,47521905957.69464,45945740152.27641,43998437727.70225
ORO,fgoals-g2_rcp26_r1i1p1,GCAM-26,6,20,20,173759877704.26505,175297204007.2172,170978894905.77386
ORO,fgoals-g2_rcp26_r1i1p1,GCAM-45,6,20,20,107694577828.19426,106717885349.80971,105593794760.2335
ORO,fgoals-g2_rcp26_r1i1p1,GCAM-ref,6,20,22,74439056412.44942,76860540409.46231,72774751458.72197
ORO,fgoals-g2_rcp26_r1i1p1,LUCAS-BAU_High-0001,6,20,19,35371160548.98025,34803147690.51899,33930108817.803043
ORO,fgoals-g2_rcp26_r1i1p1,LUCAS-BAU_High-0002,6,20,19,37777411669.80209,37933890879.75215,35855609369.93971
SHA,access1-0_rcp45_r1i1p1,FORE-SCE-A1B,6,20,53,251594143242.0798,216014529211.83994,157922280217.5727
SHA,access1-0_rcp45_r1i1p1,FORE-SCE-A2,6,20,54,208286937650.22968,176357207028.86197,125932195846.62997
SHA,access1-0_rcp45_r1i1p1,FORE-SCE-B1,6,20,54,172511635808.32443,143200125457.3622,96151757002.87898
SHA,access1-0_rcp45_r1i1p1,GCAM-26,6,20,56,523847668443.7337,466589990226.29004,390612861374.94617
SHA,access1-0_rcp45_r1i1p1,GCAM-45,6,20,53,352341382420.0795,310505740031.1121,239810217808.74072
SHA,access1-0_rcp45_r1i1p1,GCAM-ref,6,20,52,249209828499.4854,213925037636.01233,152167127973.00424
SHA,access1-0_rcp45_r1i1p1,LUCAS-BAU_High-0001,6,20,54,134811793584.38986,110811013503.41698,68121375685.768715
SHA,access1-0_rcp45_r1i1p1,LUCAS-BAU_High-0002,6,20,54,140762640958.2999,115878468503.0155,71984455556.54199
SHA,access1-0_rcp85_r1i1p1,FORE-SCE-A1B,6,20,48,426409245108.97394,375374677095.02405,288621302558.3373
SHA,access1-0_rcp85_r1i1p1,FORE-SCE-A2,6,20,46,379030551410.0979,318973484553.4096,232483750024.31546
SHA,access1-0_rcp85_r1i1p1,FORE-SCE-B1,6,20,47,321791837948.08624,279609047176.11804,192903841959.92615
SHA,access1-0_rcp85_r1i1p1,GCAM-26,6,20,53,794369431710.6877,710012660888.6334,622626317561.8308
SHA,access1-0_rcp85_r1i1p1,GCAM-45,6,20,54,562708009895.1311,505706036565.8246,408027027573.28046
SHA,access1-0_rcp85_r1i1p1,GCAM-ref,6,20,51,429085307565.6838,379757872358.0864,287665196391.70154
SHA,access1-0_rcp85_r1i1p1,LUCAS-BAU_High-0001,6,20,52,264711800844.3878,228966614890.98605,146428479294.10593
SHA,access1-0_rcp85_r1i1p1,LUCAS-BAU_High-0002,6,20,52,276296423196.7971,231592846856.8095,153668534522.73453
SHA,bcc-csm1-1-m_rcp45_r1i1p1,FORE-SCE-A1B,6,20,48,329166401236.3125,323452336292.0026,183220860982.4816
SHA,bcc-csm1-1-m_rcp45_r1i1p1,FORE-SCE-A2,6,20,50,285521646768.1817,282000938011.56,146690138496.6843
SHA,bcc-csm1-1-m_rcp45_r1i1p1,FORE-SCE-B1,6,20,52,255878592871.01694,249447927340.0337,117954090789.53462
SHA,bcc-csm1-1-m_rcp45_r1i1p1,GCAM-26,6,20,53,590033321181.2141,601788674729.1365,426151401641.08905
SHA,bcc-csm1-1-m_rcp45_r1i1p1,GCAM-45,6,20,49,427305250891.1204,426087381865.60944,269241847223.99832
SHA,bcc-csm1-1-m_rcp45_r1i1p1,GCAM-ref,6,20,50,324100560950.6602,321888853718.2716,181612609163.45145
SHA,bcc-csm1-1-m_rcp45_r1i1p1,LUCAS-BAU_High-0001,6,20,54,218812824026.98343,212220776340.3178,86449020306.2078
SHA,bcc-csm1-1-m_rcp45_r1i1p1,LUCAS-BAU_High-0002,6,20,54,220631645154.64493,209347549570.18362,90663052009.47282
SHA,bcc-csm1-1-m_rcp85_r1i1p1,FORE-SCE-A1B,6,20,54,473822970687.0608,381766888458.37555,178906889607.23535
SHA,bcc-csm1-1-m_rcp85_r1i1p1,FORE-SCE-A2,6,20,54,427664102272.00507,337139033464.3705,148015555564.4919
SHA,bcc-csm1-1-m_rcp85_r1i1p1,FORE-SCE-B1,6,20,56,404609025103.7589,307618800587.079,119638261214.80368
SHA,bcc-csm1-1-m_rcp85_r1i1p1,GCAM-26,6,20,59,737377453625.9224,650890599718.2515,399895869509.57996
SHA,bcc-csm1-1-m_rcp85_r1i1p1,GCAM-45,6,20,56,569817029192.1919,477724780840.27136,256602779439.35562
SHA,bcc-csm1-1-m_rcp85_r1i1p1,GCAM-ref,6,20,55,482364298797.036,384567084237.3909,173324173899.56485
SHA,bcc-csm1-1-m_rcp85_r1i1p1,LUCAS-BAU_High-0001,6,20,57,379476472121.45575,269173499175.2173,91779038987.13168
SHA,bcc-csm1-1-m_rcp85_r1i1p1,LUCAS-BAU_High-0002,6,20,56,380921691080.6108,267644579677.3818,95336996330.0378
SHA,bcc-csm1-1_rcp26_r1i1p1,FORE-SCE-A1B,6,20,51,367596000690.5503,400017686458.55115,298015423730.58636
SHA,bcc-csm1-1_rcp26_r1i1p1,FORE-SCE-A2,6,20,51,309589957968.82935,341573195679.73157,241858682829.22116
SHA,bcc-csm1-1_rcp26_r1i1p1,FORE-SCE-B1,6,20,48,265391472780.07428,297979738703.1517,200775006313.5532
SHA,bcc-csm1-1_rcp26_r1i1p1,GCAM-26,6,20,54,705977628744.2568,725210738316.2458,612627494040.9902
SHA,bcc-csm1-1_rcp26_r1i1p1,GCAM-45,6,20,53,494922550691.4406,515946399840.0022,415496066659.57623
SHA,bcc-csm1-1_rcp26_r1i1p1,GCAM-ref,6,20,52,367366060301.10474,391289218191.6072,299303633865.5453
SHA,bcc-csm1-1_rcp26_r1i1p1,LUCAS-BAU_High-0001,6,20,50,223810003188.74142,248081965609.10104,161107506198.4304
SHA,bcc-csm1-1_rcp26_r1i1p1,LUCAS-BAU_High-0002,6,20,50,229928831150.08044,257051446395.54083,168036986838.5641
SHA,bcc-csm1-1_rcp45_r1i1p1,FORE-SCE-A1B,6,20,62,370963937743.2934,366767575791.0501,247398566058.12646
SHA,bcc-csm1-1_rcp45_r1i1p1,FORE-SCE-A2,6,20,62,314093754246.22595,323605281468.247,209545935118.32892
SHA,bcc-csm1-1_rcp45_r1i1p1,FORE-SCE-B1,6,20,61,270714374317.50342,283653947933.0041,167588611651.37732
SHA,bcc-csm1-1_rcp45_r1i1p1,GCAM-26,6,20,59,642280400382.6947,660496637249.4833,527039740194.9445
SHA,bcc-csm1-1_rcp45_r1i1p1,GCAM-45,6,20,61,475355045759.80914,477829947847.453,350290899483.7577
SHA,bcc-csm1-1_rcp45_r1i1p1,GCAM-ref,6,20,62,340945254216.2517,349711325206.5351,238674670959.5835
SHA,bcc-csm1-1_rcp45_r1i1p1,LUCAS-BAU_High-0001,6,20,57,233858718803.3336,238169128548.24716,129729504820.59218
SHA,bcc-csm1-1_rcp45_r1i1p1,LUCAS-BAU_High-0002,6,20,58,232784711454.84396,244559669161.86093,134694595680.53691
SHA,bcc-csm1-1_rcp60_r1i1p1,FORE-SCE-A1B,6,20,51,255629963095.7238,262658494539.8737,213798917163.64035
SHA,bcc-csm1-1_rcp60_r1i1p1,FORE-SCE-A2,6,20,49,230613459607.8749,223038459127.58456,168600347047.48672
SHA,bcc-csm1-1_rcp60_r1i1p1,FORE-SCE-B1,6,20,48,193319114516.12753,189750017816.77588,138087855519.5814
SHA,bcc-csm1-1_rcp60_r1i1p1,GCAM-26,6,20,56,522484547686.4895,520201602439.84766,480196211219.81976
SHA,bcc-csm1-1_rcp60_r1i1p1,GCAM-45,6,20,53,370069781307.2977,360583561474.61914,314572574149.3582
SHA,bcc-csm1-1_rcp60_r1i1p1,GCAM-ref,6,20,51,264855973361.06247,267418786373.69077,221348008773.981
SHA,bcc-csm1-1_rcp60_r1i1p1,LUCAS-BAU_High-0001,6,20,49,160872400311.4312,165026491018.05365,113015260227.38678
SHA,bcc-csm1-1_rcp60_r1i1p1,LUCAS-BAU_High-0002,6,20,47,173941064505.43195,168747086069.15576,117889714924.7122
SHA,bcc-csm1-1_rcp85_r1i1p1,FORE-SCE-A1B,6,20,54,437714999526.66626,471126711140.0473,240430881286.80566
SHA,bcc-csm1-1_rcp85_r1i1p1,FORE-SCE-A2,6,20,52,403400323886.03265,437188616615.1946,205789616305.07236
SHA,bcc-csm1-1_rcp85_r1i1p1,FORE-SCE-B1,6,20,54,358388615512.6957,381120098303.0768,163308804712.85236
SHA,bcc-csm1-1_rcp85_r1i1p1,GCAM-26,6,20,56,722622427286.9899,751593180392.1282,516431933690.05646
SHA,bcc-csm1-1_rcp85_r1i1p1,GCAM-45,6,20,54,542765097997.4371,575776509205.0173,341712225175.7756
SHA,bcc-csm1-1_rcp85_r1i1p1,GCAM-ref,6,20,52,425547455767.5559,458655332454.4971,233437781928.95795
SHA,bcc-csm1-1_rcp85_r1i1p1,LUCAS-BAU_High-0001,6,20,49,331347327834.90784,337747237842.86676,125504135556.18382
SHA,bcc-csm1-1_rcp85_r1i1p1,LUCAS-BAU_High-0002,6,20,49,333379119377.6875,346765817490.4782,130230167808.6904
SHA,canesm2_rcp26_r1i1p1,FORE-SCE-A1B,6,20,54,560595436541.3992,526045701632.467,257947655974.3645
SHA,canesm2_rcp26_r1i1p1,FORE-SCE-A2,6,20,54,517978580289.18274,482916635232.04065,219589220754.8696
SHA,canesm2_rcp26_r1i1p1,FORE-SCE-B1,6,20,57,489008914596.7904,448532655874.862,195131186247.4212
SHA,canesm2_rcp26_r1i1p1,GCAM-26,6,20,61,811541116549.0271,789682237257.0543,484050770197.8431
SHA,canesm2_rcp26_r1i1p1,GCAM-45,6,20,55,652680372073.6107,622041564748.2126,338151064753.43115
SHA,canesm2_rcp26_r1i1p1,GCAM-ref,6,20,55,559602220103.6309,526758254018.436,258073862649.42657
SHA,canesm2_rcp26_r1i1p1,LUCAS-BAU_High-0001,6,20,56,456929828474.1088,416985490829.26245,169972771091.4767
SHA,canesm2_rcp26_r1i1p1,LUCAS-BAU_High-0002,6,20,56,462362011861.3209,419910592724.7778,173372083806.95325
SHA,canesm2_rcp45_r1i1p1,FORE-SCE-A1B,6,20,64,440737332540.98956,352822664981.34863,176596201836.0256
SHA,canesm2_rcp45_r1i1p1,FORE-SCE-A2,6,20,64,391938241247.81885,306066944005.6398,144067931266.28656
SHA,canesm2_rcp45_r1i1p1,FORE-SCE-B1,6,20,65,361453206547.1253,274727105249.9809,118112560651.64297
SHA,canesm2_rcp45_r1i1p1,GCAM-26,6,20,63,721565131041.2842,608057333027.4838,393693661826.7712
SHA,canesm2_rcp45_r1i1p1,GCAM-45,6,20,65,544618179502.3203,446020789870.32806,253704932252.54843
SHA,canesm2_rcp45_r1i1p1,GCAM-ref,6,20,64,442381158361.97266,353326439910.38293,173832665403.179
SHA,canesm2_rcp45_r1i1p1,LUCAS-BAU_High-0001,6,20,66,318345106319.09705,240134648516.80432,91036176418.41011
SHA,canesm2_rcp45_r1i1p1,LUCAS-BAU_High-0002,6,20,67,323949455927.69055,245411694577.5909,95733608521.26572
SHA,canesm2_rcp85_r1i1p1,FORE-SCE-A1B,6,20,60,1630110938241.9795,1061973838430.1862,681999264215.3492
SHA,canesm2_rcp85_r1i1p1,FORE-SCE-A2,6,20,56,1583659189619.7485,1015564878559.7887,646006821593.084
SHA,canesm2_rcp85_r1i1p1,FORE-SCE-B1,6,20,58,1543914053977.0803,977253837373.2848,614756685795.9327
SHA,canesm2_rcp85_r1i1p1,GCAM-26,6,20,61,1870677248271.3337,1369523317351.4707,924961591425.9421
SHA,canesm2_rcp85_r1i1p1,GCAM-45,6,20,58,1738276177904.5334,1185869582558.4104,771502988436.5408
SHA,canesm2_rcp85_r1i1p1,GCAM-ref,6,20,58,1651132629851.478,1093666827497.9977,682392288860.1276
SHA,canesm2_rcp85_r1i1p1,LUCAS-BAU_High-0001,6,20,58,1581379908427.149,938471826517.616,585544358354.217
SHA,canesm2_rcp85_r1i1p1,LUCAS-BAU_High-0002,6,20,58,1532687775514.0361,954113575960.6172,589884876204.7985
SHA,ccsm4_rcp26_r1i1p1,FORE-SCE-A1B,6,20,53,208060077998.59232,191383234906.40063,152793267322.53705
SHA,ccsm4_rcp26_r1i1p1,FORE-SCE-A2,6,20,54,176756770628.2752,165383611264.55264,126195179209.42973
SHA,ccsm4_rcp26_r1i1p1,FORE-SCE-B1,6,20,55,145399966336.63522,135807139932.34892,97054619420.39069
SHA,ccsm4_rcp26_r1i1p1,GCAM-26,6,20,51,440753906819.6303,417027184214.2699,369239427056.0379
SHA,ccsm4_rcp26_r1i1p1,GCAM-45,6,20,53,292131127763.9463,273066532319.30365,229762714951.34622
SHA,ccsm4_rcp26_r1i1p1,GCAM-ref,6,20,54,201862217167.35596,186215384193.72253,147444441472.6562
SHA,ccsm4_rcp26_r1i1p1,LUCAS-BAU_High-0001,6,20,54,118813102954.29378,111385574580.61632,69338071401.09662
SHA,ccsm4_rcp26_r1i1p1,LUCAS-BAU_High-0002,6,20,54,123435345345.92805,114689183984.89902,72881161495.49403
SHA,ccsm4_rcp45_r1i1p1,FORE-SCE-A1B,6,20,53,283954491868.55884,275169696457.3166,153577833596.68564
SHA,ccsm4_rcp45_r1i1p1,FORE-SCE-A2,6,20,52,249436725231.49554,235194215350.81635,122846432616.49991
SHA,ccsm4_rcp45_r1i1p1,FORE-SCE-B1,6,20,53,219961368956.28217,206793494687.9772,96101974171.05554
SHA,ccsm4_rcp45_r1i1p1,GCAM-26,6,20,51,520002811105.78094,523810200478.66626,374153298323.1978
SHA,ccsm4_rcp45_r1i1p1,GCAM-45,6,20,54,370673627127.8435,367350203953.53076,233141643515.06195
SHA,ccsm4_rcp45_r1i1p1,GCAM-ref,6,20,52,286978747070.8329,279348281219.4202,155452597505.83893
SHA,ccsm4_rcp45_r1i1p1,LUCAS-BAU_High-0001,6,20,53,194070860374.083,177714465738.87955,73074829653.96338
SHA,ccsm4_rcp45_r1i1p1,LUCAS-BAU_High-0002,6,20,53,197706630288.1541,181929363717.10184,76582505274.19354
SHA,ccsm4_rcp60_r1i1p1,FORE-SCE-A1B,6,20,55,302000505311.515,284655184789.47144,134915561109.47174
SHA,ccsm4_rcp60_r1i1p1,FORE-SCE-A2,6,20,55,259706396300.1909,238420803603.93787,104063883010.77122
SHA,ccsm4_rcp60_r1i1p1,FORE-SCE-B1,6,20,55,248379259468.93295,211867314761.53143,84610785761.79147
SHA,ccsm4_rcp60_r1i1p1,GCAM-26,6,20,55,524597624049.9385,509444548819.3753,326261086755.324
SHA,ccsm4_rcp60_r1i1p1,GCAM-45,6,20,53,380867421258.6102,369191290343.7521,203456245901.0345
SHA,ccsm4_rcp60_r1i1p1,GCAM-ref,6,20,53,311786374055.7385,291035245963.4889,138576283379.01498
SHA,ccsm4_rcp60_r1i1p1,LUCAS-BAU_High-0001,6,20,56,230997684441.24005,187754110478.47284,64321501781.854256
SHA,ccsm4_rcp60_r1i1p1,LUCAS-BAU_High-0002,6,20,56,234328356049.18018,192571175707.06805,67455580169.233765
SHA,ccsm4_rcp85_r1i1p1,FORE-SCE-A1B,6,20,52,328449156212.9745,344698626232.0978,222383969916.12372
SHA,ccsm4_rcp85_r1i1p1,FORE-SCE-A2,6,20,52,282247870573.82385,296816988546.48737,183065081235.2675
SHA,ccsm4_rcp85_r1i1p1,FORE-SCE-B1,6,20,50,241867097916.8287,253974645768.09604,147647608350.40692
SHA,ccsm4_rcp85_r1i1p1,GCAM-26,6,20,54,630898799902.0791,635514085279.1562,482277801379.81384
SHA,ccsm4_rcp85_r1i1p1,GCAM-45,6,20,56,438811875595.8494,449635179713.20844,313301812070.97845
SHA,ccsm4_rcp85_r1i1p1,GCAM-ref,6,20,49,322240552768.4419,334809448777.6864,215583172653.2083
SHA,ccsm4_rcp85_r1i1p1,LUCAS-BAU_High-0001,6,20,51,198372477923.904,211493907866.99695,109436867421.43645
SHA,ccsm4_rcp85_r1i1p1,LUCAS-BAU_High-0002,6,20,52,204187864658.90222,217985128252.06046,114567255624.80664
SHA,cesm1-bgc_rcp45_r1i1p1,FORE-SCE-A1B,6,20,59,341609860741.6753,322719146458.50543,175748168439.06116
SHA,cesm1-bgc_rcp45_r1i1p1,FORE-SCE-A2,6,20,57,299396804402.88544,282222460351.0839,141566463077.36343
SHA,cesm1-bgc_rcp45_r1i1p1,FORE-SCE-B1,6,20,57,282647561628.27826,249602453259.76495,116464562708.22055
SHA,cesm1-bgc_rcp45_r1i1p1,GCAM-26,6,20,60,567945058560.8107,565747896534.7021,395266613980.063
SHA,cesm1-bgc_rcp45_r1i1p1,GCAM-45,6,20,60,426081848481.97565,417921683445.5381,254827395081.0617
SHA,cesm1-bgc_rcp45_r1i1p1,GCAM-ref,6,20,60,348344067374.9538,323350178399.0321,175758367423.15088
SHA,cesm1-bgc_rcp45_r1i1p1,LUCAS-BAU_High-0001,6,20,58,261631693200.91605,216563800311.8811,91159213791.85333
SHA,cesm1-bgc_rcp45_r1i1p1,LUCAS-BAU_High-0002,6,20,58,263896096821.8269,221340366569.36676,95062438242.4047
SHA,cesm1-bgc_rcp85_r1i1p1,FORE-SCE-A1B,6,20,63,400614122627.6998,387136464284.1414,195292659118.198
SHA,cesm1-bgc_rcp85_r1i1p1,FORE-SCE-A2,6,20,59,354165403388.70325,338819315167.0188,156311602424.8106
SHA,cesm1-bgc_rcp85_r1i1p1,FORE-SCE-B1,6,20,60,328509587368.4415,306276491769.60815,134415574086.67558
SHA,cesm1-bgc_rcp85_r1i1p1,GCAM-26,6,20,63,668613690426.7661,678184012433.2543,412326445095.06244
SHA,cesm1-bgc_rcp85_r1i1p1,GCAM-45,6,20,63,485591382414.7703,511309390906.3949,272968532059.90857
SHA,cesm1-bgc_rcp85_r1i1p1,GCAM-ref,6,20,65,406499223068.6231,414354421889.8734,200274721943.98346
SHA,cesm1-bgc_rcp85_r1i1p1,LUCAS-BAU_High-0001,6,20,60,308471752144.72626,281160535337.0597,112611352117.09616
SHA,cesm1-bgc_rcp85_r1i1p1,LUCAS-BAU_High-0002,6,20,60,305464459666.7994,285891300779.70886,115074906524.59117
SHA,cesm1-cam5_rcp26_r1i1p1,FORE-SCE-A1B,6,20,61,220678255635.76328,216477052683.53162,116718175523.30827
SHA,cesm1-cam5_rcp26_r1i1p1,FORE-SCE-A2,6,20,60,183988186341.14423,179148503398.97183,93909766630.47858
SHA,cesm1-cam5_rcp26_r1i1p1,FORE-SCE-B1,6,20,60,155588976550.92886,156821466750.44424,69320031061.45125
SHA,cesm1-cam5_rcp26_r1i1p1,GCAM-26,6,20,58,460424918053.3875,435444389629.7873,307101470775.7991
SHA,cesm1-cam5_rcp26_r1i1p1,GCAM-45,6,20,61,305841557838.35925,295053554497.8331,182105741224.93582
SHA,cesm1-cam5_rcp26_r1i1p1,GCAM-ref,6,20,63,213506538566.0394,206825618524.4853,110613548313.27756
SHA,cesm1-cam5_rcp26_r1i1p1,LUCAS-BAU_High-0001,6,20,60,127236882226.08363,126372951089.74442,48249173835.153824
SHA,cesm1-cam5_rcp26_r1i1p1,LUCAS-BAU_High-0002,6,20,60,132156693965.58443,129000273692.05882,50811682907.028625
SHA,cesm1-cam5_rcp45_r1i1p1,FORE-SCE-A1B,6,20,54,317893967178.2292,317545854695.22845,222245564986.53394
SHA,cesm1-cam5_rcp45_r1i1p1,FORE-SCE-A2,6,20,50,268285570848.3779,271646331426.40378,175641145224.7047
SHA,cesm1-cam5_rcp45_r1i1p1,FORE-SCE-B1,6,20,50,250443769507.84604,241613545061.16904,149475977746.31955
SHA,cesm1-cam5_rcp45_r1i1p1,GCAM-26,6,20,56,595557159797.8484,603366451135.5688,485049076917.29175
SHA,cesm1-cam5_rcp45_r1i1p1,GCAM-45,6,20,52,413831043843.94995,426865212964.75354,316840607468.7775
SHA,cesm1-cam5_rcp45_r1i1p1,GCAM-ref,6,20,56,330205718456.886,332973111561.1109,229877077834.97803
SHA,cesm1-cam5_rcp45_r1i1p1,LUCAS-BAU_High-0001,6,20,52,214988467427.80423,199719255012.00555,118572038195.56224
SHA,cesm1-cam5_rcp45_r1i1p1,LUCAS-BAU_High-0002,6,20,53,220554295536.485,202853853434.378,124230679130.61923
SHA,cesm1-cam5_rcp60_r1i1p1,FORE-SCE-A1B,6,20,58,361079641298.2458,372441478209.9739,155053458774.20822
SHA,cesm1-cam5_rcp60_r1i1p1,FORE-SCE-A2,6,20,59,324315836403.4027,332339143356.5001,123165687442.68109
SHA,cesm1-cam5_rcp60_r1i1p1,FORE-SCE-B1,6,20,61,300934316735.0993,301299174966.7035,97672494201.70152
SHA,cesm1-cam5_rcp60_r1i1p1,GCAM-26,6,20,59,583090305635.5352,605453313388.8589,365002273495.82623
SHA,cesm1-cam5_rcp60_r1i1p1,GCAM-45,6,20,57,440734619567.8576,463787293641.3691,231034271882.914
SHA,cesm1-cam5_rcp60_r1i1p1,GCAM-ref,6,20,58,362950443734.08527,372824327802.1922,155293533406.76993
SHA,cesm1-cam5_rcp60_r1i1p1,LUCAS-BAU_High-0001,6,20,62,275365497932.7605,271418455163.44525,74376952424.5245
SHA,cesm1-cam5_rcp60_r1i1p1,LUCAS-BAU_High-0002,6,20,61,281851111405.4917,267722227532.47318,78020599945.37715
SHA,cesm1-cam5_rcp85_r1i1p1,FORE-SCE-A1B,6,20,56,524956169632.1414,506325474276.4043,274044416740.49426
SHA,cesm1-cam5_rcp85_r1i1p1,FORE-SCE-A2,6,20,58,479719922859.0363,454065664577.01605,228796213875.40378
SHA,cesm1-cam5_rcp85_r1i1p1,FORE-SCE-B1,6,20,58,454828140190.7178,421084265008.6217,197922597957.47214
SHA,cesm1-cam5_rcp85_r1i1p1,GCAM-26,6,20,56,806694587255.5919,802807999500.7489,546221558924.0883
SHA,cesm1-cam5_rcp85_r1i1p1,GCAM-45,6,20,55,624757685598.165,623759968675.7968,371948292522.72614
SHA,cesm1-cam5_rcp85_r1i1p1,GCAM-ref,6,20,55,527015498450.255,501903384016.9937,274023078441.39697
SHA,cesm1-cam5_rcp85_r1i1p1,LUCAS-BAU_High-0001,6,20,57,411957587712.61755,372070497135.89056,160115906467.5974
SHA,cesm1-cam5_rcp85_r1i1p1,LUCAS-BAU_High-0002,6,20,57,410240781383.76654,381698817889.0112,166403049494.11414
SHA,cmcc-cm_rcp45_r1i1p1,FORE-SCE-A1B,6,20,54,237639009659.9789,235249805447.13348,138700426804.94565
SHA,cmcc-cm_rcp45_r1i1p1,FORE-SCE-A2,6,20,53,200431705252.02716,202149298981.36874,107948363760.95273
SHA,cmcc-cm_rcp45_r1i1p1,FORE-SCE-B1,6,20,54,172068629774.02054,173132377774.87277,84896610384.24387
SHA,cmcc-cm_rcp45_r1i1p1,GCAM-26,6,20,54,472647664870.8433,468610868067.0419,346044390704.67865
SHA,cmcc-cm_rcp45_r1i1p1,GCAM-45,6,20,53,317937270918.54254,319737244827.1275,210976860944.39032
SHA,cmcc-cm_rcp45_r1i1p1,GCAM-ref,6,20,53,236033070987.20972,233462247281.4071,136997128067.93643
SHA,cmcc-cm_rcp45_r1i1p1,LUCAS-BAU_High-0001,6,20,54,143327166717.23166,140415928079.36414,62306424782.61439
SHA,cmcc-cm_rcp45_r1i1p1,LUCAS-BAU_High-0002,6,20,54,147628806862.70694,148207750518.77185,65720821332.82879
SHA,cmcc-cm_rcp85_r1i1p1,FORE-SCE-A1B,6,20,57,309178331001.46625,304443623289.60474,198187917740.72644
SHA,cmcc-cm_rcp85_r1i1p1,FORE-SCE-A2,6,20,57,271873204325.30087,261097391394.92447,167978213435.8048
SHA,cmcc-cm_rcp85_r1i1p1,FORE-SCE-B1,6,20,55,235531578545.41278,224511019369.12656,136326152377.26205
SHA,cmcc-cm_rcp85_r1i1p1,GCAM-26,6,20,58,588212045833.0216,562299121017.163,435493135839.30634
SHA,cmcc-cm_rcp85_r1i1p1,GCAM-45,6,20,56,405381728382.0163,394934268440.97723,282619928217.46906
SHA,cmcc-cm_rcp85_r1i1p1,GCAM-ref,6,20,56,307950028412.93066,298796537633.04816,194214590880.31833
SHA,cmcc-cm_rcp85_r1i1p1,LUCAS-BAU_High-0001,6,20,55,197272107451.54813,186009653321.65976,102414519205.56795
SHA,cmcc-cm_rcp85_r1i1p1,LUCAS-BAU_High-0002,6,20,55,199744328046.26138,189751813492.53107,106800663340.3644
SHA,cnrm-cm5_rcp45_r1i1p1,FORE-SCE-A1B,6,20,61,543412904627.3038,416428134292.8423,131140602488.55421
SHA,cnrm-cm5_rcp45_r1i1p1,FORE-SCE-A2,6,20,61,540098181904.60876,392233796071.5807,107487190828.44087
SHA,cnrm-cm5_rcp45_r1i1p1,FORE-SCE-B1,6,20,61,543742269442.77985,366508366997.3019,93164947020.15521
SHA,cnrm-cm5_rcp45_r1i1p1,GCAM-26,6,20,61,710115160728.4435,626516699950.3384,288435750983.1181
SHA,cnrm-cm5_rcp45_r1i1p1,GCAM-45,6,20,58,615839878357.1923,486562121092.4947,183981172819.43402
SHA,cnrm-cm5_rcp45_r1i1p1,GCAM-ref,6,20,60,532225384223.32446,413845940391.04584,133981013632.62177
SHA,cnrm-cm5_rcp45_r1i1p1,LUCAS-BAU_High-0001,6,20,63,488967420576.5473,335481524800.1798,79564168410.0779
SHA,cnrm-cm5_rcp45_r1i1p1,LUCAS-BAU_High-0002,6,20,63,548835308296.8578,342824313808.59717,82070168039.00357
SHA,cnrm-cm5_rcp85_r1i1p1,FORE-SCE-A1B,6,20,62,492032750317.7557,385751476881.5382,165120196893.8741
SHA,cnrm-cm5_rcp85_r1i1p1,FORE-SCE-A2,6,20,63,459456289972.2876,350385618257.635,142340741863.97684
SHA,cnrm-cm5_rcp85_r1i1p1,FORE-SCE-B1,6,20,63,429341540578.144,317969909067.7018,119121543143.67007
SHA,cnrm-cm5_rcp85_r1i1p1,GCAM-26,6,20,63,726115891976.3162,645323764407.1143,352791117365.31995
SHA,cnrm-cm5_rcp85_r1i1p1,GCAM-45,6,20,61,567479331581.9938,476921904235.8463,229237556117.24875
SHA,cnrm-cm5_rcp85_r1i1p1,GCAM-ref,6,20,61,493346310203.1392,388611814136.9837,162221695420.1092
SHA,cnrm-cm5_rcp85_r1i1p1,LUCAS-BAU_High-0001,6,20,64,405988469144.6554,281071178986.9018,92567208734.30676
SHA,cnrm-cm5_rcp85_r1i1p1,LUCAS-BAU_High-0002,6,20,63,411892396614.90454,292082999534.43616,96554724076.41206
SHA,csiro-mk3-6-0_rcp26_r1i1p1,FORE-SCE-A1B,6,20,55,301282015493.8765,303155421806.2946,206845333506.9963
SHA,csiro-mk3-6-0_rcp26_r1i1p1,FORE-SCE-A2,6,20,56,249950251013.11676,252070373036.88672,163885265214.698
SHA,csiro-mk3-6-0_rcp26_r1i1p1,FORE-SCE-B1,6,20,56,217553953236.7761,220174734649.1756,136781609421.7863
SHA,csiro-mk3-6-0_rcp26_r1i1p1,GCAM-26,6,20,62,602613715040.5107,581577660219.4617,459364126581.61487
SHA,csiro-mk3-6-0_rcp26_r1i1p1,GCAM-45,6,20,59,405433666862.0021,406051113399.52155,298073538061.7104
SHA,csiro-mk3-6-0_rcp26_r1i1p1,GCAM-ref,6,20,56,306004780115.5597,309782699586.09924,210482219126.55832
SHA,csiro-mk3-6-0_rcp26_r1i1p1,LUCAS-BAU_High-0001,6,20,55,183668741687.12006,183445669784.40286,107749040424.34647
SHA,csiro-mk3-6-0_rcp26_r1i1p1,LUCAS-BAU_High-0002,6,20,56,189765677620.95786,196476359527.15002,113106623700.5565
SHA,csiro-mk3-6-0_rcp45_r1i1p1,FORE-SCE-A1B,6,20,55,292932103138.8009,296596595357.34564,199385948821.4487
SHA,csiro-mk3-6-0_rcp45_r1i1p1,FORE-SCE-A2,6,20,57,244144620876.0537,252906994410.03485,160723444141.7579
SHA,csiro-mk3-6-0_rcp45_r1i1p1,FORE-SCE-B1,6,20,54,204664762320.25784,217440859949.132,128451862185.44597
SHA,csiro-mk3-6-0_rcp45_r1i1p1,GCAM-26,6,20,54,592708919028.8984,581205894651.8484,462785035142.9848
SHA,csiro-mk3-6-0_rcp45_r1i1p1,GCAM-45,6,20,56,408163655722.7041,404337074091.9225,294971926681.9529
SHA,csiro-mk3-6-0_rcp45_r1i1p1,GCAM-ref,6,20,55,295432693489.5259,302310907701.3382,198886603891.68457
SHA,csiro-mk3-6-0_rcp45_r1i1p1,LUCAS-BAU_High-0001,6,20,53,172047128590.25775,182224859164.01355,96567235977.41138
SHA,csiro-mk3-6-0_rcp45_r1i1p1,LUCAS-BAU_High-0002,6,20,55,174900068740.32553,209323412562.34668,101264791873.8609
SHA,csiro-mk3-6-0_rcp60_r1i1p1,FORE-SCE-A1B,6,20,47,310290666578.4015,317613439298.0732,155507081902.82092
SHA,csiro-mk3-6-0_rcp60_r1i1p1,FORE-SCE-A2,6,20,46,266663059409.60104,281130313633.38654,124783081450.52454
SHA,csiro-mk3-6-0_rcp60_r1i1p1,FORE-SCE-B1,6,20,46,237390237036.36063,249126393922.29916,97563748607.98062
SHA,csiro-mk3-6-0_rcp60_r1i1p1,GCAM-26,6,20,47,597217744547.2404,569011010327.7505,371495885601.07935
SHA,csiro-mk3-6-0_rcp60_r1i1p1,GCAM-45,6,20,48,418439412913.3259,410417726636.88116,232490828321.96796
SHA,csiro-mk3-6-0_rcp60_r1i1p1,GCAM-ref,6,20,49,309168504890.6933,314968394831.902,152164651936.42688
SHA,csiro-mk3-6-0_rcp60_r1i1p1,LUCAS-BAU_High-0001,6,20,46,196854117769.52582,214211172901.4671,72166301023.86012
SHA,csiro-mk3-6-0_rcp60_r1i1p1,LUCAS-BAU_High-0002,6,20,46,200852899945.95895,216972438037.6257,75782655009.8743
SHA,csiro-mk3-6-0_rcp85_r1i1p1,FORE-SCE-A1B,6,20,51,360706405538.5717,376662638333.2504,248027861340.16504
SHA,csiro-mk3-6-0_rcp85_r1i1p1,FORE-SCE-A2,6,20,52,322728842425.7865,318754363609.3796,198154415843.67233
SHA,csiro-mk3-6-0_rcp85_r1i1p1,FORE-SCE-B1,6,20,56,279557268281.54803,287207905960.9966,166370105020.7647
SHA,csiro-mk3-6-0_rcp85_r1i1p1,GCAM-26,6,20,55,649701578820.6979,643567955285.2446,533759556630.86346
SHA,csiro-mk3-6-0_rcp85_r1i1p1,GCAM-45,6,20,55,465761243262.5912,484611253894.98413,352621336819.94165
SHA,csiro-mk3-6-0_rcp85_r1i1p1,GCAM-ref,6,20,53,367035682339.38434,389831425197.41956,252299127270.50732
SHA,csiro-mk3-6-0_rcp85_r1i1p1,LUCAS-BAU_High-0001,6,20,55,249270974066.53354,244872426490.3433,130291918942.91216
SHA,csiro-mk3-6-0_rcp85_r1i1p1,LUCAS-BAU_High-0002,6,20,56,251201090525.86072,253225474853.62277,136335943526.46461
SHA,fgoals-g2_rcp26_r1i1p1,FORE-SCE-A1B,6,20,55,236635754476.90732,224088338078.4798,116134388258.67543
SHA,fgoals-g2_rcp26_r1i1p1,FORE-SCE-A2,6,20,58,192751412124.01773,182222885385.81223,86573519802.66075
SHA,fgoals-g2_rcp26_r1i1p1,FORE-SCE-B1,6,20,58,169040952543.7499,163505404127.61005,72749827644.1042
SHA,fgoals-g2_rcp26_r1i1p1,GCAM-26,6,20,57,474505224791.79846,424508073748.188,296528250148.9193
SHA,fgoals-g2_rcp26_r1i1p1,GCAM-45,6,20,55,326810689222.606,299521120489.1034,177841101489.66522
SHA,fgoals-g2_rcp26_r1i1p1,GCAM-ref,6,20,55,246928884758.32272,233779513575.16904,120124171589.81186
SHA,fgoals-g2_rcp26_r1i1p1,LUCAS-BAU_High-0001,6,20,56,139490420508.5514,143934104113.65308,55790200994.5768
SHA,fgoals-g2_rcp26_r1i1p1,LUCAS-BAU_High-0002,6,20,56,145336586571.6874,147968312957.77438,58824510156.09367
