res,clim,lulc,J_ff_15_50,J_ff_15_50_flood,J_ff_15_50_short
BUL,access1-0_rcp45_r1i1p1,FORE-SCE-A1B,16742822576.78404,5615499315.749175,11127323261.034864
BUL,access1-0_rcp45_r1i1p1,FORE-SCE-A2,15751980438.855108,6282678442.391448,9469301996.46366
BUL,access1-0_rcp45_r1i1p1,FORE-SCE-B1,14353295155.280622,6142349933.999619,8210945221.281004
BUL,access1-0_rcp45_r1i1p1,GCAM-26,27489510799.525646,6185587604.954561,21303923194.571087
BUL,access1-0_rcp45_r1i1p1,GCAM-45,20707302915.2024,5991168891.104581,14716134024.09782
BUL,access1-0_rcp45_r1i1p1,GCAM-ref,17259416583.821358,6089789912.773816,11169626671.047548
BUL,access1-0_rcp45_r1i1p1,LUCAS-BAU_High-0001,12616518241.736294,5913415888.9742565,6703102352.76203
BUL,access1-0_rcp45_r1i1p1,LUCAS-BAU_High-0002,13049639182.925117,6112145198.282624,6937493984.642493
BUL,access1-0_rcp85_r1i1p1,FORE-SCE-A1B,28105472572.10813,10751089768.51529,17354382803.592846
BUL,access1-0_rcp85_r1i1p1,FORE-SCE-A2,27624573419.91519,12682848443.417728,14941724976.497461
BUL,access1-0_rcp85_r1i1p1,FORE-SCE-B1,26673155937.80249,13652312601.36753,13020843336.434954
BUL,access1-0_rcp85_r1i1p1,GCAM-26,39090936274.66487,8822749544.145761,30268186730.51912
BUL,access1-0_rcp85_r1i1p1,GCAM-45,32709301716.84007,10449665555.077492,22259636161.762577
BUL,access1-0_rcp85_r1i1p1,GCAM-ref,28790812262.27182,11556931218.821396,17233881043.45042
BUL,access1-0_rcp85_r1i1p1,LUCAS-BAU_High-0001,25052869905.112305,14047248391.222244,11005621513.890066
BUL,access1-0_rcp85_r1i1p1,LUCAS-BAU_High-0002,25919599269.820465,14720493871.333755,11199105398.486725
BUL,bcc-csm1-1-m_rcp45_r1i1p1,FORE-SCE-A1B,36350990414.551674,11129228484.968042,25221761929.583626
BUL,bcc-csm1-1-m_rcp45_r1i1p1,FORE-SCE-A2,33805960016.152473,11234824431.294403,22571135584.858074
BUL,bcc-csm1-1-m_rcp45_r1i1p1,FORE-SCE-B1,31532055909.795517,11228988248.181639,20303067661.61388
BUL,bcc-csm1-1-m_rcp45_r1i1p1,GCAM-26,50969096522.150345,10852053586.063133,40117042936.087204
BUL,bcc-csm1-1-m_rcp45_r1i1p1,GCAM-45,42081904473.76252,11045494318.11168,31036410155.650856
BUL,bcc-csm1-1-m_rcp45_r1i1p1,GCAM-ref,36311433577.49224,11090122179.54026,25221311397.951984
BUL,bcc-csm1-1-m_rcp45_r1i1p1,LUCAS-BAU_High-0001,28752737511.485336,11276526114.662561,17476211396.82277
BUL,bcc-csm1-1-m_rcp45_r1i1p1,LUCAS-BAU_High-0002,29170860469.177135,11265524678.167267,17905335791.009872
BUL,bcc-csm1-1-m_rcp85_r1i1p1,FORE-SCE-A1B,72133336473.15825,44763898047.90118,27369438425.257072
BUL,bcc-csm1-1-m_rcp85_r1i1p1,FORE-SCE-A2,70011774893.4077,45480270940.723816,24531503952.683926
BUL,bcc-csm1-1-m_rcp85_r1i1p1,FORE-SCE-B1,66923480229.194176,44990179047.3928,21933301181.80139
BUL,bcc-csm1-1-m_rcp85_r1i1p1,GCAM-26,86993106904.13434,42584428729.76176,44408678174.37255
BUL,bcc-csm1-1-m_rcp85_r1i1p1,GCAM-45,78428978313.91849,44771834980.529625,33657143333.38884
BUL,bcc-csm1-1-m_rcp85_r1i1p1,GCAM-ref,70257421990.6477,43262783337.49631,26994638653.151405
BUL,bcc-csm1-1-m_rcp85_r1i1p1,LUCAS-BAU_High-0001,62057287076.70947,43234412891.59886,18822874185.11061
BUL,bcc-csm1-1-m_rcp85_r1i1p1,LUCAS-BAU_High-0002,62740145744.50872,43439165489.27088,19300980255.237846
BUL,bcc-csm1-1_rcp26_r1i1p1,FORE-SCE-A1B,49087175587.943535,29086848853.839973,20000326734.103565
BUL,bcc-csm1-1_rcp26_r1i1p1,FORE-SCE-A2,44040688401.94384,26791234833.820763,17249453568.123093
BUL,bcc-csm1-1_rcp26_r1i1p1,FORE-SCE-B1,43582758001.39661,28096818678.739845,15485939322.656769
BUL,bcc-csm1-1_rcp26_r1i1p1,GCAM-26,61386661774.199905,26683743299.800877,34702918474.39903
BUL,bcc-csm1-1_rcp26_r1i1p1,GCAM-45,53431805157.04724,27779004595.654144,25652800561.393078
BUL,bcc-csm1-1_rcp26_r1i1p1,GCAM-ref,47408862141.65262,27225071000.786102,20183791140.8665
BUL,bcc-csm1-1_rcp26_r1i1p1,LUCAS-BAU_High-0001,39522171254.27971,26051701554.909485,13470469699.37023
BUL,bcc-csm1-1_rcp26_r1i1p1,LUCAS-BAU_High-0002,41223519288.95448,27515035853.28564,13708483435.66882
BUL,bcc-csm1-1_rcp45_r1i1p1,FORE-SCE-A1B,34475514969.454384,13359055155.150034,21116459814.304348
BUL,bcc-csm1-1_rcp45_r1i1p1,FORE-SCE-A2,29703454384.60279,10791652165.295465,18911802219.307327
BUL,bcc-csm1-1_rcp45_r1i1p1,FORE-SCE-B1,27448517168.870968,10603530872.927269,16844986295.94371
BUL,bcc-csm1-1_rcp45_r1i1p1,GCAM-26,48157950967.83285,12575173431.494144,35582777536.3387
BUL,bcc-csm1-1_rcp45_r1i1p1,GCAM-45,38366349283.72378,10651847866.310043,27714501417.41372
BUL,bcc-csm1-1_rcp45_r1i1p1,GCAM-ref,31895881957.725647,10133170162.864313,21762711794.861336
BUL,bcc-csm1-1_rcp45_r1i1p1,LUCAS-BAU_High-0001,26370115932.445477,11497060982.625463,14873054949.820026
BUL,bcc-csm1-1_rcp45_r1i1p1,LUCAS-BAU_High-0002,27532614476.28951,12656482461.859856,14876132014.429646
BUL,bcc-csm1-1_rcp60_r1i1p1,FORE-SCE-A1B,50799096476.21988,35286600711.44092,15512495764.778957
BUL,bcc-csm1-1_rcp60_r1i1p1,FORE-SCE-A2,50362743428.63303,37115892439.2818,13246850989.351238
BUL,bcc-csm1-1_rcp60_r1i1p1,FORE-SCE-B1,48659242525.56521,37037448970.36788,11621793555.19735
BUL,bcc-csm1-1_rcp60_r1i1p1,GCAM-26,59563867461.837875,31743536658.08334,27820330803.754555
BUL,bcc-csm1-1_rcp60_r1i1p1,GCAM-45,53845341118.1672,33719875873.720726,20125465244.44645
BUL,bcc-csm1-1_rcp60_r1i1p1,GCAM-ref,51360321975.757195,35894076553.03846,15466245422.718727
BUL,bcc-csm1-1_rcp60_r1i1p1,LUCAS-BAU_High-0001,47482633730.35238,37646866396.79951,9835767333.552841
BUL,bcc-csm1-1_rcp60_r1i1p1,LUCAS-BAU_High-0002,47463940700.00389,37253730805.804436,10210209894.199463
BUL,bcc-csm1-1_rcp85_r1i1p1,FORE-SCE-A1B,126462262075.22939,100546701191.02861,25915560884.200726
BUL,bcc-csm1-1_rcp85_r1i1p1,FORE-SCE-A2,122878641868.49796,99929382006.53104,22949259861.966908
BUL,bcc-csm1-1_rcp85_r1i1p1,FORE-SCE-B1,119958270028.16594,99874513890.07703,20083756138.088913
BUL,bcc-csm1-1_rcp85_r1i1p1,GCAM-26,140431163311.1689,98492958193.71451,41938205117.45447
BUL,bcc-csm1-1_rcp85_r1i1p1,GCAM-45,131030156124.49754,99179771848.40802,31850384276.089462
BUL,bcc-csm1-1_rcp85_r1i1p1,GCAM-ref,124161167026.14665,98781534924.69821,25379632101.448406
BUL,bcc-csm1-1_rcp85_r1i1p1,LUCAS-BAU_High-0001,117578279054.90765,100341742949.19754,17236536105.71012
BUL,bcc-csm1-1_rcp85_r1i1p1,LUCAS-BAU_High-0002,116496938782.44014,98684501636.49716,17812437145.942978
BUL,canesm2_rcp26_r1i1p1,FORE-SCE-A1B,139631990747.1787,118652489964.8756,20979500782.303158
BUL,canesm2_rcp26_r1i1p1,FORE-SCE-A2,136792631232.1542,118557731087.03703,18234900145.117207
BUL,canesm2_rcp26_r1i1p1,FORE-SCE-B1,134757034574.81638,118383643563.28786,16373391011.52856
BUL,canesm2_rcp26_r1i1p1,GCAM-26,152875438869.09705,118428763804.10648,34446675064.99057
BUL,canesm2_rcp26_r1i1p1,GCAM-45,144545576388.47098,118378610385.41896,26166966003.05206
BUL,canesm2_rcp26_r1i1p1,GCAM-ref,139278645618.84216,118367277772.79662,20911367846.045563
BUL,canesm2_rcp26_r1i1p1,LUCAS-BAU_High-0001,132877846815.04668,118638951247.72984,14238895567.316843
BUL,canesm2_rcp26_r1i1p1,LUCAS-BAU_High-0002,132949742917.2089,118342244673.72205,14607498243.486822
BUL,canesm2_rcp45_r1i1p1,FORE-SCE-A1B,133515071994.88493,106595651319.89249,26919420674.992447
BUL,canesm2_rcp45_r1i1p1,FORE-SCE-A2,129985978504.89423,106015144730.39032,23970833774.50391
BUL,canesm2_rcp45_r1i1p1,FORE-SCE-B1,127849019888.72185,106377565793.78409,21471454094.937744
BUL,canesm2_rcp45_r1i1p1,GCAM-26,150255397477.16498,107126774094.4739,43128623382.691055
BUL,canesm2_rcp45_r1i1p1,GCAM-45,140145350428.09393,106451737863.86493,33693612564.229004
BUL,canesm2_rcp45_r1i1p1,GCAM-ref,133697428542.10146,106462805633.16994,27234622908.931496
BUL,canesm2_rcp45_r1i1p1,LUCAS-BAU_High-0001,125479722929.19394,106516795458.04347,18962927471.15052
BUL,canesm2_rcp45_r1i1p1,LUCAS-BAU_High-0002,125725238906.55206,106249176653.71434,19476062252.837723
BUL,canesm2_rcp85_r1i1p1,FORE-SCE-A1B,477539188610.56146,445515630583.00354,32023558027.557983
BUL,canesm2_rcp85_r1i1p1,FORE-SCE-A2,473191316657.67834,444735121501.0461,28456195156.63211
BUL,canesm2_rcp85_r1i1p1,FORE-SCE-B1,471156117459.9102,445292368773.6259,25863748686.28452
BUL,canesm2_rcp85_r1i1p1,GCAM-26,497539366567.85834,448246043016.79175,49293323551.06661
BUL,canesm2_rcp85_r1i1p1,GCAM-45,484827445913.59717,446191688594.48926,38635757319.10769
BUL,canesm2_rcp85_r1i1p1,GCAM-ref,479308992342.58276,447578839932.3692,31730152410.21376
BUL,canesm2_rcp85_r1i1p1,LUCAS-BAU_High-0001,468155325063.60394,445422284224.0797,22733040839.52428
BUL,canesm2_rcp85_r1i1p1,LUCAS-BAU_High-0002,468371857582.3949,445188007361.12946,23183850221.26536
BUL,ccsm4_rcp26_r1i1p1,FORE-SCE-A1B,57046887887.85947,39935752255.13698,17111135632.722479
BUL,ccsm4_rcp26_r1i1p1,FORE-SCE-A2,55138888063.28368,40015185908.31208,15123702154.971615
BUL,ccsm4_rcp26_r1i1p1,FORE-SCE-B1,52906170163.942116,39537621141.50252,13368549022.439608
BUL,ccsm4_rcp26_r1i1p1,GCAM-26,71072792310.67538,42318545438.45061,28754246872.224762
BUL,ccsm4_rcp26_r1i1p1,GCAM-45,60969148159.0789,39335090570.97628,21634057588.102608
BUL,ccsm4_rcp26_r1i1p1,GCAM-ref,56853881046.622215,39984476965.416405,16869404081.205814
BUL,ccsm4_rcp26_r1i1p1,LUCAS-BAU_High-0001,51500321634.22569,39960584963.40266,11539736670.823034
BUL,ccsm4_rcp26_r1i1p1,LUCAS-BAU_High-0002,51730872991.26719,39944476584.670135,11786396406.597067
BUL,ccsm4_rcp45_r1i1p1,FORE-SCE-A1B,32359042846.094322,11373976516.307747,20985066329.78658
BUL,ccsm4_rcp45_r1i1p1,FORE-SCE-A2,29696395103.68329,11338026062.579243,18358369041.10405
BUL,ccsm4_rcp45_r1i1p1,FORE-SCE-B1,27862569773.155045,11351631815.567646,16510937957.587402
BUL,ccsm4_rcp45_r1i1p1,GCAM-26,46357415941.41724,11517805804.75567,34839610136.66157
BUL,ccsm4_rcp45_r1i1p1,GCAM-45,37830940840.19032,11336280944.34512,26494659895.8452
BUL,ccsm4_rcp45_r1i1p1,GCAM-ref,33698710166.580658,12082641948.458424,21616068218.12223
BUL,ccsm4_rcp45_r1i1p1,LUCAS-BAU_High-0001,26158332435.114132,11361962526.067593,14796369909.04654
BUL,ccsm4_rcp45_r1i1p1,LUCAS-BAU_High-0002,26391081796.318287,11386832538.686932,15004249257.63136
BUL,ccsm4_rcp60_r1i1p1,FORE-SCE-A1B,67795200928.75305,51992918745.39185,15802282183.361195
BUL,ccsm4_rcp60_r1i1p1,FORE-SCE-A2,65557489381.88508,51802050684.28151,13755438697.60358
BUL,ccsm4_rcp60_r1i1p1,FORE-SCE-B1,64550632668.923195,52347097713.81799,12203534955.105227
BUL,ccsm4_rcp60_r1i1p1,GCAM-26,79082193614.71283,51721206365.14261,27360987249.57022
BUL,ccsm4_rcp60_r1i1p1,GCAM-45,72248608865.03038,51833991381.69324,20414617483.337128
BUL,ccsm4_rcp60_r1i1p1,GCAM-ref,68668530819.29948,52398613241.84253,16269917577.456945
BUL,ccsm4_rcp60_r1i1p1,LUCAS-BAU_High-0001,62951873018.32678,52280195830.34776,10671677187.979044
BUL,ccsm4_rcp60_r1i1p1,LUCAS-BAU_High-0002,63098397070.39143,52166413899.216194,10931983171.175232
BUL,ccsm4_rcp85_r1i1p1,FORE-SCE-A1B,106298182898.77882,81062578338.90457,25235604559.874287
BUL,ccsm4_rcp85_r1i1p1,FORE-SCE-A2,104200107896.24403,81789347993.26814,22410759902.97593
BUL,ccsm4_rcp85_r1i1p1,FORE-SCE-B1,100505424883.5078,79806368206.22096,20699056677.28685
BUL,ccsm4_rcp85_r1i1p1,GCAM-26,118952235473.21063,79548149957.0992,39404085516.11141
BUL,ccsm4_rcp85_r1i1p1,GCAM-45,113058201418.70316,82090299922.1549,30967901496.54828
BUL,ccsm4_rcp85_r1i1p1,GCAM-ref,106480226380.99449,81756851648.79202,24723374732.202496
BUL,ccsm4_rcp85_r1i1p1,LUCAS-BAU_High-0001,100417965283.44048,82694329315.22893,17723635968.211544
BUL,ccsm4_rcp85_r1i1p1,LUCAS-BAU_High-0002,99495765578.61586,81265192013.90369,18230573564.712162
BUL,cesm1-bgc_rcp45_r1i1p1,FORE-SCE-A1B,84745661025.71686,65356002420.46142,19389658605.255447
BUL,cesm1-bgc_rcp45_r1i1p1,FORE-SCE-A2,81743359673.54346,64642204407.72388,17101155265.819597
BUL,cesm1-bgc_rcp45_r1i1p1,FORE-SCE-B1,80349934806.72952,65184894280.80112,15165040525.928425
BUL,cesm1-bgc_rcp45_r1i1p1,GCAM-26,97772994477.43091,65218036913.58532,32554957563.845596
BUL,cesm1-bgc_rcp45_r1i1p1,GCAM-45,89795848696.344,65355370869.48476,24440477826.859238
BUL,cesm1-bgc_rcp45_r1i1p1,GCAM-ref,84557202232.387,65046876034.82764,19510326197.55935
BUL,cesm1-bgc_rcp45_r1i1p1,LUCAS-BAU_High-0001,78174206763.16095,64883263532.047874,13290943231.113054
BUL,cesm1-bgc_rcp45_r1i1p1,LUCAS-BAU_High-0002,78739041218.77058,65211334354.53891,13527706864.231678
BUL,cesm1-bgc_rcp85_r1i1p1,FORE-SCE-A1B,88158658821.23584,62813140221.43868,25345518599.797157
BUL,cesm1-bgc_rcp85_r1i1p1,FORE-SCE-A2,85703483694.24327,63048076879.84028,22655406814.402992
BUL,cesm1-bgc_rcp85_r1i1p1,FORE-SCE-B1,82697886733.00464,62369522327.47549,20328364405.529137
BUL,cesm1-bgc_rcp85_r1i1p1,GCAM-26,105541542067.9702,66807799049.20339,38733743018.76681
BUL,cesm1-bgc_rcp85_r1i1p1,GCAM-45,97011689776.06766,67448177027.33916,29563512748.728462
BUL,cesm1-bgc_rcp85_r1i1p1,GCAM-ref,87657830924.5404,63221189993.72083,24436640930.81955
BUL,cesm1-bgc_rcp85_r1i1p1,LUCAS-BAU_High-0001,80646431430.11012,63101990005.57305,17544441424.537075
BUL,cesm1-bgc_rcp85_r1i1p1,LUCAS-BAU_High-0002,81090495555.01433,63065621442.453865,18024874112.560455
BUL,cesm1-cam5_rcp26_r1i1p1,FORE-SCE-A1B,33856591553.060665,18924009098.587006,14932582454.473665
BUL,cesm1-cam5_rcp26_r1i1p1,FORE-SCE-A2,32073172935.19263,18900200859.84057,13172972075.352058
BUL,cesm1-cam5_rcp26_r1i1p1,FORE-SCE-B1,30338950731.292175,18811642501.945053,11527308229.347115
BUL,cesm1-cam5_rcp26_r1i1p1,GCAM-26,44359570640.092766,18923214468.99125,25436356171.101498
BUL,cesm1-cam5_rcp26_r1i1p1,GCAM-45,38218292488.5987,19325834864.12195,18892457624.47676
BUL,cesm1-cam5_rcp26_r1i1p1,GCAM-ref,33578749341.36832,19030120846.46792,14548628494.900408
BUL,cesm1-cam5_rcp26_r1i1p1,LUCAS-BAU_High-0001,29166038777.82688,19286349352.056507,9879689425.77038
BUL,cesm1-cam5_rcp26_r1i1p1,LUCAS-BAU_High-0002,29234539063.13378,19144378368.77153,10090160694.362257
BUL,cesm1-cam5_rcp45_r1i1p1,FORE-SCE-A1B,61872341929.36728,41520293745.34735,20352048184.019936
BUL,cesm1-cam5_rcp45_r1i1p1,FORE-SCE-A2,59005088691.371826,41496425119.08153,17508663572.290295
BUL,cesm1-cam5_rcp45_r1i1p1,FORE-SCE-B1,57810061427.593094,41739470556.53608,16070590871.057001
BUL,cesm1-cam5_rcp45_r1i1p1,GCAM-26,75296089721.2314,41362146847.6673,33933942873.56412
BUL,cesm1-cam5_rcp45_r1i1p1,GCAM-45,66608599176.41306,41263897117.730675,25344702058.68239
BUL,cesm1-cam5_rcp45_r1i1p1,GCAM-ref,60840064305.04359,40614693656.60994,20225370648.433655
BUL,cesm1-cam5_rcp45_r1i1p1,LUCAS-BAU_High-0001,55278074572.11605,41279755709.56868,13998318862.54737
BUL,cesm1-cam5_rcp45_r1i1p1,LUCAS-BAU_High-0002,55981818566.4951,41819329109.52556,14162489456.969545
BUL,cesm1-cam5_rcp60_r1i1p1,FORE-SCE-A1B,27298184254.093166,6984176592.922201,20314007661.170963
BUL,cesm1-cam5_rcp60_r1i1p1,FORE-SCE-A2,24940068913.100075,7178583049.834622,17761485863.265453
BUL,cesm1-cam5_rcp60_r1i1p1,FORE-SCE-B1,22655021463.025192,6702842215.667874,15952179247.357315
BUL,cesm1-cam5_rcp60_r1i1p1,GCAM-26,44595077375.242805,11953275727.455643,32641801647.787163
BUL,cesm1-cam5_rcp60_r1i1p1,GCAM-45,35260168617.95046,9997535543.953373,25262633073.997093
BUL,cesm1-cam5_rcp60_r1i1p1,GCAM-ref,27302764817.222565,7010743308.446398,20292021508.776157
BUL,cesm1-cam5_rcp60_r1i1p1,LUCAS-BAU_High-0001,21705855069.986763,7797978695.490168,13907876374.496592
BUL,cesm1-cam5_rcp60_r1i1p1,LUCAS-BAU_High-0002,21352812039.417236,7223325875.403749,14129486164.013485
BUL,cesm1-cam5_rcp85_r1i1p1,FORE-SCE-A1B,132296850068.50061,109530378267.02432,22766471801.476334
BUL,cesm1-cam5_rcp85_r1i1p1,FORE-SCE-A2,129640813422.11604,109622109655.44736,20018703766.668602
BUL,cesm1-cam5_rcp85_r1i1p1,FORE-SCE-B1,127326984799.69849,109518424810.7123,17808559988.986202
BUL,cesm1-cam5_rcp85_r1i1p1,GCAM-26,147374185187.4069,109404497980.1339,37969687207.273
BUL,cesm1-cam5_rcp85_r1i1p1,GCAM-45,137791340577.5164,109324921118.20204,28466419459.314285
BUL,cesm1-cam5_rcp85_r1i1p1,GCAM-ref,131964771656.00537,109429860516.5458,22534911139.45953
BUL,cesm1-cam5_rcp85_r1i1p1,LUCAS-BAU_High-0001,124829356874.33206,109554350972.1759,15275005902.15617
BUL,cesm1-cam5_rcp85_r1i1p1,LUCAS-BAU_High-0002,125278162954.69687,109613393748.83377,15664769205.863094
BUL,cmcc-cm_rcp45_r1i1p1,FORE-SCE-A1B,33137355063.072327,16171467191.407064,16965887871.66526
BUL,cmcc-cm_rcp45_r1i1p1,FORE-SCE-A2,26647232751.165615,11725632245.869226,14921600505.296385
BUL,cmcc-cm_rcp45_r1i1p1,FORE-SCE-B1,21089745709.918076,7561139518.401881,13528606191.516191
BUL,cmcc-cm_rcp45_r1i1p1,GCAM-26,44444554737.22924,14581260531.742641,29863294205.48659
BUL,cmcc-cm_rcp45_r1i1p1,GCAM-45,34784129622.77176,12814636406.043678,21969493216.72809
BUL,cmcc-cm_rcp45_r1i1p1,GCAM-ref,26821760819.124905,9912725136.933846,16909035682.19107
BUL,cmcc-cm_rcp45_r1i1p1,LUCAS-BAU_High-0001,19545889163.42681,8329087524.487173,11216801638.939653
BUL,cmcc-cm_rcp45_r1i1p1,LUCAS-BAU_High-0002,25093418487.546925,13694308178.049644,11399110309.49728
BUL,cmcc-cm_rcp85_r1i1p1,FORE-SCE-A1B,31616051418.610577,10039021021.504086,21577030397.10649
BUL,cmcc-cm_rcp85_r1i1p1,FORE-SCE-A2,29274831769.900158,10083855265.784798,19190976504.115376
BUL,cmcc-cm_rcp85_r1i1p1,FORE-SCE-B1,22807812201.456543,6019116740.945571,16788695460.510975
BUL,cmcc-cm_rcp85_r1i1p1,GCAM-26,44849180545.151085,7462585294.992115,37386595250.15897
BUL,cmcc-cm_rcp85_r1i1p1,GCAM-45,36986262084.49115,9823562580.488785,27162699504.00236
BUL,cmcc-cm_rcp85_r1i1p1,GCAM-ref,28363867657.17953,6967856688.541601,21396010968.637936
BUL,cmcc-cm_rcp85_r1i1p1,LUCAS-BAU_High-0001,24040419495.627216,9646459656.847881,14393959838.779327
BUL,cmcc-cm_rcp85_r1i1p1,LUCAS-BAU_High-0002,20783527180.714363,5963197769.743321,14820329410.97104
BUL,cnrm-cm5_rcp45_r1i1p1,FORE-SCE-A1B,116458603810.79431,96808718818.16878,19649884992.62552
BUL,cnrm-cm5_rcp45_r1i1p1,FORE-SCE-A2,113894700439.23384,96821308290.40797,17073392148.825779
BUL,cnrm-cm5_rcp45_r1i1p1,FORE-SCE-B1,112085953312.62636,96650706751.04036,15435246561.586021
BUL,cnrm-cm5_rcp45_r1i1p1,GCAM-26,129551986797.35823,96967829856.25166,32584156941.106552
BUL,cnrm-cm5_rcp45_r1i1p1,GCAM-45,121245779279.91583,96600929736.62784,24644849543.287964
BUL,cnrm-cm5_rcp45_r1i1p1,GCAM-ref,116477806022.48433,96549634383.73378,19928171638.750526
BUL,cnrm-cm5_rcp45_r1i1p1,LUCAS-BAU_High-0001,109957903018.67416,96470212164.86418,13487690853.809988
BUL,cnrm-cm5_rcp45_r1i1p1,LUCAS-BAU_High-0002,110556263180.2984,96709760259.62257,13846502920.675776
BUL,cnrm-cm5_rcp85_r1i1p1,FORE-SCE-A1B,288360296115.97864,268489842408.8807,19870453707.097946
BUL,cnrm-cm5_rcp85_r1i1p1,FORE-SCE-A2,286241599588.5289,268928911732.84097,17312687855.688038
BUL,cnrm-cm5_rcp85_r1i1p1,FORE-SCE-B1,283754520716.1072,268293403478.05228,15461117238.05491
BUL,cnrm-cm5_rcp85_r1i1p1,GCAM-26,300021383311.4097,266202383164.9275,33819000146.482254
BUL,cnrm-cm5_rcp85_r1i1p1,GCAM-45,293235158857.3494,268124889098.88498,25110269758.4645
BUL,cnrm-cm5_rcp85_r1i1p1,GCAM-ref,288226349741.19403,268312463694.67514,19913886046.51888
BUL,cnrm-cm5_rcp85_r1i1p1,LUCAS-BAU_High-0001,281427215864.0959,268245698246.9002,13181517617.195732
BUL,cnrm-cm5_rcp85_r1i1p1,LUCAS-BAU_High-0002,282079629141.874,268545764542.476,13533864599.39809
BUL,csiro-mk3-6-0_rcp26_r1i1p1,FORE-SCE-A1B,34044624227.97405,12460059732.285395,21584564495.688656
BUL,csiro-mk3-6-0_rcp26_r1i1p1,FORE-SCE-A2,30819329894.580215,12028332274.629341,18790997619.950874
BUL,csiro-mk3-6-0_rcp26_r1i1p1,FORE-SCE-B1,29245036372.935406,12236298602.200813,17008737770.734598
BUL,csiro-mk3-6-0_rcp26_r1i1p1,GCAM-26,47344122550.46088,12040335804.132233,35303786746.32865
BUL,csiro-mk3-6-0_rcp26_r1i1p1,GCAM-45,39019768130.90242,12083463977.087378,26936304153.815052
BUL,csiro-mk3-6-0_rcp26_r1i1p1,GCAM-ref,34099237636.71797,12326531652.299103,21772705984.41886
BUL,csiro-mk3-6-0_rcp26_r1i1p1,LUCAS-BAU_High-0001,27016553243.80093,12039446547.925394,14977106695.875542
BUL,csiro-mk3-6-0_rcp26_r1i1p1,LUCAS-BAU_High-0002,27457303089.71987,12065186533.200155,15392116556.519716
BUL,csiro-mk3-6-0_rcp45_r1i1p1,FORE-SCE-A1B,22000974889.341137,0.0,22000974889.341137
BUL,csiro-mk3-6-0_rcp45_r1i1p1,FORE-SCE-A2,19185667778.81442,0.0,19185667778.81442
BUL,csiro-mk3-6-0_rcp45_r1i1p1,FORE-SCE-B1,16965883537.674547,0.0,16965883537.674547
BUL,csiro-mk3-6-0_rcp45_r1i1p1,GCAM-26,36729051842.850586,0.0,36729051842.850586
BUL,csiro-mk3-6-0_rcp45_r1i1p1,GCAM-45,27556977345.333767,0.0,27556977345.333767
BUL,csiro-mk3-6-0_rcp45_r1i1p1,GCAM-ref,21940097414.418556,0.0,21940097414.418556
BUL,csiro-mk3-6-0_rcp45_r1i1p1,LUCAS-BAU_High-0001,14739663399.24256,0.0,14739663399.24256
BUL,csiro-mk3-6-0_rcp45_r1i1p1,LUCAS-BAU_High-0002,15129510111.35808,0.0,15129510111.35808
BUL,csiro-mk3-6-0_rcp60_r1i1p1,FORE-SCE-A1B,61661932205.772125,40584792937.76228,21077139268.009815
BUL,csiro-mk3-6-0_rcp60_r1i1p1,FORE-SCE-A2,59702412314.28925,41114650360.61302,18587761953.67623
BUL,csiro-mk3-6-0_rcp60_r1i1p1,FORE-SCE-B1,57343073230.309494,40730240573.52298,16612832656.786522
BUL,csiro-mk3-6-0_rcp60_r1i1p1,GCAM-26,74808070403.8076,40265182434.997894,34542887968.8097
BUL,csiro-mk3-6-0_rcp60_r1i1p1,GCAM-45,67037110435.77252,40603192171.30521,26433918264.467297
BUL,csiro-mk3-6-0_rcp60_r1i1p1,GCAM-ref,61212954884.36183,40364234789.317184,20848720095.04465
BUL,csiro-mk3-6-0_rcp60_r1i1p1,LUCAS-BAU_High-0001,55170234901.86034,41084864185.98544,14085370715.874872
BUL,csiro-mk3-6-0_rcp60_r1i1p1,LUCAS-BAU_High-0002,55349359792.419525,40873947866.68977,14475411925.729746
BUL,csiro-mk3-6-0_rcp85_r1i1p1,FORE-SCE-A1B,89071200241.64558,65955793905.60354,23115406336.042103
BUL,csiro-mk3-6-0_rcp85_r1i1p1,FORE-SCE-A2,83952915397.95341,63415538986.11531,20537376411.83811
BUL,csiro-mk3-6-0_rcp85_r1i1p1,FORE-SCE-B1,84394987353.29918,66212785323.11816,18182202030.181
BUL,csiro-mk3-6-0_rcp85_r1i1p1,GCAM-26,101713991939.82625,63295884491.247284,38418107448.579
BUL,csiro-mk3-6-0_rcp85_r1i1p1,GCAM-45,95177243982.14828,66062677246.17656,29114566735.971706
BUL,csiro-mk3-6-0_rcp85_r1i1p1,GCAM-ref,88486573042.37607,65190051636.40083,23296521405.975254
BUL,csiro-mk3-6-0_rcp85_r1i1p1,LUCAS-BAU_High-0001,83738748493.181,68070234289.89662,15668514203.284397
BUL,csiro-mk3-6-0_rcp85_r1i1p1,LUCAS-BAU_High-0002,82287784703.6123,66214513400.22563,16073271303.38667
BUL,fgoals-g2_rcp26_r1i1p1,FORE-SCE-A1B,15916624056.009398,1226114701.1297715,14690509354.879627
BUL,fgoals-g2_rcp26_r1i1p1,FORE-SCE-A2,13655440858.386448,1140762706.5078473,12514678151.878597
BUL,fgoals-g2_rcp26_r1i1p1,FORE-SCE-B1,12382769387.404495,932472001.2019447,11450297386.202553
BUL,fgoals-g2_rcp26_r1i1p1,GCAM-26,25914932562.70808,1019520390.7363975,24895412171.97168
BUL,fgoals-g2_rcp26_r1i1p1,GCAM-45,19733856727.42837,1038969703.4558631,18694887023.972507
BUL,fgoals-g2_rcp26_r1i1p1,GCAM-ref,16103235790.457056,1093038972.9291346,15010196817.527922
BUL,fgoals-g2_rcp26_r1i1p1,LUCAS-BAU_High-0001,11071818790.431635,921869052.9390143,10149949737.492619
BUL,fgoals-g2_rcp26_r1i1p1,LUCAS-BAU_High-0002,11101109166.659714,919181189.5902553,10181927977.06946
DNP,access1-0_rcp45_r1i1p1,FORE-SCE-A1B,35242325123.79631,15728660437.316921,19513664686.47939
DNP,access1-0_rcp45_r1i1p1,FORE-SCE-A2,33470700336.229084,16245198743.457466,17225501592.771618
DNP,access1-0_rcp45_r1i1p1,FORE-SCE-B1,32504528325.869823,17397349833.05708,15107178492.812748
DNP,access1-0_rcp45_r1i1p1,GCAM-26,53796833362.77267,19534537425.89958,34262295936.873093
DNP,access1-0_rcp45_r1i1p1,GCAM-45,43761667920.930244,18846961858.10585,24914706062.824406
DNP,access1-0_rcp45_r1i1p1,GCAM-ref,36183217060.548904,16593341407.811707,19589875652.737206
DNP,access1-0_rcp45_r1i1p1,LUCAS-BAU_High-0001,30638476505.967625,17684857572.097637,12953618933.86999
DNP,access1-0_rcp45_r1i1p1,LUCAS-BAU_High-0002,31062256851.572453,17751606620.7215,13310650230.850946
DNP,access1-0_rcp85_r1i1p1,FORE-SCE-A1B,26406449752.371185,19438105.011355583,26387011647.359833
DNP,access1-0_rcp85_r1i1p1,FORE-SCE-A2,22637684442.835117,27528910.694860313,22610155532.140255
DNP,access1-0_rcp85_r1i1p1,FORE-SCE-B1,20317915140.179077,14984598.975397784,20302930541.203682
DNP,access1-0_rcp85_r1i1p1,GCAM-26,48010822764.38191,112129383.74243915,47898693380.63947
DNP,access1-0_rcp85_r1i1p1,GCAM-45,34173315891.15061,45481729.7546946,34127834161.39592
DNP,access1-0_rcp85_r1i1p1,GCAM-ref,27492030480.554024,15158306.178694148,27476872174.375328
DNP,access1-0_rcp85_r1i1p1,LUCAS-BAU_High-0001,17634990314.803303,0.0,17634990314.803303
DNP,access1-0_rcp85_r1i1p1,LUCAS-BAU_High-0002,18129960445.81586,0.0,18129960445.81586
DNP,bcc-csm1-1-m_rcp45_r1i1p1,FORE-SCE-A1B,32657751182.542152,14104412174.096521,18553339008.44563
DNP,bcc-csm1-1-m_rcp45_r1i1p1,FORE-SCE-A2,27480641036.69712,11260370756.5552,16220270280.141918
DNP,bcc-csm1-1-m_rcp45_r1i1p1,FORE-SCE-B1,27733320381.280552,13651113241.170422,14082207140.110132
DNP,bcc-csm1-1-m_rcp45_r1i1p1,GCAM-26,46064174331.673355,12627035009.013802,33437139322.659554
DNP,bcc-csm1-1-m_rcp45_r1i1p1,GCAM-45,37729385497.34056,13841391126.578262,23887994370.762295
DNP,bcc-csm1-1-m_rcp45_r1i1p1,GCAM-ref,33282629002.728294,15031749019.023188,18250879983.705105
DNP,bcc-csm1-1-m_rcp45_r1i1p1,LUCAS-BAU_High-0001,26072036982.268425,14104094682.33051,11967942299.937914
DNP,bcc-csm1-1-m_rcp45_r1i1p1,LUCAS-BAU_High-0002,25061018499.974323,12820890285.889687,12240128214.084635
DNP,bcc-csm1-1-m_rcp85_r1i1p1,FORE-SCE-A1B,82454910542.33533,40745174241.43843,41709736300.8969
DNP,bcc-csm1-1-m_rcp85_r1i1p1,FORE-SCE-A2,79750170659.16782,42118176136.36511,37631994522.80273
DNP,bcc-csm1-1-m_rcp85_r1i1p1,FORE-SCE-B1,75084697345.71307,40893578044.77393,34191119300.939144
DNP,bcc-csm1-1-m_rcp85_r1i1p1,GCAM-26,108028655063.45192,42512374873.2026,65516280190.24932
DNP,bcc-csm1-1-m_rcp85_r1i1p1,GCAM-45,92994159398.66347,42085845820.94879,50908313577.71472
DNP,bcc-csm1-1-m_rcp85_r1i1p1,GCAM-ref,82509934130.86023,40781128431.70792,41728805699.152306
DNP,bcc-csm1-1-m_rcp85_r1i1p1,LUCAS-BAU_High-0001,71757202321.94917,41870871301.99613,29886331019.953064
DNP,bcc-csm1-1-m_rcp85_r1i1p1,LUCAS-BAU_High-0002,71143430651.22037,40717778220.11248,30425652431.10788
DNP,bcc-csm1-1_rcp26_r1i1p1,FORE-SCE-A1B,69438641051.23053,35682715654.5058,33755925396.724735
DNP,bcc-csm1-1_rcp26_r1i1p1,FORE-SCE-A2,66452268727.98871,36408992840.50925,30043275887.479446
DNP,bcc-csm1-1_rcp26_r1i1p1,FORE-SCE-B1,62167519063.19145,34062433187.96634,28105085875.225105
DNP,bcc-csm1-1_rcp26_r1i1p1,GCAM-26,91659535829.20992,36060725283.48013,55598810545.72978
DNP,bcc-csm1-1_rcp26_r1i1p1,GCAM-45,78696091552.99399,36694917123.97843,42001174429.01555
DNP,bcc-csm1-1_rcp26_r1i1p1,GCAM-ref,70245316902.3282,36626146906.00255,33619169996.325638
DNP,bcc-csm1-1_rcp26_r1i1p1,LUCAS-BAU_High-0001,58922225901.05617,34317084961.80159,24605140939.254604
DNP,bcc-csm1-1_rcp26_r1i1p1,LUCAS-BAU_High-0002,60767985514.56646,35301343169.71508,25466642344.851387
DNP,bcc-csm1-1_rcp45_r1i1p1,FORE-SCE-A1B,34744030189.0278,4876169915.61874,29867860273.40906
DNP,bcc-csm1-1_rcp45_r1i1p1,FORE-SCE-A2,30953807654.230003,4358341323.067771,26595466331.16224
DNP,bcc-csm1-1_rcp45_r1i1p1,FORE-SCE-B1,27199947645.103626,3590989124.194068,23608958520.909557
DNP,bcc-csm1-1_rcp45_r1i1p1,GCAM-26,54382909654.45193,5283812677.183606,49099096977.26833
DNP,bcc-csm1-1_rcp45_r1i1p1,GCAM-45,42348508582.30814,5174222466.900147,37174286115.40801
DNP,bcc-csm1-1_rcp45_r1i1p1,GCAM-ref,35064033263.106544,4737203269.427532,30326829993.67901
DNP,bcc-csm1-1_rcp45_r1i1p1,LUCAS-BAU_High-0001,25396362475.006252,4498253134.381748,20898109340.62451
DNP,bcc-csm1-1_rcp45_r1i1p1,LUCAS-BAU_High-0002,26315899826.399536,4620024707.7739525,21695875118.625584
DNP,bcc-csm1-1_rcp60_r1i1p1,FORE-SCE-A1B,30651768554.84143,8740710607.939222,21911057946.90221
DNP,bcc-csm1-1_rcp60_r1i1p1,FORE-SCE-A2,38700238522.245766,19496433458.119453,19203805064.126305
DNP,bcc-csm1-1_rcp60_r1i1p1,FORE-SCE-B1,29302073578.38376,12210440202.202536,17091633376.181217
DNP,bcc-csm1-1_rcp60_r1i1p1,GCAM-26,44563544427.45518,6666837449.34639,37896706978.10879
DNP,bcc-csm1-1_rcp60_r1i1p1,GCAM-45,39800879993.86319,11670113067.233475,28130766926.629692
DNP,bcc-csm1-1_rcp60_r1i1p1,GCAM-ref,31960681509.870724,9379619941.592684,22581061568.27804
DNP,bcc-csm1-1_rcp60_r1i1p1,LUCAS-BAU_High-0001,28962360299.93121,13553145222.37097,15409215077.560242
DNP,bcc-csm1-1_rcp60_r1i1p1,LUCAS-BAU_High-0002,33424436348.25372,17776060964.612106,15648375383.641602
DNP,bcc-csm1-1_rcp85_r1i1p1,FORE-SCE-A1B,101860324371.43944,70371357426.4,31488966945.039433
DNP,bcc-csm1-1_rcp85_r1i1p1,FORE-SCE-A2,102159679290.94443,72982911606.35765,29176767684.58682
DNP,bcc-csm1-1_rcp85_r1i1p1,FORE-SCE-B1,98013214650.78494,72621232731.4206,25391981919.36437
DNP,bcc-csm1-1_rcp85_r1i1p1,GCAM-26,118558038073.53764,66914317225.060814,51643720848.47678
DNP,bcc-csm1-1_rcp85_r1i1p1,GCAM-45,108705170074.25983,69897915145.78857,38807254928.47127
DNP,bcc-csm1-1_rcp85_r1i1p1,GCAM-ref,99416031171.87035,68889116268.43463,30526914903.43572
DNP,bcc-csm1-1_rcp85_r1i1p1,LUCAS-BAU_High-0001,96615007799.20444,74839667030.32532,21775340768.879158
DNP,bcc-csm1-1_rcp85_r1i1p1,LUCAS-BAU_High-0002,95155404049.73676,73001943336.66806,22153460713.068676
DNP,canesm2_rcp26_r1i1p1,FORE-SCE-A1B,314424953637.9152,277646457441.9917,36778496195.92356
DNP,canesm2_rcp26_r1i1p1,FORE-SCE-A2,306032293065.5992,273489226621.49323,32543066444.10605
DNP,canesm2_rcp26_r1i1p1,FORE-SCE-B1,304998667640.0052,274968297031.8842,30030370608.1211
DNP,canesm2_rcp26_r1i1p1,GCAM-26,333954546079.312,276822698166.3057,57131847913.00641
DNP,canesm2_rcp26_r1i1p1,GCAM-45,319928470799.67786,275415476614.59515,44512994185.0825
DNP,canesm2_rcp26_r1i1p1,GCAM-ref,310375052415.19037,273911473241.015,36463579174.1754
DNP,canesm2_rcp26_r1i1p1,LUCAS-BAU_High-0001,303469413322.74255,277404477323.0374,26064935999.70516
DNP,canesm2_rcp26_r1i1p1,LUCAS-BAU_High-0002,303105959516.1765,276181176303.3868,26924783212.789562
DNP,canesm2_rcp45_r1i1p1,FORE-SCE-A1B,48400061592.58997,17583292512.92119,30816769079.668797
DNP,canesm2_rcp45_r1i1p1,FORE-SCE-A2,43306045968.21834,16057981112.23902,27248064855.97933
DNP,canesm2_rcp45_r1i1p1,FORE-SCE-B1,42781537945.96008,17943017473.00683,24838520472.953255
DNP,canesm2_rcp45_r1i1p1,GCAM-26,64741568089.33772,17180040781.731133,47561527307.60659
DNP,canesm2_rcp45_r1i1p1,GCAM-45,54778876717.74466,17432113211.714195,37346763506.03047
DNP,canesm2_rcp45_r1i1p1,GCAM-ref,50511504581.49908,19348652534.569244,31162852046.929836
DNP,canesm2_rcp45_r1i1p1,LUCAS-BAU_High-0001,41283227807.94401,19085472096.558388,22197755711.385635
DNP,canesm2_rcp45_r1i1p1,LUCAS-BAU_High-0002,41741456623.4181,19016088690.355366,22725367933.06274
DNP,canesm2_rcp85_r1i1p1,FORE-SCE-A1B,531952118812.3462,499330773940.9548,32621344871.391308
DNP,canesm2_rcp85_r1i1p1,FORE-SCE-A2,528449024921.04974,498832840344.6655,29616184576.38429
DNP,canesm2_rcp85_r1i1p1,FORE-SCE-B1,515838588460.15936,489497776855.822,26340811604.337418
DNP,canesm2_rcp85_r1i1p1,GCAM-26,579948164184.4764,527423937841.43744,52524226343.03911
DNP,canesm2_rcp85_r1i1p1,GCAM-45,546598448868.6867,506375217852.3325,40223231016.35419
DNP,canesm2_rcp85_r1i1p1,GCAM-ref,535316488767.4937,502512378579.33356,32804110188.16023
DNP,canesm2_rcp85_r1i1p1,LUCAS-BAU_High-0001,511744460293.6037,488338113652.8683,23406346640.735497
DNP,canesm2_rcp85_r1i1p1,LUCAS-BAU_High-0002,513626254298.9946,489886996688.8229,23739257610.17175
DNP,ccsm4_rcp26_r1i1p1,FORE-SCE-A1B,76794472687.411,38911394068.582924,37883078618.82806
DNP,ccsm4_rcp26_r1i1p1,FORE-SCE-A2,77005140120.85011,43183371998.168335,33821768122.681805
DNP,ccsm4_rcp26_r1i1p1,FORE-SCE-B1,70155804026.4278,39467633002.571976,30688171023.85579
DNP,ccsm4_rcp26_r1i1p1,GCAM-26,104290409711.15988,44817346615.13649,59473063096.0234
DNP,ccsm4_rcp26_r1i1p1,GCAM-45,84576041788.67688,37798347248.66121,46777694540.01573
DNP,ccsm4_rcp26_r1i1p1,GCAM-ref,76192729955.22707,38068168817.03482,38124561138.192276
DNP,ccsm4_rcp26_r1i1p1,LUCAS-BAU_High-0001,67768154931.91598,40851917712.75481,26916237219.161156
DNP,ccsm4_rcp26_r1i1p1,LUCAS-BAU_High-0002,65805667710.16718,38195456159.869606,27610211550.297558
DNP,ccsm4_rcp45_r1i1p1,FORE-SCE-A1B,44308494841.364586,7624586777.146864,36683908064.217705
DNP,ccsm4_rcp45_r1i1p1,FORE-SCE-A2,39631356523.717155,6909978932.471688,32721377591.245472
DNP,ccsm4_rcp45_r1i1p1,FORE-SCE-B1,36753637103.49883,6551109346.604802,30202527756.89403
DNP,ccsm4_rcp45_r1i1p1,GCAM-26,67946499767.35704,11593919638.46619,56352580128.89084
DNP,ccsm4_rcp45_r1i1p1,GCAM-45,54498878367.7796,9943160784.697447,44555717583.082146
DNP,ccsm4_rcp45_r1i1p1,GCAM-ref,45700319629.21025,8172232930.87339,37528086698.33687
DNP,ccsm4_rcp45_r1i1p1,LUCAS-BAU_High-0001,33549047999.457912,6073092324.604912,27475955674.853
DNP,ccsm4_rcp45_r1i1p1,LUCAS-BAU_High-0002,33672799373.85232,5861485375.563505,27811313998.288815
DNP,ccsm4_rcp60_r1i1p1,FORE-SCE-A1B,62017320147.61558,30457713202.889896,31559606944.725693
DNP,ccsm4_rcp60_r1i1p1,FORE-SCE-A2,56721128975.94184,28656939563.638947,28064189412.302883
DNP,ccsm4_rcp60_r1i1p1,FORE-SCE-B1,54480983534.88116,28750572226.644268,25730411308.2369
DNP,ccsm4_rcp60_r1i1p1,GCAM-26,77593154940.63515,30927152997.661877,46666001942.973274
DNP,ccsm4_rcp60_r1i1p1,GCAM-45,69429500277.25784,31359509316.663887,38069990960.593956
DNP,ccsm4_rcp60_r1i1p1,GCAM-ref,62528690864.52937,29732274268.81702,32796416595.712337
DNP,ccsm4_rcp60_r1i1p1,LUCAS-BAU_High-0001,52699213194.718414,29348430858.97913,23350782335.73928
DNP,ccsm4_rcp60_r1i1p1,LUCAS-BAU_High-0002,54087063998.74752,29858839961.101574,24228224037.645958
DNP,ccsm4_rcp85_r1i1p1,FORE-SCE-A1B,117258598988.14972,77616683591.37695,39641915396.77279
DNP,ccsm4_rcp85_r1i1p1,FORE-SCE-A2,105189578887.64096,70171512859.88828,35018066027.75266
DNP,ccsm4_rcp85_r1i1p1,FORE-SCE-B1,104834450805.78409,72697950410.28178,32136500395.502327
DNP,ccsm4_rcp85_r1i1p1,GCAM-26,141787676486.441,80858773307.31459,60928903179.126434
DNP,ccsm4_rcp85_r1i1p1,GCAM-45,126546057996.39076,78391609825.72443,48154448170.66631
DNP,ccsm4_rcp85_r1i1p1,GCAM-ref,118331911150.78317,78160486893.20454,40171424257.57862
DNP,ccsm4_rcp85_r1i1p1,LUCAS-BAU_High-0001,98425856412.62648,69645950260.98567,28779906151.64082
DNP,ccsm4_rcp85_r1i1p1,LUCAS-BAU_High-0002,99418164850.59885,69667716831.45784,29750448019.141014
DNP,cesm1-bgc_rcp45_r1i1p1,FORE-SCE-A1B,81785279687.07822,48207169436.17793,33578110250.900272
DNP,cesm1-bgc_rcp45_r1i1p1,FORE-SCE-A2,80176839050.59407,50314158153.081436,29862680897.512657
DNP,cesm1-bgc_rcp45_r1i1p1,FORE-SCE-B1,77963948771.58669,50921808462.770645,27042140308.81606
DNP,cesm1-bgc_rcp45_r1i1p1,GCAM-26,106646135262.78584,56134539890.39992,50511595372.385925
DNP,cesm1-bgc_rcp45_r1i1p1,GCAM-45,89712526030.74765,49890189733.59918,39822336297.14849
DNP,cesm1-bgc_rcp45_r1i1p1,GCAM-ref,81400892604.27234,48445700313.713264,32955192290.55907
DNP,cesm1-bgc_rcp45_r1i1p1,LUCAS-BAU_High-0001,74180953073.57408,50272393930.88161,23908559142.69249
DNP,cesm1-bgc_rcp45_r1i1p1,LUCAS-BAU_High-0002,74915482567.04167,50962917381.25462,23952565185.787045
DNP,cesm1-bgc_rcp85_r1i1p1,FORE-SCE-A1B,82854386769.93437,61017070310.234146,21837316459.700226
DNP,cesm1-bgc_rcp85_r1i1p1,FORE-SCE-A2,84068263067.09105,65469782158.2165,18598480908.874554
DNP,cesm1-bgc_rcp85_r1i1p1,FORE-SCE-B1,74245563432.12236,57033390035.19035,17212173396.932003
DNP,cesm1-bgc_rcp85_r1i1p1,GCAM-26,105492499145.93599,69814475297.46632,35678023848.46964
DNP,cesm1-bgc_rcp85_r1i1p1,GCAM-45,93497205925.8159,66894067177.6736,26603138748.142307
DNP,cesm1-bgc_rcp85_r1i1p1,GCAM-ref,81986831745.48503,59725789537.37113,22261042208.11389
DNP,cesm1-bgc_rcp85_r1i1p1,LUCAS-BAU_High-0001,69316439178.52339,53979945132.17102,15336494046.352367
DNP,cesm1-bgc_rcp85_r1i1p1,LUCAS-BAU_High-0002,74627813403.18854,58955188632.527565,15672624770.660969
DNP,cesm1-cam5_rcp26_r1i1p1,FORE-SCE-A1B,98050362152.24377,66703453106.32079,31346909045.922947
DNP,cesm1-cam5_rcp26_r1i1p1,FORE-SCE-A2,95096813310.99217,66798437514.283745,28298375796.708443
DNP,cesm1-cam5_rcp26_r1i1p1,FORE-SCE-B1,92850666625.83191,67235545668.27009,25615120957.561832
DNP,cesm1-cam5_rcp26_r1i1p1,GCAM-26,115900897870.02502,66921239878.987755,48979657991.03723
DNP,cesm1-cam5_rcp26_r1i1p1,GCAM-45,106646350252.9819,68332714005.90395,38313636247.07796
DNP,cesm1-cam5_rcp26_r1i1p1,GCAM-ref,99617718808.22134,68894420246.00684,30723298562.214565
DNP,cesm1-cam5_rcp26_r1i1p1,LUCAS-BAU_High-0001,90415338162.90552,67833848292.3583,22581489870.54723
DNP,cesm1-cam5_rcp26_r1i1p1,LUCAS-BAU_High-0002,90550007180.00583,67352690460.5972,23197316719.408615
DNP,cesm1-cam5_rcp45_r1i1p1,FORE-SCE-A1B,63678646831.723755,15491077355.32307,48187569476.400696
DNP,cesm1-cam5_rcp45_r1i1p1,FORE-SCE-A2,56612756455.410126,14435928894.18727,42176827561.22286
DNP,cesm1-cam5_rcp45_r1i1p1,FORE-SCE-B1,54718253689.29033,15435790874.892628,39282462814.3977
DNP,cesm1-cam5_rcp45_r1i1p1,GCAM-26,91204071509.60745,19715998099.323994,71488073410.28343
DNP,cesm1-cam5_rcp45_r1i1p1,GCAM-45,74152176207.08777,16392449604.242802,57759726602.84497
DNP,cesm1-cam5_rcp45_r1i1p1,GCAM-ref,64558577634.816475,15637098081.94467,48921479552.8718
DNP,cesm1-cam5_rcp45_r1i1p1,LUCAS-BAU_High-0001,50893185417.86747,15185178301.574862,35708007116.29261
DNP,cesm1-cam5_rcp45_r1i1p1,LUCAS-BAU_High-0002,51687144450.93755,15670171935.372864,36016972515.5647
DNP,cesm1-cam5_rcp60_r1i1p1,FORE-SCE-A1B,171518797875.98062,125462497491.19766,46056300384.78291
DNP,cesm1-cam5_rcp60_r1i1p1,FORE-SCE-A2,163556588169.23407,122430332804.69043,41126255364.54358
DNP,cesm1-cam5_rcp60_r1i1p1,FORE-SCE-B1,159752866124.986,121971938619.05063,37780927505.935326
DNP,cesm1-cam5_rcp60_r1i1p1,GCAM-26,198997518193.87555,128687108641.2622,70310409552.6133
DNP,cesm1-cam5_rcp60_r1i1p1,GCAM-45,179627812083.29242,123729023830.41373,55898788252.87868
DNP,cesm1-cam5_rcp60_r1i1p1,GCAM-ref,170958359145.16745,124177509768.79912,46780849376.36841
DNP,cesm1-cam5_rcp60_r1i1p1,LUCAS-BAU_High-0001,155524132495.48407,121562408773.66243,33961723721.821575
DNP,cesm1-cam5_rcp60_r1i1p1,LUCAS-BAU_High-0002,155823062021.88223,121257321379.98787,34565740641.89433
DNP,cesm1-cam5_rcp85_r1i1p1,FORE-SCE-A1B,148907125142.52612,107980533322.13354,40926591820.39259
DNP,cesm1-cam5_rcp85_r1i1p1,FORE-SCE-A2,141806366009.88013,105288622378.71225,36517743631.16785
DNP,cesm1-cam5_rcp85_r1i1p1,FORE-SCE-B1,136795892236.91893,104127603542.51204,32668288694.406925
DNP,cesm1-cam5_rcp85_r1i1p1,GCAM-26,175118138753.91626,110645765114.3515,64472373639.56479
DNP,cesm1-cam5_rcp85_r1i1p1,GCAM-45,160503742895.27377,110568734077.80682,49935008817.466934
DNP,cesm1-cam5_rcp85_r1i1p1,GCAM-ref,146574780258.85736,105842289897.0228,40732490361.83457
DNP,cesm1-cam5_rcp85_r1i1p1,LUCAS-BAU_High-0001,131460979117.0273,102315858084.00996,29145121033.01737
DNP,cesm1-cam5_rcp85_r1i1p1,LUCAS-BAU_High-0002,141610158356.29437,111512506979.36401,30097651376.930305
DNP,cmcc-cm_rcp45_r1i1p1,FORE-SCE-A1B,48127118009.05537,17346484743.26821,30780633265.787163
DNP,cmcc-cm_rcp45_r1i1p1,FORE-SCE-A2,44549289010.71308,17469804085.807934,27079484924.90515
DNP,cmcc-cm_rcp45_r1i1p1,FORE-SCE-B1,41497181731.446266,17147892774.764381,24349288956.68188
DNP,cmcc-cm_rcp45_r1i1p1,GCAM-26,69105275614.91216,16805882671.089148,52299392943.823006
DNP,cmcc-cm_rcp45_r1i1p1,GCAM-45,56001644756.63314,17078682549.143234,38922962207.4899
DNP,cmcc-cm_rcp45_r1i1p1,GCAM-ref,50022725781.3123,18233520320.816345,31789205460.495975
DNP,cmcc-cm_rcp45_r1i1p1,LUCAS-BAU_High-0001,40364544863.609024,18572375381.36332,21792169482.245697
DNP,cmcc-cm_rcp45_r1i1p1,LUCAS-BAU_High-0002,40386129006.65179,18213494594.431393,22172634412.220387
DNP,cmcc-cm_rcp85_r1i1p1,FORE-SCE-A1B,34739381988.81886,5635117332.43261,29104264656.386253
DNP,cmcc-cm_rcp85_r1i1p1,FORE-SCE-A2,32399052466.959473,6231576796.182165,26167475670.777306
DNP,cmcc-cm_rcp85_r1i1p1,FORE-SCE-B1,29093559596.828987,6305800326.567937,22787759270.26105
DNP,cmcc-cm_rcp85_r1i1p1,GCAM-26,54454938482.1778,4664084970.951933,49790853511.22586
DNP,cmcc-cm_rcp85_r1i1p1,GCAM-45,43307963525.52733,5928122281.789195,37379841243.73814
DNP,cmcc-cm_rcp85_r1i1p1,GCAM-ref,35481924735.34772,5613515666.7632475,29868409068.584476
DNP,cmcc-cm_rcp85_r1i1p1,LUCAS-BAU_High-0001,27106747788.18149,7430085470.935913,19676662317.245575
DNP,cmcc-cm_rcp85_r1i1p1,LUCAS-BAU_High-0002,27180113959.335106,6702330068.196843,20477783891.138268
DNP,cnrm-cm5_rcp45_r1i1p1,FORE-SCE-A1B,102430495645.0773,75127935191.48642,27302560453.590843
DNP,cnrm-cm5_rcp45_r1i1p1,FORE-SCE-A2,96781017891.10931,72513251611.44478,24267766279.6645
DNP,cnrm-cm5_rcp45_r1i1p1,FORE-SCE-B1,85453245719.72194,63166731087.46921,22286514632.252724
DNP,cnrm-cm5_rcp45_r1i1p1,GCAM-26,124543167257.83025,80795389144.73297,43747778113.097244
DNP,cnrm-cm5_rcp45_r1i1p1,GCAM-45,99844756634.24521,66406196078.886284,33438560555.358963
DNP,cnrm-cm5_rcp45_r1i1p1,GCAM-ref,101257725084.22046,73625586060.8167,27632139023.403786
DNP,cnrm-cm5_rcp45_r1i1p1,LUCAS-BAU_High-0001,81902993314.74574,62102578254.783554,19800415059.962177
DNP,cnrm-cm5_rcp45_r1i1p1,LUCAS-BAU_High-0002,79175065436.15971,58436779201.51599,20738286234.643684
DNP,cnrm-cm5_rcp85_r1i1p1,FORE-SCE-A1B,268369387872.17554,231371630902.5384,36997756969.63711
DNP,cnrm-cm5_rcp85_r1i1p1,FORE-SCE-A2,261524859609.78348,228985079634.3386,32539779975.44481
DNP,cnrm-cm5_rcp85_r1i1p1,FORE-SCE-B1,263647344531.6663,233209386723.48856,30437957808.177845
DNP,cnrm-cm5_rcp85_r1i1p1,GCAM-26,290777293586.93304,233816687050.84985,56960606536.083145
DNP,cnrm-cm5_rcp85_r1i1p1,GCAM-45,277413220378.2543,232197893762.4803,45215326615.77394
DNP,cnrm-cm5_rcp85_r1i1p1,GCAM-ref,266632056998.45398,229217089938.60684,37414967059.847115
DNP,cnrm-cm5_rcp85_r1i1p1,LUCAS-BAU_High-0001,254227605741.00226,227560228736.217,26667377004.78527
DNP,cnrm-cm5_rcp85_r1i1p1,LUCAS-BAU_High-0002,255847384811.12277,228293827637.43015,27553557173.69264
DNP,csiro-mk3-6-0_rcp26_r1i1p1,FORE-SCE-A1B,103155363270.04147,61158867820.94418,41996495449.09729
DNP,csiro-mk3-6-0_rcp26_r1i1p1,FORE-SCE-A2,95636804562.3647,58819780920.6313,36817023641.733406
DNP,csiro-mk3-6-0_rcp26_r1i1p1,FORE-SCE-B1,95693955080.3864,61835307490.487946,33858647589.898434
DNP,csiro-mk3-6-0_rcp26_r1i1p1,GCAM-26,125030851263.08743,60726053643.42326,64304797619.664154
DNP,csiro-mk3-6-0_rcp26_r1i1p1,GCAM-45,111083373081.56842,59959858758.479256,51123514323.089134
DNP,csiro-mk3-6-0_rcp26_r1i1p1,GCAM-ref,100895294582.58228,58963123215.54946,41932171367.03279
DNP,csiro-mk3-6-0_rcp26_r1i1p1,LUCAS-BAU_High-0001,90624385408.94354,60519008404.79383,30105377004.149696
DNP,csiro-mk3-6-0_rcp26_r1i1p1,LUCAS-BAU_High-0002,90307724234.32901,59668789605.31511,30638934629.01393
DNP,csiro-mk3-6-0_rcp45_r1i1p1,FORE-SCE-A1B,26952740535.10668,5358319496.437374,21594421038.669315
DNP,csiro-mk3-6-0_rcp45_r1i1p1,FORE-SCE-A2,25670738634.039177,7700630197.150179,17970108436.889008
DNP,csiro-mk3-6-0_rcp45_r1i1p1,FORE-SCE-B1,24189962160.00559,8174963409.208614,16014998750.796972
DNP,csiro-mk3-6-0_rcp45_r1i1p1,GCAM-26,48067358001.740555,9019955618.038338,39047402383.70222
DNP,csiro-mk3-6-0_rcp45_r1i1p1,GCAM-45,37354345524.36664,9649893526.345417,27704451998.021217
DNP,csiro-mk3-6-0_rcp45_r1i1p1,GCAM-ref,30929219651.319824,9040669324.562819,21888550326.757004
DNP,csiro-mk3-6-0_rcp45_r1i1p1,LUCAS-BAU_High-0001,23855885853.218967,9783345325.000216,14072540528.21875
DNP,csiro-mk3-6-0_rcp45_r1i1p1,LUCAS-BAU_High-0002,22533581365.61911,8080564629.540514,14453016736.0786
DNP,csiro-mk3-6-0_rcp60_r1i1p1,FORE-SCE-A1B,34823243320.47507,5801245826.181335,29021997494.29373
DNP,csiro-mk3-6-0_rcp60_r1i1p1,FORE-SCE-A2,33922544546.37773,8073960690.759678,25848583855.618042
DNP,csiro-mk3-6-0_rcp60_r1i1p1,FORE-SCE-B1,30567862241.051067,7206110331.247037,23361751909.804028
DNP,csiro-mk3-6-0_rcp60_r1i1p1,GCAM-26,50954458176.72182,3758118947.1308804,47196339229.59093
DNP,csiro-mk3-6-0_rcp60_r1i1p1,GCAM-45,41867156670.66597,6031457614.419304,35835699056.24667
DNP,csiro-mk3-6-0_rcp60_r1i1p1,GCAM-ref,34935248610.02563,6127326011.740708,28807922598.28492
DNP,csiro-mk3-6-0_rcp60_r1i1p1,LUCAS-BAU_High-0001,28880910566.24205,8651909348.308262,20229001217.933784
DNP,csiro-mk3-6-0_rcp60_r1i1p1,LUCAS-BAU_High-0002,28877623348.25904,8118958524.572682,20758664823.686367
DNP,csiro-mk3-6-0_rcp85_r1i1p1,FORE-SCE-A1B,80365055832.42902,43436236022.09004,36928819810.33899
DNP,csiro-mk3-6-0_rcp85_r1i1p1,FORE-SCE-A2,79277413935.70766,47234279262.61737,32043134673.09028
DNP,csiro-mk3-6-0_rcp85_r1i1p1,FORE-SCE-B1,84422793613.31105,54873562178.29618,29549231435.01486
DNP,csiro-mk3-6-0_rcp85_r1i1p1,GCAM-26,100440491359.11707,42380182911.09331,58060308448.02375
DNP,csiro-mk3-6-0_rcp85_r1i1p1,GCAM-45,88039284736.9774,43353702409.49558,44685582327.48179
DNP,csiro-mk3-6-0_rcp85_r1i1p1,GCAM-ref,88635784191.27644,51567077749.6077,37068706441.66874
DNP,csiro-mk3-6-0_rcp85_r1i1p1,LUCAS-BAU_High-0001,72501795580.08086,46356778979.56633,26145016600.51453
DNP,csiro-mk3-6-0_rcp85_r1i1p1,LUCAS-BAU_High-0002,77400071208.93814,50655240097.47139,26744831111.466743
DNP,fgoals-g2_rcp26_r1i1p1,FORE-SCE-A1B,34757275775.75556,9876587589.868803,24880688185.886765
DNP,fgoals-g2_rcp26_r1i1p1,FORE-SCE-A2,32163923876.925037,10369982457.546635,21793941419.378395
DNP,fgoals-g2_rcp26_r1i1p1,FORE-SCE-B1,29844513927.215805,9595445935.32449,20249067991.8913
DNP,fgoals-g2_rcp26_r1i1p1,GCAM-26,49263553437.88009,10834996006.562439,38428557431.31765
DNP,fgoals-g2_rcp26_r1i1p1,GCAM-45,40614878113.243256,10835649199.949429,29779228913.29384
DNP,fgoals-g2_rcp26_r1i1p1,GCAM-ref,35430581191.19893,11026205102.998299,24404376088.200638
DNP,fgoals-g2_rcp26_r1i1p1,LUCAS-BAU_High-0001,26838913470.638508,9462077779.869087,17376835690.769417
DNP,fgoals-g2_rcp26_r1i1p1,LUCAS-BAU_High-0002,27904504227.82707,8964245492.32089,18940258735.506176
EXC,access1-0_rcp45_r1i1p1,FORE-SCE-A1B,14052427242.676693,9811845340.45221,4240581902.2244835
EXC,access1-0_rcp45_r1i1p1,FORE-SCE-A2,12935330238.977024,9489182631.029192,3446147607.9478335
EXC,access1-0_rcp45_r1i1p1,FORE-SCE-B1,11922329850.073078,9191485171.447292,2730844678.6257844
EXC,access1-0_rcp45_r1i1p1,GCAM-26,17725679123.81159,7882961558.526395,9842717565.285194
EXC,access1-0_rcp45_r1i1p1,GCAM-45,15444553237.861244,9333991080.950392,6110562156.910849
EXC,access1-0_rcp45_r1i1p1,GCAM-ref,13383286163.850084,9389004752.796953,3994281411.053132
EXC,access1-0_rcp45_r1i1p1,LUCAS-BAU_High-0001,12504198226.31417,10501456161.358778,2002742064.9553945
EXC,access1-0_rcp45_r1i1p1,LUCAS-BAU_High-0002,11653471924.210735,9558893286.291832,2094578637.9189007
EXC,access1-0_rcp85_r1i1p1,FORE-SCE-A1B,8117067353.386625,17706743.593779176,8099360609.792847
EXC,access1-0_rcp85_r1i1p1,FORE-SCE-A2,6612386713.500822,73378199.62490521,6539008513.875917
EXC,access1-0_rcp85_r1i1p1,FORE-SCE-B1,5645835486.415078,26896202.317419015,5618939284.097659
EXC,access1-0_rcp85_r1i1p1,GCAM-26,17006687270.412111,32149373.755841225,16974537896.656271
EXC,access1-0_rcp85_r1i1p1,GCAM-45,11342054908.10416,9940246.603999004,11332114661.50016
EXC,access1-0_rcp85_r1i1p1,GCAM-ref,8243429357.74396,12238167.84036535,8231191189.903596
EXC,access1-0_rcp85_r1i1p1,LUCAS-BAU_High-0001,4319629053.027301,18725489.810585715,4300903563.216715
EXC,access1-0_rcp85_r1i1p1,LUCAS-BAU_High-0002,4495040273.250029,55280777.80792901,4439759495.4421
EXC,bcc-csm1-1-m_rcp45_r1i1p1,FORE-SCE-A1B,8627452003.8358,3508859768.8141346,5118592235.021666
EXC,bcc-csm1-1-m_rcp45_r1i1p1,FORE-SCE-A2,7082967018.36698,2854002539.019718,4228964479.3472614
EXC,bcc-csm1-1-m_rcp45_r1i1p1,FORE-SCE-B1,6992214712.395514,3501573788.4233932,3490640923.97212
EXC,bcc-csm1-1-m_rcp45_r1i1p1,GCAM-26,14755405455.38064,3866890589.649822,10888514865.730818
EXC,bcc-csm1-1-m_rcp45_r1i1p1,GCAM-45,10955251998.081907,3777221686.8773084,7178030311.204599
EXC,bcc-csm1-1-m_rcp45_r1i1p1,GCAM-ref,8274092500.363021,3259173999.999993,5014918500.363029
EXC,bcc-csm1-1-m_rcp45_r1i1p1,LUCAS-BAU_High-0001,5629360654.017525,2969152220.083913,2660208433.9336123
EXC,bcc-csm1-1-m_rcp45_r1i1p1,LUCAS-BAU_High-0002,6329537138.70805,3564750505.125432,2764786633.5826173
EXC,bcc-csm1-1-m_rcp85_r1i1p1,FORE-SCE-A1B,8550810555.451865,2157064238.5644526,6393746316.887413
EXC,bcc-csm1-1-m_rcp85_r1i1p1,FORE-SCE-A2,7991301135.954677,2169514422.658007,5821786713.296671
EXC,bcc-csm1-1-m_rcp85_r1i1p1,FORE-SCE-B1,7022054122.709357,2191911425.251265,4830142697.458091
EXC,bcc-csm1-1-m_rcp85_r1i1p1,GCAM-26,14247513496.422085,2149602254.807801,12097911241.614283
EXC,bcc-csm1-1-m_rcp85_r1i1p1,GCAM-45,10669116483.611216,2052124937.1257753,8616991546.485437
EXC,bcc-csm1-1-m_rcp85_r1i1p1,GCAM-ref,8231647435.658854,1897733672.773184,6333913762.885668
EXC,bcc-csm1-1-m_rcp85_r1i1p1,LUCAS-BAU_High-0001,6044849508.841702,2199577966.448392,3845271542.393312
EXC,bcc-csm1-1-m_rcp85_r1i1p1,LUCAS-BAU_High-0002,6220859844.359246,2291203754.3262835,3929656090.032962
EXC,bcc-csm1-1_rcp26_r1i1p1,FORE-SCE-A1B,18523480489.097004,7853472434.447216,10670008054.64979
EXC,bcc-csm1-1_rcp26_r1i1p1,FORE-SCE-A2,15602449625.82725,6936987322.808022,8665462303.019226
EXC,bcc-csm1-1_rcp26_r1i1p1,FORE-SCE-B1,15652133531.053755,8035916585.753051,7616216945.300702
EXC,bcc-csm1-1_rcp26_r1i1p1,GCAM-26,27309742116.4299,7044175323.012346,20265566793.417553
EXC,bcc-csm1-1_rcp26_r1i1p1,GCAM-45,21266710292.597824,6940880041.540871,14325830251.056955
EXC,bcc-csm1-1_rcp26_r1i1p1,GCAM-ref,18745661465.194378,8065867019.7886095,10679794445.405767
EXC,bcc-csm1-1_rcp26_r1i1p1,LUCAS-BAU_High-0001,13264326299.480898,7044078745.019771,6220247554.461121
EXC,bcc-csm1-1_rcp26_r1i1p1,LUCAS-BAU_High-0002,13980158411.835176,7548898397.902677,6431260013.932499
EXC,bcc-csm1-1_rcp45_r1i1p1,FORE-SCE-A1B,6802092779.041165,36698154.14338718,6765394624.8977785
EXC,bcc-csm1-1_rcp45_r1i1p1,FORE-SCE-A2,5539945878.906057,0.0,5539945878.906057
EXC,bcc-csm1-1_rcp45_r1i1p1,FORE-SCE-B1,4608837557.170567,40907541.9083847,4567930015.262181
EXC,bcc-csm1-1_rcp45_r1i1p1,GCAM-26,14142642123.97775,0.0,14142642123.97775
EXC,bcc-csm1-1_rcp45_r1i1p1,GCAM-45,9477783868.89057,0.0,9477783868.89057
EXC,bcc-csm1-1_rcp45_r1i1p1,GCAM-ref,6954543529.784575,153862341.01028603,6800681188.774289
EXC,bcc-csm1-1_rcp45_r1i1p1,LUCAS-BAU_High-0001,3817341161.38625,75090774.82038574,3742250386.5658646
EXC,bcc-csm1-1_rcp45_r1i1p1,LUCAS-BAU_High-0002,4623505105.078384,722419358.3000989,3901085746.7782855
EXC,bcc-csm1-1_rcp60_r1i1p1,FORE-SCE-A1B,7906776312.3604555,2958115773.14514,4948660539.215316
EXC,bcc-csm1-1_rcp60_r1i1p1,FORE-SCE-A2,8960629303.25151,4925884689.12427,4034744614.1272407
EXC,bcc-csm1-1_rcp60_r1i1p1,FORE-SCE-B1,9131028160.089012,5856724696.418995,3274303463.670014
EXC,bcc-csm1-1_rcp60_r1i1p1,GCAM-26,10826142137.06194,139563138.05387563,10686578999.008064
EXC,bcc-csm1-1_rcp60_r1i1p1,GCAM-45,10066127338.617287,3035768171.597457,7030359167.019824
EXC,bcc-csm1-1_rcp60_r1i1p1,GCAM-ref,9097583592.25312,4010903069.5051093,5086680522.748009
EXC,bcc-csm1-1_rcp60_r1i1p1,LUCAS-BAU_High-0001,7928347385.307653,5324357711.15687,2603989674.1507845
EXC,bcc-csm1-1_rcp60_r1i1p1,LUCAS-BAU_High-0002,8291934194.909962,5569574674.737583,2722359520.1723785
EXC,bcc-csm1-1_rcp85_r1i1p1,FORE-SCE-A1B,38414565725.06252,30223932516.73485,8190633208.327666
EXC,bcc-csm1-1_rcp85_r1i1p1,FORE-SCE-A2,31676843192.98778,23921001113.2314,7755842079.756392
EXC,bcc-csm1-1_rcp85_r1i1p1,FORE-SCE-B1,33717834089.81134,27174783340.562286,6543050749.249065
EXC,bcc-csm1-1_rcp85_r1i1p1,GCAM-26,41183227276.62942,26601351317.217567,14581875959.411852
EXC,bcc-csm1-1_rcp85_r1i1p1,GCAM-45,39653073796.44353,29107197817.703655,10545875978.73987
EXC,bcc-csm1-1_rcp85_r1i1p1,GCAM-ref,38392231571.771286,30734841288.752724,7657390283.018574
EXC,bcc-csm1-1_rcp85_r1i1p1,LUCAS-BAU_High-0001,33107154096.55851,27727338156.29349,5379815940.265021
EXC,bcc-csm1-1_rcp85_r1i1p1,LUCAS-BAU_High-0002,31793206176.846046,26403858553.337234,5389347623.508818
EXC,canesm2_rcp26_r1i1p1,FORE-SCE-A1B,48334763537.66539,36545296990.277954,11789466547.387444
EXC,canesm2_rcp26_r1i1p1,FORE-SCE-A2,46716544282.216415,36040166527.6179,10676377754.598486
EXC,canesm2_rcp26_r1i1p1,FORE-SCE-B1,46413423963.62181,36957459574.34509,9455964389.276705
EXC,canesm2_rcp26_r1i1p1,GCAM-26,55000130699.71164,36496171698.56149,18503959001.150143
EXC,canesm2_rcp26_r1i1p1,GCAM-45,50229862140.39187,36044478871.05496,14185383269.336893
EXC,canesm2_rcp26_r1i1p1,GCAM-ref,47880379757.70959,36428425919.30863,11451953838.400951
EXC,canesm2_rcp26_r1i1p1,LUCAS-BAU_High-0001,45249568697.69579,36980111131.20953,8269457566.486243
EXC,canesm2_rcp26_r1i1p1,LUCAS-BAU_High-0002,45394637631.56848,37068138205.92924,8326499425.63928
EXC,canesm2_rcp45_r1i1p1,FORE-SCE-A1B,8782064391.612568,3104796719.92815,5677267671.684417
EXC,canesm2_rcp45_r1i1p1,FORE-SCE-A2,7857903845.923168,2926156663.4832835,4931747182.439884
EXC,canesm2_rcp45_r1i1p1,FORE-SCE-B1,7421151751.054256,3285508686.5916786,4135643064.462577
EXC,canesm2_rcp45_r1i1p1,GCAM-26,14107789621.978401,3301525867.6174936,10806263754.360909
EXC,canesm2_rcp45_r1i1p1,GCAM-45,10863771068.834265,3255334226.499897,7608436842.334367
EXC,canesm2_rcp45_r1i1p1,GCAM-ref,9706687545.213665,4050530151.895251,5656157393.318414
EXC,canesm2_rcp45_r1i1p1,LUCAS-BAU_High-0001,6624897918.508075,3098938061.3153563,3525959857.1927176
EXC,canesm2_rcp45_r1i1p1,LUCAS-BAU_High-0002,7242425616.931429,3659849657.0257025,3582575959.905726
EXC,canesm2_rcp85_r1i1p1,FORE-SCE-A1B,94883160251.96402,83565031693.5481,11318128558.415922
EXC,canesm2_rcp85_r1i1p1,FORE-SCE-A2,93033438123.67615,82532548876.18823,10500889247.487907
EXC,canesm2_rcp85_r1i1p1,FORE-SCE-B1,92069563768.46077,82419375576.7388,9650188191.721972
EXC,canesm2_rcp85_r1i1p1,GCAM-26,93783722651.35083,75484390758.45607,18299331892.894756
EXC,canesm2_rcp85_r1i1p1,GCAM-45,96734830607.14665,82887603743.42215,13847226863.724508
EXC,canesm2_rcp85_r1i1p1,GCAM-ref,94703633017.43819,83330841021.04118,11372791996.397015
EXC,canesm2_rcp85_r1i1p1,LUCAS-BAU_High-0001,90982850863.20854,82533635288.78647,8449215574.42208
EXC,canesm2_rcp85_r1i1p1,LUCAS-BAU_High-0002,93687963613.67294,84992684428.30695,8695279185.366013
EXC,ccsm4_rcp26_r1i1p1,FORE-SCE-A1B,9961159081.693533,3409372610.5407033,6551786471.152829
EXC,ccsm4_rcp26_r1i1p1,FORE-SCE-A2,9320689405.482855,3694446026.47608,5626243379.006775
EXC,ccsm4_rcp26_r1i1p1,FORE-SCE-B1,8305303660.340311,3598684616.2849417,4706619044.05537
EXC,ccsm4_rcp26_r1i1p1,GCAM-26,15912636605.00457,3766266170.833702,12146370434.170864
EXC,ccsm4_rcp26_r1i1p1,GCAM-45,12192535893.06504,3685185432.123548,8507350460.94149
EXC,ccsm4_rcp26_r1i1p1,GCAM-ref,9778271666.765205,3451229897.1841817,6327041769.5810175
EXC,ccsm4_rcp26_r1i1p1,LUCAS-BAU_High-0001,7251579827.745953,3306764616.890337,3944815210.855619
EXC,ccsm4_rcp26_r1i1p1,LUCAS-BAU_High-0002,7149305550.541318,3217265440.316129,3932040110.225191
EXC,ccsm4_rcp45_r1i1p1,FORE-SCE-A1B,6783274969.431201,922746116.9800279,5860528852.451173
EXC,ccsm4_rcp45_r1i1p1,FORE-SCE-A2,4985236106.605898,211391999.9999962,4773844106.605902
EXC,ccsm4_rcp45_r1i1p1,FORE-SCE-B1,4690131883.676288,347036322.6669353,4343095561.009353
EXC,ccsm4_rcp45_r1i1p1,GCAM-26,13789211556.264725,2336425049.684012,11452786506.580713
EXC,ccsm4_rcp45_r1i1p1,GCAM-45,9724294235.763536,1745958104.5742626,7978336131.189276
EXC,ccsm4_rcp45_r1i1p1,GCAM-ref,7966732067.651891,1797747905.9307184,6168984161.721172
EXC,ccsm4_rcp45_r1i1p1,LUCAS-BAU_High-0001,3785096766.768616,186823272.96700948,3598273493.8016067
EXC,ccsm4_rcp45_r1i1p1,LUCAS-BAU_High-0002,4125125783.465795,366293721.9633275,3758832061.502467
EXC,ccsm4_rcp60_r1i1p1,FORE-SCE-A1B,13098337207.419212,9239281687.409847,3859055520.0093656
EXC,ccsm4_rcp60_r1i1p1,FORE-SCE-A2,12606132154.56044,9569403937.649845,3036728216.910602
EXC,ccsm4_rcp60_r1i1p1,FORE-SCE-B1,12575308129.60798,9958494569.633434,2616813559.974545
EXC,ccsm4_rcp60_r1i1p1,GCAM-26,14926140413.532372,6629981376.678888,8296159036.853478
EXC,ccsm4_rcp60_r1i1p1,GCAM-45,13426675771.74781,7933491981.103173,5493183790.644638
EXC,ccsm4_rcp60_r1i1p1,GCAM-ref,13445275903.970367,9305978524.60328,4139297379.367086
EXC,ccsm4_rcp60_r1i1p1,LUCAS-BAU_High-0001,13804222191.715252,11569831254.971016,2234390936.744237
EXC,ccsm4_rcp60_r1i1p1,LUCAS-BAU_High-0002,13673466851.233366,11342706939.312748,2330759911.9206195
EXC,ccsm4_rcp85_r1i1p1,FORE-SCE-A1B,30154978851.019833,23119245264.07743,7035733586.942402
EXC,ccsm4_rcp85_r1i1p1,FORE-SCE-A2,28207997762.907726,22411166060.58558,5796831702.32215
EXC,ccsm4_rcp85_r1i1p1,FORE-SCE-B1,28425328100.995876,23380184558.677032,5045143542.318844
EXC,ccsm4_rcp85_r1i1p1,GCAM-26,34207680516.467236,20980610734.675987,13227069781.791248
EXC,ccsm4_rcp85_r1i1p1,GCAM-45,31591531743.19055,22354633284.23843,9236898458.952116
EXC,ccsm4_rcp85_r1i1p1,GCAM-ref,31008820231.316463,24003780701.120346,7005039530.19612
EXC,ccsm4_rcp85_r1i1p1,LUCAS-BAU_High-0001,29429094791.120415,25254835251.512962,4174259539.607452
EXC,ccsm4_rcp85_r1i1p1,LUCAS-BAU_High-0002,28947920329.001297,24632042213.015633,4315878115.985663
EXC,cesm1-bgc_rcp45_r1i1p1,FORE-SCE-A1B,17718308036.261776,11639035713.389679,6079272322.872097
EXC,cesm1-bgc_rcp45_r1i1p1,FORE-SCE-A2,17520588047.415516,12167291777.724249,5353296269.691265
EXC,cesm1-bgc_rcp45_r1i1p1,FORE-SCE-B1,16543377099.353043,11994884248.241909,4548492851.111134
EXC,cesm1-bgc_rcp45_r1i1p1,GCAM-26,21470360361.651844,10104240355.487368,11366120006.164465
EXC,cesm1-bgc_rcp45_r1i1p1,GCAM-45,19478537211.213192,11424256539.919636,8054280671.293553
EXC,cesm1-bgc_rcp45_r1i1p1,GCAM-ref,18023689653.83251,12031945094.127369,5991744559.705141
EXC,cesm1-bgc_rcp45_r1i1p1,LUCAS-BAU_High-0001,17142068215.54288,13349638338.467743,3792429877.0751343
EXC,cesm1-bgc_rcp45_r1i1p1,LUCAS-BAU_High-0002,16908707003.303167,13039318408.65165,3869388594.6515183
EXC,cesm1-bgc_rcp85_r1i1p1,FORE-SCE-A1B,20627669285.729717,17610186744.653404,3017482541.0763087
EXC,cesm1-bgc_rcp85_r1i1p1,FORE-SCE-A2,19305934330.219975,16846820824.860392,2459113505.3595867
EXC,cesm1-bgc_rcp85_r1i1p1,FORE-SCE-B1,19107170067.45826,17061544720.488243,2045625346.9700186
EXC,cesm1-bgc_rcp85_r1i1p1,GCAM-26,32412854867.52532,26198462202.379368,6214392665.145955
EXC,cesm1-bgc_rcp85_r1i1p1,GCAM-45,24986945620.592415,20827927488.842228,4159018131.7501836
EXC,cesm1-bgc_rcp85_r1i1p1,GCAM-ref,21180266195.445507,18145051634.923054,3035214560.522448
EXC,cesm1-bgc_rcp85_r1i1p1,LUCAS-BAU_High-0001,19214303728.32473,17586567365.07045,1627736363.2542846
EXC,cesm1-bgc_rcp85_r1i1p1,LUCAS-BAU_High-0002,18963065829.285797,17228544350.888474,1734521478.3973277
EXC,cesm1-cam5_rcp26_r1i1p1,FORE-SCE-A1B,26852167748.326347,18617956970.818253,8234210777.508082
EXC,cesm1-cam5_rcp26_r1i1p1,FORE-SCE-A2,25417724246.547558,18216840259.13958,7200883987.407981
EXC,cesm1-cam5_rcp26_r1i1p1,FORE-SCE-B1,25309862752.308846,18987001845.594265,6322860906.714592
EXC,cesm1-cam5_rcp26_r1i1p1,GCAM-26,32539100147.140324,19149508860.373756,13389591286.766567
EXC,cesm1-cam5_rcp26_r1i1p1,GCAM-45,28802176542.96516,18699039944.4673,10103136598.497866
EXC,cesm1-cam5_rcp26_r1i1p1,GCAM-ref,27177086067.7924,19159207748.82218,8017878318.970208
EXC,cesm1-cam5_rcp26_r1i1p1,LUCAS-BAU_High-0001,24394984720.389946,18728880330.656887,5666104389.733057
EXC,cesm1-cam5_rcp26_r1i1p1,LUCAS-BAU_High-0002,24886702007.060593,18978106484.379105,5908595522.681489
EXC,cesm1-cam5_rcp45_r1i1p1,FORE-SCE-A1B,13629516047.392265,3652063772.300809,9977452275.091457
EXC,cesm1-cam5_rcp45_r1i1p1,FORE-SCE-A2,10635215148.062899,2452770801.2050066,8182444346.857892
EXC,cesm1-cam5_rcp45_r1i1p1,FORE-SCE-B1,10178349922.926544,2836466528.5383472,7341883394.388196
EXC,cesm1-cam5_rcp45_r1i1p1,GCAM-26,18980747554.173798,1973520999.9999948,17007226554.173801
EXC,cesm1-cam5_rcp45_r1i1p1,GCAM-45,15673466816.150587,2977700113.9867077,12695766702.163877
EXC,cesm1-cam5_rcp45_r1i1p1,GCAM-ref,14253788182.236452,4135207314.352656,10118580867.883797
EXC,cesm1-cam5_rcp45_r1i1p1,LUCAS-BAU_High-0001,9042528816.95903,2493229679.199027,6549299137.760004
EXC,cesm1-cam5_rcp45_r1i1p1,LUCAS-BAU_High-0002,10130453080.441132,3397091436.922249,6733361643.518885
EXC,cesm1-cam5_rcp60_r1i1p1,FORE-SCE-A1B,13961606361.85226,2123435774.4233246,11838170587.428936
EXC,cesm1-cam5_rcp60_r1i1p1,FORE-SCE-A2,12369240264.30719,1927438180.4382153,10441802083.868975
EXC,cesm1-cam5_rcp60_r1i1p1,FORE-SCE-B1,11399596540.250769,1986947729.2113125,9412648811.039457
EXC,cesm1-cam5_rcp60_r1i1p1,GCAM-26,21515556681.48562,2326948680.8037844,19188608000.681828
EXC,cesm1-cam5_rcp60_r1i1p1,GCAM-45,16601483323.87371,2201006196.1608543,14400477127.712856
EXC,cesm1-cam5_rcp60_r1i1p1,GCAM-ref,13972599312.912418,2215302588.4692883,11757296724.443129
EXC,cesm1-cam5_rcp60_r1i1p1,LUCAS-BAU_High-0001,9792191964.79965,1807891860.635607,7984300104.164041
EXC,cesm1-cam5_rcp60_r1i1p1,LUCAS-BAU_High-0002,10110139953.38385,1701528840.3667247,8408611113.017124
EXC,cesm1-cam5_rcp85_r1i1p1,FORE-SCE-A1B,22653859306.574745,8848413686.093523,13805445620.48122
EXC,cesm1-cam5_rcp85_r1i1p1,FORE-SCE-A2,21283740925.157803,9256259011.134174,12027481914.023636
EXC,cesm1-cam5_rcp85_r1i1p1,FORE-SCE-B1,20215929425.35846,9086895196.474535,11129034228.883917
EXC,cesm1-cam5_rcp85_r1i1p1,GCAM-26,31393829150.44899,9001526588.192654,22392302562.256336
EXC,cesm1-cam5_rcp85_r1i1p1,GCAM-45,26018747801.88744,9061173081.759691,16957574720.127754
EXC,cesm1-cam5_rcp85_r1i1p1,GCAM-ref,22243262673.09075,8465551335.73222,13777711337.358526
EXC,cesm1-cam5_rcp85_r1i1p1,LUCAS-BAU_High-0001,18827274281.0713,9474252286.215889,9353021994.855413
EXC,cesm1-cam5_rcp85_r1i1p1,LUCAS-BAU_High-0002,19014511965.97036,9356109088.829733,9658402877.140627
EXC,cmcc-cm_rcp45_r1i1p1,FORE-SCE-A1B,9368520122.920414,2127165677.1072733,7241354445.813146
EXC,cmcc-cm_rcp45_r1i1p1,FORE-SCE-A2,7915042955.189231,2042054373.4294581,5872988581.759773
EXC,cmcc-cm_rcp45_r1i1p1,FORE-SCE-B1,7285611062.961617,2396194200.230576,4889416862.731044
EXC,cmcc-cm_rcp45_r1i1p1,GCAM-26,17277960756.01915,1940767344.1911702,15337193411.827984
EXC,cmcc-cm_rcp45_r1i1p1,GCAM-45,12216828421.054117,1911307842.208741,10305520578.845377
EXC,cmcc-cm_rcp45_r1i1p1,GCAM-ref,9539844581.794521,2426084847.5602098,7113759734.234309
EXC,cmcc-cm_rcp45_r1i1p1,LUCAS-BAU_High-0001,6231964844.567174,2472183785.3818336,3759781059.18534
EXC,cmcc-cm_rcp45_r1i1p1,LUCAS-BAU_High-0002,5986018976.604972,2072092477.8134966,3913926498.791475
EXC,cmcc-cm_rcp85_r1i1p1,FORE-SCE-A1B,11881489337.62819,2441600273.045886,9439889064.5823
EXC,cmcc-cm_rcp85_r1i1p1,FORE-SCE-A2,12217002743.548143,3799984990.5816364,8417017752.966505
EXC,cmcc-cm_rcp85_r1i1p1,FORE-SCE-B1,9999995519.170012,3312251842.0677204,6687743677.102294
EXC,cmcc-cm_rcp85_r1i1p1,GCAM-26,19689759845.87879,1850748276.4415848,17839011569.437202
EXC,cmcc-cm_rcp85_r1i1p1,GCAM-45,15572378470.498486,2960855452.6814284,12611523017.817055
EXC,cmcc-cm_rcp85_r1i1p1,GCAM-ref,12189872703.036531,3316981384.1592965,8872891318.877234
EXC,cmcc-cm_rcp85_r1i1p1,LUCAS-BAU_High-0001,8530263717.643836,3296363991.3988137,5233899726.245022
EXC,cmcc-cm_rcp85_r1i1p1,LUCAS-BAU_High-0002,8788813268.932508,3396507096.7631106,5392306172.169399
EXC,cnrm-cm5_rcp45_r1i1p1,FORE-SCE-A1B,7842549002.519796,3236843003.2189517,4605705999.300845
EXC,cnrm-cm5_rcp45_r1i1p1,FORE-SCE-A2,6782028641.647861,2841098712.5319653,3940929929.115894
EXC,cnrm-cm5_rcp45_r1i1p1,FORE-SCE-B1,8233832316.493641,4864244736.592021,3369587579.9016247
EXC,cnrm-cm5_rcp45_r1i1p1,GCAM-26,11308327586.865631,2593525047.895118,8714802538.970514
EXC,cnrm-cm5_rcp45_r1i1p1,GCAM-45,9268068858.886517,3195361455.573018,6072707403.313497
EXC,cnrm-cm5_rcp45_r1i1p1,GCAM-ref,9736106656.465818,5015646553.958508,4720460102.507312
EXC,cnrm-cm5_rcp45_r1i1p1,LUCAS-BAU_High-0001,6583849209.030107,3730180461.5060854,2853668747.524021
EXC,cnrm-cm5_rcp45_r1i1p1,LUCAS-BAU_High-0002,6557764608.890805,3624781788.123412,2932982820.7673926
EXC,cnrm-cm5_rcp85_r1i1p1,FORE-SCE-A1B,40049801656.873886,27968340036.556408,12081461620.317457
EXC,cnrm-cm5_rcp85_r1i1p1,FORE-SCE-A2,38175094595.757324,27411727721.469063,10763366874.288258
EXC,cnrm-cm5_rcp85_r1i1p1,FORE-SCE-B1,37545142488.69038,27885484687.462833,9659657801.227533
EXC,cnrm-cm5_rcp85_r1i1p1,GCAM-26,47475190906.93611,28192004119.180267,19283186787.755844
EXC,cnrm-cm5_rcp85_r1i1p1,GCAM-45,42169756935.44648,27693122685.19413,14476634250.252342
EXC,cnrm-cm5_rcp85_r1i1p1,GCAM-ref,40208371908.580536,28452574578.045727,11755797330.53481
EXC,cnrm-cm5_rcp85_r1i1p1,LUCAS-BAU_High-0001,37784094677.55218,29553046851.610344,8231047825.941841
EXC,cnrm-cm5_rcp85_r1i1p1,LUCAS-BAU_High-0002,36415007030.66897,28162323356.26429,8252683674.404671
EXC,csiro-mk3-6-0_rcp26_r1i1p1,FORE-SCE-A1B,21278319780.382004,13260618415.29961,8017701365.082397
EXC,csiro-mk3-6-0_rcp26_r1i1p1,FORE-SCE-A2,20276241524.710197,13677151398.337912,6599090126.372288
EXC,csiro-mk3-6-0_rcp26_r1i1p1,FORE-SCE-B1,18989482021.01823,13176085972.952879,5813396048.065362
EXC,csiro-mk3-6-0_rcp26_r1i1p1,GCAM-26,26577042184.677326,11395544568.137138,15181497616.540201
EXC,csiro-mk3-6-0_rcp26_r1i1p1,GCAM-45,22658062204.16458,12074701615.2859,10583360588.878677
EXC,csiro-mk3-6-0_rcp26_r1i1p1,GCAM-ref,20960998640.094578,12849480709.096163,8111517930.998416
EXC,csiro-mk3-6-0_rcp26_r1i1p1,LUCAS-BAU_High-0001,18687166305.53339,13748946244.8759,4938220060.657483
EXC,csiro-mk3-6-0_rcp26_r1i1p1,LUCAS-BAU_High-0002,18854674276.441463,13752449973.072964,5102224303.368503
EXC,csiro-mk3-6-0_rcp45_r1i1p1,FORE-SCE-A1B,7192766763.914547,64521460.48420309,7128245303.430344
EXC,csiro-mk3-6-0_rcp45_r1i1p1,FORE-SCE-A2,5949058691.437452,296351817.62871814,5652706873.808735
EXC,csiro-mk3-6-0_rcp45_r1i1p1,FORE-SCE-B1,5352924362.920904,614919710.5469702,4738004652.373933
EXC,csiro-mk3-6-0_rcp45_r1i1p1,GCAM-26,14855626788.455154,0.0,14855626788.455154
EXC,csiro-mk3-6-0_rcp45_r1i1p1,GCAM-45,10192389664.825329,174632694.33943787,10017756970.48589
EXC,csiro-mk3-6-0_rcp45_r1i1p1,GCAM-ref,7385171892.664437,71994042.50692387,7313177850.157514
EXC,csiro-mk3-6-0_rcp45_r1i1p1,LUCAS-BAU_High-0001,4171890812.6860905,218912962.40364957,3952977850.282441
EXC,csiro-mk3-6-0_rcp45_r1i1p1,LUCAS-BAU_High-0002,4321271341.895569,213859113.90476397,4107412227.9908047
EXC,csiro-mk3-6-0_rcp60_r1i1p1,FORE-SCE-A1B,7342837206.899966,711689249.6887189,6631147957.211248
EXC,csiro-mk3-6-0_rcp60_r1i1p1,FORE-SCE-A2,6698133107.886194,1181527552.2508552,5516605555.63534
EXC,csiro-mk3-6-0_rcp60_r1i1p1,FORE-SCE-B1,6048231322.046109,1476807922.7684557,4571423399.277654
EXC,csiro-mk3-6-0_rcp60_r1i1p1,GCAM-26,14164369534.445414,747370693.8436689,13416998840.601744
EXC,csiro-mk3-6-0_rcp60_r1i1p1,GCAM-45,9960565193.172157,876438659.3061683,9084126533.86599
EXC,csiro-mk3-6-0_rcp60_r1i1p1,GCAM-ref,7436395626.946057,896211918.4082705,6540183708.537787
EXC,csiro-mk3-6-0_rcp60_r1i1p1,LUCAS-BAU_High-0001,4520972736.991284,820309224.6977429,3700663512.2935433
EXC,csiro-mk3-6-0_rcp60_r1i1p1,LUCAS-BAU_High-0002,4471804458.255176,590774783.7929037,3881029674.4622717
EXC,csiro-mk3-6-0_rcp85_r1i1p1,FORE-SCE-A1B,30743427411.82114,22250075088.895844,8493352322.9252825
EXC,csiro-mk3-6-0_rcp85_r1i1p1,FORE-SCE-A2,32140430694.82008,24489309791.696804,7651120903.1232605
EXC,csiro-mk3-6-0_rcp85_r1i1p1,FORE-SCE-B1,29225036290.298557,22827950467.625565,6397085822.673007
EXC,csiro-mk3-6-0_rcp85_r1i1p1,GCAM-26,34597041747.35044,19777075001.077682,14819966746.272755
EXC,csiro-mk3-6-0_rcp85_r1i1p1,GCAM-45,32110113417.78003,20958140378.338066,11151973039.441973
EXC,csiro-mk3-6-0_rcp85_r1i1p1,GCAM-ref,31259011562.486526,22508386257.926395,8750625304.560135
EXC,csiro-mk3-6-0_rcp85_r1i1p1,LUCAS-BAU_High-0001,31121722232.893703,25472067485.751255,5649654747.142452
EXC,csiro-mk3-6-0_rcp85_r1i1p1,LUCAS-BAU_High-0002,32793160977.845005,27010057189.740726,5783103788.1042795
EXC,fgoals-g2_rcp26_r1i1p1,FORE-SCE-A1B,4309421476.101066,851655864.9145893,3457765611.1864758
EXC,fgoals-g2_rcp26_r1i1p1,FORE-SCE-A2,3461348994.9167957,864799458.4615073,2596549536.4552884
EXC,fgoals-g2_rcp26_r1i1p1,FORE-SCE-B1,3482739498.7475677,1115230076.7022345,2367509422.045333
EXC,fgoals-g2_rcp26_r1i1p1,GCAM-26,8570241966.305165,542160993.5153606,8028080972.789805
EXC,fgoals-g2_rcp26_r1i1p1,GCAM-45,5887935619.035609,792433576.0155038,5095502043.020105
EXC,fgoals-g2_rcp26_r1i1p1,GCAM-ref,4185698443.566786,674165783.6057668,3511532659.961019
EXC,fgoals-g2_rcp26_r1i1p1,LUCAS-BAU_High-0001,2755541427.3806,960078429.7568276,1795462997.6237712
EXC,fgoals-g2_rcp26_r1i1p1,LUCAS-BAU_High-0002,3050620847.470662,1110060673.0900936,1940560174.380568
FOL,access1-0_rcp45_r1i1p1,FORE-SCE-A1B,43283602283.29332,3596345000.000001,39687257283.29332
FOL,access1-0_rcp45_r1i1p1,FORE-SCE-A2,36067531453.97534,3596345000.000004,32471186453.97535
FOL,access1-0_rcp45_r1i1p1,FORE-SCE-B1,30476001388.313877,3596345000.00001,26879656388.31386
FOL,access1-0_rcp45_r1i1p1,GCAM-26,87674926841.00845,3596345000.0000067,84078581841.00845
FOL,access1-0_rcp45_r1i1p1,GCAM-45,59492785083.95094,3596345000.000004,55896440083.95094
FOL,access1-0_rcp45_r1i1p1,GCAM-ref,43180656514.74144,3596345000.00001,39584311514.741425
FOL,access1-0_rcp45_r1i1p1,LUCAS-BAU_High-0001,24548295164.029503,3596344999.999995,20951950164.029503
FOL,access1-0_rcp45_r1i1p1,LUCAS-BAU_High-0002,25389196208.273464,3596345000.00001,21792851208.273453
FOL,access1-0_rcp85_r1i1p1,FORE-SCE-A1B,59454637252.97081,0.0,59454637252.97081
FOL,access1-0_rcp85_r1i1p1,FORE-SCE-A2,49159523900.37019,0.0,49159523900.37019
FOL,access1-0_rcp85_r1i1p1,FORE-SCE-B1,41572164528.08634,0.0,41572164528.08634
FOL,access1-0_rcp85_r1i1p1,GCAM-26,120436392283.71883,0.0,120436392283.71883
FOL,access1-0_rcp85_r1i1p1,GCAM-45,82188029655.1319,0.0,82188029655.1319
FOL,access1-0_rcp85_r1i1p1,GCAM-ref,59798975829.47702,0.0,59798975829.47702
FOL,access1-0_rcp85_r1i1p1,LUCAS-BAU_High-0001,32723557017.49169,0.0,32723557017.49169
FOL,access1-0_rcp85_r1i1p1,LUCAS-BAU_High-0002,34050368703.746777,0.0,34050368703.746777
FOL,bcc-csm1-1-m_rcp45_r1i1p1,FORE-SCE-A1B,51355423467.82187,369847577.1062804,50985575890.71559
FOL,bcc-csm1-1-m_rcp45_r1i1p1,FORE-SCE-A2,42563612714.44945,261444685.2378751,42302168029.21158
FOL,bcc-csm1-1-m_rcp45_r1i1p1,FORE-SCE-B1,37333792317.70781,507570834.2412341,36826221483.46658
FOL,bcc-csm1-1-m_rcp45_r1i1p1,GCAM-26,99517509237.8082,167113130.34938067,99350396107.45882
FOL,bcc-csm1-1-m_rcp45_r1i1p1,GCAM-45,68931570163.82814,323461736.0393255,68608108427.788826
FOL,bcc-csm1-1-m_rcp45_r1i1p1,GCAM-ref,51212074761.49888,6510733.686896856,51205564027.81198
FOL,bcc-csm1-1-m_rcp45_r1i1p1,LUCAS-BAU_High-0001,29586692638.877357,11569132.397543581,29575123506.479813
FOL,bcc-csm1-1-m_rcp45_r1i1p1,LUCAS-BAU_High-0002,30982494014.877197,227616774.5314393,30754877240.34576
FOL,bcc-csm1-1-m_rcp85_r1i1p1,FORE-SCE-A1B,70022071520.78479,10791107986.416014,59230963534.368774
FOL,bcc-csm1-1-m_rcp85_r1i1p1,FORE-SCE-A2,61830457267.147835,10502853666.28009,51327603600.867744
FOL,bcc-csm1-1-m_rcp85_r1i1p1,FORE-SCE-B1,54201107851.72684,10904006491.257143,43297101360.46969
FOL,bcc-csm1-1-m_rcp85_r1i1p1,GCAM-26,124841440658.17146,13317045542.405613,111524395115.76582
FOL,bcc-csm1-1-m_rcp85_r1i1p1,GCAM-45,90256986336.74608,10599547799.25059,79657438537.49548
FOL,bcc-csm1-1-m_rcp85_r1i1p1,GCAM-ref,69226799298.88823,11363844997.256088,57862954301.63213
FOL,bcc-csm1-1-m_rcp85_r1i1p1,LUCAS-BAU_High-0001,42862866128.10019,8255615190.538564,34607250937.56163
FOL,bcc-csm1-1-m_rcp85_r1i1p1,LUCAS-BAU_High-0002,43447852726.087456,7797257172.001835,35650595554.08562
FOL,bcc-csm1-1_rcp26_r1i1p1,FORE-SCE-A1B,79185130182.6431,5250824000.000013,73934306182.6431
FOL,bcc-csm1-1_rcp26_r1i1p1,FORE-SCE-A2,67461228059.47975,5250824000.000002,62210404059.47977
FOL,bcc-csm1-1_rcp26_r1i1p1,FORE-SCE-B1,59021731563.748245,5250824000.000005,53770907563.74822
FOL,bcc-csm1-1_rcp26_r1i1p1,GCAM-26,140859373743.3153,5250824000.000011,135608549743.31528
FOL,bcc-csm1-1_rcp26_r1i1p1,GCAM-45,103079466041.44403,5250824000.000006,97828642041.44402
FOL,bcc-csm1-1_rcp26_r1i1p1,GCAM-ref,79515966304.60225,5250823999.99999,74265142304.60225
FOL,bcc-csm1-1_rcp26_r1i1p1,LUCAS-BAU_High-0001,50283513086.96663,5250824000.000008,45032689086.96661
FOL,bcc-csm1-1_rcp26_r1i1p1,LUCAS-BAU_High-0002,51859732498.15671,5250824000.000005,46608908498.1567
FOL,bcc-csm1-1_rcp45_r1i1p1,FORE-SCE-A1B,66818588693.69069,5957972075.8635435,60860616617.82715
FOL,bcc-csm1-1_rcp45_r1i1p1,FORE-SCE-A2,57834081793.53423,5787499535.298385,52046582258.23585
FOL,bcc-csm1-1_rcp45_r1i1p1,FORE-SCE-B1,49723657161.193565,5741868442.163159,43981788719.0304
FOL,bcc-csm1-1_rcp45_r1i1p1,GCAM-26,122275361002.36453,6284606476.74677,115990754525.61775
FOL,bcc-csm1-1_rcp45_r1i1p1,GCAM-45,87496902711.98726,5702142955.231096,81794759756.75615
FOL,bcc-csm1-1_rcp45_r1i1p1,GCAM-ref,66137504994.28821,5885216009.436126,60252288984.85208
FOL,bcc-csm1-1_rcp45_r1i1p1,LUCAS-BAU_High-0001,41778208489.1408,5861755254.803877,35916453234.33693
FOL,bcc-csm1-1_rcp45_r1i1p1,LUCAS-BAU_High-0002,43256147078.453896,6064901158.095541,37191245920.35836
FOL,bcc-csm1-1_rcp60_r1i1p1,FORE-SCE-A1B,54104770210.609886,2886166570.9368825,51218603639.67301
FOL,bcc-csm1-1_rcp60_r1i1p1,FORE-SCE-A2,47657313988.99431,4543916846.189604,43113397142.804695
FOL,bcc-csm1-1_rcp60_r1i1p1,FORE-SCE-B1,41272547675.43134,4701262170.226508,36571285505.20483
FOL,bcc-csm1-1_rcp60_r1i1p1,GCAM-26,102329234650.07089,1596252999.999997,100732981650.07089
FOL,bcc-csm1-1_rcp60_r1i1p1,GCAM-45,71010354267.54848,1596253000.0000057,69414101267.54846
FOL,bcc-csm1-1_rcp60_r1i1p1,GCAM-ref,53719756404.80008,2456558576.1193037,51263197828.680786
FOL,bcc-csm1-1_rcp60_r1i1p1,LUCAS-BAU_High-0001,35202323223.012375,5205639210.644082,29996684012.368294
FOL,bcc-csm1-1_rcp60_r1i1p1,LUCAS-BAU_High-0002,35894461374.88223,4991965868.621605,30902495506.260624
FOL,bcc-csm1-1_rcp85_r1i1p1,FORE-SCE-A1B,134965423768.56544,54571536484.64114,80393887283.92426
FOL,bcc-csm1-1_rcp85_r1i1p1,FORE-SCE-A2,127195268887.80815,53856456901.18734,73338811986.62079
FOL,bcc-csm1-1_rcp85_r1i1p1,FORE-SCE-B1,116277750564.61278,54045513518.0671,62232237046.54569
FOL,bcc-csm1-1_rcp85_r1i1p1,GCAM-26,195344773116.70068,54480256048.22604,140864517068.47473
FOL,bcc-csm1-1_rcp85_r1i1p1,GCAM-45,157230118177.6917,54135181764.033325,103094936413.65833
FOL,bcc-csm1-1_rcp85_r1i1p1,GCAM-ref,132794709737.66469,54546791074.17839,78247918663.48631
FOL,bcc-csm1-1_rcp85_r1i1p1,LUCAS-BAU_High-0001,105840737717.69258,53776984568.935905,52063753148.756645
FOL,bcc-csm1-1_rcp85_r1i1p1,LUCAS-BAU_High-0002,107828283649.82253,53786160619.55403,54042123030.26844
FOL,canesm2_rcp26_r1i1p1,FORE-SCE-A1B,87004395155.4074,26926191803.202904,60078203352.20445
FOL,canesm2_rcp26_r1i1p1,FORE-SCE-A2,78452593854.21454,27033520092.308468,51419073761.90601
FOL,canesm2_rcp26_r1i1p1,FORE-SCE-B1,72472503269.68112,27611268749.741077,44861234519.94007
FOL,canesm2_rcp26_r1i1p1,GCAM-26,140150740447.86826,27260969041.542828,112889771406.32541
FOL,canesm2_rcp26_r1i1p1,GCAM-45,108427878971.34499,28134960110.544525,80292918860.80043
FOL,canesm2_rcp26_r1i1p1,GCAM-ref,87368322820.02853,26926445388.313515,60441877431.71502
FOL,canesm2_rcp26_r1i1p1,LUCAS-BAU_High-0001,65272448758.997505,28390760083.38609,36881688675.61141
FOL,canesm2_rcp26_r1i1p1,LUCAS-BAU_High-0002,65373551301.28669,27085889003.309074,38287662297.977615
FOL,canesm2_rcp45_r1i1p1,FORE-SCE-A1B,101228116819.38719,45983245680.22955,55244871139.157616
FOL,canesm2_rcp45_r1i1p1,FORE-SCE-A2,87936175314.03809,40741223995.52764,47194951318.51049
FOL,canesm2_rcp45_r1i1p1,FORE-SCE-B1,78431967384.72998,37696792388.3015,40735174996.42847
FOL,canesm2_rcp45_r1i1p1,GCAM-26,154210084752.17798,51048665945.21312,103161418806.96484
FOL,canesm2_rcp45_r1i1p1,GCAM-45,124381713585.6492,51614561983.33806,72767151602.31116
FOL,canesm2_rcp45_r1i1p1,GCAM-ref,100901154507.26453,46396724872.35764,54504429634.90688
FOL,canesm2_rcp45_r1i1p1,LUCAS-BAU_High-0001,66706383507.59257,32088208657.179268,34618174850.413284
FOL,canesm2_rcp45_r1i1p1,LUCAS-BAU_High-0002,67327942251.94271,31759618761.006676,35568323490.936066
FOL,canesm2_rcp85_r1i1p1,FORE-SCE-A1B,316487684152.77747,231133350990.09213,85354333162.68544
FOL,canesm2_rcp85_r1i1p1,FORE-SCE-A2,306577610048.3461,231093613862.54846,75483996185.79758
FOL,canesm2_rcp85_r1i1p1,FORE-SCE-B1,297434612395.57983,232000623673.58618,65433988721.99352
FOL,canesm2_rcp85_r1i1p1,GCAM-26,378384375672.5735,229616635930.4427,148767739742.13068
FOL,canesm2_rcp85_r1i1p1,GCAM-45,339921017287.5376,230358961951.039,109562055336.4985
FOL,canesm2_rcp85_r1i1p1,GCAM-ref,309905254902.3657,225175749827.63416,84729505074.73155
FOL,canesm2_rcp85_r1i1p1,LUCAS-BAU_High-0001,286678000108.87726,231253712277.80823,55424287831.069016
FOL,canesm2_rcp85_r1i1p1,LUCAS-BAU_High-0002,287641462587.118,230992328822.4933,56649133764.62468
FOL,ccsm4_rcp26_r1i1p1,FORE-SCE-A1B,58959427329.78483,16684647436.775995,42274779893.00882
FOL,ccsm4_rcp26_r1i1p1,FORE-SCE-A2,52281245542.45048,16603428391.13613,35677817151.314354
FOL,ccsm4_rcp26_r1i1p1,FORE-SCE-B1,46823605112.52199,17037759631.819674,29785845480.7023
FOL,ccsm4_rcp26_r1i1p1,GCAM-26,102541532681.0905,17541238780.826317,85000293900.26416
FOL,ccsm4_rcp26_r1i1p1,GCAM-45,74948115788.83858,16423012017.983477,58525103770.85508
FOL,ccsm4_rcp26_r1i1p1,GCAM-ref,59021786658.19033,17467331227.151497,41554455431.03885
FOL,ccsm4_rcp26_r1i1p1,LUCAS-BAU_High-0001,39615552320.68297,15846665748.975132,23768886571.707844
FOL,ccsm4_rcp26_r1i1p1,LUCAS-BAU_High-0002,41405475983.75623,16801847942.838108,24603628040.918114
FOL,ccsm4_rcp45_r1i1p1,FORE-SCE-A1B,60009053503.97816,10764155972.105354,49244897531.8728
FOL,ccsm4_rcp45_r1i1p1,FORE-SCE-A2,50992877449.798645,10290386290.185484,40702491159.61317
FOL,ccsm4_rcp45_r1i1p1,FORE-SCE-B1,45922515750.86844,10609478021.625872,35313037729.24257
FOL,ccsm4_rcp45_r1i1p1,GCAM-26,106683376259.4939,10927883710.803024,95755492548.69087
FOL,ccsm4_rcp45_r1i1p1,GCAM-45,76717213979.45436,10055191287.231844,66662022692.22251
FOL,ccsm4_rcp45_r1i1p1,GCAM-ref,60578823297.96666,10716164879.565872,49862658418.40079
FOL,ccsm4_rcp45_r1i1p1,LUCAS-BAU_High-0001,40034430365.09946,10893513579.648405,29140916785.451054
FOL,ccsm4_rcp45_r1i1p1,LUCAS-BAU_High-0002,40795924904.620186,10552292412.686903,30243632491.93327
FOL,ccsm4_rcp60_r1i1p1,FORE-SCE-A1B,59576044201.979225,18431810111.423832,41144234090.55539
FOL,ccsm4_rcp60_r1i1p1,FORE-SCE-A2,58313722994.96648,24589236518.19742,33724486476.769054
FOL,ccsm4_rcp60_r1i1p1,FORE-SCE-B1,53204059249.71007,24841788683.238808,28362270566.471268
FOL,ccsm4_rcp60_r1i1p1,GCAM-26,102903997339.97018,18959020823.15569,83944976516.8145
FOL,ccsm4_rcp60_r1i1p1,GCAM-45,82616504555.89754,25273790996.09357,57342713559.80397
FOL,ccsm4_rcp60_r1i1p1,GCAM-ref,59651051750.791916,17621509546.235493,42029542204.55642
FOL,ccsm4_rcp60_r1i1p1,LUCAS-BAU_High-0001,40837103009.56927,18002884600.267223,22834218409.30206
FOL,ccsm4_rcp60_r1i1p1,LUCAS-BAU_High-0002,47334867002.41102,23658029798.228214,23676837204.182796
FOL,ccsm4_rcp85_r1i1p1,FORE-SCE-A1B,116500228124.51599,47286687492.660614,69213540631.85541
FOL,ccsm4_rcp85_r1i1p1,FORE-SCE-A2,106503100448.29027,47256180936.711975,59246919511.578316
FOL,ccsm4_rcp85_r1i1p1,FORE-SCE-B1,98282961172.12819,47292056179.25859,50990904992.86958
FOL,ccsm4_rcp85_r1i1p1,GCAM-26,176750054398.84445,48919270199.64471,127830784199.19978
FOL,ccsm4_rcp85_r1i1p1,GCAM-45,138628682567.31482,47302994707.963264,91325687859.35156
FOL,ccsm4_rcp85_r1i1p1,GCAM-ref,116117376686.31644,47318552798.73077,68798823887.5857
FOL,ccsm4_rcp85_r1i1p1,LUCAS-BAU_High-0001,89180205190.86722,47292186939.1348,41888018251.73243
FOL,ccsm4_rcp85_r1i1p1,LUCAS-BAU_High-0002,90602159680.92017,47178000496.86624,43424159184.05392
FOL,cesm1-bgc_rcp45_r1i1p1,FORE-SCE-A1B,78055769475.8149,24523387610.082413,53532381865.73247
FOL,cesm1-bgc_rcp45_r1i1p1,FORE-SCE-A2,67063538503.95501,22042233116.00595,45021305387.94906
FOL,cesm1-bgc_rcp45_r1i1p1,FORE-SCE-B1,59394217148.11234,20813743141.991383,38580474006.120964
FOL,cesm1-bgc_rcp45_r1i1p1,GCAM-26,128700057989.56693,26360607562.7442,102339450426.82272
FOL,cesm1-bgc_rcp45_r1i1p1,GCAM-45,98670925786.2759,26069441868.267212,72601483918.00868
FOL,cesm1-bgc_rcp45_r1i1p1,GCAM-ref,77231452420.16106,22812604098.83165,54418848321.32941
FOL,cesm1-bgc_rcp45_r1i1p1,LUCAS-BAU_High-0001,53028230986.18453,21057318079.799614,31970912906.384926
FOL,cesm1-bgc_rcp45_r1i1p1,LUCAS-BAU_High-0002,55024600387.64973,22141948188.581112,32882652199.068607
FOL,cesm1-bgc_rcp85_r1i1p1,FORE-SCE-A1B,104404783209.28687,57952886986.58156,46451896222.70531
FOL,cesm1-bgc_rcp85_r1i1p1,FORE-SCE-A2,90922471997.23691,52361396113.72115,38561075883.51576
FOL,cesm1-bgc_rcp85_r1i1p1,FORE-SCE-B1,84515728950.06273,51163091931.52756,33352637018.535168
FOL,cesm1-bgc_rcp85_r1i1p1,GCAM-26,153603393274.73154,60185144057.99553,93418249216.73601
FOL,cesm1-bgc_rcp85_r1i1p1,GCAM-45,122075982815.14868,57770673000.3183,64305309814.83037
FOL,cesm1-bgc_rcp85_r1i1p1,GCAM-ref,102088766987.65129,54763441519.32402,47325325468.327255
FOL,cesm1-bgc_rcp85_r1i1p1,LUCAS-BAU_High-0001,82951493295.2557,56574805959.522354,26376687335.73336
FOL,cesm1-bgc_rcp85_r1i1p1,LUCAS-BAU_High-0002,79003463036.60504,51946969796.11748,27056493240.487564
FOL,cesm1-cam5_rcp26_r1i1p1,FORE-SCE-A1B,70799970020.55942,26986909611.994812,43813060408.56462
FOL,cesm1-cam5_rcp26_r1i1p1,FORE-SCE-A2,64455396183.33612,27637078881.484375,36818317301.85173
FOL,cesm1-cam5_rcp26_r1i1p1,FORE-SCE-B1,58580434980.233505,27644112851.447617,30936322128.785885
FOL,cesm1-cam5_rcp26_r1i1p1,GCAM-26,113035864557.23703,27783960486.997375,85251904070.23965
FOL,cesm1-cam5_rcp26_r1i1p1,GCAM-45,87422579092.04317,27867639450.108997,59554939641.93415
FOL,cesm1-cam5_rcp26_r1i1p1,GCAM-ref,70379755671.41795,27737379274.164627,42642376397.25333
FOL,cesm1-cam5_rcp26_r1i1p1,LUCAS-BAU_High-0001,52837022790.276764,27660515321.172546,25176507469.104225
FOL,cesm1-cam5_rcp26_r1i1p1,LUCAS-BAU_High-0002,53894041974.36934,27680016337.115948,26214025637.25338
FOL,cesm1-cam5_rcp45_r1i1p1,FORE-SCE-A1B,72290089674.4037,11023730594.65769,61266359079.746025
FOL,cesm1-cam5_rcp45_r1i1p1,FORE-SCE-A2,63077975951.01311,11823634234.488472,51254341716.524635
FOL,cesm1-cam5_rcp45_r1i1p1,FORE-SCE-B1,55941730942.59135,11058627243.324697,44883103699.26664
FOL,cesm1-cam5_rcp45_r1i1p1,GCAM-26,124866810237.49269,11392826024.910831,113473984212.58183
FOL,cesm1-cam5_rcp45_r1i1p1,GCAM-45,91200421978.5326,9985960863.667088,81214461114.8655
FOL,cesm1-cam5_rcp45_r1i1p1,GCAM-ref,72349844579.49117,10517067361.665585,61832777217.82558
FOL,cesm1-cam5_rcp45_r1i1p1,LUCAS-BAU_High-0001,48507779148.582375,11490307370.734293,37017471777.84808
FOL,cesm1-cam5_rcp45_r1i1p1,LUCAS-BAU_High-0002,49834059099.25229,11616796628.988003,38217262470.26429
FOL,cesm1-cam5_rcp60_r1i1p1,FORE-SCE-A1B,55947086998.19155,1537902999.999994,54409183998.19157
FOL,cesm1-cam5_rcp60_r1i1p1,FORE-SCE-A2,46594990730.06006,1537902999.999994,45057087730.06006
FOL,cesm1-cam5_rcp60_r1i1p1,FORE-SCE-B1,40726413477.56176,961665944.972646,39764747532.58912
FOL,cesm1-cam5_rcp60_r1i1p1,GCAM-26,106084240916.41472,1537903000.0000114,104546337916.4147
FOL,cesm1-cam5_rcp60_r1i1p1,GCAM-45,75240355036.66867,1537903000.0000029,73702452036.66867
FOL,cesm1-cam5_rcp60_r1i1p1,GCAM-ref,56843522186.49688,1537902999.999997,55305619186.49689
FOL,cesm1-cam5_rcp60_r1i1p1,LUCAS-BAU_High-0001,33672409669.188362,1081036846.7496853,32591372822.438675
FOL,cesm1-cam5_rcp60_r1i1p1,LUCAS-BAU_High-0002,35901755330.83347,2248830677.2210402,33652924653.612427
FOL,cesm1-cam5_rcp85_r1i1p1,FORE-SCE-A1B,114029247979.2874,29272944690.794483,84756303288.49294
FOL,cesm1-cam5_rcp85_r1i1p1,FORE-SCE-A2,104589412323.6185,31035734914.80494,73553677408.81357
FOL,cesm1-cam5_rcp85_r1i1p1,FORE-SCE-B1,95926078822.12595,31637620802.798035,64288458019.32791
FOL,cesm1-cam5_rcp85_r1i1p1,GCAM-26,177594506781.6791,31516920927.25219,146077585854.427
FOL,cesm1-cam5_rcp85_r1i1p1,GCAM-45,138951808990.34634,31535318184.16935,107416490806.17696
FOL,cesm1-cam5_rcp85_r1i1p1,GCAM-ref,114871113020.10738,31563473486.22741,83307639533.87996
FOL,cesm1-cam5_rcp85_r1i1p1,LUCAS-BAU_High-0001,84817877970.13245,31647588965.536987,53170289004.59541
FOL,cesm1-cam5_rcp85_r1i1p1,LUCAS-BAU_High-0002,85409260969.78595,30506712289.113,54902548680.672966
FOL,cmcc-cm_rcp45_r1i1p1,FORE-SCE-A1B,66182448383.23379,13221801449.57119,52960646933.66258
FOL,cmcc-cm_rcp45_r1i1p1,FORE-SCE-A2,58090867484.49568,14210149757.845089,43880717726.65059
FOL,cmcc-cm_rcp45_r1i1p1,FORE-SCE-B1,53842105365.22238,14331118735.621874,39510986629.600494
FOL,cmcc-cm_rcp45_r1i1p1,GCAM-26,113683419110.08264,12033903420.751152,101649515689.33145
FOL,cmcc-cm_rcp45_r1i1p1,GCAM-45,84104358257.97906,13145842279.576813,70958515978.40228
FOL,cmcc-cm_rcp45_r1i1p1,GCAM-ref,65823983979.34391,13809715797.878414,52014268181.46549
FOL,cmcc-cm_rcp45_r1i1p1,LUCAS-BAU_High-0001,46259399416.62527,14726662611.06711,31532736805.55816
FOL,cmcc-cm_rcp45_r1i1p1,LUCAS-BAU_High-0002,46483607402.68165,14175708771.111712,32307898631.56993
FOL,cmcc-cm_rcp85_r1i1p1,FORE-SCE-A1B,76323291698.33405,5247285999.999999,71076005698.33406
FOL,cmcc-cm_rcp85_r1i1p1,FORE-SCE-A2,66768187180.21888,5247285999.999999,61520901180.21888
FOL,cmcc-cm_rcp85_r1i1p1,FORE-SCE-B1,57549778818.48387,5247285999.999995,52302492818.48389
FOL,cmcc-cm_rcp85_r1i1p1,GCAM-26,135985086402.69386,5247285999.999999,130737800402.69386
FOL,cmcc-cm_rcp85_r1i1p1,GCAM-45,99690900984.82951,5247285999.999999,94443614984.82951
FOL,cmcc-cm_rcp85_r1i1p1,GCAM-ref,75618019281.09499,5247285999.999992,70370733281.095
FOL,cmcc-cm_rcp85_r1i1p1,LUCAS-BAU_High-0001,47908851412.56788,5247285999.999999,42661565412.56788
FOL,cmcc-cm_rcp85_r1i1p1,LUCAS-BAU_High-0002,49259541169.968506,5247285999.999992,44012255169.96852
FOL,cnrm-cm5_rcp45_r1i1p1,FORE-SCE-A1B,96018971003.47989,38805454119.11767,57213516884.3622
FOL,cnrm-cm5_rcp45_r1i1p1,FORE-SCE-A2,91550230117.7875,43298612612.754005,48251617505.03346
FOL,cnrm-cm5_rcp45_r1i1p1,FORE-SCE-B1,84603623327.7897,42626958799.744354,41976664528.04534
FOL,cnrm-cm5_rcp45_r1i1p1,GCAM-26,145273273375.33746,37648229674.91627,107625043700.4212
FOL,cnrm-cm5_rcp45_r1i1p1,GCAM-45,115856964710.7687,39923451439.41659,75933513271.35211
FOL,cnrm-cm5_rcp45_r1i1p1,GCAM-ref,95484766543.7256,37987396407.1288,57497370136.5968
FOL,cnrm-cm5_rcp45_r1i1p1,LUCAS-BAU_High-0001,74266909993.99013,39865492377.44783,34401417616.54233
FOL,cnrm-cm5_rcp45_r1i1p1,LUCAS-BAU_High-0002,78404181577.73183,42695610044.01308,35708571533.71873
FOL,cnrm-cm5_rcp85_r1i1p1,FORE-SCE-A1B,168365370054.72403,93563456695.91687,74801913358.80716
FOL,cnrm-cm5_rcp85_r1i1p1,FORE-SCE-A2,157815823769.5854,93968794000.42773,63847029769.157616
FOL,cnrm-cm5_rcp85_r1i1p1,FORE-SCE-B1,150127919989.27835,94602685215.57578,55525234773.70254
FOL,cnrm-cm5_rcp85_r1i1p1,GCAM-26,229098107592.13348,93583755562.81213,135514352029.32135
FOL,cnrm-cm5_rcp85_r1i1p1,GCAM-45,191272033006.62787,94246238482.23508,97025794524.3928
FOL,cnrm-cm5_rcp85_r1i1p1,GCAM-ref,167514049030.26135,93476355429.09311,74037693601.1682
FOL,cnrm-cm5_rcp85_r1i1p1,LUCAS-BAU_High-0001,132515457445.04845,86857756584.42381,45657700860.62459
FOL,cnrm-cm5_rcp85_r1i1p1,LUCAS-BAU_High-0002,141363722369.24075,94226352618.49203,47137369750.748726
FOL,csiro-mk3-6-0_rcp26_r1i1p1,FORE-SCE-A1B,62493775322.24126,647915774.8547994,61845859547.38646
FOL,csiro-mk3-6-0_rcp26_r1i1p1,FORE-SCE-A2,52426595348.88569,267436599.59996295,52159158749.28573
FOL,csiro-mk3-6-0_rcp26_r1i1p1,FORE-SCE-B1,45817280054.66621,265393995.87321967,45551886058.792984
FOL,csiro-mk3-6-0_rcp26_r1i1p1,GCAM-26,115113829996.51398,1222663089.6406832,113891166906.87329
FOL,csiro-mk3-6-0_rcp26_r1i1p1,GCAM-45,82601551415.29694,816546440.0570054,81785004975.23993
FOL,csiro-mk3-6-0_rcp26_r1i1p1,GCAM-ref,63066007093.76296,236317029.95480445,62829690063.80816
FOL,csiro-mk3-6-0_rcp26_r1i1p1,LUCAS-BAU_High-0001,38923605326.54921,277509047.0209805,38646096279.52824
FOL,csiro-mk3-6-0_rcp26_r1i1p1,LUCAS-BAU_High-0002,40390889730.48315,263694543.59990194,40127195186.88325
FOL,csiro-mk3-6-0_rcp45_r1i1p1,FORE-SCE-A1B,67031234400.689445,2625463000.000018,64405771400.68943
FOL,csiro-mk3-6-0_rcp45_r1i1p1,FORE-SCE-A2,55565245177.59314,5405709.304494667,55559839468.28865
FOL,csiro-mk3-6-0_rcp45_r1i1p1,FORE-SCE-B1,49917835586.50799,0.0,49917835586.50799
FOL,csiro-mk3-6-0_rcp45_r1i1p1,GCAM-26,121747727176.8351,2625462999.9999857,119122264176.8351
FOL,csiro-mk3-6-0_rcp45_r1i1p1,GCAM-45,87155739710.53085,2625463000.0000033,84530276710.53085
FOL,csiro-mk3-6-0_rcp45_r1i1p1,GCAM-ref,66108867174.68404,2625462999.9999976,63483404174.68404
FOL,csiro-mk3-6-0_rcp45_r1i1p1,LUCAS-BAU_High-0001,41435808119.96501,6987608.307253686,41428820511.65775
FOL,csiro-mk3-6-0_rcp45_r1i1p1,LUCAS-BAU_High-0002,42922486612.26164,0.0,42922486612.26164
FOL,csiro-mk3-6-0_rcp60_r1i1p1,FORE-SCE-A1B,82146922385.82224,23925876374.46884,58221046011.35342
FOL,csiro-mk3-6-0_rcp60_r1i1p1,FORE-SCE-A2,73487650865.55034,23904137705.021626,49583513160.52871
FOL,csiro-mk3-6-0_rcp60_r1i1p1,FORE-SCE-B1,63947985890.04037,22152192671.35192,41795793218.68847
FOL,csiro-mk3-6-0_rcp60_r1i1p1,GCAM-26,133403271389.287,23479957973.012043,109923313416.27496
FOL,csiro-mk3-6-0_rcp60_r1i1p1,GCAM-45,97090751095.3081,19358477399.31369,77732273695.99438
FOL,csiro-mk3-6-0_rcp60_r1i1p1,GCAM-ref,80743056883.17482,23352268270.87343,57390788612.30138
FOL,csiro-mk3-6-0_rcp60_r1i1p1,LUCAS-BAU_High-0001,56356433319.79706,22877309281.14435,33479124038.652744
FOL,csiro-mk3-6-0_rcp60_r1i1p1,LUCAS-BAU_High-0002,56201159049.21297,21402706751.108402,34798452298.10456
FOL,csiro-mk3-6-0_rcp85_r1i1p1,FORE-SCE-A1B,85588344780.03397,14286344889.156845,71301999890.8771
FOL,csiro-mk3-6-0_rcp85_r1i1p1,FORE-SCE-A2,73303592733.52737,12578267142.495295,60725325591.03208
FOL,csiro-mk3-6-0_rcp85_r1i1p1,FORE-SCE-B1,64674074035.52908,12484268126.091286,52189805909.43779
FOL,csiro-mk3-6-0_rcp85_r1i1p1,GCAM-26,146597898562.42313,14386784866.71064,132211113695.7125
FOL,csiro-mk3-6-0_rcp85_r1i1p1,GCAM-45,106797466181.54059,12345171519.9192,94452294661.62137
FOL,csiro-mk3-6-0_rcp85_r1i1p1,GCAM-ref,85412842598.83253,14308160889.067808,71104681709.7647
FOL,csiro-mk3-6-0_rcp85_r1i1p1,LUCAS-BAU_High-0001,57696448870.52065,14500764740.079231,43195684130.44142
FOL,csiro-mk3-6-0_rcp85_r1i1p1,LUCAS-BAU_High-0002,58150654927.30997,13950012735.026485,44200642192.28349
FOL,fgoals-g2_rcp26_r1i1p1,FORE-SCE-A1B,44960040606.26088,0.0,44960040606.26088
FOL,fgoals-g2_rcp26_r1i1p1,FORE-SCE-A2,36302695172.74182,0.0,36302695172.74182
FOL,fgoals-g2_rcp26_r1i1p1,FORE-SCE-B1,31867158244.495182,0.0,31867158244.495182
FOL,fgoals-g2_rcp26_r1i1p1,GCAM-26,88247651892.95753,0.0,88247651892.95753
FOL,fgoals-g2_rcp26_r1i1p1,GCAM-45,60949975836.94908,0.0,60949975836.94908
FOL,fgoals-g2_rcp26_r1i1p1,GCAM-ref,46111662203.462135,0.0,46111662203.462135
FOL,fgoals-g2_rcp26_r1i1p1,LUCAS-BAU_High-0001,26589870645.59998,0.0,26589870645.59998
FOL,fgoals-g2_rcp26_r1i1p1,LUCAS-BAU_High-0002,27787836890.180695,0.0,27787836890.180695
MIL,access1-0_rcp45_r1i1p1,FORE-SCE-A1B,183454228392.00467,92830775538.23471,90623452853.76987
MIL,access1-0_rcp45_r1i1p1,FORE-SCE-A2,172759757828.85925,91887795275.98396,80871962552.87529
MIL,access1-0_rcp45_r1i1p1,FORE-SCE-B1,164454548410.5146,92294602804.2973,72159945606.21733
MIL,access1-0_rcp45_r1i1p1,GCAM-26,237402994894.71515,92306564326.09296,145096430568.62222
MIL,access1-0_rcp45_r1i1p1,GCAM-45,205639141938.41595,93568315106.4211,112070826831.99481
MIL,access1-0_rcp45_r1i1p1,GCAM-ref,185456180835.60236,94072034056.5999,91384146779.00246
MIL,access1-0_rcp45_r1i1p1,LUCAS-BAU_High-0001,155476864674.8367,92561437515.5252,62915427159.311485
MIL,access1-0_rcp45_r1i1p1,LUCAS-BAU_High-0002,156988203126.65564,92199474024.63687,64788729102.01878
MIL,access1-0_rcp85_r1i1p1,FORE-SCE-A1B,156093060659.78442,34855145921.08275,121237914738.70172
MIL,access1-0_rcp85_r1i1p1,FORE-SCE-A2,144773256971.8797,35749137564.27287,109024119407.60678
MIL,access1-0_rcp85_r1i1p1,FORE-SCE-B1,133419547252.73457,34538127584.0244,98881419668.71013
MIL,access1-0_rcp85_r1i1p1,GCAM-26,224928125664.90982,36583611220.62788,188344514444.282
MIL,access1-0_rcp85_r1i1p1,GCAM-45,183807979530.30554,35727145823.1448,148080833707.1607
MIL,access1-0_rcp85_r1i1p1,GCAM-ref,156007775138.7122,34315642975.783154,121692132162.92902
MIL,access1-0_rcp85_r1i1p1,LUCAS-BAU_High-0001,121345293437.75856,34325370632.950184,87019922804.8084
MIL,access1-0_rcp85_r1i1p1,LUCAS-BAU_High-0002,125646040875.03384,35658147066.01288,89987893809.02097
MIL,bcc-csm1-1-m_rcp45_r1i1p1,FORE-SCE-A1B,187156242056.45023,103316008625.82495,83840233430.62524
MIL,bcc-csm1-1-m_rcp45_r1i1p1,FORE-SCE-A2,176930764143.98108,102536823503.71085,74393940640.2703
MIL,bcc-csm1-1-m_rcp45_r1i1p1,FORE-SCE-B1,168669703491.07248,102215203720.1271,66454499770.94533
MIL,bcc-csm1-1-m_rcp45_r1i1p1,GCAM-26,241026746187.92664,105798655316.3445,135228090871.58221
MIL,bcc-csm1-1-m_rcp45_r1i1p1,GCAM-45,208405240252.83026,104470278858.01212,103934961394.81812
MIL,bcc-csm1-1-m_rcp45_r1i1p1,GCAM-ref,186643807232.80786,103055549835.87973,83588257396.92816
MIL,bcc-csm1-1-m_rcp45_r1i1p1,LUCAS-BAU_High-0001,160707540672.44745,103036851390.15408,57670689282.29328
MIL,bcc-csm1-1-m_rcp45_r1i1p1,LUCAS-BAU_High-0002,160550122547.16077,101651540815.62279,58898581731.53801
MIL,bcc-csm1-1-m_rcp85_r1i1p1,FORE-SCE-A1B,378036968705.70337,290985209381.3846,87051759324.31871
MIL,bcc-csm1-1-m_rcp85_r1i1p1,FORE-SCE-A2,368964289459.8305,291326269996.1163,77638019463.71425
MIL,bcc-csm1-1-m_rcp85_r1i1p1,FORE-SCE-B1,361532761469.665,291516143057.44135,70016618412.22339
MIL,bcc-csm1-1-m_rcp85_r1i1p1,GCAM-26,431476182356.64923,292342337803.39154,139133844553.25772
MIL,bcc-csm1-1-m_rcp85_r1i1p1,GCAM-45,398847717063.39465,291555037592.37537,107292679471.01941
MIL,bcc-csm1-1-m_rcp85_r1i1p1,GCAM-ref,378118249387.9384,291633643459.9019,86484605928.03636
MIL,bcc-csm1-1-m_rcp85_r1i1p1,LUCAS-BAU_High-0001,351055641886.5925,290629924129.4253,60425717757.16712
MIL,bcc-csm1-1-m_rcp85_r1i1p1,LUCAS-BAU_High-0002,351378391516.81903,289881888205.4631,61496503311.35572
MIL,bcc-csm1-1_rcp26_r1i1p1,FORE-SCE-A1B,208081277503.71246,100808719934.19002,107272557569.52243
MIL,bcc-csm1-1_rcp26_r1i1p1,FORE-SCE-A2,195125571594.8495,100336088303.7589,94789483291.09053
MIL,bcc-csm1-1_rcp26_r1i1p1,FORE-SCE-B1,186478470252.441,100463655280.71283,86014814971.72816
MIL,bcc-csm1-1_rcp26_r1i1p1,GCAM-26,268860642430.88632,101725902541.0181,167134739889.86826
MIL,bcc-csm1-1_rcp26_r1i1p1,GCAM-45,232419922319.22833,100858594304.24455,131561328014.9837
MIL,bcc-csm1-1_rcp26_r1i1p1,GCAM-ref,209346619267.08493,101250888175.2127,108095731091.87222
MIL,bcc-csm1-1_rcp26_r1i1p1,LUCAS-BAU_High-0001,178059680999.75034,101083397324.4307,76976283675.31958
MIL,bcc-csm1-1_rcp26_r1i1p1,LUCAS-BAU_High-0002,180060988282.27094,101370387642.16971,78690600640.10127
MIL,bcc-csm1-1_rcp45_r1i1p1,FORE-SCE-A1B,186621375817.56082,92546036702.19435,94075339115.36652
MIL,bcc-csm1-1_rcp45_r1i1p1,FORE-SCE-A2,174568835440.86374,91975475078.60487,82593360362.25887
MIL,bcc-csm1-1_rcp45_r1i1p1,FORE-SCE-B1,162470552103.75296,88025229396.46155,74445322707.29149
MIL,bcc-csm1-1_rcp45_r1i1p1,GCAM-26,236195707154.0609,88590329641.5569,147605377512.50397
MIL,bcc-csm1-1_rcp45_r1i1p1,GCAM-45,202978745074.1173,87764930139.03151,115213814935.08575
MIL,bcc-csm1-1_rcp45_r1i1p1,GCAM-ref,181547892402.21356,87309897705.50595,94237994696.70752
MIL,bcc-csm1-1_rcp45_r1i1p1,LUCAS-BAU_High-0001,154926374145.29712,88732414440.9009,66193959704.39618
MIL,bcc-csm1-1_rcp45_r1i1p1,LUCAS-BAU_High-0002,155314217872.5769,87399748462.32892,67914469410.24798
MIL,bcc-csm1-1_rcp60_r1i1p1,FORE-SCE-A1B,223935541980.31363,136947801849.83801,86987740130.47566
MIL,bcc-csm1-1_rcp60_r1i1p1,FORE-SCE-A2,214882932314.46344,137111796839.25893,77771135475.20457
MIL,bcc-csm1-1_rcp60_r1i1p1,FORE-SCE-B1,207767962710.63623,138424204036.21036,69343758674.4259
MIL,bcc-csm1-1_rcp60_r1i1p1,GCAM-26,278439601625.53143,137621729748.00455,140817871877.5269
MIL,bcc-csm1-1_rcp60_r1i1p1,GCAM-45,246540572851.27393,138322729432.19513,108217843419.0789
MIL,bcc-csm1-1_rcp60_r1i1p1,GCAM-ref,227033639696.47205,138961533531.2808,88072106165.1912
MIL,bcc-csm1-1_rcp60_r1i1p1,LUCAS-BAU_High-0001,197393261066.9237,136638189002.78265,60755072064.14106
MIL,bcc-csm1-1_rcp60_r1i1p1,LUCAS-BAU_High-0002,199889688656.05713,137630292971.9534,62259395684.103645
MIL,bcc-csm1-1_rcp85_r1i1p1,FORE-SCE-A1B,320738855184.34125,217119485904.37787,103619369279.96336
MIL,bcc-csm1-1_rcp85_r1i1p1,FORE-SCE-A2,310470879180.52374,216578211756.7228,93892667423.801
MIL,bcc-csm1-1_rcp85_r1i1p1,FORE-SCE-B1,298713518702.97345,214529002286.4782,84184516416.49527
MIL,bcc-csm1-1_rcp85_r1i1p1,GCAM-26,376928705316.7538,217303874122.65393,159624831194.09985
MIL,bcc-csm1-1_rcp85_r1i1p1,GCAM-45,343283484978.60364,216902440394.17297,126381044584.43063
MIL,bcc-csm1-1_rcp85_r1i1p1,GCAM-ref,320240544193.1708,216766548454.89594,103473995738.27475
MIL,bcc-csm1-1_rcp85_r1i1p1,LUCAS-BAU_High-0001,291013949046.8191,216903392331.21484,74110556715.6043
MIL,bcc-csm1-1_rcp85_r1i1p1,LUCAS-BAU_High-0002,292089653853.78156,216166348005.45566,75923305848.32587
MIL,canesm2_rcp26_r1i1p1,FORE-SCE-A1B,845014913810.7683,769917428889.7548,75097484921.0138
MIL,canesm2_rcp26_r1i1p1,FORE-SCE-A2,835797327589.1178,769771690724.8906,66025636864.22716
MIL,canesm2_rcp26_r1i1p1,FORE-SCE-B1,830679389633.0375,770458266369.4479,60221123263.58937
MIL,canesm2_rcp26_r1i1p1,GCAM-26,895506564570.3784,774167949203.4083,121338615366.9704
MIL,canesm2_rcp26_r1i1p1,GCAM-45,863153237986.5375,770073236312.7263,93080001673.81079
MIL,canesm2_rcp26_r1i1p1,GCAM-ref,846250458397.9149,770347247766.4532,75903210631.4616
MIL,canesm2_rcp26_r1i1p1,LUCAS-BAU_High-0001,821668688073.5819,769637311871.6892,52031376201.89251
MIL,canesm2_rcp26_r1i1p1,LUCAS-BAU_High-0002,824594497779.6567,771151174249.2346,53443323530.422424
MIL,canesm2_rcp45_r1i1p1,FORE-SCE-A1B,325527149757.5277,246183493993.1993,79343655764.32838
MIL,canesm2_rcp45_r1i1p1,FORE-SCE-A2,316489572058.80725,246853072185.2576,69636499873.54973
MIL,canesm2_rcp45_r1i1p1,FORE-SCE-B1,311090065633.93726,247914706309.14206,63175359324.79516
MIL,canesm2_rcp45_r1i1p1,GCAM-26,377038656236.00354,249336667292.31442,127701988943.68906
MIL,canesm2_rcp45_r1i1p1,GCAM-45,346602759558.6482,248534556038.59174,98068203520.0563
MIL,canesm2_rcp45_r1i1p1,GCAM-ref,328059903107.1583,247718933971.48868,80340969135.6696
MIL,canesm2_rcp45_r1i1p1,LUCAS-BAU_High-0001,303629467885.2588,248228160950.27618,55401306934.98257
MIL,canesm2_rcp45_r1i1p1,LUCAS-BAU_High-0002,302778493022.89557,246100495246.56262,56677997776.332886
MIL,canesm2_rcp85_r1i1p1,FORE-SCE-A1B,1328897957821.1943,1237093578287.1577,91804379534.03656
MIL,canesm2_rcp85_r1i1p1,FORE-SCE-A2,1319048709708.9404,1237354808920.1372,81693900788.80316
MIL,canesm2_rcp85_r1i1p1,FORE-SCE-B1,1312376993200.4563,1238406307950.8933,73970685249.56337
MIL,canesm2_rcp85_r1i1p1,GCAM-26,1379176051486.0442,1235598397934.0696,143577653551.97446
MIL,canesm2_rcp85_r1i1p1,GCAM-45,1348666921002.5115,1236354815355.3462,112312105647.16577
MIL,canesm2_rcp85_r1i1p1,GCAM-ref,1326974885974.013,1235041482635.4517,91933403338.56201
MIL,canesm2_rcp85_r1i1p1,LUCAS-BAU_High-0001,1303129252907.758,1237729557157.154,65399695750.60427
MIL,canesm2_rcp85_r1i1p1,LUCAS-BAU_High-0002,1302814209431.4106,1235962684278.4749,66851525152.93664
MIL,ccsm4_rcp26_r1i1p1,FORE-SCE-A1B,467094218008.231,393767149666.9682,73327068341.26262
MIL,ccsm4_rcp26_r1i1p1,FORE-SCE-A2,459728131422.3618,394377201700.48975,65350929721.872
MIL,ccsm4_rcp26_r1i1p1,FORE-SCE-B1,452818386473.8015,394395676802.3458,58422709671.45596
MIL,ccsm4_rcp26_r1i1p1,GCAM-26,511658363311.9344,393613965083.20807,118044398228.72617
MIL,ccsm4_rcp26_r1i1p1,GCAM-45,484808693708.01215,393398693378.4449,91410000329.56712
MIL,ccsm4_rcp26_r1i1p1,GCAM-ref,466694372398.12006,393049959737.8127,73644412660.30736
MIL,ccsm4_rcp26_r1i1p1,LUCAS-BAU_High-0001,444647349040.8632,392748603707.1768,51898745333.68641
MIL,ccsm4_rcp26_r1i1p1,LUCAS-BAU_High-0002,444687729237.5703,392077248616.831,52610480620.73941
MIL,ccsm4_rcp45_r1i1p1,FORE-SCE-A1B,357908075573.5552,274771079134.39264,83136996439.16257
MIL,ccsm4_rcp45_r1i1p1,FORE-SCE-A2,346096482452.6067,274303522840.3269,71792959612.2799
MIL,ccsm4_rcp45_r1i1p1,FORE-SCE-B1,340289819375.7449,274918969101.4956,65370850274.249214
MIL,ccsm4_rcp45_r1i1p1,GCAM-26,409218607002.55444,277018660258.94525,132199946743.60918
MIL,ccsm4_rcp45_r1i1p1,GCAM-45,377800107856.0418,275234966709.18085,102565141146.86087
MIL,ccsm4_rcp45_r1i1p1,GCAM-ref,360024826657.2053,275944235853.06573,84080590804.13942
MIL,ccsm4_rcp45_r1i1p1,LUCAS-BAU_High-0001,332436389537.27893,274128164116.4895,58308225420.78925
MIL,ccsm4_rcp45_r1i1p1,LUCAS-BAU_High-0002,333071181111.7495,273257801843.0966,59813379268.65289
MIL,ccsm4_rcp60_r1i1p1,FORE-SCE-A1B,400485802025.1301,325692395783.976,74793406241.15404
MIL,ccsm4_rcp60_r1i1p1,FORE-SCE-A2,392034042287.587,326403433972.6791,65630608314.90793
MIL,ccsm4_rcp60_r1i1p1,FORE-SCE-B1,386907940320.4154,327257872278.78204,59650068041.63338
MIL,ccsm4_rcp60_r1i1p1,GCAM-26,448154437731.29114,328347629694.7282,119806808036.56305
MIL,ccsm4_rcp60_r1i1p1,GCAM-45,419152826918.794,326613371016.2747,92539455902.51926
MIL,ccsm4_rcp60_r1i1p1,GCAM-ref,403477679126.72986,326439040300.1832,77038638826.5465
MIL,ccsm4_rcp60_r1i1p1,LUCAS-BAU_High-0001,380918925820.3881,326900156535.5509,54018769284.837265
MIL,ccsm4_rcp60_r1i1p1,LUCAS-BAU_High-0002,380957464302.5356,326414370951.72705,54543093350.80861
MIL,ccsm4_rcp85_r1i1p1,FORE-SCE-A1B,440668581471.8464,343378963684.86426,97289617786.98209
MIL,ccsm4_rcp85_r1i1p1,FORE-SCE-A2,429189890814.43536,343080332299.884,86109558514.5515
MIL,ccsm4_rcp85_r1i1p1,FORE-SCE-B1,422273411477.0369,344014357927.7612,78259053549.27565
MIL,ccsm4_rcp85_r1i1p1,GCAM-26,502657031319.7119,348305579470.09106,154351451849.62085
MIL,ccsm4_rcp85_r1i1p1,GCAM-45,463627526070.5841,344006206896.38007,119621319174.20395
MIL,ccsm4_rcp85_r1i1p1,GCAM-ref,440336415237.84204,342397947906.179,97938467331.66289
MIL,ccsm4_rcp85_r1i1p1,LUCAS-BAU_High-0001,408662447612.6335,340078988127.5387,68583459485.094734
MIL,ccsm4_rcp85_r1i1p1,LUCAS-BAU_High-0002,412363960816.6469,341867333564.35077,70496627252.296
MIL,cesm1-bgc_rcp45_r1i1p1,FORE-SCE-A1B,566997910533.0685,492144531358.5613,74853379174.50702
MIL,cesm1-bgc_rcp45_r1i1p1,FORE-SCE-A2,558744789804.2323,492932779340.1454,65812010464.08692
MIL,cesm1-bgc_rcp45_r1i1p1,FORE-SCE-B1,553071684892.8242,493718634453.97314,59353050438.85107
MIL,cesm1-bgc_rcp45_r1i1p1,GCAM-26,608576680078.3474,490284812842.729,118291867235.61852
MIL,cesm1-bgc_rcp45_r1i1p1,GCAM-45,584487583982.1466,492439939995.395,92047643986.75163
MIL,cesm1-bgc_rcp45_r1i1p1,GCAM-ref,569139399556.204,494151848888.0641,74987550668.14
MIL,cesm1-bgc_rcp45_r1i1p1,LUCAS-BAU_High-0001,547488339010.592,495093267177.15204,52395071833.43969
MIL,cesm1-bgc_rcp45_r1i1p1,LUCAS-BAU_High-0002,550425956772.3667,496339583465.1214,54086373307.24541
MIL,cesm1-bgc_rcp85_r1i1p1,FORE-SCE-A1B,571066575041.8872,495744813526.6941,75321761515.19319
MIL,cesm1-bgc_rcp85_r1i1p1,FORE-SCE-A2,560568928722.2142,494927540448.0747,65641388274.13967
MIL,cesm1-bgc_rcp85_r1i1p1,FORE-SCE-B1,555062924023.5383,495616885043.19073,59446038980.34787
MIL,cesm1-bgc_rcp85_r1i1p1,GCAM-26,620782993301.5392,498084035989.0452,122698957312.49394
MIL,cesm1-bgc_rcp85_r1i1p1,GCAM-45,591182966206.9373,497411236432.75885,93771729774.17867
MIL,cesm1-bgc_rcp85_r1i1p1,GCAM-ref,570876505751.5261,495175807537.6298,75700698213.89629
MIL,cesm1-bgc_rcp85_r1i1p1,LUCAS-BAU_High-0001,544482964242.97955,493104033877.1236,51378930365.85591
MIL,cesm1-bgc_rcp85_r1i1p1,LUCAS-BAU_High-0002,548316718774.519,495303337878.45276,53013380896.065865
MIL,cesm1-cam5_rcp26_r1i1p1,FORE-SCE-A1B,736232335770.0638,664215081099.07,72017254670.99399
MIL,cesm1-cam5_rcp26_r1i1p1,FORE-SCE-A2,725238918383.0835,661767641313.9784,63471277069.10537
MIL,cesm1-cam5_rcp26_r1i1p1,FORE-SCE-B1,721436720506.5581,664058543460.0419,57378177046.51606
MIL,cesm1-cam5_rcp26_r1i1p1,GCAM-26,778491828709.4788,663670428565.8658,114821400143.61308
MIL,cesm1-cam5_rcp26_r1i1p1,GCAM-45,754543475204.373,665875178197.8064,88668297006.56679
MIL,cesm1-cam5_rcp26_r1i1p1,GCAM-ref,734086414381.4283,661920178096.6016,72166236284.82646
MIL,cesm1-cam5_rcp26_r1i1p1,LUCAS-BAU_High-0001,713090813396.4058,662592010455.3524,50498802941.053314
MIL,cesm1-cam5_rcp26_r1i1p1,LUCAS-BAU_High-0002,715608981385.6769,663931708360.0978,51677273025.57909
MIL,cesm1-cam5_rcp45_r1i1p1,FORE-SCE-A1B,365867724472.63556,269977461110.7464,95890263361.88899
MIL,cesm1-cam5_rcp45_r1i1p1,FORE-SCE-A2,354151564982.0354,269015268773.62094,85136296208.41437
MIL,cesm1-cam5_rcp45_r1i1p1,FORE-SCE-B1,347882079531.599,270384440681.23337,77497638850.36574
MIL,cesm1-cam5_rcp45_r1i1p1,GCAM-26,422826051819.2985,272596536780.23447,150229515039.06412
MIL,cesm1-cam5_rcp45_r1i1p1,GCAM-45,388896733712.90326,270907656172.9042,117989077539.99898
MIL,cesm1-cam5_rcp45_r1i1p1,GCAM-ref,366672195590.16693,269327945699.21112,97344249890.95564
MIL,cesm1-cam5_rcp45_r1i1p1,LUCAS-BAU_High-0001,334978219372.17773,266224697567.00156,68753521805.17609
MIL,cesm1-cam5_rcp45_r1i1p1,LUCAS-BAU_High-0002,340617119145.0767,270415217538.13083,70201901606.9459
MIL,cesm1-cam5_rcp60_r1i1p1,FORE-SCE-A1B,642770407951.5334,547311567426.96606,95458840524.56735
MIL,cesm1-cam5_rcp60_r1i1p1,FORE-SCE-A2,629169220195.557,544456125215.1292,84713094980.42766
MIL,cesm1-cam5_rcp60_r1i1p1,FORE-SCE-B1,622532612253.8947,545589287920.2738,76943324333.6205
MIL,cesm1-cam5_rcp60_r1i1p1,GCAM-26,697968115256.7001,549303851902.6873,148664263354.01276
MIL,cesm1-cam5_rcp60_r1i1p1,GCAM-45,662223703953.7197,545872652619.1345,116351051334.58546
MIL,cesm1-cam5_rcp60_r1i1p1,GCAM-ref,643550233885.7059,547279102924.91205,96271130960.79376
MIL,cesm1-cam5_rcp60_r1i1p1,LUCAS-BAU_High-0001,610534477682.8983,542613978753.51447,67920498929.38414
MIL,cesm1-cam5_rcp60_r1i1p1,LUCAS-BAU_High-0002,612960241822.5251,543578530041.93243,69381711780.59308
MIL,cesm1-cam5_rcp85_r1i1p1,FORE-SCE-A1B,654336696716.32,553803329871.2191,100533366845.1009
MIL,cesm1-cam5_rcp85_r1i1p1,FORE-SCE-A2,645188205857.6866,555244525547.7892,89943680309.89734
MIL,cesm1-cam5_rcp85_r1i1p1,FORE-SCE-B1,635510379437.3206,554291665769.8871,81218713667.43336
MIL,cesm1-cam5_rcp85_r1i1p1,GCAM-26,717868933034.8428,559878035540.5753,157990897494.2674
MIL,cesm1-cam5_rcp85_r1i1p1,GCAM-45,680607262731.0098,557370880111.1295,123236382619.88033
MIL,cesm1-cam5_rcp85_r1i1p1,GCAM-ref,654836938444.8578,554359131866.1731,100477806578.6846
MIL,cesm1-cam5_rcp85_r1i1p1,LUCAS-BAU_High-0001,626510393841.2753,554654765932.3888,71855627908.88637
MIL,cesm1-cam5_rcp85_r1i1p1,LUCAS-BAU_High-0002,626835299074.4692,553749338660.4011,73085960414.06805
MIL,cmcc-cm_rcp45_r1i1p1,FORE-SCE-A1B,233510896849.76987,128487206823.92633,105023690025.8435
MIL,cmcc-cm_rcp45_r1i1p1,FORE-SCE-A2,220793008421.81586,127734218736.31883,93058789685.49701
MIL,cmcc-cm_rcp45_r1i1p1,FORE-SCE-B1,211967357589.9622,127881775637.72464,84085581952.23763
MIL,cmcc-cm_rcp45_r1i1p1,GCAM-26,293329614256.85876,127690102797.52115,165639511459.33768
MIL,cmcc-cm_rcp45_r1i1p1,GCAM-45,256088048769.2142,127588879261.44522,128499169507.76901
MIL,cmcc-cm_rcp45_r1i1p1,GCAM-ref,234385006598.84055,129206481260.39885,105178525338.4417
MIL,cmcc-cm_rcp45_r1i1p1,LUCAS-BAU_High-0001,199336106162.50082,125900959782.47012,73435146380.03069
MIL,cmcc-cm_rcp45_r1i1p1,LUCAS-BAU_High-0002,203871663891.41885,128111050813.45282,75760613077.96597
MIL,cmcc-cm_rcp85_r1i1p1,FORE-SCE-A1B,186262924635.87445,65973374797.96529,120289549837.90918
MIL,cmcc-cm_rcp85_r1i1p1,FORE-SCE-A2,174229689924.22134,65720589192.159935,108509100732.06145
MIL,cmcc-cm_rcp85_r1i1p1,FORE-SCE-B1,164060863272.8954,66009660717.26659,98051202555.62881
MIL,cmcc-cm_rcp85_r1i1p1,GCAM-26,252221143729.97803,66860955549.1641,185360188180.81384
MIL,cmcc-cm_rcp85_r1i1p1,GCAM-45,213362723131.42334,66840880081.447296,146521843049.97604
MIL,cmcc-cm_rcp85_r1i1p1,GCAM-ref,185630418715.62253,65381008014.21397,120249410701.40852
MIL,cmcc-cm_rcp85_r1i1p1,LUCAS-BAU_High-0001,152636651466.41153,65446152240.07363,87190499226.33794
MIL,cmcc-cm_rcp85_r1i1p1,LUCAS-BAU_High-0002,155171554036.00137,66967069080.43776,88204484955.5635
MIL,cnrm-cm5_rcp45_r1i1p1,FORE-SCE-A1B,465561464490.67444,391632621068.42676,73928843422.24791
MIL,cnrm-cm5_rcp45_r1i1p1,FORE-SCE-A2,454853841333.345,389810475725.90985,65043365607.434975
MIL,cnrm-cm5_rcp45_r1i1p1,FORE-SCE-B1,449635828537.6194,391070563096.1927,58565265441.42673
MIL,cnrm-cm5_rcp45_r1i1p1,GCAM-26,511692112389.73,391996080141.721,119696032248.00893
MIL,cnrm-cm5_rcp45_r1i1p1,GCAM-45,484187025571.1758,392588610837.92303,91598414733.25291
MIL,cnrm-cm5_rcp45_r1i1p1,GCAM-ref,463589540771.87756,390247637501.55804,73341903270.3194
MIL,cnrm-cm5_rcp45_r1i1p1,LUCAS-BAU_High-0001,439932309000.8034,389540311406.9651,50391997593.838326
MIL,cnrm-cm5_rcp45_r1i1p1,LUCAS-BAU_High-0002,440362221061.5606,388675821982.5145,51686399079.04592
MIL,cnrm-cm5_rcp85_r1i1p1,FORE-SCE-A1B,735342482970.8373,637726045545.4016,97616437425.43541
MIL,cnrm-cm5_rcp85_r1i1p1,FORE-SCE-A2,724287851278.3021,637468460657.2616,86819390621.04059
MIL,cnrm-cm5_rcp85_r1i1p1,FORE-SCE-B1,715656322864.1992,637001492297.7501,78654830566.44934
MIL,cnrm-cm5_rcp85_r1i1p1,GCAM-26,799406130289.6049,644253531193.3048,155152599096.3004
MIL,cnrm-cm5_rcp85_r1i1p1,GCAM-45,761198149106.6506,641117317465.5125,120080831641.13814
MIL,cnrm-cm5_rcp85_r1i1p1,GCAM-ref,735264381724.8357,638123306872.2356,97141074852.60011
MIL,cnrm-cm5_rcp85_r1i1p1,LUCAS-BAU_High-0001,702456524138.7236,634189404523.8589,68267119614.8646
MIL,cnrm-cm5_rcp85_r1i1p1,LUCAS-BAU_High-0002,707377948589.0121,637294228167.7665,70083720421.24562
MIL,csiro-mk3-6-0_rcp26_r1i1p1,FORE-SCE-A1B,359447255777.8132,273229106651.32193,86218149126.49121
MIL,csiro-mk3-6-0_rcp26_r1i1p1,FORE-SCE-A2,349255909315.5714,273439147734.65997,75816761580.91139
MIL,csiro-mk3-6-0_rcp26_r1i1p1,FORE-SCE-B1,342538450593.60724,273456924871.44998,69081525722.1573
MIL,csiro-mk3-6-0_rcp26_r1i1p1,GCAM-26,411395565923.6138,273892412833.80206,137503153089.8116
MIL,csiro-mk3-6-0_rcp26_r1i1p1,GCAM-45,379825434325.7381,273768378523.34735,106057055802.39072
MIL,csiro-mk3-6-0_rcp26_r1i1p1,GCAM-ref,361221989523.3514,273753251446.31836,87468738077.03302
MIL,csiro-mk3-6-0_rcp26_r1i1p1,LUCAS-BAU_High-0001,334661580400.6329,273166639416.7537,61494940983.87907
MIL,csiro-mk3-6-0_rcp26_r1i1p1,LUCAS-BAU_High-0002,338019132779.36334,274901015657.24506,63118117122.11831
MIL,csiro-mk3-6-0_rcp45_r1i1p1,FORE-SCE-A1B,174413162758.9259,63807596566.858864,110605566192.06696
MIL,csiro-mk3-6-0_rcp45_r1i1p1,FORE-SCE-A2,162875075464.2663,64964167286.36047,97910908177.9058
MIL,csiro-mk3-6-0_rcp45_r1i1p1,FORE-SCE-B1,154671714816.15384,64639708895.36049,90032005920.79332
MIL,csiro-mk3-6-0_rcp45_r1i1p1,GCAM-26,239266167475.82095,67373543125.7396,171892624350.08133
MIL,csiro-mk3-6-0_rcp45_r1i1p1,GCAM-45,200215012618.7107,65431146254.296005,134783866364.41472
MIL,csiro-mk3-6-0_rcp45_r1i1p1,GCAM-ref,177511287165.82697,66047025675.388985,111464261490.43793
MIL,csiro-mk3-6-0_rcp45_r1i1p1,LUCAS-BAU_High-0001,141906490766.72507,62426777744.298805,79479713022.42622
MIL,csiro-mk3-6-0_rcp45_r1i1p1,LUCAS-BAU_High-0002,145224302477.4544,62894062931.04396,82330239546.41043
MIL,csiro-mk3-6-0_rcp60_r1i1p1,FORE-SCE-A1B,282516474082.83057,185705712821.28122,96810761261.54936
MIL,csiro-mk3-6-0_rcp60_r1i1p1,FORE-SCE-A2,269028559729.8872,183153624181.929,85874935547.95816
MIL,csiro-mk3-6-0_rcp60_r1i1p1,FORE-SCE-B1,261621940858.03116,184233208226.7807,77388732631.25043
MIL,csiro-mk3-6-0_rcp60_r1i1p1,GCAM-26,340760297103.46204,187297741024.7597,153462556078.70236
MIL,csiro-mk3-6-0_rcp60_r1i1p1,GCAM-45,305392167025.8281,186484416870.64633,118907750155.18172
MIL,csiro-mk3-6-0_rcp60_r1i1p1,GCAM-ref,283904412591.9324,187042828847.67825,96861583744.25409
MIL,csiro-mk3-6-0_rcp60_r1i1p1,LUCAS-BAU_High-0001,251948626676.5876,184202406023.2125,67746220653.375244
MIL,csiro-mk3-6-0_rcp60_r1i1p1,LUCAS-BAU_High-0002,254116715105.88196,184864150627.25705,69252564478.62495
MIL,csiro-mk3-6-0_rcp85_r1i1p1,FORE-SCE-A1B,377702483381.20514,274268219591.20084,103434263790.00423
MIL,csiro-mk3-6-0_rcp85_r1i1p1,FORE-SCE-A2,368303150685.7686,276820115673.5623,91483035012.20627
MIL,csiro-mk3-6-0_rcp85_r1i1p1,FORE-SCE-B1,359710004162.7545,276378247615.48883,83331756547.26558
MIL,csiro-mk3-6-0_rcp85_r1i1p1,GCAM-26,442568187073.13403,279702845429.14496,162865341643.98907
MIL,csiro-mk3-6-0_rcp85_r1i1p1,GCAM-45,403288607171.0456,276767585312.91425,126521021858.13141
MIL,csiro-mk3-6-0_rcp85_r1i1p1,GCAM-ref,381281969911.1836,277422509646.28534,103859460264.89832
MIL,csiro-mk3-6-0_rcp85_r1i1p1,LUCAS-BAU_High-0001,344924128812.80853,272045161092.98834,72878967719.82011
MIL,csiro-mk3-6-0_rcp85_r1i1p1,LUCAS-BAU_High-0002,348557213185.3357,273892087295.36697,74665125889.96864
MIL,fgoals-g2_rcp26_r1i1p1,FORE-SCE-A1B,196652384261.465,126025865355.03792,70626518906.42708
MIL,fgoals-g2_rcp26_r1i1p1,FORE-SCE-A2,189092624024.13364,126928969985.12036,62163654039.01317
MIL,fgoals-g2_rcp26_r1i1p1,FORE-SCE-B1,182984522184.2857,127100816890.60309,55883705293.682625
MIL,fgoals-g2_rcp26_r1i1p1,GCAM-26,243450613189.45718,127963872339.67857,115486740849.77863
MIL,fgoals-g2_rcp26_r1i1p1,GCAM-45,215770861172.57562,127716513584.77687,88054347587.79861
MIL,fgoals-g2_rcp26_r1i1p1,GCAM-ref,200177462892.83804,128095575298.61195,72081887594.22609
MIL,fgoals-g2_rcp26_r1i1p1,LUCAS-BAU_High-0001,175623386066.08337,126623239744.11282,49000146321.97056
MIL,fgoals-g2_rcp26_r1i1p1,LUCAS-BAU_High-0002,176860405371.75293,126830617432.93396,50029787938.818855
NHG,access1-0_rcp45_r1i1p1,FORE-SCE-A1B,1581691477.6874454,1581150592.8700247,540884.8174208396
NHG,access1-0_rcp45_r1i1p1,FORE-SCE-A2,1581820650.1386337,1581428655.8110533,391994.3275805234
NHG,access1-0_rcp45_r1i1p1,FORE-SCE-B1,1601792893.9652987,1601447354.6918917,345539.27340627013
NHG,access1-0_rcp45_r1i1p1,GCAM-26,1615516642.742742,1613949095.5615668,1567547.1811755868
NHG,access1-0_rcp45_r1i1p1,GCAM-45,1664213733.3451908,1663371483.5404758,842249.8047152716
NHG,access1-0_rcp45_r1i1p1,GCAM-ref,1743624371.3392348,1743018627.4820092,605743.8572260604
NHG,access1-0_rcp45_r1i1p1,LUCAS-BAU_High-0001,1535027699.6387556,1534775676.8688395,252022.76991627406
NHG,access1-0_rcp45_r1i1p1,LUCAS-BAU_High-0002,1544929658.9925604,1544660448.9220982,269210.07046296785
NHG,access1-0_rcp85_r1i1p1,FORE-SCE-A1B,515025579.48785734,507325722.49203295,7699856.995824316
NHG,access1-0_rcp85_r1i1p1,FORE-SCE-A2,514463936.31710076,508442316.9970867,6021619.3200141555
NHG,access1-0_rcp85_r1i1p1,FORE-SCE-B1,512198923.33632267,506604146.9421467,5594776.394175929
NHG,access1-0_rcp85_r1i1p1,GCAM-26,510150837.3591308,494448199.5293665,15702637.829764297
NHG,access1-0_rcp85_r1i1p1,GCAM-45,510678672.58624065,499951015.0162356,10727657.570005031
NHG,access1-0_rcp85_r1i1p1,GCAM-ref,515585067.6257259,507219976.10361034,8365091.522115654
NHG,access1-0_rcp85_r1i1p1,LUCAS-BAU_High-0001,513836247.5522033,508786945.5180603,5049302.034142989
NHG,access1-0_rcp85_r1i1p1,LUCAS-BAU_High-0002,513738142.5340535,508532604.3882873,5205538.145766197
NHG,bcc-csm1-1-m_rcp45_r1i1p1,FORE-SCE-A1B,304190090.6601148,247698363.51363012,56491727.146484666
NHG,bcc-csm1-1-m_rcp45_r1i1p1,FORE-SCE-A2,301869716.91798985,246459246.16699195,55410470.75099781
NHG,bcc-csm1-1-m_rcp45_r1i1p1,FORE-SCE-B1,541131506.1126857,490533828.42346,50597677.68922589
NHG,bcc-csm1-1-m_rcp45_r1i1p1,GCAM-26,570812473.0463729,477002135.92067033,93810337.12570238
NHG,bcc-csm1-1-m_rcp45_r1i1p1,GCAM-45,554601331.6769452,484821859.7868627,69779471.89008272
NHG,bcc-csm1-1-m_rcp45_r1i1p1,GCAM-ref,329363478.8483852,267330621.9629785,62032856.88540669
NHG,bcc-csm1-1-m_rcp45_r1i1p1,LUCAS-BAU_High-0001,310433767.18723285,271579817.651817,38853949.53541568
NHG,bcc-csm1-1-m_rcp45_r1i1p1,LUCAS-BAU_High-0002,584116349.3693691,538556804.8485758,45559544.520793125
NHG,bcc-csm1-1-m_rcp85_r1i1p1,FORE-SCE-A1B,8077181361.225324,7999656081.01285,77525280.21247323
NHG,bcc-csm1-1-m_rcp85_r1i1p1,FORE-SCE-A2,7705212127.1877365,7637072129.441877,68139997.74585907
NHG,bcc-csm1-1-m_rcp85_r1i1p1,FORE-SCE-B1,7936645232.450829,7872653182.490898,63992049.95992989
NHG,bcc-csm1-1-m_rcp85_r1i1p1,GCAM-26,8024188485.805153,7889931032.89673,134257452.90842247
NHG,bcc-csm1-1-m_rcp85_r1i1p1,GCAM-45,7727032076.697783,7634867674.13056,92164402.56722705
NHG,bcc-csm1-1-m_rcp85_r1i1p1,GCAM-ref,7991371937.377099,7914613433.432017,76758503.94508034
NHG,bcc-csm1-1-m_rcp85_r1i1p1,LUCAS-BAU_High-0001,7980542444.568947,7925188867.721848,55353576.84710331
NHG,bcc-csm1-1-m_rcp85_r1i1p1,LUCAS-BAU_High-0002,7780332232.303466,7722543009.794275,57789222.50919112
NHG,bcc-csm1-1_rcp26_r1i1p1,FORE-SCE-A1B,3017749997.550271,2928392384.948454,89357612.60181901
NHG,bcc-csm1-1_rcp26_r1i1p1,FORE-SCE-A2,3057415651.2172203,2978223068.1983657,79192583.0188549
NHG,bcc-csm1-1_rcp26_r1i1p1,FORE-SCE-B1,3189682374.484215,3118040414.398774,71641960.0854415
NHG,bcc-csm1-1_rcp26_r1i1p1,GCAM-26,2947459140.8519125,2808040443.21715,139418697.63476247
NHG,bcc-csm1-1_rcp26_r1i1p1,GCAM-45,2881729971.457714,2772782413.054843,108947558.40287164
NHG,bcc-csm1-1_rcp26_r1i1p1,GCAM-ref,3189424506.710755,3099043609.45648,90380897.25427318
NHG,bcc-csm1-1_rcp26_r1i1p1,LUCAS-BAU_High-0001,3140778377.4779615,3076938633.732142,63839743.74582043
NHG,bcc-csm1-1_rcp26_r1i1p1,LUCAS-BAU_High-0002,2995807286.2418246,2930631268.2599664,65176017.98185749
NHG,bcc-csm1-1_rcp45_r1i1p1,FORE-SCE-A1B,4083932098.3786674,4041366670.531787,42565427.84688079
NHG,bcc-csm1-1_rcp45_r1i1p1,FORE-SCE-A2,4084264412.1920395,4046784563.025131,37479849.16691015
NHG,bcc-csm1-1_rcp45_r1i1p1,FORE-SCE-B1,4083291401.7991223,4049733755.611618,33557646.18750337
NHG,bcc-csm1-1_rcp45_r1i1p1,GCAM-26,4044780848.6332245,3978349414.503105,66431434.13011859
NHG,bcc-csm1-1_rcp45_r1i1p1,GCAM-45,4083392247.6289687,4031189837.920034,52202409.70893353
NHG,bcc-csm1-1_rcp45_r1i1p1,GCAM-ref,4039364393.4575806,3996996334.5956597,42368058.86191781
NHG,bcc-csm1-1_rcp45_r1i1p1,LUCAS-BAU_High-0001,4042778590.0277166,4012624695.1394114,30153894.88830621
NHG,bcc-csm1-1_rcp45_r1i1p1,LUCAS-BAU_High-0002,4082848107.494722,4052080307.7374077,30767799.757315498
NHG,bcc-csm1-1_rcp60_r1i1p1,FORE-SCE-A1B,4541168499.330637,4536151943.206818,5016556.123817849
NHG,bcc-csm1-1_rcp60_r1i1p1,FORE-SCE-A2,4247159800.4049726,4242972444.141139,4187356.2638340453
NHG,bcc-csm1-1_rcp60_r1i1p1,FORE-SCE-B1,4109237414.580582,4105534401.7866826,3703012.793899979
NHG,bcc-csm1-1_rcp60_r1i1p1,GCAM-26,4126200505.844242,4115370358.4892073,10830147.355034579
NHG,bcc-csm1-1_rcp60_r1i1p1,GCAM-45,4396600215.894062,4389707218.509385,6892997.384676661
NHG,bcc-csm1-1_rcp60_r1i1p1,GCAM-ref,4209256753.347522,4203842670.690469,5414082.657052356
NHG,bcc-csm1-1_rcp60_r1i1p1,LUCAS-BAU_High-0001,4096482834.6897607,4093441678.771131,3041155.918629267
NHG,bcc-csm1-1_rcp60_r1i1p1,LUCAS-BAU_High-0002,4105491546.535711,4102330534.9480906,3161011.587621613
NHG,bcc-csm1-1_rcp85_r1i1p1,FORE-SCE-A1B,27646324739.249523,27576291661.02577,70033078.22375439
NHG,bcc-csm1-1_rcp85_r1i1p1,FORE-SCE-A2,27841570432.413094,27779484933.825233,62085498.58785253
NHG,bcc-csm1-1_rcp85_r1i1p1,FORE-SCE-B1,27922458829.300106,27869982272.888844,52476556.41124992
NHG,bcc-csm1-1_rcp85_r1i1p1,GCAM-26,27935966102.128136,27831024084.74925,104942017.37889042
NHG,bcc-csm1-1_rcp85_r1i1p1,GCAM-45,27933728445.732292,27852206759.936733,81521685.79555851
NHG,bcc-csm1-1_rcp85_r1i1p1,GCAM-ref,27979885080.661995,27919805938.682976,60079141.97901258
NHG,bcc-csm1-1_rcp85_r1i1p1,LUCAS-BAU_High-0001,27902649912.442646,27850547606.793716,52102305.64893213
NHG,bcc-csm1-1_rcp85_r1i1p1,LUCAS-BAU_High-0002,27948124061.102276,27897699658.750484,50424402.35180084
NHG,canesm2_rcp26_r1i1p1,FORE-SCE-A1B,76034859651.40245,75962119638.5483,72740012.85414225
NHG,canesm2_rcp26_r1i1p1,FORE-SCE-A2,75824199859.98311,75767315162.63762,56884697.345435165
NHG,canesm2_rcp26_r1i1p1,FORE-SCE-B1,77362010540.17499,77313469855.40862,48540684.76630842
NHG,canesm2_rcp26_r1i1p1,GCAM-26,76239655867.09924,76155320112.66772,84335754.43155101
NHG,canesm2_rcp26_r1i1p1,GCAM-45,74941908810.9615,74867393739.76268,74515071.19880137
NHG,canesm2_rcp26_r1i1p1,GCAM-ref,75463178432.39735,75374964758.87477,88213673.52266976
NHG,canesm2_rcp26_r1i1p1,LUCAS-BAU_High-0001,74904794161.39311,74866656359.7076,38137801.685507536
NHG,canesm2_rcp26_r1i1p1,LUCAS-BAU_High-0002,75169045237.36263,75124682375.54967,44362861.81296013
NHG,canesm2_rcp45_r1i1p1,FORE-SCE-A1B,9976550401.916777,9841242668.968403,135307732.94837493
NHG,canesm2_rcp45_r1i1p1,FORE-SCE-A2,9970298792.572748,9841443545.775856,128855246.7968946
NHG,canesm2_rcp45_r1i1p1,FORE-SCE-B1,9933636973.900566,9817639349.277014,115997624.62355365
NHG,canesm2_rcp45_r1i1p1,GCAM-26,10016811782.378002,9817172482.097204,199639300.28079706
NHG,canesm2_rcp45_r1i1p1,GCAM-45,9971709724.96213,9810480358.80303,161229366.15910292
NHG,canesm2_rcp45_r1i1p1,GCAM-ref,10041267667.81672,9901432513.986769,139835153.82994762
NHG,canesm2_rcp45_r1i1p1,LUCAS-BAU_High-0001,10100956257.432158,9995143479.585253,105812777.84690419
NHG,canesm2_rcp45_r1i1p1,LUCAS-BAU_High-0002,9937752797.192474,9822354918.82115,115397878.37132117
NHG,canesm2_rcp85_r1i1p1,FORE-SCE-A1B,148813088988.03314,148693168650.2214,119920337.81175545
NHG,canesm2_rcp85_r1i1p1,FORE-SCE-A2,148775376440.56284,148675110452.20422,100265988.35859558
NHG,canesm2_rcp85_r1i1p1,FORE-SCE-B1,148783957379.59268,148680433865.62567,103523513.96698645
NHG,canesm2_rcp85_r1i1p1,GCAM-26,148845452213.8531,148669250260.37146,176201953.48161024
NHG,canesm2_rcp85_r1i1p1,GCAM-45,148719780737.18933,148583476059.0539,136304678.13550717
NHG,canesm2_rcp85_r1i1p1,GCAM-ref,149096660508.67255,148981320930.71765,115339577.95487355
NHG,canesm2_rcp85_r1i1p1,LUCAS-BAU_High-0001,148449846424.62915,148360742936.32495,89103488.30414818
NHG,canesm2_rcp85_r1i1p1,LUCAS-BAU_High-0002,148649737687.7835,148570993585.7281,78744102.05540603
NHG,ccsm4_rcp26_r1i1p1,FORE-SCE-A1B,11822928723.115341,11748649291.779924,74279431.3354162
NHG,ccsm4_rcp26_r1i1p1,FORE-SCE-A2,11989051921.94259,11929576311.147474,59475610.79512199
NHG,ccsm4_rcp26_r1i1p1,FORE-SCE-B1,11925368657.415684,11867584959.114891,57783698.300788105
NHG,ccsm4_rcp26_r1i1p1,GCAM-26,11926194824.350992,11820262151.31463,105932673.03635703
NHG,ccsm4_rcp26_r1i1p1,GCAM-45,11853656079.301846,11778633124.153606,75022955.14823948
NHG,ccsm4_rcp26_r1i1p1,GCAM-ref,11904904675.64163,11830101130.105942,74803545.5356906
NHG,ccsm4_rcp26_r1i1p1,LUCAS-BAU_High-0001,11909221795.268988,11863220877.571705,46000917.697285205
NHG,ccsm4_rcp26_r1i1p1,LUCAS-BAU_High-0002,11933697427.78925,11882634603.045332,51062824.743913054
NHG,ccsm4_rcp45_r1i1p1,FORE-SCE-A1B,19534465863.89699,19485383785.14084,49082078.75614377
NHG,ccsm4_rcp45_r1i1p1,FORE-SCE-A2,19549275760.535652,19505892740.097137,43383020.4385099
NHG,ccsm4_rcp45_r1i1p1,FORE-SCE-B1,19538922858.38149,19498057870.47892,40864987.90255992
NHG,ccsm4_rcp45_r1i1p1,GCAM-26,19611378959.566708,19532954369.376846,78424590.18986504
NHG,ccsm4_rcp45_r1i1p1,GCAM-45,19612783102.770393,19549248228.97532,63534873.79507343
NHG,ccsm4_rcp45_r1i1p1,GCAM-ref,19534013476.679565,19483925853.540085,50087623.1394879
NHG,ccsm4_rcp45_r1i1p1,LUCAS-BAU_High-0001,19558669950.86357,19521620988.75068,37048962.11288509
NHG,ccsm4_rcp45_r1i1p1,LUCAS-BAU_High-0002,19689361292.825153,19650277607.69007,39083685.13508081
NHG,ccsm4_rcp60_r1i1p1,FORE-SCE-A1B,27667234497.780758,27635724686.582256,31509811.198496334
NHG,ccsm4_rcp60_r1i1p1,FORE-SCE-A2,28325566655.449104,28299345451.88281,26221203.566299327
NHG,ccsm4_rcp60_r1i1p1,FORE-SCE-B1,27692204179.95445,27667812376.591587,24391803.362861093
NHG,ccsm4_rcp60_r1i1p1,GCAM-26,27640095196.640366,27593643647.868256,46451548.77211575
NHG,ccsm4_rcp60_r1i1p1,GCAM-45,27634697136.95457,27598083712.47866,36613424.47589976
NHG,ccsm4_rcp60_r1i1p1,GCAM-ref,27642874645.06468,27612129346.264057,30745298.80062255
NHG,ccsm4_rcp60_r1i1p1,LUCAS-BAU_High-0001,27970639366.48048,27947609780.34515,23029586.135331776
NHG,ccsm4_rcp60_r1i1p1,LUCAS-BAU_High-0002,27645895671.089176,27622852502.34706,23043168.742117155
NHG,ccsm4_rcp85_r1i1p1,FORE-SCE-A1B,23570747093.338806,23496500269.670177,74246823.66863501
NHG,ccsm4_rcp85_r1i1p1,FORE-SCE-A2,23630075205.700867,23562785414.84512,67289790.85574618
NHG,ccsm4_rcp85_r1i1p1,FORE-SCE-B1,23307816507.89835,23249879505.18933,57937002.7090214
NHG,ccsm4_rcp85_r1i1p1,GCAM-26,23779487035.279446,23669782362.21005,109704673.06939329
NHG,ccsm4_rcp85_r1i1p1,GCAM-45,23570857779.217403,23478290278.437176,92567500.78022678
NHG,ccsm4_rcp85_r1i1p1,GCAM-ref,23503248849.828804,23433230789.274086,70018060.5547173
NHG,ccsm4_rcp85_r1i1p1,LUCAS-BAU_High-0001,23564488840.3788,23511141392.44991,53347447.928891204
NHG,ccsm4_rcp85_r1i1p1,LUCAS-BAU_High-0002,23593569939.53942,23537313437.7912,56256501.74822719
NHG,cesm1-bgc_rcp45_r1i1p1,FORE-SCE-A1B,27398928517.154583,27350355960.543594,48572556.610986955
NHG,cesm1-bgc_rcp45_r1i1p1,FORE-SCE-A2,27438266440.166862,27393418157.688263,44848282.478599064
NHG,cesm1-bgc_rcp45_r1i1p1,FORE-SCE-B1,27612387516.138905,27571837046.55438,40550469.58452143
NHG,cesm1-bgc_rcp45_r1i1p1,GCAM-26,27287794987.98622,27207760487.661175,80034500.32504876
NHG,cesm1-bgc_rcp45_r1i1p1,GCAM-45,27651691272.50885,27593726028.08193,57965244.426917054
NHG,cesm1-bgc_rcp45_r1i1p1,GCAM-ref,27272910723.196056,27225806119.29053,47104603.90552844
NHG,cesm1-bgc_rcp45_r1i1p1,LUCAS-BAU_High-0001,27253449849.758797,27219004312.560825,34445537.19797404
NHG,cesm1-bgc_rcp45_r1i1p1,LUCAS-BAU_High-0002,27500283625.40011,27464575351.835567,35708273.5645428
NHG,cesm1-bgc_rcp85_r1i1p1,FORE-SCE-A1B,24661006624.93304,24618115835.097313,42890789.83572337
NHG,cesm1-bgc_rcp85_r1i1p1,FORE-SCE-A2,24776779211.31925,24736316010.119217,40463201.20003011
NHG,cesm1-bgc_rcp85_r1i1p1,FORE-SCE-B1,24736966102.82653,24700344259.532665,36621843.293855995
NHG,cesm1-bgc_rcp85_r1i1p1,GCAM-26,24638272561.85613,24562981062.002213,75291499.85391648
NHG,cesm1-bgc_rcp85_r1i1p1,GCAM-45,24597855668.90025,24544010411.20231,53845257.69794207
NHG,cesm1-bgc_rcp85_r1i1p1,GCAM-ref,24728664335.256668,24687018028.5188,41646306.73787083
NHG,cesm1-bgc_rcp85_r1i1p1,LUCAS-BAU_High-0001,24702217547.86018,24674302762.47483,27914785.385352507
NHG,cesm1-bgc_rcp85_r1i1p1,LUCAS-BAU_High-0002,24841679517.63129,24812844822.898785,28834694.732506663
NHG,cesm1-cam5_rcp26_r1i1p1,FORE-SCE-A1B,10530419139.286734,10499247281.068115,31171858.21861672
NHG,cesm1-cam5_rcp26_r1i1p1,FORE-SCE-A2,10512905286.935678,10484648433.277279,28256853.658401605
NHG,cesm1-cam5_rcp26_r1i1p1,FORE-SCE-B1,10496067834.846542,10470973580.155642,25094254.690903887
NHG,cesm1-cam5_rcp26_r1i1p1,GCAM-26,10482070124.124866,10432658548.426577,49411575.69828671
NHG,cesm1-cam5_rcp26_r1i1p1,GCAM-45,10511357722.550789,10473634239.97694,37723482.57385086
NHG,cesm1-cam5_rcp26_r1i1p1,GCAM-ref,10513486948.522076,10482853276.556894,30633671.9651826
NHG,cesm1-cam5_rcp26_r1i1p1,LUCAS-BAU_High-0001,10528855867.939352,10496061693.13906,32794174.800297152
NHG,cesm1-cam5_rcp26_r1i1p1,LUCAS-BAU_High-0002,10510272216.769186,10487995281.678297,22276935.090891268
NHG,cesm1-cam5_rcp45_r1i1p1,FORE-SCE-A1B,5530900435.979159,5469623996.773671,61276439.20548825
NHG,cesm1-cam5_rcp45_r1i1p1,FORE-SCE-A2,5478102434.515007,5426410876.129112,51691558.38589419
NHG,cesm1-cam5_rcp45_r1i1p1,FORE-SCE-B1,5479126010.004655,5427173729.936797,51952280.06785871
NHG,cesm1-cam5_rcp45_r1i1p1,GCAM-26,5531897840.1126795,5441529328.990541,90368511.12213327
NHG,cesm1-cam5_rcp45_r1i1p1,GCAM-45,5449051097.425376,5379978378.354504,69072719.07087302
NHG,cesm1-cam5_rcp45_r1i1p1,GCAM-ref,5489429969.817569,5429696095.196648,59733874.620918855
NHG,cesm1-cam5_rcp45_r1i1p1,LUCAS-BAU_High-0001,5492955240.17152,5450649652.043146,42305588.12837431
NHG,cesm1-cam5_rcp45_r1i1p1,LUCAS-BAU_High-0002,5486306852.167904,5440670639.8432045,45636212.3247015
NHG,cesm1-cam5_rcp60_r1i1p1,FORE-SCE-A1B,7179948728.961441,7082164960.153246,97783768.80819851
NHG,cesm1-cam5_rcp60_r1i1p1,FORE-SCE-A2,7196133703.475434,7116779099.713099,79354603.76233676
NHG,cesm1-cam5_rcp60_r1i1p1,FORE-SCE-B1,7069252308.549179,6998703170.39005,70549138.15912673
NHG,cesm1-cam5_rcp60_r1i1p1,GCAM-26,7164949374.85698,7014168504.668076,150780870.1889009
NHG,cesm1-cam5_rcp60_r1i1p1,GCAM-45,7075191635.591845,6970027903.373505,105163732.21834181
NHG,cesm1-cam5_rcp60_r1i1p1,GCAM-ref,7106410136.564194,7012215881.165251,94194255.39894421
NHG,cesm1-cam5_rcp60_r1i1p1,LUCAS-BAU_High-0001,7126446728.873765,7060666043.432429,65780685.44133713
NHG,cesm1-cam5_rcp60_r1i1p1,LUCAS-BAU_High-0002,7132719796.405055,7066152276.1769285,66567520.22812341
NHG,cesm1-cam5_rcp85_r1i1p1,FORE-SCE-A1B,42837909921.85412,42777834682.54014,60075239.31397957
NHG,cesm1-cam5_rcp85_r1i1p1,FORE-SCE-A2,42939245049.407486,42883438051.82504,55806997.58244236
NHG,cesm1-cam5_rcp85_r1i1p1,FORE-SCE-B1,42945678112.489235,42888778330.32505,56899782.16419839
NHG,cesm1-cam5_rcp85_r1i1p1,GCAM-26,43048295886.66924,42920698769.496346,127597117.17288421
NHG,cesm1-cam5_rcp85_r1i1p1,GCAM-45,42962249086.95242,42889199008.49915,73050078.45327628
NHG,cesm1-cam5_rcp85_r1i1p1,GCAM-ref,42907865863.62581,42848368344.82999,59497518.795827225
NHG,cesm1-cam5_rcp85_r1i1p1,LUCAS-BAU_High-0001,43000058918.32512,42942464358.41178,57594559.913344026
NHG,cesm1-cam5_rcp85_r1i1p1,LUCAS-BAU_High-0002,42983160231.7743,42926748575.8029,56411655.97138847
NHG,cmcc-cm_rcp45_r1i1p1,FORE-SCE-A1B,3534302226.775385,3516375935.842695,17926290.932689052
NHG,cmcc-cm_rcp45_r1i1p1,FORE-SCE-A2,3279158747.2662797,3263702057.6209674,15456689.645312503
NHG,cmcc-cm_rcp45_r1i1p1,FORE-SCE-B1,4442088524.414246,4428605774.2583275,13482750.155916324
NHG,cmcc-cm_rcp45_r1i1p1,GCAM-26,3138163612.4404445,3105002982.275034,33160630.1654083
NHG,cmcc-cm_rcp45_r1i1p1,GCAM-45,3188037755.695782,3164251090.099311,23786665.596468296
NHG,cmcc-cm_rcp45_r1i1p1,GCAM-ref,3211071533.10136,3192855149.299505,18216383.8018546
NHG,cmcc-cm_rcp45_r1i1p1,LUCAS-BAU_High-0001,3270080963.1772075,3258607461.667343,11473501.509864114
NHG,cmcc-cm_rcp45_r1i1p1,LUCAS-BAU_High-0002,3572566534.2621517,3560904981.4390755,11661552.823076
NHG,cmcc-cm_rcp85_r1i1p1,FORE-SCE-A1B,7526455913.037679,7497196418.357851,29259494.679829486
NHG,cmcc-cm_rcp85_r1i1p1,FORE-SCE-A2,7277236655.381466,7251171348.629534,26065306.75193197
NHG,cmcc-cm_rcp85_r1i1p1,FORE-SCE-B1,7584461089.545359,7561542872.655994,22918216.889363177
NHG,cmcc-cm_rcp85_r1i1p1,GCAM-26,5958299271.794431,5907756094.693083,50543177.10134659
NHG,cmcc-cm_rcp85_r1i1p1,GCAM-45,6011378182.57101,5973936601.140911,37441581.43010271
NHG,cmcc-cm_rcp85_r1i1p1,GCAM-ref,7565174635.2811985,7535306895.684362,29867739.596839752
NHG,cmcc-cm_rcp85_r1i1p1,LUCAS-BAU_High-0001,6283720363.404179,6262999838.989064,20720524.415115856
NHG,cmcc-cm_rcp85_r1i1p1,LUCAS-BAU_High-0002,5909716439.716509,5888539121.8823185,21177317.834189
NHG,cnrm-cm5_rcp45_r1i1p1,FORE-SCE-A1B,38581366160.142975,38554080260.31669,27285899.82627749
NHG,cnrm-cm5_rcp45_r1i1p1,FORE-SCE-A2,38354882813.93565,38330861978.850815,24020835.08483516
NHG,cnrm-cm5_rcp45_r1i1p1,FORE-SCE-B1,38486482135.62339,38465892386.7735,20589748.849879343
NHG,cnrm-cm5_rcp45_r1i1p1,GCAM-26,38423272777.3982,38368726945.43397,54545831.964228004
NHG,cnrm-cm5_rcp45_r1i1p1,GCAM-45,38086395693.20247,38042047172.121544,44348521.080940895
NHG,cnrm-cm5_rcp45_r1i1p1,GCAM-ref,38535897853.054085,38509030464.720825,26867388.33327465
NHG,cnrm-cm5_rcp45_r1i1p1,LUCAS-BAU_High-0001,38428628983.41411,38410363642.07089,18265341.343204055
NHG,cnrm-cm5_rcp45_r1i1p1,LUCAS-BAU_High-0002,38283699939.30902,38259126073.136375,24573866.17263901
NHG,cnrm-cm5_rcp85_r1i1p1,FORE-SCE-A1B,69815334374.41063,69781449503.05449,33884871.35615225
NHG,cnrm-cm5_rcp85_r1i1p1,FORE-SCE-A2,69766321459.3926,69734611286.93095,31710172.461654577
NHG,cnrm-cm5_rcp85_r1i1p1,FORE-SCE-B1,69838980187.60469,69811377527.2797,27602660.324993182
NHG,cnrm-cm5_rcp85_r1i1p1,GCAM-26,69738309594.99472,69681464328.10591,56845266.888797864
NHG,cnrm-cm5_rcp85_r1i1p1,GCAM-45,69847444114.39539,69805772771.88571,41671342.509665616
NHG,cnrm-cm5_rcp85_r1i1p1,GCAM-ref,69817125841.76404,69783146195.23457,33979646.52944891
NHG,cnrm-cm5_rcp85_r1i1p1,LUCAS-BAU_High-0001,69802205047.30905,69777995547.26244,24209500.046617445
NHG,cnrm-cm5_rcp85_r1i1p1,LUCAS-BAU_High-0002,69871495298.29353,69846523599.88849,24971698.405028056
NHG,csiro-mk3-6-0_rcp26_r1i1p1,FORE-SCE-A1B,14109447607.785973,14036645696.748583,72801911.03739303
NHG,csiro-mk3-6-0_rcp26_r1i1p1,FORE-SCE-A2,13937253769.944061,13869882025.838436,67371744.10563052
NHG,csiro-mk3-6-0_rcp26_r1i1p1,FORE-SCE-B1,14231927411.678951,14166252723.604168,65674688.07478887
NHG,csiro-mk3-6-0_rcp26_r1i1p1,GCAM-26,14144109440.796513,14031121163.189632,112988277.60688016
NHG,csiro-mk3-6-0_rcp26_r1i1p1,GCAM-45,14585829172.63203,14491085248.65826,94743923.97377482
NHG,csiro-mk3-6-0_rcp26_r1i1p1,GCAM-ref,14370025321.084036,14292486725.130777,77538595.95325284
NHG,csiro-mk3-6-0_rcp26_r1i1p1,LUCAS-BAU_High-0001,13983329879.129597,13927477740.444305,55852138.685296796
NHG,csiro-mk3-6-0_rcp26_r1i1p1,LUCAS-BAU_High-0002,14677351660.458584,14612869525.978432,64482134.48015558
NHG,csiro-mk3-6-0_rcp45_r1i1p1,FORE-SCE-A1B,4231411009.3282976,4204663555.8026495,26747453.52564706
NHG,csiro-mk3-6-0_rcp45_r1i1p1,FORE-SCE-A2,4218352839.153197,4194200884.84236,24151954.31083658
NHG,csiro-mk3-6-0_rcp45_r1i1p1,FORE-SCE-B1,4192454612.5885463,4172329700.359308,20124912.229238406
NHG,csiro-mk3-6-0_rcp45_r1i1p1,GCAM-26,4337435035.0965395,4290303044.52674,47131990.56980097
NHG,csiro-mk3-6-0_rcp45_r1i1p1,GCAM-45,4217777029.6207614,4183012233.1088824,34764796.51187828
NHG,csiro-mk3-6-0_rcp45_r1i1p1,GCAM-ref,4257953266.346144,4233192756.1877365,24760510.158406813
NHG,csiro-mk3-6-0_rcp45_r1i1p1,LUCAS-BAU_High-0001,4162523133.3336883,4145860585.6365414,16662547.697147453
NHG,csiro-mk3-6-0_rcp45_r1i1p1,LUCAS-BAU_High-0002,4179588333.4495435,4162749004.1902046,16839329.259338077
NHG,csiro-mk3-6-0_rcp60_r1i1p1,FORE-SCE-A1B,9888814528.832447,9851048393.690435,37766135.1420142
NHG,csiro-mk3-6-0_rcp60_r1i1p1,FORE-SCE-A2,9775814631.472773,9733246780.910189,42567850.5625881
NHG,csiro-mk3-6-0_rcp60_r1i1p1,FORE-SCE-B1,9927825801.523706,9886408746.86678,41417054.65692896
NHG,csiro-mk3-6-0_rcp60_r1i1p1,GCAM-26,9763597378.231035,9693278728.82098,70318649.410054
NHG,csiro-mk3-6-0_rcp60_r1i1p1,GCAM-45,10003566499.15178,9950012366.283564,53554132.86821166
NHG,csiro-mk3-6-0_rcp60_r1i1p1,GCAM-ref,9747589088.19615,9709828744.632765,37760343.56338372
NHG,csiro-mk3-6-0_rcp60_r1i1p1,LUCAS-BAU_High-0001,10029735398.388815,10003944001.230635,25791397.15818294
NHG,csiro-mk3-6-0_rcp60_r1i1p1,LUCAS-BAU_High-0002,10037075626.70035,10002979449.478764,34096177.2215881
NHG,csiro-mk3-6-0_rcp85_r1i1p1,FORE-SCE-A1B,25729956238.430683,25686787837.428894,43168401.00178761
NHG,csiro-mk3-6-0_rcp85_r1i1p1,FORE-SCE-A2,25768738195.33623,25729511753.952408,39226441.383832045
NHG,csiro-mk3-6-0_rcp85_r1i1p1,FORE-SCE-B1,25419730199.096928,25382936046.401714,36794152.69521187
NHG,csiro-mk3-6-0_rcp85_r1i1p1,GCAM-26,25469011032.03114,25396364096.500465,72646935.53066023
NHG,csiro-mk3-6-0_rcp85_r1i1p1,GCAM-45,25497236528.736496,25442932477.548336,54304051.188173085
NHG,csiro-mk3-6-0_rcp85_r1i1p1,GCAM-ref,25780708552.266876,25728800834.44306,51907717.82382253
NHG,csiro-mk3-6-0_rcp85_r1i1p1,LUCAS-BAU_High-0001,25840943502.909218,25806834076.718452,34109426.190748304
NHG,csiro-mk3-6-0_rcp85_r1i1p1,LUCAS-BAU_High-0002,25719878009.904446,25688759432.680134,31118577.224307172
NHG,fgoals-g2_rcp26_r1i1p1,FORE-SCE-A1B,1023114503.8970088,1009847286.4218965,13267217.475112192
NHG,fgoals-g2_rcp26_r1i1p1,FORE-SCE-A2,639788112.7573612,628878728.5195385,10909384.237822102
NHG,fgoals-g2_rcp26_r1i1p1,FORE-SCE-B1,1078061805.43733,1067736152.4197588,10325653.017571101
NHG,fgoals-g2_rcp26_r1i1p1,GCAM-26,694766362.1663452,671606117.5454595,23160244.620885555
NHG,fgoals-g2_rcp26_r1i1p1,GCAM-45,1128820559.8731134,1111941769.455965,16878790.41714795
NHG,fgoals-g2_rcp26_r1i1p1,GCAM-ref,805113550.7012619,790571749.8257262,14541800.875536192
NHG,fgoals-g2_rcp26_r1i1p1,LUCAS-BAU_High-0001,1168785723.0126214,1159360571.5842984,9425151.428323755
NHG,fgoals-g2_rcp26_r1i1p1,LUCAS-BAU_High-0002,1095565443.6710565,1085670939.5211544,9894504.149901941
NML,access1-0_rcp45_r1i1p1,FORE-SCE-A1B,11662920788.430208,4643570753.19895,7019350035.231257
NML,access1-0_rcp45_r1i1p1,FORE-SCE-A2,10593311704.228771,5006886070.791703,5586425633.437063
NML,access1-0_rcp45_r1i1p1,FORE-SCE-B1,10551329676.570591,6324065220.23563,4227264456.3349595
NML,access1-0_rcp45_r1i1p1,GCAM-26,21500013994.23679,3107024170.5199704,18392989823.716816
NML,access1-0_rcp45_r1i1p1,GCAM-45,14539910111.61516,3565624319.2271824,10974285792.38798
NML,access1-0_rcp45_r1i1p1,GCAM-ref,10026422817.13895,3233943729.17033,6792479087.968617
NML,access1-0_rcp45_r1i1p1,LUCAS-BAU_High-0001,9857845658.568275,6854721908.7955065,3003123749.7727675
NML,access1-0_rcp45_r1i1p1,LUCAS-BAU_High-0002,11790587462.252901,8616324824.448368,3174262637.804534
NML,access1-0_rcp85_r1i1p1,FORE-SCE-A1B,13737422303.362818,441901042.1237104,13295521261.239105
NML,access1-0_rcp85_r1i1p1,FORE-SCE-A2,10769013443.904572,268234185.65456176,10500779258.25001
NML,access1-0_rcp85_r1i1p1,FORE-SCE-B1,8976439400.755186,407043022.593407,8569396378.161783
NML,access1-0_rcp85_r1i1p1,GCAM-26,30753342968.056435,130454029.59277472,30622888938.46366
NML,access1-0_rcp85_r1i1p1,GCAM-45,19835481313.328087,280121133.0762128,19555360180.251877
NML,access1-0_rcp85_r1i1p1,GCAM-ref,13672592305.522919,223036646.35149044,13449555659.171427
NML,access1-0_rcp85_r1i1p1,LUCAS-BAU_High-0001,6492851231.061292,313025880.50140125,6179825350.559892
NML,access1-0_rcp85_r1i1p1,LUCAS-BAU_High-0002,6846618599.587491,313877952.44436777,6532740647.143125
NML,bcc-csm1-1-m_rcp45_r1i1p1,FORE-SCE-A1B,8099795425.432414,0.0,8099795425.432414
NML,bcc-csm1-1-m_rcp45_r1i1p1,FORE-SCE-A2,6549842638.331529,0.0,6549842638.331529
NML,bcc-csm1-1-m_rcp45_r1i1p1,FORE-SCE-B1,5104518042.058388,0.0,5104518042.058388
NML,bcc-csm1-1-m_rcp45_r1i1p1,GCAM-26,20036487429.24846,0.0,20036487429.24846
NML,bcc-csm1-1-m_rcp45_r1i1p1,GCAM-45,12305675821.172432,0.0,12305675821.172432
NML,bcc-csm1-1-m_rcp45_r1i1p1,GCAM-ref,7913770577.222642,0.0,7913770577.222642
NML,bcc-csm1-1-m_rcp45_r1i1p1,LUCAS-BAU_High-0001,3588806013.7286625,9363233.324944668,3579442780.403718
NML,bcc-csm1-1-m_rcp45_r1i1p1,LUCAS-BAU_High-0002,3715155427.131019,0.0,3715155427.131019
NML,bcc-csm1-1-m_rcp85_r1i1p1,FORE-SCE-A1B,23981667857.83926,15904641137.89758,8077026719.941686
NML,bcc-csm1-1-m_rcp85_r1i1p1,FORE-SCE-A2,24987479673.704998,18030087251.64665,6957392422.058357
NML,bcc-csm1-1-m_rcp85_r1i1p1,FORE-SCE-B1,22611373246.329155,16986031102.740692,5625342143.588465
NML,bcc-csm1-1-m_rcp85_r1i1p1,GCAM-26,29194514743.083378,11921226945.406458,17273287797.676933
NML,bcc-csm1-1-m_rcp85_r1i1p1,GCAM-45,24414558619.974472,13180753678.81769,11233804941.156786
NML,bcc-csm1-1-m_rcp85_r1i1p1,GCAM-ref,22814788086.76216,15090231970.18918,7724556116.57298
NML,bcc-csm1-1-m_rcp85_r1i1p1,LUCAS-BAU_High-0001,21643633746.215004,17465152910.80371,4178480835.4113116
NML,bcc-csm1-1-m_rcp85_r1i1p1,LUCAS-BAU_High-0002,21758920022.75306,17367500609.452892,4391419413.300176
NML,bcc-csm1-1_rcp26_r1i1p1,FORE-SCE-A1B,21524595228.058342,4137806765.4359255,17386788462.622417
NML,bcc-csm1-1_rcp26_r1i1p1,FORE-SCE-A2,17956650915.293625,3983435739.383549,13973215175.910076
NML,bcc-csm1-1_rcp26_r1i1p1,FORE-SCE-B1,17473594210.696743,5712973241.486638,11760620969.210104
NML,bcc-csm1-1_rcp26_r1i1p1,GCAM-26,35952458508.25065,64814000.00000004,35887644508.25065
NML,bcc-csm1-1_rcp26_r1i1p1,GCAM-45,26899059617.80697,2524791005.207723,24374268612.599247
NML,bcc-csm1-1_rcp26_r1i1p1,GCAM-ref,22909021910.128826,5393231110.780775,17515790799.348057
NML,bcc-csm1-1_rcp26_r1i1p1,LUCAS-BAU_High-0001,13421981965.048914,4154401856.515155,9267580108.533758
NML,bcc-csm1-1_rcp26_r1i1p1,LUCAS-BAU_High-0002,14824564304.87216,5134399906.60985,9690164398.262312
NML,bcc-csm1-1_rcp45_r1i1p1,FORE-SCE-A1B,12905223542.027897,1823301100.3627203,11081922441.665176
NML,bcc-csm1-1_rcp45_r1i1p1,FORE-SCE-A2,11972506904.981575,2931802147.143197,9040704757.838383
NML,bcc-csm1-1_rcp45_r1i1p1,FORE-SCE-B1,11868480259.26228,4505203817.700174,7363276441.562104
NML,bcc-csm1-1_rcp45_r1i1p1,GCAM-26,25268685397.95361,0.0,25268685397.95361
NML,bcc-csm1-1_rcp45_r1i1p1,GCAM-45,16113392333.510183,0.0,16113392333.510183
NML,bcc-csm1-1_rcp45_r1i1p1,GCAM-ref,10841727172.850286,117425577.95382027,10724301594.896465
NML,bcc-csm1-1_rcp45_r1i1p1,LUCAS-BAU_High-0001,9827900027.113913,4306960108.098883,5520939919.015021
NML,bcc-csm1-1_rcp45_r1i1p1,LUCAS-BAU_High-0002,9771967414.36795,3993378203.977366,5778589210.390587
NML,bcc-csm1-1_rcp60_r1i1p1,FORE-SCE-A1B,11829003631.24337,3703391298.0816793,8125612333.16169
NML,bcc-csm1-1_rcp60_r1i1p1,FORE-SCE-A2,10940674477.874887,4805773018.751056,6134901459.123833
NML,bcc-csm1-1_rcp60_r1i1p1,FORE-SCE-B1,8856687310.112114,3885038971.571311,4971648338.540801
NML,bcc-csm1-1_rcp60_r1i1p1,GCAM-26,21370419649.65839,916018164.1081853,20454401485.550205
NML,bcc-csm1-1_rcp60_r1i1p1,GCAM-45,14342675560.972998,1754601173.865217,12588074387.107779
NML,bcc-csm1-1_rcp60_r1i1p1,GCAM-ref,11815183739.044102,3201846079.0436215,8613337660.000477
NML,bcc-csm1-1_rcp60_r1i1p1,LUCAS-BAU_High-0001,11325842589.758003,7329249364.394081,3996593225.363924
NML,bcc-csm1-1_rcp60_r1i1p1,LUCAS-BAU_High-0002,10589565960.49788,6395863863.021678,4193702097.4761987
NML,bcc-csm1-1_rcp85_r1i1p1,FORE-SCE-A1B,38008422334.93105,25464950689.240784,12543471645.690279
NML,bcc-csm1-1_rcp85_r1i1p1,FORE-SCE-A2,48850684558.20972,37636082786.7044,11214601771.505346
NML,bcc-csm1-1_rcp85_r1i1p1,FORE-SCE-B1,47777804098.19687,38783221574.302956,8994582523.893913
NML,bcc-csm1-1_rcp85_r1i1p1,GCAM-26,36311493097.15311,11683012250.49453,24628480846.658585
NML,bcc-csm1-1_rcp85_r1i1p1,GCAM-45,36536485069.5147,19518640524.437855,17017844545.076843
NML,bcc-csm1-1_rcp85_r1i1p1,GCAM-ref,35307603110.42051,23643662347.403797,11663940763.016712
NML,bcc-csm1-1_rcp85_r1i1p1,LUCAS-BAU_High-0001,51253285935.11276,44037033612.389755,7216252322.723023
NML,bcc-csm1-1_rcp85_r1i1p1,LUCAS-BAU_High-0002,51023929336.11935,43636373037.83328,7387556298.286049
NML,canesm2_rcp26_r1i1p1,FORE-SCE-A1B,95235424017.89944,80138177585.96042,15097246431.939049
NML,canesm2_rcp26_r1i1p1,FORE-SCE-A2,92388982228.42447,78897043833.7314,13491938394.69309
NML,canesm2_rcp26_r1i1p1,FORE-SCE-B1,95754620800.79242,83995421428.49168,11759199372.30078
NML,canesm2_rcp26_r1i1p1,GCAM-26,99917028258.87231,75966999902.7653,23950028356.106987
NML,canesm2_rcp26_r1i1p1,GCAM-45,96794266787.58733,78572941757.59247,18221325029.994846
NML,canesm2_rcp26_r1i1p1,GCAM-ref,93231205010.71494,78787147681.76967,14444057328.94524
NML,canesm2_rcp26_r1i1p1,LUCAS-BAU_High-0001,93710143120.7858,83764089623.46051,9946053497.325296
NML,canesm2_rcp26_r1i1p1,LUCAS-BAU_High-0002,95223715780.4685,84816285110.8844,10407430669.584063
NML,canesm2_rcp45_r1i1p1,FORE-SCE-A1B,5890044663.566304,677944578.1431823,5212100085.423121
NML,canesm2_rcp45_r1i1p1,FORE-SCE-A2,4572564029.689209,433938742.33305126,4138625287.356159
NML,canesm2_rcp45_r1i1p1,FORE-SCE-B1,3979375373.3326926,484217445.5596112,3495157927.7730813
NML,canesm2_rcp45_r1i1p1,GCAM-26,12679550753.281044,140083000.00000635,12539467753.281036
NML,canesm2_rcp45_r1i1p1,GCAM-45,7718779131.035336,0.0,7718779131.035336
NML,canesm2_rcp45_r1i1p1,GCAM-ref,6569696501.219893,1461971531.5893364,5107724969.630557
NML,canesm2_rcp45_r1i1p1,LUCAS-BAU_High-0001,4598191674.057919,1872992618.2493439,2725199055.8085747
NML,canesm2_rcp45_r1i1p1,LUCAS-BAU_High-0002,3801146728.848169,1016654604.3236628,2784492124.5245066
NML,canesm2_rcp85_r1i1p1,FORE-SCE-A1B,111691029854.68587,100674180100.47287,11016849754.212978
NML,canesm2_rcp85_r1i1p1,FORE-SCE-A2,119785616900.90906,110060736510.05664,9724880390.852388
NML,canesm2_rcp85_r1i1p1,FORE-SCE-B1,119670475593.27618,111254033047.8674,8416442545.408766
NML,canesm2_rcp85_r1i1p1,GCAM-26,121685010638.57202,102314666387.52516,19370344251.04686
NML,canesm2_rcp85_r1i1p1,GCAM-45,112011596035.13147,97710205879.98355,14301390155.1479
NML,canesm2_rcp85_r1i1p1,GCAM-ref,114513325281.26953,103739014709.95596,10774310571.313541
NML,canesm2_rcp85_r1i1p1,LUCAS-BAU_High-0001,119383397152.08002,112015951260.7255,7367445891.354509
NML,canesm2_rcp85_r1i1p1,LUCAS-BAU_High-0002,120040930027.65434,112556375530.97655,7484554496.677764
NML,ccsm4_rcp26_r1i1p1,FORE-SCE-A1B,18517789214.97364,10825170092.76409,7692619122.209555
NML,ccsm4_rcp26_r1i1p1,FORE-SCE-A2,19102637958.37617,12540535681.467283,6562102276.908878
NML,ccsm4_rcp26_r1i1p1,FORE-SCE-B1,18383223770.3248,13176647688.765108,5206576081.559685
NML,ccsm4_rcp26_r1i1p1,GCAM-26,26475503766.003716,9468254519.329582,17007249246.674131
NML,ccsm4_rcp26_r1i1p1,GCAM-45,19359807254.82757,8424652368.166974,10935154886.660604
NML,ccsm4_rcp26_r1i1p1,GCAM-ref,16588177535.684982,9189137394.225353,7399040141.459633
NML,ccsm4_rcp26_r1i1p1,LUCAS-BAU_High-0001,16888058990.641756,12906292342.455431,3981766648.186331
NML,ccsm4_rcp26_r1i1p1,LUCAS-BAU_High-0002,16532746069.397703,12397605669.397247,4135140400.000448
NML,ccsm4_rcp45_r1i1p1,FORE-SCE-A1B,8632416368.452353,419067721.25006664,8213348647.202286
NML,ccsm4_rcp45_r1i1p1,FORE-SCE-A2,8239436253.336834,1816356819.6935263,6423079433.643308
NML,ccsm4_rcp45_r1i1p1,FORE-SCE-B1,6877805481.412256,1284809588.6735995,5592995892.738655
NML,ccsm4_rcp45_r1i1p1,GCAM-26,18592468946.066956,49112478.96361701,18543356467.10334
NML,ccsm4_rcp45_r1i1p1,GCAM-45,12552307208.349487,461721963.50432885,12090585244.845156
NML,ccsm4_rcp45_r1i1p1,GCAM-ref,9131314204.183466,525027616.1611952,8606286588.02227
NML,ccsm4_rcp45_r1i1p1,LUCAS-BAU_High-0001,11272260668.366629,6640794210.626021,4631466457.740612
NML,ccsm4_rcp45_r1i1p1,LUCAS-BAU_High-0002,8740984978.488178,4011665210.8208613,4729319767.667316
NML,ccsm4_rcp60_r1i1p1,FORE-SCE-A1B,6935175152.506162,3313090555.9338565,3622084596.572305
NML,ccsm4_rcp60_r1i1p1,FORE-SCE-A2,6441761831.274004,4061290036.3417454,2380471794.9322557
NML,ccsm4_rcp60_r1i1p1,FORE-SCE-B1,6731547920.686528,4710289287.919172,2021258632.7673564
NML,ccsm4_rcp60_r1i1p1,GCAM-26,14432406999.973444,3687824319.038348,10744582680.935099
NML,ccsm4_rcp60_r1i1p1,GCAM-45,8258573048.604117,2167996562.1857834,6090576486.418335
NML,ccsm4_rcp60_r1i1p1,GCAM-ref,7239526584.892783,3034894259.251252,4204632325.6415305
NML,ccsm4_rcp60_r1i1p1,LUCAS-BAU_High-0001,8936885215.705658,7297979010.917762,1638906204.7878962
NML,ccsm4_rcp60_r1i1p1,LUCAS-BAU_High-0002,8690079101.516994,6939533954.206963,1750545147.310034
NML,ccsm4_rcp85_r1i1p1,FORE-SCE-A1B,46780704096.05648,37797117236.85077,8983586859.205719
NML,ccsm4_rcp85_r1i1p1,FORE-SCE-A2,45093572522.73933,37862290926.720184,7231281596.019138
NML,ccsm4_rcp85_r1i1p1,FORE-SCE-B1,45575165994.93357,39364062476.02092,6211103518.91265
NML,ccsm4_rcp85_r1i1p1,GCAM-26,47485179874.705185,27546930203.790874,19938249670.914303
NML,ccsm4_rcp85_r1i1p1,GCAM-45,47280206105.245995,34470251107.32057,12809954997.925417
NML,ccsm4_rcp85_r1i1p1,GCAM-ref,50326179483.664825,41448832128.844055,8877347354.82077
NML,ccsm4_rcp85_r1i1p1,LUCAS-BAU_High-0001,51170947435.37202,46572969697.542595,4597977737.829423
NML,ccsm4_rcp85_r1i1p1,LUCAS-BAU_High-0002,51119709887.08745,46259122361.681145,4860587525.40629
NML,cesm1-bgc_rcp45_r1i1p1,FORE-SCE-A1B,15108240426.966984,9478403468.642979,5629836958.324005
NML,cesm1-bgc_rcp45_r1i1p1,FORE-SCE-A2,15741471297.918133,11257703972.441296,4483767325.476838
NML,cesm1-bgc_rcp45_r1i1p1,FORE-SCE-B1,14980949891.808674,11341424742.006403,3639525149.8022704
NML,cesm1-bgc_rcp45_r1i1p1,GCAM-26,24005223454.71755,10460616669.515066,13544606785.202482
NML,cesm1-bgc_rcp45_r1i1p1,GCAM-45,18196306887.158016,9823749843.952948,8372557043.205068
NML,cesm1-bgc_rcp45_r1i1p1,GCAM-ref,17189657153.74832,11790873479.43658,5398783674.31174
NML,cesm1-bgc_rcp45_r1i1p1,LUCAS-BAU_High-0001,15971112747.318249,13235467536.855862,2735645210.462386
NML,cesm1-bgc_rcp45_r1i1p1,LUCAS-BAU_High-0002,15686648728.21082,12824153645.295773,2862495082.915045
NML,cesm1-bgc_rcp85_r1i1p1,FORE-SCE-A1B,40970346801.93422,38294108581.34584,2676238220.5883737
NML,cesm1-bgc_rcp85_r1i1p1,FORE-SCE-A2,38226053813.90227,36401335513.18332,1824718300.7189493
NML,cesm1-bgc_rcp85_r1i1p1,FORE-SCE-B1,40110158401.99718,38508234193.24367,1601924208.7535074
NML,cesm1-bgc_rcp85_r1i1p1,GCAM-26,34108961483.666542,26473585187.579323,7635376296.087211
NML,cesm1-bgc_rcp85_r1i1p1,GCAM-45,37256610251.71356,33065751075.847412,4190859175.8661423
NML,cesm1-bgc_rcp85_r1i1p1,GCAM-ref,44908275060.7465,42098671196.68099,2809603864.065495
NML,cesm1-bgc_rcp85_r1i1p1,LUCAS-BAU_High-0001,43018916112.68155,41793345561.035675,1225570551.6458693
NML,cesm1-bgc_rcp85_r1i1p1,LUCAS-BAU_High-0002,44461535750.43862,43159342602.08581,1302193148.3528152
NML,cesm1-cam5_rcp26_r1i1p1,FORE-SCE-A1B,30412665104.031384,22570456665.830505,7842208438.200881
NML,cesm1-cam5_rcp26_r1i1p1,FORE-SCE-A2,29409056170.115467,22888785427.461742,6520270742.653723
NML,cesm1-cam5_rcp26_r1i1p1,FORE-SCE-B1,28073378974.379837,22379478310.693916,5693900663.68592
NML,cesm1-cam5_rcp26_r1i1p1,GCAM-26,38249490295.196884,22578785555.92157,15670704739.275324
NML,cesm1-cam5_rcp26_r1i1p1,GCAM-45,33511083324.11175,22882805174.618744,10628278149.493006
NML,cesm1-cam5_rcp26_r1i1p1,GCAM-ref,31017823324.37024,23250900163.623608,7766923160.746632
NML,cesm1-cam5_rcp26_r1i1p1,LUCAS-BAU_High-0001,27592244072.36445,22951697586.85776,4640546485.506689
NML,cesm1-cam5_rcp26_r1i1p1,LUCAS-BAU_High-0002,28265333504.20002,23562403000.35606,4702930503.843953
NML,cesm1-cam5_rcp45_r1i1p1,FORE-SCE-A1B,16012822035.642756,3469427532.819352,12543394502.823406
NML,cesm1-cam5_rcp45_r1i1p1,FORE-SCE-A2,13918259524.933098,3829853519.4657907,10088406005.467308
NML,cesm1-cam5_rcp45_r1i1p1,FORE-SCE-B1,12871961409.435946,3986902283.7310705,8885059125.704872
NML,cesm1-cam5_rcp45_r1i1p1,GCAM-26,27158973855.77172,1214810054.9244184,25944163800.847298
NML,cesm1-cam5_rcp45_r1i1p1,GCAM-45,20162855265.34934,2754353336.774284,17408501928.57506
NML,cesm1-cam5_rcp45_r1i1p1,GCAM-ref,16078939810.86147,3150255421.9331408,12928684388.928326
NML,cesm1-cam5_rcp45_r1i1p1,LUCAS-BAU_High-0001,11099342698.587564,3932487514.100255,7166855184.487312
NML,cesm1-cam5_rcp45_r1i1p1,LUCAS-BAU_High-0002,11673687031.47387,4200037259.786976,7473649771.686893
NML,cesm1-cam5_rcp60_r1i1p1,FORE-SCE-A1B,22525023991.878597,10331596198.081749,12193427793.796843
NML,cesm1-cam5_rcp60_r1i1p1,FORE-SCE-A2,22145879407.414658,11849377217.705645,10296502189.709007
NML,cesm1-cam5_rcp60_r1i1p1,FORE-SCE-B1,20454877786.497547,11602152818.953588,8852724967.543962
NML,cesm1-cam5_rcp60_r1i1p1,GCAM-26,34937032739.519844,11444584130.034004,23492448609.485847
NML,cesm1-cam5_rcp60_r1i1p1,GCAM-45,27709703491.712696,11141486209.084965,16568217282.627743
NML,cesm1-cam5_rcp60_r1i1p1,GCAM-ref,24020391160.912144,11625475401.19232,12394915759.719826
NML,cesm1-cam5_rcp60_r1i1p1,LUCAS-BAU_High-0001,19591642217.38795,12349514192.3314,7242128025.056544
NML,cesm1-cam5_rcp60_r1i1p1,LUCAS-BAU_High-0002,19684674777.555008,12132443836.66769,7552230940.887321
NML,cesm1-cam5_rcp85_r1i1p1,FORE-SCE-A1B,45775625555.07366,26834409555.111828,18941215999.961838
NML,cesm1-cam5_rcp85_r1i1p1,FORE-SCE-A2,45026995013.544365,27936936114.547066,17090058898.997297
NML,cesm1-cam5_rcp85_r1i1p1,FORE-SCE-B1,43797697018.87928,28155154276.58581,15642542742.293455
NML,cesm1-cam5_rcp85_r1i1p1,GCAM-26,56625637283.290886,25571622614.276703,31054014669.0142
NML,cesm1-cam5_rcp85_r1i1p1,GCAM-45,49398259404.726685,25938817613.18423,23459441791.542458
NML,cesm1-cam5_rcp85_r1i1p1,GCAM-ref,45213686495.90722,26653243985.81608,18560442510.09112
NML,cesm1-cam5_rcp85_r1i1p1,LUCAS-BAU_High-0001,41414416608.847916,28197711983.05746,13216704625.79046
NML,cesm1-cam5_rcp85_r1i1p1,LUCAS-BAU_High-0002,41203816100.53524,28066331489.53975,13137484610.995495
NML,cmcc-cm_rcp45_r1i1p1,FORE-SCE-A1B,12410717553.512844,0.0,12410717553.512844
NML,cmcc-cm_rcp45_r1i1p1,FORE-SCE-A2,9674777135.921755,0.0,9674777135.921755
NML,cmcc-cm_rcp45_r1i1p1,FORE-SCE-B1,7723122584.802061,0.0,7723122584.802061
NML,cmcc-cm_rcp45_r1i1p1,GCAM-26,28634399345.4505,0.0,28634399345.4505
NML,cmcc-cm_rcp45_r1i1p1,GCAM-45,18391355063.546837,0.0,18391355063.546837
NML,cmcc-cm_rcp45_r1i1p1,GCAM-ref,12275390264.610956,0.0,12275390264.610956
NML,cmcc-cm_rcp45_r1i1p1,LUCAS-BAU_High-0001,5528444696.09865,0.0,5528444696.09865
NML,cmcc-cm_rcp45_r1i1p1,LUCAS-BAU_High-0002,5875089641.057517,0.0,5875089641.057517
NML,cmcc-cm_rcp85_r1i1p1,FORE-SCE-A1B,18083751539.015446,5647798563.248199,12435952975.76725
NML,cmcc-cm_rcp85_r1i1p1,FORE-SCE-A2,14611424754.076424,4214241903.827484,10397182850.248934
NML,cmcc-cm_rcp85_r1i1p1,FORE-SCE-B1,12410408401.73675,4322629737.538683,8087778664.198067
NML,cmcc-cm_rcp85_r1i1p1,GCAM-26,27485459478.990986,0.0,27485459478.990986
NML,cmcc-cm_rcp85_r1i1p1,GCAM-45,17752446012.717667,0.0,17752446012.717667
NML,cmcc-cm_rcp85_r1i1p1,GCAM-ref,13986315764.984674,2141748227.83324,11844567537.151432
NML,cmcc-cm_rcp85_r1i1p1,LUCAS-BAU_High-0001,12769789182.060173,6915173092.275061,5854616089.785115
NML,cmcc-cm_rcp85_r1i1p1,LUCAS-BAU_High-0002,13086880523.142519,6972616420.674926,6114264102.467593
NML,cnrm-cm5_rcp45_r1i1p1,FORE-SCE-A1B,49484705176.538025,42872595369.39708,6612109807.140934
NML,cnrm-cm5_rcp45_r1i1p1,FORE-SCE-A2,51308114588.42989,45313500373.631935,5994614214.797962
NML,cnrm-cm5_rcp45_r1i1p1,FORE-SCE-B1,49964485062.329315,44629227004.09651,5335258058.23281
NML,cnrm-cm5_rcp45_r1i1p1,GCAM-26,49903687097.9569,37671642418.34897,12232044679.607903
NML,cnrm-cm5_rcp45_r1i1p1,GCAM-45,49995659481.62204,41282600796.584274,8713058685.037773
NML,cnrm-cm5_rcp45_r1i1p1,GCAM-ref,48054991281.924355,41671548122.49345,6383443159.430908
NML,cnrm-cm5_rcp45_r1i1p1,LUCAS-BAU_High-0001,49958239211.892365,45534926944.14776,4423312267.744596
NML,cnrm-cm5_rcp45_r1i1p1,LUCAS-BAU_High-0002,50079291272.76136,45543393592.05801,4535897680.703385
NML,cnrm-cm5_rcp85_r1i1p1,FORE-SCE-A1B,67438317671.83475,54893345511.600975,12544972160.233772
NML,cnrm-cm5_rcp85_r1i1p1,FORE-SCE-A2,67734049945.57309,56295270245.51576,11438779700.057322
NML,cnrm-cm5_rcp85_r1i1p1,FORE-SCE-B1,66680656512.3788,56562815366.48545,10117841145.89333
NML,cnrm-cm5_rcp85_r1i1p1,GCAM-26,70642848102.35289,50132910023.92588,20509938078.427017
NML,cnrm-cm5_rcp85_r1i1p1,GCAM-45,68266847302.07759,53011323565.18101,15255523736.89661
NML,cnrm-cm5_rcp85_r1i1p1,GCAM-ref,66816407508.5461,54864841951.34721,11951565557.198883
NML,cnrm-cm5_rcp85_r1i1p1,LUCAS-BAU_High-0001,65394322043.011765,56909503189.72488,8484818853.286878
NML,cnrm-cm5_rcp85_r1i1p1,LUCAS-BAU_High-0002,64849172527.24001,56314023375.828674,8535149151.411336
NML,csiro-mk3-6-0_rcp26_r1i1p1,FORE-SCE-A1B,36764787772.48248,23135322650.37623,13629465122.106262
NML,csiro-mk3-6-0_rcp26_r1i1p1,FORE-SCE-A2,35684220406.75327,24610033240.32361,11074187166.429676
NML,csiro-mk3-6-0_rcp26_r1i1p1,FORE-SCE-B1,33790611528.294598,23868241388.69835,9922370139.596247
NML,csiro-mk3-6-0_rcp26_r1i1p1,GCAM-26,47180125029.05548,21665218082.613815,25514906946.44167
NML,csiro-mk3-6-0_rcp26_r1i1p1,GCAM-45,41936671478.28614,24173762637.85946,17762908840.42667
NML,csiro-mk3-6-0_rcp26_r1i1p1,GCAM-ref,36847364607.61755,22993484623.06807,13853879984.549475
NML,csiro-mk3-6-0_rcp26_r1i1p1,LUCAS-BAU_High-0001,33577679031.76079,25302591749.34107,8275087282.419713
NML,csiro-mk3-6-0_rcp26_r1i1p1,LUCAS-BAU_High-0002,33825974524.02058,25026649461.318626,8799325062.701948
NML,csiro-mk3-6-0_rcp45_r1i1p1,FORE-SCE-A1B,12798698115.987928,972123033.4551686,11826575082.532763
NML,csiro-mk3-6-0_rcp45_r1i1p1,FORE-SCE-A2,9541638715.977293,519709173.2587999,9021929542.718494
NML,csiro-mk3-6-0_rcp45_r1i1p1,FORE-SCE-B1,8078084945.5092745,776265960.4441679,7301818985.065105
NML,csiro-mk3-6-0_rcp45_r1i1p1,GCAM-26,28299943189.781643,689375382.2282629,27610567807.55338
NML,csiro-mk3-6-0_rcp45_r1i1p1,GCAM-45,18629433830.715816,828928998.6148424,17800504832.10097
NML,csiro-mk3-6-0_rcp45_r1i1p1,GCAM-ref,13101238629.053225,825872401.4065938,12275366227.646631
NML,csiro-mk3-6-0_rcp45_r1i1p1,LUCAS-BAU_High-0001,6416369911.2372465,649403904.3005466,5766966006.936701
NML,csiro-mk3-6-0_rcp45_r1i1p1,LUCAS-BAU_High-0002,6708037264.063559,657682158.1271892,6050355105.936371
NML,csiro-mk3-6-0_rcp60_r1i1p1,FORE-SCE-A1B,8748460142.16476,0.0,8748460142.16476
NML,csiro-mk3-6-0_rcp60_r1i1p1,FORE-SCE-A2,7199665915.2821045,0.0,7199665915.2821045
NML,csiro-mk3-6-0_rcp60_r1i1p1,FORE-SCE-B1,5682475928.155218,0.0,5682475928.155218
NML,csiro-mk3-6-0_rcp60_r1i1p1,GCAM-26,20405967387.694496,0.0,20405967387.694496
NML,csiro-mk3-6-0_rcp60_r1i1p1,GCAM-45,12810656914.601704,0.0,12810656914.601704
NML,csiro-mk3-6-0_rcp60_r1i1p1,GCAM-ref,8482419237.45467,0.0,8482419237.45467
NML,csiro-mk3-6-0_rcp60_r1i1p1,LUCAS-BAU_High-0001,4272880547.1861496,0.0,4272880547.1861496
NML,csiro-mk3-6-0_rcp60_r1i1p1,LUCAS-BAU_High-0002,4422372286.707639,0.0,4422372286.707639
NML,csiro-mk3-6-0_rcp85_r1i1p1,FORE-SCE-A1B,12749217791.147736,4633562402.995532,8115655388.152206
NML,csiro-mk3-6-0_rcp85_r1i1p1,FORE-SCE-A2,11229072825.017092,5120772773.702433,6108300051.314661
NML,csiro-mk3-6-0_rcp85_r1i1p1,FORE-SCE-B1,10522871297.092218,5435714218.91341,5087157078.17881
NML,csiro-mk3-6-0_rcp85_r1i1p1,GCAM-26,26705582194.27333,6642269900.283211,20063312293.99012
NML,csiro-mk3-6-0_rcp85_r1i1p1,GCAM-45,17903079197.684074,5564292525.880365,12338786671.803701
NML,csiro-mk3-6-0_rcp85_r1i1p1,GCAM-ref,16034467259.877846,7119575572.935348,8914891686.942495
NML,csiro-mk3-6-0_rcp85_r1i1p1,LUCAS-BAU_High-0001,10339282546.14959,6545098163.965344,3794184382.1842427
NML,csiro-mk3-6-0_rcp85_r1i1p1,LUCAS-BAU_High-0002,12180052496.894863,8152164350.343943,4027888146.550922
NML,fgoals-g2_rcp26_r1i1p1,FORE-SCE-A1B,16147831321.542477,9970318587.493929,6177512734.048557
NML,fgoals-g2_rcp26_r1i1p1,FORE-SCE-A2,15084469238.624372,10268897760.417652,4815571478.206721
NML,fgoals-g2_rcp26_r1i1p1,FORE-SCE-B1,14703318861.04326,10554080813.925701,4149238047.117559
NML,fgoals-g2_rcp26_r1i1p1,GCAM-26,22386547839.789326,7611317294.827772,14775230544.96156
NML,fgoals-g2_rcp26_r1i1p1,GCAM-45,17888744869.62322,8839647858.719383,9049097010.903841
NML,fgoals-g2_rcp26_r1i1p1,GCAM-ref,15968170248.654335,9762549069.197552,6205621179.456786
NML,fgoals-g2_rcp26_r1i1p1,LUCAS-BAU_High-0001,13582443585.530216,10401576917.158144,3180866668.372074
NML,fgoals-g2_rcp26_r1i1p1,LUCAS-BAU_High-0002,13523224103.525244,10161520913.651375,3361703189.873869
ORO,access1-0_rcp45_r1i1p1,FORE-SCE-A1B,90467239583.83911,235241000.00000325,90231998583.83911
ORO,access1-0_rcp45_r1i1p1,FORE-SCE-A2,72664922557.98083,235240999.99999452,72429681557.98083
ORO,access1-0_rcp45_r1i1p1,FORE-SCE-B1,56750774761.96336,235241000.0000091,56515533761.96336
ORO,access1-0_rcp45_r1i1p1,GCAM-26,211999560631.10977,235240999.99999163,211764319631.10977
ORO,access1-0_rcp45_r1i1p1,GCAM-45,133798574575.75539,235241000.00000617,133563333575.75536
ORO,access1-0_rcp45_r1i1p1,GCAM-ref,87849307663.81111,235240999.99999744,87614066663.81111
ORO,access1-0_rcp45_r1i1p1,LUCAS-BAU_High-0001,41195990080.4604,235241000.00000325,40960749080.460396
ORO,access1-0_rcp45_r1i1p1,LUCAS-BAU_High-0002,43389173768.90036,235241000.0000091,43153932768.90035
ORO,access1-0_rcp85_r1i1p1,FORE-SCE-A1B,158610720168.1083,0.0,158610720168.1083
ORO,access1-0_rcp85_r1i1p1,FORE-SCE-A2,128795351792.98167,0.0,128795351792.98167
ORO,access1-0_rcp85_r1i1p1,FORE-SCE-B1,108324730832.78592,0.0,108324730832.78592
ORO,access1-0_rcp85_r1i1p1,GCAM-26,331708218215.32904,0.0,331708218215.32904
ORO,access1-0_rcp85_r1i1p1,GCAM-45,221327661712.04837,0.0,221327661712.04837
ORO,access1-0_rcp85_r1i1p1,GCAM-ref,158958467082.54584,0.0,158958467082.54584
ORO,access1-0_rcp85_r1i1p1,LUCAS-BAU_High-0001,83459255511.84776,0.0,83459255511.84776
ORO,access1-0_rcp85_r1i1p1,LUCAS-BAU_High-0002,87326689779.07509,0.0,87326689779.07509
ORO,bcc-csm1-1-m_rcp45_r1i1p1,FORE-SCE-A1B,120195974625.96616,2032766784.963099,118163207841.00305
ORO,bcc-csm1-1-m_rcp45_r1i1p1,FORE-SCE-A2,99394747469.84688,1604608000.0000045,97790139469.84686
ORO,bcc-csm1-1-m_rcp45_r1i1p1,FORE-SCE-B1,83614153891.19566,2635913869.808707,80978240021.38696
ORO,bcc-csm1-1-m_rcp45_r1i1p1,GCAM-26,250820763597.6434,2153557755.6119156,248667205842.0315
ORO,bcc-csm1-1-m_rcp45_r1i1p1,GCAM-45,168000280804.5359,1604607999.9999871,166395672804.53592
ORO,bcc-csm1-1-m_rcp45_r1i1p1,GCAM-ref,119503412826.08702,1604608000.0000045,117898804826.08702
ORO,bcc-csm1-1-m_rcp45_r1i1p1,LUCAS-BAU_High-0001,64221038422.52619,1604607999.9999871,62616430422.526215
ORO,bcc-csm1-1-m_rcp45_r1i1p1,LUCAS-BAU_High-0002,67743326287.87035,2667515584.9648147,65075810702.90554
ORO,bcc-csm1-1-m_rcp85_r1i1p1,FORE-SCE-A1B,100131913289.82521,4954985000.0,95176928289.82521
ORO,bcc-csm1-1-m_rcp85_r1i1p1,FORE-SCE-A2,86190780684.2787,6940208290.251924,79250572394.02678
ORO,bcc-csm1-1-m_rcp85_r1i1p1,FORE-SCE-B1,70872112200.98305,7174663338.949415,63697448862.03363
ORO,bcc-csm1-1-m_rcp85_r1i1p1,GCAM-26,216890664852.66022,4954985000.000007,211935679852.66022
ORO,bcc-csm1-1-m_rcp85_r1i1p1,GCAM-45,140950582968.745,4954985000.000012,135995597968.74496
ORO,bcc-csm1-1-m_rcp85_r1i1p1,GCAM-ref,98213121413.02676,4954984999.999977,93258136413.02678
ORO,bcc-csm1-1-m_rcp85_r1i1p1,LUCAS-BAU_High-0001,54866529582.11415,6916958557.172402,47949571024.94174
ORO,bcc-csm1-1-m_rcp85_r1i1p1,LUCAS-BAU_High-0002,58664178826.6248,7185000111.060875,51479178715.56393
ORO,bcc-csm1-1_rcp26_r1i1p1,FORE-SCE-A1B,218756484644.8813,0.0,218756484644.8813
ORO,bcc-csm1-1_rcp26_r1i1p1,FORE-SCE-A2,182270219028.26627,0.0,182270219028.26627
ORO,bcc-csm1-1_rcp26_r1i1p1,FORE-SCE-B1,157050483678.77353,0.0,157050483678.77353
ORO,bcc-csm1-1_rcp26_r1i1p1,GCAM-26,406464062337.3094,0.0,406464062337.3094
ORO,bcc-csm1-1_rcp26_r1i1p1,GCAM-45,291484567621.35114,0.0,291484567621.35114
ORO,bcc-csm1-1_rcp26_r1i1p1,GCAM-ref,220199317817.73367,0.0,220199317817.73367
ORO,bcc-csm1-1_rcp26_r1i1p1,LUCAS-BAU_High-0001,130661169509.93207,0.0,130661169509.93207
ORO,bcc-csm1-1_rcp26_r1i1p1,LUCAS-BAU_High-0002,135453448484.33124,0.0,135453448484.33124
ORO,bcc-csm1-1_rcp45_r1i1p1,FORE-SCE-A1B,162478037676.6038,2216624999.9999943,160261412676.6038
ORO,bcc-csm1-1_rcp45_r1i1p1,FORE-SCE-A2,136783173960.73875,2216624999.999997,134566548960.73877
ORO,bcc-csm1-1_rcp45_r1i1p1,FORE-SCE-B1,113366576527.73477,2216624999.9999914,111149951527.73479
ORO,bcc-csm1-1_rcp45_r1i1p1,GCAM-26,321522273937.64874,2216624999.9999914,319305648937.64874
ORO,bcc-csm1-1_rcp45_r1i1p1,GCAM-45,221969495306.94858,2216625000.0,219752870306.94858
ORO,bcc-csm1-1_rcp45_r1i1p1,GCAM-ref,158484193412.42136,2216625000.000012,156267568412.42133
ORO,bcc-csm1-1_rcp45_r1i1p1,LUCAS-BAU_High-0001,90192798563.95534,2216625000.0,87976173563.95532
ORO,bcc-csm1-1_rcp45_r1i1p1,LUCAS-BAU_High-0002,93610753707.77849,2216624999.9999943,91394128707.77849
ORO,bcc-csm1-1_rcp60_r1i1p1,FORE-SCE-A1B,147475817347.58792,0.0,147475817347.58792
ORO,bcc-csm1-1_rcp60_r1i1p1,FORE-SCE-A2,119600189705.50244,0.0,119600189705.50244
ORO,bcc-csm1-1_rcp60_r1i1p1,FORE-SCE-B1,101847745672.30325,0.0,101847745672.30325
ORO,bcc-csm1-1_rcp60_r1i1p1,GCAM-26,296645423904.5022,0.0,296645423904.5022
ORO,bcc-csm1-1_rcp60_r1i1p1,GCAM-45,205622025020.00632,0.0,205622025020.00632
ORO,bcc-csm1-1_rcp60_r1i1p1,GCAM-ref,152889381767.94174,0.0,152889381767.94174
ORO,bcc-csm1-1_rcp60_r1i1p1,LUCAS-BAU_High-0001,85747099821.1053,0.0,85747099821.1053
ORO,bcc-csm1-1_rcp60_r1i1p1,LUCAS-BAU_High-0002,88983847654.11453,0.0,88983847654.11453
ORO,bcc-csm1-1_rcp85_r1i1p1,FORE-SCE-A1B,186654894794.77545,24357919999.99998,162296974794.77542
ORO,bcc-csm1-1_rcp85_r1i1p1,FORE-SCE-A2,169232734879.0567,24357920000.0,144874814879.0567
ORO,bcc-csm1-1_rcp85_r1i1p1,FORE-SCE-B1,142633290529.97366,24357919999.999985,118275370529.9737
ORO,bcc-csm1-1_rcp85_r1i1p1,GCAM-26,323799838856.57825,14878343703.474354,308921495153.1039
ORO,bcc-csm1-1_rcp85_r1i1p1,GCAM-45,234378228858.645,16599839654.577467,217778389204.0675
ORO,bcc-csm1-1_rcp85_r1i1p1,GCAM-ref,177152991073.1886,22518833015.19965,154634158057.98895
ORO,bcc-csm1-1_rcp85_r1i1p1,LUCAS-BAU_High-0001,118381573392.69261,24357919999.99998,94023653392.69264
ORO,bcc-csm1-1_rcp85_r1i1p1,LUCAS-BAU_High-0002,121664691879.09853,24357919999.999977,97306771879.0986
ORO,canesm2_rcp26_r1i1p1,FORE-SCE-A1B,146605353644.68063,38868816876.84715,107736536767.83353
ORO,canesm2_rcp26_r1i1p1,FORE-SCE-A2,124283220018.81677,38822793912.7087,85460426106.10808
ORO,canesm2_rcp26_r1i1p1,FORE-SCE-B1,108989784628.92967,38198977795.51604,70790806833.41362
ORO,canesm2_rcp26_r1i1p1,GCAM-26,275798347586.1005,41441857799.175766,234356489786.92474
ORO,canesm2_rcp26_r1i1p1,GCAM-45,195522409601.37198,41961572029.72542,153560837571.64648
ORO,canesm2_rcp26_r1i1p1,GCAM-ref,146706393480.23648,39052205689.89316,107654187790.34335
ORO,canesm2_rcp26_r1i1p1,LUCAS-BAU_High-0001,86009997245.09837,31676698984.697006,54333298260.40137
ORO,canesm2_rcp26_r1i1p1,LUCAS-BAU_High-0002,95434001773.4339,38982124855.57297,56451876917.860916
ORO,canesm2_rcp45_r1i1p1,FORE-SCE-A1B,113300666738.20963,12704442850.862879,100596223887.34674
ORO,canesm2_rcp45_r1i1p1,FORE-SCE-A2,96226462476.46408,14042660573.691881,82183801902.7722
ORO,canesm2_rcp45_r1i1p1,FORE-SCE-B1,83523078299.206,15760711133.640684,67762367165.5653
ORO,canesm2_rcp45_r1i1p1,GCAM-26,215741007291.75934,5179853355.348515,210561153936.41086
ORO,canesm2_rcp45_r1i1p1,GCAM-45,151444057589.9667,10318205545.951595,141125852044.0151
ORO,canesm2_rcp45_r1i1p1,GCAM-ref,114310372049.94157,13843047633.267557,100467324416.67401
ORO,canesm2_rcp45_r1i1p1,LUCAS-BAU_High-0001,69253502270.1098,15493316293.990833,53760185976.118935
ORO,canesm2_rcp45_r1i1p1,LUCAS-BAU_High-0002,71064153511.22943,15273317576.243782,55790835934.98563
ORO,canesm2_rcp85_r1i1p1,FORE-SCE-A1B,321020680283.8582,183363309648.0865,137657370635.77164
ORO,canesm2_rcp85_r1i1p1,FORE-SCE-A2,294224073669.1904,174096046852.86026,120128026816.33018
ORO,canesm2_rcp85_r1i1p1,FORE-SCE-B1,285096141695.34827,184564374544.5744,100531767150.77391
ORO,canesm2_rcp85_r1i1p1,GCAM-26,439657822618.3318,180525325183.13983,259132497435.19186
ORO,canesm2_rcp85_r1i1p1,GCAM-45,362100425192.09924,178664374928.85632,183436050263.24292
ORO,canesm2_rcp85_r1i1p1,GCAM-ref,311798901227.59894,173895549310.28766,137903351917.31125
ORO,canesm2_rcp85_r1i1p1,LUCAS-BAU_High-0001,262128540424.85608,179157874835.78433,82970665589.07164
ORO,canesm2_rcp85_r1i1p1,LUCAS-BAU_High-0002,264867288421.1986,179160368926.50494,85706919494.69371
ORO,ccsm4_rcp26_r1i1p1,FORE-SCE-A1B,101951692790.04958,0.0,101951692790.04958
ORO,ccsm4_rcp26_r1i1p1,FORE-SCE-A2,85625621724.93695,0.0,85625621724.93695
ORO,ccsm4_rcp26_r1i1p1,FORE-SCE-B1,68638809707.497635,0.0,68638809707.497635
ORO,ccsm4_rcp26_r1i1p1,GCAM-26,222092346399.67206,0.0,222092346399.67206
ORO,ccsm4_rcp26_r1i1p1,GCAM-45,145906565200.153,0.0,145906565200.153
ORO,ccsm4_rcp26_r1i1p1,GCAM-ref,99410662078.37611,0.0,99410662078.37611
ORO,ccsm4_rcp26_r1i1p1,LUCAS-BAU_High-0001,52600761088.177376,0.0,52600761088.177376
ORO,ccsm4_rcp26_r1i1p1,LUCAS-BAU_High-0002,54896614767.568436,0.0,54896614767.568436
ORO,ccsm4_rcp45_r1i1p1,FORE-SCE-A1B,111397896351.2616,10177486296.167933,101220410055.09367
ORO,ccsm4_rcp45_r1i1p1,FORE-SCE-A2,92774756296.37132,11721782714.49599,81052973581.87529
ORO,ccsm4_rcp45_r1i1p1,FORE-SCE-B1,80002673562.22266,13047861999.999985,66954811562.222664
ORO,ccsm4_rcp45_r1i1p1,GCAM-26,230607677448.86176,7422138999.9999695,223185538448.8618
ORO,ccsm4_rcp45_r1i1p1,GCAM-45,153939203805.6495,7422138999.999992,146517064805.6495
ORO,ccsm4_rcp45_r1i1p1,GCAM-ref,117101127812.7911,12791338483.127298,104309789329.66382
ORO,ccsm4_rcp45_r1i1p1,LUCAS-BAU_High-0001,67704398524.8136,13047861999.999987,54656536524.81361
ORO,ccsm4_rcp45_r1i1p1,LUCAS-BAU_High-0002,69916113885.40627,13047861999.999994,56868251885.40626
ORO,ccsm4_rcp60_r1i1p1,FORE-SCE-A1B,97755720927.86482,20742484000.00002,77013236927.86479
ORO,ccsm4_rcp60_r1i1p1,FORE-SCE-A2,77332210865.59378,17285612210.870552,60046598654.723236
ORO,ccsm4_rcp60_r1i1p1,FORE-SCE-B1,68257537360.944725,18868596946.130016,49388940414.814705
ORO,ccsm4_rcp60_r1i1p1,GCAM-26,191607730168.39117,15729759319.965029,175877970848.42615
ORO,ccsm4_rcp60_r1i1p1,GCAM-45,132467343605.95631,20742484000.000008,111724859605.95631
ORO,ccsm4_rcp60_r1i1p1,GCAM-ref,99685308273.3303,20889115000.00002,78796193273.33029
ORO,ccsm4_rcp60_r1i1p1,LUCAS-BAU_High-0001,57151853108.83431,17925667435.4116,39226185673.42271
ORO,ccsm4_rcp60_r1i1p1,LUCAS-BAU_High-0002,58499967121.047485,17514796194.412155,40985170926.63532
ORO,ccsm4_rcp85_r1i1p1,FORE-SCE-A1B,177726170598.3828,43825200364.14746,133900970234.23534
ORO,ccsm4_rcp85_r1i1p1,FORE-SCE-A2,155838776180.93958,43030686247.63422,112808089933.30536
ORO,ccsm4_rcp85_r1i1p1,FORE-SCE-B1,137711673817.6967,44750962001.670616,92960711816.02602
ORO,ccsm4_rcp85_r1i1p1,GCAM-26,308449678962.7664,40992790897.2671,267456888065.49933
ORO,ccsm4_rcp85_r1i1p1,GCAM-45,229189671532.42255,44477071784.22019,184712599748.20233
ORO,ccsm4_rcp85_r1i1p1,GCAM-ref,177257106203.1687,45796975726.323456,131460130476.84525
ORO,ccsm4_rcp85_r1i1p1,LUCAS-BAU_High-0001,123377248778.52478,51251336554.716965,72125912223.80783
ORO,ccsm4_rcp85_r1i1p1,LUCAS-BAU_High-0002,124499359618.19147,49274740025.111786,75224619593.0797
ORO,cesm1-bgc_rcp45_r1i1p1,FORE-SCE-A1B,114643653837.99747,545090467.178321,114098563370.81914
ORO,cesm1-bgc_rcp45_r1i1p1,FORE-SCE-A2,92746519512.05807,291219168.68924165,92455300343.36884
ORO,cesm1-bgc_rcp45_r1i1p1,FORE-SCE-B1,77584077583.88414,1218988071.310523,76365089512.57362
ORO,cesm1-bgc_rcp45_r1i1p1,GCAM-26,240892119502.22638,0.0,240892119502.22638
ORO,cesm1-bgc_rcp45_r1i1p1,GCAM-45,162982991317.5995,1010677729.9154812,161972313587.68396
ORO,cesm1-bgc_rcp45_r1i1p1,GCAM-ref,115074258657.43756,1462035273.6124187,113612223383.82513
ORO,cesm1-bgc_rcp45_r1i1p1,LUCAS-BAU_High-0001,61539528006.89138,2172441749.019211,59367086257.87217
ORO,cesm1-bgc_rcp45_r1i1p1,LUCAS-BAU_High-0002,63884873692.60636,1806922357.504908,62077951335.10145
ORO,cesm1-bgc_rcp85_r1i1p1,FORE-SCE-A1B,110255374004.36482,30788327000.00004,79467047004.36478
ORO,cesm1-bgc_rcp85_r1i1p1,FORE-SCE-A2,91590498014.51482,30788327000.000034,60802171014.514755
ORO,cesm1-bgc_rcp85_r1i1p1,FORE-SCE-B1,80347284983.08493,30788327000.0,49558957983.08492
ORO,cesm1-bgc_rcp85_r1i1p1,GCAM-26,209443790471.0452,26858838999.999996,182584951471.04526
ORO,cesm1-bgc_rcp85_r1i1p1,GCAM-45,144235550340.23053,30788327000.000008,113447223340.23055
ORO,cesm1-bgc_rcp85_r1i1p1,GCAM-ref,111240677301.32616,30788326999.99999,80452350301.32614
ORO,cesm1-bgc_rcp85_r1i1p1,LUCAS-BAU_High-0001,69798412363.48665,31591678999.999985,38206733363.48663
ORO,cesm1-bgc_rcp85_r1i1p1,LUCAS-BAU_High-0002,71797998917.70076,31591679000.000023,40206319917.70073
ORO,cesm1-cam5_rcp26_r1i1p1,FORE-SCE-A1B,82918602083.26492,0.0,82918602083.26492
ORO,cesm1-cam5_rcp26_r1i1p1,FORE-SCE-A2,69168143109.86214,0.0,69168143109.86214
ORO,cesm1-cam5_rcp26_r1i1p1,FORE-SCE-B1,53506297322.25354,0.0,53506297322.25354
ORO,cesm1-cam5_rcp26_r1i1p1,GCAM-26,193884603427.41965,0.0,193884603427.41965
ORO,cesm1-cam5_rcp26_r1i1p1,GCAM-45,122583429597.91504,0.0,122583429597.91504
ORO,cesm1-cam5_rcp26_r1i1p1,GCAM-ref,80316763608.20721,0.0,80316763608.20721
ORO,cesm1-cam5_rcp26_r1i1p1,LUCAS-BAU_High-0001,39216654626.19867,0.0,39216654626.19867
ORO,cesm1-cam5_rcp26_r1i1p1,LUCAS-BAU_High-0002,41171285843.95101,0.0,41171285843.95101
ORO,cesm1-cam5_rcp45_r1i1p1,FORE-SCE-A1B,161652958653.46457,6300958999.999985,155351999653.46457
ORO,cesm1-cam5_rcp45_r1i1p1,FORE-SCE-A2,132860128603.62915,6300958999.999994,126559169603.62915
ORO,cesm1-cam5_rcp45_r1i1p1,FORE-SCE-B1,116580472810.67725,6300958999.999996,110279513810.67725
ORO,cesm1-cam5_rcp45_r1i1p1,GCAM-26,315188159947.9274,6300959000.0,308887200947.9274
ORO,cesm1-cam5_rcp45_r1i1p1,GCAM-45,219143029634.91208,6300958999.99999,212842070634.91208
ORO,cesm1-cam5_rcp45_r1i1p1,GCAM-ref,166542494185.90143,6300958999.999988,160241535185.90146
ORO,cesm1-cam5_rcp45_r1i1p1,LUCAS-BAU_High-0001,97377561501.10231,6300959000.0,91076602501.10231
ORO,cesm1-cam5_rcp45_r1i1p1,LUCAS-BAU_High-0002,100823790959.16182,6300959000.000003,94522831959.16182
ORO,cesm1-cam5_rcp60_r1i1p1,FORE-SCE-A1B,122813545760.81813,244132999.9999958,122569412760.81815
ORO,cesm1-cam5_rcp60_r1i1p1,FORE-SCE-A2,100015217614.10472,244133000.00001618,99771084614.1047
ORO,cesm1-cam5_rcp60_r1i1p1,FORE-SCE-B1,83564345935.04071,244132999.99999872,83320212935.04071
ORO,cesm1-cam5_rcp60_r1i1p1,GCAM-26,257277213220.3168,244133000.00001618,257033080220.31677
ORO,cesm1-cam5_rcp60_r1i1p1,GCAM-45,173332233336.37524,244133000.00001326,173088100336.3752
ORO,cesm1-cam5_rcp60_r1i1p1,GCAM-ref,124661627907.36374,244133000.00001326,124417494907.36374
ORO,cesm1-cam5_rcp60_r1i1p1,LUCAS-BAU_High-0001,66842066634.83801,244133000.00000164,66597933634.83801
ORO,cesm1-cam5_rcp60_r1i1p1,LUCAS-BAU_High-0002,69573283262.39494,244132999.9999958,69329150262.39496
ORO,cesm1-cam5_rcp85_r1i1p1,FORE-SCE-A1B,220386224926.576,47921934999.999954,172464289926.576
ORO,cesm1-cam5_rcp85_r1i1p1,FORE-SCE-A2,191504547254.5018,47921934999.999954,143582612254.50186
ORO,cesm1-cam5_rcp85_r1i1p1,FORE-SCE-B1,171976043422.89713,47921935000.0,124054108422.89714
ORO,cesm1-cam5_rcp85_r1i1p1,GCAM-26,376964170556.20746,47922960649.14537,329041209907.062
ORO,cesm1-cam5_rcp85_r1i1p1,GCAM-45,276762736431.456,47921934999.999985,228840801431.45593
ORO,cesm1-cam5_rcp85_r1i1p1,GCAM-ref,219518025239.86188,47921934999.99998,171596090239.86188
ORO,cesm1-cam5_rcp85_r1i1p1,LUCAS-BAU_High-0001,146916680968.84372,47921934999.999985,98994745968.84378
ORO,cesm1-cam5_rcp85_r1i1p1,LUCAS-BAU_High-0002,150991965505.4358,47921934999.99997,103070030505.43579
ORO,cmcc-cm_rcp45_r1i1p1,FORE-SCE-A1B,113384589965.01466,0.0,113384589965.01466
ORO,cmcc-cm_rcp45_r1i1p1,FORE-SCE-A2,89305843465.6909,0.0,89305843465.6909
ORO,cmcc-cm_rcp45_r1i1p1,FORE-SCE-B1,73031121813.46005,0.0,73031121813.46005
ORO,cmcc-cm_rcp45_r1i1p1,GCAM-26,254998362137.31134,0.0,254998362137.31134
ORO,cmcc-cm_rcp45_r1i1p1,GCAM-45,164610914929.11206,0.0,164610914929.11206
ORO,cmcc-cm_rcp45_r1i1p1,GCAM-ref,113034780963.37776,0.0,113034780963.37776
ORO,cmcc-cm_rcp45_r1i1p1,LUCAS-BAU_High-0001,55354593823.90175,0.0,55354593823.90175
ORO,cmcc-cm_rcp45_r1i1p1,LUCAS-BAU_High-0002,58142568819.67059,0.0,58142568819.67059
ORO,cmcc-cm_rcp85_r1i1p1,FORE-SCE-A1B,149240665024.45834,0.0,149240665024.45834
ORO,cmcc-cm_rcp85_r1i1p1,FORE-SCE-A2,131482033931.07071,0.0,131482033931.07071
ORO,cmcc-cm_rcp85_r1i1p1,FORE-SCE-B1,108845545827.87529,0.0,108845545827.87529
ORO,cmcc-cm_rcp85_r1i1p1,GCAM-26,297608962029.465,0.0,297608962029.465
ORO,cmcc-cm_rcp85_r1i1p1,GCAM-45,205386560644.65274,0.0,205386560644.65274
ORO,cmcc-cm_rcp85_r1i1p1,GCAM-ref,146696162529.423,0.0,146696162529.423
ORO,cmcc-cm_rcp85_r1i1p1,LUCAS-BAU_High-0001,85887661312.99486,0.0,85887661312.99486
ORO,cmcc-cm_rcp85_r1i1p1,LUCAS-BAU_High-0002,88955593686.08203,0.0,88955593686.08203
ORO,cnrm-cm5_rcp45_r1i1p1,FORE-SCE-A1B,66557896950.58143,14593892000.00002,51964004950.58143
ORO,cnrm-cm5_rcp45_r1i1p1,FORE-SCE-A2,54336545248.95276,15587981000.00001,38748564248.952736
ORO,cnrm-cm5_rcp45_r1i1p1,FORE-SCE-B1,46204027552.558975,15587981000.000008,30616046552.558952
ORO,cnrm-cm5_rcp45_r1i1p1,GCAM-26,151027262638.32605,14071012000.000002,136956250638.32603
ORO,cnrm-cm5_rcp45_r1i1p1,GCAM-45,94271952965.78416,14593892000.000004,79678060965.78416
ORO,cnrm-cm5_rcp45_r1i1p1,GCAM-ref,68522229634.943245,14593892000.000053,53928337634.9432
ORO,cnrm-cm5_rcp45_r1i1p1,LUCAS-BAU_High-0001,38145502334.22504,15587981000.000021,22557521334.225
ORO,cnrm-cm5_rcp45_r1i1p1,LUCAS-BAU_High-0002,39555509796.372765,15587980999.999992,23967528796.37278
ORO,cnrm-cm5_rcp85_r1i1p1,FORE-SCE-A1B,109043242809.56694,30977809522.39418,78065433287.17273
ORO,cnrm-cm5_rcp85_r1i1p1,FORE-SCE-A2,96085573069.73949,31371642433.050907,64713930636.68855
ORO,cnrm-cm5_rcp85_r1i1p1,FORE-SCE-B1,83105223236.4413,31992380850.14462,51112842386.29669
ORO,cnrm-cm5_rcp85_r1i1p1,GCAM-26,213879980346.42468,30802686147.89888,183077294198.52582
ORO,cnrm-cm5_rcp85_r1i1p1,GCAM-45,147079733602.68896,30810858538.81105,116268875063.87796
ORO,cnrm-cm5_rcp85_r1i1p1,GCAM-ref,108533542557.26337,30543806873.504856,77989735683.75853
ORO,cnrm-cm5_rcp85_r1i1p1,LUCAS-BAU_High-0001,67245464250.094376,30227213878.73346,37018250371.36092
ORO,cnrm-cm5_rcp85_r1i1p1,LUCAS-BAU_High-0002,69765294342.12091,31784549536.987522,37980744805.13341
ORO,csiro-mk3-6-0_rcp26_r1i1p1,FORE-SCE-A1B,147557094361.0244,0.0,147557094361.0244
ORO,csiro-mk3-6-0_rcp26_r1i1p1,FORE-SCE-A2,119786336509.20885,0.0,119786336509.20885
ORO,csiro-mk3-6-0_rcp26_r1i1p1,FORE-SCE-B1,103458305587.09543,0.0,103458305587.09543
ORO,csiro-mk3-6-0_rcp26_r1i1p1,GCAM-26,294178224884.7215,0.0,294178224884.7215
ORO,csiro-mk3-6-0_rcp26_r1i1p1,GCAM-45,202613130927.6113,0.0,202613130927.6113
ORO,csiro-mk3-6-0_rcp26_r1i1p1,GCAM-ref,151073266442.8977,0.0,151073266442.8977
ORO,csiro-mk3-6-0_rcp26_r1i1p1,LUCAS-BAU_High-0001,85170828349.68713,0.0,85170828349.68713
ORO,csiro-mk3-6-0_rcp26_r1i1p1,LUCAS-BAU_High-0002,88164209093.05705,0.0,88164209093.05705
ORO,csiro-mk3-6-0_rcp45_r1i1p1,FORE-SCE-A1B,135405140009.54282,0.0,135405140009.54282
ORO,csiro-mk3-6-0_rcp45_r1i1p1,FORE-SCE-A2,107751274044.82646,0.0,107751274044.82646
ORO,csiro-mk3-6-0_rcp45_r1i1p1,FORE-SCE-B1,88444963318.72295,0.0,88444963318.72295
ORO,csiro-mk3-6-0_rcp45_r1i1p1,GCAM-26,286167890795.0275,0.0,286167890795.0275
ORO,csiro-mk3-6-0_rcp45_r1i1p1,GCAM-45,190442306878.04132,0.0,190442306878.04132
ORO,csiro-mk3-6-0_rcp45_r1i1p1,GCAM-ref,135068973614.47684,0.0,135068973614.47684
ORO,csiro-mk3-6-0_rcp45_r1i1p1,LUCAS-BAU_High-0001,70417476089.17053,0.0,70417476089.17053
ORO,csiro-mk3-6-0_rcp45_r1i1p1,LUCAS-BAU_High-0002,73499347604.40167,0.0,73499347604.40167
ORO,csiro-mk3-6-0_rcp60_r1i1p1,FORE-SCE-A1B,169290220184.92493,51946711999.99992,117343508184.92506
ORO,csiro-mk3-6-0_rcp60_r1i1p1,FORE-SCE-A2,149144723022.84576,51946712000.000015,97198011022.84569
ORO,csiro-mk3-6-0_rcp60_r1i1p1,FORE-SCE-B1,131641597374.98569,51946711999.999954,79694885374.98575
ORO,csiro-mk3-6-0_rcp60_r1i1p1,GCAM-26,300993059896.5062,51946711999.999985,249046347896.50638
ORO,csiro-mk3-6-0_rcp60_r1i1p1,GCAM-45,217978992032.5986,51946711999.99997,166032280032.59857
ORO,csiro-mk3-6-0_rcp60_r1i1p1,GCAM-ref,167780878409.74808,51946711999.99995,115834166409.74815
ORO,csiro-mk3-6-0_rcp60_r1i1p1,LUCAS-BAU_High-0001,113476958487.34229,51946711999.999954,61530246487.34235
ORO,csiro-mk3-6-0_rcp60_r1i1p1,LUCAS-BAU_High-0002,116118773393.59454,51946711999.99998,64172061393.59455
ORO,csiro-mk3-6-0_rcp85_r1i1p1,FORE-SCE-A1B,143406312161.95093,4014818999.9999886,139391493161.95093
ORO,csiro-mk3-6-0_rcp85_r1i1p1,FORE-SCE-A2,117976600795.49648,4014818999.999983,113961781795.49649
ORO,csiro-mk3-6-0_rcp85_r1i1p1,FORE-SCE-B1,100956336713.25687,4014818999.999997,96941517713.2569
ORO,csiro-mk3-6-0_rcp85_r1i1p1,GCAM-26,291657763529.5105,4014818999.999983,287642944529.51056
ORO,csiro-mk3-6-0_rcp85_r1i1p1,GCAM-45,198522920612.4524,4014818999.9999943,194508101612.4524
ORO,csiro-mk3-6-0_rcp85_r1i1p1,GCAM-ref,146881890139.13663,4014818999.9999943,142867071139.13663
ORO,csiro-mk3-6-0_rcp85_r1i1p1,LUCAS-BAU_High-0001,80951169199.24046,4014818999.99998,76936350199.2405
ORO,csiro-mk3-6-0_rcp85_r1i1p1,LUCAS-BAU_High-0002,83758934246.19766,4014818999.999983,79744115246.19768
ORO,fgoals-g2_rcp26_r1i1p1,FORE-SCE-A1B,71904008230.26524,0.0,71904008230.26524
ORO,fgoals-g2_rcp26_r1i1p1,FORE-SCE-A2,54893168653.46566,0.0,54893168653.46566
ORO,fgoals-g2_rcp26_r1i1p1,FORE-SCE-B1,45945740152.27641,0.0,45945740152.27641
ORO,fgoals-g2_rcp26_r1i1p1,GCAM-26,175297204007.2172,0.0,175297204007.2172
ORO,fgoals-g2_rcp26_r1i1p1,GCAM-45,106717885349.80971,0.0,106717885349.80971
ORO,fgoals-g2_rcp26_r1i1p1,GCAM-ref,76860540409.46231,0.0,76860540409.46231
ORO,fgoals-g2_rcp26_r1i1p1,LUCAS-BAU_High-0001,34803147690.51899,0.0,34803147690.51899
ORO,fgoals-g2_rcp26_r1i1p1,LUCAS-BAU_High-0002,37933890879.75215,0.0,37933890879.75215
SHA,access1-0_rcp45_r1i1p1,FORE-SCE-A1B,216014529211.83994,0.0,216014529211.83994
SHA,access1-0_rcp45_r1i1p1,FORE-SCE-A2,176357207028.86197,0.0,176357207028.86197
SHA,access1-0_rcp45_r1i1p1,FORE-SCE-B1,143200125457.3622,111087694.14446579,143089037763.21777
SHA,access1-0_rcp45_r1i1p1,GCAM-26,466589990226.29004,0.0,466589990226.29004
SHA,access1-0_rcp45_r1i1p1,GCAM-45,310505740031.1121,0.0,310505740031.1121
SHA,access1-0_rcp45_r1i1p1,GCAM-ref,213925037636.01233,107937064.85846342,213817100571.15387
SHA,access1-0_rcp45_r1i1p1,LUCAS-BAU_High-0001,110811013503.41698,222774437.20896992,110588239066.20801
SHA,access1-0_rcp45_r1i1p1,LUCAS-BAU_High-0002,115878468503.0155,302403067.3436908,115576065435.67181
SHA,access1-0_rcp85_r1i1p1,FORE-SCE-A1B,375374677095.02405,35433117827.801506,339941559267.22253
SHA,access1-0_rcp85_r1i1p1,FORE-SCE-A2,318973484553.4096,41222193593.79717,277751290959.61237
SHA,access1-0_rcp85_r1i1p1,FORE-SCE-B1,279609047176.11804,39181479075.1979,240427568100.9201
SHA,access1-0_rcp85_r1i1p1,GCAM-26,710012660888.6334,29832423831.73014,680180237056.9033
SHA,access1-0_rcp85_r1i1p1,GCAM-45,505706036565.8246,42002929096.64603,463703107469.17847
SHA,access1-0_rcp85_r1i1p1,GCAM-ref,379757872358.0864,37992194752.970055,341765677605.11633
SHA,access1-0_rcp85_r1i1p1,LUCAS-BAU_High-0001,228966614890.98605,39885431231.53241,189081183659.45364
SHA,access1-0_rcp85_r1i1p1,LUCAS-BAU_High-0002,231592846856.8095,33417100290.59162,198175746566.2179
SHA,bcc-csm1-1-m_rcp45_r1i1p1,FORE-SCE-A1B,323452336292.0026,52020492482.372986,271431843809.6297
SHA,bcc-csm1-1-m_rcp45_r1i1p1,FORE-SCE-A2,282000938011.56,50224643818.89617,231776294192.66385
SHA,bcc-csm1-1-m_rcp45_r1i1p1,FORE-SCE-B1,249447927340.0337,51305236871.394196,198142690468.63947
SHA,bcc-csm1-1-m_rcp45_r1i1p1,GCAM-26,601788674729.1365,48921219914.06424,552867454815.0721
SHA,bcc-csm1-1-m_rcp45_r1i1p1,GCAM-45,426087381865.60944,50647705864.390686,375439676001.2188
SHA,bcc-csm1-1-m_rcp45_r1i1p1,GCAM-ref,321888853718.2716,49347958931.13378,272540894787.1379
SHA,bcc-csm1-1-m_rcp45_r1i1p1,LUCAS-BAU_High-0001,212220776340.3178,52896427428.90289,159324348911.41476
SHA,bcc-csm1-1-m_rcp45_r1i1p1,LUCAS-BAU_High-0002,209347549570.18362,51225786109.64189,158121763460.54172
SHA,bcc-csm1-1-m_rcp85_r1i1p1,FORE-SCE-A1B,381766888458.37555,89923645934.43446,291843242523.9411
SHA,bcc-csm1-1-m_rcp85_r1i1p1,FORE-SCE-A2,337139033464.3705,91348213084.67238,245790820379.69818
SHA,bcc-csm1-1-m_rcp85_r1i1p1,FORE-SCE-B1,307618800587.079,98797815359.13103,208820985227.948
SHA,bcc-csm1-1-m_rcp85_r1i1p1,GCAM-26,650890599718.2515,99531342023.17316,551359257695.0786
SHA,bcc-csm1-1-m_rcp85_r1i1p1,GCAM-45,477724780840.27136,91054789130.70187,386669991709.56934
SHA,bcc-csm1-1-m_rcp85_r1i1p1,GCAM-ref,384567084237.3909,96867233675.30742,287699850562.08356
SHA,bcc-csm1-1-m_rcp85_r1i1p1,LUCAS-BAU_High-0001,269173499175.2173,100350635292.07632,168822863883.14093
SHA,bcc-csm1-1-m_rcp85_r1i1p1,LUCAS-BAU_High-0002,267644579677.3818,93352686576.59018,174291893100.79166
SHA,bcc-csm1-1_rcp26_r1i1p1,FORE-SCE-A1B,400017686458.55115,63592868732.58326,336424817725.9677
SHA,bcc-csm1-1_rcp26_r1i1p1,FORE-SCE-A2,341573195679.73157,63419717085.62688,278153478594.1046
SHA,bcc-csm1-1_rcp26_r1i1p1,FORE-SCE-B1,297979738703.1517,62766027873.78012,235213710829.37152
SHA,bcc-csm1-1_rcp26_r1i1p1,GCAM-26,725210738316.2458,50291059228.56653,674919679087.6791
SHA,bcc-csm1-1_rcp26_r1i1p1,GCAM-45,515946399840.0022,52466410291.696815,463479989548.3054
SHA,bcc-csm1-1_rcp26_r1i1p1,GCAM-ref,391289218191.6072,53298518667.8639,337990699523.74316
SHA,bcc-csm1-1_rcp26_r1i1p1,LUCAS-BAU_High-0001,248081965609.10104,56496082494.65633,191585883114.4448
SHA,bcc-csm1-1_rcp26_r1i1p1,LUCAS-BAU_High-0002,257051446395.54083,58101624714.36366,198949821681.1772
SHA,bcc-csm1-1_rcp45_r1i1p1,FORE-SCE-A1B,366767575791.0501,67520917155.263565,299246658635.78656
SHA,bcc-csm1-1_rcp45_r1i1p1,FORE-SCE-A2,323605281468.247,67495901915.25062,256109379552.99637
SHA,bcc-csm1-1_rcp45_r1i1p1,FORE-SCE-B1,283653947933.0041,68988817590.42102,214665130342.5831
SHA,bcc-csm1-1_rcp45_r1i1p1,GCAM-26,660496637249.4833,60295493974.495674,600201143274.9877
SHA,bcc-csm1-1_rcp45_r1i1p1,GCAM-45,477829947847.453,67424101113.24711,410405846734.2059
SHA,bcc-csm1-1_rcp45_r1i1p1,GCAM-ref,349711325206.5351,58451234082.291504,291260091124.2435
SHA,bcc-csm1-1_rcp45_r1i1p1,LUCAS-BAU_High-0001,238169128548.24716,68224440048.57473,169944688499.67245
SHA,bcc-csm1-1_rcp45_r1i1p1,LUCAS-BAU_High-0002,244559669161.86093,67510692712.66009,177048976449.2008
SHA,bcc-csm1-1_rcp60_r1i1p1,FORE-SCE-A1B,262658494539.8737,16436809232.692692,246221685307.18097
SHA,bcc-csm1-1_rcp60_r1i1p1,FORE-SCE-A2,223038459127.58456,23370576253.640945,199667882873.94363
SHA,bcc-csm1-1_rcp60_r1i1p1,FORE-SCE-B1,189750017816.77588,22228008907.341045,167522008909.4348
SHA,bcc-csm1-1_rcp60_r1i1p1,GCAM-26,520201602439.84766,7505686206.320049,512695916233.5276
SHA,bcc-csm1-1_rcp60_r1i1p1,GCAM-45,360583561474.61914,10621809473.577808,349961752001.0414
SHA,bcc-csm1-1_rcp60_r1i1p1,GCAM-ref,267418786373.69077,14044263783.173328,253374522590.51743
SHA,bcc-csm1-1_rcp60_r1i1p1,LUCAS-BAU_High-0001,165026491018.05365,26421361708.954212,138605129309.09946
SHA,bcc-csm1-1_rcp60_r1i1p1,LUCAS-BAU_High-0002,168747086069.15576,25465895962.380615,143281190106.7752
SHA,bcc-csm1-1_rcp85_r1i1p1,FORE-SCE-A1B,471126711140.0473,126229991480.36115,344896719659.68604
SHA,bcc-csm1-1_rcp85_r1i1p1,FORE-SCE-A2,437188616615.1946,136137229419.35837,301051387195.83624
SHA,bcc-csm1-1_rcp85_r1i1p1,FORE-SCE-B1,381120098303.0768,121696721807.60492,259423376495.47217
SHA,bcc-csm1-1_rcp85_r1i1p1,GCAM-26,751593180392.1282,161965556783.82855,589627623608.2994
SHA,bcc-csm1-1_rcp85_r1i1p1,GCAM-45,575776509205.0173,132310458458.45944,443466050746.558
SHA,bcc-csm1-1_rcp85_r1i1p1,GCAM-ref,458655332454.4971,132208885367.04315,326446447087.4539
SHA,bcc-csm1-1_rcp85_r1i1p1,LUCAS-BAU_High-0001,337747237842.86676,123446754281.29929,214300483561.56747
SHA,bcc-csm1-1_rcp85_r1i1p1,LUCAS-BAU_High-0002,346765817490.4782,130048209371.31723,216717608119.16092
SHA,canesm2_rcp26_r1i1p1,FORE-SCE-A1B,526045701632.467,244903925955.91788,281141775676.5488
SHA,canesm2_rcp26_r1i1p1,FORE-SCE-A2,482916635232.04065,242455913268.7567,240460721963.2839
SHA,canesm2_rcp26_r1i1p1,FORE-SCE-B1,448532655874.862,243399379791.77057,205133276083.09128
SHA,canesm2_rcp26_r1i1p1,GCAM-26,789682237257.0543,247908647375.4238,541773589881.6303
SHA,canesm2_rcp26_r1i1p1,GCAM-45,622041564748.2126,247202325645.06024,374839239103.153
SHA,canesm2_rcp26_r1i1p1,GCAM-ref,526758254018.436,245703851402.42282,281054402616.0131
SHA,canesm2_rcp26_r1i1p1,LUCAS-BAU_High-0001,416985490829.26245,241606078619.4594,175379412209.80325
SHA,canesm2_rcp26_r1i1p1,LUCAS-BAU_High-0002,419910592724.7778,238770022121.394,181140570603.3838
SHA,canesm2_rcp45_r1i1p1,FORE-SCE-A1B,352822664981.34863,55217484846.82725,297605180134.5215
SHA,canesm2_rcp45_r1i1p1,FORE-SCE-A2,306066944005.6398,54996409975.648834,251070534029.991
SHA,canesm2_rcp45_r1i1p1,FORE-SCE-B1,274727105249.9809,53636253896.393616,221090851353.58728
SHA,canesm2_rcp45_r1i1p1,GCAM-26,608057333027.4838,60069286979.02147,547988046048.46234
SHA,canesm2_rcp45_r1i1p1,GCAM-45,446020789870.32806,56886019616.134705,389134770254.19324
SHA,canesm2_rcp45_r1i1p1,GCAM-ref,353326439910.38293,57119157398.93305,296207282511.4499
SHA,canesm2_rcp45_r1i1p1,LUCAS-BAU_High-0001,240134648516.80432,54430426942.46287,185704221574.3415
SHA,canesm2_rcp45_r1i1p1,LUCAS-BAU_High-0002,245411694577.5909,53385024576.93865,192026670000.65228
SHA,canesm2_rcp85_r1i1p1,FORE-SCE-A1B,1061973838430.1862,708562085373.0272,353411753057.1589
SHA,canesm2_rcp85_r1i1p1,FORE-SCE-A2,1015564878559.7887,708886314146.8252,306678564412.9635
SHA,canesm2_rcp85_r1i1p1,FORE-SCE-B1,977253837373.2848,708864814972.0452,268389022401.23978
SHA,canesm2_rcp85_r1i1p1,GCAM-26,1369523317351.4707,737723472735.5527,631799844615.9175
SHA,canesm2_rcp85_r1i1p1,GCAM-45,1185869582558.4104,727932011868.3243,457937570690.0861
SHA,canesm2_rcp85_r1i1p1,GCAM-ref,1093666827497.9977,740469367251.145,353197460246.85284
SHA,canesm2_rcp85_r1i1p1,LUCAS-BAU_High-0001,938471826517.616,709674726503.6046,228797100014.01147
SHA,canesm2_rcp85_r1i1p1,LUCAS-BAU_High-0002,954113575960.6172,722112358910.2706,232001217050.3466
SHA,ccsm4_rcp26_r1i1p1,FORE-SCE-A1B,191383234906.40063,11280847587.854658,180102387318.54602
SHA,ccsm4_rcp26_r1i1p1,FORE-SCE-A2,165383611264.55264,14967920407.73181,150415690856.82086
SHA,ccsm4_rcp26_r1i1p1,FORE-SCE-B1,135807139932.34892,17370670478.042454,118436469454.30646
SHA,ccsm4_rcp26_r1i1p1,GCAM-26,417027184214.2699,4760819955.355927,412266364258.91394
SHA,ccsm4_rcp26_r1i1p1,GCAM-45,273066532319.30365,7728640146.186209,265337892173.11743
SHA,ccsm4_rcp26_r1i1p1,GCAM-ref,186215384193.72253,10736788494.340633,175478595699.38196
SHA,ccsm4_rcp26_r1i1p1,LUCAS-BAU_High-0001,111385574580.61632,23023101490.55905,88362473090.05724
SHA,ccsm4_rcp26_r1i1p1,LUCAS-BAU_High-0002,114689183984.89902,22333373041.855694,92355810943.04332
SHA,ccsm4_rcp45_r1i1p1,FORE-SCE-A1B,275169696457.3166,61650457373.4093,213519239083.90726
SHA,ccsm4_rcp45_r1i1p1,FORE-SCE-A2,235194215350.81635,60903222648.43314,174290992702.38318
SHA,ccsm4_rcp45_r1i1p1,FORE-SCE-B1,206793494687.9772,61657776462.92296,145135718225.05432
SHA,ccsm4_rcp45_r1i1p1,GCAM-26,523810200478.66626,64803684436.753975,459006516041.91223
SHA,ccsm4_rcp45_r1i1p1,GCAM-45,367350203953.53076,63697107414.25083,303653096539.2799
SHA,ccsm4_rcp45_r1i1p1,GCAM-ref,279348281219.4202,62333890686.621765,217014390532.79865
SHA,ccsm4_rcp45_r1i1p1,LUCAS-BAU_High-0001,177714465738.87955,60650494289.38281,117063971449.49666
SHA,ccsm4_rcp45_r1i1p1,LUCAS-BAU_High-0002,181929363717.10184,60988288687.36996,120941075029.73186
SHA,ccsm4_rcp60_r1i1p1,FORE-SCE-A1B,284655184789.47144,81326081255.2676,203329103534.20386
SHA,ccsm4_rcp60_r1i1p1,FORE-SCE-A2,238420803603.93787,69515630273.72476,168905173330.21317
SHA,ccsm4_rcp60_r1i1p1,FORE-SCE-B1,211867314761.53143,69325882667.33902,142541432094.19244
SHA,ccsm4_rcp60_r1i1p1,GCAM-26,509444548819.3753,88188038656.99036,421256510162.3852
SHA,ccsm4_rcp60_r1i1p1,GCAM-45,369191290343.7521,88186387293.46602,281004903050.286
SHA,ccsm4_rcp60_r1i1p1,GCAM-ref,291035245963.4889,85626066676.1884,205409179287.30045
SHA,ccsm4_rcp60_r1i1p1,LUCAS-BAU_High-0001,187754110478.47284,72241670320.84074,115512440157.63213
SHA,ccsm4_rcp60_r1i1p1,LUCAS-BAU_High-0002,192571175707.06805,72512355583.08528,120058820123.98282
SHA,ccsm4_rcp85_r1i1p1,FORE-SCE-A1B,344698626232.0978,53080173122.70203,291618453109.3957
SHA,ccsm4_rcp85_r1i1p1,FORE-SCE-A2,296816988546.48737,51090384250.78403,245726604295.7034
SHA,ccsm4_rcp85_r1i1p1,FORE-SCE-B1,253974645768.09604,48706731119.58156,205267914648.51443
SHA,ccsm4_rcp85_r1i1p1,GCAM-26,635514085279.1562,68754948051.7222,566759137227.4342
SHA,ccsm4_rcp85_r1i1p1,GCAM-45,449635179713.20844,57462657609.99278,392172522103.21564
SHA,ccsm4_rcp85_r1i1p1,GCAM-ref,334809448777.6864,52667935401.75606,282141513375.93024
SHA,ccsm4_rcp85_r1i1p1,LUCAS-BAU_High-0001,211493907866.99695,50307226061.931244,161186681805.06567
SHA,ccsm4_rcp85_r1i1p1,LUCAS-BAU_High-0002,217985128252.06046,50908618939.862015,167076509312.19846
SHA,cesm1-bgc_rcp45_r1i1p1,FORE-SCE-A1B,322719146458.50543,101585095070.27249,221134051388.23288
SHA,cesm1-bgc_rcp45_r1i1p1,FORE-SCE-A2,282222460351.0839,103019757300.1136,179202703050.97028
SHA,cesm1-bgc_rcp45_r1i1p1,FORE-SCE-B1,249602453259.76495,97977366604.22403,151625086655.54092
SHA,cesm1-bgc_rcp45_r1i1p1,GCAM-26,565747896534.7021,103287120951.47925,462460775583.22284
SHA,cesm1-bgc_rcp45_r1i1p1,GCAM-45,417921683445.5381,108471230701.85146,309450452743.68665
SHA,cesm1-bgc_rcp45_r1i1p1,GCAM-ref,323350178399.0321,101193878275.44144,222156300123.59058
SHA,cesm1-bgc_rcp45_r1i1p1,LUCAS-BAU_High-0001,216563800311.8811,95651770384.80508,120912029927.07607
SHA,cesm1-bgc_rcp45_r1i1p1,LUCAS-BAU_High-0002,221340366569.36676,95051351547.64249,126289015021.72432
SHA,cesm1-bgc_rcp85_r1i1p1,FORE-SCE-A1B,387136464284.1414,142517245647.24213,244619218636.8993
SHA,cesm1-bgc_rcp85_r1i1p1,FORE-SCE-A2,338819315167.0188,141953877700.63538,196865437466.38364
SHA,cesm1-bgc_rcp85_r1i1p1,FORE-SCE-B1,306276491769.60815,139583435694.49503,166693056075.1132
SHA,cesm1-bgc_rcp85_r1i1p1,GCAM-26,678184012433.2543,196870351856.75287,481313660576.50165
SHA,cesm1-bgc_rcp85_r1i1p1,GCAM-45,511309390906.3949,186902798165.6794,324406592740.7156
SHA,cesm1-bgc_rcp85_r1i1p1,GCAM-ref,414354421889.8734,173663295766.96747,240691126122.90588
SHA,cesm1-bgc_rcp85_r1i1p1,LUCAS-BAU_High-0001,281160535337.0597,146203994490.41837,134956540846.64124
SHA,cesm1-bgc_rcp85_r1i1p1,LUCAS-BAU_High-0002,285891300779.70886,145126919239.4278,140764381540.28104
SHA,cesm1-cam5_rcp26_r1i1p1,FORE-SCE-A1B,216477052683.53162,17700494438.639084,198776558244.89258
SHA,cesm1-cam5_rcp26_r1i1p1,FORE-SCE-A2,179148503398.97183,16598334487.441185,162550168911.53064
SHA,cesm1-cam5_rcp26_r1i1p1,FORE-SCE-B1,156821466750.44424,17075686835.91178,139745779914.53244
SHA,cesm1-cam5_rcp26_r1i1p1,GCAM-26,435444389629.7873,22107397007.5941,413336992622.1932
SHA,cesm1-cam5_rcp26_r1i1p1,GCAM-45,295053554497.8331,20627551936.504803,274426002561.32828
SHA,cesm1-cam5_rcp26_r1i1p1,GCAM-ref,206825618524.4853,18093489778.817432,188732128745.66788
SHA,cesm1-cam5_rcp26_r1i1p1,LUCAS-BAU_High-0001,126372951089.74442,17357041372.344456,109015909717.39995
SHA,cesm1-cam5_rcp26_r1i1p1,LUCAS-BAU_High-0002,129000273692.05882,17924544063.504177,111075729628.55461
SHA,cesm1-cam5_rcp45_r1i1p1,FORE-SCE-A1B,317545854695.22845,38000905764.16947,279544948931.0589
SHA,cesm1-cam5_rcp45_r1i1p1,FORE-SCE-A2,271646331426.40378,39418039678.08075,232228291748.32297
SHA,cesm1-cam5_rcp45_r1i1p1,FORE-SCE-B1,241613545061.16904,41216123186.253716,200397421874.91528
SHA,cesm1-cam5_rcp45_r1i1p1,GCAM-26,603366451135.5688,54857027805.728035,548509423329.8408
SHA,cesm1-cam5_rcp45_r1i1p1,GCAM-45,426865212964.75354,50693686844.31463,376171526120.4389
SHA,cesm1-cam5_rcp45_r1i1p1,GCAM-ref,332973111561.1109,49222774636.75558,283750336924.35535
SHA,cesm1-cam5_rcp45_r1i1p1,LUCAS-BAU_High-0001,199719255012.00555,34901925708.32521,164817329303.68033
SHA,cesm1-cam5_rcp45_r1i1p1,LUCAS-BAU_High-0002,202853853434.378,32167191262.949352,170686662171.42865
SHA,cesm1-cam5_rcp60_r1i1p1,FORE-SCE-A1B,372441478209.9739,137389813648.49864,235051664561.47525
SHA,cesm1-cam5_rcp60_r1i1p1,FORE-SCE-A2,332339143356.5001,138835856333.4291,193503287023.07098
SHA,cesm1-cam5_rcp60_r1i1p1,FORE-SCE-B1,301299174966.7035,138818259702.7623,162480915263.9413
SHA,cesm1-cam5_rcp60_r1i1p1,GCAM-26,605453313388.8589,137760407993.90784,467692905394.95074
SHA,cesm1-cam5_rcp60_r1i1p1,GCAM-45,463787293641.3691,137227252271.94838,326560041369.4206
SHA,cesm1-cam5_rcp60_r1i1p1,GCAM-ref,372824327802.1922,137834758225.39014,234989569576.80225
SHA,cesm1-cam5_rcp60_r1i1p1,LUCAS-BAU_High-0001,271418455163.44525,139929510074.60422,131488945088.84103
SHA,cesm1-cam5_rcp60_r1i1p1,LUCAS-BAU_High-0002,267722227532.47318,130161626078.4996,137560601453.97363
SHA,cesm1-cam5_rcp85_r1i1p1,FORE-SCE-A1B,506325474276.4043,176510344023.58545,329815130252.81903
SHA,cesm1-cam5_rcp85_r1i1p1,FORE-SCE-A2,454065664577.01605,179430375966.07913,274635288610.93695
SHA,cesm1-cam5_rcp85_r1i1p1,FORE-SCE-B1,421084265008.6217,183241187293.38495,237843077715.23672
SHA,cesm1-cam5_rcp85_r1i1p1,GCAM-26,802807999500.7489,197090555991.95007,605717443508.7988
SHA,cesm1-cam5_rcp85_r1i1p1,GCAM-45,623759968675.7968,191812746182.3697,431947222493.4273
SHA,cesm1-cam5_rcp85_r1i1p1,GCAM-ref,501903384016.9937,169486793933.15396,332416590083.83954
SHA,cesm1-cam5_rcp85_r1i1p1,LUCAS-BAU_High-0001,372070497135.89056,180401497343.08896,191668999792.80148
SHA,cesm1-cam5_rcp85_r1i1p1,LUCAS-BAU_High-0002,381698817889.0112,182186000660.26962,199512817228.74167
SHA,cmcc-cm_rcp45_r1i1p1,FORE-SCE-A1B,235249805447.13348,19453354282.41047,215796451164.723
SHA,cmcc-cm_rcp45_r1i1p1,FORE-SCE-A2,202149298981.36874,19108078048.892525,183041220932.4762
SHA,cmcc-cm_rcp45_r1i1p1,FORE-SCE-B1,173132377774.87277,19522699765.736553,153609678009.13626
SHA,cmcc-cm_rcp45_r1i1p1,GCAM-26,468610868067.0419,24682405941.546997,443928462125.495
SHA,cmcc-cm_rcp45_r1i1p1,GCAM-45,319737244827.1275,21525792812.903145,298211452014.22437
SHA,cmcc-cm_rcp45_r1i1p1,GCAM-ref,233462247281.4071,20278750220.623898,213183497060.78314
SHA,cmcc-cm_rcp45_r1i1p1,LUCAS-BAU_High-0001,140415928079.36414,18933831968.63581,121482096110.72832
SHA,cmcc-cm_rcp45_r1i1p1,LUCAS-BAU_High-0002,148207750518.77185,20971814572.835415,127235935945.93645
SHA,cmcc-cm_rcp85_r1i1p1,FORE-SCE-A1B,304443623289.60474,45854602101.78375,258589021187.82095
SHA,cmcc-cm_rcp85_r1i1p1,FORE-SCE-A2,261097391394.92447,43926967224.51484,217170424170.40976
SHA,cmcc-cm_rcp85_r1i1p1,FORE-SCE-B1,224511019369.12656,45982403165.41428,178528616203.71228
SHA,cmcc-cm_rcp85_r1i1p1,GCAM-26,562299121017.163,46237282044.42518,516061838972.73773
SHA,cmcc-cm_rcp85_r1i1p1,GCAM-45,394934268440.97723,45217887785.345535,349716380655.6317
SHA,cmcc-cm_rcp85_r1i1p1,GCAM-ref,298796537633.04816,47727477178.12417,251069060454.92395
SHA,cmcc-cm_rcp85_r1i1p1,LUCAS-BAU_High-0001,186009653321.65976,46539588533.063194,139470064788.59653
SHA,cmcc-cm_rcp85_r1i1p1,LUCAS-BAU_High-0002,189751813492.53107,44669033343.86598,145082780148.66504
SHA,cnrm-cm5_rcp45_r1i1p1,FORE-SCE-A1B,416428134292.8423,212855051566.55786,203573082726.28433
SHA,cnrm-cm5_rcp45_r1i1p1,FORE-SCE-A2,392233796071.5807,221621634206.0047,170612161865.5758
SHA,cnrm-cm5_rcp45_r1i1p1,FORE-SCE-B1,366508366997.3019,218788267839.4341,147720099157.86774
SHA,cnrm-cm5_rcp45_r1i1p1,GCAM-26,626516699950.3384,209390235635.00406,417126464315.33466
SHA,cnrm-cm5_rcp45_r1i1p1,GCAM-45,486562121092.4947,209270087111.88565,277292033980.6092
SHA,cnrm-cm5_rcp45_r1i1p1,GCAM-ref,413845940391.04584,209966429681.33932,203879510709.70645
SHA,cnrm-cm5_rcp45_r1i1p1,LUCAS-BAU_High-0001,335481524800.1798,215577607570.34485,119903917229.83481
SHA,cnrm-cm5_rcp45_r1i1p1,LUCAS-BAU_High-0002,342824313808.59717,218959139538.42554,123865174270.17168
SHA,cnrm-cm5_rcp85_r1i1p1,FORE-SCE-A1B,385751476881.5382,114777568304.69481,270973908576.84335
SHA,cnrm-cm5_rcp85_r1i1p1,FORE-SCE-A2,350385618257.635,120197097041.91716,230188521215.7179
SHA,cnrm-cm5_rcp85_r1i1p1,FORE-SCE-B1,317969909067.7018,118633108688.19386,199336800379.5079
SHA,cnrm-cm5_rcp85_r1i1p1,GCAM-26,645323764407.1143,127569693721.54921,517754070685.5651
SHA,cnrm-cm5_rcp85_r1i1p1,GCAM-45,476921904235.8463,115715964892.87244,361205939342.9739
SHA,cnrm-cm5_rcp85_r1i1p1,GCAM-ref,388611814136.9837,118383660486.3235,270228153650.66025
SHA,cnrm-cm5_rcp85_r1i1p1,LUCAS-BAU_High-0001,281071178986.9018,118438608670.20557,162632570316.69614
SHA,cnrm-cm5_rcp85_r1i1p1,LUCAS-BAU_High-0002,292082999534.43616,124894527242.66924,167188472291.76694
SHA,csiro-mk3-6-0_rcp26_r1i1p1,FORE-SCE-A1B,303155421806.2946,25417626321.71526,277737795484.5794
SHA,csiro-mk3-6-0_rcp26_r1i1p1,FORE-SCE-A2,252070373036.88672,24645349199.69736,227425023837.18933
SHA,csiro-mk3-6-0_rcp26_r1i1p1,FORE-SCE-B1,220174734649.1756,25030819071.637486,195143915577.5381
SHA,csiro-mk3-6-0_rcp26_r1i1p1,GCAM-26,581577660219.4617,23867658701.481525,557710001517.9801
SHA,csiro-mk3-6-0_rcp26_r1i1p1,GCAM-45,406051113399.52155,23318185990.320915,382732927409.2005
SHA,csiro-mk3-6-0_rcp26_r1i1p1,GCAM-ref,309782699586.09924,26118461097.778614,283664238488.3206
SHA,csiro-mk3-6-0_rcp26_r1i1p1,LUCAS-BAU_High-0001,183445669784.40286,21089914507.431995,162355755276.9709
SHA,csiro-mk3-6-0_rcp26_r1i1p1,LUCAS-BAU_High-0002,196476359527.15002,26056952050.807007,170419407476.34305
SHA,csiro-mk3-6-0_rcp45_r1i1p1,FORE-SCE-A1B,296596595357.34564,53288998378.001045,243307596979.34454
SHA,csiro-mk3-6-0_rcp45_r1i1p1,FORE-SCE-A2,252906994410.03485,50045229515.81633,202861764894.2185
SHA,csiro-mk3-6-0_rcp45_r1i1p1,FORE-SCE-B1,217440859949.132,49382496613.12525,168058363336.0067
SHA,csiro-mk3-6-0_rcp45_r1i1p1,GCAM-26,581205894651.8484,68543077823.33334,512662816828.5149
SHA,csiro-mk3-6-0_rcp45_r1i1p1,GCAM-45,404337074091.9225,62405734174.96033,341931339916.9622
SHA,csiro-mk3-6-0_rcp45_r1i1p1,GCAM-ref,302310907701.3382,60221907468.21947,242089000233.1186
SHA,csiro-mk3-6-0_rcp45_r1i1p1,LUCAS-BAU_High-0001,182224859164.01355,50118925341.41462,132105933822.59886
SHA,csiro-mk3-6-0_rcp45_r1i1p1,LUCAS-BAU_High-0002,209323412562.34668,73195885502.40262,136127527059.94403
SHA,csiro-mk3-6-0_rcp60_r1i1p1,FORE-SCE-A1B,317613439298.0732,57971397502.76555,259642041795.3076
SHA,csiro-mk3-6-0_rcp60_r1i1p1,FORE-SCE-A2,281130313633.38654,58849661270.064186,222280652363.3223
SHA,csiro-mk3-6-0_rcp60_r1i1p1,FORE-SCE-B1,249126393922.29916,57998259468.14786,191128134454.1512
SHA,csiro-mk3-6-0_rcp60_r1i1p1,GCAM-26,569011010327.7505,62529524069.01552,506481486258.73486
SHA,csiro-mk3-6-0_rcp60_r1i1p1,GCAM-45,410417726636.88116,59592258557.653854,350825468079.2274
SHA,csiro-mk3-6-0_rcp60_r1i1p1,GCAM-ref,314968394831.902,59140092744.62349,255828302087.27847
SHA,csiro-mk3-6-0_rcp60_r1i1p1,LUCAS-BAU_High-0001,214211172901.4671,60088283557.5311,154122889343.93597
SHA,csiro-mk3-6-0_rcp60_r1i1p1,LUCAS-BAU_High-0002,216972438037.6257,57761307304.81787,159211130732.8078
SHA,csiro-mk3-6-0_rcp85_r1i1p1,FORE-SCE-A1B,376662638333.2504,92960487156.63547,283702151176.61487
SHA,csiro-mk3-6-0_rcp85_r1i1p1,FORE-SCE-A2,318754363609.3796,79625305708.17978,239129057901.19986
SHA,csiro-mk3-6-0_rcp85_r1i1p1,FORE-SCE-B1,287207905960.9966,85043556655.10239,202164349305.89417
SHA,csiro-mk3-6-0_rcp85_r1i1p1,GCAM-26,643567955285.2446,81937093716.15784,561630861569.0869
SHA,csiro-mk3-6-0_rcp85_r1i1p1,GCAM-45,484611253894.98413,89491146161.40155,395120107733.5825
SHA,csiro-mk3-6-0_rcp85_r1i1p1,GCAM-ref,389831425197.41956,103400949614.6756,286430475582.7441
SHA,csiro-mk3-6-0_rcp85_r1i1p1,LUCAS-BAU_High-0001,244872426490.3433,82278891410.39702,162593535079.9463
SHA,csiro-mk3-6-0_rcp85_r1i1p1,LUCAS-BAU_High-0002,253225474853.62277,84106309349.1521,169119165504.47067
SHA,fgoals-g2_rcp26_r1i1p1,FORE-SCE-A1B,224088338078.4798,26290102950.570675,197798235127.90915
SHA,fgoals-g2_rcp26_r1i1p1,FORE-SCE-A2,182222885385.81223,28815323794.100945,153407561591.71133
SHA,fgoals-g2_rcp26_r1i1p1,FORE-SCE-B1,163505404127.61005,31000493443.47966,132504910684.1304
SHA,fgoals-g2_rcp26_r1i1p1,GCAM-26,424508073748.188,16904226317.525831,407603847430.6621
SHA,fgoals-g2_rcp26_r1i1p1,GCAM-45,299521120489.1034,21048501548.389503,278472618940.71387
SHA,fgoals-g2_rcp26_r1i1p1,GCAM-ref,233779513575.16904,26814856450.935253,206964657124.2338
SHA,fgoals-g2_rcp26_r1i1p1,LUCAS-BAU_High-0001,143934104113.65308,33969674360.335777,109964429753.31729
SHA,fgoals-g2_rcp26_r1i1p1,LUCAS-BAU_High-0002,147968312957.77438,35109730036.83545,112858582920.93893
