ok,res,kappa,rep,demand,file,max7day_af,vol_above_safe_af,J,x0,x1,x2,x3,x4,x5,x6,secs
True,BUL,0.6,1,0.95,BUL_k0.60_s01.csv,575458.110640462,249287.14774624803,365058641.78647006,1.0002927222311944,67.9953113699495,102.59653952061223,250.80199855368738,0.8282209686164231,0.4279964450854738,0.08957117971694155,25.375087022781372
True,BUL,0.6,1,1.1,BUL_k0.60_s01.csv,575458.110640462,249287.14774624803,885015180.6434522,1.0045826344275042,21.712375542273264,107.4697021986,252.57805450178878,0.8390628555301289,0.4327795888250653,0.0444291034540829,24.644981145858765
True,BUL,0.6,1,1.25,BUL_k0.60_s01.csv,575458.110640462,249287.14774624803,1826555644.0544932,1.0,34.73132518677871,130.66501378869927,258.6114714448738,0.8645891119719178,0.42966038756995123,0.06483688979591432,23.544042110443115
True,BUL,0.6,1,1.4,BUL_k0.60_s01.csv,575458.110640462,249287.14774624803,3285427985.71133,1.0,62.417857647268264,106.98951725323342,250.0,0.8375706720338039,0.4297718611051513,0.14769493103035217,25.973294973373413
True,BUL,0.6,1,1.55,BUL_k0.60_s01.csv,575458.110640462,249287.14774624803,5684543715.088495,1.0,60.252658250443936,107.03675026117611,251.24584410223287,0.838800185976375,0.42987401453794205,0.10560055623155964,21.933788061141968
True,BUL,0.6,1,1.7,BUL_k0.60_s01.csv,575458.110640462,249287.14774624803,8973348047.133305,1.0,21.39786103191504,100.0,250.0,0.8491348781553224,0.4679637835379837,0.05913838640210705,22.317699670791626
True,BUL,0.6,1,1.8,BUL_k0.60_s01.csv,575458.110640462,249287.14774624803,11714839860.212051,1.0,39.8187466428459,100.00044375589766,250.0,0.8473966866224825,0.46307454388295327,0.0,18.427244901657104
True,BUL,0.6,2,0.95,BUL_k0.60_s02.csv,628475.799608482,203166.74800087203,449964761.02811384,1.001515818359623,73.06214452860814,111.28754725653242,251.6146825384062,0.7985053459184064,0.34695597571793235,0.04045692929820632,29.789495944976807
True,BUL,0.6,2,1.1,BUL_k0.60_s02.csv,628475.799608482,203166.74800087203,1071195915.0177431,1.0004893793148693,51.988698376753575,117.0996259699501,250.6497002380065,0.8028285446934043,0.33896981883761573,0.03851265798297837,28.099876880645752
True,BUL,0.6,2,1.25,BUL_k0.60_s02.csv,628475.799608482,203166.74800087203,2188292484.718333,1.0,47.58115677162116,119.91146876697977,252.51694897274342,0.8024506017902715,0.33254805473085086,0.07554690354033324,25.008366107940674
True,BUL,0.6,2,1.4,BUL_k0.60_s02.csv,628475.799608482,203166.74800087203,3908784560.4546204,1.007379131956091,86.35227586063613,118.51857872015407,250.19683619385364,0.819150448077026,0.3612089486618187,0.18320334928375637,22.235824823379517
True,BUL,0.6,2,1.55,BUL_k0.60_s02.csv,628475.799608482,203166.74800087203,6215336798.661311,1.0,27.637198995750477,100.00865744801501,250.0,0.7856352923462161,0.34646379990512904,0.030581010806000133,21.84145188331604
True,BUL,0.6,2,1.7,BUL_k0.60_s02.csv,628475.799608482,203166.74800087203,9523413321.60487,1.0,71.72306924308552,109.82129014723299,250.0,0.8006565674928521,0.346680462549956,0.08663750001316585,21.852560997009277
True,BUL,0.6,2,1.8,BUL_k0.60_s02.csv,628475.799608482,203166.74800087203,12296543765.952286,1.0,98.84992065417347,100.00054816698281,250.0,0.8132200323403638,0.387475271741585,0.0036994434140640883,19.627899885177612
True,BUL,0.6,3,0.95,BUL_k0.60_s03.csv,578472.457437442,479751.59798564995,457468624.2687243,1.0127017287768756,75.0458396777355,125.75840220021907,250.43410125749415,0.7658526591239958,0.3223325838297405,0.1391269557463431,33.48585796356201
True,BUL,0.6,3,1.1,BUL_k0.60_s03.csv,578472.457437442,479751.59798564995,1072830383.5151653,1.0028947487779842,4.811200983913665,113.3356847725946,250.80311732109186,0.7386875792428982,0.3094560926751404,0.05411539881905352,28.173645973205566
True,BUL,0.6,3,1.25,BUL_k0.60_s03.csv,578472.457437442,479751.59798564995,2156202455.502211,1.0,17.26094309294114,101.4329928994565,250.32298643341548,0.7127141563861643,0.3002627789124921,0.07330001730538926,26.78593897819519
True,BUL,0.6,3,1.4,BUL_k0.60_s03.csv,578472.457437442,479751.59798564995,3768687356.4582314,1.0,55.49448005711548,100.0,250.0,0.7206999043564556,0.3217887351573423,0.009033556398622494,25.66634440422058
True,BUL,0.6,3,1.55,BUL_k0.60_s03.csv,578472.457437442,479751.59798564995,6150274578.962565,1.0,48.957495849161084,109.9868486547265,250.77498395856674,0.7412332620873819,0.3232182251422426,0.033484828427691335,25.0363028049469
True,BUL,0.6,3,1.7,BUL_k0.60_s03.csv,578472.457437442,479751.59798564995,9372926763.149103,1.0,61.89433968697744,100.43536515253464,250.10164734884967,0.7247618753231032,0.3236731718350738,0.016694145632233676,22.500196933746338
True,BUL,0.6,3,1.8,BUL_k0.60_s03.csv,578472.457437442,479751.59798564995,12101540256.009773,1.0,45.097605132064,100.00089179532016,250.0,0.7250116119528353,0.3239785892850681,0.09231158697615455,25.167998790740967
True,BUL,0.6,4,0.95,BUL_k0.60_s04.csv,628475.799608482,226234.68935697002,320513390.5096996,1.0070348371562614,97.32339824958933,104.98593237746664,250.2304369664365,0.7730841144751394,0.3488673357587113,0.017928674187768515,31.308499813079834
True,BUL,0.6,4,1.1,BUL_k0.60_s04.csv,628475.799608482,226234.68935697002,795549086.2696879,1.0101436897488243,57.46192865670755,115.9707260500453,250.13495143434022,0.7898351429386724,0.3497437502124317,0.11670789726212688,29.185201168060303
True,BUL,0.6,4,1.25,BUL_k0.60_s04.csv,628475.799608482,226234.68935697002,1675913178.9893045,1.0018826205983182,77.40736110466712,105.32059318907167,251.83288556912038,0.7745951860867819,0.35102124522863887,0.127613321624449,27.455109119415283
True,BUL,0.6,4,1.4,BUL_k0.60_s04.csv,628475.799608482,226234.68935697002,3096405258.961322,1.0,17.320186489227005,125.2477799871308,250.10905116071046,0.8084216645640817,0.3491182468820192,0.16951669284103937,27.65391993522644
True,BUL,0.6,4,1.55,BUL_k0.60_s04.csv,628475.799608482,226234.68935697002,5322525749.307003,1.0,43.34378090415814,122.00205029664579,250.0,0.8051817687886215,0.35026623450623356,0.08252763830884512,23.459913969039917
True,BUL,0.6,4,1.7,BUL_k0.60_s04.csv,628475.799608482,226234.68935697002,8546325341.76422,1.0,11.486767091098926,126.82613314063244,250.0,0.8109737135657441,0.3476171386815661,0.032792145979942025,22.63222098350525
True,BUL,0.6,4,1.8,BUL_k0.60_s04.csv,628475.799608482,226234.68935697002,11332339645.443233,1.0,28.250127021747286,100.00000000000003,253.23487320777772,0.7993980769092494,0.3875621181431459,0.030546751686028134,21.702833890914917
True,BUL,0.7,1,0.95,BUL_k0.70_s01.csv,627928.9328303216,420642.02147442894,282406205.3593405,1.0080224256765584,71.8087392601052,101.14033581617092,250.53623423393077,0.7231767382576354,0.31529094669833857,0.09212330586331877,31.549583196640015
True,BUL,0.7,1,1.1,BUL_k0.70_s01.csv,627928.9328303216,420642.02147442894,688025649.9092395,1.0072739888503113,89.22121396293032,109.62082258409552,250.31358530628012,0.7387219443912935,0.31300328804787675,0.052095695141780335,30.192938089370728
True,BUL,0.7,1,1.25,BUL_k0.70_s01.csv,627928.9328303216,420642.02147442894,1460384900.750325,1.0025090992354526,46.841014451557875,111.1584468606282,250.4866963607586,0.7357621021008114,0.3124437328247929,0.03859895570804376,28.079764127731323
True,BUL,0.7,1,1.4,BUL_k0.70_s01.csv,627928.9328303216,420642.02147442894,2643947222.565133,1.0,5.604393789385973,100.45573262908947,250.0,0.7283717900009232,0.3158901411063185,0.10983393806006225,27.52078890800476
True,BUL,0.7,1,1.55,BUL_k0.70_s01.csv,627928.9328303216,420642.02147442894,4487073230.706915,1.0,48.332884549468794,102.95885118680823,250.11922074795962,0.7357940823183203,0.3173266159090562,0.01570447960327534,25.07729697227478
True,BUL,0.7,1,1.7,BUL_k0.70_s01.csv,627928.9328303216,420642.02147442894,6990743110.340281,1.0,94.9677726926909,112.7248673105556,250.0,0.7815830185232948,0.32171286040836755,0.10326594413015536,26.1158230304718
True,BUL,0.7,1,1.8,BUL_k0.70_s01.csv,627928.9328303216,420642.02147442894,9119294969.523092,1.0,46.507095759485225,100.00020597707244,250.0,0.7700803496978214,0.33154508143728484,0.046817038797037004,23.869080781936646
True,BUL,0.7,2,0.95,BUL_k0.70_s02.csv,760665.6192783515,667657.646021334,698702528.4166894,1.0015202480657859,71.11334354317307,116.73204759473442,251.18176714866337,0.6071697077174271,0.24123717146507923,0.11847037180783149,41.218137979507446
True,BUL,0.7,2,1.1,BUL_k0.70_s02.csv,760665.6192783515,667657.646021334,1465618984.9036286,1.0037814475937128,77.32446433584741,114.01725389058095,251.2288112083044,0.6022739433247408,0.24175149149568512,0.015895556274564793,35.584376096725464
True,BUL,0.7,2,1.25,BUL_k0.70_s02.csv,760665.6192783515,667657.646021334,2778383411.749432,1.0108273827133798,38.595254952577044,115.2504982597143,251.48320283946393,0.6096339277811842,0.24280690514785103,0.09640541557672118,28.982501983642578
True,BUL,0.7,2,1.4,BUL_k0.70_s02.csv,760665.6192783515,667657.646021334,4721041558.315375,1.019547773257308,17.108379833861342,101.24785225352873,251.4687500145916,0.5796884596897093,0.24628741208832156,0.07372884162014583,29.44667387008667
True,BUL,0.7,2,1.55,BUL_k0.70_s02.csv,760665.6192783515,667657.646021334,7296804714.0001745,1.0017964855856358,92.78141750554377,104.70977186803313,250.22283779823047,0.6004700899912487,0.25232588847164283,0.08726932886510748,28.25474524497986
True,BUL,0.7,2,1.7,BUL_k0.70_s02.csv,760665.6192783515,667657.646021334,10810776237.50371,1.0,53.709460692013245,100.0,250.0,0.5981859078662223,0.2554327917708181,0.03116590834758888,27.94343400001526
True,BUL,0.7,2,1.8,BUL_k0.70_s02.csv,760665.6192783515,667657.646021334,13745066087.156883,1.0,58.84457200103307,100.00040574959925,250.0,0.6055962580633353,0.25844481714923084,0.0,22.815280199050903
True,BUL,0.7,3,0.95,BUL_k0.70_s03.csv,637604.1308953715,407853.9512112215,355747735.8102967,1.0008621480656796,19.052899425036102,102.99700037786583,251.4732969139944,0.744903404219549,0.34240062544283245,0.0594333631315013,38.27985501289368
True,BUL,0.7,3,1.1,BUL_k0.70_s03.csv,637604.1308953715,407853.9512112215,897048716.7565249,1.0057972100321546,45.31156877735134,100.85426789090403,250.21196023443164,0.7384554638630654,0.340022620664802,0.14379376442972724,32.13023114204407
True,BUL,0.7,3,1.25,BUL_k0.70_s03.csv,637604.1308953715,407853.9512112215,1883679937.7913878,1.0092481804700904,69.72324590101596,102.81970278354852,250.45264141076044,0.7472071232616354,0.34379810546653555,0.02871350876217664,29.17124605178833
True,BUL,0.7,3,1.4,BUL_k0.70_s03.csv,637604.1308953715,407853.9512112215,3449666339.800894,1.0,83.88263048944613,109.1084257978492,251.34138357504327,0.7580884609009162,0.3422815914060374,0.08567765860085536,24.979674100875854
True,BUL,0.7,3,1.55,BUL_k0.70_s03.csv,637604.1308953715,407853.9512112215,5756329937.412115,1.0,52.25193178133378,100.99781910086392,250.00000020792322,0.7457671616628205,0.3437098929287516,0.04382554620116539,25.633743047714233
True,BUL,0.7,3,1.7,BUL_k0.70_s03.csv,637604.1308953715,407853.9512112215,9041706176.501303,1.0,72.36254656769304,108.64928868869636,250.0,0.7586260374805833,0.3421556353168878,0.07388668165402333,22.076560020446777
True,BUL,0.7,3,1.8,BUL_k0.70_s03.csv,637604.1308953715,407853.9512112215,11991976199.30581,1.0,9.270076748116509,100.0,252.2051371204779,0.754441356898872,0.36422715765320807,0.12676270931551295,19.61006474494934
True,BUL,0.7,4,0.95,BUL_k0.70_s04.csv,760665.6192783515,1161239.9353913886,707031637.3324561,1.0077188989366421,43.12487387470941,116.17847513332381,250.059497896876,0.5847871567527351,0.22215631277921055,0.08727770013053246,43.449662923812866
True,BUL,0.7,4,1.1,BUL_k0.70_s04.csv,760665.6192783515,1161239.9353913886,1463882765.820981,1.0,24.715547780913894,105.71581712510903,250.09258337015086,0.5556612941195949,0.2235584524944689,0.15845478472833743,39.77902817726135
True,BUL,0.7,4,1.25,BUL_k0.70_s04.csv,760665.6192783515,1161239.9353913886,2763314968.697969,1.0018495253530937,59.9950817297596,117.32990031714,251.98225056963378,0.5923753074508792,0.22219083382746246,0.10098551216650738,35.05426573753357
True,BUL,0.7,4,1.4,BUL_k0.70_s04.csv,760665.6192783515,1161239.9353913886,4664490610.692467,1.0,88.54704336712584,109.04390680593764,250.69687874652283,0.5693644865218972,0.22322903966187152,0.09840492180182986,32.805071115493774
True,BUL,0.7,4,1.55,BUL_k0.70_s04.csv,760665.6192783515,1161239.9353913886,7475957022.897768,1.0014486092206734,69.96212950088679,132.08658228617554,250.97230633900637,0.6325914004065235,0.21736304634514303,0.18385190499800538,28.48267698287964
True,BUL,0.7,4,1.7,BUL_k0.70_s04.csv,760665.6192783515,1161239.9353913886,11124872280.54665,1.0,21.232428476079548,103.96439707409408,252.68874446998518,0.5639874620064628,0.22688118436944096,0.02488020048989735,25.709299087524414
True,BUL,0.7,4,1.8,BUL_k0.70_s04.csv,760665.6192783515,1161239.9353913886,14068919130.194275,1.0,98.04146605178872,126.53271660759347,250.30726941614606,0.6294225219864503,0.22651034025559214,0.10149863867172156,26.54214882850647
True,BUL,0.8,1,0.95,BUL_k0.80_s01.csv,770668.244306541,872251.390406274,696928025.8058374,1.0010866760742456,58.633263548676425,102.8976151990225,251.72749523279327,0.6208096434814908,0.22423992986591376,0.1836928369735745,33.35462713241577
True,BUL,0.8,1,1.1,BUL_k0.80_s01.csv,770668.244306541,872251.390406274,1503061318.949492,1.0,70.94692089395718,103.05169378355849,250.06139528167404,0.6210590536027785,0.2235372195758657,0.11389288161506231,37.62929725646973
True,BUL,0.8,1,1.25,BUL_k0.80_s01.csv,770668.244306541,872251.390406274,2872932305.0960693,1.0,86.1636918585259,105.78618579102346,251.21854117616235,0.6293177132882102,0.22106936638824262,0.04978515769903194,34.003040075302124
True,BUL,0.8,1,1.4,BUL_k0.80_s01.csv,770668.244306541,872251.390406274,4893123930.073917,1.0,97.50508244015126,100.12338889454205,250.0,0.6177302517921707,0.22313245369808962,0.09033703685546568,29.848879098892212
True,BUL,0.8,1,1.55,BUL_k0.80_s01.csv,770668.244306541,872251.390406274,7798877112.4207325,1.0001981636695363,48.06224452834615,100.86655645861865,250.51834721451942,0.636725943935984,0.23929073764597028,0.14050025998714094,27.614259958267212
True,BUL,0.8,1,1.7,BUL_k0.80_s01.csv,770668.244306541,872251.390406274,11634282552.232311,1.0,56.15867765438913,100.01035933717688,250.0,0.6356329116920867,0.23859442656361457,0.0,22.85494613647461
True,BUL,0.8,1,1.8,BUL_k0.80_s01.csv,770668.244306541,872251.390406274,14840126469.110207,1.0,26.78868579162922,100.00000625011558,250.0,0.6386599515684273,0.24049498978580486,0.1313981370975603,26.495115995407104
True,BUL,0.8,2,0.95,BUL_k0.80_s02.csv,730261.548838141,688831.14820524,725764263.1844261,1.0,89.09656403109798,110.7208925083028,250.00000030031921,0.558205653558105,0.19988901018832417,0.16381085009033314,43.398159980773926
True,BUL,0.8,2,1.1,BUL_k0.80_s02.csv,730261.548838141,688831.14820524,1523777619.1607635,1.0004406458587545,86.65489397626972,107.52189656309447,250.4376314458714,0.5572958250392331,0.20354512421164322,0.0066396387065549844,40.22952914237976
True,BUL,0.8,2,1.25,BUL_k0.80_s02.csv,730261.548838141,688831.14820524,2839902805.1732497,1.008985580750202,15.770449294241544,107.64674495840677,250.7089120422007,0.5590475046670118,0.20333850938504214,0.1859772586293903,35.37713313102722
True,BUL,0.8,2,1.4,BUL_k0.80_s02.csv,730261.548838141,688831.14820524,4746054672.8940935,1.0009103136927604,33.648606544754045,105.48041489187311,250.36627914255303,0.580191383992243,0.21769193127487602,0.13239626664084161,32.50731015205383
True,BUL,0.8,2,1.55,BUL_k0.80_s02.csv,730261.548838141,688831.14820524,7511448766.885245,1.0,61.97738059811064,110.82925292876999,252.79277748177273,0.584273805270449,0.21003186822950295,0.03705832231660623,27.45882773399353
True,BUL,0.8,2,1.7,BUL_k0.80_s02.csv,730261.548838141,688831.14820524,11034449127.003132,1.0,70.60333590005682,100.18704742448287,250.0,0.5623114264646912,0.21451314154568565,0.12042083097559862,26.02274990081787
True,BUL,0.8,2,1.8,BUL_k0.80_s02.csv,730261.548838141,688831.14820524,14110392994.748383,1.0,70.22279352976983,100.00000140189651,250.0,0.6010991018665606,0.2370362490971395,0.12749695512631465,21.49093008041382
True,BUL,0.8,3,0.95,BUL_k0.80_s03.csv,737130.416522461,1182606.396974907,749950996.0583334,1.0,49.000518520197645,107.30985573035689,250.06068716086037,0.6227607997292774,0.2331788324647311,0.14710220017676934,40.271119832992554
True,BUL,0.8,3,1.1,BUL_k0.80_s03.csv,737130.416522461,1182606.396974907,1609047790.0142157,1.000805327453499,26.333577149865224,114.72742964730666,250.5487503714961,0.6430740904626261,0.2314446142365866,0.14937432625854985,37.733027935028076
True,BUL,0.8,3,1.25,BUL_k0.80_s03.csv,737130.416522461,1182606.396974907,3019090852.1939883,1.0047982718345159,18.0835668598777,105.20259999247381,251.48669403547854,0.6257069552343552,0.23623754281155906,0.08208821768161713,31.654951333999634
True,BUL,0.8,3,1.4,BUL_k0.80_s03.csv,737130.416522461,1182606.396974907,5059345400.262621,1.0,71.41804780548854,104.347604985418,251.31754889905324,0.6314184758197863,0.2414707955053275,0.15421095574894877,29.47321128845215
True,BUL,0.8,3,1.55,BUL_k0.80_s03.csv,737130.416522461,1182606.396974907,7940703271.462342,1.0,68.59889367907635,101.66774980188308,250.91155672402326,0.629499001224038,0.24446660733874712,0.1473751823775252,26.328788995742798
True,BUL,0.8,3,1.7,BUL_k0.80_s03.csv,737130.416522461,1182606.396974907,11805499491.28227,1.0,34.444461664703596,100.0,250.04715177089665,0.6368626745793482,0.25514071463147286,0.08209266753847935,26.266833066940308
True,BUL,0.8,3,1.8,BUL_k0.80_s03.csv,737130.416522461,1182606.396974907,15035236544.224867,1.0,0.39526089260773833,100.00391856391855,250.0,0.6386051115120005,0.25516971302992236,0.045439321072546314,25.515416622161865
True,BUL,0.8,4,0.95,BUL_k0.80_s04.csv,730261.548838141,1040275.4777072271,743445824.1948996,1.005206279574195,79.22771941814219,102.70089975339694,250.64482374238108,0.5262425497712397,0.19684781419954825,0.13235093706399487,46.84711503982544
True,BUL,0.8,4,1.1,BUL_k0.80_s04.csv,730261.548838141,1040275.4777072271,1527561177.8105772,1.0020978297565062,64.86548283323842,102.27305548946342,250.35122723021962,0.5294255316045061,0.19861010169537802,0.08720229021108573,42.55764293670654
True,BUL,0.8,4,1.25,BUL_k0.80_s04.csv,730261.548838141,1040275.4777072271,2839295685.149173,1.0,72.4858936524901,113.9752801986666,250.6895226531871,0.5713645317984728,0.20058329607854405,0.016512920457332395,35.378925800323486
True,BUL,0.8,4,1.4,BUL_k0.80_s04.csv,730261.548838141,1040275.4777072271,4788531825.689062,1.008173141871679,82.08940360949273,103.13606374501738,250.70301112069384,0.5504836084355386,0.20648227310389833,0.013409249236947265,31.728623867034912
True,BUL,0.8,4,1.55,BUL_k0.80_s04.csv,730261.548838141,1040275.4777072271,7530366700.446726,1.0130926738641486,63.528493449874496,104.52747259289497,251.94426667007252,0.5703413277853845,0.21259295874088954,0.013939305702702631,28.15733814239502
True,BUL,0.8,4,1.7,BUL_k0.80_s04.csv,730261.548838141,1040275.4777072271,11083061874.45067,1.0093963361271392,57.045856891146975,108.971950840976,250.86412422162056,0.5997003845868226,0.22133517138594827,0.051357957272553045,26.7324378490448
True,BUL,0.8,4,1.8,BUL_k0.80_s04.csv,730261.548838141,1040275.4777072271,13969559144.575504,1.0,31.33489508759022,104.26652252149366,251.04180628014166,0.6213970643602446,0.24241381236489395,0.03249262448373973,29.030455112457275
True,BUL,0.9,1,0.95,BUL_k0.90_s01.csv,920313.3774966506,1639233.5012053398,1420088029.8135033,1.0030831596576248,70.48424142296741,124.57164858322179,253.1730290667618,0.4589258695331778,0.17802536600352944,0.12644415102631942,41.92613387107849
True,BUL,0.9,1,1.1,BUL_k0.90_s01.csv,920313.3774966506,1639233.5012053398,2513548839.385568,1.0111954496047577,78.38381385985655,114.14620774052646,250.16541779620584,0.42379695710798443,0.18132182528390783,0.05720237606693401,41.45985388755798
True,BUL,0.9,1,1.25,BUL_k0.90_s01.csv,920313.3774966506,1639233.5012053398,4137781989.0998955,1.0,100.0,103.15848002977825,251.82933861023164,0.3857452413114845,0.18125955759510157,0.07137867689963627,34.722312927246094
True,BUL,0.9,1,1.4,BUL_k0.90_s01.csv,920313.3774966506,1639233.5012053398,6434122628.229947,1.0,100.0,100.00186419049042,250.00707120895575,0.38184847007213185,0.18394629116712638,0.044408574995550544,35.80058813095093
True,BUL,0.9,1,1.55,BUL_k0.90_s01.csv,920313.3774966506,1639233.5012053398,9462854719.622871,1.0,89.1194777544498,101.78699335264214,250.0,0.39756642623326155,0.18504158189522413,0.12045283486413925,30.403704166412354
True,BUL,0.9,1,1.7,BUL_k0.90_s01.csv,920313.3774966506,1639233.5012053398,13553862870.782793,1.0,99.84498429871488,100.25591042132146,250.0,0.393369453682412,0.18298677866712082,0.0643122395876452,30.78458595275879
True,BUL,0.9,1,1.8,BUL_k0.90_s01.csv,920313.3774966506,1639233.5012053398,16709948097.164133,1.0,88.14250301250817,103.15961744398535,250.49040707665537,0.4210422677699044,0.18962494162594556,0.05661388394372529,27.25304388999939
True,BUL,0.9,2,0.95,BUL_k0.90_s02.csv,841764.4666555704,1604185.0216114304,1159836320.9071064,1.0026704617974596,71.35792439794626,106.21908923309826,250.48036915004056,0.4152312179350875,0.1636843481727137,0.18182816492310536,47.0120062828064
True,BUL,0.9,2,1.1,BUL_k0.90_s02.csv,841764.4666555704,1604185.0216114304,2143415168.0199947,1.0006331562065374,81.34435617028775,100.6908726034092,250.62471536366556,0.3998823161780565,0.1651726512653771,0.04589579351708123,43.01504707336426
True,BUL,0.9,2,1.25,BUL_k0.90_s02.csv,841764.4666555704,1604185.0216114304,3635001063.667314,1.0001430513799237,78.3067270676464,108.68124679182628,251.23233658594583,0.454088464807596,0.17331697252762188,0.00546486087635871,41.35808205604553
True,BUL,0.9,2,1.4,BUL_k0.90_s02.csv,841764.4666555704,1604185.0216114304,5753703227.048148,1.006167408863907,74.65675857845312,110.45769525131217,250.3399608085731,0.4673165831172686,0.17561798254590355,0.09208028718278588,34.93382287025452
True,BUL,0.9,2,1.55,BUL_k0.90_s02.csv,841764.4666555704,1604185.0216114304,8643356531.37076,1.0,32.52866979191846,108.04494375222738,250.6139638104965,0.46520852387016703,0.17725733175823585,0.18002394054048693,31.090928077697754
True,BUL,0.9,2,1.7,BUL_k0.90_s02.csv,841764.4666555704,1604185.0216114304,12459711504.510185,1.0,66.98742765083183,101.79167563503665,250.0,0.44687139864594355,0.17839209343099605,0.0,32.181570053100586
True,BUL,0.9,2,1.8,BUL_k0.90_s02.csv,841764.4666555704,1604185.0216114304,15635070809.150368,1.0,82.05709726775503,103.89235375579544,250.0,0.4740192729143076,0.18605099110967363,0.09290438236263038,27.081317901611328
True,BUL,0.9,3,0.95,BUL_k0.90_s03.csv,750225.1264873407,1395618.0941554925,993192404.9138258,1.002269454677089,51.93552664190533,100.81800543585364,250.4374611022599,0.48232219586041253,0.18524146590634413,0.1524866967084914,54.42482304573059
True,BUL,0.9,3,1.1,BUL_k0.90_s03.csv,750225.1264873407,1395618.0941554925,1978447129.0763633,1.0033852956513245,68.63528014609163,101.9279977017729,250.43495304582564,0.47866289066965534,0.17978603048211378,0.1249832480022505,43.9990439414978
True,BUL,0.9,3,1.25,BUL_k0.90_s03.csv,750225.1264873407,1395618.0941554925,3512016825.784117,1.0,84.5400339725602,100.89274376275313,250.023529869343,0.5023019048678095,0.19501173903871583,0.0326639352163933,38.04051613807678
True,BUL,0.9,3,1.4,BUL_k0.90_s03.csv,750225.1264873407,1395618.0941554925,5808590412.059253,1.0,75.8780119798516,100.71572774244099,250.0,0.5045610915535992,0.19541506153790786,0.006758824390226986,31.892499208450317
True,BUL,0.9,3,1.55,BUL_k0.90_s03.csv,750225.1264873407,1395618.0941554925,9182940834.137312,1.017337879058403,32.03424973114763,102.61495914287524,250.21802629343165,0.49125061097903944,0.1816793195802291,0.05733672995400203,28.982900857925415
True,BUL,0.9,3,1.7,BUL_k0.90_s03.csv,750225.1264873407,1395618.0941554925,13122241098.998106,1.0,55.17840834903286,100.00000089921524,250.83606694776307,0.5175328375181788,0.20109699165234948,0.10806248524064817,26.799053192138672
True,BUL,0.9,3,1.8,BUL_k0.90_s03.csv,750225.1264873407,1395618.0941554925,16476556934.248775,1.0,93.09300785465216,100.21873982846166,250.31543178242683,0.521647907189236,0.20197906829533085,0.0,26.25974202156067
True,BUL,0.9,4,0.95,BUL_k0.90_s04.csv,841764.4666555704,1239020.5990122391,728947857.9813049,1.0033293894228366,38.612102794688305,100.2514667638934,250.67871806472147,0.6191521843957487,0.21024415903335258,0.15394885452190132,41.35287666320801
True,BUL,0.9,4,1.1,BUL_k0.90_s04.csv,841764.4666555704,1239020.5990122391,1572941560.8751957,1.0034486052430265,55.82887009778014,101.18536438416137,250.75464137390196,0.6218501037047035,0.21416956344013816,0.12967660373021694,39.238393783569336
True,BUL,0.9,4,1.25,BUL_k0.90_s04.csv,841764.4666555704,1239020.5990122391,2962521780.6406045,1.012897194366229,40.769714180127224,100.84587646832756,251.15160743071428,0.6272013287779371,0.2143000580827517,0.08039164213642658,35.22615385055542
True,BUL,0.9,4,1.4,BUL_k0.90_s04.csv,841764.4666555704,1239020.5990122391,5082587969.160038,1.0094524421762685,66.50162324016708,100.98987093682737,251.61502255995237,0.6212966992265031,0.21494437550752932,0.04365590351013593,32.44808101654053
True,BUL,0.9,4,1.55,BUL_k0.90_s04.csv,841764.4666555704,1239020.5990122391,7940150420.680006,1.0,54.78223122905575,103.46899731961149,250.44408182385305,0.6344382404639989,0.21601651931733282,0.17259276273513416,27.355093955993652
True,BUL,0.9,4,1.7,BUL_k0.90_s04.csv,841764.4666555704,1239020.5990122391,11472299057.669252,1.0,50.131576483777245,101.49152974102586,251.39224224760505,0.6525182325704035,0.22639872301351088,0.015119292121695188,27.55066967010498
True,BUL,0.9,4,1.8,BUL_k0.90_s04.csv,841764.4666555704,1239020.5990122391,14447838502.818872,1.0,28.86535088591291,100.00000024273955,250.0,0.6584007156818414,0.23854064261799446,0.1060231607327592,26.5734281539917
True,BUL,1.0,1,0.95,BUL_k1.00_s01.csv,862352.3196691,2078596.1699609002,2061402549.501795,1.0098557662572687,99.2339385615009,111.48210057799457,250.51884583326017,0.2719221803079645,0.13913312387118226,0.07674563049357763,42.203102827072144
True,BUL,1.0,1,1.1,BUL_k1.00_s01.csv,862352.3196691,2078596.1699609002,3417012567.3619742,1.0034758103976757,99.70140994048255,114.33948344926289,250.87210912580983,0.30271576309108306,0.14238539631352648,0.09867140119840082,41.516660928726196
True,BUL,1.0,1,1.25,BUL_k1.00_s01.csv,862352.3196691,2078596.1699609002,5407288310.525597,1.0,60.826045371750375,112.05662694002547,250.1859631103132,0.32327839123119634,0.1510742205629663,0.1374583447023976,38.32861804962158
True,BUL,1.0,1,1.4,BUL_k1.00_s01.csv,862352.3196691,2078596.1699609002,8145920493.388992,1.0,73.72695692836659,114.36342953056904,252.00129384766274,0.3362208511568971,0.15081872831776041,0.11866863931282216,29.952725887298584
True,BUL,1.0,1,1.55,BUL_k1.00_s01.csv,862352.3196691,2078596.1699609002,11642994039.098942,1.0,100.0,100.00000004969047,250.0,0.3245794365256704,0.16789893219278285,0.0,29.146183967590332
True,BUL,1.0,1,1.7,BUL_k1.00_s01.csv,862352.3196691,2078596.1699609002,16085837579.889961,1.0,99.64886950079094,100.27384196221492,250.0,0.3674845462374705,0.18152050620500354,0.0,29.513789892196655
True,BUL,1.0,1,1.8,BUL_k1.00_s01.csv,862352.3196691,2078596.1699609002,19617041122.842506,1.0,95.30627440693553,113.0366200194197,250.0,0.42149453929538033,0.18124619930942729,0.0,28.338685035705566
True,BUL,1.0,2,0.95,BUL_k1.00_s02.csv,912860.6890046,2612289.1569101005,1652917210.1634662,1.003766138146171,52.01709508135775,137.60212726411376,250.7966395613844,0.5013015230637883,0.17839961002579066,0.18879823036907686,44.04396891593933
True,BUL,1.0,2,1.1,BUL_k1.00_s02.csv,912860.6890046,2612289.1569101005,3004211438.21054,1.0,72.34091215834815,103.40966191223588,252.21510065368975,0.37979695814266023,0.18661159062966876,0.10135131144788612,39.678568840026855
True,BUL,1.0,2,1.25,BUL_k1.00_s02.csv,912860.6890046,2612289.1569101005,4844253815.805987,1.0051785847360777,49.46690748842376,134.73478946750933,250.46004109587352,0.503323194558518,0.18283740055137535,0.028531875988410102,36.94664669036865
True,BUL,1.0,2,1.4,BUL_k1.00_s02.csv,912860.6890046,2612289.1569101005,7504481598.602939,1.0,60.48597447218929,135.71263967661147,253.1156743253605,0.5061699836632954,0.18070051088253916,0.1541727142534455,31.832816123962402
True,BUL,1.0,2,1.55,BUL_k1.00_s02.csv,912860.6890046,2612289.1569101005,11016122859.28426,1.0,44.695784951841276,138.91855936287007,250.0,0.5265184509694992,0.18420217223615332,0.10589466267425705,31.76274085044861
True,BUL,1.0,2,1.7,BUL_k1.00_s02.csv,912860.6890046,2612289.1569101005,15682476588.349277,1.0,10.2200688257546,134.3780629437857,250.0,0.5144178884773477,0.1857218900494642,0.10548067671216912,29.090013027191162
True,BUL,1.0,2,1.8,BUL_k1.00_s02.csv,912860.6890046,2612289.1569101005,19292314799.202682,1.0,81.54564702771461,100.00000058129899,250.0,0.38193151153621757,0.18893252146521966,0.10132241896139792,31.543352842330933
True,BUL,1.0,3,0.95,BUL_k1.00_s03.csv,1000137.2566058001,1929164.0194983995,1745506533.8867834,1.006329464996939,95.85689387903956,129.16881074660273,250.5306717401051,0.3909433240068977,0.15310189096297522,0.11098502150081013,41.36957097053528
True,BUL,1.0,3,1.1,BUL_k1.00_s03.csv,1000137.2566058001,1929164.0194983995,3010012570.0565,1.000658622835609,90.18830112442092,125.28269157534534,251.46938171459874,0.390294370849747,0.1586294342927927,0.09388948879787802,38.99752593040466
True,BUL,1.0,3,1.25,BUL_k1.00_s03.csv,1000137.2566058001,1929164.0194983995,4903650956.090515,1.0,93.97409588707548,124.40682249563767,251.62597742505207,0.39228830013987553,0.1602975244581523,0.14257056119020103,35.869911909103394
True,BUL,1.0,3,1.4,BUL_k1.00_s03.csv,1000137.2566058001,1929164.0194983995,7523091464.389457,1.0,87.06129113865025,113.83912681173284,250.0000003391008,0.34580820944106483,0.15906362550976808,0.09355103754614567,35.735047817230225
True,BUL,1.0,3,1.55,BUL_k1.00_s03.csv,1000137.2566058001,1929164.0194983995,11050647420.714201,1.0,97.8973222059656,104.63764098453399,250.0,0.3263581616388069,0.1665547851359611,0.013046732412045431,30.7550790309906
True,BUL,1.0,3,1.7,BUL_k1.00_s03.csv,1000137.2566058001,1929164.0194983995,15608892031.922676,1.0,87.34460368012404,103.41756576973158,250.0,0.3261200794929486,0.16729258289322532,0.0,30.1806001663208
True,BUL,1.0,3,1.8,BUL_k1.00_s03.csv,1000137.2566058001,1929164.0194983995,19260590554.835083,1.0,78.30112136086858,103.39778153433362,250.0,0.3549578359183467,0.17752820240953893,0.08329936554747856,31.21530818939209
True,BUL,1.0,4,0.95,BUL_k1.00_s04.csv,813999.9623889,2158309.905295,1458099948.6413467,1.000345407962795,69.08428934192239,101.09215663954241,250.11727830970244,0.3037428983595356,0.14606198654904398,0.1408313145079805,44.479432106018066
True,BUL,1.0,4,1.1,BUL_k1.00_s04.csv,813999.9623889,2158309.905295,2604429835.500821,1.0,65.06435652764031,100.457696508585,256.17282170677237,0.3355520101468687,0.15418088725460255,0.07056525556806839,41.87173104286194
True,BUL,1.0,4,1.25,BUL_k1.00_s04.csv,813999.9623889,2158309.905295,4146305605.299577,1.0,67.8724244541447,100.02748572262456,250.1865893018484,0.32884252247861595,0.1556827116812478,0.004329754493632251,43.46625781059265
True,BUL,1.0,4,1.4,BUL_k1.00_s04.csv,813999.9623889,2158309.905295,6512419320.543522,1.0,60.43720500477955,100.0,250.0,0.3313839796341734,0.15547059157609566,0.17727546834461022,37.88829517364502
True,BUL,1.0,4,1.55,BUL_k1.00_s04.csv,813999.9623889,2158309.905295,9905556181.828402,1.0,67.29408608334276,100.00000003389283,252.17431544361057,0.3659868215678222,0.158352957998437,0.038579837278124196,36.09260296821594
True,BUL,1.0,4,1.7,BUL_k1.00_s04.csv,813999.9623889,2158309.905295,14061367169.9365,1.0,22.496964401172296,100.0000039933794,250.0,0.4108120463794227,0.17852562233779357,0.11543561186010523,37.10997295379639
True,BUL,1.0,4,1.8,BUL_k1.00_s04.csv,813999.9623889,2158309.905295,17493821100.866634,1.0,75.88023257247752,100.00000001934646,250.0,0.4293541613456522,0.19965700722996918,0.08045000769766576,29.08936095237732
True,BUL,1.15,1,0.95,BUL_k1.15_s01.csv,901026.8176129642,3209525.07854763,2877717098.3478055,1.0009145037570508,77.45545447984065,103.78650627826286,250.0825204171095,0.06262454970306769,0.10722307190919173,0.10278171673095751,47.01923680305481
True,BUL,1.15,1,1.1,BUL_k1.15_s01.csv,901026.8176129642,3209525.07854763,4475585510.03106,1.0,80.9801888915597,102.0800183909017,251.06363450324218,0.08947805965139298,0.1142871950755871,0.027996527347547415,43.074867963790894
True,BUL,1.15,1,1.25,BUL_k1.15_s01.csv,901026.8176129642,3209525.07854763,6851912926.409298,1.005144402112523,73.50577085420129,104.43726858695432,251.26898716106143,0.09582262617093543,0.11174284616031775,0.08836037725526374,40.86389708518982
True,BUL,1.15,1,1.4,BUL_k1.15_s01.csv,901026.8176129642,3209525.07854763,9387555907.311068,1.0,77.90652548573533,100.80307383786224,250.0,0.20645266791934677,0.14489293784452337,0.1376078687501247,34.5694317817688
True,BUL,1.15,1,1.55,BUL_k1.15_s01.csv,901026.8176129642,3209525.07854763,12969859567.639267,1.0,70.56838100996329,100.17330842810424,250.07004704449824,0.2293761137182395,0.15126401434954553,0.0,31.349184036254883
True,BUL,1.15,1,1.7,BUL_k1.15_s01.csv,901026.8176129642,3209525.07854763,17541391439.602413,1.0,76.36682832175867,100.0,250.0,0.23191472328577709,0.1514406827231745,0.02309668571167954,33.22380805015564
True,BUL,1.15,1,1.8,BUL_k1.15_s01.csv,901026.8176129642,3209525.07854763,21259103101.35241,1.0,69.06241447231697,100.00001217266865,250.30286669913244,0.2354400699458292,0.15177858328596083,0.060436072087985605,32.852471113204956
True,BUL,1.15,2,0.95,BUL_k1.15_s02.csv,974168.2269456241,3920512.7554621543,4136810304.80218,1.0087603852129652,88.87226882872201,101.18961936294366,255.94729257332583,0.004336059975194021,0.11323895935925132,0.12487029444947532,41.004926919937134
True,BUL,1.15,2,1.1,BUL_k1.15_s02.csv,974168.2269456241,3920512.7554621543,6115354718.418973,1.0,68.6252250038343,100.80149319919828,250.0,0.02847532396944376,0.1208456366994746,0.0,39.274340867996216
True,BUL,1.15,2,1.25,BUL_k1.15_s02.csv,974168.2269456241,3920512.7554621543,8926065650.627975,1.0112413905625641,88.0856242754591,101.25569803346002,250.64425423145357,0.03417072601443012,0.12028786648707898,0.08741598559808657,33.474889039993286
True,BUL,1.15,2,1.4,BUL_k1.15_s02.csv,974168.2269456241,3920512.7554621543,12333262898.44586,1.0,57.6643896307803,106.73189786790968,250.0000037716408,0.08030527304064046,0.12221632859582875,0.07148878148061753,37.7280912399292
True,BUL,1.15,2,1.55,BUL_k1.15_s02.csv,974168.2269456241,3920512.7554621543,16775838144.250723,1.0,68.07797833213095,105.9448790805302,252.03316032349218,0.12711664883141555,0.13270485868099596,0.103125374791023,35.391148805618286
True,BUL,1.15,2,1.7,BUL_k1.15_s02.csv,974168.2269456241,3920512.7554621543,21859068413.129757,1.0,59.506966932880616,103.37333589314561,250.0,0.10844154198741998,0.12138162985348856,0.0,34.87155795097351
True,BUL,1.15,2,1.8,BUL_k1.15_s02.csv,974168.2269456241,3920512.7554621543,26098686323.917877,1.0,69.93840492253183,107.90002948557944,250.18874726096394,0.15837209326720755,0.12668604368565967,0.07698612889602494,32.68088388442993
True,BUL,1.15,3,0.95,BUL_k1.15_s03.csv,1019505.0225281443,3806958.058871808,3352847674.4406033,1.0045711056872613,86.06892840846695,107.25569837612294,251.30888767061427,0.028258497764494687,0.11064839506974981,0.1465901862109085,41.823671102523804
True,BUL,1.15,3,1.1,BUL_k1.15_s03.csv,1019505.0225281443,3806958.058871808,5156270497.465532,1.0,87.3852695187221,113.48403492501052,250.0,0.11828842058326852,0.11977708907343793,0.11205952696368175,40.2769730091095
True,BUL,1.15,3,1.25,BUL_k1.15_s03.csv,1019505.0225281443,3806958.058871808,7605593143.347276,1.0,66.67425480473095,112.67394953434965,251.04591109905732,0.12197925976050825,0.12058508757688044,0.06664795753176622,36.46102285385132
True,BUL,1.15,3,1.4,BUL_k1.15_s03.csv,1019505.0225281443,3806958.058871808,10776801398.617739,1.0030044909548792,84.38661591259323,109.67716364561906,250.2697928884482,0.1329744108803636,0.12664056048844682,0.1365765093043775,34.21786403656006
True,BUL,1.15,3,1.55,BUL_k1.15_s03.csv,1019505.0225281443,3806958.058871808,14571026758.976847,1.0,55.58454632110922,111.91430178649141,250.0,0.18448767529874888,0.1350768492019922,0.04516477328813273,34.191468954086304
True,BUL,1.15,3,1.7,BUL_k1.15_s03.csv,1019505.0225281443,3806958.058871808,19544576111.955185,1.0,33.1804744435432,112.72768674860166,250.43633318387265,0.22080677413603228,0.14210560791770652,0.07687096441843624,30.739377737045288
True,BUL,1.15,3,1.8,BUL_k1.15_s03.csv,1019505.0225281443,3806958.058871808,23324901882.29017,1.0,70.31035179793908,109.99634654103251,250.0,0.21985755989245356,0.14531442087175428,0.024405555406322166,34.57778787612915
True,BUL,1.15,4,0.95,BUL_k1.15_s04.csv,1119873.0752695245,3531094.1755874148,4120325183.806974,1.0018753509477674,99.6152929282153,101.44415027688999,253.30085167448232,0.06563023527868911,0.11480681107221516,0.07159660417904941,41.97908592224121
True,BUL,1.15,4,1.1,BUL_k1.15_s04.csv,1119873.0752695245,3531094.1755874148,6104370951.691885,1.0,68.65199919106225,106.17259783490474,250.00133820698485,0.131706031628681,0.12231896427855783,0.029134975675473587,37.86681795120239
True,BUL,1.15,4,1.25,BUL_k1.15_s04.csv,1119873.0752695245,3531094.1755874148,8927201615.617474,1.0,94.58093181909072,109.90213561259297,252.87556686191473,0.15515411815150357,0.122453218928157,0.0,36.694342851638794
True,BUL,1.15,4,1.4,BUL_k1.15_s04.csv,1119873.0752695245,3531094.1755874148,12285411488.29203,1.0,87.39713148850225,108.5704734621376,250.0,0.19573244423684563,0.13312163121552342,0.040323257651647744,41.74935984611511
True,BUL,1.15,4,1.55,BUL_k1.15_s04.csv,1119873.0752695245,3531094.1755874148,16795306354.122328,1.0,80.6357246927926,108.73719810253584,250.9905998290955,0.2036893826259476,0.1341346656054325,0.08755994002831266,34.138893127441406
True,BUL,1.15,4,1.7,BUL_k1.15_s04.csv,1119873.0752695245,3531094.1755874148,22353928934.671387,1.0,36.53733348816238,108.541845771329,250.0,0.203235968693717,0.13376900158475116,0.0795535295628862,30.223808765411377
True,BUL,1.15,4,1.8,BUL_k1.15_s04.csv,1119873.0752695245,3531094.1755874148,26633375011.34129,1.0,80.98336439698537,108.3464780377271,250.0,0.2089528876894692,0.1350686475726231,0.06750987351175622,30.019590854644775
True,BUL,1.3,1,0.95,BUL_k1.30_s01.csv,1098853.4019569312,5069352.705735494,4856292571.054357,1.0007226331354289,74.54089140385771,127.73375163725463,252.14242137486963,0.09605393110688472,0.12120119125529771,0.07338713984616421,41.99260711669922
True,BUL,1.3,1,1.1,BUL_k1.30_s01.csv,1098853.4019569312,5069352.705735494,7293793298.020678,1.005637537565875,49.513127949271365,130.43655115966118,250.2623662693861,0.11366341437904953,0.12077033582119855,0.08934281771652236,35.46985387802124
True,BUL,1.3,1,1.25,BUL_k1.30_s01.csv,1098853.4019569312,5069352.705735494,10360400398.153984,1.0,90.65953046272708,133.61143669928603,251.56271465509928,0.1455685345698851,0.12215192452981134,0.04218015631401704,36.56418800354004
True,BUL,1.3,1,1.4,BUL_k1.30_s01.csv,1098853.4019569312,5069352.705735494,14327827802.802385,1.0,99.92797929214265,133.00014338324317,250.0,0.14322391880742164,0.12215289381924387,0.08575390076567951,34.16817879676819
True,BUL,1.3,1,1.55,BUL_k1.30_s01.csv,1098853.4019569312,5069352.705735494,19391822891.20733,1.0,92.40127255514842,133.08934084424445,250.0,0.15365636436752994,0.12364504773631554,0.03337969726922964,33.07404708862305
True,BUL,1.3,1,1.7,BUL_k1.30_s01.csv,1098853.4019569312,5069352.705735494,25579210385.16424,1.0,76.04556674512625,132.18352737233047,250.0,0.15466279277643785,0.1245407785233019,0.03153357772071366,31.23811388015747
True,BUL,1.3,1,1.8,BUL_k1.30_s01.csv,1098853.4019569312,5069352.705735494,30367595056.75261,1.0,64.14548181833857,130.67599181738038,250.0,0.16088132906412161,0.12488921666908152,0.0,31.847239017486572
True,BUL,1.3,2,0.95,BUL_k1.30_s02.csv,1060488.4759155384,4838064.910355294,7906825721.081388,1.0,25.141509209991447,122.06385634331771,251.10427413499195,0.0,0.09996219045998365,0.0,45.16900396347046
True,BUL,1.3,2,1.1,BUL_k1.30_s02.csv,1060488.4759155384,4838064.910355294,10736376853.901606,1.0,12.885630567047155,122.03594060760437,250.10559506010677,0.0,0.099613187281716,0.0,42.13413095474243
True,BUL,1.3,2,1.25,BUL_k1.30_s02.csv,1060488.4759155384,4838064.910355294,14575062084.892548,1.0,39.86130947969124,121.30769306004066,253.28346918099115,0.0,0.09928481244789296,0.0,41.89700698852539
True,BUL,1.3,2,1.4,BUL_k1.30_s02.csv,1060488.4759155384,4838064.910355294,19200519442.256218,1.0,30.90094317644103,120.50651289471057,251.09095301842237,0.009909332724793746,0.10218527597699757,0.012937322192855002,41.86430788040161
True,BUL,1.3,2,1.55,BUL_k1.30_s02.csv,1060488.4759155384,4838064.910355294,24972668929.689842,1.0,54.00559334827352,121.89500568108734,250.32898094898974,0.014125003482247702,0.10061588168981658,0.005500149239482534,33.14217805862427
True,BUL,1.3,2,1.7,BUL_k1.30_s02.csv,1060488.4759155384,4838064.910355294,31261885028.253284,1.0,17.62166892512118,115.03789420970696,250.0,0.041722081425042565,0.1049156379777226,0.0,36.03682804107666
True,BUL,1.3,2,1.8,BUL_k1.30_s02.csv,1060488.4759155384,4838064.910355294,36221400110.90855,1.0,27.201930872841608,115.74815754243946,250.0,0.04849691957634558,0.10485211818837749,0.0,30.63198494911194
True,BUL,1.3,3,0.95,BUL_k1.30_s03.csv,1126149.3560516885,4996671.264906282,5552875201.051087,1.0081492572044022,59.71231124315292,100.62202050095985,251.8456252947869,0.0,0.10802623171660733,0.15104668857835746,47.20239520072937
True,BUL,1.3,3,1.1,BUL_k1.30_s03.csv,1126149.3560516885,4996671.264906282,7961868404.250328,1.0,51.22185865940923,105.34691990460945,252.0820460301022,0.06952797106772013,0.11448916749434515,0.05595089266563513,45.380932092666626
True,BUL,1.3,3,1.25,BUL_k1.30_s03.csv,1126149.3560516885,4996671.264906282,10714579963.892836,1.0,24.601343564272774,103.13204756640043,252.72352919206145,0.0769696340226651,0.11703025932858244,0.045446788412807006,38.78812313079834
True,BUL,1.3,3,1.4,BUL_k1.30_s03.csv,1126149.3560516885,4996671.264906282,14290543819.698627,1.0,65.21903893951261,104.60456048524945,251.40539352500255,0.08991829396830807,0.11782846631140644,0.08717947808325642,38.19382405281067
True,BUL,1.3,3,1.55,BUL_k1.30_s03.csv,1126149.3560516885,4996671.264906282,18657326400.735817,1.0,23.6502079279131,105.22241455730422,250.33575473749718,0.10159819567526791,0.11935520385714699,0.010013972091715409,34.21552109718323
True,BUL,1.3,3,1.7,BUL_k1.30_s03.csv,1126149.3560516885,4996671.264906282,24352390175.79194,1.0,32.7108272040821,101.70519795329663,251.2975417456435,0.08354972396855143,0.11802154361323747,0.036087150358364434,34.71436786651611
True,BUL,1.3,3,1.8,BUL_k1.30_s03.csv,1126149.3560516885,4996671.264906282,28568701330.399784,1.0,35.44825044247359,105.91329027123228,250.0,0.11166285496684529,0.11905427588519647,0.03722847754690116,35.954955101013184
True,BUL,1.3,4,0.95,BUL_k1.30_s04.csv,1060488.4759155384,4718564.586754094,8210080626.372917,1.0,66.93571207071831,108.10233966649936,250.153611448438,0.0,0.117534590542661,0.0,37.72243928909302
True,BUL,1.3,4,1.1,BUL_k1.30_s04.csv,1060488.4759155384,4718564.586754094,10601461649.98122,1.0,80.56014423834621,105.38172967050922,250.30579909159238,0.0,0.12075185083058422,0.13910658967003678,32.69043707847595
True,BUL,1.3,4,1.25,BUL_k1.30_s04.csv,1060488.4759155384,4718564.586754094,13655122294.093979,1.0,82.89961564811723,107.00371982063388,250.0,0.09423115741690309,0.13466203616658573,0.041337175296915524,31.234102964401245
True,BUL,1.3,4,1.4,BUL_k1.30_s04.csv,1060488.4759155384,4718564.586754094,17096981600.840076,1.0,88.14749315347869,107.30470107393965,250.0,0.20114109450469894,0.15726846461042734,0.05494754742627135,35.48775792121887
True,BUL,1.3,4,1.55,BUL_k1.30_s04.csv,1060488.4759155384,4718564.586754094,21608822069.189888,1.0016838691696592,89.35025659177734,104.67259001556464,252.01808182683286,0.19869947626055096,0.1592615309852749,0.0737841069396627,30.724509954452515
True,BUL,1.3,4,1.7,BUL_k1.30_s04.csv,1060488.4759155384,4718564.586754094,26895058471.166603,1.0,67.77549519832779,107.71031091398824,250.5725437606741,0.21521015785373732,0.15906652817806177,0.03038367939793073,31.877614974975586
True,BUL,1.3,4,1.8,BUL_k1.30_s04.csv,1060488.4759155384,4718564.586754094,31090839104.622726,1.0,73.89370019428446,107.03494302946652,250.0,0.20686255719467997,0.15753095151189614,0.0074349361860619745,29.705839157104492
True,BUL,1.45,1,0.95,BUL_k1.45_s01.csv,1104667.6079025178,6008654.571855798,4318199155.068317,1.0,66.12791837040925,117.56573373474438,250.99922633285806,0.11670191173042825,0.10796620022193183,0.09619178788952008,39.002482891082764
True,BUL,1.45,1,1.1,BUL_k1.45_s01.csv,1104667.6079025178,6008654.571855798,6566406402.335229,1.0,45.37570785293097,118.11266436570047,250.070380427647,0.12628171939618146,0.10868189009835608,0.09304335899763798,40.06776976585388
True,BUL,1.45,1,1.25,BUL_k1.45_s01.csv,1104667.6079025178,6008654.571855798,9605416665.953081,1.0,58.37445745585852,117.60897618094018,252.4544111047365,0.14488925121754215,0.11180516047049936,0.07101534202652451,34.0669629573822
True,BUL,1.45,1,1.4,BUL_k1.45_s01.csv,1104667.6079025178,6008654.571855798,13353011398.734571,1.0,38.93613710347441,121.99029083789117,250.50585984699183,0.17908510383474927,0.1141681554338163,0.07504117475164877,40.69366121292114
True,BUL,1.45,1,1.55,BUL_k1.45_s01.csv,1104667.6079025178,6008654.571855798,18209453353.009415,1.0,25.408181450654048,120.96114567583007,250.0,0.17171615304607876,0.11301811629606942,0.0041110870621474255,33.95220184326172
True,BUL,1.45,1,1.7,BUL_k1.45_s01.csv,1104667.6079025178,6008654.571855798,24329442897.606987,1.0,35.981593115203594,119.6351249191341,250.71458739089928,0.1659900303020789,0.11283322835548099,0.0,34.61228895187378
True,BUL,1.45,1,1.8,BUL_k1.45_s01.csv,1104667.6079025178,6008654.571855798,29024710827.579487,1.0,39.95099739405454,121.4369208588719,250.0,0.17927733553780512,0.11320613573135009,0.0,33.12822675704956
True,BUL,1.45,2,0.95,BUL_k1.45_s02.csv,1122821.6179484874,6851914.884114342,8652844169.774593,1.0,38.14405520728436,133.9999999863108,250.0,0.0,0.10546685314694104,0.0,44.26920795440674
True,BUL,1.45,2,1.1,BUL_k1.45_s02.csv,1122821.6179484874,6851914.884114342,11682016429.066282,1.0,40.44591637797553,132.99807620356444,250.0,0.0,0.10604355345679245,0.0,38.50494599342346
True,BUL,1.45,2,1.25,BUL_k1.45_s02.csv,1122821.6179484874,6851914.884114342,15471942248.085587,1.0,34.46654742230425,129.35788079223232,250.0,0.0,0.10789811190302905,0.0,41.96535611152649
True,BUL,1.45,2,1.4,BUL_k1.45_s02.csv,1122821.6179484874,6851914.884114342,20205760844.221344,1.0,36.9203417209066,128.00000008350324,250.0,0.0,0.10763573867428528,0.0013238403277092508,38.964990854263306
True,BUL,1.45,2,1.55,BUL_k1.45_s02.csv,1122821.6179484874,6851914.884114342,25989723915.058292,1.0,39.49080340529478,126.48957836425642,250.2304864031233,0.0,0.10741542092167432,0.0,32.23856592178345
True,BUL,1.45,2,1.7,BUL_k1.45_s02.csv,1122821.6179484874,6851914.884114342,32834973567.754833,1.0,23.051801880453816,125.74331531173017,250.0,0.0,0.10787774220551619,0.0,34.30667281150818
True,BUL,1.45,2,1.8,BUL_k1.45_s02.csv,1122821.6179484874,6851914.884114342,38120365616.79218,1.0,25.461268520216112,125.47888516640542,250.0,4.4447985365431355e-08,0.10786979188523964,0.0,29.89931607246399
True,BUL,1.45,3,0.95,BUL_k1.45_s03.csv,1159556.554038758,5698479.373685638,10042164951.91355,1.0,76.21272423801693,112.00000007409848,250.0,0.0,0.12054664334703019,0.0,38.739959955215454
True,BUL,1.45,3,1.1,BUL_k1.45_s03.csv,1159556.554038758,5698479.373685638,12666566880.867798,1.0,68.4765136859344,111.3017672690548,250.0,0.0,0.12083095189346532,0.0,38.13363981246948
True,BUL,1.45,3,1.25,BUL_k1.45_s03.csv,1159556.554038758,5698479.373685638,15996808882.740854,1.0,74.73585961337128,108.6899501484742,250.9975269085223,0.0,0.1232132950285718,3.601808232969955e-05,38.056406021118164
True,BUL,1.45,3,1.4,BUL_k1.45_s03.csv,1159556.554038758,5698479.373685638,20155527004.763504,1.0,76.42951150667457,108.60828901299331,250.0,0.0,0.12296555403105154,0.0,36.83714294433594
True,BUL,1.45,3,1.55,BUL_k1.45_s03.csv,1159556.554038758,5698479.373685638,25310141535.920177,1.0,80.28030058208014,108.00025857693623,250.0,0.0417332916498952,0.12981529804472233,0.031677545035474,35.96495795249939
True,BUL,1.45,3,1.7,BUL_k1.45_s03.csv,1159556.554038758,5698479.373685638,31415251034.595097,1.0,43.702587286391996,109.0549473193713,250.0,0.11439453080848083,0.13336799173472905,0.015505698010300745,32.215035915374756
True,BUL,1.45,3,1.8,BUL_k1.45_s03.csv,1159556.554038758,5698479.373685638,35879873631.45421,1.0,73.48303668818394,107.52229717683423,250.0,0.11019881801841296,0.13479610737273467,0.03985252537987314,32.671107053756714
True,BUL,1.45,4,0.95,BUL_k1.45_s04.csv,1159556.554038758,6288553.843698155,11391840201.25888,1.0,45.4528280001111,120.3067375028546,251.15894923721652,1.5278371004498422e-09,0.11451596707130748,0.0,38.5373113155365
True,BUL,1.45,4,1.1,BUL_k1.45_s04.csv,1159556.554038758,6288553.843698155,14048662345.090778,1.0,48.42668488411637,118.1333119354173,250.0,0.0,0.11510071489908819,0.0,38.88908004760742
True,BUL,1.45,4,1.25,BUL_k1.45_s04.csv,1159556.554038758,6288553.843698155,17541778924.38746,1.0,46.67903343589936,117.01744733820541,250.0,0.0,0.11538887457669497,0.0,34.61380100250244
True,BUL,1.45,4,1.4,BUL_k1.45_s04.csv,1159556.554038758,6288553.843698155,21963998664.800983,1.0,24.589753269646803,116.00455835453884,250.0,0.0,0.11570642548533443,0.0,36.93597602844238
True,BUL,1.45,4,1.55,BUL_k1.45_s04.csv,1159556.554038758,6288553.843698155,27395641592.467102,1.0,24.936699293115982,115.11518129787976,250.0,0.0,0.11600341429590218,0.0,35.71539926528931
True,BUL,1.45,4,1.7,BUL_k1.45_s04.csv,1159556.554038758,6288553.843698155,34102190553.180656,1.0,14.33090965816063,115.37032012579904,250.24705360136923,0.0007511942274448854,0.11552452942969259,0.0,30.00201988220215
True,BUL,1.45,4,1.8,BUL_k1.45_s04.csv,1159556.554038758,6288553.843698155,39135504360.5754,1.0,19.4280773488213,114.21793540282013,250.90430955442994,2.3920081809714703e-07,0.11605458022055966,0.0,30.481187105178833
True,BUL,1.6,1,0.95,BUL_k1.60_s01.csv,1198057.519184057,6461864.45162318,7444846350.56189,1.0,70.26560181239444,119.18859056766416,250.74814953851433,0.0,0.10041594159584132,0.0829260696088209,41.54782509803772
True,BUL,1.6,1,1.1,BUL_k1.60_s01.csv,1198057.519184057,6461864.45162318,10179766218.889751,1.0,34.19568546433175,115.48898501374906,250.0,0.0,0.10292865051092223,0.0,47.77449893951416
True,BUL,1.6,1,1.25,BUL_k1.60_s01.csv,1198057.519184057,6461864.45162318,13912443535.095497,1.0,26.22900832170556,116.390989186536,250.67966803918574,0.0,0.10121408876521171,0.0,46.62575888633728
True,BUL,1.6,1,1.4,BUL_k1.60_s01.csv,1198057.519184057,6461864.45162318,18425383897.369442,1.0,24.150357846489737,113.99999980480861,250.0,6.333799097147985e-10,0.10333653417407618,0.0,41.592222929000854
True,BUL,1.6,1,1.55,BUL_k1.60_s01.csv,1198057.519184057,6461864.45162318,24211165202.615356,1.0,25.085150821631157,111.33218044934706,251.68749391935899,0.0,0.10511952233130253,0.0,33.612358808517456
True,BUL,1.6,1,1.7,BUL_k1.60_s01.csv,1198057.519184057,6461864.45162318,30867072128.488983,1.0,24.864031306390274,110.99991242805577,250.0,0.021776299114132154,0.10821112161439828,0.0,36.24498414993286
True,BUL,1.6,1,1.8,BUL_k1.60_s01.csv,1198057.519184057,6461864.45162318,35969032718.20039,1.0,25.642953742711793,110.0023964223357,250.0,0.06629714826879142,0.10967322004422178,0.0,35.35834717750549
True,BUL,1.6,2,0.95,BUL_k1.60_s02.csv,1216861.5279664663,8699886.895228133,13638567900.855282,1.0,25.294854367597065,139.0000000782926,250.0,0.0,0.10161626073608208,0.0,44.00865983963013
True,BUL,1.6,2,1.1,BUL_k1.60_s02.csv,1216861.5279664663,8699886.895228133,16868435061.587349,1.0,30.211151020033277,137.9999999971146,250.0,0.0,0.1012659803581055,0.0,37.61760115623474
True,BUL,1.6,2,1.25,BUL_k1.60_s02.csv,1216861.5279664663,8699886.895228133,21019428567.61174,1.0,38.04090562616508,137.3091753408745,250.0,0.0,0.10091201830090989,0.0,38.42610311508179
True,BUL,1.6,2,1.4,BUL_k1.60_s02.csv,1216861.5279664663,8699886.895228133,26140730646.582867,1.0,21.77268725472904,137.00157381486102,250.0,0.0,0.10082909112212753,0.0,36.54673480987549
True,BUL,1.6,2,1.55,BUL_k1.60_s02.csv,1216861.5279664663,8699886.895228133,32379915335.312798,1.0,23.54402693409486,136.99520896964646,250.0,0.0,0.10023117617842707,0.0,37.595309019088745
True,BUL,1.6,2,1.7,BUL_k1.60_s02.csv,1216861.5279664663,8699886.895228133,39806020759.468376,1.0,23.655497241984257,135.96675828365733,250.0,0.0,0.09988462585318149,0.0,32.80278706550598
True,BUL,1.6,2,1.8,BUL_k1.60_s02.csv,1216861.5279664663,8699886.895228133,45445122047.31326,1.0,22.228684044233272,135.00000001282308,250.0,0.0,0.0996535092361285,0.0,33.16155123710632
True,BUL,1.6,3,0.95,BUL_k1.60_s03.csv,1258624.632161977,7362183.767321853,18094418814.969604,1.0,43.957794726806966,110.42274096464088,251.4995518765019,0.0,0.1165904333120959,0.0,34.07104277610779
True,BUL,1.6,3,1.1,BUL_k1.60_s03.csv,1258624.632161977,7362183.767321853,20665352529.17198,1.0,44.54759327524809,109.9874276807349,250.58041059881364,0.0,0.11738794156895184,0.0,40.59006905555725
True,BUL,1.6,3,1.25,BUL_k1.60_s03.csv,1258624.632161977,7362183.767321853,24016132880.126408,1.0,46.713251448838314,110.41593236371115,250.00045535155704,0.0,0.11591134334586581,0.0,36.48730111122131
True,BUL,1.6,3,1.4,BUL_k1.60_s03.csv,1258624.632161977,7362183.767321853,28297137657.19532,1.0,46.98786266789498,110.00016673266231,250.0,0.0,0.11604510309971963,0.0,35.84192371368408
True,BUL,1.6,3,1.55,BUL_k1.60_s03.csv,1258624.632161977,7362183.767321853,33626763817.05152,1.0,40.70770011470146,109.89461716938014,250.0,0.0,0.11544481579661381,0.0,33.286356925964355
True,BUL,1.6,3,1.7,BUL_k1.60_s03.csv,1258624.632161977,7362183.767321853,40137509885.49713,1.0,37.43918204690264,109.41018061096435,250.78498231172327,0.0,0.11519742013625033,0.0,29.187161207199097
True,BUL,1.6,3,1.8,BUL_k1.60_s03.csv,1258624.632161977,7362183.767321853,45078013664.43317,1.0,40.54707895777252,109.00000045920865,250.0,0.0,0.11610884081050818,0.0,33.47469401359558
True,BUL,1.6,4,0.95,BUL_k1.60_s04.csv,1258624.632161977,8605009.916735562,24754148198.672302,1.0,9.78328449091317,129.43569167336634,250.0,0.0,0.11706792765762619,0.0,33.13626718521118
True,BUL,1.6,4,1.1,BUL_k1.60_s04.csv,1258624.632161977,8605009.916735562,27877970324.87564,1.0,31.875880488684903,119.0000464711533,250.0,0.0,0.12243559655979352,0.0,34.123478174209595
True,BUL,1.6,4,1.25,BUL_k1.60_s04.csv,1258624.632161977,8605009.916735562,31699918486.684998,1.0,23.52913985648908,118.21193662979127,250.0,0.0,0.1221281749289777,0.0,30.558578968048096
True,BUL,1.6,4,1.4,BUL_k1.60_s04.csv,1258624.632161977,8605009.916735562,36489786862.34579,1.0,19.985016946010752,116.82159399339119,250.0,0.0,0.12180720653573178,0.0,28.14543080329895
True,BUL,1.6,4,1.55,BUL_k1.60_s04.csv,1258624.632161977,8605009.916735562,42317329202.3071,1.0,22.65542198442274,116.84967312129127,250.0,0.0,0.1214807262898321,0.0,32.75799298286438
True,BUL,1.6,4,1.7,BUL_k1.60_s04.csv,1258624.632161977,8605009.916735562,49330927114.32419,1.0,19.822163991602135,115.18766660797016,250.0,0.0,0.12115836991815968,0.0,32.77693796157837
True,BUL,1.6,4,1.8,BUL_k1.60_s04.csv,1258624.632161977,8605009.916735562,54682216503.970856,1.0,23.23355753035988,114.47137830327476,250.0,0.0,0.1205696114590385,0.0,28.295558214187622
True,BUL,1.8,1,0.95,BUL_k1.80_s01.csv,1549285.022886136,10714213.398844765,39842358590.13559,1.0,39.24719547679712,127.86975769348676,250.0,0.0,0.10862243684290278,0.0,33.47374486923218
True,BUL,1.8,1,1.1,BUL_k1.80_s01.csv,1549285.022886136,10714213.398844765,43222368148.84961,1.0,19.931510643113356,127.65662860514553,250.0,0.0,0.10841556106733732,0.0,33.49065184593201
True,BUL,1.8,1,1.25,BUL_k1.80_s01.csv,1549285.022886136,10714213.398844765,47534579499.250305,1.0,20.520602461439598,127.52514781502079,250.0,0.0,0.10812914333303347,0.0,31.65950608253479
True,BUL,1.8,1,1.4,BUL_k1.80_s01.csv,1549285.022886136,10714213.398844765,52881979373.82805,1.0,25.65963970194207,126.75847133963234,250.0,0.0,0.10784374175455645,0.0,32.2709276676178
True,BUL,1.8,1,1.55,BUL_k1.80_s01.csv,1549285.022886136,10714213.398844765,59375295616.092545,1.0,24.340194754822818,125.9635082128438,250.0,0.0,0.10755541621888128,0.0,34.78787612915039
True,BUL,1.8,1,1.7,BUL_k1.80_s01.csv,1549285.022886136,10714213.398844765,67139325798.22189,1.0,22.655958242726623,125.70583095279369,250.0,0.0,0.10728084835964431,0.0,29.82408571243286
True,BUL,1.8,1,1.8,BUL_k1.80_s01.csv,1549285.022886136,10714213.398844765,73057826207.84279,1.0,22.219977675814295,125.04630096025762,250.0,0.0,0.10734856625315582,0.0,31.74218487739563
True,BUL,1.8,2,0.95,BUL_k1.80_s02.csv,1297405.381469776,10776623.317303834,29090220818.524036,1.0,57.551492535927046,135.95439478763086,250.0,0.0,0.11044143143934962,0.0,33.68134593963623
True,BUL,1.8,2,1.1,BUL_k1.80_s02.csv,1297405.381469776,10776623.317303834,32171252131.52269,1.0,45.067069137410655,129.4343985551646,250.0,0.0,0.1108391673003962,0.0,33.11022901535034
True,BUL,1.8,2,1.25,BUL_k1.80_s02.csv,1297405.381469776,10776623.317303834,36130841547.84342,1.0,38.83917280413089,127.99999999829161,250.0,0.0,0.11079406695534014,0.0,33.32014060020447
True,BUL,1.8,2,1.4,BUL_k1.80_s02.csv,1297405.381469776,10776623.317303834,41101411568.65862,1.0,35.562773202348744,127.65130887992801,250.0,0.0,0.11038039701388405,0.0,32.38129711151123
True,BUL,1.8,2,1.55,BUL_k1.80_s02.csv,1297405.381469776,10776623.317303834,47165725195.88899,1.0,22.685273156156725,126.99999998287075,250.0,0.0,0.11013658774328362,0.0,34.910973072052
True,BUL,1.8,2,1.7,BUL_k1.80_s02.csv,1297405.381469776,10776623.317303834,54393552475.00256,1.0,19.919584834470907,123.70500839490688,250.0,0.0,0.11042047890121326,0.0,33.281829833984375
True,BUL,1.8,2,1.8,BUL_k1.80_s02.csv,1297405.381469776,10776623.317303834,59937989822.331604,1.0,32.30986583327025,122.45542419493162,250.0,0.0,0.11105878046210264,0.0,28.58077621459961
True,BUL,1.8,3,0.95,BUL_k1.80_s03.csv,1414723.0307620924,10897350.552670212,47990469501.33009,1.0,37.324137585888145,137.0000000708232,250.0,0.0,0.10501019986472494,0.0,37.91913104057312
True,BUL,1.8,3,1.1,BUL_k1.80_s03.csv,1414723.0307620924,10897350.552670212,51445965488.4438,1.0,21.149538427889183,135.99999999010393,250.0,0.0,0.10467700256256018,0.0,33.3703351020813
True,BUL,1.8,3,1.25,BUL_k1.80_s03.csv,1414723.0307620924,10897350.552670212,55814935563.234726,1.0,23.682117235521538,135.00000070108925,250.0,0.0,0.10435108514235916,0.0,34.42222309112549
True,BUL,1.8,3,1.4,BUL_k1.80_s03.csv,1414723.0307620924,10897350.552670212,61214805025.36501,1.0,24.210564048241203,134.56797452979563,250.0,0.0,0.10402792372396816,0.0,31.511757850646973
True,BUL,1.8,3,1.55,BUL_k1.80_s03.csv,1414723.0307620924,10897350.552670212,67761314208.28531,1.0,34.25519552703183,133.4041832840359,250.0,0.0,0.10370846808564943,0.0,28.35366702079773
True,BUL,1.8,3,1.7,BUL_k1.80_s03.csv,1414723.0307620924,10897350.552670212,75457496337.97177,1.0,24.599295022887702,132.33278379624406,250.0,0.0,0.10337794092949362,0.0,30.4408860206604
True,BUL,1.8,3,1.8,BUL_k1.80_s03.csv,1414723.0307620924,10897350.552670212,81327707237.64507,1.0,24.671927251280668,132.0000000087581,250.0,0.0,0.10315762718858555,0.0,29.534621000289917
True,BUL,1.8,4,0.95,BUL_k1.80_s04.csv,1390715.402992936,9942891.093206555,33055898302.156155,1.0,51.86314422791375,127.62029199037534,254.42641873140957,0.0,0.10810059860039888,0.0,30.37895393371582
True,BUL,1.8,4,1.1,BUL_k1.80_s04.csv,1390715.402992936,9942891.093206555,36157190288.82192,1.0,49.69133696109262,127.89983520088583,250.3598274147577,0.0,0.10809959988284602,0.0,34.88328695297241
True,BUL,1.8,4,1.25,BUL_k1.80_s04.csv,1390715.402992936,9942891.093206555,40260489932.398415,1.0,37.795196667432926,127.8544226297212,250.0,0.0,0.10772823653973695,0.0,36.63365912437439
True,BUL,1.8,4,1.4,BUL_k1.80_s04.csv,1390715.402992936,9942891.093206555,45401784002.570175,1.0,44.48580675153782,128.0918032533887,250.0,0.0,0.10668999594455228,0.0,35.22409701347351
True,BUL,1.8,4,1.55,BUL_k1.80_s04.csv,1390715.402992936,9942891.093206555,51562905540.438255,1.0,52.971320788980606,121.21842914580222,250.0,0.0,0.10697369092899821,0.0,36.326092004776
True,BUL,1.8,4,1.7,BUL_k1.80_s04.csv,1390715.402992936,9942891.093206555,58746844712.46771,1.0,29.258660582049306,121.1281449328378,250.0,0.0,0.10658279825996113,0.0,33.07116508483887
True,BUL,1.8,4,1.8,BUL_k1.80_s04.csv,1390715.402992936,9942891.093206555,64255543469.734184,1.0,23.516995252380966,121.07657141840703,250.0,0.0,0.10632662041021657,0.0,32.02130699157715
True,BUL,2.0,1,0.95,BUL_k2.00_s01.csv,1417773.8604684952,10362448.09609515,26140879238.16086,1.0,25.69948382576625,141.9716343370998,251.99932598705496,0.0,0.0957495538905445,0.0,34.34286022186279
True,BUL,2.0,1,1.1,BUL_k2.00_s01.csv,1417773.8604684952,10362448.09609515,30035025910.500004,1.0,49.12830033984679,140.62621736065572,250.00000055110343,0.0,0.09750962031729482,0.0,36.40669107437134
True,BUL,2.0,1,1.25,BUL_k2.00_s01.csv,1417773.8604684952,10362448.09609515,34813244852.97175,1.0,33.07435298479506,140.08483497598152,250.0,0.0,0.09721196991590973,0.0,35.83393669128418
True,BUL,2.0,1,1.4,BUL_k2.00_s01.csv,1417773.8604684952,10362448.09609515,40739662373.485916,1.0,21.53799702221209,138.06243764097295,250.0,0.0,0.09496043853987432,0.0,34.168681144714355
True,BUL,2.0,1,1.55,BUL_k2.00_s01.csv,1417773.8604684952,10362448.09609515,47940008735.743195,1.0,42.997259460448774,137.72493891170595,251.0196363259486,1.6560904819345255e-06,0.09766693430537962,0.0,32.217501163482666
True,BUL,2.0,1,1.7,BUL_k2.00_s01.csv,1417773.8604684952,10362448.09609515,56107888782.94388,1.0,25.275400862246094,136.90161430446364,252.26728986396637,5.4546514368738e-07,0.09698969192642062,0.0,29.007521152496338
True,BUL,2.0,1,1.8,BUL_k2.00_s01.csv,1417773.8604684952,10362448.09609515,62046565200.012085,1.0,13.8131669860184,132.86391738033728,250.0,0.0,0.09711102977443287,0.0,31.356404066085815
True,BUL,2.0,2,0.95,BUL_k2.00_s02.csv,1454869.246815897,12454669.857022624,65047529786.45464,1.0,37.35064611933595,140.69403502576043,254.8698480132088,0.0,0.10666268289670029,0.0,29.83565402030945
True,BUL,2.0,2,1.1,BUL_k2.00_s02.csv,1454869.246815897,12454669.857022624,68764617914.6021,1.0,24.38565797769838,139.37650232688407,250.0,0.0,0.10792405268685569,0.0,31.894765853881836
True,BUL,2.0,2,1.25,BUL_k2.00_s02.csv,1454869.246815897,12454669.857022624,73621449501.193,1.0,34.60784173343284,138.99999999726438,250.0,0.0,0.10781124952091387,0.0,27.394149780273438
True,BUL,2.0,2,1.4,BUL_k2.00_s02.csv,1454869.246815897,12454669.857022624,79583670220.46782,1.0,27.113077006979424,138.0002282956496,250.0,0.0,0.10742166320657766,0.0,26.99888324737549
True,BUL,2.0,2,1.55,BUL_k2.00_s02.csv,1454869.246815897,12454669.857022624,86718562448.24734,1.0,23.853389672810447,137.45520807443404,250.0,0.0,0.10747384895159401,0.0,28.52551293373108
True,BUL,2.0,2,1.7,BUL_k2.00_s02.csv,1454869.246815897,12454669.857022624,95114257858.77377,1.0,23.213349612178174,137.00000002175807,250.0,0.0,0.10626096064384055,0.0,29.906742811203003
True,BUL,2.0,2,1.8,BUL_k2.00_s02.csv,1454869.246815897,12454669.857022624,101546598886.16428,1.0,14.299499188822299,136.99999909618103,250.0,0.0,0.1059137271596682,0.0,27.918301105499268
True,BUL,2.0,3,0.95,BUL_k2.00_s03.csv,1522806.1738238952,11834619.075528275,57361794825.22458,1.0,23.057433892094362,144.00000017836123,250.0,0.0,0.1028132237609037,0.0,31.89193105697632
True,BUL,2.0,3,1.1,BUL_k2.00_s03.csv,1522806.1738238952,11834619.075528275,61319126258.84847,1.0,32.464595908472724,143.9999982347351,250.0,0.0,0.10246939742003584,0.0,30.48797369003296
True,BUL,2.0,3,1.25,BUL_k2.00_s03.csv,1522806.1738238952,11834619.075528275,66280604905.491646,1.0,36.68634064583804,143.517110605856,250.0,0.0,0.10214317339579307,0.0,32.50739502906799
True,BUL,2.0,3,1.4,BUL_k2.00_s03.csv,1522806.1738238952,11834619.075528275,72285799479.07379,1.0,23.483234853428673,142.99994207609706,250.0,0.0,0.10181620951987395,0.0,28.549129962921143
True,BUL,2.0,3,1.55,BUL_k2.00_s03.csv,1522806.1738238952,11834619.075528275,79494095716.80022,1.0,23.187447936810724,141.99999999565702,250.0,0.0,0.1014884931239347,0.0,29.219230890274048
True,BUL,2.0,3,1.7,BUL_k2.00_s03.csv,1522806.1738238952,11834619.075528275,87963084683.9317,1.0,17.771063179939947,140.72865885039315,250.0,0.0,0.10088432316031924,0.0,27.539704084396362
True,BUL,2.0,3,1.8,BUL_k2.00_s03.csv,1522806.1738238952,11834619.075528275,94266266292.4278,1.0,17.738387375400247,137.00021145606368,250.0,0.0,0.10253551197198449,0.0,29.342799186706543
True,BUL,2.0,4,0.95,BUL_k2.00_s04.csv,1522806.1738238952,12378615.4701196,66812192520.98828,1.0,8.569065021835005,135.23924510573383,250.0,0.0,0.10982737150704111,0.0,29.801154136657715
True,BUL,2.0,4,1.1,BUL_k2.00_s04.csv,1522806.1738238952,12378615.4701196,70490789171.4208,1.0,5.334603060652934,134.06064748146113,250.0,0.0,0.10944300132933647,0.0,28.7404568195343
True,BUL,2.0,4,1.25,BUL_k2.00_s04.csv,1522806.1738238952,12378615.4701196,75111374994.12143,1.0,9.49835370702309,133.4414010021184,250.0,0.0,0.10947648455530067,0.0,27.314484119415283
True,BUL,2.0,4,1.4,BUL_k2.00_s04.csv,1522806.1738238952,12378615.4701196,80781944733.78194,1.0,13.69452270193104,130.9998701614327,250.0,0.0,0.10872612759676067,0.0,30.816359043121338
True,BUL,2.0,4,1.55,BUL_k2.00_s04.csv,1522806.1738238952,12378615.4701196,87302106340.5336,1.0,16.3725829238485,122.9999999913388,250.0,0.0,0.10910125271658423,0.0,30.11172914505005
True,BUL,2.0,4,1.7,BUL_k2.00_s04.csv,1522806.1738238952,12378615.4701196,94998846702.5433,1.0,18.340752795911733,120.2890446294387,250.0,0.0,0.10893903566231866,0.0,25.272395849227905
True,BUL,2.0,4,1.8,BUL_k2.00_s04.csv,1522806.1738238952,12378615.4701196,100847519100.8024,1.0,17.72992868340809,119.69794798067987,250.0,0.0,0.10865767589459618,0.0,28.35747194290161
True,BUL,2.2,1,0.95,BUL_k2.20_s01.csv,1571617.164310214,12713908.739609752,46634906458.166626,1.0,24.283908431276963,129.11921317958576,328.504666136483,0.0,0.10132521555123922,0.0,33.47506594657898
True,BUL,2.2,1,1.1,BUL_k2.20_s01.csv,1571617.164310214,12713908.739609752,50456994997.43305,1.0,12.391389218452822,121.00504877105172,318.28528524807814,0.0,0.1028881078291283,0.0,35.6349880695343
True,BUL,2.2,1,1.25,BUL_k2.20_s01.csv,1571617.164310214,12713908.739609752,55351179481.304726,1.0,16.33320847720817,121.01134953169256,285.57554674569406,0.0,0.10271502540592256,0.0,31.97077989578247
True,BUL,2.2,1,1.4,BUL_k2.20_s01.csv,1571617.164310214,12713908.739609752,60887944355.86241,1.0,18.8871184118949,119.93505244277513,263.76409570381975,0.0,0.10154323067410134,0.0,32.9803626537323
True,BUL,2.2,1,1.55,BUL_k2.20_s01.csv,1571617.164310214,12713908.739609752,67780420376.70894,1.0,15.411586252383774,123.02418965524002,254.62406994329837,0.0,0.10205415817907455,0.0,29.546660900115967
True,BUL,2.2,1,1.7,BUL_k2.20_s01.csv,1571617.164310214,12713908.739609752,76043767294.69461,1.0,3.428181576071744,119.68531040287799,260.8511024902368,0.0,0.10107585053321189,0.0,31.488712072372437
True,BUL,2.2,1,1.8,BUL_k2.20_s01.csv,1571617.164310214,12713908.739609752,81848072584.7858,1.0,19.467385726930402,120.15441220368442,257.00235386580727,0.0,0.10183339470771145,0.0,34.07932186126709
True,BUL,2.2,2,0.95,BUL_k2.20_s02.csv,1686894.4975736884,15262809.883780666,123743964252.0491,1.0,15.478082615882332,140.9999255147722,250.0,0.0,0.10823616352299562,0.0,26.385095834732056
True,BUL,2.2,2,1.1,BUL_k2.20_s02.csv,1686894.4975736884,15262809.883780666,127926270712.3107,1.0,21.06668647866735,139.42997970329847,250.0,0.0,0.1070366215207758,0.0,27.840097904205322
True,BUL,2.2,2,1.25,BUL_k2.20_s02.csv,1686894.4975736884,15262809.883780666,133128633037.74576,1.0,22.65577886956217,138.99999992135707,250.0,0.0,0.10705654302270988,0.0,28.513028144836426
True,BUL,2.2,2,1.4,BUL_k2.20_s02.csv,1686894.4975736884,15262809.883780666,139450964404.65466,1.0,19.357608519210068,138.00012658165525,250.0,0.0,0.10692813073712072,0.0,27.19664692878723
True,BUL,2.2,2,1.55,BUL_k2.20_s02.csv,1686894.4975736884,15262809.883780666,147010294636.46185,1.0,19.78195366561516,137.08835762506135,250.0,0.0,0.10704187737590762,0.0,26.324851036071777
True,BUL,2.2,2,1.7,BUL_k2.20_s02.csv,1686894.4975736884,15262809.883780666,155873914192.15076,1.0,18.458701009762486,136.4663941686192,250.0,0.0,0.10665630625114056,0.0,26.541382312774658
True,BUL,2.2,2,1.8,BUL_k2.20_s02.csv,1686894.4975736884,15262809.883780666,162535405224.26288,1.0,20.644639173381325,136.0000009849053,250.0,0.0,0.1061176985981131,0.0,25.98359990119934
True,BUL,2.2,3,0.95,BUL_k2.20_s03.csv,1654896.944654854,15242298.23022999,109619068914.83223,1.0,50.04713027353856,143.05335186631967,262.8407445426573,0.0,0.10349396344241554,0.0,29.776887893676758
True,BUL,2.2,3,1.1,BUL_k2.20_s03.csv,1654896.944654854,15242298.23022999,114006338809.09438,1.0,27.923221993056718,139.61284175581943,275.84032658371905,0.0,0.10211633919098835,0.0,25.673192262649536
True,BUL,2.2,3,1.25,BUL_k2.20_s03.csv,1654896.944654854,15242298.23022999,119014374990.52945,1.0,33.51039703728711,141.99992247838466,264.32390822745526,0.0,0.10233677093542409,0.0,29.850663900375366
True,BUL,2.2,3,1.4,BUL_k2.20_s03.csv,1654896.944654854,15242298.23022999,125477296792.71024,1.0,36.065603437944404,136.36605513572414,276.97174574495415,0.0,0.10310215842027935,0.0,28.490140914916992
True,BUL,2.2,3,1.55,BUL_k2.20_s03.csv,1654896.944654854,15242298.23022999,132693428532.31255,1.0,33.28254232807412,135.68486508928876,260.9275749342002,0.0,0.10281504094337567,0.0,30.072432279586792
True,BUL,2.2,3,1.7,BUL_k2.20_s03.csv,1654896.944654854,15242298.23022999,141611897229.7723,1.0,54.45046541480441,134.22849637529836,262.6750960547373,0.0,0.10270689080609297,0.0,26.869271755218506
True,BUL,2.2,3,1.8,BUL_k2.20_s03.csv,1654896.944654854,15242298.23022999,147750015813.83728,1.0,30.337606926296562,135.14963293684082,259.66493403377257,0.0,0.10233622830300669,0.0,28.576825857162476
True,BUL,2.2,4,0.95,BUL_k2.20_s04.csv,1654896.944654854,15332331.58470157,92439365630.74573,1.0,16.905767606127345,152.72132056083768,251.43774260957568,0.0,0.10427219707839695,0.0,31.182209014892578
True,BUL,2.2,4,1.1,BUL_k2.20_s04.csv,1654896.944654854,15332331.58470157,97404860385.96457,1.0,2.375664405768457,151.75983787492888,266.9176143484229,0.0,0.1040267144058763,0.0,30.187332153320312
True,BUL,2.2,4,1.25,BUL_k2.20_s04.csv,1654896.944654854,15332331.58470157,102740380028.81403,1.0,2.2947139512407104,152.43148317944178,252.3412493462006,0.0,0.10376154513248274,0.0,32.710917949676514
True,BUL,2.2,4,1.4,BUL_k2.20_s04.csv,1654896.944654854,15332331.58470157,108924972871.53088,1.0,18.563469434822995,137.99999998506536,250.0,0.0,0.1035971100411179,0.0,33.625518798828125
True,BUL,2.2,4,1.55,BUL_k2.20_s04.csv,1654896.944654854,15332331.58470157,116271017312.92372,1.0,14.702612054448384,136.8305149872724,250.0,0.0,0.10336249235448834,0.0,30.18260097503662
True,BUL,2.2,4,1.7,BUL_k2.20_s04.csv,1654896.944654854,15332331.58470157,124893601652.1156,1.0,17.910256878008024,136.0000000136768,250.0,0.0,0.10314126403704087,0.0,29.283958911895752
True,BUL,2.2,4,1.8,BUL_k2.20_s04.csv,1654896.944654854,15332331.58470157,131423567066.78455,1.0,21.173770762186482,136.0004110230027,250.0,0.0,0.1029968939672336,0.0,29.870423793792725
True,BUL,2.5,1,0.95,BUL_k2.50_s01.csv,1758396.9868732928,17660744.0484692,106211963808.51527,1.0,11.54384310656341,135.99999998394915,346.050664396133,0.0,0.10583208812065922,0.0,31.17629599571228
True,BUL,2.5,1,1.1,BUL_k2.50_s01.csv,1758396.9868732928,17660744.0484692,111046526077.50433,1.0,5.629807401714062,137.2440346484633,312.3948312592847,0.0,0.10599748042851397,0.0,34.33237600326538
True,BUL,2.5,1,1.25,BUL_k2.50_s01.csv,1758396.9868732928,17660744.0484692,116921648179.34558,1.0,14.543286993524802,135.0727543899174,335.96024996159196,0.0,0.1056755129735326,0.0,26.951877117156982
True,BUL,2.5,1,1.4,BUL_k2.50_s01.csv,1758396.9868732928,17660744.0484692,123770933298.24594,1.0,12.217165982978907,135.53212777414845,310.03173665467375,0.0,0.10612445510721363,0.0,27.77381706237793
True,BUL,2.5,1,1.55,BUL_k2.50_s01.csv,1758396.9868732928,17660744.0484692,132045261835.28888,1.0,12.43769089828966,133.8197822103431,310.26377589618914,0.0,0.10656102297556291,0.0,26.7355740070343
True,BUL,2.5,1,1.7,BUL_k2.50_s01.csv,1758396.9868732928,17660744.0484692,141368342242.87814,1.0,18.346874855115928,134.76098408238707,269.9542298377988,0.0,0.10663778020225669,0.0,30.857622146606445
True,BUL,2.5,1,1.8,BUL_k2.50_s01.csv,1758396.9868732928,17660744.0484692,148415668759.62024,1.0,22.746764689590925,133.30309393276352,271.4111201029492,0.0,0.10696123504298906,0.0,27.985394954681396
True,BUL,2.5,2,0.95,BUL_k2.50_s02.csv,1791807.4569366581,22296748.435480617,303169980037.5075,1.0,0.0,140.99999997600563,250.0,0.0,0.11162189243030206,0.0,25.413086891174316
True,BUL,2.5,2,1.1,BUL_k2.50_s02.csv,1791807.4569366581,22296748.435480617,308636026936.9607,1.0,1.105999428400609,140.9999993856035,250.0,0.0,0.11129773121956692,0.0,30.164788961410522
True,BUL,2.5,2,1.25,BUL_k2.50_s02.csv,1791807.4569366581,22296748.435480617,315797633089.4975,1.0,2.1062039385506153e-07,141.29418719527712,257.4917467248158,0.0,0.11097134660919623,0.0,27.961936950683594
True,BUL,2.5,2,1.4,BUL_k2.50_s02.csv,1791807.4569366581,22296748.435480617,323290193147.53937,1.0,10.276539845528427,139.03910955066618,250.0,0.0,0.11064430895799225,0.0,24.101362228393555
True,BUL,2.5,2,1.55,BUL_k2.50_s02.csv,1791807.4569366581,22296748.435480617,332609229269.0853,1.0,3.4728478405312293,137.98197194501407,250.0,0.0,0.10974775115666234,0.0,25.638105154037476
True,BUL,2.5,2,1.7,BUL_k2.50_s02.csv,1791807.4569366581,22296748.435480617,343335347801.93933,1.0,7.299390305205098,137.99933954185235,250.0,0.0,0.10943047029931947,0.0,24.840862035751343
True,BUL,2.5,2,1.8,BUL_k2.50_s02.csv,1791807.4569366581,22296748.435480617,351409515366.0039,1.0,4.525421917031307,137.58659938050596,250.0,0.0,0.10921882481179827,0.0,23.097163915634155
True,BUL,2.5,3,0.95,BUL_k2.50_s03.csv,1835958.4292189828,21705474.713935874,206578739958.25195,1.0,41.22740544527176,137.9999998746424,270.623218600791,0.0,0.1089891793879503,0.0,24.56318473815918
True,BUL,2.5,3,1.1,BUL_k2.50_s03.csv,1835958.4292189828,21705474.713935874,210206701093.6838,1.0,11.326576857382053,136.99999999899555,250.0,0.0,0.10929505499234976,0.0,29.384182929992676
True,BUL,2.5,3,1.25,BUL_k2.50_s03.csv,1835958.4292189828,21705474.713935874,215332690819.99524,1.0,28.457222759193197,136.99878218009627,250.0,0.0,0.10875659046056034,0.0,25.217146158218384
True,BUL,2.5,3,1.4,BUL_k2.50_s03.csv,1835958.4292189828,21705474.713935874,221663122131.5866,1.0,20.19578797012297,136.99999999378042,250.0,0.0,0.10822877349628934,0.0,25.352938890457153
True,BUL,2.5,3,1.55,BUL_k2.50_s03.csv,1835958.4292189828,21705474.713935874,229283521353.94427,1.0,20.727434603303255,136.4700503715888,250.0,0.0,0.10768336984536019,0.0,25.624876976013184
True,BUL,2.5,3,1.7,BUL_k2.50_s03.csv,1835958.4292189828,21705474.713935874,238258188787.96436,1.0,23.45586472136233,136.00000013613456,250.0,0.0,0.10732605641403023,0.0,24.72668981552124
True,BUL,2.5,3,1.8,BUL_k2.50_s03.csv,1835958.4292189828,21705474.713935874,245049605997.72205,1.0,23.798082791216295,136.00000000028203,250.0,0.0,0.10695505408290043,0.0,23.31364393234253
True,BUL,2.5,4,0.95,BUL_k2.50_s04.csv,2197495.4432430426,17899111.329270877,170154609284.62338,1.0,14.77310761762008,139.9720729407611,250.50956795055149,0.0,0.10577642743177619,0.0,24.298184156417847
True,BUL,2.5,4,1.1,BUL_k2.50_s04.csv,2197495.4432430426,17899111.329270877,174267129553.104,1.0,2.3739428341318813,139.99979101566288,250.0,0.0,0.10540627150276007,0.0,29.28641390800476
True,BUL,2.5,4,1.25,BUL_k2.50_s04.csv,2197495.4432430426,17899111.329270877,179635664874.53412,1.0,2.4227676580119177,139.0000000142929,250.0,0.0,0.10485973208348469,0.0,25.457983016967773
True,BUL,2.5,4,1.4,BUL_k2.50_s04.csv,2197495.4432430426,17899111.329270877,186157489655.8577,1.0,10.727139870074877,138.99996421370744,250.0,0.0,0.1044980016055095,0.0,26.229186058044434
True,BUL,2.5,4,1.55,BUL_k2.50_s04.csv,2197495.4432430426,17899111.329270877,193945557248.4732,1.0,10.743295192802007,137.99999999697138,250.0,0.0,0.10410201245942068,0.0,24.816812753677368
True,BUL,2.5,4,1.7,BUL_k2.50_s04.csv,2197495.4432430426,17899111.329270877,203089517399.45416,1.0,11.651430650741972,136.99999999761908,250.0,0.0,0.103448830318891,0.0,25.98564100265503
True,BUL,2.5,4,1.8,BUL_k2.50_s04.csv,2197495.4432430426,17899111.329270877,209982541176.67075,1.0,12.615233438036972,136.80480049396206,250.0,0.0,0.10326399421688884,0.0,27.514351844787598
True,BUL,2.9,1,0.95,BUL_k2.90_s01.csv,2007436.7502907305,26557045.130430233,346469047799.7343,1.0,6.617644264512976,133.99795173227164,325.7374870725967,0.0,0.10935479885090696,0.0,26.592785835266113
True,BUL,2.9,1,1.1,BUL_k2.90_s01.csv,2007436.7502907305,26557045.130430233,351733778169.06036,1.0,11.879337235279944,133.00014423623307,327.3885950515912,0.0,0.10904443997439496,0.0,27.367083072662354
True,BUL,2.9,1,1.25,BUL_k2.90_s01.csv,2007436.7502907305,26557045.130430233,357740581472.30835,1.0,3.5909696775231597,133.00002962676513,253.17856808371428,0.0,0.10873700979727688,0.0,23.9266459941864
True,BUL,2.9,1,1.4,BUL_k2.90_s01.csv,2007436.7502907305,26557045.130430233,365245907803.9579,1.0,16.32222101696731,131.9999964357185,277.025658763566,0.0,0.10828018711517409,0.0,22.366862058639526
True,BUL,2.9,1,1.55,BUL_k2.90_s01.csv,2007436.7502907305,26557045.130430233,373781799075.2584,1.0,18.912063479818972,132.00000011592684,267.24858243727357,0.0,0.1078476720576515,0.0,25.063148975372314
True,BUL,2.9,1,1.7,BUL_k2.90_s01.csv,2007436.7502907305,26557045.130430233,383285287728.1986,1.0,16.7558961163054,131.99999996283654,250.0,0.0,0.1077353297807848,0.0,23.678128957748413
True,BUL,2.9,1,1.8,BUL_k2.90_s01.csv,2007436.7502907305,26557045.130430233,390807094345.5313,1.0,14.559662406868506,131.7015930426645,250.0,0.0,0.1074495605559092,0.0,21.60537099838257
True,BUL,2.9,2,0.95,BUL_k2.90_s02.csv,2022006.0931428007,29228025.34235924,444157805683.59125,1.0,3.157816051932364,132.20283402503418,276.25347706554027,0.0,0.11283661044256192,0.0,24.517812967300415
True,BUL,2.9,2,1.1,BUL_k2.90_s02.csv,2022006.0931428007,29228025.34235924,448861749623.67114,1.0,0.0,131.04915587214373,271.29851438079737,0.0,0.11317305748527859,0.0,22.246724843978882
True,BUL,2.9,2,1.25,BUL_k2.90_s02.csv,2022006.0931428007,29228025.34235924,455807032453.45056,1.0,6.775231294321931,128.51941141988985,306.48265662829044,0.0,0.11223313198245971,0.0,22.355127096176147
True,BUL,2.9,2,1.4,BUL_k2.90_s02.csv,2022006.0931428007,29228025.34235924,461467279989.0812,1.0,6.636666559685989,130.00000007617047,250.0,0.0,0.11367840881385835,0.0,23.462601900100708
True,BUL,2.9,2,1.55,BUL_k2.90_s02.csv,2022006.0931428007,29228025.34235924,469728813013.4268,1.0,2.2940524545293037,129.2304294565927,250.0,0.0,0.11343942553691766,0.0,23.58977699279785
True,BUL,2.9,2,1.7,BUL_k2.90_s02.csv,2022006.0931428007,29228025.34235924,479460506843.09796,1.0,1.1256075628516993,128.00000043830892,250.0,0.0,0.11263980249663753,0.0,24.165475845336914
True,BUL,2.9,2,1.8,BUL_k2.90_s02.csv,2022006.0931428007,29228025.34235924,486780443816.46826,1.0,5.309030294012224,128.0000508208485,250.0,0.0,0.11238861126013291,0.0,25.38501811027527
True,BUL,2.9,3,0.95,BUL_k2.90_s03.csv,2022006.0931428007,26059971.8510503,284990281248.7593,1.0,0.0,178.93596904553965,281.93363586047354,0.0,0.10004321144596463,0.0,27.629110097885132
True,BUL,2.9,3,1.1,BUL_k2.90_s03.csv,2022006.0931428007,26059971.8510503,291674022959.80865,1.0,15.009811251438272,177.21998550339686,303.8058276955479,0.0,0.09971896531906822,0.0,26.209645986557007
True,BUL,2.9,3,1.25,BUL_k2.90_s03.csv,2022006.0931428007,26059971.8510503,298452843721.97864,1.0,6.263485822156434,179.10076848406274,250.0,0.0,0.0991070375895665,0.0,26.24558687210083
True,BUL,2.9,3,1.4,BUL_k2.90_s03.csv,2022006.0931428007,26059971.8510503,306619397503.63794,1.0,6.345944645275614,140.54374810833446,254.52581348433972,0.0,0.1014447800190034,0.0,27.797292709350586
True,BUL,2.9,3,1.55,BUL_k2.90_s03.csv,2022006.0931428007,26059971.8510503,316408193816.9647,1.0,25.791838316704965,135.99999826258735,316.9607346505447,0.0,0.10226487544393673,0.0,24.086171865463257
True,BUL,2.9,3,1.7,BUL_k2.90_s03.csv,2022006.0931428007,26059971.8510503,326373249318.70337,1.0,25.382676653231908,136.99720326141608,262.96634650547446,0.0,0.10215929833971696,0.0,25.822038173675537
True,BUL,2.9,3,1.8,BUL_k2.90_s03.csv,2022006.0931428007,26059971.8510503,333679510126.2683,1.0,23.69375547193461,136.99847931443708,256.38669488360716,0.0,0.10199697721330389,0.0,23.773741006851196
True,BUL,2.9,4,0.95,BUL_k2.90_s04.csv,2007436.7502907305,29625995.598990254,448287564861.09894,1.0,3.5188930564782397,140.08442682641348,321.0286002764366,0.0,0.11029191067029231,0.0,23.255664110183716
True,BUL,2.9,4,1.1,BUL_k2.90_s04.csv,2007436.7502907305,29625995.598990254,453816807884.6689,1.0,6.652827657831414,139.68422632369894,326.13492851015906,0.0,0.11005071006109869,0.0,26.399977922439575
True,BUL,2.9,4,1.25,BUL_k2.90_s04.csv,2007436.7502907305,29625995.598990254,460797265656.758,1.0,8.093880900499014,140.8423753068918,270.95556355871366,0.0,0.11085540974004805,0.0,24.110373973846436
True,BUL,2.9,4,1.4,BUL_k2.90_s04.csv,2007436.7502907305,29625995.598990254,468828210889.0906,1.0,19.416791264982656,139.2936886406567,279.34933800877053,0.0,0.10940944588874549,0.0,24.00383687019348
True,BUL,2.9,4,1.55,BUL_k2.90_s04.csv,2007436.7502907305,29625995.598990254,477798058668.76526,1.0,11.983459211884071,140.00000655099527,271.3025249055215,0.0,0.10970228652803035,0.0,24.6613450050354
True,BUL,2.9,4,1.7,BUL_k2.90_s04.csv,2007436.7502907305,29625995.598990254,488462223572.30383,1.0,9.807703503564882,139.99998203161957,268.9966299035142,0.0,0.10943858503311366,0.0,24.8802387714386
True,BUL,2.9,4,1.8,BUL_k2.90_s04.csv,2007436.7502907305,29625995.598990254,496409722603.3264,1.0,16.292435129007522,139.65490401187546,269.0103701590685,0.0,0.10934896436915467,0.0,25.05122685432434
True,BUL,3.4,1,0.95,BUL_k3.40_s01.csv,2318736.4545625285,30499181.873782687,391878124294.3275,1.0,4.467347219049283e-06,141.99787024889486,283.8860720949056,0.0,0.10387607193312885,0.0,24.519838094711304
True,BUL,3.4,1,1.1,BUL_k3.40_s01.csv,2318736.4545625285,30499181.873782687,398691254803.6674,1.0,12.517204929781945,141.11253919688974,267.903618600309,0.0,0.1040143125011242,0.0,25.84408211708069
True,BUL,3.4,1,1.25,BUL_k3.40_s01.csv,2318736.4545625285,30499181.873782687,406602432279.3574,1.0,4.391359631345578,142.1320807793431,278.64546375377864,0.0,0.10368222470633998,0.0,22.89816188812256
True,BUL,3.4,1,1.4,BUL_k3.40_s01.csv,2318736.4545625285,30499181.873782687,416073206135.9838,1.0,9.418630934214058,139.6057453997734,283.5397795205531,0.0,0.10391332008957432,0.0,24.107471227645874
True,BUL,3.4,1,1.55,BUL_k3.40_s01.csv,2318736.4545625285,30499181.873782687,426769937691.2208,1.0,10.163448265705835,138.9999848378324,268.5061207768462,0.0,0.10352359900314215,0.0,26.64061689376831
True,BUL,3.4,1,1.7,BUL_k3.40_s01.csv,2318736.4545625285,30499181.873782687,439864023165.89636,1.0,16.893572469352467,139.97543622292108,251.6599028980593,0.0,0.10314766724662656,0.0,23.048353910446167
True,BUL,3.4,1,1.8,BUL_k3.40_s01.csv,2318736.4545625285,30499181.873782687,448543922080.95123,1.0,12.469010652392452,138.28195354937057,268.5129922038927,0.0,0.10275594225839416,0.0,25.335325956344604
True,BUL,3.4,2,0.95,BUL_k3.40_s02.csv,2364900.6722194664,32619404.12023744,482994400053.33826,1.0,4.2440954279900565,163.63736282482103,252.47094048700865,0.0,0.1033212871898867,0.0,22.26024293899536
True,BUL,3.4,2,1.1,BUL_k3.40_s02.csv,2364900.6722194664,32619404.12023744,490481362761.9723,1.0,17.986577839616874,162.63029983915052,262.3530306093138,0.0,0.10336026045116048,0.0,22.15393590927124
True,BUL,3.4,2,1.25,BUL_k3.40_s02.csv,2364900.6722194664,32619404.12023744,498305613120.0789,1.0,8.033351664437276,143.63525678379298,275.13664834681924,0.0,0.10328549936852512,0.0,22.81920289993286
True,BUL,3.4,2,1.4,BUL_k3.40_s02.csv,2364900.6722194664,32619404.12023744,507795046629.2736,1.0,14.222200570671975,141.00000033528755,298.3226548571986,0.0,0.10279087091042555,0.0,22.437927961349487
True,BUL,3.4,2,1.55,BUL_k3.40_s02.csv,2364900.6722194664,32619404.12023744,518175128102.2379,1.0,15.578148984627946,142.52941661399242,276.6631491687819,0.0,0.10249114875577003,0.0012511006616983344,22.636677742004395
True,BUL,3.4,2,1.7,BUL_k3.40_s02.csv,2364900.6722194664,32619404.12023744,530380027502.4121,1.0,15.524341013197805,141.60811689690408,278.74240954199973,0.0,0.10219075592519486,0.0,22.254499197006226
True,BUL,3.4,2,1.8,BUL_k3.40_s02.csv,2364900.6722194664,32619404.12023744,539558521644.6345,1.0,4.670749106995653,141.5794440456191,277.7283364364953,0.0,0.10199001640895472,0.0,22.524877071380615
True,BUL,3.4,3,0.95,BUL_k3.40_s03.csv,2447441.569640608,35020331.640362434,559325798574.4385,1.0,25.18625829477274,172.75838850034586,269.2407057611572,0.0,0.10307479002704542,0.0,22.73400092124939
True,BUL,3.4,3,1.1,BUL_k3.40_s03.csv,2447441.569640608,35020331.640362434,566376113527.4055,1.0,26.78183719125463,173.9616013529052,255.05619326908842,0.0,0.10242998002820196,0.0,22.744524002075195
True,BUL,3.4,3,1.25,BUL_k3.40_s03.csv,2447441.569640608,35020331.640362434,575079911950.2781,1.0,15.615303445306365,168.7067159885399,312.24587383841975,0.0,0.10213623366116302,0.0,22.892942190170288
True,BUL,3.4,3,1.4,BUL_k3.40_s03.csv,2447441.569640608,35020331.640362434,583610558427.0231,1.0,16.970040887086157,142.26402373533594,287.16805159219007,0.0,0.10394946680838309,0.0,24.504828929901123
True,BUL,3.4,3,1.55,BUL_k3.40_s03.csv,2447441.569640608,35020331.640362434,594447089344.8605,1.0,15.765963665955782,142.09749682372947,305.25116614924883,0.0,0.10418624594881902,0.0,21.660558223724365
True,BUL,3.4,3,1.7,BUL_k3.40_s03.csv,2447441.569640608,35020331.640362434,606459434485.4697,1.0,15.81631499788878,142.99454553439503,274.368513278022,0.0,0.10404445105821065,0.0,22.485487937927246
True,BUL,3.4,3,1.8,BUL_k3.40_s03.csv,2447441.569640608,35020331.640362434,615676750561.2104,1.0,18.72089193275514,141.8368660637123,289.44577819299866,0.0,0.10289458559728364,0.0,24.10924482345581
True,BUL,3.4,4,0.95,BUL_k3.40_s04.csv,2318736.4545625285,38274379.883966886,713854463622.3604,1.0,0.847625196507118,140.66437841453057,250.0,0.0,0.10737320997401657,0.00023155531152688202,22.417582273483276
True,BUL,3.4,4,1.1,BUL_k3.40_s04.csv,2318736.4545625285,38274379.883966886,720234535054.237,1.0,2.3704791218092587,140.77846826783076,250.0,0.0,0.10685185766716628,0.0,21.68998408317566
True,BUL,3.4,4,1.25,BUL_k3.40_s04.csv,2318736.4545625285,38274379.883966886,727995785262.9763,1.0,1.393600590012459e-05,140.37035413197506,250.0,0.0,0.1068071841452229,0.0,21.580057859420776
True,BUL,3.4,4,1.4,BUL_k3.40_s04.csv,2318736.4545625285,38274379.883966886,737180027138.979,1.0,13.391155030674215,140.0000006565405,250.0,0.0,0.10623335669534727,0.0,20.773158311843872
True,BUL,3.4,4,1.55,BUL_k3.40_s04.csv,2318736.4545625285,38274379.883966886,747812780768.5542,1.0,9.645886760809029,139.99999981763696,250.0,0.0,0.10579340401438876,0.0,21.87226700782776
True,BUL,3.4,4,1.7,BUL_k3.40_s04.csv,2318736.4545625285,38274379.883966886,760125987395.6534,1.0,12.387038586312102,139.03923368051457,250.0,0.0,0.10538406193743727,0.0,21.464558839797974
True,BUL,3.4,4,1.8,BUL_k3.40_s04.csv,2318736.4545625285,38274379.883966886,769215645784.2222,1.0,11.36883516471278,138.99999984606868,250.0,0.0,0.10525162637583811,0.0,20.957438945770264
True,BUL,4.0,1,0.95,BUL_k4.00_s01.csv,3244737.7178046857,45277838.08374728,850556269787.3699,1.0,8.252736076754013,158.79930882685102,250.0,0.0,0.1078637597162394,0.0,19.93359398841858
True,BUL,4.0,1,1.1,BUL_k4.00_s01.csv,3244737.7178046857,45277838.08374728,858630091208.9984,1.0,7.208272601246985e-06,157.3618915737947,250.0,0.0,0.10752877378014834,0.0,22.218764066696167
True,BUL,4.0,1,1.25,BUL_k4.00_s01.csv,3244737.7178046857,45277838.08374728,868289302720.8219,1.0,3.879823915741252e-06,156.8026412632174,250.0,0.0,0.1071935104312616,0.0,22.459892988204956
True,BUL,4.0,1,1.4,BUL_k4.00_s01.csv,3244737.7178046857,45277838.08374728,880836829751.2852,1.0,20.84470885965918,147.34555493149185,314.5247094717236,0.0,0.1068723308249186,0.0,21.118608713150024
True,BUL,4.0,1,1.55,BUL_k4.00_s01.csv,3244737.7178046857,45277838.08374728,892411244687.3417,1.0,9.282245728957214,156.1567278767636,250.0,0.0,0.10617233136357801,0.0,21.768921852111816
True,BUL,4.0,1,1.7,BUL_k4.00_s01.csv,3244737.7178046857,45277838.08374728,908230122246.3309,1.0,24.465881764543063,140.15856404454198,267.24296616226013,0.0,0.1093333938104901,0.0,18.657005786895752
True,BUL,4.0,1,1.8,BUL_k4.00_s01.csv,3244737.7178046857,45277838.08374728,917905169237.8331,1.0,11.357471058970575,140.19561120543216,293.2120390152889,0.0,0.1086774931605303,0.0,19.60876727104187
True,BUL,4.0,2,0.95,BUL_k4.00_s02.csv,3394853.629880285,53512143.87837193,1094248800767.5195,1.0,17.471463354435624,170.15129416686528,259.0229305185859,0.0,0.10535321542875015,0.0,21.557475090026855
True,BUL,4.0,2,1.1,BUL_k4.00_s02.csv,3394853.629880285,53512143.87837193,1102965474117.7844,1.0,23.69802901992844,170.0000002932789,292.6936755956636,0.0,0.10451169640890705,0.0,22.245272636413574
True,BUL,4.0,2,1.25,BUL_k4.00_s02.csv,3394853.629880285,53512143.87837193,1111716297388.2534,1.0,7.237211152247464,169.99518529643913,265.57992264819353,0.0,0.10412865915558082,0.0,21.955609798431396
True,BUL,4.0,2,1.4,BUL_k4.00_s02.csv,3394853.629880285,53512143.87837193,1123882598405.7417,1.0,17.1013313585076,169.3477765445753,284.4803335022162,0.0,0.1033787991465443,0.0,20.306262969970703
True,BUL,4.0,2,1.55,BUL_k4.00_s02.csv,3394853.629880285,53512143.87837193,1137717654679.2034,1.0,33.7333191048312,169.63488341104468,289.4169395654329,0.0,0.10302460008131638,0.0,21.029529809951782
True,BUL,4.0,2,1.7,BUL_k4.00_s02.csv,3394853.629880285,53512143.87837193,1150517936336.6855,1.0,22.603418495099458,170.0000001932572,260.0122592274464,0.0,0.10279913683589435,0.0,19.417248010635376
True,BUL,4.0,2,1.8,BUL_k4.00_s02.csv,3394853.629880285,53512143.87837193,1161319071098.1309,1.0,20.27564075938044,170.00000738562386,250.0,0.0,0.1024336299384211,0.0,22.10174798965454
True,BUL,4.0,3,0.95,BUL_k4.00_s03.csv,2712391.745001885,55978814.49663813,1150126649562.6985,1.0,1.0935065911391277,148.9206717154037,267.9930080759605,0.0,0.10583406309617545,0.0,20.32331681251526
True,BUL,4.0,3,1.1,BUL_k4.00_s03.csv,2712391.745001885,55978814.49663813,1157700297684.5225,1.0,12.395984544116597,143.286681747271,294.7794503332182,0.0,0.10545410031513389,0.0,19.309290885925293
True,BUL,4.0,3,1.25,BUL_k4.00_s03.csv,2712391.745001885,55978814.49663813,1166640880183.2305,1.0,11.517201281630403,143.03257948660806,294.48310495424806,0.0,0.10513376555301554,0.0,18.83439016342163
True,BUL,4.0,3,1.4,BUL_k4.00_s03.csv,2712391.745001885,55978814.49663813,1177183340834.022,1.0,16.639558777924485,142.72400216040646,294.47481767715686,0.0,0.10480090161093822,0.0,20.67415189743042
True,BUL,4.0,3,1.55,BUL_k4.00_s03.csv,2712391.745001885,55978814.49663813,1189318557665.1365,1.0,11.481938027185212,143.38471190356063,288.4699728473431,0.0,0.10439644110145177,0.0,18.56510901451111
True,BUL,4.0,3,1.7,BUL_k4.00_s03.csv,2712391.745001885,55978814.49663813,1203224847618.2854,1.0,24.11098517317589,142.82230479693226,290.89759700202467,0.0,0.10415026488967115,0.0,20.306581020355225
True,BUL,4.0,3,1.8,BUL_k4.00_s03.csv,2712391.745001885,55978814.49663813,1213293095315.1443,1.0,12.461071946137984,142.99999874781878,287.8238504598468,0.0,0.10387878345513726,0.0,19.148482084274292
True,BUL,4.0,4,0.95,BUL_k4.00_s04.csv,3394853.629880285,55106821.71739755,1201480456155.4773,1.0,8.374812434867621,172.00042192592284,250.64608043520747,0.0,0.10471324622477272,0.0,21.12131929397583
True,BUL,4.0,4,1.1,BUL_k4.00_s04.csv,3394853.629880285,55106821.71739755,1210802736196.6936,1.0,14.789269316264775,149.99999988541293,275.84352757955037,0.0,0.10602011318474351,0.0,18.930052995681763
True,BUL,4.0,4,1.25,BUL_k4.00_s04.csv,3394853.629880285,55106821.71739755,1219588790627.9617,1.0,12.846884322692341,170.67417077741354,250.0,0.0,0.10348753078861547,0.0,17.982725143432617
True,BUL,4.0,4,1.4,BUL_k4.00_s04.csv,3394853.629880285,55106821.71739755,1231106225318.7056,1.0,16.370616812386253,148.9707344899653,323.778720129631,0.0,0.10467017793809336,0.0,18.518244981765747
True,BUL,4.0,4,1.55,BUL_k4.00_s04.csv,3394853.629880285,55106821.71739755,1244068369192.2654,1.0,7.398617384454294,147.00231531830687,335.05060099050206,0.0,0.10426132283545778,0.0,17.30832290649414
True,BUL,4.0,4,1.7,BUL_k4.00_s04.csv,3394853.629880285,55106821.71739755,1257484668178.8035,1.0,18.35661106940166,148.00010305960197,263.72500351703746,0.0,0.1034973200022814,0.0,19.351513862609863
True,BUL,4.0,4,1.8,BUL_k4.00_s04.csv,3394853.629880285,55106821.71739755,1267616363428.1917,1.0,8.315754023554218,147.9999999690773,250.0,0.0,0.10380924294897483,0.0,18.563650131225586
True,BUL,4.6,1,0.95,BUL_k4.60_s01.csv,3065855.7448148425,53919326.326508865,1104553407809.3787,1.0,33.3952153668872,168.00001933082106,331.19357254703567,0.0,0.103927025833664,0.0,19.706158876419067
True,BUL,4.6,1,1.1,BUL_k4.60_s01.csv,3065855.7448148425,53919326.326508865,1113404882482.1953,1.0,16.290618486106382,167.75306885677324,277.15928047100005,0.0,0.1038710211294014,0.0,19.111794233322144
True,BUL,4.6,1,1.25,BUL_k4.60_s01.csv,3065855.7448148425,53919326.326508865,1125159570467.8228,1.0,1.810055555329781e-10,168.0006855860695,250.00063843900753,0.0,0.10361391102518261,0.0,21.057692050933838
True,BUL,4.6,1,1.4,BUL_k4.60_s01.csv,3065855.7448148425,53919326.326508865,1141416857347.801,1.0,9.5611275272281,142.8788849725746,270.0166731267465,0.0,0.10585463434332859,0.0,19.440057039260864
True,BUL,4.6,1,1.55,BUL_k4.60_s01.csv,3065855.7448148425,53919326.326508865,1156200670575.113,1.0,11.504384864213147,141.63883411336784,316.78726737606775,0.0,0.10547342427531645,0.0,18.586129188537598
True,BUL,4.6,1,1.7,BUL_k4.60_s01.csv,3065855.7448148425,53919326.326508865,1173369137394.476,1.0,12.215905592023637,141.32468215201231,289.21370765018344,0.0,0.10524051124329807,0.0,16.59623885154724
True,BUL,4.6,1,1.8,BUL_k4.60_s01.csv,3065855.7448148425,53919326.326508865,1185821324831.6042,1.0,18.712800292432917,140.00151230466176,317.0973145109449,0.0,0.10475635242491195,0.0,18.87661600112915
True,BUL,4.6,2,0.95,BUL_k4.60_s02.csv,3233992.572748942,55928264.90762248,1101166881168.0063,1.0,2.100546000716819e-06,250.0,250.00000549169715,0.0,0.10086109277005542,0.0,18.820963859558105
True,BUL,4.6,2,1.1,BUL_k4.60_s02.csv,3233992.572748942,55928264.90762248,1111825400711.3572,1.0,3.5640286737999153e-06,250.0,250.00000674516392,0.0,0.10051170563135851,0.0,18.546830892562866
True,BUL,4.6,2,1.25,BUL_k4.60_s02.csv,3233992.572748942,55928264.90762248,1124203487418.3904,1.0,10.094658419458394,172.54368415208535,357.6030061310682,0.0,0.10079826527381804,0.0,20.691486835479736
True,BUL,4.6,2,1.4,BUL_k4.60_s02.csv,3233992.572748942,55928264.90762248,1138548809278.7666,1.0,1.5359021818715417,248.50706728517872,253.4557874849607,0.0,0.0996551895588874,0.0,17.446832180023193
True,BUL,4.6,2,1.55,BUL_k4.60_s02.csv,3233992.572748942,55928264.90762248,1154889779249.5227,1.0,3.5696285123319087,174.00947792515964,290.53778178048725,0.0,0.10023032239010451,0.0,16.610886096954346
True,BUL,4.6,2,1.7,BUL_k4.60_s02.csv,3233992.572748942,55928264.90762248,1171410113788.3247,1.0,7.281983712564642,173.08468216463322,349.1674917542721,0.0,0.09986026552155537,0.0,18.89554190635681
True,BUL,4.6,2,1.8,BUL_k4.60_s02.csv,3233992.572748942,55928264.90762248,1184618428601.9019,1.0,25.5516125220386,175.4738778651767,343.2231326941712,0.0,0.0997238708124076,0.0,19.01550316810608
True,BUL,4.6,3,0.95,BUL_k4.60_s03.csv,3873796.9045351828,48070555.19839659,1062734709531.0056,1.0,0.0006964997962506016,138.99999903116867,343.62500775555304,0.0,0.10579880298924096,0.0,19.31402587890625
True,BUL,4.6,3,1.1,BUL_k4.60_s03.csv,3873796.9045351828,48070555.19839659,1072565278251.0709,1.0,7.745583432294391,137.99999999867487,305.6412092182868,0.0,0.10643706407252689,0.0,19.163227081298828
True,BUL,4.6,3,1.25,BUL_k4.60_s03.csv,3873796.9045351828,48070555.19839659,1083877094243.3446,1.0,10.162393185329401,137.99974745038634,285.0291249538159,0.0,0.10600512599630899,0.0,17.03111982345581
True,BUL,4.6,3,1.4,BUL_k4.60_s03.csv,3873796.9045351828,48070555.19839659,1096903250954.7357,1.0,0.9483689931130144,137.00000016408802,278.4063757098784,0.0,0.10542806475814648,0.0,17.346693992614746
True,BUL,4.6,3,1.55,BUL_k4.60_s03.csv,3873796.9045351828,48070555.19839659,1110300988125.2358,1.0,10.3101445223741,137.999992492361,250.11912421697613,0.0,0.1045063122054537,0.0,18.700761795043945
True,BUL,4.6,3,1.7,BUL_k4.60_s03.csv,3873796.9045351828,48070555.19839659,1126678898294.073,1.0,4.202345199455168,137.0001578226284,250.0,0.0,0.10418740299648525,0.0,16.215839862823486
True,BUL,4.6,3,1.8,BUL_k4.60_s03.csv,3873796.9045351828,48070555.19839659,1138716041211.7227,1.0,8.749669192600502,137.00003483275466,251.70700176613013,0.0,0.1039726042772358,0.0,16.379559993743896
True,BUL,4.6,4,0.95,BUL_k4.60_s04.csv,3873796.9045351828,43329009.971032515,959042624635.297,1.0,7.582285449637472,170.16165999448424,250.0,0.0,0.09781375148309211,0.0,18.782171964645386
True,BUL,4.6,4,1.1,BUL_k4.60_s04.csv,3873796.9045351828,43329009.971032515,971739701815.0918,1.0,6.50932496324379e-06,250.0,250.0000077224173,0.0,0.09704784183340573,0.0,18.18428897857666
True,BUL,4.6,4,1.25,BUL_k4.60_s04.csv,3873796.9045351828,43329009.971032515,983902550831.2683,1.0,20.595504854032214,166.8000379740565,297.37142669227103,0.0,0.09729326548573268,0.0,18.187380075454712
True,BUL,4.6,4,1.4,BUL_k4.60_s04.csv,3873796.9045351828,43329009.971032515,998917200019.4269,1.0,17.76180104316527,166.0948113873071,300.85476553000285,0.0,0.09704099237215912,0.0,18.99432611465454
True,BUL,4.6,4,1.55,BUL_k4.60_s04.csv,3873796.9045351828,43329009.971032515,1015803857205.0432,1.0,21.984637613642494,165.79672932209897,288.3176874343161,0.0,0.09678498099074617,0.0,19.563506841659546
True,BUL,4.6,4,1.7,BUL_k4.60_s04.csv,3873796.9045351828,43329009.971032515,1034043403553.1333,1.0,7.331944283381685e-06,168.63543445818317,250.0,0.0,0.09657771397056926,0.0,18.558552742004395
True,BUL,4.6,4,1.8,BUL_k4.60_s04.csv,3873796.9045351828,43329009.971032515,1047780514141.9222,1.0,17.89443181646382,142.99999987705226,269.2253198891839,0.0,0.09639806782442621,0.0,18.128731727600098
True,BUL,5.2,1,0.95,BUL_k5.20_s01.csv,4352740.17919008,82841976.48743677,2281822297728.223,1.0,1.878889086551398e-05,176.09027375157035,250.0,0.0,0.10321879017392285,0.0,12.589408874511719
True,BUL,5.2,1,1.1,BUL_k5.20_s01.csv,4352740.17919008,82841976.48743677,2293314792438.625,1.0,7.843715811138529,175.99728829447076,250.0007861934539,0.0,0.10281712647954588,0.0,13.649553775787354
True,BUL,5.2,1,1.25,BUL_k5.20_s01.csv,4352740.17919008,82841976.48743677,2306801825609.9688,1.0,32.65211449278438,175.62114569664462,250.42472790525017,0.0,0.10255169185973997,0.0,13.409160852432251
True,BUL,5.2,1,1.4,BUL_k5.20_s01.csv,4352740.17919008,82841976.48743677,2321906383705.838,1.0,32.3913368513756,175.01625918965368,250.42203286083253,0.0,0.10228612124233132,0.0,11.606180191040039
True,BUL,5.2,1,1.55,BUL_k5.20_s01.csv,4352740.17919008,82841976.48743677,2338018616823.8164,1.0,15.274245489402695,148.7926604968118,251.2573043097348,0.0,0.10273302555807481,0.0,12.889192342758179
True,BUL,5.2,1,1.7,BUL_k5.20_s01.csv,4352740.17919008,82841976.48743677,2356443623501.0464,1.0,9.213600137697098,147.7435547965492,265.45598334871437,0.0,0.10231291962752172,0.0,10.724897861480713
True,BUL,5.2,1,1.8,BUL_k5.20_s01.csv,4352740.17919008,82841976.48743677,2370120024389.1445,1.0,24.887626414038515,145.7645694092996,283.23960290463793,0.0,0.1020960458504911,0.0,9.882122993469238
True,BUL,5.2,2,0.95,BUL_k5.20_s02.csv,3529663.625420148,69589978.87327546,1712310544732.3865,1.0,19.134715944549324,143.00518100381177,285.02760084548225,0.0,0.10691715246325328,0.0,16.63996171951294
True,BUL,5.2,2,1.1,BUL_k5.20_s02.csv,3529663.625420148,69589978.87327546,1723758896785.495,1.0,26.61822533802095,142.90237030699717,285.8529327147332,0.0,0.10666875007855614,0.0,17.022392988204956
True,BUL,5.2,2,1.25,BUL_k5.20_s02.csv,3529663.625420148,69589978.87327546,1736863430281.8982,1.0,27.06676686776771,142.00295420567613,257.1539546708202,0.0,0.10642020758002688,0.0,15.622262954711914
True,BUL,5.2,2,1.4,BUL_k5.20_s02.csv,3529663.625420148,69589978.87327546,1752192908224.287,1.0,29.981335265113895,141.01321701271334,301.5021130101733,0.0,0.10617150746270926,0.0,14.945940017700195
True,BUL,5.2,2,1.55,BUL_k5.20_s02.csv,3529663.625420148,69589978.87327546,1768331377888.3923,1.0,28.388335829228062,142.57602908512715,250.0,0.0,0.10592267572210953,0.0,14.820029020309448
True,BUL,5.2,2,1.7,BUL_k5.20_s02.csv,3529663.625420148,69589978.87327546,1786800114104.7896,1.0,22.458633206875085,142.0000011773096,250.0,0.0,0.1060408568335053,0.0,15.28913688659668
True,BUL,5.2,2,1.8,BUL_k5.20_s02.csv,3529663.625420148,69589978.87327546,1800527553234.5535,1.0,23.22468609904502,141.0000001381061,263.31488025222325,0.0,0.10549757943622742,0.0,12.871957063674927
True,BUL,5.2,3,0.95,BUL_k5.20_s03.csv,3648261.372683799,76074958.6305266,1916025060515.0298,1.0,12.531865788868762,137.99999967614175,287.64999174532505,0.0,0.10824294369092763,0.0,17.52493691444397
True,BUL,5.2,3,1.1,BUL_k5.20_s03.csv,3648261.372683799,76074958.6305266,1925844132384.1902,1.0,5.306740081114645,138.0000000339197,250.0,0.0,0.10867863084522393,0.0,17.489273071289062
True,BUL,5.2,3,1.25,BUL_k5.20_s03.csv,3648261.372683799,76074958.6305266,1938112385299.7312,1.0,16.644281901670457,137.02222455383952,264.49364383679466,0.0,0.10911381468526234,0.0,15.303457975387573
True,BUL,5.2,3,1.4,BUL_k5.20_s03.csv,3648261.372683799,76074958.6305266,1951423976117.9094,1.0,4.1474981522655e-06,137.00000300232267,250.0,0.0,0.10823043026882889,0.0,13.955979824066162
True,BUL,5.2,3,1.55,BUL_k5.20_s03.csv,3648261.372683799,76074958.6305266,1966703253377.0637,1.0,18.410948617473235,137.00033384044278,250.0,0.0,0.10752994869257186,0.0,14.966134071350098
True,BUL,5.2,3,1.7,BUL_k5.20_s03.csv,3648261.372683799,76074958.6305266,1984840919352.8848,1.0,24.31187219855675,136.99999305385566,261.56955179000414,0.0,0.10716169233051394,0.0,15.552955865859985
True,BUL,5.2,3,1.8,BUL_k5.20_s03.csv,3648261.372683799,76074958.6305266,1997201443642.163,1.0,12.036707897038882,136.99999774268792,255.9305895547496,0.0,0.10701991724005143,0.0,13.495414018630981
True,BUL,5.2,4,0.95,BUL_k5.20_s04.csv,3465539.728848159,61582942.71905049,1411638276795.668,1.0,1.4455431030966073,249.42632070038084,252.2006050297494,0.0,0.10244742183422986,0.0,18.977216005325317
True,BUL,5.2,4,1.1,BUL_k5.20_s04.csv,3465539.728848159,61582942.71905049,1423123880526.29,1.0,37.841275932775424,221.07199051680726,308.3530390978774,0.0,0.10202905902310734,0.0,18.9187593460083
True,BUL,5.2,4,1.25,BUL_k5.20_s04.csv,3465539.728848159,61582942.71905049,1436439222609.4954,1.0,45.99999963750841,223.97833292047872,295.5898352608527,0.0,0.10161435128314852,0.0,17.624348163604736
True,BUL,5.2,4,1.4,BUL_k5.20_s04.csv,3465539.728848159,61582942.71905049,1451793711104.6296,1.0,8.226224616620511,245.96497389891965,252.0161800146369,0.0,0.10114060961611196,0.0,16.13693380355835
True,BUL,5.2,4,1.55,BUL_k5.20_s04.csv,3465539.728848159,61582942.71905049,1468657992319.9714,1.0,45.471482980925835,221.36017624406782,300.9201745532897,0.0,0.10026090221436475,0.0,17.40600323677063
True,BUL,5.2,4,1.7,BUL_k5.20_s04.csv,3465539.728848159,61582942.71905049,1487619064375.0068,1.0,45.99999891258832,215.0209974192922,320.4978892989526,0.0,0.100227057275781,0.0,18.630832195281982
True,BUL,5.2,4,1.8,BUL_k5.20_s04.csv,3465539.728848159,61582942.71905049,1501225243349.7886,1.0,27.50150422274355,217.92067003812954,308.41109577255827,0.0,0.10000657398740126,0.0,16.626227855682373
True,DNP,0.25,1,0.95,DNP_k0.25_s01.csv,218650.38305191504,637521.5422789499,824818667.2648665,1.0033605123463873,49.7710131268353,216.2767407161377,293.9654947635795,0.8151461881661299,0.15127374090871634,0.04893787821207031,34.06431269645691
True,DNP,0.25,1,1.1,DNP_k0.25_s01.csv,218650.38305191504,637521.5422789499,1956216648.122104,1.0021059465026472,47.83580053444429,217.68548934890347,290.3923574059179,0.8328332258507782,0.17711765430459872,0.12734797436979495,31.12243103981018
True,DNP,0.25,1,1.25,DNP_k0.25_s01.csv,218650.38305191504,637521.5422789499,4014975344.895397,1.0019338430934632,65.73918859593152,216.59762622068413,284.33467033856545,0.8247381062328155,0.20611176914095566,0.1695574224101463,25.225517988204956
True,DNP,0.25,1,1.4,DNP_k0.25_s01.csv,218650.38305191504,637521.5422789499,7416413723.41342,1.0,17.8251690057589,213.3297437225479,283.685023357448,0.826399606722004,0.20923974644517232,0.15621740838544365,24.285585165023804
True,DNP,0.25,1,1.55,DNP_k0.25_s01.csv,218650.38305191504,637521.5422789499,12441575953.71429,1.0,35.48861859353551,189.47306702129265,284.2923891604355,0.7780723062711361,0.2104001214039103,0.12818639342750177,20.353869676589966
True,DNP,0.25,1,1.7,DNP_k0.25_s01.csv,218650.38305191504,637521.5422789499,19326754097.478718,1.0,58.22795399213443,179.67570812353625,282.5713224987628,0.7667799467271987,0.2178981779237937,0.17835003126054783,16.638473987579346
True,DNP,0.25,1,1.8,DNP_k0.25_s01.csv,218650.38305191504,637521.5422789499,24940095808.028282,1.0,58.72342687488343,205.053614105784,284.846452923807,0.8240625468651853,0.19967087405737702,0.18283067697598346,16.853913068771362
True,DNP,0.25,2,0.95,DNP_k0.25_s02.csv,238917.69769361502,657640.557827425,1335104509.0774293,1.0116200150332366,78.70454917308149,133.01994326977172,287.8197789675796,0.7503118988802914,0.13334409954765236,0.07036153096151027,27.98874521255493
True,DNP,0.25,2,1.1,DNP_k0.25_s02.csv,238917.69769361502,657640.557827425,2642264588.432678,1.0048485721182165,11.87924405440959,198.54421087563279,296.81787556073624,0.8442211582326534,0.10420849637898436,0.09971611597390113,25.170333862304688
True,DNP,0.25,2,1.25,DNP_k0.25_s02.csv,238917.69769361502,657640.557827425,4696548572.1037655,1.0123194571980858,20.882862468016082,210.66755195115212,275.80697609428387,0.8598595456807231,0.12182903724896299,0.02765279703241552,24.479764938354492
True,DNP,0.25,2,1.4,DNP_k0.25_s02.csv,238917.69769361502,657640.557827425,7832364583.285962,1.012634534695457,68.87555345222913,199.21827289270766,291.0295013385825,0.8655977215350813,0.11725618039402054,0.19646027046433762,21.931446075439453
True,DNP,0.25,2,1.55,DNP_k0.25_s02.csv,238917.69769361502,657640.557827425,12353674102.175896,1.0,42.72219324547246,167.5224573094238,270.9716878029491,0.8077510298368126,0.17677500561882142,0.15414412697716018,17.54617714881897
True,DNP,0.25,2,1.7,DNP_k0.25_s02.csv,238917.69769361502,657640.557827425,18597911592.489147,1.0,20.903827833601063,171.2384503587122,268.5294185921867,0.8070991163474149,0.18119611895550455,0.035021781678009095,16.18735384941101
True,DNP,0.25,2,1.8,DNP_k0.25_s02.csv,238917.69769361502,657640.557827425,23923632067.15941,1.0,33.72343212095522,170.4886382448133,263.34551942666377,0.7876817680055411,0.21429704980320105,0.0887423885041863,17.096050024032593
True,DNP,0.25,3,0.95,DNP_k0.25_s03.csv,231664.00410204,455506.40649037,346150941.9610555,1.0088151290779481,27.71709173855974,202.8999068188268,302.1073570359436,0.8833940206617791,0.1558241524526655,0.15129309922761813,30.486854076385498
True,DNP,0.25,3,1.1,DNP_k0.25_s03.csv,231664.00410204,455506.40649037,965973223.0087427,1.0024089602266257,64.90758939865022,207.08223778252147,287.6047401288175,0.8784434784975351,0.18849254599168952,0.10349327749333193,26.937190055847168
True,DNP,0.25,3,1.25,DNP_k0.25_s03.csv,231664.00410204,455506.40649037,2213887671.17642,1.0,32.58376231714384,189.5901806403034,281.00995507776406,0.8599878041756638,0.20848193504040322,0.05395501102914686,25.619457006454468
True,DNP,0.25,3,1.4,DNP_k0.25_s03.csv,231664.00410204,455506.40649037,4573495846.2189,1.0,15.637531564569727,159.0517399945186,280.8481844570741,0.8161698981911932,0.20479538293736446,0.14304242767605851,23.665992975234985
True,DNP,0.25,3,1.55,DNP_k0.25_s03.csv,231664.00410204,455506.40649037,8347155408.137585,1.0,34.68360868278057,122.21403688362983,273.9278533402156,0.7617615632190885,0.2082342369423928,0.12343932214418883,20.82927894592285
True,DNP,0.25,3,1.7,DNP_k0.25_s03.csv,231664.00410204,455506.40649037,13866397438.349812,1.0,68.44295463215987,153.0261899004777,262.5050231967999,0.7803854800480823,0.20580827039578697,0.09433440820909599,17.90099596977234
True,DNP,0.25,3,1.8,DNP_k0.25_s03.csv,231664.00410204,455506.40649037,18773295269.551476,1.0,23.012864264047206,130.3325557233459,260.86386174387553,0.7512662675628329,0.2392212204486894,0.07348410101503218,17.139687061309814
True,DNP,0.25,4,0.95,DNP_k0.25_s04.csv,230088.07768294,767636.0476679901,889767460.5549625,1.0001976426582488,49.444753934333555,171.39370252047695,342.5676992052942,0.8081658058623327,0.10074952854186796,0.12562009679621436,30.901952028274536
True,DNP,0.25,4,1.1,DNP_k0.25_s04.csv,230088.07768294,767636.0476679901,2072617375.2712328,1.0055405653857763,36.52913007154321,192.80909981993935,313.7913305040432,0.8188078240139123,0.11114848493229923,0.11446265768535886,28.64893412590027
True,DNP,0.25,4,1.25,DNP_k0.25_s04.csv,230088.07768294,767636.0476679901,4246377042.71222,1.0004856522731729,38.409306215143594,157.6486261599771,323.78300615135186,0.7869540867902541,0.10397216909443363,0.15713007460375975,26.565091133117676
True,DNP,0.25,4,1.4,DNP_k0.25_s04.csv,230088.07768294,767636.0476679901,7610266710.613049,1.0,72.00993600785078,153.6490082613151,329.97525876870554,0.8050628902296593,0.10555916635436806,0.06716729188534028,23.479630947113037
True,DNP,0.25,4,1.55,DNP_k0.25_s04.csv,230088.07768294,767636.0476679901,12323702189.57177,1.0,80.19981691169416,187.98621243934204,293.163362460075,0.8239036669767825,0.13703760747000937,0.12992494514900862,24.358468294143677
True,DNP,0.25,4,1.7,DNP_k0.25_s04.csv,230088.07768294,767636.0476679901,18804986534.85848,1.0,36.16943489789395,171.08294073727134,280.6980773042866,0.7989670898639286,0.16418323632727796,0.18021238775667658,20.764184951782227
True,DNP,0.25,4,1.8,DNP_k0.25_s04.csv,230088.07768294,767636.0476679901,24330974780.49817,1.0,94.01627982590239,130.56660511501747,289.4993394950243,0.7657796764499536,0.14392264197421337,0.18990682998214523,19.179641008377075
True,DNP,0.3,1,0.95,DNP_k0.30_s01.csv,246185.58142626402,761216.09478183,1006182900.5458218,1.0,85.30393528662296,216.14455526438033,275.4011254054366,0.8217573545094193,0.13203601164343515,0.05116554869382012,28.329604148864746
True,DNP,0.3,1,1.1,DNP_k0.30_s01.csv,246185.58142626402,761216.09478183,2168511121.102804,1.0016181956601478,50.03833663790995,214.5992828498292,274.54922763172743,0.8167531873196897,0.13154847583012957,0.11763507281071722,26.813902139663696
True,DNP,0.3,1,1.25,DNP_k0.30_s01.csv,246185.58142626402,761216.09478183,4024159292.642835,1.0,60.00078899332513,220.478175267957,268.9856920469568,0.8345945439408183,0.15143317073295315,0.07379199980627736,27.12162184715271
True,DNP,0.3,1,1.4,DNP_k0.30_s01.csv,246185.58142626402,761216.09478183,6707163898.820187,1.0,53.54602198932301,206.45741740356172,272.7694908332231,0.8146485964256817,0.1456389416313801,0.08982214632214669,22.012591123580933
True,DNP,0.3,1,1.55,DNP_k0.30_s01.csv,246185.58142626402,761216.09478183,10512670475.101202,1.0111571628504679,33.99379767395507,197.75645467119588,278.2527043139216,0.8162514988569505,0.13327182253218228,0.1486184192687001,20.08636212348938
True,DNP,0.3,1,1.7,DNP_k0.30_s01.csv,246185.58142626402,761216.09478183,15670099049.125994,1.0122287767226479,44.92367671221719,197.67237195265182,275.09783007800615,0.8218198441022149,0.14425940324982012,0.07987923231942931,18.082069873809814
True,DNP,0.3,1,1.8,DNP_k0.30_s01.csv,246185.58142626402,761216.09478183,20232685937.11727,1.0,76.55609379775281,202.49720126152388,271.74992563588205,0.8310262423177247,0.14752343929767153,0.06726846297524192,17.725200176239014
True,DNP,0.3,2,0.95,DNP_k0.30_s02.csv,276746.958591184,1058937.18905334,1139481261.8107934,1.000800417004862,48.680139290764764,213.71055268611434,299.71767665250627,0.735903546012545,0.07539479088817252,0.11635165723752153,38.13474893569946
True,DNP,0.3,2,1.1,DNP_k0.30_s02.csv,276746.958591184,1058937.18905334,2329607292.2024937,1.001466756747722,76.20601662440554,204.9372056065831,304.22626997437794,0.7329327819739513,0.07542638237085594,0.1358008968332623,33.97159814834595
True,DNP,0.3,2,1.25,DNP_k0.30_s02.csv,276746.958591184,1058937.18905334,4386821367.3296795,1.0,52.28553261790594,214.7080067228066,287.1804542133207,0.7628780257355814,0.09672888187010882,0.16391881287405044,35.31409192085266
True,DNP,0.3,2,1.4,DNP_k0.30_s02.csv,276746.958591184,1058937.18905334,7576662738.052758,1.0,39.336212301212974,214.156144669834,286.8673756939699,0.7666808853975382,0.0960288790053042,0.17367548426635637,32.50662803649902
True,DNP,0.3,2,1.55,DNP_k0.30_s02.csv,276746.958591184,1058937.18905334,12322214223.750835,1.0,48.892021887372636,212.66573633774408,281.28565266248347,0.7638951432957521,0.10617154864667636,0.11773879128278136,24.576225996017456
True,DNP,0.3,2,1.7,DNP_k0.30_s02.csv,276746.958591184,1058937.18905334,18973222090.727203,1.0012707643180674,38.423185043621416,198.30226731374816,291.1775359400632,0.7560017792790362,0.09496936852658006,0.042719592208012205,23.32924175262451
True,DNP,0.3,2,1.8,DNP_k0.30_s02.csv,276746.958591184,1058937.18905334,24735382033.89872,1.0,87.97232495111564,180.74385439401755,307.08676924613667,0.7298102791603567,0.0746136065968371,0.07465547861349196,20.901727199554443
True,DNP,0.3,3,0.95,DNP_k0.30_s03.csv,245207.625592354,831884.332602354,618047788.9347011,1.0003548898794825,56.457417355331316,163.28102784274205,351.2034157951197,0.7616389394348617,0.08137034230021,0.017200382197673655,34.5451979637146
True,DNP,0.3,3,1.1,DNP_k0.30_s03.csv,245207.625592354,831884.332602354,1309564378.4998384,1.0,39.604910515435996,206.40954175399406,265.99930417544385,0.8057745242226163,0.1462864635289269,0.18005313725178781,34.16462182998657
True,DNP,0.3,3,1.25,DNP_k0.30_s03.csv,245207.625592354,831884.332602354,2683872490.4369135,1.0,62.71606049285333,197.64249053618227,265.01540324071317,0.7891017296241428,0.15790518048221622,0.060859970087967674,35.69717621803284
True,DNP,0.3,3,1.4,DNP_k0.30_s03.csv,245207.625592354,831884.332602354,5053277680.542743,1.0,16.314542766214025,199.948249677187,258.8885154492512,0.793113415218135,0.2083449611761326,0.07778818460939695,29.892961025238037
True,DNP,0.3,3,1.55,DNP_k0.30_s03.csv,245207.625592354,831884.332602354,8836212252.375433,1.0,55.39670024960252,183.45087794990982,263.36259014338697,0.7681660758234996,0.18021103620944715,0.06748881863997688,28.904046058654785
True,DNP,0.3,3,1.7,DNP_k0.30_s03.csv,245207.625592354,831884.332602354,14701780650.16898,1.0,18.597707269402672,182.42448513488588,259.6653438495345,0.7720009017988795,0.2194738356301576,0.07661049378882767,20.487890243530273
True,DNP,0.3,3,1.8,DNP_k0.30_s03.csv,245207.625592354,831884.332602354,19814978513.52369,1.0,45.21635401288183,182.43219813646138,267.75964700599263,0.7991354576379898,0.1614423900251637,0.07426120269064046,22.550806999206543
True,DNP,0.3,4,0.95,DNP_k0.30_s04.csv,256781.125439074,1019818.458242664,1592580248.3156188,1.0,29.754478833844605,200.65124785997727,324.39573304914893,0.7752948060907718,0.08082050110747495,0.1849551432421871,31.13123393058777
True,DNP,0.3,4,1.1,DNP_k0.30_s04.csv,256781.125439074,1019818.458242664,3241674452.762518,1.012335770027896,67.54909486665133,199.46951722799753,310.28105680668705,0.7904195617680804,0.08038196676219656,0.16644410415081734,32.370362758636475
True,DNP,0.3,4,1.25,DNP_k0.30_s04.csv,256781.125439074,1019818.458242664,5759793969.91424,1.0,93.1901208722186,200.46082610387003,308.91524717235444,0.7960139639603976,0.07917713047850349,0.04519035506719824,28.025194883346558
True,DNP,0.3,4,1.4,DNP_k0.30_s04.csv,256781.125439074,1019818.458242664,9683955286.325037,1.0,17.0401506594116,194.8840664528747,307.83276447775444,0.8003955659493986,0.08256145086166523,0.12846352188150234,25.466833114624023
True,DNP,0.3,4,1.55,DNP_k0.30_s04.csv,256781.125439074,1019818.458242664,15243326375.013105,1.0,44.968014023399526,201.69870724864523,294.594396230258,0.8041011458451939,0.08441018638858896,0.05586593503621027,23.093250036239624
True,DNP,0.3,4,1.7,DNP_k0.30_s04.csv,256781.125439074,1019818.458242664,22790615860.87202,1.0068702057734564,69.60870985448551,194.7077509260793,306.6519244630654,0.7913494007176662,0.06863841062457093,0.08312207032804822,20.51124095916748
True,DNP,0.3,4,1.8,DNP_k0.30_s04.csv,256781.125439074,1019818.458242664,28852302149.56672,1.0,51.16598865255091,196.81819300786285,296.73807283595187,0.7964555282869806,0.07466638340898064,0.1157734388656323,18.60542893409729
True,DNP,0.4,1,0.95,DNP_k0.40_s01.csv,260080.27750327202,1470149.2223133682,1964108398.7151716,1.0,20.43067241375649,215.51281316604994,286.3678952902377,0.7120150778748218,0.10206564799432331,0.14007913311930006,43.57156205177307
True,DNP,0.4,1,1.1,DNP_k0.40_s01.csv,260080.27750327202,1470149.2223133682,3643463157.0634055,1.0121224757939222,35.86974829528551,215.8778415177135,284.34855181231546,0.7262581653520082,0.11114071564727009,0.1281535737162206,36.0176420211792
True,DNP,0.4,1,1.25,DNP_k0.40_s01.csv,260080.27750327202,1470149.2223133682,6273058320.362952,1.0028996798302239,98.17691170537874,211.53215334352873,285.1015137646957,0.7237610638145421,0.11122392365067728,0.14329372145465724,34.064428091049194
True,DNP,0.4,1,1.4,DNP_k0.40_s01.csv,260080.27750327202,1470149.2223133682,10286475459.03972,1.0,81.66279217181084,209.05126608951596,281.97917382828683,0.7139088971640213,0.12006777203393576,0.03563591431516715,29.448216915130615
True,DNP,0.4,1,1.55,DNP_k0.40_s01.csv,260080.27750327202,1470149.2223133682,16275625713.97126,1.0,69.20812688141102,207.15718473501627,280.7282595527766,0.7048402887027121,0.12079369288054588,0.18289108239396845,25.604555130004883
True,DNP,0.4,1,1.7,DNP_k0.40_s01.csv,260080.27750327202,1470149.2223133682,24060608424.2631,1.0,66.02017323077038,209.0206167933579,282.2364646734652,0.7289169524800844,0.116539468606418,0.11670654406685177,24.383888006210327
True,DNP,0.4,1,1.8,DNP_k0.40_s01.csv,260080.27750327202,1470149.2223133682,30528959731.67917,1.0,70.76803789941701,211.45364372548727,282.3247012319332,0.7375277690672362,0.10989886784764433,0.06815579017179654,19.8581280708313
True,DNP,0.4,2,0.95,DNP_k0.40_s02.csv,277076.647801032,1966666.400771376,1116856079.375507,1.0037139486397713,5.5496392115808675,207.7052610900141,282.6175550707214,0.7423769916706384,0.09570373336003114,0.11064018825511579,47.33198308944702
True,DNP,0.4,2,1.1,DNP_k0.40_s02.csv,277076.647801032,1966666.400771376,2402022479.660446,1.0,21.679296452304825,200.5700801817844,287.5713920598089,0.7295039769034338,0.08372783085057287,0.06711570551962426,36.465033292770386
True,DNP,0.4,2,1.25,DNP_k0.40_s02.csv,277076.647801032,1966666.400771376,4619086665.846865,1.0014522911401589,69.49859668248628,198.84056145680188,288.37358065192694,0.7316876666026525,0.08094922846498209,0.1163595170263911,36.264888048172
True,DNP,0.4,2,1.4,DNP_k0.40_s02.csv,277076.647801032,1966666.400771376,7924603610.435932,1.0,78.66905445835324,182.62981324915572,283.7795562486073,0.6982574032773156,0.09213848005569175,0.10050853380765297,29.56967306137085
True,DNP,0.4,2,1.55,DNP_k0.40_s02.csv,277076.647801032,1966666.400771376,12526436495.710497,1.0040588581537035,93.75954008217887,182.49293780353833,280.7804025279436,0.6905927565633672,0.09783572160885444,0.06310287425177824,27.61005401611328
True,DNP,0.4,2,1.7,DNP_k0.40_s02.csv,277076.647801032,1966666.400771376,18507506166.417698,1.0,62.432696803747824,199.6081593755075,277.68451626179007,0.7521967883424419,0.1111591410325862,0.03238532341816089,24.84627676010132
True,DNP,0.4,2,1.8,DNP_k0.40_s02.csv,277076.647801032,1966666.400771376,23523809325.124187,1.0,36.22042517042638,201.58758892180552,274.9193076792345,0.7603891602886065,0.11735478996282558,0.0,25.227245807647705
True,DNP,0.4,3,0.95,DNP_k0.40_s03.csv,277076.647801032,1748571.9195009922,1845436053.874608,1.0088659311734356,16.948765376605188,214.31778809148213,326.86955473680615,0.7680879997546511,0.06807071516152027,0.1626606669408606,34.47189712524414
True,DNP,0.4,3,1.1,DNP_k0.40_s03.csv,277076.647801032,1748571.9195009922,3772593405.5291433,1.0,92.37465678900143,206.2947162570526,338.35705094336555,0.7683445375308279,0.0632910027023428,0.1615432932103896,34.49061584472656
True,DNP,0.4,3,1.25,DNP_k0.40_s03.csv,277076.647801032,1748571.9195009922,6811735878.38241,1.000630180431727,22.60098896578237,207.8746479538099,326.8865752811139,0.7676994885605742,0.06475072498482123,0.0961374379579965,30.384222269058228
True,DNP,0.4,3,1.4,DNP_k0.40_s03.csv,277076.647801032,1748571.9195009922,11241166437.236198,1.0,14.239056881234369,206.26840410596287,317.99627791301384,0.7730856750554632,0.07147958143137102,0.1500308367566041,27.73136878013611
True,DNP,0.4,3,1.55,DNP_k0.40_s03.csv,277076.647801032,1748571.9195009922,17213662965.3444,1.0,76.60426443713229,181.38920644422842,321.18241038182776,0.7461378524929557,0.07167128181356157,0.10395857367663291,25.93502688407898
True,DNP,0.4,3,1.7,DNP_k0.40_s03.csv,277076.647801032,1748571.9195009922,25145860613.497086,1.0010300253709457,63.25280890162878,122.41974752074842,329.61017626994004,0.6851269207951107,0.07003493112665199,0.05933011062426178,21.59166717529297
True,DNP,0.4,3,1.8,DNP_k0.40_s03.csv,277076.647801032,1748571.9195009922,31730408396.57084,1.0096646911190086,54.488308056377086,163.34609244077745,341.12731747628413,0.7554249088894144,0.06346455448316954,0.13292869986202727,20.345777988433838
True,DNP,0.4,4,0.95,DNP_k0.40_s04.csv,319129.091799472,1524429.927060064,1109939995.7360523,1.0022906673287744,82.94695467936388,206.77893189648694,288.88617791068884,0.6439156783018782,0.06770346370487797,0.16416640178581124,46.013375997543335
True,DNP,0.4,4,1.1,DNP_k0.40_s04.csv,319129.091799472,1524429.927060064,1970586769.2168355,1.0,69.97234365571049,207.88878590937534,284.52442000904387,0.6522777864510736,0.07088082781879286,0.10924702926424515,40.418330907821655
True,DNP,0.4,4,1.25,DNP_k0.40_s04.csv,319129.091799472,1524429.927060064,3485790758.41023,1.0,17.059951433305066,207.41507043989577,282.92476769569356,0.6627242051977977,0.07449038370387237,0.10648457048313371,36.0305700302124
True,DNP,0.4,4,1.4,DNP_k0.40_s04.csv,319129.091799472,1524429.927060064,5798672926.704845,1.0006802867888795,80.25426850641722,204.9308900894144,286.7758100360565,0.6666919039618365,0.06880497366298813,0.05805628811779685,34.39617681503296
True,DNP,0.4,4,1.55,DNP_k0.40_s04.csv,319129.091799472,1524429.927060064,9216531484.125504,1.0066393362514787,1.8940266889864796,200.54637919807655,290.2436523570061,0.6851275139256872,0.07124486483921291,0.1976888825776978,29.4764187335968
True,DNP,0.4,4,1.7,DNP_k0.40_s04.csv,319129.091799472,1524429.927060064,14132425740.454155,1.0,73.94759914789076,204.98141901922688,285.8625929981266,0.6856581075225964,0.0692171505902638,0.07046011659864336,27.546741008758545
True,DNP,0.4,4,1.8,DNP_k0.40_s04.csv,319129.091799472,1524429.927060064,18571276462.501762,1.0,70.23816139779984,209.5155687880845,280.6708909860683,0.6940754593567595,0.07316853058141276,0.16812905259755453,25.408100128173828
True,DNP,0.5,1,0.95,DNP_k0.50_s01.csv,262946.04533941,1951390.64349203,657339837.3523719,1.0,36.932555552208676,214.3589182569128,276.24590220769693,0.7529802020387595,0.0947277164967724,0.14065593991791472,48.521347999572754
True,DNP,0.5,1,1.1,DNP_k0.50_s01.csv,262946.04533941,1951390.64349203,1538748538.18693,1.0076759568351776,85.47449001381207,216.61139723169168,274.67779470676834,0.7672627845544788,0.09740633652491401,0.16609682332954168,42.870664834976196
True,DNP,0.5,1,1.25,DNP_k0.50_s01.csv,262946.04533941,1951390.64349203,3083795555.065837,1.0034393379018907,52.05742937291582,216.27260423626367,276.50901061594544,0.7680582529516021,0.09141668650977394,0.1324770541541987,38.733839988708496
True,DNP,0.5,1,1.4,DNP_k0.50_s01.csv,262946.04533941,1951390.64349203,5711746325.186654,1.0,70.11341664391473,215.28119176119455,273.7439404412704,0.7707117856282292,0.09688078392993432,0.12023649961816817,35.32868790626526
True,DNP,0.5,1,1.55,DNP_k0.50_s01.csv,262946.04533941,1951390.64349203,9764746091.731842,1.0,69.40581606182798,213.8453031538694,273.0576136468352,0.7713208587093503,0.09664908556610413,0.19705357337939025,31.028029918670654
True,DNP,0.5,1,1.7,DNP_k0.50_s01.csv,262946.04533941,1951390.64349203,15705723846.671732,1.0,72.31164856544808,195.86664296645867,279.62030482709054,0.7257304914875593,0.08773367789857564,0.09333633697907075,27.920528888702393
True,DNP,0.5,1,1.8,DNP_k0.50_s01.csv,262946.04533941,1951390.64349203,20425578510.370224,1.0,62.49417969895097,217.0246593687896,271.8524339662598,0.7894456158691835,0.09652482053753132,0.10704068995470939,26.220403909683228
True,DNP,0.5,2,0.95,DNP_k0.50_s02.csv,310575.59639956005,2333189.45023795,2447740936.1563725,1.0007586199476477,90.69668646875306,214.68116515367385,306.0661068292089,0.6107821273301736,0.06708720993167169,0.1102514104919892,47.954009771347046
True,DNP,0.5,2,1.1,DNP_k0.50_s02.csv,310575.59639956005,2333189.45023795,4201045938.2639585,1.0041157143920916,41.26779795501585,213.86066756908411,299.5883421228595,0.6155184552860801,0.07535672019602516,0.07002853298113436,43.41345405578613
True,DNP,0.5,2,1.25,DNP_k0.50_s02.csv,310575.59639956005,2333189.45023795,6727722366.698146,1.0,32.97064983717832,213.6488207628898,297.74774964506264,0.630773239996321,0.08026279618682028,0.16968138989894327,36.72131609916687
True,DNP,0.5,2,1.4,DNP_k0.50_s02.csv,310575.59639956005,2333189.45023795,10335888952.306892,1.0,27.965860648823273,214.01116845188824,297.5342478300232,0.6389187161705272,0.07918387791071829,0.1745002952871701,31.61613178253174
True,DNP,0.5,2,1.55,DNP_k0.50_s02.csv,310575.59639956005,2333189.45023795,15405791739.302427,1.0,49.18177714390741,215.9456251851311,296.35070745590184,0.6500009567484788,0.07889579662418837,0.15518789192170707,30.246522188186646
True,DNP,0.5,2,1.7,DNP_k0.50_s02.csv,310575.59639956005,2333189.45023795,22148987785.35565,1.0,55.07010797006054,217.00447601641298,295.881581019621,0.658943901465351,0.0775356622396134,0.1314126413345851,26.761610984802246
True,DNP,0.5,2,1.8,DNP_k0.50_s02.csv,310575.59639956005,2333189.45023795,27673709721.782013,1.0,56.730624104121695,216.47615105826702,294.126003103337,0.6648097305789927,0.08181479876500576,0.11342743186402067,24.650686979293823
True,DNP,0.5,3,0.95,DNP_k0.50_s03.csv,310575.59639956005,2618087.75013283,2187859821.1415796,1.0,29.80099089503165,206.98657019550515,308.73290977649253,0.5956227252086295,0.06008186017710391,0.1780519099354144,46.691144943237305
True,DNP,0.5,3,1.1,DNP_k0.50_s03.csv,310575.59639956005,2618087.75013283,3732498833.496855,1.0004607883202525,99.00473523760482,206.00744293097245,336.70619274748356,0.6103337433048155,0.045441400277100814,0.0741396062782497,37.746164321899414
True,DNP,0.5,3,1.25,DNP_k0.50_s03.csv,310575.59639956005,2618087.75013283,5988730152.859449,1.0000796174068525,91.57375451289866,195.65198509995665,340.134425134499,0.6138821211589126,0.04746283370245015,0.03510148026336586,36.64532113075256
True,DNP,0.5,3,1.4,DNP_k0.50_s03.csv,310575.59639956005,2618087.75013283,9225446768.112888,1.0,57.42060397263199,205.15132159772833,311.5460495130027,0.6268848391370356,0.05718281211905383,0.16077371953408492,34.06988024711609
True,DNP,0.5,3,1.55,DNP_k0.50_s03.csv,310575.59639956005,2618087.75013283,13894129567.156277,1.0,66.50012789277451,198.68464067836143,321.20775775230885,0.6268001617836407,0.051716260845281775,0.05553140890913506,31.791216135025024
True,DNP,0.5,3,1.7,DNP_k0.50_s03.csv,310575.59639956005,2618087.75013283,20276317976.85458,1.0,35.68569017515036,200.07736660024597,317.74676244347916,0.6382801790770622,0.05253060940744239,0.13229197230515777,28.457608222961426
True,DNP,0.5,3,1.8,DNP_k0.50_s03.csv,310575.59639956005,2618087.75013283,25634163393.018295,1.0,83.47967025430374,201.47002355937045,309.46894305725,0.640184514732115,0.056518105823658675,0.025165967071470327,25.229535341262817
True,DNP,0.5,4,0.95,DNP_k0.50_s04.csv,276025.89520564,2322211.22940763,1743351110.9459603,1.0006011900110587,92.89330347930675,211.01261925060254,306.4162430493159,0.6458833558841647,0.062188898824464024,0.12385165281042798,43.549604177474976
True,DNP,0.5,4,1.1,DNP_k0.50_s04.csv,276025.89520564,2322211.22940763,3002377623.1537375,1.0002736556298668,62.282796014431014,203.89123398661008,310.77376748466503,0.6526854588599212,0.06183926453611706,0.08743013811169652,41.07907819747925
True,DNP,0.5,4,1.25,DNP_k0.50_s04.csv,276025.89520564,2322211.22940763,4983148637.297486,1.0002893118063056,89.6415837870023,204.91836442841733,314.7468443733698,0.6771468336988042,0.06177176057814936,0.08116364065487372,33.88351798057556
True,DNP,0.5,4,1.4,DNP_k0.50_s04.csv,276025.89520564,2322211.22940763,7912821847.768222,1.0,33.23065186896849,197.20219598752132,312.9636663828437,0.6643464023059242,0.06177861344608424,0.03429493192203743,32.70502018928528
True,DNP,0.5,4,1.55,DNP_k0.50_s04.csv,276025.89520564,2322211.22940763,12150796805.592419,1.0,29.043317640886272,197.98596997160456,302.6198651680584,0.6666628152403721,0.06975450467000763,0.11926121761546044,31.748119831085205
True,DNP,0.5,4,1.7,DNP_k0.50_s04.csv,276025.89520564,2322211.22940763,18146058462.388912,1.0,93.15910234208229,195.67806164834826,304.4576574841171,0.6702650368832292,0.06652335023185899,0.11311842049755433,26.571843147277832
True,DNP,0.5,4,1.8,DNP_k0.50_s04.csv,276025.89520564,2322211.22940763,23338562850.63451,1.0,95.0047141902333,187.7484107158529,313.0567175149559,0.6666538651075783,0.0604684155669074,0.1419058643838953,24.60648202896118
True,DNP,0.6,1,0.95,DNP_k0.60_s01.csv,340814.69221838797,3413916.6428272086,1762529182.9108622,1.0024106796004209,46.82446080146898,208.22622514599342,356.91399905735943,0.6229415934589047,0.03893852678406895,0.08164710634568371,46.663098096847534
True,DNP,0.6,1,1.1,DNP_k0.60_s01.csv,340814.69221838797,3413916.6428272086,3031444774.8167815,1.0018821636554,88.47201763336281,203.62134742308245,346.26692419588636,0.6273619949264481,0.042534300439194754,0.10567909322112934,44.425071716308594
True,DNP,0.6,1,1.25,DNP_k0.60_s01.csv,340814.69221838797,3413916.6428272086,4999708523.164021,1.014758110593896,99.07687039607438,182.39285627311543,360.69573678568685,0.6102754618717029,0.040760271780786506,0.05989699999222081,38.73615622520447
True,DNP,0.6,1,1.4,DNP_k0.60_s01.csv,340814.69221838797,3413916.6428272086,7829336222.192413,1.0,40.068950059520326,184.45143901412965,338.12042642247593,0.6214655945563193,0.04547768593145118,0.08552325276811278,34.89057421684265
True,DNP,0.6,1,1.55,DNP_k0.60_s01.csv,340814.69221838797,3413916.6428272086,11840808541.336996,1.0,63.9903440668681,181.99818934808496,322.38991454224947,0.6231021261158121,0.04917095686994129,0.18053029579841584,34.48574185371399
True,DNP,0.6,1,1.7,DNP_k0.60_s01.csv,340814.69221838797,3413916.6428272086,17282232555.03938,1.0,77.86433193597647,178.901882240787,308.0812945820908,0.6305020343165549,0.052704384810641214,0.17507846282301637,32.7990300655365
True,DNP,0.6,1,1.8,DNP_k0.60_s01.csv,340814.69221838797,3413916.6428272086,21690713735.305813,1.0,55.40891635911004,186.90843980875962,299.94936835807437,0.6562331574200823,0.05620054544142477,0.1256868986770359,28.19343900680542
True,DNP,0.6,2,0.95,DNP_k0.60_s02.csv,403893.35821604804,4806778.711764805,3478215938.8957586,1.003346730876943,34.99880922934156,204.86779404233548,309.60555476307826,0.48374402560246077,0.04783722887395571,0.19605248445218437,48.93581008911133
True,DNP,0.6,2,1.1,DNP_k0.60_s02.csv,403893.35821604804,4806778.711764805,5230844678.613064,1.0,27.832949661114633,205.51917801143864,306.4404113349592,0.5019459144207128,0.050301453200908404,0.104249322311159,48.157843828201294
True,DNP,0.6,2,1.25,DNP_k0.60_s02.csv,403893.35821604804,4806778.711764805,7730062804.498903,1.0087390620662122,75.11401153015007,204.2906719974119,309.2022673876966,0.5065375334737805,0.047911364961991665,0.12255742330309208,39.94072413444519
True,DNP,0.6,2,1.4,DNP_k0.60_s02.csv,403893.35821604804,4806778.711764805,11041271534.412485,1.0,75.87100287593222,204.16001487357516,308.22259013306945,0.5146600882470815,0.047749867486133676,0.11505648428805962,36.15140199661255
True,DNP,0.6,2,1.55,DNP_k0.60_s02.csv,403893.35821604804,4806778.711764805,15646336090.268364,1.0,86.68662315629791,204.35762167342378,307.86143572262375,0.5251911351026775,0.04729741272571866,0.11039991213336953,33.91981506347656
True,DNP,0.6,2,1.7,DNP_k0.60_s02.csv,403893.35821604804,4806778.711764805,21649377682.34298,1.0,98.21222480338238,205.5349026199349,302.8759044675421,0.5426257975691899,0.05079256407222918,0.04419051985642868,31.959659099578857
True,DNP,0.6,2,1.8,DNP_k0.60_s02.csv,403893.35821604804,4806778.711764805,26778315629.477932,1.0,39.59620836921826,205.03744086640017,301.0313229417523,0.5461837270602032,0.05181102667597796,0.07788550181040046,32.453887939453125
True,DNP,0.6,3,0.95,DNP_k0.60_s03.csv,289354.630175248,3433730.544160788,2178926022.6816587,1.0052202086438973,57.789877193491414,203.76910671840486,307.7185360697596,0.58140110881498,0.050439969819357305,0.1624786290543488,43.34572505950928
True,DNP,0.6,3,1.1,DNP_k0.60_s03.csv,289354.630175248,3433730.544160788,3699407348.565074,1.0051013657867223,84.82017030232194,194.801203170549,323.80862894793256,0.5744130917989122,0.04428385322081579,0.03287336957799221,41.45682907104492
True,DNP,0.6,3,1.25,DNP_k0.60_s03.csv,289354.630175248,3433730.544160788,6108951255.998077,1.0,80.96678349249173,199.29964370013832,310.14397152370793,0.5922644732076094,0.04898423715225543,0.10009703447224128,36.29135513305664
True,DNP,0.6,3,1.4,DNP_k0.60_s03.csv,289354.630175248,3433730.544160788,9718705419.185581,1.0,27.299365695187777,189.5199847651161,316.0973652243133,0.5895387483427692,0.04839455784226893,0.11791346488154451,32.04148626327515
True,DNP,0.6,3,1.55,DNP_k0.60_s03.csv,289354.630175248,3433730.544160788,14837066044.827599,1.0037136911878861,83.37017049618981,180.9872704411657,327.9321752217874,0.5832167262614935,0.04355379626589387,0.12463473400384212,27.13339591026306
True,DNP,0.6,3,1.7,DNP_k0.60_s03.csv,289354.630175248,3433730.544160788,21399751694.158,1.0,36.96211409213618,194.06270854620203,313.4168445711972,0.6186071656196551,0.047294739743691014,0.0231906344094209,25.560888051986694
True,DNP,0.6,3,1.8,DNP_k0.60_s03.csv,289354.630175248,3433730.544160788,26948974661.609077,1.0,85.84199698968747,199.00187002927453,302.19479390235904,0.6274329690690218,0.05088969879768238,0.032174366023266246,25.140926837921143
True,DNP,0.6,4,0.95,DNP_k0.60_s04.csv,340814.69221838797,2855357.06623998,2493125593.6536555,1.0007587515274095,91.88324019294197,196.71682941260218,319.01574738195626,0.5852164537486463,0.04789553403369853,0.03190093464762918,43.32631993293762
True,DNP,0.6,4,1.1,DNP_k0.60_s04.csv,340814.69221838797,2855357.06623998,4354704363.182415,1.0026267910096234,11.163889681474435,208.32419987136285,317.34304089608975,0.6224304717149169,0.0460016976386802,0.17333697812785656,40.2908878326416
True,DNP,0.6,4,1.25,DNP_k0.60_s04.csv,340814.69221838797,2855357.06623998,7224934499.252125,1.0060922367199436,71.27430363704303,205.37436535906127,313.95032135432984,0.6281635084021325,0.04766974051120042,0.11796404559977594,40.36916923522949
True,DNP,0.6,4,1.4,DNP_k0.60_s04.csv,340814.69221838797,2855357.06623998,11397894518.063484,1.0,33.87365146846703,200.3291228091236,307.81903338827397,0.6231487166449377,0.04966876086437495,0.07919467521769535,34.42374396324158
True,DNP,0.6,4,1.55,DNP_k0.60_s04.csv,340814.69221838797,2855357.06623998,17118290566.12682,1.0,70.04074224947425,199.96782966879528,309.07015928669244,0.6324514618406466,0.04909969420983871,0.14255408441969084,32.10616087913513
True,DNP,0.6,4,1.7,DNP_k0.60_s04.csv,340814.69221838797,2855357.06623998,24832744479.51427,1.0,52.90210888465738,198.7023938586291,304.8948868787177,0.636147060603277,0.05045489462064004,0.09622638183720321,27.403402090072632
True,DNP,0.6,4,1.8,DNP_k0.60_s04.csv,340814.69221838797,2855357.06623998,31126745291.68055,1.0,11.64337213126196,196.09857522554205,311.1397236422562,0.6449444905728362,0.04815313792881939,0.11813884661010317,27.029412031173706
True,DNP,0.7,1,0.95,DNP_k0.70_s01.csv,379378.20534633606,4261784.812060902,4368432180.571881,1.0012004245780721,87.07880893918146,200.1763550994932,321.488026834606,0.42627272521030474,0.0392460289406351,0.042380200714798255,45.67815017700195
True,DNP,0.7,1,1.1,DNP_k0.70_s01.csv,379378.20534633606,4261784.812060902,6500552468.2446785,1.000841840600047,76.89269348018485,197.0711986470867,325.7486614910814,0.43144988093644443,0.03787608530092136,0.08266688151333558,38.44983506202698
True,DNP,0.7,1,1.25,DNP_k0.70_s01.csv,379378.20534633606,4261784.812060902,9281850456.944979,1.0,14.167749608388974,195.97677072858332,333.5248216132296,0.44654762141494486,0.03571457956324846,0.09812003085682004,39.05115985870361
True,DNP,0.7,1,1.4,DNP_k0.70_s01.csv,379378.20534633606,4261784.812060902,13098862434.52728,1.0,12.682262853685923,194.81895794120317,329.91604368030323,0.4593932237081003,0.0368402339030868,0.09628878094680403,36.5569281578064
True,DNP,0.7,1,1.55,DNP_k0.70_s01.csv,379378.20534633606,4261784.812060902,18053282979.980316,1.0,21.06895889419918,200.53720866069673,321.8101916124967,0.48625494910225586,0.03828201957328602,0.061247867637753875,31.340330839157104
True,DNP,0.7,1,1.7,DNP_k0.70_s01.csv,379378.20534633606,4261784.812060902,24697314214.437683,1.0,68.1441287733576,201.01061615035397,319.9963284692945,0.4966659110941123,0.037908630959421624,0.15007201036068396,31.963215112686157
True,DNP,0.7,1,1.8,DNP_k0.70_s01.csv,379378.20534633606,4261784.812060902,30160542884.72346,1.0,10.824830849262925,200.73616687934137,322.1790472517795,0.5091614203504163,0.03720999478974361,0.08413105972306739,33.325448989868164
True,DNP,0.7,2,0.95,DNP_k0.70_s02.csv,401982.39872222603,3211502.2495923643,1529422598.2744448,1.0109051814464838,28.304015223693806,218.45074078597074,314.68554038364374,0.6759285092660877,0.05880372045416366,0.050242644664647,46.204530000686646
True,DNP,0.7,2,1.1,DNP_k0.70_s02.csv,401982.39872222603,3211502.2495923643,2719222681.6455064,1.0,35.48118721862215,216.99398734746092,313.2782597031895,0.6857166600836168,0.06065221665491023,0.13972208512713857,45.81970977783203
True,DNP,0.7,2,1.25,DNP_k0.70_s02.csv,401982.39872222603,3211502.2495923643,4684669678.782741,1.0,98.29933676415348,217.150195424937,308.14117290960365,0.6960946803643575,0.06383011825882119,0.19528661923725446,40.315661907196045
True,DNP,0.7,2,1.4,DNP_k0.70_s02.csv,401982.39872222603,3211502.2495923643,7886124844.109494,1.0,60.38312838445002,214.6994138842103,306.44015342427457,0.695727212122707,0.06439526837255785,0.034908796764602304,32.261098861694336
True,DNP,0.7,2,1.55,DNP_k0.70_s02.csv,401982.39872222603,3211502.2495923643,12665754372.273474,1.0,96.43848722215179,212.11296939873796,304.2440115185191,0.6943190104656086,0.06524919953633063,0.07974711891895347,28.95441198348999
True,DNP,0.7,2,1.7,DNP_k0.70_s02.csv,401982.39872222603,3211502.2495923643,19321498705.69021,1.0,70.37952879256648,212.998941561877,300.19387185268835,0.6974520372462277,0.0660731999677785,0.10042370437470988,27.480483055114746
True,DNP,0.7,2,1.8,DNP_k0.70_s02.csv,401982.39872222603,3211502.2495923643,24933005735.699066,1.0,71.52615744315159,206.43960344831711,302.03069674514796,0.6814607059200167,0.06369413634173177,0.0176679751784021,24.090117931365967
True,DNP,0.7,3,0.95,DNP_k0.70_s03.csv,399688.547402746,3171512.259352794,1970975170.6154523,1.0006474953519795,54.30859618020316,242.07938521376474,271.1175051339802,0.6540455089073446,0.03109138502135267,0.00828770385440862,45.00258207321167
True,DNP,0.7,3,1.1,DNP_k0.70_s03.csv,399688.547402746,3171512.259352794,3409945578.076349,1.0,73.8673295310205,239.77133210656672,287.84466857880716,0.7012543685658166,0.035943491648342075,0.026050169499404294,40.15056300163269
True,DNP,0.7,3,1.25,DNP_k0.70_s03.csv,399688.547402746,3171512.259352794,5710635390.772763,1.0114152158100662,88.11282169460172,239.5666838309523,267.00400818835226,0.7110597629295824,0.037518766589786444,0.13360882521698994,40.220300912857056
True,DNP,0.7,3,1.4,DNP_k0.70_s03.csv,399688.547402746,3171512.259352794,9212111268.881472,1.0014443151927002,75.32584449016285,239.29035609656182,266.8475477130189,0.7163839722046067,0.03661576543749601,0.10816296409483162,34.7665319442749
True,DNP,0.7,3,1.55,DNP_k0.70_s03.csv,399688.547402746,3171512.259352794,14511794477.395231,1.0,29.521746159648526,240.85433000480884,261.059977703859,0.7432871236635876,0.04002783535877418,0.13910188721421185,29.34329390525818
True,DNP,0.7,3,1.7,DNP_k0.70_s03.csv,399688.547402746,3171512.259352794,21593071251.181526,1.0,5.203140731332727,219.7363718739831,279.6578842093639,0.7212729101713148,0.04322401910489715,0.01365344475526338,29.157799005508423
True,DNP,0.7,3,1.8,DNP_k0.70_s03.csv,399688.547402746,3171512.259352794,27861345317.370888,1.0,38.1023598110666,210.773308567416,294.38073084910644,0.7193176683685646,0.04250830252402068,0.13848582600305154,26.71533489227295
True,DNP,0.7,4,0.95,DNP_k0.70_s04.csv,446275.491424336,3628607.1087513524,5614829527.5235405,1.0,52.83161526674763,211.58286193677782,283.4708877924587,0.4719017176653007,0.05402352364427508,0.12689439281010828,43.743793964385986
True,DNP,0.7,4,1.1,DNP_k0.70_s04.csv,446275.491424336,3628607.1087513524,8170459145.118585,1.0085607132694163,69.51953182499678,208.3733702272192,292.59422354058506,0.5049087760472533,0.051016100568835,0.06613016223966157,38.74100708961487
True,DNP,0.7,4,1.25,DNP_k0.70_s04.csv,446275.491424336,3628607.1087513524,11796657091.474693,1.0187360679905333,29.487555264291906,208.25705062486247,293.73501085863006,0.5215565552377127,0.050856908661277456,0.011463876281494506,33.011500120162964
True,DNP,0.7,4,1.4,DNP_k0.70_s04.csv,446275.491424336,3628607.1087513524,16509039599.783243,1.0,33.88745074820875,211.00644053538434,290.86717326543453,0.5459558505057786,0.05283447776924503,0.04082164895475287,33.631632804870605
True,DNP,0.7,4,1.55,DNP_k0.70_s04.csv,446275.491424336,3628607.1087513524,22861155332.089382,1.0,72.75357614983932,211.99543282507565,289.3572506531727,0.5567060351106493,0.05300883094239714,0.06177310717612592,29.306194067001343
True,DNP,0.7,4,1.7,DNP_k0.70_s04.csv,446275.491424336,3628607.1087513524,31198196669.33554,1.0,74.02699731188105,212.6393777370106,288.14183862282925,0.5640577367727673,0.05261523751996437,0.03671989233399406,27.352900981903076
True,DNP,0.7,4,1.8,DNP_k0.70_s04.csv,446275.491424336,3628607.1087513524,37932067792.73403,1.0,58.20374815653178,212.63629469944541,287.58226415641064,0.5668865906277332,0.05212415317725216,0.11857533748190204,23.11682629585266
True,DNP,0.8,1,0.95,DNP_k0.80_s01.csv,338882.40273319354,4159287.806158656,3665881902.42659,1.0,39.0920734965515,206.01051292531932,290.0820196488678,0.5252322161679166,0.040742340600932146,0.03276689486999024,42.95739507675171
True,DNP,0.8,1,1.1,DNP_k0.80_s01.csv,338882.40273319354,4159287.806158656,5650404412.833055,1.0015088199448388,84.38253824170872,202.9260049805507,291.19677887965497,0.5490516012243781,0.04308769235866413,0.1399377479419015,36.40113115310669
True,DNP,0.8,1,1.25,DNP_k0.80_s01.csv,338882.40273319354,4159287.806158656,8586763533.001795,1.0,43.85192808774061,206.60417653430224,283.5158026902011,0.5514527229077358,0.04469748592188892,0.1533538953512492,34.50382208824158
True,DNP,0.8,1,1.4,DNP_k0.80_s01.csv,338882.40273319354,4159287.806158656,12851374001.782232,1.0,80.54833967459133,198.82969825957184,296.6645554374001,0.5566924383159817,0.038855951764393354,0.05255934967284648,34.352561950683594
True,DNP,0.8,1,1.55,DNP_k0.80_s01.csv,338882.40273319354,4159287.806158656,18779903076.71527,1.0,55.92078556724273,200.3528796224532,298.31180118096194,0.5761412713854708,0.037613255882258216,0.09793780490167517,28.607288122177124
True,DNP,0.8,1,1.7,DNP_k0.80_s01.csv,338882.40273319354,4159287.806158656,26694973556.811436,1.0005198952309025,58.241821279964086,196.81190374686187,318.2850911307145,0.6107373365597146,0.03497559493877696,0.03329021303081338,25.35926914215088
True,DNP,0.8,1,1.8,DNP_k0.80_s01.csv,338882.40273319354,4159287.806158656,32814750595.517937,1.0,55.86274516818765,195.97076683486588,309.00774567681907,0.5857150584913459,0.03332588260680391,0.08948122500731699,26.500946760177612
True,DNP,0.8,2,0.95,DNP_k0.80_s02.csv,435415.402893664,4731375.881864225,2411356532.3245325,1.0,98.16256846861806,232.78732740384055,309.988677060686,0.5595923724246341,0.02947075063010074,0.09160737115347783,50.17452812194824
True,DNP,0.8,2,1.1,DNP_k0.80_s02.csv,435415.402893664,4731375.881864225,3863502259.967838,1.0000926977640767,84.96432552556634,232.1460918827335,295.24972415260874,0.582365016637185,0.03226311530739874,0.07225220032140323,45.19958209991455
True,DNP,0.8,2,1.25,DNP_k0.80_s02.csv,435415.402893664,4731375.881864225,5878200291.539409,1.0,69.93720913180815,230.26138436598197,300.643395683928,0.5988116175149734,0.03279452087177208,0.059685907362021375,42.856374979019165
True,DNP,0.8,2,1.4,DNP_k0.80_s02.csv,435415.402893664,4731375.881864225,8948104035.350601,1.0012208637727036,58.16088228084713,223.3916034955049,295.875723416762,0.6081867443026016,0.03660800210658021,0.039937807673884766,40.00590896606445
True,DNP,0.8,2,1.55,DNP_k0.80_s02.csv,435415.402893664,4731375.881864225,13135293545.569847,1.0,46.262301365633334,227.36540487639772,288.28989316228103,0.634332754563611,0.037193260519814836,0.12021912279221324,34.81015992164612
True,DNP,0.8,2,1.7,DNP_k0.80_s02.csv,435415.402893664,4731375.881864225,19141281443.30624,1.0,46.60555176208235,230.90211779354604,281.92973738252186,0.650541573037014,0.03891669695005996,0.0121987629427254,33.99222707748413
True,DNP,0.8,2,1.8,DNP_k0.80_s02.csv,435415.402893664,4731375.881864225,24337324181.08387,1.0,60.77886988689877,231.81034991924682,274.8908404105461,0.6653440924977152,0.039866501863016386,0.1797353194397103,33.256657123565674
True,DNP,0.8,3,0.95,DNP_k0.80_s03.csv,488657.62463262404,6710354.534611089,7306028738.136384,1.0029185651526902,65.79115559466435,203.27464683213663,305.0908552757432,0.33953266175954117,0.03542164868789553,0.09889353520975193,43.3814058303833
True,DNP,0.8,3,1.1,DNP_k0.80_s03.csv,488657.62463262404,6710354.534611089,10353151031.53094,1.0,50.87281664704927,204.72476839761137,300.20614791424373,0.3554377380428075,0.03659739918443911,0.13115459363730864,42.64544200897217
True,DNP,0.8,3,1.25,DNP_k0.80_s03.csv,488657.62463262404,6710354.534611089,14351200225.747452,1.0,43.30089112948373,202.78040668388894,296.37959018912056,0.3723521651051021,0.03975550225385292,0.1099185960664964,36.515005350112915
True,DNP,0.8,3,1.4,DNP_k0.80_s03.csv,488657.62463262404,6710354.534611089,19380124960.989655,1.0,73.19911486072964,205.10445443121938,294.19082193653287,0.40676631618409326,0.04183112770501502,0.16308815485048847,34.11733031272888
True,DNP,0.8,3,1.55,DNP_k0.80_s03.csv,488657.62463262404,6710354.534611089,25623338743.868767,1.0,79.94011648953081,202.99810778256224,293.71921093613497,0.4174134204226845,0.04297218946655645,0.013429489574632941,33.524882793426514
True,DNP,0.8,3,1.7,DNP_k0.80_s03.csv,488657.62463262404,6710354.534611089,33477724464.496975,1.0,69.20847534754334,201.75779680613724,294.5563806095031,0.41995513615183055,0.04172535350912558,0.13300274114303756,34.1851761341095
True,DNP,0.8,3,1.8,DNP_k0.80_s03.csv,488657.62463262404,6710354.534611089,39684544471.06026,1.0,87.31070076956777,202.74797477920924,293.39119927841784,0.4262972957366397,0.04135374281298734,0.07969324556368224,30.8519070148468
True,DNP,0.8,4,0.95,DNP_k0.80_s04.csv,488657.62463262404,5826930.839644912,8961744548.352747,1.0083991060762512,86.18748966609526,208.66094260150567,312.0775728702455,0.3024276243899147,0.03835974493919667,0.15981179032481563,42.8191978931427
True,DNP,0.8,4,1.1,DNP_k0.80_s04.csv,488657.62463262404,5826930.839644912,12116617764.45152,1.0005395072297072,78.62135463488588,213.4230794059974,309.86377012084586,0.32598642846162734,0.037430158675624124,0.16927410243444707,40.460328102111816
True,DNP,0.8,4,1.25,DNP_k0.80_s04.csv,488657.62463262404,5826930.839644912,15993599696.3402,1.0,96.68660029423144,213.94178514665708,305.42907464761845,0.3395368829816623,0.039396737554652214,0.00037126033447240636,41.50392293930054
True,DNP,0.8,4,1.4,DNP_k0.80_s04.csv,488657.62463262404,5826930.839644912,21066100483.673393,1.0,99.45405168887035,215.07060029842648,301.8342087479673,0.3580677219961457,0.04142984677452144,0.13835793201581004,39.85768675804138
True,DNP,0.8,4,1.55,DNP_k0.80_s04.csv,488657.62463262404,5826930.839644912,27428145154.22429,1.0,89.161932721223,214.29120549466785,304.3993879843257,0.36583596245644256,0.03914393408564326,0.12590694669002614,34.80569911003113
True,DNP,0.8,4,1.7,DNP_k0.80_s04.csv,488657.62463262404,5826930.839644912,34989288811.430595,1.0,80.84891010559188,215.58970678145792,298.93326704464505,0.3864084288226805,0.04261335976871746,0.06324264939690369,36.98351788520813
True,DNP,0.8,4,1.8,DNP_k0.80_s04.csv,488657.62463262404,5826930.839644912,40811099932.9668,1.0,95.35435051508857,215.3171838258695,297.4519500123343,0.3901091459770643,0.04334997254424157,0.0619671725961972,36.7542290687561
True,DNP,0.9,1,0.95,DNP_k0.90_s01.csv,367114.03704728204,5977521.313975855,1541853592.6545858,1.0015998378862636,87.208641536867,226.5567496238496,281.53490822158574,0.5936319034652439,0.041285276878414386,0.07660819844489453,57.266114711761475
True,DNP,0.9,1,1.1,DNP_k0.90_s01.csv,367114.03704728204,5977521.313975855,2620127027.3324585,1.0006207906075544,26.033129503700895,225.45083963526713,281.28272609489386,0.602515005170725,0.04204355223934497,0.13985476762339058,52.958293199539185
True,DNP,0.9,1,1.25,DNP_k0.90_s01.csv,367114.03704728204,5977521.313975855,4407103839.975389,1.0,56.411911705427784,224.6899402911882,280.55866944273873,0.6091580318235478,0.0422807889042427,0.0390308147836225,51.959808111190796
True,DNP,0.9,1,1.4,DNP_k0.90_s01.csv,367114.03704728204,5977521.313975855,7206628863.687029,1.0,7.502546359115407,218.41568636283836,288.1325480615777,0.5936234360090834,0.039819210824197274,0.09870539608636691,40.514092206954956
True,DNP,0.9,1,1.55,DNP_k0.90_s01.csv,367114.03704728204,5977521.313975855,11025821025.192194,1.0,90.02835924690737,217.86181171276135,282.61747756544514,0.6066799560731382,0.04294867151814489,0.0341759771971043,38.12389016151428
True,DNP,0.9,1,1.7,DNP_k0.90_s01.csv,367114.03704728204,5977521.313975855,16271395043.430515,1.0002349071838985,1.8127173817681168,226.04328640285092,275.3581175705416,0.6251874248940003,0.03991749223881816,0.05190196959481829,32.89506006240845
True,DNP,0.9,1,1.8,DNP_k0.90_s01.csv,367114.03704728204,5977521.313975855,20520504345.623,1.0,10.557895360880709,222.55959636699325,280.30055474803794,0.6298765109969124,0.04053542375411442,0.1573984266940897,34.47352695465088
True,DNP,0.9,2,0.95,DNP_k0.90_s02.csv,471142.258384582,6921579.692395747,8376047664.475916,1.0149784618794349,29.608401858895377,223.64257260613772,318.60690389481175,0.21721298063703265,0.023001882828282066,0.054480626967502735,42.75895881652832
True,DNP,0.9,2,1.1,DNP_k0.90_s02.csv,471142.258384582,6921579.692395747,12038561069.72058,1.0178976645550453,25.89737704548698,223.49277106763446,323.10027513631695,0.23118883038414428,0.022442063250883444,0.168549390208788,40.70835494995117
True,DNP,0.9,2,1.25,DNP_k0.90_s02.csv,471142.258384582,6921579.692395747,16393135018.719324,1.0063890299608074,22.80238177138968,227.1603814936318,311.9577314884302,0.2535368530301357,0.02297449047273152,0.19148622153933156,36.29523491859436
True,DNP,0.9,2,1.4,DNP_k0.90_s02.csv,471142.258384582,6921579.692395747,21869153729.856293,1.0,38.39086817275915,220.90553215097074,321.8863200883474,0.25308914514767206,0.022573653685845733,0.12390051638553834,32.06237316131592
True,DNP,0.9,2,1.55,DNP_k0.90_s02.csv,471142.258384582,6921579.692395747,28242962373.07229,1.0,52.80156439457235,224.00015807882204,308.65863760524974,0.29285789847920535,0.024792849376070646,0.019241802623722132,34.34585785865784
True,DNP,0.9,2,1.7,DNP_k0.90_s02.csv,471142.258384582,6921579.692395747,35706044960.618416,1.0020411079207274,4.543290705002539,224.86394795983693,310.2615651291372,0.2984875360366193,0.023543291836683067,0.1019564712698292,35.42023992538452
True,DNP,0.9,2,1.8,DNP_k0.90_s02.csv,471142.258384582,6921579.692395747,41865036350.81657,1.0,15.64548142595621,224.7748974129424,301.8372094942429,0.3285496906953127,0.02636413177136385,0.03620245524844949,35.85218000411987
True,DNP,0.9,3,0.95,DNP_k0.90_s03.csv,436421.75884442206,7144457.104496863,5648208278.133329,1.0065869386840811,84.3792262175614,219.67818372352696,305.7933911814532,0.35220101388359926,0.037986391327910325,0.07364072135880673,50.133477210998535
True,DNP,0.9,3,1.1,DNP_k0.90_s03.csv,436421.75884442206,7144457.104496863,8371588795.461065,1.003704026179927,46.81004115748293,218.59761100411123,306.23621781180293,0.3731825490789424,0.039188692092736475,0.0858170223572443,43.34323310852051
True,DNP,0.9,3,1.25,DNP_k0.90_s03.csv,436421.75884442206,7144457.104496863,11590320534.050953,1.0,91.25705309444231,220.34450843093362,306.0963008070679,0.37063835960658315,0.03631982845302223,0.16417871931347108,39.409388065338135
True,DNP,0.9,3,1.4,DNP_k0.90_s03.csv,436421.75884442206,7144457.104496863,16035579052.29934,1.0,68.23100474804653,219.19899015015142,307.0916627982719,0.3899512840798539,0.036993925701423604,0.0449219324562553,39.61971831321716
True,DNP,0.9,3,1.55,DNP_k0.90_s03.csv,436421.75884442206,7144457.104496863,21699659376.757122,1.0,87.52120098586344,219.01071334644558,310.2904915607249,0.39613349581760066,0.034794721570758365,0.16314050270783867,34.58048701286316
True,DNP,0.9,3,1.7,DNP_k0.90_s03.csv,436421.75884442206,7144457.104496863,28858630552.79735,1.0,8.37699813463311,219.5631128527531,304.89944864655536,0.407710348867901,0.03643678428177836,0.08374444097694025,34.86595797538757
True,DNP,0.9,3,1.8,DNP_k0.90_s03.csv,436421.75884442206,7144457.104496863,34641610522.760864,1.0,67.28502139340254,218.12910797940614,307.65369845402495,0.415652712993978,0.035722057862941414,0.13013428901525836,34.28359603881836
True,DNP,0.9,4,0.95,DNP_k0.90_s04.csv,445028.9614549121,5613989.108773536,4565444852.643415,1.0024409706243567,99.46896220315465,195.38475254581422,317.8036693106848,0.4197067508955919,0.025811611316749878,0.007922201808281418,47.940545082092285
True,DNP,0.9,4,1.1,DNP_k0.90_s04.csv,445028.9614549121,5613989.108773536,6757369401.352976,1.004575958308672,92.46987143740513,200.13939248360077,309.23530776893216,0.437007788448861,0.025253963003602633,0.08613515381739072,43.297755002975464
True,DNP,0.9,4,1.25,DNP_k0.90_s04.csv,445028.9614549121,5613989.108773536,9683443027.489117,1.0,99.90764647063816,197.1890715927608,318.6087659912726,0.46290376556878066,0.025430037962068393,0.10646990475631575,38.550926208496094
True,DNP,0.9,4,1.4,DNP_k0.90_s04.csv,445028.9614549121,5613989.108773536,13931540826.700329,1.0,29.22751297627983,197.92268020079604,310.6216426368795,0.4722655828985536,0.025677395879047177,0.08585418466047293,36.426255226135254
True,DNP,0.9,4,1.55,DNP_k0.90_s04.csv,445028.9614549121,5613989.108773536,19396926508.704987,1.0,39.69472738912439,197.76075704376103,308.90810248477896,0.4963681799012207,0.026708341636873155,0.04645799638732881,38.08433294296265
True,DNP,0.9,4,1.7,DNP_k0.90_s04.csv,445028.9614549121,5613989.108773536,26576826646.86978,1.0,76.40958744009889,198.35944302313834,301.73557868531293,0.494617600764287,0.025880202072623232,0.034701915442621925,32.558897972106934
True,DNP,0.9,4,1.8,DNP_k0.90_s04.csv,445028.9614549121,5613989.108773536,32611955490.28138,1.0,37.786536575184506,196.69044356994493,300.44055269422137,0.5046705413339859,0.02573364869777829,0.08935981640874435,31.980061054229736
True,DNP,1.0,1,0.95,DNP_k1.00_s01.csv,406551.0921814,6965836.854935501,2066239703.082902,1.0081490064392522,84.6578193666052,223.12273853372128,280.63006655307385,0.5339902958392369,0.03957771106842466,0.036032440591858325,62.33916711807251
True,DNP,1.0,1,1.1,DNP_k1.00_s01.csv,406551.0921814,6965836.854935501,3317914367.0169363,1.0068156114974334,91.23533512250297,224.71474655479759,279.9004601259063,0.540195857406356,0.037867372066275495,0.07255929442189185,53.34298491477966
True,DNP,1.0,1,1.25,DNP_k1.00_s01.csv,406551.0921814,6965836.854935501,5214360328.043333,1.0009524468085627,25.832329564849946,226.11569851514992,277.7971188183711,0.5497796006347008,0.03722389231091841,0.092348497265205,49.722135066986084
True,DNP,1.0,1,1.4,DNP_k1.00_s01.csv,406551.0921814,6965836.854935501,8043855239.179249,1.0,88.24869414953486,218.67175580555212,280.2974971306716,0.5403358738914533,0.039051017790529774,0.05803191870669279,43.62749910354614
True,DNP,1.0,1,1.55,DNP_k1.00_s01.csv,406551.0921814,6965836.854935501,12187818867.56074,1.0,75.41007149886241,219.4732466830444,280.6770735068863,0.5494080645302742,0.03778073805357322,0.11177079004505366,38.141494035720825
True,DNP,1.0,1,1.7,DNP_k1.00_s01.csv,406551.0921814,6965836.854935501,17750585659.149517,1.0017965435982026,62.59113431442601,223.43463240585916,277.2618307781497,0.5645806464607594,0.036397933107900245,0.11124500027483997,35.40426707267761
True,DNP,1.0,1,1.8,DNP_k1.00_s01.csv,406551.0921814,6965836.854935501,22194640013.698093,1.0,60.6506022782378,222.03894958890513,276.2115098423317,0.5769132612351928,0.03889311358536576,0.08392028791221356,32.8915581703186
True,DNP,1.0,2,0.95,DNP_k1.00_s02.csv,477854.3395092,5802359.1380455,5912478554.68211,1.0,38.61726544779961,210.37889319912878,305.4619203951398,0.38544943571540724,0.037382520902319076,0.04078351622883625,48.8606698513031
True,DNP,1.0,2,1.1,DNP_k1.00_s02.csv,477854.3395092,5802359.1380455,8789509602.122843,1.0,56.039185832387005,209.8281540429754,302.278984538943,0.3988510292764567,0.03774188253979582,0.0487208430041616,44.379175901412964
True,DNP,1.0,2,1.25,DNP_k1.00_s02.csv,477854.3395092,5802359.1380455,12431246463.075817,1.0,22.811120903668133,208.857640219867,307.5819609700962,0.40513157695953267,0.03533197423319257,0.09252990599540399,38.11668920516968
True,DNP,1.0,2,1.4,DNP_k1.00_s02.csv,477854.3395092,5802359.1380455,17261557066.09557,1.0,19.091934564559608,209.21146736493526,300.70449768070876,0.43439272358856146,0.03668729823320395,0.01336366626587325,35.05543613433838
True,DNP,1.0,2,1.55,DNP_k1.00_s02.csv,477854.3395092,5802359.1380455,23588918715.76444,1.0,71.8448701967187,208.6426963327303,300.69104924214736,0.4409829218421188,0.036692270664078014,0.13351026445103897,34.34306001663208
True,DNP,1.0,2,1.7,DNP_k1.00_s02.csv,477854.3395092,5802359.1380455,31676375316.89164,1.0,63.527222536776804,207.02131755714947,307.990407915147,0.4388839892522508,0.03342601263537357,0.061665640557867496,30.831634998321533
True,DNP,1.0,2,1.8,DNP_k1.00_s02.csv,477854.3395092,5802359.1380455,38231629520.31496,1.0,11.067148023064004,205.10840541082231,310.27442994626165,0.43697199790787855,0.03284814939121621,0.008575501095931998,32.975772857666016
True,DNP,1.0,3,0.95,DNP_k1.00_s03.csv,425799.85530870006,7269134.9451944,6793006890.084398,1.0094204762516652,92.18397786406693,219.66672942456253,323.21007071066117,0.3024186370200114,0.02865237252251411,0.05090813621623336,46.361002922058105
True,DNP,1.0,3,1.1,DNP_k1.00_s03.csv,425799.85530870006,7269134.9451944,9750255754.200897,1.000119121430163,91.1427043869186,215.41650367200583,312.3215729992883,0.3246175174085333,0.034079689079859185,0.009148779434374962,40.95337891578674
True,DNP,1.0,3,1.25,DNP_k1.00_s03.csv,425799.85530870006,7269134.9451944,13318210790.101414,1.0,90.34016031101116,220.04677180281038,316.30872769372166,0.3327213990378059,0.02989905960198627,0.09690170632180298,39.643556118011475
True,DNP,1.0,3,1.4,DNP_k1.00_s03.csv,425799.85530870006,7269134.9451944,18026052632.47227,1.0,81.42661682998497,220.00045620186913,310.62613609415297,0.3518344396466677,0.031853529304331066,0.1780543137473391,39.16946721076965
True,DNP,1.0,3,1.55,DNP_k1.00_s03.csv,425799.85530870006,7269134.9451944,23897507706.46077,1.0,98.28909686046232,217.91608135611608,313.21866786249956,0.3552229062285943,0.030866245243952678,0.025457573413270262,35.1379599571228
True,DNP,1.0,3,1.7,DNP_k1.00_s03.csv,425799.85530870006,7269134.9451944,31541516847.94184,1.0,34.06665130937138,217.22838183249794,309.0284526543334,0.37212865137412615,0.03272240709973865,0.09674355874576013,32.82349634170532
True,DNP,1.0,3,1.8,DNP_k1.00_s03.csv,425799.85530870006,7269134.9451944,37475148547.49037,1.0,66.42045910142441,218.55490981791326,307.71830731726305,0.3747901482497881,0.03165858656266621,0.08725774181927276,35.874765157699585
True,DNP,1.0,4,0.95,DNP_k1.00_s04.csv,573421.8910492,6322219.9209169,9086759719.60223,1.0,76.40618528377185,208.33181931437437,282.5686101344793,0.28464714119868634,0.04069379268934177,0.09497213726698749,42.46673774719238
True,DNP,1.0,4,1.1,DNP_k1.00_s04.csv,573421.8910492,6322219.9209169,12430817058.515028,1.0,100.0,210.73398631502758,281.33676609347486,0.2952867012236276,0.03930739952243404,0.04178133632480927,42.224422216415405
True,DNP,1.0,4,1.25,DNP_k1.00_s04.csv,573421.8910492,6322219.9209169,16739620145.547768,1.0,73.89594246210258,208.29674807066357,284.0238885169258,0.3188300587335237,0.040116931657279344,0.17222540838398825,40.322453022003174
True,DNP,1.0,4,1.4,DNP_k1.00_s04.csv,573421.8910492,6322219.9209169,21929030030.549786,1.0,91.78969122148443,207.6706837414087,286.5708030641884,0.3464710584905752,0.04033399337004953,0.07392329357353787,39.22705793380737
True,DNP,1.0,4,1.55,DNP_k1.00_s04.csv,573421.8910492,6322219.9209169,28155032503.669617,1.0,84.58308867055554,209.19210211654257,284.26863783298177,0.37101056100420415,0.041772027243463045,0.0984205873889909,34.852503061294556
True,DNP,1.0,4,1.7,DNP_k1.00_s04.csv,573421.8910492,6322219.9209169,35817098721.91163,1.0,74.78144996936223,208.9340471223974,285.6688086015183,0.3812768648888567,0.040569189432457124,0.07149075578005064,34.974679708480835
True,DNP,1.0,4,1.8,DNP_k1.00_s04.csv,573421.8910492,6322219.9209169,41852335781.8689,1.0,68.76002370149511,209.60223320151687,283.9609523797678,0.38855341575101027,0.04090082040081065,0.00258540143609344,36.241058111190796
True,DNP,1.15,1,0.95,DNP_k1.15_s01.csv,636995.090861632,9318112.955132363,13341564239.326262,1.0018482757119804,68.17167223552569,218.18423286214374,289.5855533664169,0.2190871788780427,0.03878145035482765,0.0929702953399024,38.709511041641235
True,DNP,1.15,1,1.1,DNP_k1.15_s01.csv,636995.090861632,9318112.955132363,17513998340.77665,1.0,59.07897375709983,217.96431223300334,290.56634755968105,0.22807073043266032,0.03774348010475567,0.08254358222252585,35.10673403739929
True,DNP,1.15,1,1.25,DNP_k1.15_s01.csv,636995.090861632,9318112.955132363,22702293501.28991,1.0,87.66638360840213,218.86587250372403,290.5426963666234,0.23320113329002704,0.03628036374724552,0.161336213089385,35.40584397315979
True,DNP,1.15,1,1.4,DNP_k1.15_s01.csv,636995.090861632,9318112.955132363,29078893002.723656,1.0,99.4694572268833,220.1365556487249,288.625135445991,0.2486626605915981,0.03642692599322917,0.11462433722575804,37.96627497673035
True,DNP,1.15,1,1.55,DNP_k1.15_s01.csv,636995.090861632,9318112.955132363,36989793863.1482,1.0,54.87264598799671,220.8661623134617,288.05012958513174,0.26900231075593206,0.036735983623991185,0.08262397266373915,33.21994996070862
True,DNP,1.15,1,1.7,DNP_k1.15_s01.csv,636995.090861632,9318112.955132363,46130534967.96324,1.0,98.23703958933781,220.63536054035606,286.0198445968,0.27359690553721466,0.037360628098097586,0.06316137431553154,36.127647161483765
True,DNP,1.15,1,1.8,DNP_k1.15_s01.csv,636995.090861632,9318112.955132363,53114698561.97346,1.0,94.05860134411502,220.74703386750897,286.0580680280031,0.2860883468011045,0.037120118856727606,0.07963707277466514,32.52981901168823
True,DNP,1.15,2,0.95,DNP_k1.15_s02.csv,527092.406590632,7962425.258058638,6202401844.934218,1.0011540689159624,72.9491029270024,218.9041465551759,304.858190888596,0.32801557058672887,0.027302169588525948,0.12374340158434971,46.09001970291138
True,DNP,1.15,2,1.1,DNP_k1.15_s02.csv,527092.406590632,7962425.258058638,9088879977.67348,1.0,73.84928116464106,217.23989017954906,296.4935738566581,0.3506995138367593,0.03093465322315322,0.07297242593651487,39.46975922584534
True,DNP,1.15,2,1.25,DNP_k1.15_s02.csv,527092.406590632,7962425.258058638,12903362879.111708,1.0,37.68544252094348,218.99996741712334,302.9076474489667,0.36684778636878945,0.028160400724410527,0.15321153183100988,41.06308698654175
True,DNP,1.15,2,1.4,DNP_k1.15_s02.csv,527092.406590632,7962425.258058638,17642223336.97626,1.0,72.20920689843217,220.3261587742123,300.8662315477731,0.3785154580132823,0.02739841431237703,0.09035361957972361,39.32275605201721
True,DNP,1.15,2,1.55,DNP_k1.15_s02.csv,527092.406590632,7962425.258058638,23678227909.275734,1.0,47.73548449898407,218.65091601467108,300.58890542939326,0.3996782720578605,0.02859030115234127,0.11338763352917472,37.07849717140198
True,DNP,1.15,2,1.7,DNP_k1.15_s02.csv,527092.406590632,7962425.258058638,31191720775.909176,1.0,62.78228847684491,217.39569527797136,307.33307443525575,0.40958793982306996,0.027230882031919524,0.0,35.474899768829346
True,DNP,1.15,2,1.8,DNP_k1.15_s02.csv,527092.406590632,7962425.258058638,37162806429.039795,1.0,76.41294381578946,219.6363444993474,299.05299707381295,0.4140247251514325,0.02739930864436921,0.009129468726708181,35.212539196014404
True,DNP,1.15,3,0.95,DNP_k1.15_s03.csv,519843.1450627721,8611883.03182254,6088585598.978478,1.0,99.99999958827408,215.33309770241016,279.4127348805503,0.2894068754871642,0.023897170038595084,0.11898341208155888,50.90518808364868
True,DNP,1.15,3,1.1,DNP_k1.15_s03.csv,519843.1450627721,8611883.03182254,9110286652.666489,1.0027207204560311,87.371363949479,216.4241842066779,269.6924475019923,0.3148793659970249,0.02788342197584527,0.16512437413871153,45.75973701477051
True,DNP,1.15,3,1.25,DNP_k1.15_s03.csv,519843.1450627721,8611883.03182254,12736798341.418411,1.0,75.52238250062375,214.7487534632829,270.87508068652363,0.3491820026107337,0.03108014480698702,0.06325915965294862,42.36177396774292
True,DNP,1.15,3,1.4,DNP_k1.15_s03.csv,519843.1450627721,8611883.03182254,17383836723.204857,1.0,60.82244045033915,212.10779539293677,278.81041641134055,0.39457120490131364,0.03293896154552187,0.04338761615674003,40.31643009185791
True,DNP,1.15,3,1.55,DNP_k1.15_s03.csv,519843.1450627721,8611883.03182254,23288019589.921432,1.0,29.395603769744124,212.46349030008594,276.9588115350005,0.4131446676452183,0.03452750124701799,0.03380577335549832,38.246936082839966
True,DNP,1.15,3,1.7,DNP_k1.15_s03.csv,519843.1450627721,8611883.03182254,30536433172.425827,1.0,16.53885268994206,212.60890633771487,280.7438096556172,0.42389461290772223,0.03188222055666121,0.1354965879269665,36.79610872268677
True,DNP,1.15,3,1.8,DNP_k1.15_s03.csv,519843.1450627721,8611883.03182254,36152338668.01162,1.0,86.39165552644131,213.65932600421309,283.18089158161644,0.42016358460921566,0.0283323025983744,0.10931429900995274,36.580095052719116
True,DNP,1.15,4,0.95,DNP_k1.15_s04.csv,481263.49819149706,10171378.069475768,7425215840.50835,1.0078167696930882,90.03223469400244,224.9170506599823,318.82166090308925,0.330301444045783,0.030527479440932932,0.1930053317311501,45.92336583137512
True,DNP,1.15,4,1.1,DNP_k1.15_s04.csv,481263.49819149706,10171378.069475768,10484400934.834944,1.0,79.25083829085747,221.14524256243217,323.5154662464575,0.3541737357249098,0.031126074933354543,0.04473453890341749,38.227778911590576
True,DNP,1.15,4,1.25,DNP_k1.15_s04.csv,481263.49819149706,10171378.069475768,14453280759.065363,1.0,94.64372308783477,224.20489232702164,318.12590784006426,0.36778715051300875,0.03080849828439078,0.058376134013079055,38.44658899307251
True,DNP,1.15,4,1.4,DNP_k1.15_s04.csv,481263.49819149706,10171378.069475768,19296228021.122555,1.0,83.86644803241748,223.24072488375612,320.09297329734824,0.3868996984964848,0.03099016203453363,0.02343630030799948,38.247304916381836
True,DNP,1.15,4,1.55,DNP_k1.15_s04.csv,481263.49819149706,10171378.069475768,25294559918.919426,1.0,16.822297103057785,222.84979545660983,316.94247535495407,0.40227575606809707,0.03158296731289007,0.09486515731697796,39.09016013145447
True,DNP,1.15,4,1.7,DNP_k1.15_s04.csv,481263.49819149706,10171378.069475768,32935405101.63102,1.0,53.86026847774297,218.8369954629606,316.6346876318585,0.3937155136345832,0.03144434110402215,0.09476375288586354,34.421133041381836
True,DNP,1.15,4,1.8,DNP_k1.15_s04.csv,481263.49819149706,10171378.069475768,38704631303.69332,1.0,12.290661384710694,219.9936397146646,319.0230863752736,0.4040590905034552,0.03004187832014292,0.029567957171082987,35.359511613845825
True,DNP,1.3,1,0.95,DNP_k1.30_s01.csv,700568.290674064,11729717.78206885,16353876669.718922,1.0,68.25880549632403,208.4329424950192,297.38012044275143,0.0,0.028868296993987443,0.19684279892623138,47.06009888648987
True,DNP,1.3,1,1.1,DNP_k1.30_s01.csv,700568.290674064,11729717.78206885,21570400622.165504,1.0,63.32448897680424,208.3144011074252,297.3815303585265,0.0,0.028067355374268244,0.1999765214520674,44.90062999725342
True,DNP,1.3,1,1.25,DNP_k1.30_s01.csv,700568.290674064,11729717.78206885,28260812673.904823,1.0,66.8986484567785,208.88548669836828,294.2999185241408,0.0,0.02810743903732792,0.2,37.47548961639404
True,DNP,1.3,1,1.4,DNP_k1.30_s01.csv,700568.290674064,11729717.78206885,36416914089.96844,1.0,57.77647951748909,207.21287818510189,296.0249229426374,0.0,0.027310806155956,0.2,38.61531615257263
True,DNP,1.3,1,1.55,DNP_k1.30_s01.csv,700568.290674064,11729717.78206885,46127806657.15348,1.0,53.49834317732242,207.34495251610772,294.0548458373346,0.0,0.0271348888901338,0.2,40.39344382286072
True,DNP,1.3,1,1.7,DNP_k1.30_s01.csv,700568.290674064,11729717.78206885,56150494348.11209,1.0,39.81072570802953,215.00510966523058,283.99283704304554,0.200983727006995,0.03477468842921787,0.059689035847946104,29.45709991455078
True,DNP,1.3,1,1.8,DNP_k1.30_s01.csv,700568.290674064,11729717.78206885,62836846497.84671,1.0,30.0337454310379,214.000000084464,279.7341946474323,0.24700519433127563,0.034581666428272255,0.11159412989599118,28.953398942947388
True,DNP,1.3,2,0.95,DNP_k1.30_s02.csv,503433.9774102692,8428109.757944962,4228927434.767331,1.0,98.71400508647898,210.89869154474948,303.741878187993,0.43442029690247475,0.034394138811905194,0.17006689650323298,45.879087686538696
True,DNP,1.3,2,1.1,DNP_k1.30_s02.csv,503433.9774102692,8428109.757944962,6533156293.655518,1.0049323974597575,83.62147228055765,210.17596489402948,293.7457948258301,0.46259694348477376,0.04010635177297073,0.1473423598576378,40.38135075569153
True,DNP,1.3,2,1.25,DNP_k1.30_s02.csv,503433.9774102692,8428109.757944962,9616798913.446674,1.0,45.06363890847838,211.62732389354684,293.19840573896624,0.47052278623369753,0.03869982046758713,0.13600438672408638,36.968092918395996
True,DNP,1.3,2,1.4,DNP_k1.30_s02.csv,503433.9774102692,8428109.757944962,13780964403.87858,1.0,27.874360689953452,211.17303265917786,292.02311183089296,0.476287788477333,0.03861582487923014,0.13073266187386076,34.55812621116638
True,DNP,1.3,2,1.55,DNP_k1.30_s02.csv,503433.9774102692,8428109.757944962,19434448053.48637,1.0,91.7545832452063,212.2030157312869,292.36804886648923,0.47948155826023275,0.03642069883259193,0.10238566671654466,32.58553409576416
True,DNP,1.3,2,1.7,DNP_k1.30_s02.csv,503433.9774102692,8428109.757944962,26949266024.87585,1.0,96.017762844262,209.37004018691243,291.0601435981843,0.4765965747085986,0.036783791761470494,0.08283742317978687,29.731756925582886
True,DNP,1.3,2,1.8,DNP_k1.30_s02.csv,503433.9774102692,8428109.757944962,33159606918.038517,1.0,19.769895694803836,211.31573510050768,287.23059137448803,0.4866241579337049,0.037404252791172724,0.0829307007361667,29.975073099136353
True,DNP,1.3,3,0.95,DNP_k1.30_s03.csv,700568.290674064,12517597.416523624,24525771738.2632,1.0,78.94994682305817,215.0485481521078,295.7072599175936,0.0,0.03596543684027371,0.0,43.319544076919556
True,DNP,1.3,3,1.1,DNP_k1.30_s03.csv,700568.290674064,12517597.416523624,31116160293.929523,1.0,91.48758985250521,214.63915820206628,296.4857991210854,0.0,0.0345511143194469,0.02556025059406406,41.42238688468933
True,DNP,1.3,3,1.25,DNP_k1.30_s03.csv,700568.290674064,12517597.416523624,39222710785.02721,1.0,78.37819584166944,214.85429412840847,294.93431935982824,0.0,0.0344652053231734,0.0899638282742411,43.96395301818848
True,DNP,1.3,3,1.4,DNP_k1.30_s03.csv,700568.290674064,12517597.416523624,48706877017.207634,1.0,94.45389035826977,214.90751022491136,295.98040241129837,0.0,0.03248419888312379,0.0,38.08916187286377
True,DNP,1.3,3,1.55,DNP_k1.30_s03.csv,700568.290674064,12517597.416523624,59203041823.34181,1.0,63.69797096276574,214.45764658974215,287.4004447972294,0.11554184851419097,0.03253578504134357,0.07374228845670222,36.01241588592529
True,DNP,1.3,3,1.7,DNP_k1.30_s03.csv,700568.290674064,12517597.416523624,69690975569.45508,1.0,88.29940998033982,215.79037926621146,287.1111528702931,0.1222682307842947,0.030849914003744858,0.04010337116576965,37.01476073265076
True,DNP,1.3,3,1.8,DNP_k1.30_s03.csv,700568.290674064,12517597.416523624,77741209511.3903,1.0,84.33185962101989,215.41263665783234,288.5846318845035,0.1361827611775325,0.030254600854431605,0.0,31.25158977508545
True,DNP,1.3,4,0.95,DNP_k1.30_s04.csv,576330.473672064,7693228.322881988,13808712981.174135,1.0,83.87181346648505,222.96317943243358,298.9796669160506,0.16268206241049574,0.034940209054199325,0.12731492784203982,40.11959910392761
True,DNP,1.3,4,1.1,DNP_k1.30_s04.csv,576330.473672064,7693228.322881988,18866758925.763367,1.0,66.05615195659504,221.44937472205942,299.538763862337,0.20027723976121245,0.03774107507135863,0.09419978673026368,37.754719972610474
True,DNP,1.3,4,1.25,DNP_k1.30_s04.csv,576330.473672064,7693228.322881988,24913931109.055786,1.0,88.63236305402191,221.2827120810674,308.64573645141996,0.2371895293548704,0.03445854058118852,0.0950485658527298,35.442343950271606
True,DNP,1.3,4,1.4,DNP_k1.30_s04.csv,576330.473672064,7693228.322881988,31452058607.646385,1.0,99.55113928326952,221.5552085429563,303.075992683498,0.25145817962729816,0.03741258179957868,0.07467967100954931,32.7719988822937
True,DNP,1.3,4,1.55,DNP_k1.30_s04.csv,576330.473672064,7693228.322881988,39544335881.72032,1.0,58.92645570315774,216.2527734990611,305.47295187407383,0.31043915324079807,0.04417316575265354,0.03224631362122887,30.881065845489502
True,DNP,1.3,4,1.7,DNP_k1.30_s04.csv,576330.473672064,7693228.322881988,48620128988.19622,1.0,39.77964082937587,214.87176635624633,304.2764149156969,0.33694408808764054,0.04463411104160515,0.12312953130327975,26.554625988006592
True,DNP,1.3,4,1.8,DNP_k1.30_s04.csv,576330.473672064,7693228.322881988,55633009775.59282,1.0,36.338014452271246,214.64032036113034,303.9128234043998,0.3631431092610383,0.0444240522591856,0.07236517973854395,26.727245092391968
True,DNP,1.45,1,0.95,DNP_k1.45_s01.csv,764141.490486496,12572270.813421246,27692830768.348946,1.0,69.68734141257302,212.88095487945142,295.1171750207108,0.0,0.028514105027580897,0.17241028841788214,39.1050078868866
True,DNP,1.45,1,1.1,DNP_k1.45_s01.csv,764141.490486496,12572270.813421246,33077704176.718147,1.0,68.92544242719816,213.3671462020464,293.3294657225634,0.0,0.028026713333160223,0.1775706432856549,35.60130500793457
True,DNP,1.45,1,1.25,DNP_k1.45_s01.csv,764141.490486496,12572270.813421246,39776645376.86742,1.0,68.39335970351644,212.7866592821222,292.0088458663012,0.0,0.027162900944387034,0.1953972258485006,33.81715774536133
True,DNP,1.45,1,1.4,DNP_k1.45_s01.csv,764141.490486496,12572270.813421246,48038728999.359566,1.0,66.58629983841972,212.8867106039851,293.3611992743274,0.0,0.026578341063323734,0.2,31.52653980255127
True,DNP,1.45,1,1.55,DNP_k1.45_s01.csv,764141.490486496,12572270.813421246,57664952659.99503,1.0,67.8144670579637,209.99999994228557,292.88832199732263,0.0,0.02643002063227373,0.2,30.975072860717773
True,DNP,1.45,1,1.7,DNP_k1.45_s01.csv,764141.490486496,12572270.813421246,68312355224.34175,1.0,58.85773014148477,215.0440199140374,279.7518866438474,0.17405814501231198,0.0304443829885228,0.03262126045205256,35.94597625732422
True,DNP,1.45,1,1.8,DNP_k1.45_s01.csv,764141.490486496,12572270.813421246,74695507523.09433,1.0,28.38713494434401,215.24720092639942,280.253752214568,0.1826780450376893,0.029377205809219303,0.023624197588710844,32.67913818359375
True,DNP,1.45,2,0.95,DNP_k1.45_s02.csv,764141.490486496,12962922.49914045,25255052051.588497,1.0,67.64062706499475,213.77162414556517,289.77794843705453,0.0,0.026193030617542315,0.08865914859468348,46.413963079452515
True,DNP,1.45,2,1.1,DNP_k1.45_s02.csv,764141.490486496,12962922.49914045,31630518684.437233,1.0,62.48566083742263,212.31855778087333,293.05304108551104,0.0,0.02546219306572757,0.08814990006699969,41.799418687820435
True,DNP,1.45,2,1.25,DNP_k1.45_s02.csv,764141.490486496,12962922.49914045,39526931356.10196,1.0,61.53425236983146,214.4771119639459,287.03032955044455,0.0,0.025183942598547386,0.0791750176374829,40.54949402809143
True,DNP,1.45,2,1.4,DNP_k1.45_s02.csv,764141.490486496,12962922.49914045,49129801256.19316,1.0,65.51430768863112,214.30753151023185,291.5181111124405,0.03349378584557756,0.02491199193959067,0.0,41.27178406715393
True,DNP,1.45,2,1.55,DNP_k1.45_s02.csv,764141.490486496,12962922.49914045,58785249944.4064,1.0,44.820455279611274,215.96947769208577,292.30427566734755,0.121236970842144,0.027406922725687757,0.07753503076581998,36.9198899269104
True,DNP,1.45,2,1.7,DNP_k1.45_s02.csv,764141.490486496,12962922.49914045,69523464748.55515,1.0,40.547585988034925,220.74233929857706,291.02362736413625,0.17221457067462848,0.027624489935380726,0.06871222887760452,33.660441160202026
True,DNP,1.45,2,1.8,DNP_k1.45_s02.csv,764141.490486496,12962922.49914045,77179467891.03351,1.0,33.87545220021058,221.34390339156585,292.5682344884107,0.19390196248009947,0.027679615443897857,0.06463010427487018,30.562635898590088
True,DNP,1.45,3,0.95,DNP_k1.45_s03.csv,490830.00204314705,8765148.902919183,4310388384.830598,1.01334608129397,87.71734164144297,209.34465020524098,310.5814159380853,0.4543480810685808,0.028193474732367895,0.0075687217526218264,47.3578679561615
True,DNP,1.45,3,1.1,DNP_k1.45_s03.csv,490830.00204314705,8765148.902919183,6528664299.891073,1.0005622458716759,93.73981167621181,216.46254179374858,309.8853535053222,0.492900733409702,0.027819126776308423,0.007690112158469889,45.694852113723755
True,DNP,1.45,3,1.25,DNP_k1.45_s03.csv,490830.00204314705,8765148.902919183,9818308123.847626,1.0033374470837204,74.06234332700963,216.7682909605019,313.1180175529722,0.5001479641968092,0.0264300969712975,0.053216000046051926,41.55211067199707
True,DNP,1.45,3,1.4,DNP_k1.45_s03.csv,490830.00204314705,8765148.902919183,14220433299.848087,1.0056276931095676,50.72712639438774,213.05843135559007,311.24063150543117,0.5392245692945506,0.03027877605382985,0.1355201106796635,37.49869894981384
True,DNP,1.45,3,1.55,DNP_k1.45_s03.csv,490830.00204314705,8765148.902919183,19955167361.727726,1.0,45.16016672456963,214.52553734131604,305.6053270554465,0.5217043823961744,0.02731306414149168,0.1336936698356597,35.25022006034851
True,DNP,1.45,3,1.7,DNP_k1.45_s03.csv,490830.00204314705,8765148.902919183,27684608374.601067,1.0,38.17362236143769,215.09312352444257,305.90490121860773,0.5460610182787129,0.02781757634340453,0.1131005146572941,32.58790302276611
True,DNP,1.45,3,1.8,DNP_k1.45_s03.csv,490830.00204314705,8765148.902919183,33870845491.443817,1.0,76.59082261176405,214.01778450933787,304.3563567817958,0.562964356787776,0.02923007974823632,0.06760703737855041,33.5941219329834
True,DNP,1.45,4,0.95,DNP_k1.45_s04.csv,764141.490486496,10887872.372680264,26022735343.08925,1.0,77.244305112405,213.00074600671584,289.3135425044977,0.0,0.0338373609755718,0.10692182141630137,39.849225997924805
True,DNP,1.45,4,1.1,DNP_k1.45_s04.csv,764141.490486496,10887872.372680264,32636251624.276897,1.0,76.52670506174246,212.87284483722348,288.241021560577,0.0,0.03345763286061357,0.10984877941927877,38.190616846084595
True,DNP,1.45,4,1.25,DNP_k1.45_s04.csv,764141.490486496,10887872.372680264,40877320352.99609,1.0,76.74564783385709,212.2988174601637,288.4043215570938,0.0,0.03303840001446047,0.1150007190344613,38.50049686431885
True,DNP,1.45,4,1.4,DNP_k1.45_s04.csv,764141.490486496,10887872.372680264,51307803024.66266,1.0,69.74627020513086,212.9466378570955,279.5625007499335,0.0,0.029553122821153965,0.16464365491874747,32.57483792304993
True,DNP,1.45,4,1.55,DNP_k1.45_s04.csv,764141.490486496,10887872.372680264,60389415574.46083,1.0,87.26935662222807,217.03105137674143,252.46158859222587,0.27308405311086725,0.035002634598508005,0.15847458686133079,33.35258507728577
True,DNP,1.45,4,1.7,DNP_k1.45_s04.csv,764141.490486496,10887872.372680264,69912594079.5516,1.0,62.56730680270456,216.89528085304497,252.39968995081725,0.28243448548368494,0.03496994278426241,0.14832366581735523,32.92483377456665
True,DNP,1.45,4,1.8,DNP_k1.45_s04.csv,764141.490486496,10887872.372680264,77357351233.03206,1.0,67.59428647881882,216.8731998516179,253.27964108272192,0.2684190824479524,0.03401398503105987,0.06978869509997528,31.032119035720825
True,DNP,1.6,1,0.95,DNP_k1.60_s01.csv,664720.678752688,10337109.944001809,11000413500.32912,1.0040684727528673,5.283471330588905,206.9069399662995,307.6734050376267,0.0839978530069311,0.017363269931512968,0.15844108861725792,42.372798919677734
True,DNP,1.6,1,1.1,DNP_k1.60_s01.csv,664720.678752688,10337109.944001809,15232473742.016195,1.0,85.01093388935134,213.76758041305558,272.4935961897564,0.15827125661674826,0.02284433390038554,0.002649788489173105,40.55872988700867
True,DNP,1.6,1,1.25,DNP_k1.60_s01.csv,664720.678752688,10337109.944001809,20347087661.69673,1.0,95.87583059484399,212.95223734344805,287.57958674444404,0.18081059537463579,0.021226074800212612,0.1513605033162152,37.467028856277466
True,DNP,1.6,1,1.4,DNP_k1.60_s01.csv,664720.678752688,10337109.944001809,26364305095.57456,1.0,100.0,214.4394061634987,277.70742698725473,0.2079563284479868,0.023126558731914902,0.11918722818725623,39.680927991867065
True,DNP,1.6,1,1.55,DNP_k1.60_s01.csv,664720.678752688,10337109.944001809,33841066318.956303,1.0,90.35071729545992,215.02087961848056,281.4047935191884,0.21477297802453577,0.021493039000472065,0.1112726521737148,40.46513319015503
True,DNP,1.6,1,1.7,DNP_k1.60_s01.csv,664720.678752688,10337109.944001809,42913532326.306465,1.0,84.38497538956142,217.0035703035728,277.6152623110735,0.21848764123487055,0.020606824865099155,0.05326238249868936,40.366058111190796
True,DNP,1.6,1,1.8,DNP_k1.60_s01.csv,664720.678752688,10337109.944001809,49495874161.11902,1.0,92.84001287913378,216.56265597782289,275.7516951791716,0.24633357233859085,0.022353485938681316,0.10634172272666582,37.23428416252136
True,DNP,1.6,2,0.95,DNP_k1.60_s02.csv,664720.678752688,11696043.789862657,12306511816.8288,1.0029229982980346,66.49277900435894,221.6391901820002,332.47019890989435,0.08339367340031274,0.019641165658242112,0.009110677188184452,41.610246896743774
True,DNP,1.6,2,1.1,DNP_k1.60_s02.csv,664720.678752688,11696043.789862657,16786984985.842813,1.0124140390158143,73.1449661768797,221.60867132727134,321.1485798218608,0.14396537507521098,0.022821214542825728,0.04508003151343043,41.78080606460571
True,DNP,1.6,2,1.25,DNP_k1.60_s02.csv,664720.678752688,11696043.789862657,22314429495.349567,1.0020125786147485,63.57390833188787,225.8171216646353,319.0103995476471,0.16108381740306435,0.021802307908281967,0.018690613091152566,40.92224907875061
True,DNP,1.6,2,1.4,DNP_k1.60_s02.csv,664720.678752688,11696043.789862657,28617694048.30437,1.0,75.36201993961168,224.60107663389056,310.50634410957,0.17707884759786713,0.02352543676951506,0.04275482957124282,41.85270285606384
True,DNP,1.6,2,1.55,DNP_k1.60_s02.csv,664720.678752688,11696043.789862657,36256946467.9584,1.0,91.42740067148355,224.95553813284496,312.24586154453306,0.18593290244638874,0.02235935470064623,0.05634960190404936,39.096027851104736
True,DNP,1.6,2,1.7,DNP_k1.60_s02.csv,664720.678752688,11696043.789862657,45673666542.32906,1.0,21.184044191782043,224.02703058443757,305.4777480724233,0.23507522904446382,0.02498877610193641,0.07700662337771581,39.35343289375305
True,DNP,1.6,2,1.8,DNP_k1.60_s02.csv,664720.678752688,11696043.789862657,52420795105.82954,1.0,84.24626165579942,225.46851388811663,304.6114910150983,0.23794597356732744,0.024079548768237775,0.0926550977932379,39.09096693992615
True,DNP,1.6,3,0.95,DNP_k1.60_s03.csv,827714.6902989281,10406560.933423825,27917429941.124924,1.0,95.37121631381551,216.0486374500299,283.37198613437494,0.0,0.03445719319746228,0.144935815365604,40.3621711730957
True,DNP,1.6,3,1.1,DNP_k1.60_s03.csv,827714.6902989281,10406560.933423825,35655681485.74777,1.0,88.19686600685765,216.61579768192757,284.4892675008617,0.0,0.03258100057003727,0.14752241404138008,36.560014963150024
True,DNP,1.6,3,1.25,DNP_k1.60_s03.csv,827714.6902989281,10406560.933423825,44401457655.35302,1.0,89.07279142303676,217.28028634419778,281.11414685877594,0.0,0.033034199139703846,0.1479992972352532,39.48310971260071
True,DNP,1.6,3,1.4,DNP_k1.60_s03.csv,827714.6902989281,10406560.933423825,55213080423.47305,1.0,87.52896142972148,221.02567595708314,279.73353353051266,0.07102793935292974,0.034879656759394924,0.07187100787975163,31.966641902923584
True,DNP,1.6,3,1.55,DNP_k1.60_s03.csv,827714.6902989281,10406560.933423825,66001327685.08216,1.0,100.0,222.29112713886045,277.80310675982577,0.11636428922717301,0.03447181603965864,0.025737564680086852,31.2635498046875
True,DNP,1.6,3,1.7,DNP_k1.60_s03.csv,827714.6902989281,10406560.933423825,78091585396.64334,1.0,79.63274261203719,217.4430990168022,273.89630805560483,0.23413021333909179,0.03481199617950796,0.03600174217497626,25.733334064483643
True,DNP,1.6,3,1.8,DNP_k1.60_s03.csv,827714.6902989281,10406560.933423825,85756008464.79485,1.0,91.980826991436,217.32378899011061,268.1493483891195,0.27686012567299684,0.033927169461511704,0.06781040170300891,23.653825044631958
True,DNP,1.6,4,0.95,DNP_k1.60_s04.csv,659504.9143051681,13370461.611084191,37179438272.86563,1.0,63.77386310420353,220.78424794322902,286.75846385898683,0.0,0.028364013052669015,0.10404068298624608,33.89500284194946
True,DNP,1.6,4,1.1,DNP_k1.60_s04.csv,659504.9143051681,13370461.611084191,43384755821.80762,1.0,57.74804174906306,218.5794760451062,288.3842579887118,0.0,0.027838185978097514,0.11894983144235645,36.54756498336792
True,DNP,1.6,4,1.25,DNP_k1.60_s04.csv,659504.9143051681,13370461.611084191,50728986598.77034,1.0,58.690084650985746,220.3196997576472,285.46898545627164,0.0,0.027829013322889267,0.0821796507799657,34.30343413352966
True,DNP,1.6,4,1.4,DNP_k1.60_s04.csv,659504.9143051681,13370461.611084191,59991180065.04793,1.0,55.02540989467279,220.55276547520188,284.4343677678081,0.0,0.026564617566270998,0.10327211312101366,36.50051403045654
True,DNP,1.6,4,1.55,DNP_k1.60_s04.csv,659504.9143051681,13370461.611084191,70530581467.53867,1.0,33.63205570775622,221.74875478716706,281.08620565552684,0.08918550636238266,0.024554991232802196,0.0,32.48412799835205
True,DNP,1.6,4,1.7,DNP_k1.60_s04.csv,659504.9143051681,13370461.611084191,81514213728.83267,1.0,42.17250639152043,220.16060526838723,278.5029803491248,0.11630442089722845,0.028545570080196325,0.05926899509541282,36.24010896682739
True,DNP,1.6,4,1.8,DNP_k1.60_s04.csv,659504.9143051681,13370461.611084191,89475822802.44666,1.0,31.153240055603035,220.5268211720137,279.9486410015725,0.136232315935488,0.027497184684836307,0.07603618101123581,33.20786499977112
True,DNP,1.8,1,0.95,DNP_k1.80_s01.csv,912478.956715504,14126580.014610745,42873223458.51381,1.0,69.25303945461697,220.71341788937076,277.17464737431015,0.0,0.03129547686973881,0.05844855289421714,38.93993592262268
True,DNP,1.8,1,1.1,DNP_k1.80_s01.csv,912478.956715504,14126580.014610745,49760438607.00964,1.0,67.54883341555966,220.6210691443358,276.6130437794682,0.0,0.03113103092909143,0.05350429978498627,38.47611403465271
True,DNP,1.8,1,1.25,DNP_k1.80_s01.csv,912478.956715504,14126580.014610745,58148591544.31148,1.0,63.73121462222261,221.18003509479558,278.14920219279253,0.0,0.029422144908802777,0.08808443096244527,36.92953395843506
True,DNP,1.8,1,1.4,DNP_k1.80_s01.csv,912478.956715504,14126580.014610745,68002988821.0659,1.0,60.21517363030525,221.29155723905777,276.0466380139282,0.0,0.02871584824635288,0.08789433303709925,33.729121923446655
True,DNP,1.8,1,1.55,DNP_k1.80_s01.csv,912478.956715504,14126580.014610745,79660576983.41487,1.0,57.57231709001415,220.57599629074514,275.469046853822,0.0,0.028225256615544033,0.08481914236776524,33.758877754211426
True,DNP,1.8,1,1.7,DNP_k1.80_s01.csv,912478.956715504,14126580.014610745,94041634063.08353,1.0,63.636817431284236,220.28083285713632,280.17285738848744,0.10532956564516596,0.030280719376810015,0.06149571873266728,32.441933155059814
True,DNP,1.8,1,1.8,DNP_k1.80_s01.csv,912478.956715504,14126580.014610745,103047277613.09045,1.0,64.21470786864407,219.47297297675468,279.19469555353726,0.10738142617581405,0.030591017332758416,0.0,29.874109029769897
True,DNP,1.8,2,0.95,DNP_k1.80_s02.csv,792683.9578028439,12349922.524868233,18833041020.389122,1.010673431316396,10.739649501329007,227.16350294122898,340.745676786652,0.0,0.016781772939339825,0.08625026126195846,44.236006021499634
True,DNP,1.8,2,1.1,DNP_k1.80_s02.csv,792683.9578028439,12349922.524868233,24846944888.118374,1.0,13.148028683382895,229.04589477058926,338.29178803654275,0.0,0.01611745930322312,0.08426638303960764,39.94661092758179
True,DNP,1.8,2,1.25,DNP_k1.80_s02.csv,792683.9578028439,12349922.524868233,32395927738.29103,1.0,11.249982753803783,229.03123649707055,339.35640407656285,0.0,0.015566528303585944,0.08395062567725863,42.59728503227234
True,DNP,1.8,2,1.4,DNP_k1.80_s02.csv,792683.9578028439,12349922.524868233,41664063196.25484,1.0,13.012904651049364,229.1452384781668,329.36593678815774,0.01040314441517993,0.01571626650867176,0.08164135697125943,48.99722218513489
True,DNP,1.8,2,1.55,DNP_k1.80_s02.csv,792683.9578028439,12349922.524868233,52024776003.1,1.0,2.3161765044915428,228.0500450457477,326.8529582837071,0.08480609807628933,0.01653512358261096,0.019320246693198623,33.631874084472656
True,DNP,1.8,2,1.7,DNP_k1.80_s02.csv,792683.9578028439,12349922.524868233,63895475812.14169,1.0,21.76250306950584,223.91690685656545,321.8041089220946,0.2053634623347589,0.017061986465037177,0.10671926305124171,32.59440207481384
True,DNP,1.8,2,1.8,DNP_k1.80_s02.csv,792683.9578028439,12349922.524868233,71591955688.43411,1.0,12.593515985758525,223.82012891994606,312.8323114232472,0.2321173519444763,0.017418538863656373,0.01743225265090756,34.24027228355408
True,DNP,1.8,3,0.95,DNP_k1.80_s03.csv,792683.9578028439,16377525.234753048,57858249071.78667,1.0,34.415301963791826,230.82918173111037,277.7049867744707,0.0,0.018262288268537735,0.08480576314983623,39.29714608192444
True,DNP,1.8,3,1.1,DNP_k1.80_s03.csv,792683.9578028439,16377525.234753048,63043794996.68404,1.0,24.46561832122711,230.6760162209518,286.0135497665955,0.0,0.016169417131416702,0.09037581484042577,37.50468707084656
True,DNP,1.8,3,1.25,DNP_k1.80_s03.csv,792683.9578028439,16377525.234753048,69246889173.6304,1.0,23.015550456388333,231.53640419579892,274.4461763139549,0.0,0.015823504922806698,0.08838712189760514,32.1307110786438
True,DNP,1.8,3,1.4,DNP_k1.80_s03.csv,792683.9578028439,16377525.234753048,76247051861.16296,1.0,3.276638451595151,228.84669569340812,298.7112273827439,0.0,0.01370788934130947,0.08999629906182299,31.479315996170044
True,DNP,1.8,3,1.55,DNP_k1.80_s03.csv,792683.9578028439,16377525.234753048,86594883088.64343,1.0,29.144621074078117,232.05818260825617,274.28228322819484,0.0,0.013865411119832244,0.10401565759056211,35.123140811920166
True,DNP,1.8,3,1.7,DNP_k1.80_s03.csv,792683.9578028439,16377525.234753048,96719300107.49344,1.0,13.5104105203832,228.06510081658485,297.5950255211531,0.0,0.01289436775734498,0.10196828303044335,33.449877977371216
True,DNP,1.8,3,1.8,DNP_k1.80_s03.csv,792683.9578028439,16377525.234753048,105942639800.24228,1.000937617993835,1.201237471288952,232.62993290499193,289.0183840590469,0.08256070118197172,0.014733631240665424,0.060343004279349445,32.548261880874634
True,DNP,1.8,4,0.95,DNP_k1.80_s04.csv,790989.304836484,13058340.39727391,41444406318.02703,1.0,73.336529056573,220.5638302191368,290.72478388371314,0.0,0.03317862056268157,0.07042765588294281,30.69617223739624
True,DNP,1.8,4,1.1,DNP_k1.80_s04.csv,790989.304836484,13058340.39727391,48075206298.84569,1.0,61.30101536849967,221.4990994162836,290.11665290753444,0.0,0.03017354688182408,0.07571765925700144,35.4137978553772
True,DNP,1.8,4,1.25,DNP_k1.80_s04.csv,790989.304836484,13058340.39727391,55975475721.063675,1.0,61.18393065499612,221.34172335540893,288.4651201171264,0.0,0.02999032755614319,0.07530163893504775,29.947705030441284
True,DNP,1.8,4,1.4,DNP_k1.80_s04.csv,790989.304836484,13058340.39727391,65598684376.607605,1.0,62.69949961058403,221.01790327898868,290.10391324683945,0.0,0.029670405347022394,0.06931318766969466,28.92787480354309
True,DNP,1.8,4,1.55,DNP_k1.80_s04.csv,790989.304836484,13058340.39727391,76252825114.61009,1.0,42.6286339347727,219.66247907859926,274.26960135803535,0.14845155517133832,0.033825583318447296,0.0,30.294188022613525
True,DNP,1.8,4,1.7,DNP_k1.80_s04.csv,790989.304836484,13058340.39727391,86258902148.98538,1.0,51.806562922780074,221.21411198289925,254.94678032704113,0.2249248028534718,0.03311517387945891,0.09949360125996462,24.844263076782227
True,DNP,1.8,4,1.8,DNP_k1.80_s04.csv,790989.304836484,13058340.39727391,93491687575.23538,1.0,66.4406466329359,221.62551871570963,252.99729498726106,0.26226990009996465,0.030638700308693513,0.07546718251247556,25.957483053207397
True,DNP,2.0,1,0.95,DNP_k2.00_s01.csv,997243.2231320799,18924776.250892162,115466870405.79028,1.0,68.29426330288666,216.05338731641805,294.0308608569542,0.0,0.03329037298643746,0.09719277080932481,40.29295802116394
True,DNP,2.0,1,1.1,DNP_k2.00_s01.csv,997243.2231320799,18924776.250892162,121901820401.5422,1.0,68.59032882442155,216.0987714675009,288.36979590046917,0.0,0.03487863130398194,0.08656035984973554,35.673779010772705
True,DNP,2.0,1,1.25,DNP_k2.00_s01.csv,997243.2231320799,18924776.250892162,130650288257.86084,1.0,67.61595928787864,215.6467592234369,287.3715945518239,0.0,0.03699067176697953,0.07785018942990321,31.932995080947876
True,DNP,2.0,1,1.4,DNP_k2.00_s01.csv,997243.2231320799,18924776.250892162,140455965937.92932,1.0,65.93262665959665,215.71057128953618,287.5735118483142,0.0,0.035236950345418294,0.08045420160400835,33.81438183784485
True,DNP,2.0,1,1.55,DNP_k2.00_s01.csv,997243.2231320799,18924776.250892162,152871928584.80777,1.0,64.56777478958466,215.66433910272377,284.9440642611555,0.0,0.034949986607528835,0.07259870980960413,33.00463891029358
True,DNP,2.0,1,1.7,DNP_k2.00_s01.csv,997243.2231320799,18924776.250892162,167254563494.06122,1.0,64.71634872447486,216.41948832576924,284.88457917881504,0.0,0.035284761756412535,0.06841261489189757,31.04530668258667
True,DNP,2.0,1,1.8,DNP_k2.00_s01.csv,997243.2231320799,18924776.250892162,178208881248.39563,1.0,62.56099471776739,215.6145746273422,283.5287136136276,0.0,0.03439565188500883,0.06979284249078603,33.64691686630249
True,DNP,2.0,2,0.95,DNP_k2.00_s02.csv,997243.2231320799,18964183.975662,65219925243.45245,1.0,61.585692089810735,215.13987657175736,296.17590533164156,0.0,0.0304416858055079,0.08738640142041199,39.16762924194336
True,DNP,2.0,2,1.1,DNP_k2.00_s02.csv,997243.2231320799,18964183.975662,71222388961.74222,1.0,59.813831602582276,215.18276853046538,295.0051290519826,0.0,0.030052618514096033,0.07571745445847984,36.52319693565369
True,DNP,2.0,2,1.25,DNP_k2.00_s02.csv,997243.2231320799,18964183.975662,78626305957.23494,1.0,53.62957782801735,215.5675692515559,295.25729880767597,0.0,0.028816222884462176,0.07090714958791429,35.47359108924866
True,DNP,2.0,2,1.4,DNP_k2.00_s02.csv,997243.2231320799,18964183.975662,87979469392.62054,1.0,57.425824543648105,213.26433246263187,294.16015353122526,0.0,0.02905573795412293,0.07231423187375441,33.21703815460205
True,DNP,2.0,2,1.55,DNP_k2.00_s02.csv,997243.2231320799,18964183.975662,98105605125.00162,1.0,54.69445139232946,215.66765471148375,290.70425115969437,0.0,0.02915714673632936,0.06654226230670238,31.598140239715576
True,DNP,2.0,2,1.7,DNP_k2.00_s02.csv,997243.2231320799,18964183.975662,110710070674.69406,1.0,53.42289497866681,215.21530124326574,289.1382084056601,0.0,0.02931081832836535,0.06304656349749081,33.089252948760986
True,DNP,2.0,2,1.8,DNP_k2.00_s02.csv,997243.2231320799,18964183.975662,120713416568.82098,1.0,51.42538974001565,217.29411438682206,287.1085574179358,0.0,0.028761420060793304,0.061937080272372845,28.81920313835144
True,DNP,2.0,3,0.95,DNP_k2.00_s03.csv,864137.66878468,16497634.612867322,10208866413.229626,1.0243885449019778,3.330605955014689,238.31870894187333,361.4561582272673,0.038440954819253546,0.012184687169419733,0.07314857300521004,45.740870237350464
True,DNP,2.0,3,1.1,DNP_k2.00_s03.csv,864137.66878468,16497634.612867322,14474289031.248253,1.0110220440506,6.821364317632734,241.0424010347732,346.6560042861688,0.07491255450071986,0.01256960266746898,0.1113565601979116,44.11100697517395
True,DNP,2.0,3,1.25,DNP_k2.00_s03.csv,864137.66878468,16497634.612867322,19588182790.970497,1.0,7.777116349447556,241.45299598032798,323.4385913413046,0.0777339838377485,0.012301346624511277,0.0,43.554949045181274
True,DNP,2.0,3,1.4,DNP_k2.00_s03.csv,864137.66878468,16497634.612867322,25850359011.599865,1.0069952129551405,3.231514329476774,238.1812837388645,333.321893286343,0.07626296051170507,0.011887703495777372,0.069633081068177,43.14286708831787
True,DNP,2.0,3,1.55,DNP_k2.00_s03.csv,864137.66878468,16497634.612867322,33391955190.407375,1.0,88.03699288231455,233.9461475161007,346.7247318517724,0.09659401259929035,0.012222059736203873,0.09665245056659441,41.66484618186951
True,DNP,2.0,3,1.7,DNP_k2.00_s03.csv,864137.66878468,16497634.612867322,42010874520.23813,1.0,93.13938629250602,234.98864686495892,336.5772208188796,0.11465263440234659,0.012012288423590435,0.0807633377100898,47.95958709716797
True,DNP,2.0,3,1.8,DNP_k2.00_s03.csv,864137.66878468,16497634.612867322,48521581764.950676,1.0,95.59142264733691,234.99758162234758,346.38644093334534,0.13913128515760453,0.011487881604492153,0.04706664600595243,42.28926491737366
True,DNP,2.0,4,0.95,DNP_k2.00_s04.csv,786981.00313988,18172876.199328598,33145503583.660088,1.0,39.34763029374637,221.04216656327804,314.0844638926572,0.0,0.020503908663702074,0.0506228869574456,43.256730794906616
True,DNP,2.0,4,1.1,DNP_k2.00_s04.csv,786981.00313988,18172876.199328598,39011145949.987076,1.0,35.653121789536534,220.4954399366341,311.87810500137846,0.0,0.02034765277682827,0.06365919240554983,49.389853954315186
True,DNP,2.0,4,1.25,DNP_k2.00_s04.csv,786981.00313988,18172876.199328598,46407317317.8477,1.0,29.074348294152937,220.18127988173978,312.3185400114101,0.0,0.019676005500716735,0.06327428945274617,44.02214598655701
True,DNP,2.0,4,1.4,DNP_k2.00_s04.csv,786981.00313988,18172876.199328598,55321898056.17773,1.0,29.12740074513664,221.39982894006127,307.4864050476439,0.0,0.019359606692704787,0.05937774748343119,42.185953855514526
True,DNP,2.0,4,1.55,DNP_k2.00_s04.csv,786981.00313988,18172876.199328598,65797147699.987915,1.0,81.46554744424061,221.81314313661815,316.4028886470957,0.0,0.01741135130335003,0.05427159286844785,39.86594891548157
True,DNP,2.0,4,1.7,DNP_k2.00_s04.csv,786981.00313988,18172876.199328598,77642503874.61949,1.0,93.51812157830662,223.2005642180191,318.08322963824816,0.0,0.01622508717459312,0.05225903655653213,39.559176206588745
True,DNP,2.0,4,1.8,DNP_k2.00_s04.csv,786981.00313988,18172876.199328598,86509764812.66393,1.0,78.16547364658058,222.80541267126057,309.3902713629841,0.0,0.01679768671432081,0.04929873182042534,39.881471157073975
True,DNP,2.2,1,0.95,DNP_k2.20_s01.csv,827818.129052816,16848563.1979214,50963931740.80728,1.0,58.29548538365285,222.91492688623984,284.36211384942743,0.0,0.028768191893044505,0.07877219881231211,35.27231311798096
True,DNP,2.2,1,1.1,DNP_k2.20_s01.csv,827818.129052816,16848563.1979214,56293508682.30606,1.0,59.32922370552259,220.80802974510294,285.1530615869204,0.0,0.029262235280080574,0.07633334967350033,32.23255801200867
True,DNP,2.2,1,1.25,DNP_k2.20_s01.csv,827818.129052816,16848563.1979214,63284313654.89081,1.0,59.374862281424896,220.59590946050903,284.50229988809355,0.0,0.02942379116493808,0.07484556466770506,34.43107461929321
True,DNP,2.2,1,1.4,DNP_k2.20_s01.csv,827818.129052816,16848563.1979214,72087517436.1976,1.0,59.20859495979798,219.983762780493,283.2055822052474,0.0,0.029342627271390392,0.07444135652988894,33.85799598693848
True,DNP,2.2,1,1.55,DNP_k2.20_s01.csv,827818.129052816,16848563.1979214,82901345134.09595,1.0,53.41078659750619,219.1234421257854,281.71914493118817,0.0,0.028737074307554077,0.0767790699803386,32.4399209022522
True,DNP,2.2,1,1.7,DNP_k2.20_s01.csv,827818.129052816,16848563.1979214,95577940551.60545,1.0,45.53533560658243,220.6659126281873,283.01523228940545,0.0,0.026590072161552885,0.07969717711045154,29.7845721244812
True,DNP,2.2,1,1.8,DNP_k2.20_s01.csv,827818.129052816,16848563.1979214,105126062401.52744,1.0,45.725892756900286,221.49185444554945,282.75415472586286,0.0,0.026528128914187023,0.07821050564271283,30.44890284538269
True,DNP,2.2,2,0.95,DNP_k2.20_s02.csv,784086.181831876,21325139.250860117,42630160437.65375,1.0,35.29062451000959,225.39918442582626,305.23082478678526,0.0,0.020080958606061936,0.07172726147715064,47.49666094779968
True,DNP,2.2,2,1.1,DNP_k2.20_s02.csv,784086.181831876,21325139.250860117,48193598441.62311,1.0,38.47694337988352,225.14086559176278,301.78614503854027,0.0,0.019886559754684622,0.07579617704654003,47.0233268737793
True,DNP,2.2,2,1.25,DNP_k2.20_s02.csv,784086.181831876,21325139.250860117,55251526336.15444,1.0,30.798298260340744,225.167588271361,301.89339006690244,0.0,0.019366207398150863,0.07631029844576057,46.84350109100342
True,DNP,2.2,2,1.4,DNP_k2.20_s02.csv,784086.181831876,21325139.250860117,63921636370.97492,1.0,31.929839255620788,225.45222299558145,299.1668991755238,0.0,0.0189976561734833,0.07699064196329773,41.667211055755615
True,DNP,2.2,2,1.55,DNP_k2.20_s02.csv,784086.181831876,21325139.250860117,74271022633.06754,1.0,23.521699835001378,225.0811899689568,298.42691887005077,0.0,0.01862686904436213,0.07632615801066986,43.84480309486389
True,DNP,2.2,2,1.7,DNP_k2.20_s02.csv,784086.181831876,21325139.250860117,86541570131.02321,1.0,27.388133025700963,226.27366186511887,291.67975068807317,0.0,0.01836319666714849,0.07240111081415189,40.92188215255737
True,DNP,2.2,2,1.8,DNP_k2.20_s02.csv,784086.181831876,21325139.250860117,95599262748.17947,1.0,21.55819790124341,226.41685558029414,290.96990427339324,0.0,0.018039370035294836,0.07036859156476984,39.11605215072632
True,DNP,2.2,3,0.95,DNP_k2.20_s03.csv,871758.8761606559,18218807.662449047,80997410351.64615,1.0,43.64891240758385,223.40991296341645,300.8237362089151,0.0,0.02354434670110089,0.0837423329195267,36.24063205718994
True,DNP,2.2,3,1.1,DNP_k2.20_s03.csv,871758.8761606559,18218807.662449047,86866556261.65134,1.0,42.48121878985843,226.66436074307194,292.154529646866,0.0,0.023506121793555643,0.07877377802282824,34.21062207221985
True,DNP,2.2,3,1.25,DNP_k2.20_s03.csv,871758.8761606559,18218807.662449047,94383661950.69753,1.0,37.54082366985813,222.4906457649075,297.4079155185116,0.0,0.023221838275308604,0.08484397486633397,35.24530816078186
True,DNP,2.2,3,1.4,DNP_k2.20_s03.csv,871758.8761606559,18218807.662449047,103281685763.92938,1.0,41.374439885116516,221.89209413026066,294.04113090416814,0.0,0.023539310152254793,0.08470091817573679,32.1546471118927
True,DNP,2.2,3,1.55,DNP_k2.20_s03.csv,871758.8761606559,18218807.662449047,114290064242.17126,1.0,35.83231337304843,222.86075919824887,290.50394182034466,0.0,0.023367946997677844,0.08397178051028514,29.819876194000244
True,DNP,2.2,3,1.7,DNP_k2.20_s03.csv,871758.8761606559,18218807.662449047,127775224196.51642,1.0,46.817804196395194,225.10485552945022,288.76078347196085,0.0,0.022243917569188535,0.08249919474017324,29.004117012023926
True,DNP,2.2,3,1.8,DNP_k2.20_s03.csv,871758.8761606559,18218807.662449047,136966913416.8573,1.0,28.736496991269046,224.83386142323718,287.3610124545812,0.0,0.02209570193735361,0.08460504593781326,30.031325101852417
True,DNP,2.2,4,0.95,DNP_k2.20_s04.csv,1082007.4895486562,22224446.74733827,109346370391.1307,1.0,47.398339721046234,219.86505314206593,302.9126909045022,0.0,0.02459062507532887,0.08587652857180551,32.30833983421326
True,DNP,2.2,4,1.1,DNP_k2.20_s04.csv,1082007.4895486562,22224446.74733827,114423862704.91782,1.0,39.410587948300275,219.40158914910856,302.834573535383,0.0,0.02373504161440751,0.07874661423590648,33.904534101486206
True,DNP,2.2,4,1.25,DNP_k2.20_s04.csv,1082007.4895486562,22224446.74733827,121260796483.59274,1.0,37.697770438018274,218.97609108894522,302.79477562107365,0.0,0.023495059017213063,0.07619120412939598,31.91661810874939
True,DNP,2.2,4,1.4,DNP_k2.20_s04.csv,1082007.4895486562,22224446.74733827,129859248516.30402,1.0,39.637725277355294,220.28152970006036,296.1592233517877,0.0,0.02359615273478051,0.07543723255798863,32.44844603538513
True,DNP,2.2,4,1.55,DNP_k2.20_s04.csv,1082007.4895486562,22224446.74733827,140441586630.41364,1.0,35.71790815396286,220.41728347717952,294.00511267125773,0.0,0.02320386150467833,0.07623864205472533,32.41497302055359
True,DNP,2.2,4,1.7,DNP_k2.20_s04.csv,1082007.4895486562,22224446.74733827,152979186661.4047,1.0,33.52238584677767,219.55615463681906,295.0100807512788,0.0,0.022857816902993194,0.0869523667303292,33.93474507331848
True,DNP,2.2,4,1.8,DNP_k2.20_s04.csv,1082007.4895486562,22224446.74733827,162781514086.6427,1.0,35.368121156269666,218.51466164151796,294.46185088739117,0.0,0.023195988823577228,0.08726391521857536,30.548298835754395
True,DNP,2.5,1,0.95,DNP_k2.50_s01.csv,970235.0103235199,25741103.70119213,149189534075.47668,1.0,61.25645900676885,218.24956006073472,304.72615397613896,0.0,0.029745316772800717,0.05903036495546402,31.22273015975952
True,DNP,2.5,1,1.1,DNP_k2.50_s01.csv,970235.0103235199,25741103.70119213,155161484841.69662,1.0,61.27510277321429,218.45332389620003,300.1235984648412,0.0,0.030410644875964354,0.06352959946253307,33.47191333770752
True,DNP,2.5,1,1.25,DNP_k2.50_s01.csv,970235.0103235199,25741103.70119213,162640705324.63617,1.0,59.06148902783668,219.04101861881446,301.1339069617058,0.0,0.028979281159801775,0.06225717259888605,32.572564125061035
True,DNP,2.5,1,1.4,DNP_k2.50_s01.csv,970235.0103235199,25741103.70119213,171792954627.05826,1.0,57.5119832504365,220.74546290637753,295.4093190325326,0.0,0.0294306394070129,0.06007659357575704,31.704367876052856
True,DNP,2.5,1,1.55,DNP_k2.50_s01.csv,970235.0103235199,25741103.70119213,183109732748.93823,1.0,52.80330170623949,219.2538999771169,295.60099495903177,0.0,0.029341628574974594,0.06182422345243359,29.242192029953003
True,DNP,2.5,1,1.7,DNP_k2.50_s01.csv,970235.0103235199,25741103.70119213,196249997881.61316,1.0,51.606475824386344,219.072460532301,294.16861808862416,0.0,0.029225021647933835,0.056680465814381735,31.675537824630737
True,DNP,2.5,1,1.8,DNP_k2.50_s01.csv,970235.0103235199,25741103.70119213,206293808025.31873,1.0,53.774503688814654,220.72517473324817,288.23024215161917,0.0,0.029647886069130786,0.06767038132676684,27.61713409423828
True,DNP,2.5,2,0.95,DNP_k2.50_s02.csv,870606.9485862701,16970291.636183467,15802151619.947313,1.0,27.603631365805978,225.3332094065988,308.3705359167727,1.6129527513179626e-10,0.017163699962540056,0.09733319896491167,56.36239528656006
True,DNP,2.5,2,1.1,DNP_k2.50_s02.csv,870606.9485862701,16970291.636183467,21396559066.13379,1.0,25.17030715984643,226.84346299481794,304.6816627205494,0.0,0.016562421232328203,0.0909210686460949,48.94848608970642
True,DNP,2.5,2,1.25,DNP_k2.50_s02.csv,870606.9485862701,16970291.636183467,28506104734.339016,1.0,19.948346300932997,229.74525220226204,308.81895630803825,0.0,0.015333808189266157,0.08985630706899989,49.30710005760193
True,DNP,2.5,2,1.4,DNP_k2.50_s02.csv,870606.9485862701,16970291.636183467,36971410338.26645,1.0,3.5593691387990853,228.57958592158627,313.0307746724578,0.0056930582832809395,0.015019245501050138,0.09566054819544664,52.076772928237915
True,DNP,2.5,2,1.55,DNP_k2.50_s02.csv,870606.9485862701,16970291.636183467,46725668649.58696,1.0,1.079008291645692,231.59874111330691,301.62894197599746,0.005757405471557218,0.014506052681206194,0.0800668409858357,45.898520708084106
True,DNP,2.5,2,1.7,DNP_k2.50_s02.csv,870606.9485862701,16970291.636183467,58668150693.0894,1.0,8.505124297760718,232.03413521695052,297.88455247461985,0.062465206522005545,0.015507183624393898,0.05296004067889803,40.78813910484314
True,DNP,2.5,2,1.8,DNP_k2.50_s02.csv,870606.9485862701,16970291.636183467,66905954679.56997,1.0,98.97847361431934,231.93315500082485,307.2721435350547,0.040638258712311984,0.01326584402967498,0.03265947825635716,40.75696897506714
True,DNP,2.5,3,0.95,DNP_k2.50_s03.csv,828912.470456652,23626020.35892901,77153033098.51244,1.0,55.45861626840996,223.2367114537512,293.86660263605285,0.0,0.02635556589776351,0.035448062215258536,32.57373523712158
True,DNP,2.5,3,1.1,DNP_k2.50_s03.csv,828912.470456652,23626020.35892901,83658806773.63068,1.0,59.194883563647416,222.571978805036,290.8740144071899,0.0,0.026790701022851374,0.0,32.773853063583374
True,DNP,2.5,3,1.25,DNP_k2.50_s03.csv,828912.470456652,23626020.35892901,91677911323.17767,1.0,54.83715059690671,222.99900697190637,290.43235182669497,0.0,0.02658238229151959,0.03177202837248558,33.52079916000366
True,DNP,2.5,3,1.4,DNP_k2.50_s03.csv,828912.470456652,23626020.35892901,101590487938.66899,1.0,55.27800106753592,222.45990719236133,290.9396967348521,0.0,0.026385481469751736,0.03118638960976189,30.746810913085938
True,DNP,2.5,3,1.55,DNP_k2.50_s03.csv,828912.470456652,23626020.35892901,113474687867.8739,1.0,54.0740287779539,222.75634601270892,287.6199343146503,0.0,0.0264231608384542,0.0,30.12194585800171
True,DNP,2.5,3,1.7,DNP_k2.50_s03.csv,828912.470456652,23626020.35892901,127150885580.85577,1.0,55.216511461122444,223.3444068287593,286.0262383228067,0.0,0.026184557943487723,0.02898877676522065,28.677493810653687
True,DNP,2.5,3,1.8,DNP_k2.50_s03.csv,828912.470456652,23626020.35892901,137281319555.84972,1.0,49.60509532567423,222.53585152905382,286.8940034762607,0.0,0.025554731297840343,0.027255274372447263,31.90427803993225
True,DNP,2.5,4,0.95,DNP_k2.50_s04.csv,1209153.88917352,23822833.343231007,153188288427.8128,1.0,64.47440896947998,224.05939575093868,291.1623536970877,0.0,0.02815141937062644,0.0013825630375723513,36.362837076187134
True,DNP,2.5,4,1.1,DNP_k2.50_s04.csv,1209153.88917352,23822833.343231007,159700525279.85153,1.0,64.21388102628002,222.1901654942678,289.07411313103574,0.0,0.028341708012121,0.018516076303746683,37.260210037231445
True,DNP,2.5,4,1.25,DNP_k2.50_s04.csv,1209153.88917352,23822833.343231007,167707721425.324,1.0,60.6341497926294,222.00928678225515,287.7435326905958,0.0,0.027603406188446318,0.024261518036872327,35.23216485977173
True,DNP,2.5,4,1.4,DNP_k2.50_s04.csv,1209153.88917352,23822833.343231007,177467226505.8611,1.0,58.54923744703211,222.6040706506871,287.1401886930355,0.0,0.02742133499000534,0.0,35.74903607368469
True,DNP,2.5,4,1.55,DNP_k2.50_s04.csv,1209153.88917352,23822833.343231007,188868244736.5728,1.0,54.53528943145755,222.21708351606017,286.12191957462704,0.0,0.026604855873037066,0.02180001817305689,37.54616570472717
True,DNP,2.5,4,1.7,DNP_k2.50_s04.csv,1209153.88917352,23822833.343231007,202206135577.65298,1.0,46.36178463392352,222.95409557181725,285.82897167639754,0.0,0.02507628491296374,0.020735705216621894,32.715001821517944
True,DNP,2.5,4,1.8,DNP_k2.50_s04.csv,1209153.88917352,23822833.343231007,212194651356.3149,1.0,50.25514365983341,224.13394292921458,285.7805308559404,0.0,0.024572178939251142,0.021621268896927916,30.172806978225708
True,DNP,2.9,1,0.95,DNP_k2.90_s01.csv,955376.774272562,26782693.72939392,56861604862.21651,1.0,57.692311623598826,225.41536961116887,274.14575107009716,0.0,0.025677497373725718,0.06311100414436684,40.28612923622131
True,DNP,2.9,1,1.1,DNP_k2.90_s01.csv,955376.774272562,26782693.72939392,62300157330.22711,1.0,50.9605216337579,224.82594072783849,274.1411992232567,0.0,0.025211611393212745,0.0056235296793054335,42.7368688583374
True,DNP,2.9,1,1.25,DNP_k2.90_s01.csv,955376.774272562,26782693.72939392,69041603023.36008,1.0,52.13744118027724,223.75763748007813,274.08322067471573,0.0,0.025215933296951258,0.07184539610465764,38.20014500617981
True,DNP,2.9,1,1.4,DNP_k2.90_s01.csv,955376.774272562,26782693.72939392,77556853903.07529,1.0,46.18278998650175,224.44815582771582,273.2841320967686,0.0,0.024381365258512238,0.07408950119363991,39.363882064819336
True,DNP,2.9,1,1.55,DNP_k2.90_s01.csv,955376.774272562,26782693.72939392,87959137135.75067,1.0,52.38657335362113,224.2878720881601,271.98387921600187,0.0,0.024376263525441845,0.07761807805001304,39.01046395301819
True,DNP,2.9,1,1.7,DNP_k2.90_s01.csv,955376.774272562,26782693.72939392,100165915245.74594,1.0,34.2079716119304,224.24277610292413,272.45561236352916,0.0,0.022933535403055476,0.07851931652275881,34.301697969436646
True,DNP,2.9,1,1.8,DNP_k2.90_s01.csv,955376.774272562,26782693.72939392,109267092005.92642,1.0,41.82770558401627,224.11405532862176,271.5621323106967,0.0,0.023060678491885412,0.08240840543315087,37.59462237358093
True,DNP,2.9,2,0.95,DNP_k2.90_s02.csv,1185679.368202942,30547271.783072818,168414912115.62668,1.0,29.72397307297627,223.02633421173803,287.8163989931738,0.0,0.02081301192343027,0.05191701171746611,30.374237775802612
True,DNP,2.9,2,1.1,DNP_k2.90_s02.csv,1185679.368202942,30547271.783072818,172857707433.61047,1.0,32.493979868176595,222.98670856982085,283.0784207868172,0.0,0.02110507191244234,0.05073485048110895,33.472302198410034
True,DNP,2.9,2,1.25,DNP_k2.90_s02.csv,1185679.368202942,30547271.783072818,178935302028.8185,1.0,28.741553943188208,223.3189854600342,279.142416166096,0.0,0.020681147569717877,0.06954956943092858,30.13832974433899
True,DNP,2.9,2,1.4,DNP_k2.90_s02.csv,1185679.368202942,30547271.783072818,187182244311.51874,1.0,25.634521843038563,221.80198924158296,285.198843877925,0.0,0.020068336006386633,0.08084030154559835,30.833178758621216
True,DNP,2.9,2,1.55,DNP_k2.90_s02.csv,1185679.368202942,30547271.783072818,196532745705.0349,1.0,25.713662315911215,223.3305262253144,275.50633463760937,0.0,0.020291299058152485,0.07734470371436691,29.780884981155396
True,DNP,2.9,2,1.7,DNP_k2.90_s02.csv,1185679.368202942,30547271.783072818,208121701388.12842,1.0,22.38797439815508,223.91028247228613,270.4369866332104,0.0,0.019684880692919078,0.08516168286776496,30.617310047149658
True,DNP,2.9,2,1.8,DNP_k2.90_s02.csv,1185679.368202942,30547271.783072818,216804138499.44104,1.0,24.4567020745047,222.5999955410346,276.133566430963,0.0,0.019691651399753304,0.08558269549912,32.48721885681152
True,DNP,2.9,3,0.95,DNP_k2.90_s03.csv,985967.9709254621,22270230.452654447,81988313357.08607,1.0,51.38238007871314,229.76854721299514,283.40319350159115,0.0,0.023386681957517585,0.0,34.712594985961914
True,DNP,2.9,3,1.1,DNP_k2.90_s03.csv,985967.9709254621,22270230.452654447,89029315559.6289,1.0,47.342155097742264,229.74586841637804,283.8440522274355,0.0,0.02295290173374952,0.008727863817637821,30.235399961471558
True,DNP,2.9,3,1.25,DNP_k2.90_s03.csv,985967.9709254621,22270230.452654447,97502843524.49757,1.0,43.368465156835335,230.14623013360702,281.728843568989,0.0,0.022342813264417106,0.0352955195891591,31.996011972427368
True,DNP,2.9,3,1.4,DNP_k2.90_s03.csv,985967.9709254621,22270230.452654447,107958561055.45877,1.0,47.00000454022567,230.47101175520444,280.36930837440144,0.0,0.02188644261720133,0.03646044301882256,30.19273805618286
True,DNP,2.9,3,1.55,DNP_k2.90_s03.csv,985967.9709254621,22270230.452654447,120276182917.7201,1.0,41.330840979293555,230.66913765497782,279.6610604612593,0.0,0.021192494222274958,0.03434566558426471,32.904961824417114
True,DNP,2.9,3,1.7,DNP_k2.90_s03.csv,985967.9709254621,22270230.452654447,134388727844.98523,1.0,28.725969210592066,230.82585574542406,281.02442072473167,0.0,0.019780363530082626,0.05028575218820684,29.315234184265137
True,DNP,2.9,3,1.8,DNP_k2.90_s03.csv,985967.9709254621,22270230.452654447,144885466454.46915,1.0,23.685865074094853,230.7958066124299,281.17886487570934,0.0,0.01867841576773345,0.05275272757158942,30.29363989830017
True,DNP,2.9,4,0.95,DNP_k2.90_s04.csv,1378682.4220066722,27386688.976576757,216517512542.51532,1.0,46.36497695905334,214.89292396902036,305.51091265235385,0.0,0.02448501812868346,0.04858201960036733,27.33579683303833
True,DNP,2.9,4,1.1,DNP_k2.90_s04.csv,1378682.4220066722,27386688.976576757,222543762918.63873,1.0,50.77563401975022,218.2455159970342,294.39855451688453,0.0,0.024468981194399664,0.049063005141782356,27.47076988220215
True,DNP,2.9,4,1.25,DNP_k2.90_s04.csv,1378682.4220066722,27386688.976576757,230595572030.71655,1.0,44.35191520737048,218.97680365625962,297.8002108230779,0.0,0.02406288649749061,0.042892218100660476,27.565057039260864
True,DNP,2.9,4,1.4,DNP_k2.90_s04.csv,1378682.4220066722,27386688.976576757,240104111975.5733,1.0,47.151654210567564,217.07540738045537,291.44802752703,0.0,0.02432413794765287,0.04291574265582853,26.8710880279541
True,DNP,2.9,4,1.55,DNP_k2.90_s04.csv,1378682.4220066722,27386688.976576757,251837592505.2186,1.0,45.563090196384415,219.14377973725104,280.26317400380253,0.0,0.024117922620461373,0.04247597605572008,26.82223892211914
True,DNP,2.9,4,1.7,DNP_k2.90_s04.csv,1378682.4220066722,27386688.976576757,265509285284.84833,1.0,36.700344607774795,219.16304381212393,279.7332102663044,0.0,0.023136949749210812,0.05925428819911358,28.20582389831543
True,DNP,2.9,4,1.8,DNP_k2.90_s04.csv,1378682.4220066722,27386688.976576757,275707185842.39905,1.0,38.5127490016353,218.59183892374392,281.7696875137154,0.0,0.023440782038179432,0.06034259137036138,24.988251209259033
True,DNP,3.4,1,0.95,DNP_k3.40_s01.csv,1590593.088048112,25034025.6203252,171676921867.14603,1.0,38.418847719813996,221.99837002008366,293.01830343064887,0.0,0.02110800945082629,0.0,29.437872886657715
True,DNP,3.4,1,1.1,DNP_k3.40_s01.csv,1590593.088048112,25034025.6203252,178354371759.85403,1.0,31.501990945401694,222.5695372954446,290.55055313575025,0.0,0.020240333887350588,0.006207264211587418,28.872276067733765
True,DNP,3.4,1,1.25,DNP_k3.40_s01.csv,1590593.088048112,25034025.6203252,186744683956.1489,1.0,27.750723743178174,222.2604874889451,290.4692588699099,0.0,0.019770131591146094,0.0,27.19823908805847
True,DNP,3.4,1,1.4,DNP_k3.40_s01.csv,1590593.088048112,25034025.6203252,197077481390.17288,1.0,23.39579403955155,221.99992546646237,290.0533389702487,0.0,0.019173372126142785,0.011496472078924814,30.56342911720276
True,DNP,3.4,1,1.55,DNP_k3.40_s01.csv,1590593.088048112,25034025.6203252,209365342633.67633,1.0,28.78079667125032,222.6862885975319,285.60881110710193,0.0,0.019237968551742316,0.0,29.162660121917725
True,DNP,3.4,1,1.7,DNP_k3.40_s01.csv,1590593.088048112,25034025.6203252,223857856474.087,1.0,27.17502965575757,221.17631022138036,288.24961787117735,0.0,0.018770760217538814,0.0044947666775345535,26.967543840408325
True,DNP,3.4,1,1.8,DNP_k3.40_s01.csv,1590593.088048112,25034025.6203252,234197710522.42743,1.0,20.5463046209294,222.37704959733605,285.5702158675699,0.0,0.017864862969540003,0.04850659934302549,30.843894958496094
True,DNP,3.4,2,0.95,DNP_k3.40_s02.csv,1364313.645657532,28969548.988350812,224905250472.60132,1.0,28.430748090856248,228.00000020205562,303.0084733088882,0.0,0.017947431377427707,0.04953256658014931,31.222297191619873
True,DNP,3.4,2,1.1,DNP_k3.40_s02.csv,1364313.645657532,28969548.988350812,231282145915.57126,1.0,21.306633237769347,228.22833927662597,306.6307112101561,0.0,0.01729206819172418,0.046196692550164196,32.564807176589966
True,DNP,3.4,2,1.25,DNP_k3.40_s02.csv,1364313.645657532,28969548.988350812,239800832698.37567,1.0,20.743048317926164,228.61826404428373,301.4648138516327,0.0,0.016959077453435018,0.0,32.133997201919556
True,DNP,3.4,2,1.4,DNP_k3.40_s02.csv,1364313.645657532,28969548.988350812,249238515264.78326,1.0,11.418292778808565,228.99999351248115,308.3717901203367,0.0,0.016182555213042626,0.045802331030766946,33.940218925476074
True,DNP,3.4,2,1.55,DNP_k3.40_s02.csv,1364313.645657532,28969548.988350812,261044861452.0785,1.0,6.49096539647642,231.57543517210055,292.90730240384784,0.0,0.015717704962404874,0.04016135138226271,35.18686819076538
True,DNP,3.4,2,1.7,DNP_k3.40_s02.csv,1364313.645657532,28969548.988350812,274842867108.68332,1.0,3.6263540001035373,232.99497408956728,293.2115460821894,0.0,0.01488225255195887,0.04020360378735521,30.917145013809204
True,DNP,3.4,2,1.8,DNP_k3.40_s02.csv,1364313.645657532,28969548.988350812,286052285652.1207,1.0,4.515794152432752,232.1409577162849,308.9817306223437,0.0,0.014532885884802395,0.0,34.5386860370636
True,DNP,3.4,3,0.95,DNP_k3.40_s03.csv,1265663.4128121121,25004017.543224208,182130155054.2269,1.0,36.38347522034686,223.22583175264973,266.89976492613823,0.0,0.02140249430669018,0.0,31.92808771133423
True,DNP,3.4,3,1.1,DNP_k3.40_s03.csv,1265663.4128121121,25004017.543224208,188702980120.61127,1.0,38.43883532092526,225.13850952257846,260.75887200054785,0.0,0.021118325471609977,0.04550464790115796,32.50773286819458
True,DNP,3.4,3,1.25,DNP_k3.40_s03.csv,1265663.4128121121,25004017.543224208,198404849181.42966,1.0,37.29872027572251,222.86637677720154,259.1438688951545,0.0,0.022348259214461926,0.04387611330718701,33.74514317512512
True,DNP,3.4,3,1.4,DNP_k3.40_s03.csv,1265663.4128121121,25004017.543224208,210421947511.3719,1.0,32.17294070524181,228.31668729089571,253.26708118487838,0.0,0.020331758755634973,0.038570672816139955,31.662986040115356
True,DNP,3.4,3,1.55,DNP_k3.40_s03.csv,1265663.4128121121,25004017.543224208,222430605555.4403,1.0,30.43766513880385,222.2596016471241,259.4608725419284,0.0,0.020926230973360098,0.05550547832626834,35.46782064437866
True,DNP,3.4,3,1.7,DNP_k3.40_s03.csv,1265663.4128121121,25004017.543224208,238466910719.5158,1.0,30.888042541992245,221.4955672508737,259.1003048419962,0.0,0.020774258698795883,0.05918340706414225,29.73965811729431
True,DNP,3.4,3,1.8,DNP_k3.40_s03.csv,1265663.4128121121,25004017.543224208,252112975689.4901,1.0,46.2546512165005,221.76301445291108,262.3160537489291,0.0,0.019582491542696957,0.05976955291146988,35.514442920684814
True,DNP,3.4,4,0.95,DNP_k3.40_s04.csv,1364313.645657532,26491731.49281673,67748498300.994064,1.0,29.835520692350933,227.17381558070198,276.18862785968713,0.0,0.01867461418384237,0.01819138246645377,36.4717378616333
True,DNP,3.4,4,1.1,DNP_k3.40_s04.csv,1364313.645657532,26491731.49281673,74757729237.8357,1.0,31.859579331922475,227.4235705060288,273.3243195301523,0.0,0.0186118803135547,0.029720448013346504,38.25646209716797
True,DNP,3.4,4,1.25,DNP_k3.40_s04.csv,1364313.645657532,26491731.49281673,82938719969.99881,1.0,20.718111428253675,224.34031986574442,283.98296153678075,0.0,0.01739834474158804,0.05984440148230068,36.571011781692505
True,DNP,3.4,4,1.4,DNP_k3.40_s04.csv,1364313.645657532,26491731.49281673,93001144708.4466,1.0,20.147395306153207,224.75061083210713,281.8153856197859,0.0,0.017337561069947913,0.05545247111846104,37.153151988983154
True,DNP,3.4,4,1.55,DNP_k3.40_s04.csv,1364313.645657532,26491731.49281673,105013975850.83936,1.0,7.373947122626609,226.18296707154252,280.2965375255692,0.0,0.015954459541272083,0.02500648888346141,37.56683707237244
True,DNP,3.4,4,1.7,DNP_k3.40_s04.csv,1364313.645657532,26491731.49281673,119728894823.19934,1.0,30.290693996430136,225.7554776721538,277.5343420325016,0.0,0.01658863185478648,0.056477296414690945,35.27029085159302
True,DNP,3.4,4,1.8,DNP_k3.40_s04.csv,1364313.645657532,26491731.49281673,129579121863.71909,1.0,8.929554175919737,227.7957101405941,265.4618244041738,0.0,0.016215596937389314,0.0397116727858412,35.96022987365723
True,DNP,4.0,1,0.95,DNP_k4.00_s01.csv,1462615.6811378403,28400444.088814482,84945301583.46136,1.0,20.444420258743484,224.79658963973012,307.6942589145959,0.0,0.01832179953680368,0.007518212178925371,37.397767782211304
True,DNP,4.0,1,1.1,DNP_k4.00_s01.csv,1462615.6811378403,28400444.088814482,92615291910.02602,1.0,9.261854393995051,227.01391471463552,305.2338741103592,0.0,0.017205267433390507,0.0,38.76102900505066
True,DNP,4.0,1,1.25,DNP_k4.00_s01.csv,1462615.6811378403,28400444.088814482,101979645465.29984,1.0,15.354892588191845,227.76205419511737,299.64213613585935,0.0,0.017191816783181563,0.022252856699432673,34.40005803108215
True,DNP,4.0,1,1.4,DNP_k4.00_s01.csv,1462615.6811378403,28400444.088814482,113055451748.99908,1.0,7.19178876718271,224.1804526502901,300.9546767646529,0.0,0.01702190290304705,0.021073961490828345,37.10880422592163
True,DNP,4.0,1,1.55,DNP_k4.00_s01.csv,1462615.6811378403,28400444.088814482,127325143114.63083,1.0,25.032058279255935,224.72733258666423,299.2250610772446,0.0,0.016715546518989672,0.023898763350370507,34.089154958724976
True,DNP,4.0,1,1.7,DNP_k4.00_s01.csv,1462615.6811378403,28400444.088814482,142289152318.18457,1.0,19.632710781323013,225.3539651723246,293.6992634442662,0.0,0.016570509788418182,0.05283096030846225,33.821805000305176
True,DNP,4.0,1,1.8,DNP_k4.00_s01.csv,1462615.6811378403,28400444.088814482,152831682463.29996,1.0,0.6925755390330863,228.4386510895474,296.14475258893106,0.0,0.01530808597760597,0.0038770637507700156,32.91785407066345
True,DNP,4.0,2,0.95,DNP_k4.00_s02.csv,1437400.85843224,34110421.39392496,244798096215.07773,1.0,28.635924687549153,224.27486878641463,298.8576067019316,0.0,0.018498493763649773,0.02478936859987445,29.2950701713562
True,DNP,4.0,2,1.1,DNP_k4.00_s02.csv,1437400.85843224,34110421.39392496,251974853483.83057,1.0,23.26340704558944,225.86448907763346,301.78820101127116,0.0,0.017467682559787003,0.0,30.70984697341919
True,DNP,4.0,2,1.25,DNP_k4.00_s02.csv,1437400.85843224,34110421.39392496,260344468624.10187,1.0,20.393193198559125,224.2828946447791,298.37973166462996,0.0,0.01720334740559833,0.0014302561107829848,31.817678928375244
True,DNP,4.0,2,1.4,DNP_k4.00_s02.csv,1437400.85843224,34110421.39392496,270723391126.26102,1.0,8.112124140362942,222.91196816528978,302.51788491845554,0.0,0.016304610221849678,0.02078164458952616,30.90753674507141
True,DNP,4.0,2,1.55,DNP_k4.00_s02.csv,1437400.85843224,34110421.39392496,283036935563.6602,1.0,10.557508130263054,224.99999874610478,296.0065652064794,0.0,0.016057655914782063,0.0,29.822211027145386
True,DNP,4.0,2,1.7,DNP_k4.00_s02.csv,1437400.85843224,34110421.39392496,297696457566.06256,1.0,1.864758010521822,225.9973012344987,293.31132703478215,0.0,0.015465086332305582,0.0,30.09424591064453
True,DNP,4.0,2,1.8,DNP_k4.00_s02.csv,1437400.85843224,34110421.39392496,308299465548.5558,1.0,9.093460639895557,224.42920805661885,292.5466503398966,0.0,0.015709303228617907,0.02022237494704685,28.67346978187561
True,DNP,4.0,3,0.95,DNP_k4.00_s03.csv,1068316.44347704,32927647.830296803,201261057842.0201,1.0,50.345174907935785,221.82652128942973,275.8529040623549,0.0,0.025535637456959134,0.0,32.97070384025574
True,DNP,4.0,3,1.1,DNP_k4.00_s03.csv,1068316.44347704,32927647.830296803,208172936528.56564,1.0,48.62094570243054,220.57753109809732,275.6180302631734,0.0,0.025735919937059263,0.008422375667503229,34.114624977111816
True,DNP,4.0,3,1.25,DNP_k4.00_s03.csv,1068316.44347704,32927647.830296803,216950723482.51624,1.0,49.246516754554776,221.6628923131281,271.0271756758204,0.0,0.025569777175526748,0.034346561699372155,34.2940092086792
True,DNP,4.0,3,1.4,DNP_k4.00_s03.csv,1068316.44347704,32927647.830296803,227870669608.62662,1.0,41.58752184975248,221.47123258113976,272.3654849346755,0.0,0.024741088316025082,0.04132836862126249,33.406665325164795
True,DNP,4.0,3,1.55,DNP_k4.00_s03.csv,1068316.44347704,32927647.830296803,241046923054.10956,1.0,49.71314662919004,221.85994230232183,270.044663021896,0.0,0.024562859586782667,0.0445918352753868,32.43738293647766
True,DNP,4.0,3,1.7,DNP_k4.00_s03.csv,1068316.44347704,32927647.830296803,255936394567.85138,1.0,46.066764191745236,221.5108739461973,268.74703631141176,0.0,0.02441636328268336,0.04273782737797382,32.81903314590454
True,DNP,4.0,3,1.8,DNP_k4.00_s03.csv,1068316.44347704,32927647.830296803,267511762294.73605,1.0,34.42915432215005,222.95766946577106,266.29245486522325,0.0,0.023811228485175202,0.03914674268181911,31.0462429523468
True,DNP,4.0,4,0.95,DNP_k4.00_s04.csv,1437400.85843224,33186743.771936562,310258520147.0836,1.0,57.854341075942,226.77217535010834,256.6581971458224,0.0,0.025890200129754785,0.0,30.876062870025635
True,DNP,4.0,4,1.1,DNP_k4.00_s04.csv,1437400.85843224,33186743.771936562,317717099348.38135,1.0,50.665818954491364,227.19543681825294,256.25840405335606,0.0,0.025218523863727332,0.0,29.549113988876343
True,DNP,4.0,4,1.25,DNP_k4.00_s04.csv,1437400.85843224,33186743.771936562,326535847005.702,1.0,49.31934297419269,226.45787450279002,256.2150927103303,0.0,0.025089833076246244,0.03546736693399686,29.3632230758667
True,DNP,4.0,4,1.4,DNP_k4.00_s04.csv,1437400.85843224,33186743.771936562,337614353561.4764,1.0,43.37125195368906,226.71919021869348,255.6658572061894,0.0,0.024543837056295807,0.0,31.594518899917603
True,DNP,4.0,4,1.55,DNP_k4.00_s04.csv,1437400.85843224,33186743.771936562,351084273003.8127,1.0,35.839483323557985,227.46124428535785,253.06054639274848,0.0,0.024214339126765294,0.038538426290208094,29.75920796394348
True,DNP,4.0,4,1.7,DNP_k4.00_s04.csv,1437400.85843224,33186743.771936562,366488897125.973,1.0,41.72513323244996,226.58170647448574,253.7865473182917,0.0,0.024054729040982332,0.035370702363825376,29.181594133377075
True,DNP,4.0,4,1.8,DNP_k4.00_s04.csv,1437400.85843224,33186743.771936562,378201606914.5201,1.0,32.84661614851896,227.277912466671,253.33343281007853,0.0,0.023429084677035736,0.04467349237923848,32.225537061691284
True,DNP,4.6,1,0.95,DNP_k4.60_s01.csv,1659567.949463568,46461587.07686362,469743580198.7229,1.0,37.42571483385406,232.45730439371255,274.3416185665579,0.0,0.0205199899575216,0.0,32.64926314353943
True,DNP,4.6,1,1.1,DNP_k4.60_s01.csv,1659567.949463568,46461587.07686362,475858280087.04913,1.0,28.153869670715686,230.72564716121155,282.14889032194566,0.0,0.0200202525625552,0.033443130005486155,29.668088912963867
True,DNP,4.6,1,1.25,DNP_k4.60_s01.csv,1659567.949463568,46461587.07686362,484137030665.2302,1.0,31.265141772628645,227.74610088899294,280.0371549697242,0.0,0.02033541250076884,0.03302673324548094,29.57345986366272
True,DNP,4.6,1,1.4,DNP_k4.60_s01.csv,1659567.949463568,46461587.07686362,493223950633.70154,1.0,19.386934401043,233.29218300452283,272.2488325216663,0.0,0.019053779892890796,0.0,30.599939107894897
True,DNP,4.6,1,1.55,DNP_k4.60_s01.csv,1659567.949463568,46461587.07686362,504352241679.31006,1.0,21.58537889280149,231.61384172329394,274.9113760665732,0.0,0.018809600517094516,0.0,29.790880918502808
True,DNP,4.6,1,1.7,DNP_k4.60_s01.csv,1659567.949463568,46461587.07686362,518183514943.5766,1.0,16.17184638421208,233.67209233949785,276.9955137855977,0.0,0.017687053595388372,0.0,26.813647747039795
True,DNP,4.6,1,1.8,DNP_k4.60_s01.csv,1659567.949463568,46461587.07686362,527572171985.99475,1.0,4.764169183031487,235.46825004159166,272.32514215036514,0.0,0.017393828890109517,0.0,27.572977781295776
True,DNP,4.6,2,0.95,DNP_k4.60_s02.csv,2043648.064064688,44834609.73718481,603329988696.9883,1.0,68.40031542394554,225.12693795459668,273.707673312472,0.0,0.025871361217117264,0.0002526701748628568,23.31142807006836
True,DNP,4.6,2,1.1,DNP_k4.60_s02.csv,2043648.064064688,44834609.73718481,610113129891.1268,1.0,52.38282135712096,227.46673073274428,270.27164496207735,0.0,0.02488204577212592,0.0,25.099486112594604
True,DNP,4.6,2,1.25,DNP_k4.60_s02.csv,2043648.064064688,44834609.73718481,619627927041.2991,1.0,48.288874021232594,227.70183329731654,275.17884296150453,0.0,0.024189950402198995,0.037427595119597416,25.639675855636597
True,DNP,4.6,2,1.4,DNP_k4.60_s02.csv,2043648.064064688,44834609.73718481,630498444751.0767,1.0,54.27018199751291,222.96046914019857,276.4592202628038,0.0,0.024693714793114968,0.04110448701351693,22.54497194290161
True,DNP,4.6,2,1.55,DNP_k4.60_s02.csv,2043648.064064688,44834609.73718481,643662478107.1733,1.0,47.824609259264506,223.31546154319986,271.49743698580903,0.0,0.024410786671925866,0.0,25.14673900604248
True,DNP,4.6,2,1.7,DNP_k4.60_s02.csv,2043648.064064688,44834609.73718481,658871654090.8396,1.0,46.77276909611843,225.1951344778347,270.7646787245696,0.0,0.023815396625929797,0.04155084460172313,25.474184036254883
True,DNP,4.6,2,1.8,DNP_k4.60_s02.csv,2043648.064064688,44834609.73718481,670894650699.2659,1.0,50.167145932985676,222.99993596211812,272.7012186051706,0.0,0.02350734134434427,0.04419331919604448,23.202282190322876
True,DNP,4.6,3,0.95,DNP_k4.60_s03.csv,2099178.6865475685,36493624.985534705,410075998750.3498,1.0,28.35226027155348,238.6827381175777,291.4318159702591,0.0,0.020547069537254246,0.027702855786405897,30.27716565132141
True,DNP,4.6,3,1.1,DNP_k4.60_s03.csv,2099178.6865475685,36493624.985534705,417766465319.10297,1.0,23.507439384100614,239.76969056289985,287.6482143275212,0.0,0.020002418480898964,0.024147583301719785,29.471354007720947
True,DNP,4.6,3,1.25,DNP_k4.60_s03.csv,2099178.6865475685,36493624.985534705,427783089267.84045,1.0,24.460710792581907,239.639801555807,283.3493798553332,0.0,0.020077674386750573,0.03768755878128612,25.816287994384766
True,DNP,4.6,3,1.4,DNP_k4.60_s03.csv,2099178.6865475685,36493624.985534705,440257199286.9299,1.0,17.759346375325734,239.05845939118208,285.7397216482345,0.0,0.019025225282349175,0.0,29.543540954589844
True,DNP,4.6,3,1.55,DNP_k4.60_s03.csv,2099178.6865475685,36493624.985534705,454123107832.033,1.0,21.498230752976813,241.0854118839056,280.20876559363245,0.0,0.019304380770322923,0.03515654751756492,27.38038682937622
True,DNP,4.6,3,1.7,DNP_k4.60_s03.csv,2099178.6865475685,36493624.985534705,471108990459.9888,1.0,18.667985509083273,241.83552329834345,279.6439430100723,0.0,0.018699810741104217,0.0,26.791568994522095
True,DNP,4.6,3,1.8,DNP_k4.60_s03.csv,2099178.6865475685,36493624.985534705,482586219377.6406,1.0,6.59726070411504,249.33244539141936,269.921594644638,0.0,0.01786042103323086,0.0,29.614775896072388
True,DNP,4.6,4,0.95,DNP_k4.60_s04.csv,2099178.6865475685,49137468.359063506,581066474327.2764,1.0,42.39358327309992,228.88778303373795,268.48367121725124,0.0,0.0231332369671092,0.04138159531528123,26.77518320083618
True,DNP,4.6,4,1.1,DNP_k4.60_s04.csv,2099178.6865475685,49137468.359063506,587533322699.421,1.0,46.61347703362945,228.0618558661695,269.32377140257955,0.0,0.02297658045442778,0.04538583598132351,27.791786909103394
True,DNP,4.6,4,1.25,DNP_k4.60_s04.csv,2099178.6865475685,49137468.359063506,596320842990.4696,1.0,41.08705383298782,228.3256365114839,268.20122982488556,0.0,0.02256396056964586,0.0,27.845582008361816
True,DNP,4.6,4,1.4,DNP_k4.60_s04.csv,2099178.6865475685,49137468.359063506,606471811703.5863,1.0,36.49612810975064,228.25118012447263,267.986062945946,0.0,0.02198257332443357,0.03905880329380753,26.29244089126587
True,DNP,4.6,4,1.55,DNP_k4.60_s04.csv,2099178.6865475685,49137468.359063506,619626375004.3596,1.0,30.429582106091715,226.6530970999766,271.8368080958724,0.0,0.021697820749895957,0.0357971380872126,27.31410527229309
True,DNP,4.6,4,1.7,DNP_k4.60_s04.csv,2099178.6865475685,49137468.359063506,636716275890.2904,1.0,43.45758798893654,225.6208671736661,274.41067000401387,0.0,0.02146620735554541,0.0,24.357280015945435
True,DNP,4.6,4,1.8,DNP_k4.60_s04.csv,2099178.6865475685,49137468.359063506,645563255602.7041,1.0,23.542768410142607,228.44027126644994,265.00103647417325,0.0,0.02085934661888284,0.04878794380295633,28.08772110939026
True,DNP,5.2,1,0.95,DNP_k5.20_s01.csv,2353471.485797296,40039883.541999,381854465502.2543,1.0,25.744348219270247,223.67522471223086,284.5219153177202,0.0,0.018794975829409304,0.0,28.90829086303711
True,DNP,5.2,1,1.1,DNP_k5.20_s01.csv,2353471.485797296,40039883.541999,389495373254.2572,1.0,21.538499710325222,223.48728488982388,283.0696981052049,0.0,0.018454334863982486,0.0,30.844583988189697
True,DNP,5.2,1,1.25,DNP_k5.20_s01.csv,2353471.485797296,40039883.541999,399108999596.3719,1.0,22.398618457355123,223.73731248103567,275.7957601948523,0.0,0.01854338248416748,0.0,30.550763845443726
True,DNP,5.2,1,1.4,DNP_k5.20_s01.csv,2353471.485797296,40039883.541999,410898590118.0573,1.0,24.167803504903574,223.80586699373043,271.31126379929,0.0,0.01856781147235845,0.0,28.575518131256104
True,DNP,5.2,1,1.55,DNP_k5.20_s01.csv,2353471.485797296,40039883.541999,425294448789.4649,1.0,17.455569117134875,224.02668078371474,271.5559619015865,0.0,0.017927976843480548,0.0,28.530524253845215
True,DNP,5.2,1,1.7,DNP_k5.20_s01.csv,2353471.485797296,40039883.541999,441284238048.8646,1.0,10.54417061071623,224.96369612687016,269.42390477108194,0.0,0.017354915494541618,0.0,28.299115896224976
True,DNP,5.2,1,1.8,DNP_k5.20_s01.csv,2353471.485797296,40039883.541999,453624823848.02106,1.0,4.172109274941654,223.4797053394324,275.75974629789886,0.0,0.016759959203910796,0.0,32.56415891647339
True,DNP,5.2,2,0.95,DNP_k5.20_s02.csv,2353471.485797296,46467706.93073878,548254861983.79504,1.0,28.045156968838253,222.45427626200214,260.93228143690584,0.0,0.02076006373502764,0.0,27.835947036743164
True,DNP,5.2,2,1.1,DNP_k5.20_s02.csv,2353471.485797296,46467706.93073878,557276930191.9719,1.0,29.505575318328532,214.99600793666744,287.1202112913502,0.0,0.019941298182574112,0.0,27.51983070373535
True,DNP,5.2,2,1.25,DNP_k5.20_s02.csv,2353471.485797296,46467706.93073878,563438983619.5862,1.0,25.95767393631205,222.9232193807568,256.98777471753317,0.0,0.020562419531307403,0.0,26.45320177078247
True,DNP,5.2,2,1.4,DNP_k5.20_s02.csv,2353471.485797296,46467706.93073878,575513623709.7988,1.0,22.684538265378528,218.97704380390965,266.778183438503,0.0,0.019569404274640458,0.0006477443488382001,31.640451908111572
True,DNP,5.2,2,1.55,DNP_k5.20_s02.csv,2353471.485797296,46467706.93073878,590488773963.4596,1.0,44.86580763307877,224.3466098347968,255.79183069980948,0.0,0.019028088072390762,0.0,26.36233901977539
True,DNP,5.2,2,1.7,DNP_k5.20_s02.csv,2353471.485797296,46467706.93073878,603350857906.3514,1.0,20.53428772335518,219.64035317308318,261.5043243072632,0.0,0.019121212141153032,0.0,25.467092037200928
True,DNP,5.2,2,1.8,DNP_k5.20_s02.csv,2353471.485797296,46467706.93073878,615474174116.7073,1.0,26.95480482321639,220.33156809880276,259.04306765226,0.0,0.018986124442586422,0.0,26.53012490272522
True,DNP,5.2,3,0.95,DNP_k5.20_s03.csv,1823740.948272016,47253601.46517791,605521116770.5767,1.0,41.70939243799799,229.14439747951815,281.5138439190114,0.0,0.022490051686524442,0.0,26.32225203514099
True,DNP,5.2,3,1.1,DNP_k5.20_s03.csv,1823740.948272016,47253601.46517791,614632620307.7993,1.0,42.47898043853373,230.98691654441498,271.95916543592017,0.0,0.02267560151860116,0.0,26.285009145736694
True,DNP,5.2,3,1.25,DNP_k5.20_s03.csv,1823740.948272016,47253601.46517791,625818197912.5442,1.0,32.808165065575864,229.52591976278103,279.9259149012666,0.0,0.021366399369925307,0.0,25.405400037765503
True,DNP,5.2,3,1.4,DNP_k5.20_s03.csv,1823740.948272016,47253601.46517791,638943589397.7,1.0,34.57983746169833,230.33044932428317,273.65538426758314,0.0,0.02178425459194017,0.0,26.14749789237976
True,DNP,5.2,3,1.55,DNP_k5.20_s03.csv,1823740.948272016,47253601.46517791,654628758532.7113,1.0,38.671524888694535,229.66691797487795,276.62161721917494,0.0,0.021280477092465614,0.0,25.798906803131104
True,DNP,5.2,3,1.7,DNP_k5.20_s03.csv,1823740.948272016,47253601.46517791,672658707592.9608,1.0,35.32083901911987,229.6837182710295,268.1962797638879,0.0,0.021241179686577797,0.0,25.4148530960083
True,DNP,5.2,3,1.8,DNP_k5.20_s03.csv,1823740.948272016,47253601.46517791,685705118253.1044,1.0,27.340198140964183,229.00000041693852,278.7003106355033,0.0,0.019742858437075073,0.0,23.82115888595581
True,DNP,5.2,4,0.95,DNP_k5.20_s04.csv,1856520.2177892963,41747408.993816145,403424471032.72534,1.0,28.618362104702392,230.8156063844594,290.84864212129673,0.0,0.021203109769854334,0.0,29.31402611732483
True,DNP,5.2,4,1.1,DNP_k5.20_s04.csv,1856520.2177892963,41747408.993816145,410638946630.14215,1.0,25.47402381215666,228.01626269856308,288.0174999543185,0.0,0.02115068948261155,0.0,32.88296389579773
True,DNP,5.2,4,1.25,DNP_k5.20_s04.csv,1856520.2177892963,41747408.993816145,420671002509.2737,1.0,20.688373087727697,227.3033596088921,287.6155408598713,0.0,0.020692485679484948,0.0,28.536863088607788
True,DNP,5.2,4,1.4,DNP_k5.20_s04.csv,1856520.2177892963,41747408.993816145,433019672323.1487,1.0,28.52810538094813,228.19520938513,276.00552001647907,0.0,0.020551514603900724,0.013706979990954214,31.156758069992065
True,DNP,5.2,4,1.55,DNP_k5.20_s04.csv,1856520.2177892963,41747408.993816145,446478195816.3963,1.0,19.848234775811044,227.45453010255005,283.1425128500871,0.0,0.02001649601760245,0.0,30.403547048568726
True,DNP,5.2,4,1.7,DNP_k5.20_s04.csv,1856520.2177892963,41747408.993816145,463021493519.1315,1.0,19.459555920008633,227.9999966737235,281.68282046633976,0.0,0.019502664329477774,0.005102664276091989,28.883262872695923
True,DNP,5.2,4,1.8,DNP_k5.20_s04.csv,1856520.2177892963,41747408.993816145,474733857900.5322,1.0,8.447766133161966,228.51803018269834,280.8756470541581,0.0,0.019116443218815123,0.00937109865180647,32.34991478919983
True,EXC,0.8,1,0.95,EXC_k0.80_s01.csv,240146.499209832,338784.3417148559,227842865.1998067,1.0126160716962813,6.743336189772286,249.8027346760175,300.6522500694164,0.8808003262063111,0.16534388250979243,0.10924950096061499,28.847711086273193
True,EXC,0.8,1,1.1,EXC_k0.80_s01.csv,240146.499209832,338784.3417148559,720454393.7161101,1.0005549918010037,81.56655669013061,249.69194333461195,294.0008902592384,0.8922141064158501,0.18424863271418712,0.10959416972217906,23.352710962295532
True,EXC,0.8,1,1.25,EXC_k0.80_s01.csv,240146.499209832,338784.3417148559,1684694383.1733205,1.0011400456671058,1.6130124106600903,231.1568207861454,295.8574899701167,0.8869787537981575,0.23664959595029642,0.06030170970865753,18.61401081085205
True,EXC,0.8,1,1.4,EXC_k0.80_s01.csv,240146.499209832,338784.3417148559,3266366409.661429,1.0,27.865451710988175,235.81711785213133,341.8717083944113,0.9281014876373563,0.2596042872415934,0.07172275147110688,15.779240131378174
True,EXC,0.8,1,1.55,EXC_k0.80_s01.csv,240146.499209832,338784.3417148559,5361231153.915999,1.0,32.48509114093858,120.45400844705792,293.5847378424176,0.8337688728419742,0.39411743593086496,0.03785686782157893,12.98045301437378
True,EXC,0.8,1,1.7,EXC_k0.80_s01.csv,240146.499209832,338784.3417148559,8304131678.329128,1.0,41.251150472437985,158.79623512850762,280.9774741866162,0.866040014726362,0.4802245457632426,0.0610345824726838,13.212568759918213
True,EXC,0.8,1,1.8,EXC_k0.80_s01.csv,240146.499209832,338784.3417148559,10734343530.385498,1.0,40.29494727857505,126.8174173605642,266.1101071062793,0.8285224957567578,0.851425085592438,0.04874576502117744,13.538880109786987
True,EXC,0.8,2,0.95,EXC_k0.80_s02.csv,288371.366972312,578073.2662487121,127430633.39291464,1.0033712431695772,77.58499178141312,234.58637951078668,292.50418283572424,0.7834366973011142,0.09928322510082363,0.11224723285542151,25.82761287689209
True,EXC,0.8,2,1.1,EXC_k0.80_s02.csv,288371.366972312,578073.2662487121,386185529.0103372,1.0036561274358717,20.477847127185132,236.0120229380885,287.7317646173684,0.7838755102046936,0.09665165120100877,0.10306366154610705,21.75580406188965
True,EXC,0.8,2,1.25,EXC_k0.80_s02.csv,288371.366972312,578073.2662487121,945324991.174296,1.011016777242279,34.62439855935586,240.7571149282748,277.8367343989384,0.7837360103062676,0.09958008149432401,0.1359693978180268,22.93297004699707
True,EXC,0.8,2,1.4,EXC_k0.80_s02.csv,288371.366972312,578073.2662487121,1915574006.5554514,1.0101671479139216,45.711747171924735,220.33794835728818,287.1335511391928,0.7410582918327202,0.09800007344679623,0.03770657329620952,18.812567234039307
True,EXC,0.8,2,1.55,EXC_k0.80_s02.csv,288371.366972312,578073.2662487121,3420864747.014374,1.0075319686916806,59.630632403423654,242.966985508363,267.65923690250685,0.7891516608842715,0.09396106498361886,0.03611680774285565,19.11053705215454
True,EXC,0.8,2,1.7,EXC_k0.80_s02.csv,288371.366972312,578073.2662487121,5638528396.418528,1.0,58.09419236870242,194.72542006084674,282.4073651788,0.6449438671092196,0.10129659467725563,0.04187538903588406,19.405131816864014
True,EXC,0.8,2,1.8,EXC_k0.80_s02.csv,288371.366972312,578073.2662487121,7581585483.700666,1.0086886935001302,9.38401000722233,232.52243207756652,271.666713099047,0.7407266348908165,0.08284235269384133,0.05438113346827971,19.52755379676819
True,EXC,0.8,3,0.95,EXC_k0.80_s03.csv,223694.77390631195,189107.319186648,90682819.53104626,1.0021813873512013,80.34668732439073,220.87769106279092,275.48851495087257,0.8867707274723152,0.3248266410097568,0.12527177962296535,26.401714086532593
True,EXC,0.8,3,1.1,EXC_k0.80_s03.csv,223694.77390631195,189107.319186648,474375461.4493739,1.0,76.06558484000794,208.88857760036692,269.78240516299604,0.8457555306360711,0.4043825514037771,0.17635069319910998,20.56456971168518
True,EXC,0.8,3,1.25,EXC_k0.80_s03.csv,223694.77390631195,189107.319186648,1320235522.0733871,1.0,54.481860556031705,186.482023318202,276.49787792076546,0.8293307863324715,0.312988782814882,0.13037892215640734,16.97147488594055
True,EXC,0.8,3,1.4,EXC_k0.80_s03.csv,223694.77390631195,189107.319186648,2768527636.949107,1.0,95.52557691568113,200.2181216005962,262.2945583694183,0.8332482008420274,0.4420140109332062,0.04249037481551659,15.731830835342407
True,EXC,0.8,3,1.55,EXC_k0.80_s03.csv,223694.77390631195,189107.319186648,5023494898.60474,1.0,17.85030754645343,188.68265398143933,255.72228245477893,0.7739602033014252,0.7180529786829835,0.035077908647295694,13.187171220779419
True,EXC,0.8,3,1.7,EXC_k0.80_s03.csv,223694.77390631195,189107.319186648,8244154230.25441,1.0,70.45953794556942,144.65388920166615,255.60418202301244,0.666176920803605,0.37023845926090676,0.05952033288236683,14.294264078140259
True,EXC,0.8,3,1.8,EXC_k0.80_s03.csv,223694.77390631195,189107.319186648,10890280905.51434,1.0,52.661465407435834,132.59191589155924,255.1787656393598,0.6607210840373645,0.3798069990147094,0.057915147559479886,11.814509153366089
True,EXC,0.8,4,0.95,EXC_k0.80_s04.csv,288371.366972312,469240.7084724401,477548655.45070076,1.0003850162191816,86.20818479071566,188.3329052510187,339.830753163137,0.7606292828010768,0.09193509888513761,0.08979343270755978,21.88746190071106
True,EXC,0.8,4,1.1,EXC_k0.80_s04.csv,288371.366972312,469240.7084724401,1040122793.3345398,1.0316306092518024,68.56742502878362,201.15398234007642,298.7796380628047,0.7724676189854713,0.09442105495013547,0.1770948604657881,20.2810800075531
True,EXC,0.8,4,1.25,EXC_k0.80_s04.csv,288371.366972312,469240.7084724401,1980823220.0289779,1.021760538317459,70.1443430929473,201.92590683877523,290.87610843109064,0.7726429095340579,0.09296113438238524,0.12528417798902428,19.260170936584473
True,EXC,0.8,4,1.4,EXC_k0.80_s04.csv,288371.366972312,469240.7084724401,3579811855.1963673,1.036282574253848,74.7253350348387,223.871162766947,261.5970821315009,0.7744804176522102,0.0931161523864856,0.11010852472804143,17.305147886276245
True,EXC,0.8,4,1.55,EXC_k0.80_s04.csv,288371.366972312,469240.7084724401,5782741305.38996,1.0,32.427667099446865,188.85153157184797,283.6026728926509,0.7500531015614261,0.09540472041825881,0.0283620730549672,20.167282342910767
True,EXC,0.8,4,1.7,EXC_k0.80_s04.csv,288371.366972312,469240.7084724401,9035687380.354158,1.0311986769174994,62.826189196433084,193.62636556818725,259.90294041354616,0.6658402336213215,0.06509953514107905,0.04003603774976579,16.33701515197754
True,EXC,0.8,4,1.8,EXC_k0.80_s04.csv,288371.366972312,469240.7084724401,11676364599.531546,1.024108562227067,94.37988619392266,218.6331818047264,261.3372056775448,0.7192662765982668,0.05310831177386656,0.063256986572048,16.630840063095093
True,EXC,0.9,1,0.95,EXC_k0.90_s01.csv,259626.767401816,562461.2818457038,381949873.7547956,1.000568364457458,15.003989521100117,246.65495156139505,317.7514438539579,0.8027367960735421,0.10620939732951114,0.11712264977617459,29.259679079055786
True,EXC,0.9,1,1.1,EXC_k0.90_s01.csv,259626.767401816,562461.2818457038,927773601.6625909,1.0077417348987283,59.882244323436495,241.1756547931048,339.09746653725995,0.8204003495184028,0.11769879666103927,0.10732465540761127,23.213021993637085
True,EXC,0.9,1,1.25,EXC_k0.90_s01.csv,259626.767401816,562461.2818457038,1862681190.7164958,1.0067505752347223,21.15492711693768,241.6107525294253,344.3024397424498,0.8593635413220281,0.14394794411799638,0.13302512822577203,20.309878826141357
True,EXC,0.9,1,1.4,EXC_k0.90_s01.csv,259626.767401816,562461.2818457038,3295402554.7216063,1.0129759204709479,56.015904689136775,245.72067461906934,323.53340669451495,0.8862184197964282,0.1849713939104543,0.10956524103920731,17.9101722240448
True,EXC,0.9,1,1.55,EXC_k0.90_s01.csv,259626.767401816,562461.2818457038,5361848434.028009,1.0,46.31734211820063,174.8115144480496,341.2545101914347,0.8524216860166582,0.221821137570315,0.06522022417792078,17.082165002822876
True,EXC,0.9,1,1.7,EXC_k0.90_s01.csv,259626.767401816,562461.2818457038,8056503001.419873,1.0,92.91465601327153,185.63668973522846,298.29525761945314,0.8560936286178922,0.309404638813612,0.05538350769502914,13.940841913223267
True,EXC,0.9,1,1.8,EXC_k0.90_s01.csv,259626.767401816,562461.2818457038,10313896356.570208,1.0,34.02432037736446,176.72778162138619,283.96414249749154,0.8556298384657088,0.42950398147168656,0.02582800575871523,12.872987985610962
True,EXC,0.9,2,0.95,EXC_k0.90_s02.csv,313879.74363460595,614539.9080496562,343825696.41291034,1.0058491555540792,22.935595704284633,215.62640515742333,361.0908150317243,0.8003823759830875,0.10638919771493248,0.17612890661503622,22.986976861953735
True,EXC,0.9,2,1.1,EXC_k0.90_s02.csv,313879.74363460595,614539.9080496562,828139063.2098749,1.0025853617929124,64.79997609163506,225.72763323498134,347.7005640770823,0.8534924931929617,0.13971805599358578,0.1500392264235123,21.785907983779907
True,EXC,0.9,2,1.25,EXC_k0.90_s02.csv,313879.74363460595,614539.9080496562,1853249830.1776187,1.0024091509824302,28.01196871138728,248.06609061708497,326.13824063130687,0.8790368577121319,0.14182079960893912,0.011397311412169181,17.858629941940308
True,EXC,0.9,2,1.4,EXC_k0.90_s02.csv,313879.74363460595,614539.9080496562,3360276069.7191358,1.0,35.75762989506702,204.2067901878715,353.63587374939107,0.9037086961434676,0.2272334984549334,1.3327925588474399e-05,16.847595930099487
True,EXC,0.9,2,1.55,EXC_k0.90_s02.csv,313879.74363460595,614539.9080496562,5691315806.559242,1.0,70.53202762211788,202.92538765523685,302.00129751054374,0.8875901868134102,0.2943624838849738,0.07284988589662744,14.228118896484375
True,EXC,0.9,2,1.7,EXC_k0.90_s02.csv,313879.74363460595,614539.9080496562,8847195009.97151,1.0,82.05987419838442,189.81037666230367,297.43492811403985,0.8502967148489026,0.2684761847949748,0.02610587193913376,15.731060028076172
True,EXC,0.9,2,1.8,EXC_k0.90_s02.csv,313879.74363460595,614539.9080496562,11382999981.538193,1.0,32.205096284288786,160.97495916018903,292.3830309686168,0.7963170693893578,0.2788220985932271,0.026283368134203983,14.347793102264404
True,EXC,0.9,3,0.95,EXC_k0.90_s03.csv,313879.74363460595,590952.3209585041,694178252.2527057,1.0030737637497444,80.28566054297282,247.19729914643682,310.97417973869636,0.7955070531743383,0.10371339578193572,0.1323014144827985,25.02384114265442
True,EXC,0.9,3,1.1,EXC_k0.90_s03.csv,313879.74363460595,590952.3209585041,1422118982.065623,1.0008378884470894,68.49991020543716,225.6776806885266,341.6615219400961,0.7965444992556934,0.12274881757130379,0.02195752624871912,20.886816024780273
True,EXC,0.9,3,1.25,EXC_k0.90_s03.csv,313879.74363460595,590952.3209585041,2561524656.851415,1.004178613215041,48.357477137478945,197.2455697300605,324.498896086587,0.7410457493373228,0.12319829257442612,0.08783880450048448,18.967844247817993
True,EXC,0.9,3,1.4,EXC_k0.90_s03.csv,313879.74363460595,590952.3209585041,4165212386.311403,1.0,94.80571667162872,132.306398211046,337.8855435881721,0.6739614610900848,0.1305845134669339,0.06910355901285031,18.215296030044556
True,EXC,0.9,3,1.55,EXC_k0.90_s03.csv,313879.74363460595,590952.3209585041,6278194667.686711,1.0003466281934634,7.800947911095378,189.32321672855684,309.6768424653455,0.7452055721738128,0.14875276236387175,0.04993670187146803,16.54958701133728
True,EXC,0.9,3,1.7,EXC_k0.90_s03.csv,313879.74363460595,590952.3209585041,9072670242.353514,1.0,37.622021204572135,196.76438742916858,285.87650748879776,0.7293167168944502,0.1934002852852997,0.032622258450817926,16.45682191848755
True,EXC,0.9,3,1.8,EXC_k0.90_s03.csv,313879.74363460595,590952.3209585041,11494546011.650879,1.0046379094553288,51.50181370703226,175.8936752611765,317.11403753107834,0.7236411948195305,0.13186644261463618,0.058499919265395973,16.065945148468018
True,EXC,0.9,4,0.95,EXC_k0.90_s04.csv,313879.74363460595,579003.9440917021,598055015.1374918,1.0103085256286053,61.103519349354045,119.23719542245075,363.9513628684635,0.6221295426533695,0.09632119813358186,0.12085859173906771,19.850299835205078
True,EXC,0.9,4,1.1,EXC_k0.90_s04.csv,313879.74363460595,579003.9440917021,1317512372.898626,1.0228900397976246,65.93222028462016,125.42704332731424,336.74485924668454,0.5847088181437439,0.10048982735332151,0.09539059520722204,18.592525959014893
True,EXC,0.9,4,1.25,EXC_k0.90_s04.csv,313879.74363460595,579003.9440917021,2373404262.6492,1.0,99.7068715582873,105.50318925616267,313.88764631601134,0.5591040389407672,0.10541924004424685,0.06203789153722494,18.08119511604309
True,EXC,0.9,4,1.4,EXC_k0.90_s04.csv,313879.74363460595,579003.9440917021,3936761330.368239,1.0,89.40764934605443,220.79856647424828,289.4032042272518,0.8021415603167531,0.1353849135043956,0.01091054400202296,17.474366903305054
True,EXC,0.9,4,1.55,EXC_k0.90_s04.csv,313879.74363460595,579003.9440917021,6320591566.9075775,1.0081486460798452,66.27980477552964,218.08105839841323,308.79020196792374,0.8273197508661471,0.14995455898332594,0.04490086790757622,18.700079917907715
True,EXC,0.9,4,1.7,EXC_k0.90_s04.csv,313879.74363460595,579003.9440917021,9328448344.280563,1.0026096074746826,37.99143978263042,228.0681741181285,272.94399098189774,0.8481306515517323,0.23989980692685614,0.02206239522616014,16.95721697807312
True,EXC,0.9,4,1.8,EXC_k0.90_s04.csv,313879.74363460595,579003.9440917021,11808164249.50001,1.0,76.44552433380659,208.64488599694275,301.8765835416914,0.8110888657155899,0.17459605876935352,0.032158035996416666,13.775140762329102
True,EXC,1.0,1,0.95,EXC_k1.00_s01.csv,279107.0355938,657493.3893121001,434060368.960326,1.0017835011867346,28.014229431882832,243.08278706585293,341.91629727648035,0.7923728689255111,0.10242194840401495,0.04875256331101046,30.769538164138794
True,EXC,1.0,1,1.1,EXC_k1.00_s01.csv,279107.0355938,657493.3893121001,1029395607.1328999,1.0347804550039217,89.67128500647237,249.21965113635108,335.0099134175981,0.82134686690986,0.11499869024328789,0.13237603976541004,29.42541217803955
True,EXC,1.0,1,1.25,EXC_k1.00_s01.csv,279107.0355938,657493.3893121001,1989686473.971302,1.0066990728273377,30.10674796246193,247.5422932456919,358.63815155902,0.8604965269755329,0.15161967669865606,0.06760900396422749,22.738636016845703
True,EXC,1.0,1,1.4,EXC_k1.00_s01.csv,279107.0355938,657493.3893121001,3671704399.9897695,1.0,53.82771372719857,233.78635922825362,321.62537577771695,0.848055743831384,0.17535302536831984,0.07826327876022059,20.250822067260742
True,EXC,1.0,1,1.55,EXC_k1.00_s01.csv,279107.0355938,657493.3893121001,6087081345.759964,1.0085841195377805,67.18443620939559,194.88646540352428,313.7615244923835,0.7742484268898182,0.15360169343007987,0.029764899365792116,15.686766862869263
True,EXC,1.0,1,1.7,EXC_k1.00_s01.csv,279107.0355938,657493.3893121001,9154709879.803507,1.0,76.83413913187393,229.37594060462095,287.133778722516,0.869656577733416,0.3034293498190496,0.03450138454935691,16.626338958740234
True,EXC,1.0,1,1.8,EXC_k1.00_s01.csv,279107.0355938,657493.3893121001,11750377657.265327,1.0,51.24177052895939,124.31914510882314,290.863637071928,0.7017149936870822,0.27302029304595204,0.0,14.034562110900879
True,EXC,1.0,2,0.95,EXC_k1.00_s02.csv,339388.1202969,885375.4278593999,383518861.497483,1.0000784247044199,87.99075362576781,235.56729431094146,337.88185570184334,0.774393073714111,0.09434190372975665,0.14820939277759462,24.256774187088013
True,EXC,1.0,2,1.1,EXC_k1.00_s02.csv,339388.1202969,885375.4278593999,711255969.7783322,1.0033998190439983,48.659868815867455,249.83794973001926,315.08789746323674,0.9145886369862605,0.24388407985884658,0.13178409910911498,34.943310022354126
True,EXC,1.0,2,1.25,EXC_k1.00_s02.csv,339388.1202969,885375.4278593999,1534932180.176434,1.0015638950192427,45.61525119061115,245.22033283229692,316.7758027683587,0.9135893952554685,0.24544563930990637,0.02736038834378396,22.85599994659424
True,EXC,1.0,2,1.4,EXC_k1.00_s02.csv,339388.1202969,885375.4278593999,2762665868.887857,1.0,67.64658944710413,218.52696862646596,289.3459770901534,0.8597666367183376,0.3113021089568013,0.0,18.467460870742798
True,EXC,1.0,2,1.55,EXC_k1.00_s02.csv,339388.1202969,885375.4278593999,4707991280.659442,1.0,99.39179920922302,214.27014201106957,286.3283327178247,0.8475764937135466,0.32552637330367606,0.0,18.544797897338867
True,EXC,1.0,2,1.7,EXC_k1.00_s02.csv,339388.1202969,885375.4278593999,7371638411.280849,1.0,91.2609536502445,224.24803883390857,280.6156645773841,0.8588839556776562,0.37127337581116543,0.06310307297744194,16.520456075668335
True,EXC,1.0,2,1.8,EXC_k1.00_s02.csv,339388.1202969,885375.4278593999,9538259068.183926,1.0,20.073650824945727,222.55259620289218,273.9489859485045,0.8395876996547426,0.5396234185498153,0.044863053566561,14.2060227394104
True,EXC,1.0,3,0.95,EXC_k1.00_s03.csv,339388.1202969,967749.6311739001,387441617.57558703,1.0080889874303602,35.78204593381896,249.03322128382305,365.09884917882613,0.7081041553657452,0.07555883862661676,0.05273125448010068,31.803871870040894
True,EXC,1.0,3,1.1,EXC_k1.00_s03.csv,339388.1202969,967749.6311739001,860468021.5547665,1.007592020024047,54.618653507891054,249.02867012792674,356.7677155763989,0.715711680751595,0.07677394516920918,0.16899932358053021,29.98981809616089
True,EXC,1.0,3,1.25,EXC_k1.00_s03.csv,339388.1202969,967749.6311739001,1709639763.3636448,1.037533778485541,25.158049220519764,244.92108990043562,362.5752911055874,0.7230980552253246,0.078998800653338,0.07822538389244697,26.18363380432129
True,EXC,1.0,3,1.4,EXC_k1.00_s03.csv,339388.1202969,967749.6311739001,3035385529.705461,1.0133610270783409,34.676468881544245,235.1057428936995,350.70602127456783,0.7024453357797588,0.07841709883947656,0.08947645711228716,27.584110975265503
True,EXC,1.0,3,1.55,EXC_k1.00_s03.csv,339388.1202969,967749.6311739001,4908916213.321335,1.0,2.2520704321290808,225.412382974607,355.311658254238,0.6980407313831692,0.08178954870843859,0.07162309855814536,23.63697600364685
True,EXC,1.0,3,1.7,EXC_k1.00_s03.csv,339388.1202969,967749.6311739001,7515884945.255742,1.0,97.70000294420113,124.87434853729486,364.27636282932906,0.5342331586911299,0.0866383985111153,0.050607990178612484,20.21731400489807
True,EXC,1.0,3,1.8,EXC_k1.00_s03.csv,339388.1202969,967749.6311739001,9688718499.536974,1.0043040291003165,34.958842351935694,240.40330837488543,325.1935143109364,0.7369676889661377,0.08802448181443354,0.07111582754086962,19.709800004959106
True,EXC,1.0,4,0.95,EXC_k1.00_s04.csv,279107.0355938,653971.6788230002,758780680.0159945,1.005234527473557,31.595478204928078,244.01869572555674,359.1346266543079,0.7834778602277146,0.10416646169347503,0.11225671615808164,25.93633198738098
True,EXC,1.0,4,1.1,EXC_k1.00_s04.csv,279107.0355938,653971.6788230002,1586781991.0615263,1.006146118365721,4.454920647337403,241.86924378879252,351.422349003896,0.7965014964378238,0.1132687081080731,0.12934850525499017,24.26665210723877
True,EXC,1.0,4,1.25,EXC_k1.00_s04.csv,279107.0355938,653971.6788230002,2841245408.9844847,1.0,51.88191785328199,241.93762046630067,357.1505753230371,0.8257625171972464,0.1280144369319777,0.07321245553979389,22.126842737197876
True,EXC,1.0,4,1.4,EXC_k1.00_s04.csv,279107.0355938,653971.6788230002,4682331986.86528,1.0,36.175473162686664,208.3488742407406,355.1478012174768,0.7816633827460985,0.12949206815518954,0.007081775987761496,20.780526876449585
True,EXC,1.0,4,1.55,EXC_k1.00_s04.csv,279107.0355938,653971.6788230002,7128086563.972035,1.0,61.85098067628808,233.4512260815212,300.21762264416634,0.8208977917150332,0.17183448260504547,0.034340980329034015,18.760136127471924
True,EXC,1.0,4,1.7,EXC_k1.00_s04.csv,279107.0355938,653971.6788230002,10380045298.586111,1.0,92.11077709877792,244.75596961491053,301.50797916761127,0.8530071217800034,0.16793005802445007,0.048964433230385795,18.23078489303589
True,EXC,1.0,4,1.8,EXC_k1.00_s04.csv,279107.0355938,653971.6788230002,13075979398.964209,1.0,93.2035457335927,183.65104785027617,311.9987917260022,0.7220752055575919,0.15501015167832685,0.011100210088018229,15.60891604423523
True,EXC,1.15,1,0.95,EXC_k1.15_s01.csv,327271.92057577544,1202831.3800031731,514525167.23279995,1.0050849533615052,96.01648902556681,206.7735814256827,360.99876104737587,0.673714069901061,0.08189995294052656,0.1814142857629487,28.789845943450928
True,EXC,1.15,1,1.1,EXC_k1.15_s01.csv,327271.92057577544,1202831.3800031731,1144854799.0320866,1.0002107364392208,70.31048980977175,196.15908938250715,353.67571086203407,0.6694669915722775,0.08300453896697108,0.17294250951100576,25.966421604156494
True,EXC,1.15,1,1.25,EXC_k1.15_s01.csv,327271.92057577544,1202831.3800031731,2201081041.3322744,1.0,57.75124237679994,166.65478123374933,342.44679708097885,0.6278390944080376,0.08342541497847183,0.11067434525965225,25.3300678730011
True,EXC,1.15,1,1.4,EXC_k1.15_s01.csv,327271.92057577544,1202831.3800031731,3875488287.2216477,1.0118086302871687,53.82838343749417,183.37056030738734,353.6101516186981,0.6798301052508231,0.08176739400377908,0.04057037975132958,22.69806408882141
True,EXC,1.15,1,1.55,EXC_k1.15_s01.csv,327271.92057577544,1202831.3800031731,6237820123.857884,1.0,62.243280807325014,195.03445434874035,263.05760260314776,0.6326317409702258,0.11092075498049533,0.07854081626160772,22.20292091369629
True,EXC,1.15,1,1.7,EXC_k1.15_s01.csv,327271.92057577544,1202831.3800031731,9308823286.42647,1.00602147327629,77.77090639999076,205.78602035136348,260.9964567817894,0.6806560195952822,0.10265560505950475,0.012569094012104959,21.694820165634155
True,EXC,1.15,1,1.8,EXC_k1.15_s01.csv,327271.92057577544,1202831.3800031731,11921889269.910357,1.0058172646778687,37.04230947670428,210.06909453474475,267.2401783295174,0.7106892978590337,0.09370738369110859,0.03314752288410293,18.478155851364136
True,EXC,1.15,2,0.95,EXC_k1.15_s02.csv,291683.09582308604,1021086.9656547289,349120830.4234361,1.0219082759151024,45.16764317530544,227.77924832366702,288.81461709351856,0.7606827891830272,0.10122705236683797,0.18003247112480203,34.274638175964355
True,EXC,1.15,2,1.1,EXC_k1.15_s02.csv,291683.09582308604,1021086.9656547289,965918834.8739281,1.004837600661065,53.80791834602855,225.64436503214299,286.92163478459923,0.7609935578934641,0.1041131490987149,0.10348522516758277,28.211575031280518
True,EXC,1.15,2,1.25,EXC_k1.15_s02.csv,291683.09582308604,1021086.9656547289,2066884484.0488837,1.0,0.4646900127493012,211.52752086911326,287.1943572380128,0.7331622360235565,0.11084422190053263,0.06406350180255621,25.615548133850098
True,EXC,1.15,2,1.4,EXC_k1.15_s02.csv,291683.09582308604,1021086.9656547289,3848055725.921391,1.0095124526876338,32.87249047784583,204.29053760054978,285.44093964813237,0.7107595996098987,0.11503836386801586,0.1253185848450768,21.276870727539062
True,EXC,1.15,2,1.55,EXC_k1.15_s02.csv,291683.09582308604,1021086.9656547289,6228387342.780785,1.0,14.046383803425783,200.22866628715497,283.8080109304974,0.7010763915289346,0.11337399777587076,0.057969285773687096,20.293153047561646
True,EXC,1.15,2,1.7,EXC_k1.15_s02.csv,291683.09582308604,1021086.9656547289,9529078594.893215,1.0029818918177886,47.46619502276952,214.116703180473,300.90898846528927,0.7525327701594684,0.09949692279961266,0.01062410771084668,19.315773963928223
True,EXC,1.15,2,1.8,EXC_k1.15_s02.csv,291683.09582308604,1021086.9656547289,11993608998.356754,1.0,74.00012872982947,209.81018232329646,282.21238923293043,0.7413796184427432,0.11247340457461782,0.0,20.25344705581665
True,EXC,1.15,3,0.95,EXC_k1.15_s03.csv,263494.56960427604,960474.4573956128,650705005.2811961,1.0034352764666594,42.285197207628485,221.9459310162175,267.329327332333,0.6992439160588382,0.11887757832329116,0.181338009073111,26.85958480834961
True,EXC,1.15,3,1.1,EXC_k1.15_s03.csv,263494.56960427604,960474.4573956128,1500765792.995754,1.0,7.202174513084945,221.06213381943826,269.2341269142568,0.7075146785168819,0.11896156222657865,0.12353311304080197,24.296377897262573
True,EXC,1.15,3,1.25,EXC_k1.15_s03.csv,263494.56960427604,960474.4573956128,2870693296.010372,1.0101619728591058,92.67464097232298,214.16887845147576,273.4206715581151,0.6778623195317858,0.11242789628931876,0.047385662585137815,21.553695917129517
True,EXC,1.15,3,1.4,EXC_k1.15_s03.csv,263494.56960427604,960474.4573956128,4760203090.238998,1.0044423874301964,33.077975703618094,223.89959535151564,267.69461539571233,0.7217565328213639,0.11468479827462644,0.0384670725445314,21.81423807144165
True,EXC,1.15,3,1.55,EXC_k1.15_s03.csv,263494.56960427604,960474.4573956128,7588213569.218261,1.0019015769405535,59.28156644372405,208.51924585793776,272.2450521652344,0.6488204536018641,0.10818110891291861,0.05498210957455407,17.708143949508667
True,EXC,1.15,3,1.7,EXC_k1.15_s03.csv,263494.56960427604,960474.4573956128,11092639135.092201,1.0,7.909479995264852,199.6679583102832,273.3656517360464,0.6611528215369779,0.1264458366751664,0.0,17.429939031600952
True,EXC,1.15,3,1.8,EXC_k1.15_s03.csv,263494.56960427604,960474.4573956128,13995197700.611683,1.0,20.60739778374423,175.49741850453944,283.10156790734436,0.6043019517372811,0.11837282670679215,0.030488378562094354,17.9103581905365
True,EXC,1.15,4,0.95,EXC_k1.15_s04.csv,308327.43788177596,1099821.879766958,547635484.5048363,1.0012701589354398,16.93162065399196,186.32167835746188,354.6801462326719,0.6084640251184229,0.08375349504332188,0.12909420497527743,27.876561880111694
True,EXC,1.15,4,1.1,EXC_k1.15_s04.csv,308327.43788177596,1099821.879766958,1292683488.904555,1.009694533227456,68.96922411822679,194.81011524274433,344.8642220634931,0.6240810261625751,0.08436373145907734,0.06862849880598305,27.5863299369812
True,EXC,1.15,4,1.25,EXC_k1.15_s04.csv,308327.43788177596,1099821.879766958,2489899462.292298,1.0058841078494645,70.20848240842604,153.28112646139604,360.4708975549221,0.5693160591839495,0.0853587618244156,0.016169845173514247,25.136803150177002
True,EXC,1.15,4,1.4,EXC_k1.15_s04.csv,308327.43788177596,1099821.879766958,4190167846.2318344,1.0,44.32530053249537,185.8588853533872,323.01377348082,0.587676372305792,0.09103973882552241,0.08839008972207833,25.310697078704834
True,EXC,1.15,4,1.55,EXC_k1.15_s04.csv,308327.43788177596,1099821.879766958,6507662011.885683,1.0,76.58489199335371,206.760411431883,330.41329269795534,0.6640806014658673,0.08700323256235715,0.07508101636686035,23.028909921646118
True,EXC,1.15,4,1.7,EXC_k1.15_s04.csv,308327.43788177596,1099821.879766958,9602256899.036848,1.0135531870133507,45.8083676442961,206.5030857203785,330.12436979598215,0.6629782274314007,0.08309288280606643,0.04398261023475947,22.320366144180298
True,EXC,1.15,4,1.8,EXC_k1.15_s04.csv,308327.43788177596,1099821.879766958,12101389272.347143,1.0018329296204647,91.19680352545868,134.57998833493593,340.8785031481505,0.5291276036199792,0.08705896163363579,0.02081247958484031,21.226500034332275
True,EXC,1.3,1,0.95,EXC_k1.30_s01.csv,380064.68893454416,1638635.0798765921,603960861.5288851,1.0017821672412324,23.623689491199933,249.885124356736,363.06215134348525,0.7290154349024464,0.07937047924309519,0.055831420187236074,34.78846001625061
True,EXC,1.3,1,1.1,EXC_k1.30_s01.csv,380064.68893454416,1638635.0798765921,1290104077.8439543,1.0070059151531843,58.470957847479454,249.45925400680625,362.1937417049597,0.747531538377598,0.08724031682512051,0.058175877207520744,32.09663939476013
True,EXC,1.3,1,1.25,EXC_k1.30_s01.csv,380064.68893454416,1638635.0798765921,2421089554.648037,1.0233059594271317,25.259342558865217,238.21631192345302,356.8126712158138,0.7554742268354844,0.0983531900244622,0.002941698538272891,27.564547061920166
True,EXC,1.3,1,1.4,EXC_k1.30_s01.csv,380064.68893454416,1638635.0798765921,4154612219.7710524,1.0,87.97068513492412,197.2756822688467,349.96086988150165,0.6942455977895133,0.09051468785380778,0.014054003734712578,24.450665950775146
True,EXC,1.3,1,1.55,EXC_k1.30_s01.csv,380064.68893454416,1638635.0798765921,6607600512.103435,1.0,32.591180565610216,188.55470587925763,347.3256989606213,0.739568824721996,0.11824318195607009,0.04089701362089665,23.021929025650024
True,EXC,1.3,1,1.7,EXC_k1.30_s01.csv,380064.68893454416,1638635.0798765921,9906525422.950972,1.0054140692287272,31.684211882569514,186.57470714965433,318.7841982007201,0.7260214231944248,0.13197693532693644,0.005271253194316344,20.03940987586975
True,EXC,1.3,1,1.8,EXC_k1.30_s01.csv,380064.68893454416,1638635.0798765921,12581234444.792402,1.0,64.86763450341377,222.76899774526706,288.5691085751173,0.7376458408636528,0.1512511021664982,0.01968352140260772,17.597553730010986
True,EXC,1.3,2,0.95,EXC_k1.30_s02.csv,288688.35721383215,1824401.109368974,891127345.9960347,1.001842137988706,69.02854581871055,225.87025273448273,340.6680440622225,0.5475106525114887,0.06385421867236793,0.030662139844880962,33.13751292228699
True,EXC,1.3,2,1.1,EXC_k1.30_s02.csv,288688.35721383215,1824401.109368974,1740854743.307891,1.0084480326441074,70.01016993902924,217.18712330918208,347.620432199828,0.5408323984396493,0.06362091223932684,0.12677219521336852,32.108519077301025
True,EXC,1.3,2,1.25,EXC_k1.30_s02.csv,288688.35721383215,1824401.109368974,3093368647.788785,1.0074872416686114,80.31726890345641,219.72669604023622,333.8499202138773,0.5538872382971963,0.06678125685594227,0.11676425148209109,28.371575832366943
True,EXC,1.3,2,1.4,EXC_k1.30_s02.csv,288688.35721383215,1824401.109368974,4995600793.291354,1.0152439456632776,86.68940171668099,226.0229124375892,331.27356505218734,0.5810363458344456,0.06622143920292656,0.08380842118585875,27.633799076080322
True,EXC,1.3,2,1.55,EXC_k1.30_s02.csv,288688.35721383215,1824401.109368974,7493859404.509085,1.0,94.15791527338803,228.76134183159613,318.0323242328459,0.5879347383722608,0.07396143678839237,0.07642198026612124,25.927225828170776
True,EXC,1.3,2,1.7,EXC_k1.30_s02.csv,288688.35721383215,1824401.109368974,10792977828.949594,1.0093447816062753,74.64789559151609,215.106136099359,322.94354087370425,0.5596461949497471,0.07161013137882284,0.056806974064878446,23.679789066314697
True,EXC,1.3,2,1.8,EXC_k1.30_s02.csv,288688.35721383215,1824401.109368974,13356733763.245686,1.0,53.687227356151155,217.13830432555665,339.46320722604327,0.5823697035045186,0.064656740343927,0.004285557890236283,21.31750202178955
True,EXC,1.3,3,0.95,EXC_k1.30_s03.csv,415913.250283782,1779476.686099744,834505826.5954261,1.0,53.94483525208102,243.136509010467,363.59779241915544,0.5434306691010953,0.05251325952200016,0.13372032168785836,38.492631912231445
True,EXC,1.3,3,1.1,EXC_k1.30_s03.csv,415913.250283782,1779476.686099744,1550531170.7606502,1.0037328021801304,44.02505229263941,242.9597912365821,365.1008764871297,0.5586654065279035,0.05287835354367462,0.059555460008220644,34.95393204689026
True,EXC,1.3,3,1.25,EXC_k1.30_s03.csv,415913.250283782,1779476.686099744,2678692273.7594204,1.0022989228053227,4.4141477906156945,241.87766930424922,363.6698232286311,0.568182306028919,0.053304937822421516,0.07920478404720466,30.52390193939209
True,EXC,1.3,3,1.4,EXC_k1.30_s03.csv,415913.250283782,1779476.686099744,4389244066.544508,1.0059412971232011,81.67799155259291,229.7001056080659,362.7263166316974,0.5425142787202251,0.053713557991816714,0.0710099159680169,31.519870281219482
True,EXC,1.3,3,1.55,EXC_k1.30_s03.csv,415913.250283782,1779476.686099744,6735491089.454648,1.0187717350205083,50.76372705670005,241.2324231002977,349.8186085375001,0.5960641206579652,0.05625670010246385,0.06806654239922834,28.580214023590088
True,EXC,1.3,3,1.7,EXC_k1.30_s03.csv,415913.250283782,1779476.686099744,9751048153.975124,1.0,95.73244144084703,233.19927284869513,353.9020454080054,0.5928559472295996,0.05737274968442687,0.02786059089177321,27.541815042495728
True,EXC,1.3,3,1.8,EXC_k1.30_s03.csv,415913.250283782,1779476.686099744,12422142186.912607,1.0374781867388354,92.37501580132951,223.98618075974403,355.6623576018739,0.5753070086453477,0.057441242025295075,0.024725250925263148,22.297016859054565
True,EXC,1.3,4,0.95,EXC_k1.30_s04.csv,415913.250283782,1188459.705606016,1102547166.409182,1.0247801646146482,84.91058711811539,232.5454025135046,365.29578384998825,0.6259153324386689,0.060797533119509944,0.13221249659582182,29.909543991088867
True,EXC,1.3,4,1.1,EXC_k1.30_s04.csv,415913.250283782,1188459.705606016,2017515830.0890517,1.0,64.62068776830634,222.35221839186144,364.29854464444765,0.6378848277833561,0.06208138132977697,0.09241190190366405,28.980217933654785
True,EXC,1.3,4,1.25,EXC_k1.30_s04.csv,415913.250283782,1188459.705606016,3451028604.8342695,1.02151468314015,3.8853553613946437,230.10101416418388,349.8109018723438,0.6588810383317983,0.06298479211791846,0.06276166896860713,27.760348320007324
True,EXC,1.3,4,1.4,EXC_k1.30_s04.csv,415913.250283782,1188459.705606016,5313912589.435366,1.0025964426228533,48.8846122265012,228.0517350924852,346.46317323183087,0.6773634760420677,0.06812421877965986,0.05563187453866097,25.074551820755005
True,EXC,1.3,4,1.55,EXC_k1.30_s04.csv,415913.250283782,1188459.705606016,7794330838.559255,1.0,29.278282753389306,234.42304933963075,338.2994961409156,0.729439826135856,0.08088532483458793,0.06076665614712014,24.780858993530273
True,EXC,1.3,4,1.7,EXC_k1.30_s04.csv,415913.250283782,1188459.705606016,11220863560.417946,1.0,64.49474674059061,224.8787550038766,335.6137255208055,0.7394329222430898,0.09105730238680744,0.03961231595380948,27.17542314529419
True,EXC,1.3,4,1.8,EXC_k1.30_s04.csv,415913.250283782,1188459.705606016,13982769782.571873,1.0,0.5206675946114458,217.28670271437133,354.6963632716149,0.7327222708951815,0.09255824268616118,0.047926222080751923,22.940629959106445
True,EXC,1.45,1,0.95,EXC_k1.45_s01.csv,405874.7268315263,2169339.133634881,725766099.6593952,1.0174700607329754,22.13038758711588,249.15641370287494,349.76467669989404,0.6655701728735242,0.06593650037103677,0.08871167829021476,34.85515904426575
True,EXC,1.45,1,1.1,EXC_k1.45_s01.csv,405874.7268315263,2169339.133634881,1513595938.5085118,1.0014245706335791,49.38948792312279,249.01331897552802,341.6657660976171,0.6846759584218458,0.0716940219725522,0.09089485036504752,34.20589995384216
True,EXC,1.45,1,1.25,EXC_k1.45_s01.csv,405874.7268315263,2169339.133634881,2784540200.9594965,1.0252842068941337,47.64407626813032,248.6376841610502,344.9431158022722,0.7161959955878572,0.08123974148588996,0.06421871643415364,31.248583793640137
True,EXC,1.45,1,1.4,EXC_k1.45_s01.csv,405874.7268315263,2169339.133634881,4616211435.064434,1.0016090468461352,12.15177372064258,239.00672171874598,356.30170381433726,0.72500680969279,0.08937500624633199,0.006243234845610568,26.3587589263916
True,EXC,1.45,1,1.55,EXC_k1.45_s01.csv,405874.7268315263,2169339.133634881,7054431469.926207,1.0,74.69636160554478,224.29773654449124,344.53838221569947,0.7379015270772323,0.10598308576176255,0.04394977696277284,25.454808950424194
True,EXC,1.45,1,1.7,EXC_k1.45_s01.csv,405874.7268315263,2169339.133634881,10372259845.51313,1.0002105527406073,31.254906194993264,216.22623703755315,326.1710414528841,0.7263599217474471,0.1067706079066056,0.03798290494655235,23.765897035598755
True,EXC,1.45,1,1.8,EXC_k1.45_s01.csv,405874.7268315263,2169339.133634881,12972785519.76803,1.0,61.45756381355329,190.40118917795107,330.6618361990527,0.6984769961858117,0.1079035307873994,0.0,19.453986883163452
True,EXC,1.45,2,0.95,EXC_k1.45_s02.csv,345781.898122858,1754077.4937088871,605646289.3606567,1.0027511142140462,35.755516741984906,219.47876430267948,307.04384269308014,0.6061429125698581,0.07130899698095608,0.045931954365279394,32.14049506187439
True,EXC,1.45,2,1.1,EXC_k1.45_s02.csv,345781.898122858,1754077.4937088871,1338219670.4703617,1.0010143827789948,39.30361881683951,219.10098398064437,301.11208975618405,0.6067736282032894,0.07314242063420208,0.11116515679826977,31.76100516319275
True,EXC,1.45,2,1.25,EXC_k1.45_s02.csv,345781.898122858,1754077.4937088871,2611197144.815003,1.0037273072797257,53.89626497208391,212.75510058576236,299.7399133674931,0.5917245016588484,0.07487997847696795,0.15236347008670548,27.771800994873047
True,EXC,1.45,2,1.4,EXC_k1.45_s02.csv,345781.898122858,1754077.4937088871,4428103869.105789,1.0,14.50343423323447,215.2960911019819,291.19479121798406,0.6021673859795895,0.08053438120836286,0.04019600755984607,28.13860511779785
True,EXC,1.45,2,1.55,EXC_k1.45_s02.csv,345781.898122858,1754077.4937088871,7083468854.903072,1.025289167402697,76.62046365931971,199.3592657301371,305.065443261222,0.5671415482309577,0.07255065139453717,0.0026100419134315322,22.691781997680664
True,EXC,1.45,2,1.7,EXC_k1.45_s02.csv,345781.898122858,1754077.4937088871,10345166643.99449,1.0,21.52291713052619,202.29140483939773,309.8827547084489,0.6064396913494753,0.07253175716562216,0.06594718077331613,21.723127126693726
True,EXC,1.45,2,1.8,EXC_k1.45_s02.csv,345781.898122858,1754077.4937088871,12994079885.92691,1.0,4.118012861806866,221.06305982569353,278.05211845620306,0.6396900814430183,0.09203799050521866,0.056738338682418704,17.60440492630005
True,EXC,1.45,3,0.95,EXC_k1.45_s03.csv,454175.815277223,2553244.031669753,1112776719.2078094,1.0001143160063959,30.537346984403776,249.4875147855676,365.29742924739674,0.47802189402203077,0.04951512709115986,0.06911752722934889,54.85367822647095
True,EXC,1.45,3,1.1,EXC_k1.45_s03.csv,454175.815277223,2553244.031669753,1948781688.036632,1.0,48.01634214592314,249.90463195869367,364.8702666165061,0.4919488521490289,0.04974478596584538,0.1572362547368819,45.874022006988525
True,EXC,1.45,3,1.25,EXC_k1.45_s03.csv,454175.815277223,2553244.031669753,3305526225.6682086,1.025206467647941,20.34280945913476,249.53886279659613,356.70331341424907,0.4957078746263635,0.049634641300876026,0.0918359208756113,37.169047117233276
True,EXC,1.45,3,1.4,EXC_k1.45_s03.csv,454175.815277223,2553244.031669753,5013364231.551039,1.0,62.07979601691074,249.9144754363596,365.9301480230369,0.5168046003236247,0.050037849443674946,0.10373758948714526,35.20294904708862
True,EXC,1.45,3,1.55,EXC_k1.45_s03.csv,454175.815277223,2553244.031669753,7372538616.413239,1.0,10.040755167210513,248.49310309832472,365.11850604386706,0.5246599061366133,0.050293850449452907,0.04406242293187823,32.93498682975769
True,EXC,1.45,3,1.7,EXC_k1.45_s03.csv,454175.815277223,2553244.031669753,10406339306.803856,1.0,50.7674639093923,229.14334449379837,363.57603931612766,0.49751866155636437,0.054684951524185704,0.018561058359443314,30.332913875579834
True,EXC,1.45,3,1.8,EXC_k1.45_s03.csv,454175.815277223,2553244.031669753,12929278330.965698,1.0,90.65941282316497,227.0541836204139,355.23114482028603,0.49098978222749634,0.055456481210015146,0.061803895303690404,29.13958501815796
True,EXC,1.45,4,0.95,EXC_k1.45_s04.csv,354233.77817285305,1897990.701772386,1122616122.7085521,1.0008211313014126,35.51336896891924,224.93528464175037,319.8990225335554,0.47666270165072794,0.05810408953642844,0.0014051066770347925,39.745076179504395
True,EXC,1.45,4,1.1,EXC_k1.45_s04.csv,354233.77817285305,1897990.701772386,2001966461.7893386,1.0097922904336805,42.48353134203781,222.55210891110642,315.9063652746792,0.48415861673784794,0.06086975907361837,0.046712031656680246,36.3821439743042
True,EXC,1.45,4,1.25,EXC_k1.45_s04.csv,354233.77817285305,1897990.701772386,3348112654.004994,1.0203424102894096,78.49941140440147,222.0654658949928,316.7231689232822,0.4980564075841816,0.061799514226710275,0.029933800898418503,31.314549922943115
True,EXC,1.45,4,1.4,EXC_k1.45_s04.csv,354233.77817285305,1897990.701772386,5291908155.865938,1.0494136342840188,29.611999118732516,221.34169457243112,313.2418085702903,0.5005855731667822,0.06229593926750476,0.03886341750447932,29.593667030334473
True,EXC,1.45,4,1.55,EXC_k1.45_s04.csv,354233.77817285305,1897990.701772386,7831562559.8980665,1.023346007753777,52.49576738674144,219.85854722868223,311.77044499810586,0.5032119181078081,0.06300632410016903,0.014004609119089712,28.05855679512024
True,EXC,1.45,4,1.7,EXC_k1.45_s04.csv,354233.77817285305,1897990.701772386,11162342006.721392,1.0,36.10027412396225,225.37712980213425,309.10679334326556,0.5239393626906306,0.060505674583026546,0.050182708847472675,25.895437002182007
True,EXC,1.45,4,1.8,EXC_k1.45_s04.csv,354233.77817285305,1897990.701772386,13901465785.481407,1.0273735829244588,94.99687402007291,222.42075723508455,308.82109108833265,0.5219951347853145,0.061864396545989096,0.06405488040502708,23.845124006271362
True,EXC,1.6,1,0.95,EXC_k1.60_s01.csv,437478.57082349045,2790479.001018648,870935790.3826593,1.0009040057430307,49.94031489802915,249.401737670978,351.88782178201166,0.6252499100867448,0.060830173304261936,0.0003787809634973327,41.649636030197144
True,EXC,1.6,1,1.1,EXC_k1.60_s01.csv,437478.57082349045,2790479.001018648,1705245814.7947807,1.0015929142520261,45.759483803647704,246.34915688699118,358.54680056310286,0.641509632986,0.06499853749228579,0.030130289123807552,37.8820538520813
True,EXC,1.6,1,1.25,EXC_k1.60_s01.csv,437478.57082349045,2790479.001018648,2954077251.2155056,1.0,49.56585179427369,247.6945075652602,359.42208411193997,0.6822017682580427,0.07443186723061891,0.08847580913895992,34.37431502342224
True,EXC,1.6,1,1.4,EXC_k1.60_s01.csv,437478.57082349045,2790479.001018648,4869095192.708394,1.0,84.39900596985339,239.21740705582127,341.07060973709685,0.6793342182026706,0.08163487617637354,0.07364537976663856,28.790764093399048
True,EXC,1.6,1,1.55,EXC_k1.60_s01.csv,437478.57082349045,2790479.001018648,7448960937.355689,1.0,40.65109596249888,233.58764762321664,327.9783603477153,0.6908677580554741,0.09237939819765058,0.018715205758809028,25.39271306991577
True,EXC,1.6,1,1.7,EXC_k1.60_s01.csv,437478.57082349045,2790479.001018648,10683485930.77998,1.0,90.83758207251762,200.38559436401852,347.46290259659963,0.6796977955104572,0.0966197558597088,0.04547464481898471,20.828837156295776
True,EXC,1.6,1,1.8,EXC_k1.60_s01.csv,437478.57082349045,2790479.001018648,13333103554.782808,1.0,27.03896083905756,195.41833836137295,330.27154948716,0.6721297156237522,0.1016081592935572,0.03788619315470823,21.31051206588745
True,EXC,1.6,2,0.95,EXC_k1.60_s02.csv,372831.29927274404,2082797.2046440162,650925009.0099078,1.0088916487522177,65.10074507517784,222.7085376129237,306.70242923894256,0.5537284819270551,0.060296495587983556,0.0828161577838814,39.457971811294556
True,EXC,1.6,2,1.1,EXC_k1.60_s02.csv,372831.29927274404,2082797.2046440162,1361463936.2301865,1.0062289966704532,53.54730904007532,220.54332620127386,294.87468750225287,0.5581289832561992,0.06730045822808783,0.058490898721282186,35.0040020942688
True,EXC,1.6,2,1.25,EXC_k1.60_s02.csv,372831.29927274404,2082797.2046440162,2601700910.9235387,1.0233667732243146,58.63619578221163,225.09586464583495,285.4626790374466,0.5656751248847695,0.06810872865093318,0.0010838060396222149,31.68327808380127
True,EXC,1.6,2,1.4,EXC_k1.60_s02.csv,372831.29927274404,2082797.2046440162,4481828546.126813,1.0130929868112049,41.53989481935965,213.76538631775085,287.92330987353387,0.5300891334056126,0.07018202790111186,0.12015652182253948,29.38279676437378
True,EXC,1.6,2,1.55,EXC_k1.60_s02.csv,372831.29927274404,2082797.2046440162,6977365087.073787,1.0,13.54088389050686,220.3253231788323,284.29714861860634,0.5664155642902814,0.0709685650070164,0.06897762760340971,25.285863876342773
True,EXC,1.6,2,1.7,EXC_k1.60_s02.csv,372831.29927274404,2082797.2046440162,10272570842.731287,1.0,93.41045201108359,216.20734829442696,290.52198943702456,0.5729572564910089,0.06854990032789522,0.02012646119290569,22.879437685012817
True,EXC,1.6,2,1.8,EXC_k1.60_s02.csv,372831.29927274404,2082797.2046440162,13088090406.748558,1.0527713257793656,73.86825265179591,210.83881985210525,280.3564028268393,0.5493153901969283,0.08226840986282984,0.052256942689847534,20.33983826637268
True,EXC,1.6,3,0.95,EXC_k1.60_s03.csv,335853.89649226406,1929472.3618107203,1084075959.7105143,1.0025602651427594,41.718497584902124,215.87644657353346,299.46930951588286,0.5283297833631423,0.05473378083435403,0.09714630492245241,30.721538066864014
True,EXC,1.6,3,1.1,EXC_k1.60_s03.csv,335853.89649226406,1929472.3618107203,2055145124.8054857,1.014040136919376,74.92645721992326,214.21237010768243,295.53874820333164,0.5294816861519881,0.05820186643616987,0.048102259920605434,30.420947074890137
True,EXC,1.6,3,1.25,EXC_k1.60_s03.csv,335853.89649226406,1929472.3618107203,3481813075.3089757,1.0009150018493596,34.001710687512144,211.49689459840656,296.14265758037897,0.5368512279717297,0.05925176424309693,0.04550801593016423,26.43960213661194
True,EXC,1.6,3,1.4,EXC_k1.60_s03.csv,335853.89649226406,1929472.3618107203,5541656250.905396,1.0016266885144385,49.98339331789544,208.71588753966984,298.00365793340325,0.5426450714617934,0.05996207879867405,0.012475101108405925,29.792081117630005
True,EXC,1.6,3,1.55,EXC_k1.60_s03.csv,335853.89649226406,1929472.3618107203,8276893476.366402,1.0,30.665360259453937,217.8365354175192,285.5382542666096,0.5533994207174754,0.056731076253646165,0.009891083988606247,26.386669158935547
True,EXC,1.6,3,1.7,EXC_k1.60_s03.csv,335853.89649226406,1929472.3618107203,11779862941.931368,1.0,41.47445564225034,203.54961199421177,300.21048916849463,0.5443955163365521,0.0581062823346837,0.005731947733640788,24.341188192367554
True,EXC,1.6,3,1.8,EXC_k1.60_s03.csv,335853.89649226406,1929472.3618107203,14490172348.943787,1.0,13.053167083139032,217.1574398674591,288.56976531598565,0.5776412663290498,0.056004771335859,0.02213746382962113,26.686867237091064
True,EXC,1.6,4,0.95,EXC_k1.60_s04.csv,492438.380270664,2205670.056302728,1609529625.0862896,1.0008401675137522,89.22696589937655,234.43381761913167,363.92566878239705,0.31966732727243574,0.04144393518621683,0.11256819994679611,45.799614906311035
True,EXC,1.6,4,1.1,EXC_k1.60_s04.csv,492438.380270664,2205670.056302728,2548273271.3081117,1.0097444308168018,41.93667053187334,234.96610908721075,362.13381922025167,0.3386010249437706,0.04195050939377498,0.11524500969099144,41.53583097457886
True,EXC,1.6,4,1.25,EXC_k1.60_s04.csv,492438.380270664,2205670.056302728,3812661133.972262,1.0058043617168122,72.24081378913189,228.46203178076175,362.33664516394225,0.3358722128461668,0.04309935137595869,0.0537063291192639,40.97983193397522
True,EXC,1.6,4,1.4,EXC_k1.60_s04.csv,492438.380270664,2205670.056302728,5582327566.557603,1.0,53.419772860955405,236.15352809884845,357.0261376270972,0.3771148419424577,0.04323019717417428,0.11808311170241045,36.06451392173767
True,EXC,1.6,4,1.55,EXC_k1.60_s04.csv,492438.380270664,2205670.056302728,7865290991.6517725,1.0,66.37340741754015,229.79669499266427,365.12319494304165,0.37449735721477767,0.04333858581428807,0.1080968583624618,33.685803174972534
True,EXC,1.6,4,1.7,EXC_k1.60_s04.csv,492438.380270664,2205670.056302728,10845475637.87204,1.0,60.34606198759332,225.72953006297226,364.48583100048603,0.38239135378641675,0.04458940852704401,0.001380458382615385,32.31948685646057
True,EXC,1.6,4,1.8,EXC_k1.60_s04.csv,492438.380270664,2205670.056302728,13286759674.86507,1.0,93.15536776231697,226.00275249823315,357.04133741225513,0.38748198794556465,0.045207876596070194,0.08289774266590522,27.682409048080444
True,EXC,1.8,1,0.95,EXC_k1.80_s01.csv,434949.18112967204,3893565.959215368,2923561097.9670906,1.019492678396502,38.58626899219249,229.98459596098795,333.40115459886147,0.24295189912476725,0.041932762191125864,0.06737407649641317,38.91890025138855
True,EXC,1.8,1,1.1,EXC_k1.80_s01.csv,434949.18112967204,3893565.959215368,4246954292.61137,1.0039519058619981,5.782580850538493,226.99693960149958,337.79746049050453,0.24897173259416563,0.042177004164063864,0.0871793300760737,35.44212293624878
True,EXC,1.8,1,1.25,EXC_k1.80_s01.csv,434949.18112967204,3893565.959215368,6050364589.169043,1.0,42.712906174224585,226.8569160492665,325.99514542074076,0.2641699131980834,0.0446174899906064,0.08701734115521925,33.30404996871948
True,EXC,1.8,1,1.4,EXC_k1.80_s01.csv,434949.18112967204,3893565.959215368,8365993773.258108,1.0,75.66378233525312,226.77644215381883,334.91024160535477,0.2898670666393457,0.044236850714080136,0.004565518315669967,28.979957103729248
True,EXC,1.8,1,1.55,EXC_k1.80_s01.csv,434949.18112967204,3893565.959215368,11351116930.431152,1.0,19.444818159202168,230.46346088804518,324.7638677337473,0.3121171517087493,0.04497926067028716,0.05006606118714503,30.20433473587036
True,EXC,1.8,1,1.7,EXC_k1.80_s01.csv,434949.18112967204,3893565.959215368,14994888132.366215,1.0,33.684291813741844,224.5100149557203,328.81951426156627,0.30916756784936983,0.04615679990385514,0.058305846782305444,25.987562894821167
True,EXC,1.8,1,1.8,EXC_k1.80_s01.csv,434949.18112967204,3893565.959215368,17816268782.58237,1.0,98.44945014521457,227.50664547273635,319.9584792970446,0.3261652480900263,0.04735415223178359,0.051682540974684145,28.90549397468567
True,EXC,1.8,2,0.95,EXC_k1.80_s02.csv,543455.133595252,3566660.5899751564,3000038120.735582,1.002507635369786,44.319150454758855,238.588982246541,365.88555275111435,0.2342040671385393,0.0346471736994746,0.032349459098335906,41.187583923339844
True,EXC,1.8,2,1.1,EXC_k1.80_s02.csv,543455.133595252,3566660.5899751564,4425682913.92854,1.020931227435435,84.65203635317792,244.15492001585957,365.1820643411754,0.2829684858222041,0.03446492079666502,0.12170176909670688,37.26773810386658
True,EXC,1.8,2,1.25,EXC_k1.80_s02.csv,543455.133595252,3566660.5899751564,6028222905.495981,1.0,99.26600413550163,244.6677911663105,360.7445126897811,0.2904291222452434,0.03405207181017871,0.06939314020145546,32.75309777259827
True,EXC,1.8,2,1.4,EXC_k1.80_s02.csv,543455.133595252,3566660.5899751564,8062997968.401951,1.0,75.51239424884132,241.09658123210653,365.99999600644395,0.31101565089125904,0.03512514821174979,0.07878894007679327,36.97705793380737
True,EXC,1.8,2,1.55,EXC_k1.80_s02.csv,543455.133595252,3566660.5899751564,10892495073.40481,1.0,27.164665744446097,235.21089519520672,362.20240688518027,0.3002513635019251,0.03555450644923305,0.04900714867492772,33.161604166030884
True,EXC,1.8,2,1.7,EXC_k1.80_s02.csv,543455.133595252,3566660.5899751564,14203170451.27786,1.0,61.67421251005456,232.8279653540449,365.99999760678304,0.3170083348463006,0.035922202697326634,0.0,32.51085805892944
True,EXC,1.8,2,1.8,EXC_k1.80_s02.csv,543455.133595252,3566660.5899751564,16973510300.021412,1.0,49.7889272456546,234.42918607171376,365.98490477006277,0.33327204540684924,0.03572742506191492,0.06299027108401321,29.14445400238037
True,EXC,1.8,3,0.95,EXC_k1.80_s03.csv,543455.133595252,2464288.942465356,2077307384.9872308,1.0,100.0,242.68910464470565,362.2843405437669,0.408070449626342,0.0384250135117862,0.07510017527909128,45.22049403190613
True,EXC,1.8,3,1.1,EXC_k1.80_s03.csv,543455.133595252,2464288.942465356,3404793667.9056363,1.0170750372858686,42.25405133113745,240.2475183653304,362.6718168074902,0.41941058444528173,0.03884993983974652,0.08207852644464,38.72474908828735
True,EXC,1.8,3,1.25,EXC_k1.80_s03.csv,543455.133595252,2464288.942465356,5174596145.063585,1.0,69.41424354598807,241.59879956810775,348.75923705109057,0.4406100243594233,0.04051035981422303,0.09253451321269343,35.29758620262146
True,EXC,1.8,3,1.4,EXC_k1.80_s03.csv,543455.133595252,2464288.942465356,7493634402.096848,1.0,61.090841010320055,237.0486984846961,361.3200914128971,0.45638896667536777,0.041495632410093256,0.023159016468377563,29.76694893836975
True,EXC,1.8,3,1.55,EXC_k1.80_s03.csv,543455.133595252,2464288.942465356,10453766147.808405,1.0,44.96581486047193,235.36731533908554,363.80778003428446,0.4771502840917202,0.04302422202723701,0.05725287291025524,30.71269392967224
True,EXC,1.8,3,1.7,EXC_k1.80_s03.csv,543455.133595252,2464288.942465356,14191819317.119326,1.0,71.30830838184858,237.16886426077534,350.7137221959547,0.49044798011940605,0.043833926259120706,0.0,28.854506015777588
True,EXC,1.8,3,1.8,EXC_k1.80_s03.csv,543455.133595252,2464288.942465356,17089105408.306467,1.0,36.71875469761046,231.10953110480466,365.85000210159416,0.5049731564493817,0.04567401591774314,0.011446675385131694,28.2246310710907
True,EXC,1.8,4,0.95,EXC_k1.80_s04.csv,434949.18112967204,3521214.545434752,1898340980.547515,1.0,27.051448395795163,226.6071004872691,338.52578266175817,0.3277675119377687,0.04601117731638417,0.1480771309746306,46.198533058166504
True,EXC,1.8,4,1.1,EXC_k1.80_s04.csv,434949.18112967204,3521214.545434752,3043955646.585454,1.002358749469925,89.68011836444097,224.780599471315,346.31383789681746,0.33427990820191594,0.04522670938881765,0.10695781133787739,38.96803569793701
True,EXC,1.8,4,1.25,EXC_k1.80_s04.csv,434949.18112967204,3521214.545434752,4682699370.6349325,1.0054964173516405,44.41394553694123,229.67563736188558,333.71549362156907,0.35392695406696045,0.04530917777286474,0.06632016277248484,34.68328881263733
True,EXC,1.8,4,1.4,EXC_k1.80_s04.csv,434949.18112967204,3521214.545434752,6820884420.74029,1.0060640983920768,15.408744887946227,229.7628546877349,339.5450040134125,0.37135931052608784,0.0450114952475464,0.030140780620019902,35.86370515823364
True,EXC,1.8,4,1.55,EXC_k1.80_s04.csv,434949.18112967204,3521214.545434752,9566917074.976017,1.0,52.26141451306297,224.0284333540068,346.3904034810766,0.37885377456594443,0.046356933889639754,0.03222852983162,33.366761922836304
True,EXC,1.8,4,1.7,EXC_k1.80_s04.csv,434949.18112967204,3521214.545434752,12988056825.35114,1.0,77.01277420140453,224.8030237112748,332.56247130657596,0.3829628230967865,0.04725660630899577,0.0466096592956308,31.153153896331787
True,EXC,1.8,4,1.8,EXC_k1.80_s04.csv,434949.18112967204,3521214.545434752,15757853735.110056,1.0,76.66388208848396,224.9274645507381,324.1976869866387,0.3869854602148407,0.04846809673628477,0.0,29.222264051437378
True,EXC,2.0,1,0.95,EXC_k2.00_s01.csv,548168.344964095,4276766.3842434,1562616552.3675683,1.0030428125881985,61.33996037314328,249.92657826278543,350.07708506157974,0.47493016348429334,0.04224404617798215,0.12221138932903344,54.291566133499146
True,EXC,2.0,1,1.1,EXC_k2.00_s01.csv,548168.344964095,4276766.3842434,2603953336.407338,1.0018305940598977,43.56513169540868,249.58975088739786,364.93020018154994,0.510438833295964,0.04573552819479759,0.0726710972095519,49.271381855010986
True,EXC,2.0,1,1.25,EXC_k2.00_s01.csv,548168.344964095,4276766.3842434,4256653811.4743867,1.0108896196881167,11.962376160181158,249.27054237089186,361.2582537611925,0.5434462782281262,0.051357468751905166,0.061605658374703436,39.684881925582886
True,EXC,2.0,1,1.4,EXC_k2.00_s01.csv,548168.344964095,4276766.3842434,6390572789.047634,1.0,92.48240563726331,249.03225027326135,363.29053130997727,0.563666978658936,0.05330953273059692,0.0,36.36847901344299
True,EXC,2.0,1,1.55,EXC_k2.00_s01.csv,548168.344964095,4276766.3842434,9457939372.992962,1.016794886748032,26.77713863382529,247.3818635699206,341.0831866350189,0.5558466573805803,0.053123490820208646,0.02357317118961469,31.08534574508667
True,EXC,2.0,1,1.7,EXC_k2.00_s01.csv,548168.344964095,4276766.3842434,13011833011.131472,1.0,28.647759591209933,249.9999999125055,342.818827543865,0.5857395427356366,0.05396300505678347,0.03204555657602696,29.847535133361816
True,EXC,2.0,1,1.8,EXC_k2.00_s01.csv,548168.344964095,4276766.3842434,15789446644.575945,1.0,1.1133613423653477,236.38863467705562,366.0,0.5969931011456351,0.05866712664526345,8.380166658389863e-05,27.639554977416992
True,EXC,2.0,2,0.95,EXC_k2.00_s02.csv,456620.80125864,4907701.288767801,4254654698.8737817,1.0207596373735766,16.99096752069252,231.5671950977839,326.5277692140608,0.12445021880519787,0.035854743326841146,0.01189741813768555,42.3000807762146
True,EXC,2.0,2,1.1,EXC_k2.00_s02.csv,456620.80125864,4907701.288767801,6002340305.217238,1.004776287685975,9.973432505030335,227.18362952184927,327.0005829646205,0.1292295320665368,0.037041988097433684,0.09095081262151265,36.44402813911438
True,EXC,2.0,2,1.25,EXC_k2.00_s02.csv,456620.80125864,4907701.288767801,7987951506.603058,1.0,19.00102383915276,229.69382770037933,318.6686218439803,0.1606826090247064,0.038377887915926,0.06922828722631355,39.332507848739624
True,EXC,2.0,2,1.4,EXC_k2.00_s02.csv,456620.80125864,4907701.288767801,10654732290.41983,1.0,64.8408498898658,227.79297189898602,321.6384135402191,0.17813327120291123,0.039056140215414085,0.06466259424108005,35.38644480705261
True,EXC,2.0,2,1.55,EXC_k2.00_s02.csv,456620.80125864,4907701.288767801,13767967429.851793,1.0,61.52264508470582,228.9154188636184,318.0661762184268,0.20231396424834563,0.03990445939993233,0.03784819396273902,37.2297899723053
True,EXC,2.0,2,1.7,EXC_k2.00_s02.csv,456620.80125864,4907701.288767801,17596036759.290527,1.0,63.770625726837466,229.1547081244493,313.3696932182979,0.21053240288529115,0.040302480005581134,0.0567552758543043,35.52455687522888
True,EXC,2.0,2,1.8,EXC_k2.00_s02.csv,456620.80125864,4907701.288767801,20576625195.24859,1.0,61.727190458367936,228.1772608173763,315.59760505308316,0.2283555709971304,0.04102389218922812,0.0,35.237674951553345
True,EXC,2.0,3,0.95,EXC_k2.00_s03.csv,594471.88691984,4399543.71674724,4601439794.714877,1.0099196183712853,5.295664710544591,245.22768829873732,365.7515740501059,0.12315687608017029,0.029105366281074473,0.0951832869688619,38.2750039100647
True,EXC,2.0,3,1.1,EXC_k2.00_s03.csv,594471.88691984,4399543.71674724,6397357297.291776,1.0138399290827707,6.770256061804332,244.04435155492536,364.6992871274764,0.1345873094346432,0.02858575941230418,0.012936936582477854,38.641387939453125
True,EXC,2.0,3,1.25,EXC_k2.00_s03.csv,594471.88691984,4399543.71674724,8535783498.457013,1.007451838386558,10.566415324096674,243.05227127608782,362.0224184236125,0.1455142878943304,0.029323997934054657,0.023727911430188237,38.635597705841064
True,EXC,2.0,3,1.4,EXC_k2.00_s03.csv,594471.88691984,4399543.71674724,10912886433.139296,1.0,49.7955434043012,245.37996321625442,365.78632435732845,0.21771715042577516,0.030947572554771062,0.05979318532998368,38.88758707046509
True,EXC,2.0,3,1.55,EXC_k2.00_s03.csv,594471.88691984,4399543.71674724,13977262368.310259,1.0,12.353922648419235,247.80187819974734,365.0162066511838,0.24199058740162124,0.0313865885774361,0.06518502439029598,36.83051919937134
True,EXC,2.0,3,1.7,EXC_k2.00_s03.csv,594471.88691984,4399543.71674724,17541344351.564808,1.0,93.91778751584634,234.47979249431316,365.6028666870958,0.23602350796403948,0.031064025158184887,0.007337335923230645,36.39964175224304
True,EXC,2.0,3,1.8,EXC_k2.00_s03.csv,594471.88691984,4399543.71674724,20391021449.590233,1.0029674713866525,65.9699411352354,243.11964565810877,365.12469149194874,0.2408721777138181,0.030129691654099743,0.007633307727442612,37.85402297973633
True,EXC,2.0,4,0.95,EXC_k2.00_s04.csv,594471.88691984,3063270.01279396,2808062128.809938,1.0073785052788462,36.955891575220306,243.83435944320135,361.80828175759086,0.3044902398147535,0.03292287771535205,0.11654045043615346,45.851884841918945
True,EXC,2.0,4,1.1,EXC_k2.00_s04.csv,594471.88691984,3063270.01279396,4287410566.6939054,1.0027033937727712,84.23115395094051,240.90689850375838,364.91377379726424,0.32073037049461617,0.033655005897339704,0.1094990711113291,36.37803411483765
True,EXC,2.0,4,1.25,EXC_k2.00_s04.csv,594471.88691984,3063270.01279396,6271245806.935725,1.0,80.34488428798826,240.15566236660842,360.26554902333976,0.3363917847416343,0.03431432666975751,0.03099172205940262,37.474151849746704
True,EXC,2.0,4,1.4,EXC_k2.00_s04.csv,594471.88691984,3063270.01279396,8913090692.98394,1.0005148484611508,83.46280261147626,238.67990195294817,351.2997172833009,0.3447995143398402,0.03510324483696369,0.06274925110693494,35.81373429298401
True,EXC,2.0,4,1.55,EXC_k2.00_s04.csv,594471.88691984,3063270.01279396,12089664268.825788,1.0,68.73870044109381,236.61042162738795,354.1837975127305,0.3707283594389579,0.03616585677591442,0.022754757574568324,34.66910195350647
True,EXC,2.0,4,1.7,EXC_k2.00_s04.csv,594471.88691984,3063270.01279396,16069138594.913677,1.0,42.911172613581,236.46842003640856,348.4792519539149,0.3956977497697685,0.03821241861185129,0.03923342058560303,31.344280004501343
True,EXC,2.0,4,1.8,EXC_k2.00_s04.csv,594471.88691984,3063270.01279396,18979637443.855534,1.0,57.86505469438963,230.36592652120729,365.9997637432455,0.3924371209538539,0.03714267007537305,0.015833117203974817,27.080883979797363
True,EXC,2.2,1,0.95,EXC_k2.20_s01.csv,574232.1111507735,5436671.390870272,1845382744.3289561,1.0,45.58268757701176,249.99996031778477,362.69204087147637,0.4244964697295913,0.03997243292894332,0.09696698314727328,47.35888385772705
True,EXC,2.2,1,1.1,EXC_k2.20_s01.csv,574232.1111507735,5436671.390870272,3076420714.603567,1.0002523226269848,9.246945533230468,248.8879071712187,358.465393523431,0.4426728172669546,0.04205048251281835,0.0294090944825358,43.48005509376526
True,EXC,2.2,1,1.25,EXC_k2.20_s01.csv,574232.1111507735,5436671.390870272,4756644262.523055,1.0054443491031637,82.9138162547202,249.9999947111868,359.75613550512725,0.4697093283786961,0.04407171454610647,0.04911383475182532,43.77969002723694
True,EXC,2.2,1,1.4,EXC_k2.20_s01.csv,574232.1111507735,5436671.390870272,7083238396.71125,1.0,40.36467409276316,249.9998488948853,355.1958546889471,0.48520273020677485,0.045440675753705105,0.04745934790873645,35.691636085510254
True,EXC,2.2,1,1.55,EXC_k2.20_s01.csv,574232.1111507735,5436671.390870272,10156428797.512081,1.0082539707841716,39.422482881215444,244.3918668264978,365.64843885475915,0.4882124281695398,0.046568209630956,0.03990659895692827,32.377246141433716
True,EXC,2.2,1,1.7,EXC_k2.20_s01.csv,574232.1111507735,5436671.390870272,14015679802.174267,1.0164793355615929,60.18421015809404,243.79797629940865,351.0363917691185,0.48792491720057896,0.04686396500217561,0.02346814317217874,29.5355441570282
True,EXC,2.2,1,1.8,EXC_k2.20_s01.csv,574232.1111507735,5436671.390870272,16803435486.42607,1.0,8.654205773182564,234.62254221985575,365.99999998555376,0.49222989645705484,0.048633835538994086,0.0,29.75751233100891
True,EXC,2.2,2,0.95,EXC_k2.20_s02.csv,481028.9038722881,4152831.390746793,2028966393.510231,1.0039341053398108,63.13309883715379,222.84577453583685,297.51440978009924,0.3356922931427995,0.043676351946361415,0.14810207486877677,40.71744728088379
True,EXC,2.2,2,1.1,EXC_k2.20_s02.csv,481028.9038722881,4152831.390746793,3150339144.5420203,1.001046638586834,45.954401175667705,220.0557680572029,297.5922016398484,0.35200206531954703,0.04558396522464333,0.10521166682717614,38.061318159103394
True,EXC,2.2,2,1.25,EXC_k2.20_s02.csv,481028.9038722881,4152831.390746793,4701976259.372403,1.00209632400242,77.33225470156722,223.0690391656676,289.81907914618847,0.37031612246875506,0.0469301696352486,0.08057220886302018,36.5236611366272
True,EXC,2.2,2,1.4,EXC_k2.20_s02.csv,481028.9038722881,4152831.390746793,6830176957.615475,1.0,43.56356702419489,222.29411889924444,287.32523211631593,0.40430073639522507,0.05096188559609021,0.06455685226782061,33.34029793739319
True,EXC,2.2,2,1.55,EXC_k2.20_s02.csv,481028.9038722881,4152831.390746793,9674054407.678595,1.0,79.1915228269588,222.26693545366692,287.8519347528434,0.4138816969223529,0.05018721472999382,0.007743654634056612,32.35844802856445
True,EXC,2.2,2,1.7,EXC_k2.20_s02.csv,481028.9038722881,4152831.390746793,13292347874.193472,1.0,89.98868517299381,223.2319327430344,282.52725011516327,0.41738688972784627,0.051405502490739094,0.03842822984536103,25.361403226852417
True,EXC,2.2,2,1.8,EXC_k2.20_s02.csv,481028.9038722881,4152831.390746793,16128013910.931715,1.0,79.96951362161792,222.7626961902359,288.00330160177,0.4129612035049563,0.04693427905560188,0.0,28.975228786468506
True,EXC,2.2,3,0.95,EXC_k2.20_s03.csv,645488.640244428,5279390.558378152,6678361995.528798,1.005363239476374,17.467344693019687,242.96948569643772,363.535269048843,0.016360075376048125,0.02751237987311242,0.03594329334973647,39.651577949523926
True,EXC,2.2,3,1.1,EXC_k2.20_s03.csv,645488.640244428,5279390.558378152,8791676054.47274,1.0058863304779797,10.117294832117967,244.53840614838703,365.0922627614397,0.0019221520137438267,0.025509114141670064,0.03968138190137455,38.20046377182007
True,EXC,2.2,3,1.25,EXC_k2.20_s03.csv,645488.640244428,5279390.558378152,11194541176.378096,1.0,2.962587191963298,246.00187111172406,365.99999993988666,0.04986993032549222,0.02641931995684237,0.005359743892674879,37.25861692428589
True,EXC,2.2,3,1.4,EXC_k2.20_s03.csv,645488.640244428,5279390.558378152,14616400147.7947,1.012087729938564,13.498542310607816,242.0608420747436,361.57131983982475,0.12023997486049438,0.02785159707403497,0.01615259550614201,36.61319398880005
True,EXC,2.2,3,1.55,EXC_k2.20_s03.csv,645488.640244428,5279390.558378152,17760884509.93645,1.0,20.62194036129578,249.10333539964782,365.87770945988575,0.16377556053542908,0.02703098389378065,0.0444642004214286,35.72382378578186
True,EXC,2.2,3,1.7,EXC_k2.20_s03.csv,645488.640244428,5279390.558378152,21676395841.277924,1.0,1.5829095374393023,248.2598064919048,363.9331773739854,0.17076122477980926,0.026730768403374325,0.027363938566715623,42.278775691986084
True,EXC,2.2,3,1.8,EXC_k2.20_s03.csv,645488.640244428,5279390.558378152,24663872559.99707,1.0,0.1674433031823013,250.0,365.9154367964274,0.1824785665115927,0.026777293299553948,0.0211411584171107,35.17713117599487
True,EXC,2.2,4,0.95,EXC_k2.20_s04.csv,645488.640244428,3699071.6838722765,3830352859.7041507,1.0119787257703106,41.565279837221965,247.30700156234755,349.53873128016403,0.19993383345470656,0.02867622484534782,0.08169000078480665,43.25823783874512
True,EXC,2.2,4,1.1,EXC_k2.20_s04.csv,645488.640244428,3699071.6838722765,5547676511.136743,1.0095305319662164,93.38934592214785,242.65540832128033,355.00902623661295,0.21923964422075207,0.02978321560537041,0.09265637207454312,40.295783042907715
True,EXC,2.2,4,1.25,EXC_k2.20_s04.csv,645488.640244428,3699071.6838722765,7824250421.322745,1.0003289569757743,70.30404935751679,241.61563808266388,350.42751278843474,0.22283255308806152,0.02947726472658504,0.07495344668375285,37.49614381790161
True,EXC,2.2,4,1.4,EXC_k2.20_s04.csv,645488.640244428,3699071.6838722765,10742460543.528927,1.0,44.18247328670328,242.65299868145968,339.24062378584,0.24232494206946023,0.030318453267972393,0.038307752175958255,35.62483620643616
True,EXC,2.2,4,1.55,EXC_k2.20_s04.csv,645488.640244428,3699071.6838722765,14104701066.162476,1.0,36.9421954478542,237.82670734926398,347.9930742491668,0.2763962547264962,0.03269611052469502,0.048384880211336946,40.10044884681702
True,EXC,2.2,4,1.7,EXC_k2.20_s04.csv,645488.640244428,3699071.6838722765,18412152544.323986,1.0123244036699668,33.89750204914156,232.92538488373222,350.2655394271296,0.27147932904655414,0.03207530057111533,0.026861137750016903,29.31264901161194
True,EXC,2.2,4,1.8,EXC_k2.20_s04.csv,645488.640244428,3699071.6838722765,21361747013.392326,1.0,63.86704577846036,229.23170019265612,365.9999898878063,0.3006301781048052,0.0339082238436214,0.0331405840918562,33.44067406654358
True,EXC,2.5,1,0.95,EXC_k2.50_s01.csv,681194.3543253102,7474101.7961541,18977173916.973373,1.0,9.33072215552458,250.0,303.7181758607806,0.0,0.031140239826704108,0.0,38.849339962005615
True,EXC,2.5,1,1.1,EXC_k2.50_s01.csv,681194.3543253102,7474101.7961541,21370488713.30114,1.0,7.056073851609263,249.99999999998275,304.25681171383667,0.0,0.03045396325637605,0.00961668618869065,41.92453980445862
True,EXC,2.5,1,1.25,EXC_k2.50_s01.csv,681194.3543253102,7474101.7961541,24442306668.701485,1.0,7.356645055995691,249.25972734114933,305.73503718120713,0.0,0.02993054255340394,0.0,44.054277181625366
True,EXC,2.5,1,1.4,EXC_k2.50_s01.csv,681194.3543253102,7474101.7961541,27923356655.309116,1.0,0.0,250.0,305.7187021088842,0.0,0.029049991776126594,0.0,40.76948094367981
True,EXC,2.5,1,1.55,EXC_k2.50_s01.csv,681194.3543253102,7474101.7961541,32278154194.025303,1.0,6.952565469246805,250.0,293.4137475292833,0.0,0.02934057139229243,0.0,39.64025092124939
True,EXC,2.5,1,1.7,EXC_k2.50_s01.csv,681194.3543253102,7474101.7961541,37340728847.611725,1.0,3.0858430589976975,248.7893505078891,296.6989767878247,0.0,0.028949375639622722,0.0,31.36301302909851
True,EXC,2.5,1,1.8,EXC_k2.50_s01.csv,681194.3543253102,7474101.7961541,41220590519.03772,1.0,10.553030946275188,250.0,292.67351942048015,0.0,0.028273161424906913,0.0,33.8923499584198
True,EXC,2.5,2,0.95,EXC_k2.50_s02.csv,549699.91315481,7103800.565990242,9239836710.283932,1.0,0.0,228.00000000971454,341.6525242693725,0.0,0.03273561325657221,0.0,48.86505317687988
True,EXC,2.5,2,1.1,EXC_k2.50_s02.csv,549699.91315481,7103800.565990242,11832566387.891197,1.0,18.219588316985586,227.8152302954438,347.96511035977795,0.0,0.0313051515917161,0.0,41.97893404960632
True,EXC,2.5,2,1.25,EXC_k2.50_s02.csv,549699.91315481,7103800.565990242,14506086849.162613,1.0,3.779505245297241,228.5403625565641,345.1696320950901,0.0,0.030351917087409495,0.005755199514345491,43.65088200569153
True,EXC,2.5,2,1.4,EXC_k2.50_s02.csv,549699.91315481,7103800.565990242,18043075086.07635,1.0,5.835896636534178,228.8556794879641,340.17823484404124,0.0,0.029843597307966943,0.0,40.830599784851074
True,EXC,2.5,2,1.55,EXC_k2.50_s02.csv,549699.91315481,7103800.565990242,22242813714.626522,1.0,5.935601924578273,228.14085926514244,333.1132544888434,0.0004942408562141377,0.029819173261336835,0.0,37.2125928401947
True,EXC,2.5,2,1.7,EXC_k2.50_s02.csv,549699.91315481,7103800.565990242,27308663219.181873,1.0,12.077590619737016,230.946740650863,326.63913444231434,0.002414845657355265,0.028719535413799225,0.007839314585485218,37.51286506652832
True,EXC,2.5,2,1.8,EXC_k2.50_s02.csv,549699.91315481,7103800.565990242,31257253021.854675,1.0106179482764297,11.549775814418597,227.2531287230451,332.9221077878624,0.027126812560647726,0.030613531489955204,0.04308462266070003,33.772501945495605
True,EXC,2.5,3,0.95,EXC_k2.50_s03.csv,722013.7702313102,6659793.80880808,12596968330.67311,1.0,0.0,250.0,366.0,0.0,0.025739480335854374,0.0,45.128572940826416
True,EXC,2.5,3,1.1,EXC_k2.50_s03.csv,722013.7702313102,6659793.80880808,14554819141.138552,1.0,0.0,250.0,366.0,0.0,0.025189994299362705,0.0,40.978371143341064
True,EXC,2.5,3,1.25,EXC_k2.50_s03.csv,722013.7702313102,6659793.80880808,17110099417.99881,1.0,0.0,250.0,366.0,0.0,0.024639888557580595,0.0,42.03826093673706
True,EXC,2.5,3,1.4,EXC_k2.50_s03.csv,722013.7702313102,6659793.80880808,20380134235.99008,1.0,0.0,250.0,366.0,0.0,0.02408915541836053,0.0,44.565285205841064
True,EXC,2.5,3,1.55,EXC_k2.50_s03.csv,722013.7702313102,6659793.80880808,24647777673.861744,1.0,4.148003332777039,242.89057743151605,364.26414470659256,0.00012206457190824589,0.024063873961278005,0.0,37.04163098335266
True,EXC,2.5,3,1.7,EXC_k2.50_s03.csv,722013.7702313102,6659793.80880808,29308371378.751434,1.0,0.0,250.0,366.0,0.0008039008346710755,0.023020826435788098,0.0,36.1312210559845
True,EXC,2.5,3,1.8,EXC_k2.50_s03.csv,722013.7702313102,6659793.80880808,32936902376.075138,1.0,0.0,250.0,366.0,1.459710430337545e-06,0.02261757637273777,0.01083439588147179,37.85480499267578
True,EXC,2.5,4,0.95,EXC_k2.50_s04.csv,722013.7702313102,4720944.289101451,5596090007.847499,1.0,0.9154340810625273,249.99988359258256,339.02818638367955,0.06389828366849075,0.024848084490428708,0.06705836226098631,44.926254749298096
True,EXC,2.5,4,1.1,EXC_k2.50_s04.csv,722013.7702313102,4720944.289101451,8034546472.41947,1.0374089749178803,7.722160799589481,244.63291265263229,352.1274103590065,0.0708758631936271,0.02516775962872375,0.05382371346560936,40.37281799316406
True,EXC,2.5,4,1.25,EXC_k2.50_s04.csv,722013.7702313102,4720944.289101451,10963382235.358418,1.0,45.4502546358197,238.55270151202564,359.6591815805762,0.08908384172938558,0.026295288945195696,0.03267687025894378,44.178056955337524
True,EXC,2.5,4,1.4,EXC_k2.50_s04.csv,722013.7702313102,4720944.289101451,14235609906.066986,1.0015220568424157,8.28691570480079,240.1267602864496,342.26245744156444,0.10246329154912692,0.02692543681462207,0.00551371462075409,41.42802381515503
True,EXC,2.5,4,1.55,EXC_k2.50_s04.csv,722013.7702313102,4720944.289101451,18175308503.345264,1.0,82.30213691352171,232.75164843613365,357.811919982748,0.13798307315655958,0.029127723569869066,0.0,37.801491022109985
True,EXC,2.5,4,1.7,EXC_k2.50_s04.csv,722013.7702313102,4720944.289101451,22775962060.06323,1.0,88.55773261467357,227.75852072364194,365.9999915976886,0.17078833053128645,0.031162595901562447,0.035777062884663355,30.6714129447937
True,EXC,2.5,4,1.8,EXC_k2.50_s04.csv,722013.7702313102,4720944.289101451,26581964650.71068,1.0,26.13780629468615,230.0826386051579,347.9206328731612,0.17531779839380662,0.031312630576795945,0.0168763173694791,28.205293893814087
True,EXC,2.9,1,0.95,EXC_k2.90_s01.csv,649232.1312414974,9510001.165308652,25645174954.524338,1.0,35.91401426876552,224.611706720237,364.95318511526307,0.0,0.027843191434992427,0.05549967967003779,34.13967800140381
True,EXC,2.9,1,1.1,EXC_k2.90_s01.csv,649232.1312414974,9510001.165308652,27463292995.467175,1.0,0.25292749931480074,220.71568780637364,355.54004622837186,0.0,0.02780288626928339,0.021999864655021177,35.72148394584656
True,EXC,2.9,1,1.25,EXC_k2.90_s01.csv,649232.1312414974,9510001.165308652,30283932254.673737,1.0,6.043254724228646,221.31591469845816,350.68813888267925,0.0,0.027338083924213316,0.0,35.750473976135254
True,EXC,2.9,1,1.4,EXC_k2.90_s01.csv,649232.1312414974,9510001.165308652,33531103183.125965,1.0,0.976269870041854,219.83550485855042,350.6015588250176,0.0,0.026928143889162585,0.022827279297949435,33.552839040756226
True,EXC,2.9,1,1.55,EXC_k2.90_s01.csv,649232.1312414974,9510001.165308652,37952928308.149124,1.0,24.30819485208541,220.99085352026137,362.30537535929335,0.0,0.026163578421431518,0.04669521063073174,34.70517897605896
True,EXC,2.9,1,1.7,EXC_k2.90_s01.csv,649232.1312414974,9510001.165308652,42591452925.418594,1.0,7.3402593063116255,224.15599309681596,342.3357283842637,0.0,0.025939846142535094,0.03397205278386793,34.92327117919922
True,EXC,2.9,1,1.8,EXC_k2.90_s01.csv,649232.1312414974,9510001.165308652,46248330201.65222,1.0,4.804886706813023,218.9467327309815,364.74181321655254,0.03219197885099732,0.024451180434297188,0.00785374013240249,33.267653703689575
True,EXC,2.9,2,0.95,EXC_k2.90_s02.csv,824047.276880487,8592142.536928626,32030133562.98162,1.0,0.0,250.0,366.0,0.0,0.028090492904713608,0.0,40.414737939834595
True,EXC,2.9,2,1.1,EXC_k2.90_s02.csv,824047.276880487,8592142.536928626,34155775820.85241,1.0,0.0,250.0,366.0,0.0,0.027775033161790624,0.0,38.32526397705078
True,EXC,2.9,2,1.25,EXC_k2.90_s02.csv,824047.276880487,8592142.536928626,36905458072.5708,1.0,0.0,250.0,366.0,0.0,0.027470410170062354,0.0,39.58035492897034
True,EXC,2.9,2,1.4,EXC_k2.90_s02.csv,824047.276880487,8592142.536928626,40370577423.94597,1.0,0.0,250.0,366.0,0.0,0.02734647346403278,0.0,32.33898687362671
True,EXC,2.9,2,1.55,EXC_k2.90_s02.csv,824047.276880487,8592142.536928626,44532633786.05206,1.0,0.010578496721006404,238.6157415261942,366.0,0.0,0.027227571344444864,0.0,33.658286809921265
True,EXC,2.9,2,1.7,EXC_k2.90_s02.csv,824047.276880487,8592142.536928626,49331586200.58206,1.0,0.0,237.5006592587173,366.0,0.0,0.027103334668881332,0.0,37.6348762512207
True,EXC,2.9,2,1.8,EXC_k2.90_s02.csv,824047.276880487,8592142.536928626,52993237456.01514,1.0,0.0,234.78626520952108,366.0,0.0,0.027021657277668705,0.0,34.83689904212952
True,EXC,2.9,3,0.95,EXC_k2.90_s03.csv,824047.276880487,6154678.73299081,10121358830.996397,1.0084176046191684,10.12303734912001,245.0853124132019,363.61440976626136,0.0,0.027322623557391307,0.0069304850731692,42.477437019348145
True,EXC,2.9,3,1.1,EXC_k2.90_s03.csv,824047.276880487,6154678.73299081,12829441017.34436,1.0,3.2910570006810773,246.30214676581588,360.33537644710094,0.0,0.02650069836006795,0.0,41.48366403579712
True,EXC,2.9,3,1.25,EXC_k2.90_s03.csv,824047.276880487,6154678.73299081,16765148379.36447,1.0347226928171176,1.5172418467187585,242.8233346497276,358.34814553928544,0.009929302057643564,0.027254164088106842,0.02859062333673592,33.62175917625427
True,EXC,2.9,3,1.4,EXC_k2.90_s03.csv,824047.276880487,6154678.73299081,20486402307.73434,1.0,0.0,248.38937415147674,364.75446292838654,0.0,0.024485095460478667,0.0,38.306737184524536
True,EXC,2.9,3,1.55,EXC_k2.90_s03.csv,824047.276880487,6154678.73299081,25377173200.453533,1.0,8.739482282956546,237.5558015786846,364.4768074917419,3.0788972278678444e-05,0.02597476069009383,0.016153327413404316,35.05219602584839
True,EXC,2.9,3,1.7,EXC_k2.90_s03.csv,824047.276880487,6154678.73299081,31963560196.990005,1.0,43.6989927255173,244.86023850859237,358.4554165775019,0.06905095391880518,0.027056554420652013,0.010739649583749402,30.134479761123657
True,EXC,2.9,3,1.8,EXC_k2.90_s03.csv,824047.276880487,6154678.73299081,35444109027.646416,1.007971767882309,14.98817214778463,234.24486892717255,364.90047884029315,0.011794249729618483,0.02584714454268097,0.019440847079533703,29.67570996284485
True,EXC,2.9,4,0.95,EXC_k2.90_s04.csv,649232.1312414974,9304551.806709483,23182209778.98481,1.0,26.27507249142841,225.3663113803631,314.6218658546425,0.0,0.04197447755160928,0.0,38.18267893791199
True,EXC,2.9,4,1.1,EXC_k2.90_s04.csv,649232.1312414974,9304551.806709483,25546976299.123116,1.0,25.567276004149466,225.17388034100136,311.49128421371887,0.0,0.04189094262670213,0.0038826178362774536,37.36341190338135
True,EXC,2.9,4,1.25,EXC_k2.90_s04.csv,649232.1312414974,9304551.806709483,28685785398.63723,1.0,58.07956055697295,225.99775719130858,311.85503693136707,0.0,0.04057806339383668,0.021116797161883936,34.71640086174011
True,EXC,2.9,4,1.4,EXC_k2.90_s04.csv,649232.1312414974,9304551.806709483,31844665699.954803,1.0,16.226570612509846,225.0574475400745,314.07948017267404,0.0,0.03863187822579122,0.0017350762942714704,34.6460280418396
True,EXC,2.9,4,1.55,EXC_k2.90_s04.csv,649232.1312414974,9304551.806709483,35906085021.97685,1.0,13.063108698594487,225.4645570191164,313.90467119521327,0.0,0.03717333804689902,0.0033265246455412368,33.93918299674988
True,EXC,2.9,4,1.7,EXC_k2.90_s04.csv,649232.1312414974,9304551.806709483,40667444006.96045,1.0,5.245080953655789,225.68595766208668,314.6073116889166,0.0,0.03555472804629146,0.0,34.30965995788574
True,EXC,2.9,4,1.8,EXC_k2.90_s04.csv,649232.1312414974,9304551.806709483,44392329249.26031,1.0,11.320687425566527,225.97856123524787,307.7872677232299,0.0,0.03732969857289116,0.0,37.352272272109985
True,EXC,3.4,1,0.95,EXC_k3.40_s01.csv,717242.3145679173,8618272.274841124,33057276673.801926,1.044289572632082,67.49020077067189,227.3576758909669,311.8558039598947,0.005221082837346288,0.04083854522302067,0.03392273557033941,29.62756896018982
True,EXC,3.4,1,1.1,EXC_k3.40_s01.csv,717242.3145679173,8618272.274841124,34984145810.17488,1.0,14.547355100516851,227.00909371961242,311.3956996040379,0.0,0.0401155052532261,0.0,32.06356883049011
True,EXC,3.4,1,1.25,EXC_k3.40_s01.csv,717242.3145679173,8618272.274841124,38421872560.86086,1.0,34.149654128189134,225.9981086308327,308.4398555657198,0.0,0.04060450926234179,0.02254374569319299,31.64227032661438
True,EXC,3.4,1,1.4,EXC_k3.40_s01.csv,717242.3145679173,8618272.274841124,41799111568.30399,1.0,16.153060701889643,227.22771159771514,303.63070668683747,0.0,0.0410721307413724,0.0,30.269685983657837
True,EXC,3.4,1,1.55,EXC_k3.40_s01.csv,717242.3145679173,8618272.274841124,46311836402.647415,1.0,18.474883311868897,226.555318863156,305.86669523033555,0.0,0.03943638419961295,0.0,31.461456298828125
True,EXC,3.4,1,1.7,EXC_k3.40_s01.csv,717242.3145679173,8618272.274841124,51382703847.53081,1.0,2.590493643873886,223.28293740812057,314.82399461894937,2.6717406726748274e-08,0.03719828240753081,0.0,31.800607919692993
True,EXC,3.4,1,1.8,EXC_k3.40_s01.csv,717242.3145679173,8618272.274841124,55249748330.27594,1.0115043918725939,8.571707694542116,224.93188846949272,309.53851581416507,5.005426276882464e-07,0.03743578548075143,0.0,33.992883920669556
True,EXC,3.4,2,0.95,EXC_k3.40_s02.csv,746633.4722014175,10839111.758960145,16969671470.756191,1.0,5.475768366720779,244.68611199512034,364.0951976935161,0.0,0.026092047047370566,0.0,41.406662940979004
True,EXC,3.4,2,1.1,EXC_k3.40_s02.csv,746633.4722014175,10839111.758960145,19009022342.88095,1.0,0.0005353972525434979,250.0,366.0,0.0,0.024789215387510354,0.005106887972672891,42.88744807243347
True,EXC,3.4,2,1.25,EXC_k3.40_s02.csv,746633.4722014175,10839111.758960145,21729497722.238167,1.0,0.0,243.8112061545415,365.5444996620828,0.0,0.024943701901880576,0.0,43.345848083496094
True,EXC,3.4,2,1.4,EXC_k3.40_s02.csv,746633.4722014175,10839111.758960145,25249485727.448513,1.0,4.14050184460747,240.6797139301276,361.53583020037064,0.0,0.02506363011416805,0.0,42.06449103355408
True,EXC,3.4,2,1.55,EXC_k3.40_s02.csv,746633.4722014175,10839111.758960145,29557073890.745384,1.0,3.0351658794431,240.5757631555779,353.57323703227894,0.0,0.02478758010217448,0.013462992640689005,41.03617978096008
True,EXC,3.4,2,1.7,EXC_k3.40_s02.csv,746633.4722014175,10839111.758960145,34121100279.715744,1.0,5.271028691292727,237.2846368828782,366.0,0.0,0.024463369495852545,0.0,37.24592185020447
True,EXC,3.4,2,1.8,EXC_k3.40_s02.csv,746633.4722014175,10839111.758960145,38099046588.4077,1.0,3.6515894249945333,237.4777234971277,352.7842299007252,0.0,0.02456646280867121,0.011906494311481738,39.0112681388855
True,EXC,3.4,3,0.95,EXC_k3.40_s03.csv,713709.2387957174,9880234.472335758,26083951476.187675,1.0,14.51585254590764,247.1467857769379,312.0039426169945,0.0,0.038773521201623584,0.0,39.61781692504883
True,EXC,3.4,3,1.1,EXC_k3.40_s03.csv,713709.2387957174,9880234.472335758,29175778153.501465,1.0139969394657484,3.279941372616257,249.47388909192182,315.60630750992823,0.00011433135186283971,0.03631701483696165,0.008312839088372853,38.434187173843384
True,EXC,3.4,3,1.25,EXC_k3.40_s03.csv,713709.2387957174,9880234.472335758,32729723489.554623,1.0,21.50885476706157,245.50703999047332,318.6423307130235,0.0,0.03661110659933929,0.0,37.33839392662048
True,EXC,3.4,3,1.4,EXC_k3.40_s03.csv,713709.2387957174,9880234.472335758,36384063003.35855,1.0,5.1965844686523965,245.66890009595684,311.20067703646544,0.0,0.03748851955605906,0.0,34.94011473655701
True,EXC,3.4,3,1.55,EXC_k3.40_s03.csv,713709.2387957174,9880234.472335758,41274452654.418365,1.0,3.3530105582140495,243.91359848997598,313.5145484569258,0.0,0.03707910735076273,0.0,36.51238417625427
True,EXC,3.4,3,1.7,EXC_k3.40_s03.csv,713709.2387957174,9880234.472335758,46788239705.76807,1.0,0.0,246.84796168914377,310.43921656683017,0.0,0.03541499971036895,0.0,38.97024607658386
True,EXC,3.4,3,1.8,EXC_k3.40_s03.csv,713709.2387957174,9880234.472335758,51041927406.885605,1.0,0.7267505660607232,246.76626507831608,310.40408185515827,0.0,0.0349342211587104,0.0,34.71019697189331
True,EXC,3.4,4,0.95,EXC_k3.40_s04.csv,717242.3145679173,10828195.53743508,55354891364.2182,1.0,87.15400878039391,224.99999999851107,305.21330692711183,0.0,0.04892848112243025,0.070941150043622,27.28158402442932
True,EXC,3.4,4,1.1,EXC_k3.40_s04.csv,717242.3145679173,10828195.53743508,58149394717.42694,1.0,89.19954559333335,224.88827135208368,305.0820224825447,0.0,0.048140697557027996,0.07633286744540234,28.410040140151978
True,EXC,3.4,4,1.25,EXC_k3.40_s04.csv,717242.3145679173,10828195.53743508,61576014766.49963,1.0,85.69188388833022,224.06961313278362,304.7400503144022,0.0,0.047672653354481176,0.07640501163930559,27.900387048721313
True,EXC,3.4,4,1.4,EXC_k3.40_s04.csv,717242.3145679173,10828195.53743508,65558064729.50607,1.0,18.551855945714966,225.55328762768835,302.70606810356094,0.0,0.045767426950120815,0.009689386216588262,27.43392300605774
True,EXC,3.4,4,1.55,EXC_k3.40_s04.csv,717242.3145679173,10828195.53743508,70464411670.26999,1.0,23.493634642193722,225.52483447554394,301.7584933926252,0.0,0.045339801855429775,0.0020882999317090867,24.120394945144653
True,EXC,3.4,4,1.7,EXC_k3.40_s04.csv,717242.3145679173,10828195.53743508,75449185188.76788,1.0,12.318340836519885,224.5424869251891,303.9041574353138,0.0,0.044488974427366455,0.00718650548271243,25.016871213912964
True,EXC,3.4,4,1.8,EXC_k3.40_s04.csv,717242.3145679173,10828195.53743508,79672445245.21243,1.0,4.060631062446328,222.82090194334467,311.903258053541,0.0,0.04201506664238209,0.005729766777660302,26.649964809417725
True,EXC,4.0,1,0.95,EXC_k4.00_s01.csv,863515.0813533214,14102171.228096751,41290387230.10138,1.0,0.0,249.999983093817,366.0,0.0,0.025226104524130512,0.012092792818689935,35.12069606781006
True,EXC,4.0,1,1.1,EXC_k4.00_s01.csv,863515.0813533214,14102171.228096751,43893961102.262024,1.0,0.0,249.99999876225965,366.0,0.0,0.024833113298997837,0.01124194338191913,35.9951069355011
True,EXC,4.0,1,1.25,EXC_k4.00_s01.csv,863515.0813533214,14102171.228096751,47172799922.40033,1.0,0.0,250.0,366.0,0.0,0.024501083725802602,0.010402768694466463,37.98052501678467
True,EXC,4.0,1,1.4,EXC_k4.00_s01.csv,863515.0813533214,14102171.228096751,51146825722.682526,1.0,0.0,250.0,366.0,0.0,0.023773171911267627,0.0,31.924221992492676
True,EXC,4.0,1,1.55,EXC_k4.00_s01.csv,863515.0813533214,14102171.228096751,55840958739.512405,1.0,0.0,250.0,366.0,0.0,0.023092983155199465,0.0,37.76440191268921
True,EXC,4.0,1,1.7,EXC_k4.00_s01.csv,863515.0813533214,14102171.228096751,61305911261.76511,1.0,0.0,249.99999999940712,366.0,0.0,0.02262836064519926,0.0,32.479153871536255
True,EXC,4.0,1,1.8,EXC_k4.00_s01.csv,863515.0813533214,14102171.228096751,65363417978.40234,1.0,0.0,244.6213048046665,365.9999936700318,0.0,0.022592353389534303,0.0016615436489676172,33.465081214904785
True,EXC,4.0,2,0.95,EXC_k4.00_s02.csv,689811.7045732917,13811598.64896139,27743979963.72096,1.0138640884908763,21.473546928571874,237.48449679336704,291.9203806412639,0.0002281774834609422,0.03513067057492042,0.010556208727091928,38.765740156173706
True,EXC,4.0,2,1.1,EXC_k4.00_s02.csv,689811.7045732917,13811598.64896139,29883113771.69571,1.0,9.066023554001625,235.99982588458533,296.8641301096616,0.0,0.033916421890763944,0.01612735451664104,35.89592003822327
True,EXC,4.0,2,1.25,EXC_k4.00_s02.csv,689811.7045732917,13811598.64896139,32934153596.541393,1.0,5.210422374857212,236.9482358589692,292.37514717396954,0.0,0.03371643393737992,0.0,39.01742887496948
True,EXC,4.0,2,1.4,EXC_k4.00_s02.csv,689811.7045732917,13811598.64896139,36770952269.970764,1.0,5.585339863003481,235.8971477744339,291.36385612891854,0.0,0.034063961081374126,0.011820496461065704,36.73212194442749
True,EXC,4.0,2,1.55,EXC_k4.00_s02.csv,689811.7045732917,13811598.64896139,41358677660.52166,1.0,5.805619616664572,236.3336562987216,290.1962762714204,0.0,0.0332648908145296,0.0,35.61295175552368
True,EXC,4.0,2,1.7,EXC_k4.00_s02.csv,689811.7045732917,13811598.64896139,46579376958.010216,1.0,1.0420267692708016,235.69615157595635,288.47655001174417,0.0,0.03359958791557021,0.0,34.09859609603882
True,EXC,4.0,2,1.8,EXC_k4.00_s02.csv,689811.7045732917,13811598.64896139,50719538236.637566,1.0,0.0,236.42389733505584,285.20059396282056,2.4823338976420812e-08,0.033191209959409926,0.0,36.049607038497925
True,EXC,4.0,3,0.95,EXC_k4.00_s03.csv,636445.2142669214,11373395.468498455,18915815424.49785,1.0,0.0,249.48293775158228,307.9177755912522,0.0,0.0315088963169785,0.0,40.40608811378479
True,EXC,4.0,3,1.1,EXC_k4.00_s03.csv,636445.2142669214,11373395.468498455,21801518524.070915,1.0,0.006614309116493189,249.88412991897516,300.0203033529807,0.0,0.030842411922389023,0.0,38.092864990234375
True,EXC,4.0,3,1.25,EXC_k4.00_s03.csv,636445.2142669214,11373395.468498455,25318552429.69709,1.0,0.0,249.06767080558825,301.8443264499482,0.0,0.03069480330426966,0.0,37.11750507354736
True,EXC,4.0,3,1.4,EXC_k4.00_s03.csv,636445.2142669214,11373395.468498455,29645054939.957527,1.0,1.9100161461820815,248.88812793619286,299.88279810577575,0.0,0.030508728477050148,0.0,34.23406481742859
True,EXC,4.0,3,1.55,EXC_k4.00_s03.csv,636445.2142669214,11373395.468498455,34693486645.5529,1.0,0.0,248.7882993004935,297.738309645735,0.0,0.030114249780699178,0.0017576306795913654,32.96018099784851
True,EXC,4.0,3,1.7,EXC_k4.00_s03.csv,636445.2142669214,11373395.468498455,40981027037.57691,1.0,60.73616076184489,248.39355208436666,296.83161634638503,0.09996096281143628,0.029710399552268698,0.021094239202807105,29.796232223510742
True,EXC,4.0,3,1.8,EXC_k4.00_s03.csv,636445.2142669214,11373395.468498455,45010041072.582756,1.0000194978309447,8.676110962251773,235.6335950447556,315.39989221919564,0.10284982518999354,0.03273257500743586,0.02238617657448523,28.851770162582397
True,EXC,4.0,4,0.95,EXC_k4.00_s04.csv,1104639.4201657209,13140585.614741012,99606384528.00992,1.0,0.0,249.9924270189662,331.7090884728709,0.0,0.03208500588584612,0.0,29.81413197517395
True,EXC,4.0,4,1.1,EXC_k4.00_s04.csv,1104639.4201657209,13140585.614741012,102665091594.86415,1.0,10.672758782593787,250.0,325.99182292108475,0.0,0.03183040072499598,0.0,29.18389105796814
True,EXC,4.0,4,1.25,EXC_k4.00_s04.csv,1104639.4201657209,13140585.614741012,106453511252.46954,1.0,9.25331301506196,247.0089234020311,330.0659510419595,0.0,0.031454719414928244,0.00041521550800979745,28.75504732131958
True,EXC,4.0,4,1.4,EXC_k4.00_s04.csv,1104639.4201657209,13140585.614741012,110746752566.59999,1.0,6.454545414056348,250.0,323.5543017540612,0.0,0.030713674521977014,0.0,30.909608125686646
True,EXC,4.0,4,1.55,EXC_k4.00_s04.csv,1104639.4201657209,13140585.614741012,116013915672.53317,1.0,5.342060631325712,250.0,322.51389199063107,0.0,0.03013625095058725,0.0,30.844514846801758
True,EXC,4.0,4,1.7,EXC_k4.00_s04.csv,1104639.4201657209,13140585.614741012,122036797477.25296,1.0,0.0,249.13648619838003,322.29101907699146,0.0,0.029698795188415388,0.0,31.96720790863037
True,EXC,4.0,4,1.8,EXC_k4.00_s04.csv,1104639.4201657209,13140585.614741012,126709601196.12483,1.0,6.042794877844879,248.97622271687274,321.58486754981243,0.0,0.029338544893339816,0.0,29.880494832992554
True,EXC,4.6,1,0.95,EXC_k4.60_s01.csv,940632.183118725,15808548.445163967,102268702798.82127,1.0,63.95882978451516,233.92459366714883,298.3823470373656,0.0,0.04086847083040522,0.03180841900896303,28.11038899421692
True,EXC,4.6,1,1.1,EXC_k4.60_s01.csv,940632.183118725,15808548.445163967,105008946578.66663,1.0,12.463820851621012,233.0000016679266,305.73864976300894,0.0,0.03817463998114118,0.0,32.50463891029358
True,EXC,4.6,1,1.25,EXC_k4.60_s01.csv,940632.183118725,15808548.445163967,108860200507.67207,1.0023128176594827,25.175468602388538,233.74365072082108,295.91906318375857,0.0,0.04038094097097741,0.013721599743719072,29.022443056106567
True,EXC,4.6,1,1.4,EXC_k4.60_s01.csv,940632.183118725,15808548.445163967,113480654359.39563,1.0,46.063701641985936,233.82444423154905,295.65701101429323,0.0,0.0394590772591485,0.028426573008607865,29.865071773529053
True,EXC,4.6,1,1.55,EXC_k4.60_s01.csv,940632.183118725,15808548.445163967,118242782814.10062,1.0,1.0459241262286272,232.00046685092897,304.061939129774,0.0,0.03607618694600459,0.0003776632618106352,33.570338010787964
True,EXC,4.6,1,1.7,EXC_k4.60_s01.csv,940632.183118725,15808548.445163967,125007332897.86047,1.0,53.69306399048686,234.31582474099272,295.24741509304124,0.0,0.03719740220567087,0.026487119914344166,28.50777316093445
True,EXC,4.6,1,1.8,EXC_k4.60_s01.csv,940632.183118725,15808548.445163967,128597213279.8596,1.0,3.3564767630986085,234.1526442775638,298.46679119758005,0.0,0.03541020444283388,0.0,31.08760380744934
True,EXC,4.6,2,0.95,EXC_k4.60_s02.csv,940632.183118725,16286372.336028498,140712901646.0043,1.0,21.632370220374916,233.25885515645217,264.58852630456516,0.0,0.03912338229201177,0.0,23.635751962661743
True,EXC,4.6,2,1.1,EXC_k4.60_s02.csv,940632.183118725,16286372.336028498,143124183382.33337,1.0,12.574953526396401,232.00000266659342,273.39333041832214,0.0,0.038358596260903294,0.0,28.51668691635132
True,EXC,4.6,2,1.25,EXC_k4.60_s02.csv,940632.183118725,16286372.336028498,146124729470.97318,1.0,21.24621448117672,231.00000043399945,271.09070537894496,0.0,0.039383486473339474,0.0,27.65148401260376
True,EXC,4.6,2,1.4,EXC_k4.60_s02.csv,940632.183118725,16286372.336028498,150150030265.47446,1.0,19.377855794843416,229.54354374967204,271.28997839226184,0.0,0.03893080007194011,0.0,24.742722034454346
True,EXC,4.6,2,1.55,EXC_k4.60_s02.csv,940632.183118725,16286372.336028498,154564078199.01758,1.0,8.398602615827903,232.04909852284206,267.45109174162053,0.0,0.03787531897601127,0.0,26.09781289100647
True,EXC,4.6,2,1.7,EXC_k4.60_s02.csv,940632.183118725,16286372.336028498,160419483532.12448,1.0,21.903199623550844,231.6762928909906,267.52118866836634,0.0,0.038343428720437764,0.0,28.15092706680298
True,EXC,4.6,2,1.8,EXC_k4.60_s02.csv,940632.183118725,16286372.336028498,164007056308.62045,1.0,11.361809591451289,230.98874831423808,266.6379808492092,0.0,0.038326090376491026,0.0,29.647916793823242
True,EXC,4.6,3,0.95,EXC_k4.60_s03.csv,629021.9651308254,14368485.140835037,40109526148.66656,1.0,24.26708110819402,231.99999995689748,346.98844728012733,0.0,0.0286291530264615,0.002014821063124977,32.00491905212402
True,EXC,4.6,3,1.1,EXC_k4.60_s03.csv,629021.9651308254,14368485.140835037,42646796408.193245,1.0,16.474579680735975,235.99802962011904,310.9720982283977,0.0,0.028298742807881666,0.019919427601878398,34.87529397010803
True,EXC,4.6,3,1.25,EXC_k4.60_s03.csv,629021.9651308254,14368485.140835037,46319555533.44693,1.0,10.614465921665431,238.70334825460355,342.0741461399189,0.0,0.026227888453959784,0.0,32.217950105667114
True,EXC,4.6,3,1.4,EXC_k4.60_s03.csv,629021.9651308254,14368485.140835037,50156433241.718414,1.0,7.700804211547796,237.69840470174486,300.3381914193705,0.0,0.027114363333456893,0.0,31.51091980934143
True,EXC,4.6,3,1.55,EXC_k4.60_s03.csv,629021.9651308254,14368485.140835037,55044223132.01813,1.0,0.0,233.2595165950541,328.9925901010049,0.0,0.02654065838586769,0.009725172887135692,33.58754205703735
True,EXC,4.6,3,1.7,EXC_k4.60_s03.csv,629021.9651308254,14368485.140835037,61181946408.10809,1.0,24.98895156175994,234.70339305010882,305.3414399575353,0.0,0.026595319759790223,0.01846012233998903,33.952593088150024
True,EXC,4.6,3,1.8,EXC_k4.60_s03.csv,629021.9651308254,14368485.140835037,64875204238.372635,1.0,6.002419956762596,234.11591219455389,304.7007927268857,0.0,0.02641379616257492,0.005418238066058335,33.46026921272278
True,EXC,4.6,4,0.95,EXC_k4.60_s04.csv,980396.6905052251,15829811.742605008,121199548755.04695,1.0,0.0,230.9999994565483,361.7084442280393,0.0,0.031222663106471118,0.0,29.64106297492981
True,EXC,4.6,4,1.1,EXC_k4.60_s04.csv,980396.6905052251,15829811.742605008,124251208891.65292,1.0,1.3577982889211635,231.7739169384331,352.4716918321127,0.0,0.03123213460163707,0.0,30.284024000167847
True,EXC,4.6,4,1.25,EXC_k4.60_s04.csv,980396.6905052251,15829811.742605008,127961484181.68178,1.0,0.0,229.99991400496654,360.6187538115511,0.0,0.02994106800402672,0.0,30.13669776916504
True,EXC,4.6,4,1.4,EXC_k4.60_s04.csv,980396.6905052251,15829811.742605008,132395781193.20132,1.0,0.0,230.9999998809148,354.17677390724924,0.0,0.02942698845586716,0.0,29.711158990859985
True,EXC,4.6,4,1.55,EXC_k4.60_s04.csv,980396.6905052251,15829811.742605008,137680979521.18112,1.0,0.0,229.0391593099364,361.6431832230203,0.0,0.02832178525940628,0.0,32.288833141326904
True,EXC,4.6,4,1.7,EXC_k4.60_s04.csv,980396.6905052251,15829811.742605008,143875966332.41095,1.0,11.594829151557594,229.00161631363596,353.76067663388375,0.0,0.028408735192573288,0.0,27.786760330200195
True,EXC,4.6,4,1.8,EXC_k4.60_s04.csv,980396.6905052251,15829811.742605008,148389570599.16144,1.0,10.673168546280314,233.64332178612977,338.45088765893206,0.0,0.02808338563399194,0.0006173732081613808,28.12027382850647
True,EXC,5.2,1,0.95,EXC_k5.20_s01.csv,1097278.2996571288,20691711.664049685,144639073388.76834,1.0,9.16828226951156,246.08212439005285,306.5661287187593,0.0,0.03134447925754049,0.0,32.08880400657654
True,EXC,5.2,1,1.1,EXC_k5.20_s01.csv,1097278.2996571288,20691711.664049685,147583083119.04834,1.0,3.07906599778282,245.00760730850905,308.93150549899997,0.0,0.030994315157650783,0.0,32.26047086715698
True,EXC,5.2,1,1.25,EXC_k5.20_s01.csv,1097278.2996571288,20691711.664049685,151406699235.1437,1.0,15.951057206693672,246.17653817984254,303.65324181765266,0.0,0.030340389325954297,0.008689429156551704,30.24192500114441
True,EXC,5.2,1,1.4,EXC_k5.20_s01.csv,1097278.2996571288,20691711.664049685,156422553406.86765,1.0,22.794784833730507,241.21714833640814,325.2199966958753,0.0,0.030282635250771024,0.009103510895462187,30.02005672454834
True,EXC,5.2,1,1.55,EXC_k5.20_s01.csv,1097278.2996571288,20691711.664049685,161536834240.65158,1.0,22.999999900105646,243.97720772928,309.59561128994386,0.0,0.029581199167655926,0.0,30.32999897003174
True,EXC,5.2,1,1.7,EXC_k5.20_s01.csv,1097278.2996571288,20691711.664049685,167246006285.5059,1.0,3.4837862123485865,247.12320655568584,293.7125284714106,0.0,0.029022948256300043,0.0061059824939665485,28.19132685661316
True,EXC,5.2,1,1.8,EXC_k5.20_s01.csv,1097278.2996571288,20691711.664049685,172448041801.82806,1.0,53.90043072585335,245.80747802879222,296.2467502541961,0.0,0.02870242751035895,0.011514539996869062,30.794676303863525
True,EXC,5.2,2,0.95,EXC_k5.20_s02.csv,901840.3678334493,19003949.05190781,158319670177.852,1.0,1.8137907450123048,238.00029347967725,293.9552985973733,0.0,0.031050627683022823,0.0065035880234625585,27.41672396659851
True,EXC,5.2,2,1.1,EXC_k5.20_s02.csv,901840.3678334493,19003949.05190781,161328492307.17316,1.0,14.092027118165655,241.0583871353329,279.5145477723518,0.0,0.03038507822927988,0.0,29.653693914413452
True,EXC,5.2,2,1.25,EXC_k5.20_s02.csv,901840.3678334493,19003949.05190781,164161567032.86002,1.0,3.3479184090930882,237.5961807797514,289.3958336068154,0.0,0.030233153768282964,0.006487722711245853,36.03231596946716
True,EXC,5.2,2,1.4,EXC_k5.20_s02.csv,901840.3678334493,19003949.05190781,168226966686.84952,1.0,0.6129963146676829,237.0320317464244,287.45004480455464,0.0,0.02994826518111799,0.0,28.691176891326904
True,EXC,5.2,2,1.55,EXC_k5.20_s02.csv,901840.3678334493,19003949.05190781,173324639414.22662,1.0,0.2548005294537461,238.99556323669094,277.3432415490935,0.0,0.029509246418597385,0.0,29.568397045135498
True,EXC,5.2,2,1.7,EXC_k5.20_s02.csv,901840.3678334493,19003949.05190781,178933172675.2233,1.0,7.541607992456172,236.95263295367351,286.0877954295187,0.0,0.028911557035401148,0.0,29.137775897979736
True,EXC,5.2,2,1.8,EXC_k5.20_s02.csv,901840.3678334493,19003949.05190781,184097499069.7326,1.0,82.56321160533595,237.00006248923717,283.761131006243,0.0,0.028695136934086797,0.0,28.424091339111328
True,EXC,5.2,3,0.95,EXC_k5.20_s03.csv,1097278.2996571288,22404480.912299167,251672791519.71942,1.0,22.993193745156283,235.00038252971444,277.52135580553517,0.0,0.03802702939047517,0.0,25.68652892112732
True,EXC,5.2,3,1.1,EXC_k5.20_s03.csv,1097278.2996571288,22404480.912299167,254363083440.2541,1.0,17.503561239476063,236.25013387815642,275.27994633954984,0.0,0.03707353440467987,0.0,25.0202419757843
True,EXC,5.2,3,1.25,EXC_k5.20_s03.csv,1097278.2996571288,22404480.912299167,258013962895.66663,1.0,23.924088189620413,236.07744279741775,275.7026523273087,0.0,0.036495262099527526,0.0,24.199084043502808
True,EXC,5.2,3,1.4,EXC_k5.20_s03.csv,1097278.2996571288,22404480.912299167,262062045636.37888,1.0,19.05827347553704,235.860037947852,272.97094800359866,0.0,0.03606793605411615,0.0,28.118898153305054
True,EXC,5.2,3,1.55,EXC_k5.20_s03.csv,1097278.2996571288,22404480.912299167,266815933467.75623,1.0,12.568614079835747,236.00117535761999,270.8654913226759,0.0,0.03553049626194896,0.0,25.855058908462524
True,EXC,5.2,3,1.7,EXC_k5.20_s03.csv,1097278.2996571288,22404480.912299167,272522863402.74887,1.0,12.359928237124342,235.56581685180663,274.06110542855015,0.0,0.035089572371582424,0.0,24.220977306365967
True,EXC,5.2,3,1.8,EXC_k5.20_s03.csv,1097278.2996571288,22404480.912299167,276657499184.6267,1.0,5.588866854609797,234.80843954332136,270.8822038793037,0.0,0.03504134309228528,0.0,25.55420994758606
True,EXC,5.2,4,0.95,EXC_k5.20_s04.csv,873457.1072477212,26408793.809477016,260764022511.16663,1.0,0.0,247.00000001379644,328.6232070999592,0.0,0.031778256005736666,0.0,25.251611948013306
True,EXC,5.2,4,1.1,EXC_k5.20_s04.csv,873457.1072477212,26408793.809477016,263237756432.63205,1.0,0.0,243.37092554022496,344.73194330628854,0.0,0.03145676095593588,0.0,28.743783950805664
True,EXC,5.2,4,1.25,EXC_k5.20_s04.csv,873457.1072477212,26408793.809477016,265661264420.86896,1.0,0.0,246.9488486521362,323.1327241527364,0.0,0.03133478975967595,0.0035366265288467114,32.62053179740906
True,EXC,5.2,4,1.4,EXC_k5.20_s04.csv,873457.1072477212,26408793.809477016,269218197736.58383,1.0,0.0,246.70410244518874,316.7123951416571,0.0,0.0312077620335574,0.0,30.22141695022583
True,EXC,5.2,4,1.55,EXC_k5.20_s04.csv,873457.1072477212,26408793.809477016,273597492404.50052,1.0,0.0,246.37000048117844,315.4054540244744,0.0,0.03107687891486625,0.0,29.690053939819336
True,EXC,5.2,4,1.7,EXC_k5.20_s04.csv,873457.1072477212,26408793.809477016,278786166661.9875,1.0,0.0,246.01164862336438,311.4101132033888,0.0,0.030949238393271763,0.0,28.17919111251831
True,EXC,5.2,4,1.8,EXC_k5.20_s04.csv,873457.1072477212,26408793.809477016,282768625325.3632,1.0,0.9974338616818094,245.78597294789043,309.8935637638313,0.0,0.030731549920141432,0.0,29.64216184616089
True,FOL,0.8,1,0.95,FOL_k0.80_s01.csv,800680.0205790792,0.0,4796202400.777184,1.0,99.98713833776091,100.0,250.0,1.0,0.0,0.06003477251708736,5.889876127243042
True,FOL,0.8,1,1.1,FOL_k0.80_s01.csv,800680.0205790792,0.0,9734944011.973497,1.0,72.72714512458968,100.0,250.0,1.0,0.0,0.04249921738184395,5.431179761886597
True,FOL,0.8,1,1.25,FOL_k0.80_s01.csv,800680.0205790792,0.0,17431827711.070766,1.0,60.7098651504137,100.0,250.0,1.0,0.0,0.0,4.984371900558472
True,FOL,0.8,1,1.4,FOL_k0.80_s01.csv,800680.0205790792,0.0,28134357725.795143,1.0,37.332860573090805,100.0,250.0,1.0,0.0,0.0,4.451416969299316
True,FOL,0.8,1,1.55,FOL_k0.80_s01.csv,800680.0205790792,0.0,42432384209.95092,1.0,26.965185640217875,100.0,250.0,1.0,0.0,0.013438340150364422,4.13173508644104
True,FOL,0.8,1,1.7,FOL_k0.80_s01.csv,800680.0205790792,0.0,60398092137.04979,1.0,32.55224535605355,100.0,250.0,1.0,0.0,0.01921149755702166,3.648616075515747
True,FOL,0.8,1,1.8,FOL_k0.80_s01.csv,800680.0205790792,0.0,74553813004.81047,1.0,32.55224535605355,100.0,250.0,1.0,0.0,0.01921149755702166,3.5628321170806885
True,FOL,0.8,2,0.95,FOL_k0.80_s02.csv,800680.0205790792,0.0,4529680401.887241,1.0,66.45433466165639,100.0,250.0,1.0,0.0,0.07537460352885562,6.058519124984741
True,FOL,0.8,2,1.1,FOL_k0.80_s02.csv,800680.0205790792,0.0,9232083155.108583,1.0,76.48846885242068,100.0,250.0,1.0,0.0,0.049977396045455924,5.696642875671387
True,FOL,0.8,2,1.25,FOL_k0.80_s02.csv,800680.0205790792,0.0,16638450634.784298,1.0,5.523599110450704,100.0,250.0,1.0,0.0,0.014751765014168777,5.360536098480225
True,FOL,0.8,2,1.4,FOL_k0.80_s02.csv,800680.0205790792,0.0,27033325560.458496,1.0,21.24452331835276,100.0,250.0,1.0,0.0,0.0,5.086305856704712
True,FOL,0.8,2,1.55,FOL_k0.80_s02.csv,800680.0205790792,0.0,41016571870.93495,1.0,21.24452331835276,100.0,250.0,1.0,0.0,0.0,4.798412084579468
True,FOL,0.8,2,1.7,FOL_k0.80_s02.csv,800680.0205790792,0.0,58639342551.61755,1.0,18.601458367612345,100.0,250.0,1.0,0.0,0.0,3.9546239376068115
True,FOL,0.8,2,1.8,FOL_k0.80_s02.csv,800680.0205790792,0.0,72538221765.94098,1.0,83.7075179388014,100.0,250.0,1.0,0.0,0.0,4.3577721118927
True,FOL,0.8,3,0.95,FOL_k0.80_s03.csv,800680.0205790792,0.0,4333011958.307602,1.0,58.89437032844579,100.0,250.0,1.0,0.0,0.040554348137741926,6.171908140182495
True,FOL,0.8,3,1.1,FOL_k0.80_s03.csv,800680.0205790792,0.0,9141650896.26038,1.0,30.00281543175233,100.0,250.0,1.0,0.0,0.039329913784474584,5.581606864929199
True,FOL,0.8,3,1.25,FOL_k0.80_s03.csv,800680.0205790792,0.0,16733547238.969515,1.0,68.0577684774892,100.0,250.0,1.0,0.0,0.000841384512050819,4.878466844558716
True,FOL,0.8,3,1.4,FOL_k0.80_s03.csv,800680.0205790792,0.0,27396257682.36214,1.0,44.13391891015732,100.0,250.0,1.0,0.0,0.0,4.47836709022522
True,FOL,0.8,3,1.55,FOL_k0.80_s03.csv,800680.0205790792,0.0,41666053855.84702,1.0,76.98539168172968,100.0,250.0,1.0,0.0,0.0,4.0512378215789795
True,FOL,0.8,3,1.7,FOL_k0.80_s03.csv,800680.0205790792,0.0,59776058847.13924,1.0,76.98539168172968,100.0,250.0,1.0,0.0,0.0,3.9322569370269775
True,FOL,0.8,3,1.8,FOL_k0.80_s03.csv,800680.0205790792,0.0,74072667595.18077,1.0,76.98539168172968,100.0,250.0,1.0,0.0,0.0,3.6502439975738525
True,FOL,0.8,4,0.95,FOL_k0.80_s04.csv,800680.0205790792,0.0,4543024948.452471,1.0,41.121527682049745,100.0,250.0,1.0,0.0,0.06090441555881119,6.496011018753052
True,FOL,0.8,4,1.1,FOL_k0.80_s04.csv,800680.0205790792,0.0,9700040610.531466,1.0,63.08111920218449,100.0,250.0,1.0,0.0,0.020497138829876027,5.890283107757568
True,FOL,0.8,4,1.25,FOL_k0.80_s04.csv,800680.0205790792,0.0,17741062234.53585,1.0,68.35337775823399,100.0,250.0,1.0,0.0,0.0,5.230892658233643
True,FOL,0.8,4,1.4,FOL_k0.80_s04.csv,800680.0205790792,0.0,28925282331.440655,1.0,21.004080114849476,100.0,250.0,1.0,0.0,0.0,5.012156009674072
True,FOL,0.8,4,1.55,FOL_k0.80_s04.csv,800680.0205790792,0.0,43719491314.09344,1.0,6.45462286362892,100.0,250.0,1.0,0.0,0.0,4.331861972808838
True,FOL,0.8,4,1.7,FOL_k0.80_s04.csv,800680.0205790792,0.0,62504763250.40299,1.0,39.116206975461196,100.0,250.0,1.0,0.0,0.005359696783966944,3.9913330078125
True,FOL,0.8,4,1.8,FOL_k0.80_s04.csv,800680.0205790792,0.0,77341932885.3388,1.0,28.032059706891776,100.0,250.0,1.0,0.0,0.0,3.935516834259033
True,FOL,0.9,1,0.95,FOL_k0.90_s01.csv,870059.6632959396,0.0,4933970958.26456,1.0,59.332670369093066,100.0,250.0,1.0,0.0,0.03153714266871625,5.695432901382446
True,FOL,0.9,1,1.1,FOL_k0.90_s01.csv,870059.6632959396,0.0,10010577558.307735,1.0,33.44279170223709,100.0,250.0,1.0,0.0,0.008580528769241022,5.652437925338745
True,FOL,0.9,1,1.25,FOL_k0.90_s01.csv,870059.6632959396,0.0,17842539572.54083,1.0,19.049700344233493,100.0,250.0,1.0,0.0,0.0,4.651603937149048
True,FOL,0.9,1,1.4,FOL_k0.90_s01.csv,870059.6632959396,0.0,28750355891.454018,1.0,37.332860573090805,100.0,250.0,1.0,0.0,0.0,4.439029932022095
True,FOL,0.9,1,1.55,FOL_k0.90_s01.csv,870059.6632959396,0.0,43243196929.02782,1.0,26.965185640217875,100.0,250.0,1.0,0.0,0.013438340150364422,4.192145109176636
True,FOL,0.9,1,1.7,FOL_k0.90_s01.csv,870059.6632959396,0.0,61438940238.26875,1.0,32.55224535605355,100.0,250.0,1.0,0.0,0.01921149755702166,3.6851630210876465
True,FOL,0.9,1,1.8,FOL_k0.90_s01.csv,870059.6632959396,0.0,75741182162.10562,1.0,26.965185640217875,100.0,250.0,1.0,0.0,0.013438340150364422,3.532390832901001
True,FOL,0.9,2,0.95,FOL_k0.90_s02.csv,870059.6632959396,0.0,4651364937.361995,1.0,50.46465448660954,100.0,250.0,1.0,0.0,0.0,6.097296237945557
True,FOL,0.9,2,1.1,FOL_k0.90_s02.csv,870059.6632959396,0.0,9483955313.700443,1.0,71.94152500253048,100.0,250.0,1.0,0.0,0.0,6.091494083404541
True,FOL,0.9,2,1.25,FOL_k0.90_s02.csv,870059.6632959396,0.0,17011962683.531078,1.0,5.523599110450704,100.0,250.0,1.0,0.0,0.014751765014168777,5.342245817184448
True,FOL,0.9,2,1.4,FOL_k0.90_s02.csv,870059.6632959396,0.0,27608903969.025177,1.0,21.24452331835276,100.0,250.0,1.0,0.0,0.0,4.9878339767456055
True,FOL,0.9,2,1.55,FOL_k0.90_s02.csv,870059.6632959396,0.0,41757672893.81677,1.0,99.99999752506567,100.00000263110664,250.0,0.0,0.0008574482465485516,0.026696681508732095,4.856330156326294
True,FOL,0.9,2,1.7,FOL_k0.90_s02.csv,870059.6632959396,0.0,59624130255.81869,1.0,18.601458367612345,100.0,250.0,1.0,0.0,0.0,3.937026023864746
True,FOL,0.9,2,1.8,FOL_k0.90_s02.csv,870059.6632959396,0.0,73660572274.9845,1.0,83.7075179388014,100.0,250.0,1.0,0.0,0.0,4.368338108062744
True,FOL,0.9,3,0.95,FOL_k0.90_s03.csv,870059.6632959396,0.0,4481127072.104365,1.0,58.89437032844579,100.0,250.0,1.0,0.0,0.040554348137741926,6.261376142501831
True,FOL,0.9,3,1.1,FOL_k0.90_s03.csv,870059.6632959396,0.0,9430541169.522003,1.0,30.00281543175233,100.0,250.0,1.0,0.0,0.039329913784474584,5.95251727104187
True,FOL,0.9,3,1.25,FOL_k0.90_s03.csv,870059.6632959396,0.0,17152933981.877026,1.0,86.74622320349539,100.0,250.0,1.0,0.0,0.018186886834127405,4.885303020477295
True,FOL,0.9,3,1.4,FOL_k0.90_s03.csv,870059.6632959396,0.0,28031513358.542976,1.0,44.13391891015732,100.0,250.0,1.0,0.0,0.0,4.62201189994812
True,FOL,0.9,3,1.55,FOL_k0.90_s03.csv,870059.6632959396,0.0,42506790256.093445,1.0,76.98539168172968,100.0,250.0,1.0,0.0,0.0,4.013105154037476
True,FOL,0.9,3,1.7,FOL_k0.90_s03.csv,870059.6632959396,0.0,60884541176.17344,1.0,76.98539168172968,100.0,250.0,1.0,0.0,0.0,3.945039987564087
True,FOL,0.9,3,1.8,FOL_k0.90_s03.csv,870059.6632959396,0.0,75328360673.21405,1.0,76.98539168172968,100.0,250.0,1.0,0.0,0.0,3.767965793609619
True,FOL,0.9,4,0.95,FOL_k0.90_s04.csv,870059.6632959396,0.0,4701543055.631781,1.0,54.980886896509105,100.0,250.0,1.0,0.0,0.0,6.318434953689575
True,FOL,0.9,4,1.1,FOL_k0.90_s04.csv,870059.6632959396,0.0,9987768800.80417,1.0,63.08111920218449,100.0,250.0,1.0,0.0,0.020497138829876027,5.950995922088623
True,FOL,0.9,4,1.25,FOL_k0.90_s04.csv,870059.6632959396,0.0,18155539518.883595,1.0,68.35337775823399,100.0,250.0,1.0,0.0,0.0,5.524317979812622
True,FOL,0.9,4,1.4,FOL_k0.90_s04.csv,870059.6632959396,0.0,29540703695.606377,1.0,34.4710502058816,100.0,250.0,1.0,0.0,0.0,5.125891208648682
True,FOL,0.9,4,1.55,FOL_k0.90_s04.csv,870059.6632959396,0.0,44535999349.30697,1.0,6.45462286362892,100.0,250.0,1.0,0.0,0.0,4.346496105194092
True,FOL,0.9,4,1.7,FOL_k0.90_s04.csv,870059.6632959396,0.0,63604017101.48194,1.0,28.032059706891776,100.0,250.0,1.0,0.0,0.0,4.057366132736206
True,FOL,0.9,4,1.8,FOL_k0.90_s04.csv,870059.6632959396,0.0,78591746279.69601,1.0,28.032059706891776,100.0,250.0,1.0,0.0,0.0,3.8132379055023193
True,FOL,1.0,1,0.95,FOL_k1.00_s01.csv,939439.3060127998,0.0,5077035861.092424,1.0,59.332670369093066,100.0,250.0,1.0,0.0,0.03153714266871625,6.036545038223267
True,FOL,1.0,1,1.1,FOL_k1.00_s01.csv,939439.3060127998,0.0,10297032313.727303,1.0,46.733950076153675,100.0,250.0,1.0,0.0,0.04022512368096618,5.683663845062256
True,FOL,1.0,1,1.25,FOL_k1.00_s01.csv,939439.3060127998,0.0,18262789058.286484,1.0,60.7098651504137,100.0,250.0,1.0,0.0,0.0,4.550791025161743
True,FOL,1.0,1,1.4,FOL_k1.00_s01.csv,939439.3060127998,0.0,29388353117.030117,1.0,37.332860573090805,100.0,250.0,1.0,0.0,0.0,4.496536016464233
True,FOL,1.0,1,1.55,FOL_k1.00_s01.csv,939439.3060127998,0.0,44069460369.55183,1.0,26.965185640217875,100.0,250.0,1.0,0.0,0.013438340150364422,4.309603929519653
True,FOL,1.0,1,1.7,FOL_k1.00_s01.csv,939439.3060127998,0.0,62498015629.60854,1.0,32.55224535605355,100.0,250.0,1.0,0.0,0.01921149755702166,3.8720760345458984
True,FOL,1.0,1,1.8,FOL_k1.00_s01.csv,939439.3060127998,0.0,76967021801.25348,1.0,26.965185640217875,100.0,250.0,1.0,0.0,0.013438340150364422,3.6956627368927
True,FOL,1.0,2,0.95,FOL_k1.00_s02.csv,939439.3060127998,0.0,4777675451.988142,1.0,50.46465448660954,100.0,250.0,1.0,0.0,0.0,6.2546796798706055
True,FOL,1.0,2,1.1,FOL_k1.00_s02.csv,939439.3060127998,0.0,9744716420.393246,1.0,71.94152500253048,100.0,250.0,1.0,0.0,0.0,5.711696147918701
True,FOL,1.0,2,1.25,FOL_k1.00_s02.csv,939439.3060127998,0.0,17395668208.291702,1.0,5.523599110450704,100.0,250.0,1.0,0.0,0.014751765014168777,5.401618957519531
True,FOL,1.0,2,1.4,FOL_k1.00_s02.csv,939439.3060127998,0.0,28207903327.5768,1.0,21.24452331835276,100.0,250.0,1.0,0.0,0.0,5.207781076431274
True,FOL,1.0,2,1.55,FOL_k1.00_s02.csv,939439.3060127998,0.0,42545948880.861275,1.0,99.9999959592538,100.00000428872397,250.0,0.0,0.0005942325266090665,0.026348112995328094,4.809191942214966
True,FOL,1.0,2,1.7,FOL_k1.00_s02.csv,939439.3060127998,0.0,60624730541.26609,1.0,21.24452331835276,100.0,250.0,1.0,0.0,0.0,4.1949708461761475
True,FOL,1.0,2,1.8,FOL_k1.00_s02.csv,939439.3060127998,0.0,74818032710.19057,1.0,83.7075179388014,100.0,250.0,1.0,0.0,0.0,4.555960655212402
True,FOL,1.0,3,0.95,FOL_k1.00_s03.csv,939439.3060127998,0.0,4635718503.175354,1.0,58.89437032844579,100.0,250.0,1.0,0.0,0.040554348137741926,6.169022083282471
True,FOL,1.0,3,1.1,FOL_k1.00_s03.csv,939439.3060127998,0.0,9729392641.459557,1.0,68.0577684774892,100.0,250.0,1.0,0.0,0.000841384512050819,5.796779155731201
True,FOL,1.0,3,1.25,FOL_k1.00_s03.csv,939439.3060127998,0.0,17585249207.749317,1.0,86.74622320349539,100.0,250.0,1.0,0.0,0.018186886834127405,5.541259050369263
True,FOL,1.0,3,1.4,FOL_k1.00_s03.csv,939439.3060127998,0.0,28692217017.572834,1.0,44.13391891015732,100.0,250.0,1.0,0.0,0.0,4.8198018074035645
True,FOL,1.0,3,1.55,FOL_k1.00_s03.csv,939439.3060127998,0.0,43367638071.003746,1.0,76.98539168172968,100.0,250.0,1.0,0.0,0.0,4.410912036895752
True,FOL,1.0,3,1.7,FOL_k1.00_s03.csv,939439.3060127998,0.0,62009049862.646545,1.0,76.98539168172968,100.0,250.0,1.0,0.0,0.0,4.073793888092041
True,FOL,1.0,3,1.8,FOL_k1.00_s03.csv,939439.3060127998,0.0,76622322011.43944,1.0,76.98539168172968,100.0,250.0,1.0,0.0,0.0,4.066602945327759
True,FOL,1.0,4,0.95,FOL_k1.00_s04.csv,939439.3060127998,0.0,4866513429.070824,1.0,54.980886896509105,100.0,250.0,1.0,0.0,0.0,6.459856748580933
True,FOL,1.0,4,1.1,FOL_k1.00_s04.csv,939439.3060127998,0.0,10285748352.097116,1.0,63.424989943535024,100.0,250.0,1.0,0.0,0.0,6.089665174484253
True,FOL,1.0,4,1.25,FOL_k1.00_s04.csv,939439.3060127998,0.0,18583054694.9797,1.0,10.045522519223283,100.0,250.0,1.0,0.0,0.0,5.670139789581299
True,FOL,1.0,4,1.4,FOL_k1.00_s04.csv,939439.3060127998,0.0,30178494605.256874,1.0,25.921995542013477,100.0,250.0,1.0,0.0,0.0,5.072901964187622
True,FOL,1.0,4,1.55,FOL_k1.00_s04.csv,939439.3060127998,0.0,45376389108.45622,1.0,28.032059706891776,100.0,250.0,1.0,0.0,0.0,4.555100917816162
True,FOL,1.0,4,1.7,FOL_k1.00_s04.csv,939439.3060127998,0.0,64717487042.18297,1.0,28.032059706891776,100.0,250.0,1.0,0.0,0.0,4.2827301025390625
True,FOL,1.0,4,1.8,FOL_k1.00_s04.csv,939439.3060127998,0.0,79915950136.70901,1.0,28.032059706891776,100.0,250.0,1.0,0.0,0.0,3.9543890953063965
True,FOL,1.15,1,0.95,FOL_k1.15_s01.csv,1043508.7700880908,6929.262709457247,5369353282.181467,1.0155836983664883,86.64052986317012,131.98704926855368,257.63334625862126,0.9106380864302857,0.7316690090476374,3.8159043150590155e-05,9.882843971252441
True,FOL,1.15,1,1.1,FOL_k1.15_s01.csv,1043508.7700880908,6929.262709457247,10891545100.830084,1.0005572803624998,63.46990341914549,175.29989695148765,256.08875672115033,0.9128065767485849,0.6517318395949294,0.08894110511716274,7.5152130126953125
True,FOL,1.15,1,1.25,FOL_k1.15_s01.csv,1043508.7700880908,6929.262709457247,19092327713.75331,1.0083816740472984,99.09706712665303,222.02162564969362,258.3593253875024,0.965097596119113,0.8663482530544554,0.03147833068474945,5.824036121368408
True,FOL,1.15,1,1.4,FOL_k1.15_s01.csv,1043508.7700880908,6929.262709457247,30728198869.920944,1.0,28.538972749948783,100.0,250.0,1.0,3.800530685986448e-07,0.0,4.600839853286743
True,FOL,1.15,1,1.55,FOL_k1.15_s01.csv,1043508.7700880908,6929.262709457247,45710422985.12955,1.0,26.965185640217875,100.0,250.0,1.0,0.0,0.013438340150364422,4.318611145019531
True,FOL,1.15,1,1.7,FOL_k1.15_s01.csv,1043508.7700880908,6929.262709457247,64480709098.498825,1.0,32.55224535605355,100.0,250.0,1.0,1.4788347920159284e-14,0.01921149755702166,4.126964092254639
True,FOL,1.15,1,1.8,FOL_k1.15_s01.csv,1043508.7700880908,6929.262709457247,79220951502.003,1.0,26.965185640217875,100.0,250.0,1.0,0.0,0.013438340150364422,3.553267002105713
True,FOL,1.15,2,0.95,FOL_k1.15_s02.csv,1043508.7700880908,6929.262709457247,5060683179.462398,1.0238697182705603,93.86299565478353,111.07725740105818,252.77599302983253,0.8730582599949592,0.8450178709462222,0.049168375259147745,9.513844966888428
True,FOL,1.15,2,1.1,FOL_k1.15_s02.csv,1043508.7700880908,6929.262709457247,10160419399.361443,1.0,64.83081366742522,100.0,250.0,0.9381275200637648,0.841737705844522,0.01648582999018149,7.4259068965911865
True,FOL,1.15,2,1.25,FOL_k1.15_s02.csv,1043508.7700880908,6929.262709457247,18344499414.52237,1.0,42.63651236661692,100.0,250.0,1.0,0.0,0.03961129096272378,5.137110948562622
True,FOL,1.15,2,1.4,FOL_k1.15_s02.csv,1043508.7700880908,6929.262709457247,29236538565.989914,1.0,62.069396736180416,150.60308323493925,273.6126851341224,0.9743411285681091,0.910351142054383,0.03122292463646757,5.820122003555298
True,FOL,1.15,2,1.55,FOL_k1.15_s02.csv,1043508.7700880908,6929.262709457247,44125339823.91054,1.0,61.193471104589236,100.0,250.0,1.0,0.0,0.0216183713578217,4.215105056762695
True,FOL,1.15,2,1.7,FOL_k1.15_s02.csv,1043508.7700880908,6929.262709457247,62516798566.899826,1.0,56.913567963300935,100.0,250.0,1.0,3.095115978808568e-08,0.0,4.298861026763916
True,FOL,1.15,2,1.8,FOL_k1.15_s02.csv,1043508.7700880908,6929.262709457247,76970970199.60553,1.0,61.193471104589236,100.0,250.0,1.0,0.0,0.0,4.168850898742676
True,FOL,1.15,3,0.95,FOL_k1.15_s03.csv,1043508.7700880908,6929.262709457247,4933099569.989291,1.0009144039559588,74.79055110362738,159.6464160256443,251.82088682031102,0.8879038516605973,0.5621741009614425,0.008706025176338852,9.093682050704956
True,FOL,1.15,3,1.1,FOL_k1.15_s03.csv,1043508.7700880908,6929.262709457247,10231618427.03378,1.0005121804224328,74.79055110362738,162.37009350092703,251.90374089117373,0.8955464422669106,0.5873399304649141,0.008706025176338852,8.763652086257935
True,FOL,1.15,3,1.25,FOL_k1.15_s03.csv,1043508.7700880908,6929.262709457247,18391381065.39312,1.0008718588785637,74.79055110362738,162.2068908182054,251.89898197142233,0.8957794503987528,0.5860198354994902,0.008706025176338852,6.488643169403076
True,FOL,1.15,3,1.4,FOL_k1.15_s03.csv,1043508.7700880908,6929.262709457247,29787793906.542156,1.0,89.58855554096155,100.0,250.0,0.9346577518888379,0.9129957420769231,0.005709361259554874,5.675907135009766
True,FOL,1.15,3,1.55,FOL_k1.15_s03.csv,1043508.7700880908,6929.262709457247,45107498191.5661,1.0,65.9718665918957,100.0,250.0,1.0,0.0,0.02289336938989614,3.986591100692749
True,FOL,1.15,3,1.7,FOL_k1.15_s03.csv,1043508.7700880908,6929.262709457247,64091619197.09896,1.0,6.766157262804178,100.0,250.0,1.0,1.1499976368060395e-08,0.0203830726961782,3.840190887451172
True,FOL,1.15,3,1.8,FOL_k1.15_s03.csv,1043508.7700880908,6929.262709457247,78979996801.13193,1.0,76.98539168172968,100.0,250.0,1.0,0.0,0.0,3.665817975997925
True,FOL,1.15,4,0.95,FOL_k1.15_s04.csv,1043508.7700880908,6929.262709457247,5155629842.352485,1.0036303042934551,42.221790612779984,152.02343946887473,255.66198336745146,0.9292502371765332,0.8553096784042542,0.05444988646097929,9.22653603553772
True,FOL,1.15,4,1.1,FOL_k1.15_s04.csv,1043508.7700880908,6929.262709457247,10761239180.178272,1.0,71.82882516015539,157.85080643402821,253.46486532113104,0.959203771017802,0.8422548224737908,0.026518932501358394,11.036949872970581
True,FOL,1.15,4,1.25,FOL_k1.15_s04.csv,1043508.7700880908,6929.262709457247,19325463040.848984,1.0,54.09693698651644,150.14471456921643,254.54210977147164,0.9350142086703539,0.914858733466639,0.005133616480368489,7.411488056182861
True,FOL,1.15,4,1.4,FOL_k1.15_s04.csv,1043508.7700880908,6929.262709457247,31518818751.744736,1.0,50.44685872086551,100.0,250.0,1.0,1.0829451634673423e-08,0.0,4.8090620040893555
True,FOL,1.15,4,1.55,FOL_k1.15_s04.csv,1043508.7700880908,6929.262709457247,47087699068.24415,1.0,28.032059706891776,100.0,250.0,1.0,0.0,0.0,4.3445940017700195
True,FOL,1.15,4,1.7,FOL_k1.15_s04.csv,1043508.7700880908,6929.262709457247,66779841593.55514,1.0,65.36303549560041,100.0,250.0,1.0,1.321022855518211e-09,0.017707637945570884,4.101748943328857
True,FOL,1.15,4,1.8,FOL_k1.15_s04.csv,1043508.7700880908,6929.262709457247,82330324133.73354,1.0,28.032059706891776,100.0,250.0,1.0,0.0,0.0,3.750312089920044
True,FOL,1.3,1,0.95,FOL_k1.30_s01.csv,1147578.2341633816,53450.094750328986,5695896074.6743555,1.0226963087194851,25.632260875365738,158.7971435857496,258.70636959716666,0.8720934715042667,0.6541706264191148,0.0027562860086928487,10.430513143539429
True,FOL,1.3,1,1.1,FOL_k1.30_s01.csv,1147578.2341633816,53450.094750328986,11372589529.250301,1.0138586764838444,0.08528604732455136,131.64558973257385,251.59786099548376,0.7633880755107969,0.4495845643514236,0.04565345784836921,9.918136835098267
True,FOL,1.3,1,1.25,FOL_k1.30_s01.csv,1147578.2341633816,53450.094750328986,19799228388.573074,1.0,38.63561641805213,121.40320746787899,256.580682898089,0.8535759906341384,0.6994317366838048,0.0,10.629456281661987
True,FOL,1.3,1,1.4,FOL_k1.30_s01.csv,1147578.2341633816,53450.094750328986,31663022829.550755,1.0,58.43208383962313,100.0,250.0,0.830643956049402,0.6991948979696492,0.0,10.719015836715698
True,FOL,1.3,1,1.55,FOL_k1.30_s01.csv,1147578.2341633816,53450.094750328986,47962602832.33993,1.005350364946184,98.91967376642776,143.22793315942235,279.6958074576182,0.8359814539327752,0.5469662283365246,0.026765651610905307,3.9577317237854004
True,FOL,1.3,1,1.7,FOL_k1.30_s01.csv,1147578.2341633816,53450.094750328986,66487272641.43512,1.0,90.48293343123471,115.21994906497713,252.8999902511369,0.8502486487019605,0.699958830177856,0.009916728616458413,4.913455247879028
True,FOL,1.3,1,1.8,FOL_k1.30_s01.csv,1147578.2341633816,53450.094750328986,82751730830.31424,1.0,26.965185640217875,100.0,250.0,1.0,0.0,0.013438340150364422,3.7153592109680176
True,FOL,1.3,2,0.95,FOL_k1.30_s02.csv,1147578.2341633816,53450.094750328986,5253276458.282196,1.0,95.44030808290209,149.91275495835995,250.0,0.8833985775398564,0.6908318271093564,0.062312742320276206,11.191490173339844
True,FOL,1.3,2,1.1,FOL_k1.30_s02.csv,1147578.2341633816,53450.094750328986,10803038151.46777,1.0025806627163087,63.500683244074025,132.75944226731164,255.69614658171815,0.7326101878621464,0.5075655315651713,0.0690649451858272,10.128411293029785
True,FOL,1.3,2,1.25,FOL_k1.30_s02.csv,1147578.2341633816,53450.094750328986,18783717557.318268,1.0,78.73802882672044,150.72325449705613,254.78174086054653,0.8859902042141359,0.6949575380491935,0.025962938108352374,11.078087091445923
True,FOL,1.3,2,1.4,FOL_k1.30_s02.csv,1147578.2341633816,53450.094750328986,30488167553.3003,1.0,80.2233583028243,139.2798817195431,264.23384936104753,0.8765669004908608,0.6991087350827092,0.018774926237491083,9.353882074356079
True,FOL,1.3,2,1.55,FOL_k1.30_s02.csv,1147578.2341633816,53450.094750328986,45763476203.839874,1.0,72.27492472439226,109.09039201007572,270.19969955455304,0.8492037071178999,0.6989100871517264,0.01697608083003158,5.17060399055481
True,FOL,1.3,2,1.7,FOL_k1.30_s02.csv,1147578.2341633816,53450.094750328986,64349495545.970894,1.0,72.27492472439226,116.91884213861645,250.0,0.8511073855980572,0.7001708819928418,0.012540109907419899,5.014462947845459
True,FOL,1.3,2,1.8,FOL_k1.30_s02.csv,1147578.2341633816,53450.094750328986,80291813711.03847,1.0123174717548569,72.27492472439226,110.65507559170048,273.6855873251766,0.9187887535832221,0.819151547823484,0.02882477171163297,3.952172040939331
True,FOL,1.3,3,0.95,FOL_k1.30_s03.csv,1147578.2341633816,53450.094750328986,5213638444.83834,1.0,23.187681719226493,118.87784596128857,250.97057291241342,0.836564183074825,0.6605357497722717,0.005239718842909774,11.820181608200073
True,FOL,1.3,3,1.1,FOL_k1.30_s03.csv,1147578.2341633816,53450.094750328986,10757124871.839962,1.0,13.050327570785626,100.0,250.0,0.7177061171681901,0.4516508087141089,0.0,10.526659965515137
True,FOL,1.3,3,1.25,FOL_k1.30_s03.csv,1147578.2341633816,53450.094750328986,19135195074.46074,1.0,57.60201343877802,100.0,250.0,0.8298880569676871,0.6987012812082151,0.01748532297795516,10.306179761886597
True,FOL,1.3,3,1.4,FOL_k1.30_s03.csv,1147578.2341633816,53450.094750328986,31164618430.930054,1.0009234193053071,74.79055110362738,171.1901208823224,252.17316442041738,0.8808482559869729,0.674316097075424,0.008706025176338852,8.04240107536316
True,FOL,1.3,3,1.55,FOL_k1.30_s03.csv,1147578.2341633816,53450.094750328986,46765235993.1882,1.0009003179550031,74.79055110362738,171.96164682012406,252.19670395594383,0.8837151471806458,0.6831952386426161,0.008706025176338852,5.4507269859313965
True,FOL,1.3,3,1.7,FOL_k1.30_s03.csv,1147578.2341633816,53450.094750328986,66358153901.68938,1.001053426610577,74.79055110362738,171.01027726553392,252.16766194618776,0.8811940098168441,0.6725977755383937,0.008706025176338852,5.443235874176025
True,FOL,1.3,3,1.8,FOL_k1.30_s03.csv,1147578.2341633816,53450.094750328986,81776301552.74854,1.0011639171643174,74.79055110362738,170.18549860115337,252.14251685267962,0.8790929750461451,0.6639745033689298,0.008706025176338852,4.85873007774353
True,FOL,1.3,4,0.95,FOL_k1.30_s04.csv,1147578.2341633816,53450.094750328986,5495704677.193783,1.0085239338448129,89.18107941760637,124.51830101900826,255.34813302955138,0.8307945190917586,0.6214465552987996,0.07401220232303962,10.387859106063843
True,FOL,1.3,4,1.1,FOL_k1.30_s04.csv,1147578.2341633816,53450.094750328986,11394289303.298061,1.0,97.48114569726181,151.0000000455602,267.06986495660544,0.8845533611762606,0.6893348596371915,0.03787184768592019,10.989882946014404
True,FOL,1.3,4,1.25,FOL_k1.30_s04.csv,1147578.2341633816,53450.094750328986,20305514380.659847,1.0038861862242532,92.0097467203039,153.16550753542467,259.1930669249267,0.8511218290098858,0.5737775309023778,0.06110140226381523,10.754182815551758
True,FOL,1.3,4,1.4,FOL_k1.30_s04.csv,1147578.2341633816,53450.094750328986,32674729609.470467,1.0,37.543830827448666,132.37643700996713,266.81414895441185,0.8703637137790913,0.6994736359757389,0.0,9.219884157180786
True,FOL,1.3,4,1.55,FOL_k1.30_s04.csv,1147578.2341633816,53450.094750328986,48784959259.75082,1.0,81.31760949651112,104.2847522894692,258.3791883025425,0.8410563434261529,0.7008726151613082,0.016176721059098512,7.618401050567627
True,FOL,1.3,4,1.7,FOL_k1.30_s04.csv,1147578.2341633816,53450.094750328986,69179468804.34064,1.0,22.87970498105173,130.06366094003226,256.5686254407448,0.8558668761275116,0.6650902783356306,0.0034071287447700466,4.907607078552246
True,FOL,1.3,4,1.8,FOL_k1.30_s04.csv,1147578.2341633816,53450.094750328986,86069765356.07312,1.0,16.434217551695816,100.0,250.0,1.0,0.0,0.0,3.9197099208831787
True,FOL,1.45,1,0.95,FOL_k1.45_s01.csv,1488822.9433223973,420291.2529371559,6201176231.954367,1.0030114023368975,54.76709765138583,118.68479374522843,253.95930833152025,0.6149726423495624,0.44165094262691246,0.053310248605570834,19.6993510723114
True,FOL,1.45,1,1.1,FOL_k1.45_s01.csv,1488822.9433223973,420291.2529371559,12605753101.709661,1.0,99.94502915490428,100.03900392426077,250.0,0.5902514393390623,0.45217167036252776,0.020507100597425526,16.439568996429443
True,FOL,1.45,1,1.25,FOL_k1.45_s01.csv,1488822.9433223973,420291.2529371559,22634687296.250572,1.0,96.30135287899382,128.75961471585742,250.0,0.6786694437351004,0.46063477815001813,0.0,17.04652690887451
True,FOL,1.45,1,1.4,FOL_k1.45_s01.csv,1488822.9433223973,420291.2529371559,36687583736.33645,1.0,99.99883722715971,100.02404320756057,250.0,0.5994335973468181,0.4573111381474838,0.0,12.1887788772583
True,FOL,1.45,1,1.55,FOL_k1.45_s01.csv,1488822.9433223973,420291.2529371559,54808571689.87093,1.0,100.0,127.95187510778928,250.0,0.6784280364163159,0.4605860901064162,0.0,10.849436044692993
True,FOL,1.45,1,1.7,FOL_k1.45_s01.csv,1488822.9433223973,420291.2529371559,77975712454.35437,1.0,100.0,130.62794083088667,250.0,0.6849238247719828,0.45967511323834936,0.019537632810437383,11.49343490600586
True,FOL,1.45,1,1.8,FOL_k1.45_s01.csv,1488822.9433223973,420291.2529371559,96450552372.90918,1.0,100.0,100.0000553741702,250.0,0.6692823955167885,0.5090684727490391,0.0,11.695080995559692
True,FOL,1.45,2,0.95,FOL_k1.45_s02.csv,1488822.9433223973,600482.5080277215,6788618305.907574,1.0144101503964054,27.36987625315326,129.9184613251345,252.08562548766358,0.660315262831699,0.45039406392134734,0.09584165876365291,18.606814861297607
True,FOL,1.45,2,1.1,FOL_k1.45_s02.csv,1488822.9433223973,600482.5080277215,13490548920.620646,1.0,54.41298944519653,108.55828669431716,253.40886174892026,0.6077339482752455,0.45408510101376603,0.05127732859665619,17.937339067459106
True,FOL,1.45,2,1.25,FOL_k1.45_s02.csv,1488822.9433223973,600482.5080277215,23490821185.00696,1.0,99.8095037933951,100.14630223870167,250.0,0.5937028326852931,0.4619070327250402,0.04235438918025413,15.369431734085083
True,FOL,1.45,2,1.4,FOL_k1.45_s02.csv,1488822.9433223973,600482.5080277215,37817259333.24481,1.0,96.20258211592585,106.14771777433165,250.0,0.6113512564639539,0.46190188562272044,0.016778844137666643,13.933725357055664
True,FOL,1.45,2,1.55,FOL_k1.45_s02.csv,1488822.9433223973,600482.5080277215,56683810318.362206,1.0,34.958909193484956,100.02294116051651,250.0,0.5958516836245819,0.461902701171796,0.0,12.74917197227478
True,FOL,1.45,2,1.7,FOL_k1.45_s02.csv,1488822.9433223973,600482.5080277215,80251654131.18723,1.0,44.11435570826003,100.0241766263944,250.0,0.6374774793024147,0.49372315709686054,0.0093826004263831,12.692436933517456
True,FOL,1.45,2,1.8,FOL_k1.45_s02.csv,1488822.9433223973,600482.5080277215,98661551867.9605,1.0,8.807923613453042,100.0,250.0,0.653678763244941,0.5050697055167539,0.0,12.106568098068237
True,FOL,1.45,3,0.95,FOL_k1.45_s03.csv,1752410.8851736172,604966.1435494975,9146017138.8059,1.0,57.82248261626483,130.32934786107052,250.0,0.29018199349525986,0.285912005317178,0.0,29.047590970993042
True,FOL,1.45,3,1.1,FOL_k1.45_s03.csv,1752410.8851736172,604966.1435494975,16891410524.442661,1.0,53.45399890198008,134.99855430041634,250.0,0.3567525398891572,0.3080327641281521,0.023449919974563666,22.572949171066284
True,FOL,1.45,3,1.25,FOL_k1.45_s03.csv,1752410.8851736172,604966.1435494975,28496263870.39476,1.0,99.99998006305151,100.00000000270775,250.0,0.3013780625512579,0.3639509776111325,0.0,14.029671907424927
True,FOL,1.45,3,1.4,FOL_k1.45_s03.csv,1752410.8851736172,604966.1435494975,43834724341.66132,1.0,75.81445730453115,100.0,250.0,0.3182372041509164,0.36847819021086664,0.03815430669866935,15.262593984603882
True,FOL,1.45,3,1.55,FOL_k1.45_s03.csv,1752410.8851736172,604966.1435494975,63614249808.640205,1.0,75.0008142980718,100.0856546292993,250.0,0.36793250697914304,0.3737043781906416,0.004568815487526703,12.534111022949219
True,FOL,1.45,3,1.7,FOL_k1.45_s03.csv,1752410.8851736172,604966.1435494975,88148331933.19606,1.0,1.898784052094669,100.0,250.0,0.4245018929837899,0.39721396741415926,0.0,8.767749071121216
True,FOL,1.45,3,1.8,FOL_k1.45_s03.csv,1752410.8851736172,604966.1435494975,106883902905.19835,1.0,16.896920762127678,100.0735157594696,250.0,0.7934253510028098,0.6826262904084309,0.024383499322297164,10.091968059539795
True,FOL,1.45,4,0.95,FOL_k1.45_s04.csv,1600493.8395281772,326001.8718783669,7260963177.975805,1.0,77.36935892808394,121.9354658622836,251.58605892328762,0.43485026610178723,0.32912396614105655,0.03962257547294536,25.32110095024109
True,FOL,1.45,4,1.1,FOL_k1.45_s04.csv,1600493.8395281772,326001.8718783669,14227494929.298693,1.0,85.57504693719616,116.59602194309896,250.0,0.4166159860195335,0.33118916982208085,0.0423012825167906,21.090861797332764
True,FOL,1.45,4,1.25,FOL_k1.45_s04.csv,1600493.8395281772,326001.8718783669,24778691280.46282,1.0,32.54999194231749,121.81517557058967,250.0,0.44325512145273616,0.3325608647177713,0.0,10.304285049438477
True,FOL,1.45,4,1.4,FOL_k1.45_s04.csv,1600493.8395281772,326001.8718783669,41697624020.683105,1.0,57.98811958036144,100.0,250.0,1.0,0.0,0.0,5.369601726531982
True,FOL,1.45,4,1.55,FOL_k1.45_s04.csv,1600493.8395281772,326001.8718783669,59171447181.26993,1.0,23.08413734075395,100.0,250.0,1.0,0.0,0.020008920702779626,5.185567855834961
True,FOL,1.45,4,1.7,FOL_k1.45_s04.csv,1600493.8395281772,326001.8718783669,81574535857.39629,1.0,67.96682670445004,100.0,250.0,1.0,9.072310234870412e-09,0.016612726439088357,4.997982978820801
True,FOL,1.45,4,1.8,FOL_k1.45_s04.csv,1600493.8395281772,326001.8718783669,99230237220.45847,1.0,6.144979796513709,100.0,250.0,1.0,5.403468429089888e-09,0.002292419083706282,4.526374101638794
True,FOL,1.6,1,0.95,FOL_k1.60_s01.csv,1617427.7775787632,468720.75966316997,6214834591.7294235,1.0,51.39320630873472,133.147349897059,250.07727113469784,0.5067826199023768,0.36479906835595394,0.04081053301211132,25.987511157989502
True,FOL,1.6,1,1.1,FOL_k1.60_s01.csv,1617427.7775787632,468720.75966316997,13343200846.336823,1.0,27.47234902288669,137.9973871507222,250.0,0.5770092223997743,0.4006251038318202,0.05783360781499314,20.760735034942627
True,FOL,1.6,1,1.25,FOL_k1.60_s01.csv,1617427.7775787632,468720.75966316997,24057930394.698624,1.0,26.81470241718358,100.0,250.0517789705533,0.43738501639759203,0.40154573348996986,0.04269509720806461,17.87067699432373
True,FOL,1.6,1,1.4,FOL_k1.60_s01.csv,1617427.7775787632,468720.75966316997,38888238873.84615,1.0,37.114112235317954,136.01905027677142,250.0,0.5732867808864845,0.40140590673430226,0.020851707225248386,13.90587306022644
True,FOL,1.6,1,1.55,FOL_k1.60_s01.csv,1617427.7775787632,468720.75966316997,58449104675.38302,1.0,25.326910060095152,136.93464693685164,250.0,0.6071612790114179,0.42441542971040525,0.0027530309005912718,14.034786939620972
True,FOL,1.6,1,1.7,FOL_k1.60_s01.csv,1617427.7775787632,468720.75966316997,82782533518.39503,1.0,14.93513597465408,100.00047025584695,250.0,0.5360921221515679,0.4596409316910037,0.0,11.067253112792969
True,FOL,1.6,1,1.8,FOL_k1.60_s01.csv,1617427.7775787632,468720.75966316997,101706311364.52798,1.0,61.94828512947328,137.0000315937015,250.0,0.6505740746110662,0.4592138482858261,0.0,9.931518077850342
True,FOL,1.6,2,0.95,FOL_k1.60_s02.csv,1783985.8466986034,897821.6529193441,11661098009.822836,1.0,74.99631745843334,122.36902337184445,250.27125388872176,0.2196483809791965,0.270012850949888,0.07264599231391593,26.61298680305481
True,FOL,1.6,2,1.1,FOL_k1.60_s02.csv,1783985.8466986034,897821.6529193441,20520648085.70977,1.0,83.82333462208398,121.10426233129873,250.0,0.27137985240723234,0.29217274423996226,0.0,24.466530799865723
True,FOL,1.6,2,1.25,FOL_k1.60_s02.csv,1783985.8466986034,897821.6529193441,33290888012.4772,1.0,78.70250816254102,120.38185453645214,250.0,0.3445796114534515,0.3245359692250938,0.0,22.28771424293518
True,FOL,1.6,2,1.4,FOL_k1.60_s02.csv,1783985.8466986034,897821.6529193441,50233353250.27908,1.0,35.69228842849433,122.05541885965694,250.0,0.4404750753660655,0.3604684933471524,0.0,16.44911003112793
True,FOL,1.6,2,1.55,FOL_k1.60_s02.csv,1783985.8466986034,897821.6529193441,71504716478.73595,1.0,85.12510659954403,123.02124662913224,250.0,0.45602822919955527,0.36498069933750926,0.0,15.462314367294312
True,FOL,1.6,2,1.7,FOL_k1.60_s02.csv,1783985.8466986034,897821.6529193441,97801515808.71431,1.0,37.251825129800864,124.0335158787334,250.0,0.5353261021651753,0.3994150453407223,0.0,11.458608150482178
True,FOL,1.6,2,1.8,FOL_k1.60_s02.csv,1783985.8466986034,897821.6529193441,118073547590.70735,1.0,100.0,122.90580385937555,250.0,0.5357052059980417,0.401369990608648,0.0,12.345643043518066
True,FOL,1.6,3,0.95,FOL_k1.60_s03.csv,1474312.6736118833,523611.95763290115,7678348834.898886,1.0,31.875113714351144,119.42745883591996,251.2648404332892,0.6437434767309596,0.4543944639337759,0.07423365019923131,21.874835968017578
True,FOL,1.6,3,1.1,FOL_k1.60_s03.csv,1474312.6736118833,523611.95763290115,15421118443.059635,1.0,53.584584183835396,123.04293204942884,250.000659545388,0.6768188732049897,0.47512515489756874,0.07494876427594105,17.26544499397278
True,FOL,1.6,3,1.25,FOL_k1.60_s03.csv,1474312.6736118833,523611.95763290115,26892235745.647358,1.0,4.677465386687508,100.14864530163592,250.0,0.6373797496407276,0.48949985945715024,0.05517451328365555,14.374301195144653
True,FOL,1.6,3,1.4,FOL_k1.60_s03.csv,1474312.6736118833,523611.95763290115,42972709109.03123,1.0,75.60121453997228,123.53484661739806,254.2285362758938,0.7319194235002158,0.5265346291296955,0.0,8.878553867340088
True,FOL,1.6,3,1.55,FOL_k1.60_s03.csv,1474312.6736118833,523611.95763290115,63707057460.89291,1.0,75.03166082589708,100.0,250.0,1.0,2.9527685210353484e-16,0.0,6.549546003341675
True,FOL,1.6,3,1.7,FOL_k1.60_s03.csv,1474312.6736118833,523611.95763290115,87848583638.02211,1.0,100.0,100.0,250.0,1.0,0.0,0.017053822235709643,5.05439019203186
True,FOL,1.6,3,1.8,FOL_k1.60_s03.csv,1474312.6736118833,523611.95763290115,107054452246.65155,1.0,35.002837093340354,100.0,250.0,1.0,0.0,0.0,5.224048852920532
True,FOL,1.6,4,0.95,FOL_k1.60_s04.csv,1783985.8466986034,866450.2089535412,15337780823.063461,1.0,80.68729247771296,121.55112649794303,250.0,0.21700388567154996,0.26640498861169126,0.024139540535085297,28.03582787513733
True,FOL,1.6,4,1.1,FOL_k1.60_s04.csv,1783985.8466986034,866450.2089535412,26655561054.211117,1.0,75.84618874623295,115.36833445193218,250.0,0.20300215671434418,0.27372158396192364,0.0,26.423393964767456
True,FOL,1.6,4,1.25,FOL_k1.60_s04.csv,1783985.8466986034,866450.2089535412,42363294900.38272,1.0,78.39604316088665,115.57058937267871,250.0,0.20913203950560558,0.27484091536840755,0.0017324141583367897,20.623250246047974
True,FOL,1.6,4,1.4,FOL_k1.60_s04.csv,1783985.8466986034,866450.2089535412,62961718910.836525,1.0,100.0,116.85125988582826,250.0,0.27179867301366645,0.29042942915443204,0.0,17.445523977279663
True,FOL,1.6,4,1.55,FOL_k1.60_s04.csv,1783985.8466986034,866450.2089535412,88736434998.6199,1.0,83.53787308945134,113.22592938415075,252.282958907729,0.24607683251274115,0.2919759863003794,0.014446299853047136,12.247341632843018
True,FOL,1.6,4,1.7,FOL_k1.60_s04.csv,1783985.8466986034,866450.2089535412,119695748456.81871,1.0,30.587639576829595,117.6958891647403,250.13864986460644,0.30547855128416795,0.306243270740213,0.0,10.699278116226196
True,FOL,1.6,4,1.8,FOL_k1.60_s04.csv,1783985.8466986034,866450.2089535412,143070726976.78955,1.0,81.5963125332707,117.51997353266586,250.0,0.34316221618935866,0.3228117302871417,0.0,6.711793899536133
True,FOL,1.8,1,0.95,FOL_k1.80_s01.csv,1520391.578173124,1163657.226478716,5603632355.339852,1.0,25.596425880759618,105.43617349707236,250.0,0.5375490157822915,0.4158199683129104,0.037518013229554704,23.551214933395386
True,FOL,1.8,1,1.1,FOL_k1.80_s01.csv,1520391.578173124,1163657.226478716,12460023729.585423,1.0,11.948560923240379,133.59565228416972,250.0,0.6272887779261667,0.41316359780116846,0.06914167108960342,23.309067964553833
True,FOL,1.8,1,1.25,FOL_k1.80_s01.csv,1520391.578173124,1163657.226478716,23152169500.709236,1.0,79.96055973384014,135.18008731512109,250.0,0.6339662217918325,0.41470754980976154,0.005452094201291918,22.977811813354492
True,FOL,1.8,1,1.4,FOL_k1.80_s01.csv,1520391.578173124,1163657.226478716,38148536630.9212,1.0,99.18381973823011,123.25655299487804,250.0,0.5980292784691407,0.41564237073878213,0.0,16.281947135925293
True,FOL,1.8,1,1.55,FOL_k1.80_s01.csv,1520391.578173124,1163657.226478716,57639570026.20207,1.0,0.0,135.15541535679202,250.0,0.6358689979322031,0.41376591544711105,0.027975898678593986,14.284800052642822
True,FOL,1.8,1,1.7,FOL_k1.80_s01.csv,1520391.578173124,1163657.226478716,82607858876.36343,1.0,26.412568611858354,138.9841682540963,252.30363387916307,0.653964743147662,0.42966097148123655,0.006027042819049991,11.960658073425293
True,FOL,1.8,1,1.8,FOL_k1.80_s01.csv,1520391.578173124,1163657.226478716,102040643061.64656,1.0,53.61985115056895,140.00016450804887,250.0,0.6997788746224514,0.4697236895106946,0.0,11.951637983322144
True,FOL,1.8,2,0.95,FOL_k1.80_s02.csv,2116113.507391064,2092458.886947792,19156127905.36423,1.0,71.96846243817907,134.15848815710623,250.18087679738807,0.0,0.220760541092347,0.0,30.820271015167236
True,FOL,1.8,2,1.1,FOL_k1.80_s02.csv,2116113.507391064,2092458.886947792,29837164402.168148,1.0,76.73793709659654,135.00549524217163,250.0,0.034626066668683154,0.22907780825009907,0.011504881345827916,29.348515033721924
True,FOL,1.8,2,1.25,FOL_k1.80_s02.csv,2116113.507391064,2092458.886947792,44333198033.277176,1.0,79.60203356770398,135.13739197627416,250.0,0.09271601483170148,0.23955955179581656,0.0004920172590603122,30.22716498374939
True,FOL,1.8,2,1.4,FOL_k1.80_s02.csv,2116113.507391064,2092458.886947792,63339451729.68965,1.0,72.83459289671411,134.70136942912055,250.0,0.1055545728205176,0.24240411069964513,0.0022125910648480573,20.74063491821289
True,FOL,1.8,2,1.55,FOL_k1.80_s02.csv,2116113.507391064,2092458.886947792,87196297975.97691,1.0,48.57352676351602,134.34312448050147,250.0,0.1453479594396515,0.2426324608699956,0.0,16.429649353027344
True,FOL,1.8,2,1.7,FOL_k1.80_s02.csv,2116113.507391064,2092458.886947792,114775487490.40314,1.0,59.35405038090639,109.34337897524375,250.0,0.11497409836250601,0.25411709257985593,0.0,14.79965591430664
True,FOL,1.8,2,1.8,FOL_k1.80_s02.csv,2116113.507391064,2092458.886947792,136488237077.22302,1.0,83.92810710230334,110.68903484267351,250.0,0.20062948825895993,0.28361891382343546,0.0,13.652996063232422
True,FOL,1.8,3,0.95,FOL_k1.80_s03.csv,1788900.889920584,853031.6791640639,8909836758.238695,1.0,91.82524573862678,137.66592445359535,250.0,0.39303955938651286,0.31758906279136295,0.10487098394006004,28.81346106529236
True,FOL,1.8,3,1.1,FOL_k1.80_s03.csv,1788900.889920584,853031.6791640639,17250285673.50537,1.0,77.42538415556399,136.97195352958585,250.0,0.3975160911458591,0.3211025442297071,0.07787033301196926,25.571198225021362
True,FOL,1.8,3,1.25,FOL_k1.80_s03.csv,1788900.889920584,853031.6791640639,29518419714.019535,1.0,51.64016897231415,136.93675836722628,250.0,0.4368454569637116,0.34315549012899077,0.05641243250932003,20.412622213363647
True,FOL,1.8,3,1.4,FOL_k1.80_s03.csv,1788900.889920584,853031.6791640639,46013104258.15504,1.0,80.68004576620484,136.90067608651148,250.0,0.43793071880382173,0.343023220639843,0.0,17.57423424720764
True,FOL,1.8,3,1.55,FOL_k1.80_s03.csv,1788900.889920584,853031.6791640639,67390451239.23352,1.0,40.362240648464706,137.07110353524644,250.0,0.4407450653900987,0.3433507965964219,0.007089113364110736,16.76607370376587
True,FOL,1.8,3,1.7,FOL_k1.80_s03.csv,1788900.889920584,853031.6791640639,93910306482.62813,1.0,66.62137590467921,137.06648579335257,250.0,0.47034730097493954,0.34775884422897246,0.02043519225399018,13.28002381324768
True,FOL,1.8,3,1.8,FOL_k1.80_s03.csv,1788900.889920584,853031.6791640639,114990884026.54402,1.0,22.735836996709097,100.00606822535723,250.0,0.34019560089229134,0.3625287350338045,0.0,9.582862138748169
True,FOL,1.8,4,0.95,FOL_k1.80_s04.csv,1627896.3979578442,2552211.3604274644,11065237233.628658,1.0,93.46782788609275,117.89620991025481,250.0,0.12113119290479875,0.24966189059770566,0.0,35.960598945617676
True,FOL,1.8,4,1.1,FOL_k1.80_s04.csv,1627896.3979578442,2552211.3604274644,19906050805.731598,1.0,76.39195988505982,117.72900206207022,250.0,0.12633146951162086,0.2513124838253195,0.08465789609634644,30.60681176185608
True,FOL,1.8,4,1.25,FOL_k1.80_s04.csv,1627896.3979578442,2552211.3604274644,32820641822.53777,1.0,69.66281899498216,116.43179277823224,250.0,0.1502423326973758,0.26277570286215995,0.06405732544669179,29.25228500366211
True,FOL,1.8,4,1.4,FOL_k1.80_s04.csv,1627896.3979578442,2552211.3604274644,50304176508.76346,1.0,71.67822930217585,115.19527073538448,250.0,0.2252333394996743,0.29684856577028584,0.05246344792308366,23.87326407432556
True,FOL,1.8,4,1.55,FOL_k1.80_s04.csv,1627896.3979578442,2552211.3604274644,72495333901.05518,1.0,99.4453926972396,100.24408567949729,250.0,0.19681306256951808,0.3204274463743097,0.019213879874105173,23.759092807769775
True,FOL,1.8,4,1.7,FOL_k1.80_s04.csv,1627896.3979578442,2552211.3604274644,99269598073.25966,1.0,87.9341760394694,116.92762768347147,250.0,0.28947913214983856,0.32168319736441203,0.0,18.76249098777771
True,FOL,1.8,4,1.8,FOL_k1.80_s04.csv,1627896.3979578442,2552211.3604274644,120520618481.50584,1.0,99.576774098292,100.14484350773145,250.0,0.2281635995508171,0.3236936332595965,0.032739975983996715,19.5579571723938
True,FOL,2.0,1,0.95,FOL_k2.00_s01.csv,1662030.322543005,975276.1639565302,7694233171.674896,1.0157699943123393,41.099592247469005,100.39513521861352,250.59110944597862,0.4562354736151438,0.3290684920525391,0.058234384168641636,29.4237961769104
True,FOL,2.0,1,1.1,FOL_k2.00_s01.csv,1662030.322543005,975276.1639565302,15056064352.487411,1.0,45.22100659755293,100.0,250.0,0.4851174351901713,0.34271910532099925,0.0014246947170475643,25.47044086456299
True,FOL,2.0,1,1.25,FOL_k2.00_s01.csv,1662030.322543005,975276.1639565302,26344754217.576427,1.0,36.119946169851644,100.0,250.0,0.4921534558034414,0.3453402509832826,0.0,20.704196214675903
True,FOL,2.0,1,1.4,FOL_k2.00_s01.csv,1662030.322543005,975276.1639565302,42168517388.63999,1.0,39.611077544589364,100.0,250.0,0.4990727715413739,0.34796607314195216,0.010113968814941143,17.198459148406982
True,FOL,2.0,1,1.55,FOL_k2.00_s01.csv,1662030.322543005,975276.1639565302,62948976145.62433,1.0,46.53420292564978,100.66732956101602,250.01675093007395,0.5062729716778406,0.3509564143987238,0.010788748306795992,12.752373933792114
True,FOL,2.0,1,1.7,FOL_k2.00_s01.csv,1662030.322543005,975276.1639565302,89182313740.04306,1.0,42.31530583051955,104.03109893614212,250.0,0.5429039048124348,0.3717677409698191,0.010401096863046938,12.520512104034424
True,FOL,2.0,1,1.8,FOL_k2.00_s01.csv,1662030.322543005,975276.1639565302,109960197254.51392,1.0,42.31530583051955,104.99369001475443,250.0,0.5541000169023631,0.37807090437977714,0.010401096863046938,14.780702829360962
True,FOL,2.0,2,0.95,FOL_k2.00_s02.csv,2323943.577229605,3057514.9735972253,23842226988.86979,1.0,88.47631708516896,134.81846581850763,250.0,0.0,0.23779619274928512,0.0,28.9819598197937
True,FOL,2.0,2,1.1,FOL_k2.00_s02.csv,2323943.577229605,3057514.9735972253,34641286337.84739,1.0,86.56642861416776,133.7716784204754,250.0,0.025912980254680883,0.23809348316796328,0.0,28.012115955352783
True,FOL,2.0,2,1.25,FOL_k2.00_s02.csv,2323943.577229605,3057514.9735972253,49289072862.435394,1.0,79.5372894022143,133.63583972429566,250.0,0.05763445967305285,0.24449704007105222,0.0,24.86723494529724
True,FOL,2.0,2,1.4,FOL_k2.00_s02.csv,2323943.577229605,3057514.9735972253,68291857415.63687,1.0,77.54674986569975,133.67371542404666,250.0,0.11605049517691123,0.2530188496743058,0.0,24.36346197128296
True,FOL,2.0,2,1.55,FOL_k2.00_s02.csv,2323943.577229605,3057514.9735972253,91130905530.77943,1.0,86.48428017870428,103.98640299004856,250.0,0.05283905704743628,0.2741444069464599,0.0,21.419907093048096
True,FOL,2.0,2,1.7,FOL_k2.00_s02.csv,2323943.577229605,3057514.9735972253,118693347200.0907,1.0,99.47529516375059,105.24255732760862,250.0,0.1302391842136617,0.3001420918050915,0.009934287042190293,21.727907180786133
True,FOL,2.0,2,1.8,FOL_k2.00_s02.csv,2323943.577229605,3057514.9735972253,139964143274.19318,1.0,99.73207196670353,104.56438794305114,250.0,0.129818556010464,0.301106485054263,0.0,17.723837852478027
True,FOL,2.0,3,0.95,FOL_k2.00_s03.csv,2168571.5886622053,1658977.0114696103,18948757366.799126,1.0,100.0,117.16630364360893,250.0,0.0,0.25084352443120933,0.15059434948123746,29.85530114173889
True,FOL,2.0,3,1.1,FOL_k2.00_s03.csv,2168571.5886622053,1658977.0114696103,28529195468.769093,1.0,82.60686129553713,116.61013729681365,250.0,0.12641822019331153,0.28892990081535197,0.0,26.334891080856323
True,FOL,2.0,3,1.25,FOL_k2.00_s03.csv,2168571.5886622053,1658977.0114696103,40900481813.530136,1.0,87.56682866024559,115.64458557968244,250.0,0.1613574834741658,0.30239258400451796,0.0,28.447493076324463
True,FOL,2.0,3,1.4,FOL_k2.00_s03.csv,2168571.5886622053,1658977.0114696103,57758129250.06254,1.0,84.69262875613917,115.30643806505573,250.0,0.16015401922852388,0.30212947187457884,0.0,22.643420934677124
True,FOL,2.0,3,1.55,FOL_k2.00_s03.csv,2168571.5886622053,1658977.0114696103,79509070685.00589,1.0,99.99744138810028,113.65021030535574,250.0,0.18799644601084287,0.30184009511554666,0.0,20.178215980529785
True,FOL,2.0,3,1.7,FOL_k2.00_s03.csv,2168571.5886622053,1658977.0114696103,106293639375.88828,1.0,100.0,100.00218376604113,250.0,0.23935875702337575,0.31262820841038574,0.009089066554985953,16.327283143997192
True,FOL,2.0,3,1.8,FOL_k2.00_s03.csv,2168571.5886622053,1658977.0114696103,126670946544.60927,1.0,100.0,113.53881630529973,250.0,0.2997779800158423,0.30528960686115847,0.0,15.596692085266113
True,FOL,2.0,4,0.95,FOL_k2.00_s04.csv,1662030.322543005,1065408.8777792451,9142345278.619036,1.0,79.37761334014576,139.10458721141086,250.0,0.37172462596546924,0.31661654641087184,0.02585191273268872,28.648786067962646
True,FOL,2.0,4,1.1,FOL_k2.00_s04.csv,1662030.322543005,1065408.8777792451,17748495864.91253,1.0,70.21279823611229,139.29552765101045,250.0,0.37384858165153395,0.31626075240252055,0.0,26.104145050048828
True,FOL,2.0,4,1.25,FOL_k2.00_s04.csv,1662030.322543005,1065408.8777792451,30531163499.190254,1.0,84.05831804676427,139.6265783511379,250.0,0.3771831304492363,0.31613051614029797,0.021093226339511634,23.250643014907837
True,FOL,2.0,4,1.4,FOL_k2.00_s04.csv,1662030.322543005,1065408.8777792451,48095168501.06956,1.0,83.4911042475729,139.3301248431671,250.0,0.37709837185743467,0.31597894868221754,0.0,18.357054233551025
True,FOL,2.0,4,1.55,FOL_k2.00_s04.csv,1662030.322543005,1065408.8777792451,70440290201.69911,1.0,59.57830264522383,140.99775415324265,250.0,0.47242063299303366,0.36464428962086526,0.0,14.484082221984863
True,FOL,2.0,4,1.7,FOL_k2.00_s04.csv,1662030.322543005,1065408.8777792451,97945740870.61446,1.0,49.47225211349088,140.9932427496783,250.0,0.4739286224395889,0.36465331919961524,0.027281313162361168,13.613158941268921
True,FOL,2.0,4,1.8,FOL_k2.00_s04.csv,1662030.322543005,1065408.8777792451,119505845364.24236,1.0,12.83785287181868,140.97704448088598,251.08504675806972,0.4753306289124583,0.3648065747170017,0.014663195220233807,11.728409051895142
True,FOL,2.2,1,0.95,FOL_k2.20_s01.csv,1819513.2910578663,2318085.1306178086,10469079363.188004,1.0,57.89114637201092,106.41901500364014,252.29901486548613,0.29706645539669857,0.2898528918672045,0.0,29.016793966293335
True,FOL,2.2,1,1.1,FOL_k2.20_s01.csv,1819513.2910578663,2318085.1306178086,19462841948.442142,1.0,55.205689877327735,118.8271766884249,251.56451703964223,0.3577619811341104,0.2881359258437226,0.022923201729221996,29.02808904647827
True,FOL,2.2,1,1.25,FOL_k2.20_s01.csv,1819513.2910578663,2318085.1306178086,32597949081.431423,1.0,46.03721149181297,103.13723603756883,252.76745426351698,0.3154392856617688,0.2969973012273345,0.03183865661900825,24.432851791381836
True,FOL,2.2,1,1.4,FOL_k2.20_s01.csv,1819513.2910578663,2318085.1306178086,49746920562.61698,1.0,66.55490333780499,100.01081649129867,250.0,0.34187384413785377,0.29945660787281075,0.0,23.33966898918152
True,FOL,2.2,1,1.55,FOL_k2.20_s01.csv,1819513.2910578663,2318085.1306178086,72783682896.65536,1.0,0.6461407395002788,100.00505151104564,250.0,0.35970422472124514,0.3063169484486434,0.0,21.086309909820557
True,FOL,2.2,1,1.7,FOL_k2.20_s01.csv,1819513.2910578663,2318085.1306178086,101290781491.75934,1.0,37.732846883065946,100.00231738793055,250.0,0.3627867984099849,0.3070395839396079,0.0,16.49241018295288
True,FOL,2.2,1,1.8,FOL_k2.20_s01.csv,1819513.2910578663,2318085.1306178086,123436708909.66083,1.0,22.93026338266656,100.00208324285579,250.0,0.3638313744487508,0.30706144060116086,0.0,15.598235845565796
True,FOL,2.2,2,0.95,FOL_k2.20_s02.csv,2131847.114604226,2338337.103912446,18544402581.271893,1.0,59.54667883995305,133.01068224548928,250.0,0.09875163623557902,0.2415812956241387,0.05873795975608967,31.04184603691101
True,FOL,2.2,2,1.1,FOL_k2.20_s02.csv,2131847.114604226,2338337.103912446,29181138877.789745,1.0,62.4126350346954,132.266060224319,250.0,0.10805977996259258,0.24543818850136356,0.046432655226938284,33.71884489059448
True,FOL,2.2,2,1.25,FOL_k2.20_s02.csv,2131847.114604226,2338337.103912446,44262529575.46253,1.0,56.07007634158408,132.2935365043864,250.0,0.14357073077444085,0.2564402919672211,0.04591387361863196,21.331584930419922
True,FOL,2.2,2,1.4,FOL_k2.20_s02.csv,2131847.114604226,2338337.103912446,63670541167.42263,1.0,68.00292651195484,131.36103743274666,250.0,0.1688821349968548,0.2648096706146567,0.019997098087625925,22.575723886489868
True,FOL,2.2,2,1.55,FOL_k2.20_s02.csv,2131847.114604226,2338337.103912446,88220917931.72221,1.0,71.59564372819376,101.37788375307161,250.45306497163787,0.06479698806924133,0.24249608967857825,0.03739164611172026,18.579248189926147
True,FOL,2.2,2,1.7,FOL_k2.20_s02.csv,2131847.114604226,2338337.103912446,117772498340.93127,1.0,38.27117109858912,100.00000380925619,250.0,0.16205949510880996,0.25442954471518986,0.0,15.55604100227356
True,FOL,2.2,2,1.8,FOL_k2.20_s02.csv,2131847.114604226,2338337.103912446,140830074361.95935,1.0,1.5564037146697947,100.98840558883632,250.0,0.19628235472381161,0.26364028061412076,0.013898593060344577,14.223010063171387
True,FOL,2.2,3,0.95,FOL_k2.20_s03.csv,2360864.459644006,3619155.3216066095,37921581718.458176,1.0,84.24949699819689,132.9115264396585,250.0,0.0,0.22339826917613248,0.0,32.76343297958374
True,FOL,2.2,3,1.1,FOL_k2.20_s03.csv,2360864.459644006,3619155.3216066095,49935962998.30432,1.0,79.55002922808691,131.5795666811399,250.42118287832534,0.0,0.22569117142162612,0.0012085981204135615,27.314786195755005
True,FOL,2.2,3,1.25,FOL_k2.20_s03.csv,2360864.459644006,3619155.3216066095,66046264548.29801,1.0,79.23748376747773,131.17826613904316,250.06876613059492,0.0,0.2235655604090991,0.0,28.876763820648193
True,FOL,2.2,3,1.4,FOL_k2.20_s03.csv,2360864.459644006,3619155.3216066095,87060645147.5533,1.0,64.2855683415224,130.46340770540363,251.7167828497045,0.0,0.22442743099211918,0.0,23.25566601753235
True,FOL,2.2,3,1.55,FOL_k2.20_s03.csv,2360864.459644006,3619155.3216066095,112555458275.5512,1.0,56.826832617335455,129.54340631185133,250.0,0.0,0.2262983316291219,0.0,20.569239854812622
True,FOL,2.2,3,1.7,FOL_k2.20_s03.csv,2360864.459644006,3619155.3216066095,143658692907.6361,1.0,42.40490020941893,128.53356053028315,250.0,0.0,0.22811293888696738,0.0,19.572495937347412
True,FOL,2.2,3,1.8,FOL_k2.20_s03.csv,2360864.459644006,3619155.3216066095,167010095371.30582,1.0,60.55739155517827,122.08670064112566,250.0,0.0,0.24112832747548477,0.0,18.940673112869263
True,FOL,2.2,4,0.95,FOL_k2.20_s04.csv,1854725.920178425,2447098.858156822,17136677030.324102,1.0,76.5895093336899,133.86887830828525,250.67119421952845,0.09827814925263888,0.24166658880066613,0.045789273949081305,26.34491491317749
True,FOL,2.2,4,1.1,FOL_k2.20_s04.csv,1854725.920178425,2447098.858156822,27889776900.106365,1.0,84.61166325096059,133.3618904524528,250.447163400862,0.12232035331535471,0.25182592797023123,0.051932728958334395,23.028520107269287
True,FOL,2.2,4,1.25,FOL_k2.20_s04.csv,1854725.920178425,2447098.858156822,42913053254.18921,1.0,82.71854491914343,133.00485345923084,250.0,0.16634640455745414,0.26613457502675214,0.011124291166108996,22.041828870773315
True,FOL,2.2,4,1.4,FOL_k2.20_s04.csv,1854725.920178425,2447098.858156822,62468035614.61418,1.0,97.91100295187849,133.3017399855903,250.0,0.24546493440339998,0.28706277717087375,0.0,17.488739728927612
True,FOL,2.2,4,1.55,FOL_k2.20_s04.csv,1854725.920178425,2447098.858156822,86415385467.45412,1.0,100.0,134.9887808031456,250.0,0.3725588277925627,0.3269617990753873,0.0,15.172498941421509
True,FOL,2.2,4,1.7,FOL_k2.20_s04.csv,1854725.920178425,2447098.858156822,115638790146.89966,1.0,25.615269563392594,134.07578590446943,250.0,0.3851171448638898,0.3334339016563458,0.0010396768993354566,16.362174034118652
True,FOL,2.2,4,1.8,FOL_k2.20_s04.csv,1854725.920178425,2447098.858156822,137476535380.66403,1.0,100.0,133.7118411874923,250.0,0.3959949099780597,0.33836809043829025,0.0,14.210597276687622
True,FOL,2.5,1,0.95,FOL_k2.50_s01.csv,2034510.9255759576,4167355.0630120304,29131429262.743866,1.0,39.352757586921726,129.6394386481706,310.49314135771147,0.03825128061226283,0.23367564839408972,0.00609615449157859,29.021723985671997
True,FOL,2.5,1,1.1,FOL_k2.50_s01.csv,2034510.9255759576,4167355.0630120304,42880979831.42447,1.0,42.2155316217964,134.70756506316278,253.56774125054977,0.03988165596105509,0.23409334378091404,0.03328769581236022,26.715662956237793
True,FOL,2.5,1,1.25,FOL_k2.50_s01.csv,2034510.9255759576,4167355.0630120304,59486716147.89167,1.0,42.3597016934319,134.23661699601908,256.7952926014097,0.04335590722801593,0.23464598272794002,0.027334397476980618,25.484593868255615
True,FOL,2.5,1,1.4,FOL_k2.50_s01.csv,2034510.9255759576,4167355.0630120304,81136256568.34969,1.0,43.479121352060055,125.68517549785754,258.7682668466924,0.04003928224982724,0.23323164089161413,0.0,23.231299877166748
True,FOL,2.5,1,1.55,FOL_k2.50_s01.csv,2034510.9255759576,4167355.0630120304,107548831512.64505,1.0,41.79775384574932,121.87374027718673,259.39923003649403,0.04303683213791868,0.23337739021838455,0.0,19.875577211380005
True,FOL,2.5,1,1.7,FOL_k2.50_s01.csv,2034510.9255759576,4167355.0630120304,137416002909.66183,1.0,47.35926625222175,100.0,250.0,0.18874765848403535,0.2496927843453954,0.0,19.843690156936646
True,FOL,2.5,1,1.8,FOL_k2.50_s01.csv,2034510.9255759576,4167355.0630120304,160856733245.219,1.0,43.34106873141657,100.0010411537624,250.0,0.19163114402052153,0.24989070298149688,0.0,15.200890064239502
True,FOL,2.5,2,0.95,FOL_k2.50_s02.csv,2843518.751825958,5045689.565594357,68268461236.5791,1.0,77.20208968480358,136.00407138860757,257.3309396192759,0.0,0.23248514827640474,0.0,28.387632131576538
True,FOL,2.5,2,1.1,FOL_k2.50_s02.csv,2843518.751825958,5045689.565594357,82106888632.80765,1.0,75.41985155680936,134.99998085642804,250.0,0.0,0.23199451337164392,0.0,26.924916982650757
True,FOL,2.5,2,1.25,FOL_k2.50_s02.csv,2843518.751825958,5045689.565594357,100501709245.90572,1.0,75.60519217605032,134.3379990950699,250.0,0.0,0.2315071490255069,0.0,25.469763040542603
True,FOL,2.5,2,1.4,FOL_k2.50_s02.csv,2843518.751825958,5045689.565594357,123882382101.08508,1.0,74.46497965004137,133.92392238742107,250.0,0.0,0.23101960117265022,0.0,23.438233852386475
True,FOL,2.5,2,1.55,FOL_k2.50_s02.csv,2843518.751825958,5045689.565594357,152722763880.65698,1.0,63.59629841295475,133.1770590324912,250.0,0.0,0.230531199039313,0.0,19.548167943954468
True,FOL,2.5,2,1.7,FOL_k2.50_s02.csv,2843518.751825958,5045689.565594357,186869659140.3995,1.0,74.31645051920775,132.5408271803514,250.58257689337938,5.704547063382563e-06,0.23004403715751248,0.0,16.841474056243896
True,FOL,2.5,2,1.8,FOL_k2.50_s02.csv,2843518.751825958,5045689.565594357,212729909895.3394,1.0,70.59711782559076,131.24638428915958,250.0,0.0,0.22971617181551043,0.0,16.009073972702026
True,FOL,2.5,3,0.95,FOL_k2.50_s03.csv,2649303.7661167076,5633084.965603495,59160751439.58065,1.0,78.32160298088583,121.00000038239322,250.0,0.0,0.23768357325233325,0.0,26.232150077819824
True,FOL,2.5,3,1.1,FOL_k2.50_s03.csv,2649303.7661167076,5633084.965603495,70632299910.17831,1.0,77.39413533382233,121.00003597220079,250.0,0.0,0.23406812918224093,0.0,25.8287832736969
True,FOL,2.5,3,1.25,FOL_k2.50_s03.csv,2649303.7661167076,5633084.965603495,86439218841.892,1.0,81.4441376349153,120.0000000285221,250.0,0.0,0.23399252897116066,0.0,22.92088484764099
True,FOL,2.5,3,1.4,FOL_k2.50_s03.csv,2649303.7661167076,5633084.965603495,106861265258.8555,1.0,73.70450950674098,119.28235402897633,250.0,0.0,0.2336565215296428,0.0,24.894850969314575
True,FOL,2.5,3,1.55,FOL_k2.50_s03.csv,2649303.7661167076,5633084.965603495,132283616336.34837,1.0,46.76647504160996,118.95887807260759,250.0,0.0,0.23355423522976865,0.0,21.43305206298828
True,FOL,2.5,3,1.7,FOL_k2.50_s03.csv,2649303.7661167076,5633084.965603495,162589831973.0852,1.0,31.486337745812566,117.94255223476098,250.0,0.0,0.23452248026542435,0.0,16.723620176315308
True,FOL,2.5,3,1.8,FOL_k2.50_s03.csv,2649303.7661167076,5633084.965603495,185796390967.06876,1.0,32.318753354487086,117.00000401287392,250.0,0.0,0.2353389934720875,0.0,18.599550008773804
True,FOL,2.5,4,0.95,FOL_k2.50_s04.csv,2581592.811057958,3979183.3097318406,42662188705.5677,1.0,54.89456085777899,122.99939694633208,250.0,0.0,0.23416698678679176,0.0,30.907115936279297
True,FOL,2.5,4,1.1,FOL_k2.50_s04.csv,2581592.811057958,3979183.3097318406,55766987131.70575,1.0,55.99067041391846,122.61705442999404,252.63309300589881,0.0,0.2335660245315108,0.0,21.853726863861084
True,FOL,2.5,4,1.25,FOL_k2.50_s04.csv,2581592.811057958,3979183.3097318406,72852065457.43607,1.0,57.40107408722295,120.80451259178923,250.0,0.0,0.2362195789904218,0.0,23.382302045822144
True,FOL,2.5,4,1.4,FOL_k2.50_s04.csv,2581592.811057958,3979183.3097318406,94858369593.70816,1.0,58.40429832977624,119.99285805142429,250.0,0.0,0.23673417510222008,0.0,25.361676692962646
True,FOL,2.5,4,1.55,FOL_k2.50_s04.csv,2581592.811057958,3979183.3097318406,121976330947.25003,1.0,59.6485086198176,117.37972344885948,250.0,0.005040953591078764,0.239837541452596,0.0,22.53307294845581
True,FOL,2.5,4,1.7,FOL_k2.50_s04.csv,2581592.811057958,3979183.3097318406,154445086530.5833,1.0,60.534312970394154,116.62037097649672,250.0,0.0,0.23937106658855498,0.0,17.639890909194946
True,FOL,2.5,4,1.8,FOL_k2.50_s04.csv,2581592.811057958,3979183.3097318406,179251775549.9441,1.0,58.55140597780413,113.52010625572055,250.0,0.0015975434759992822,0.23911591883479288,0.0,15.321314096450806
True,FOL,2.9,1,0.95,FOL_k2.90_s01.csv,2424520.0953456694,6871900.270512059,62403717571.02547,1.0,68.58631079980604,137.58656372613635,250.0,0.0,0.2247063629621212,0.0,27.898546934127808
True,FOL,2.9,1,1.1,FOL_k2.90_s01.csv,2424520.0953456694,6871900.270512059,78443428556.22263,1.0,69.18530027442088,137.45236557430607,250.0,0.0,0.22437124155145238,0.0,24.832124948501587
True,FOL,2.9,1,1.25,FOL_k2.90_s01.csv,2424520.0953456694,6871900.270512059,99295170417.62302,1.0,66.58599910346359,136.49238033469132,250.0,0.0,0.22408378095357145,0.0,25.180072784423828
True,FOL,2.9,1,1.4,FOL_k2.90_s01.csv,2424520.0953456694,6871900.270512059,125247921112.45,1.0,62.54078753441243,135.9999997886706,250.0,0.0,0.22348197003747972,0.0,23.592543840408325
True,FOL,2.9,1,1.55,FOL_k2.90_s01.csv,2424520.0953456694,6871900.270512059,156661896055.68335,1.0,62.350922158071285,135.67058570860476,250.0,0.0,0.22308265114304704,0.0,22.562002182006836
True,FOL,2.9,1,1.7,FOL_k2.90_s01.csv,2424520.0953456694,6871900.270512059,193694266620.48584,1.0,32.538592723064674,135.56562625153342,250.0,0.0,0.22270710485400094,0.0,22.20816421508789
True,FOL,2.9,1,1.8,FOL_k2.90_s01.csv,2424520.0953456694,6871900.270512059,221656667564.459,1.0,41.46270314230686,135.4569093993153,250.0,0.0,0.2225913898141197,0.0,19.61261010169983
True,FOL,2.9,2,0.95,FOL_k2.90_s02.csv,2472606.8818606297,7461014.9793089125,62830815772.77007,1.0,37.85324559458504,138.93524199468607,327.4927737442853,0.0,0.22587516556572393,0.0,32.31527400016785
True,FOL,2.9,2,1.1,FOL_k2.90_s02.csv,2472606.8818606297,7461014.9793089125,78270657737.8049,1.0,38.20499920897614,137.97798054608808,327.35458339735374,0.0,0.22631351323340268,0.0,29.909318923950195
True,FOL,2.9,2,1.25,FOL_k2.90_s02.csv,2472606.8818606297,7461014.9793089125,97998888190.89958,1.0,38.19415878313335,137.26124174300443,327.04910422468424,0.0,0.22652289366293824,0.0,27.306964874267578
True,FOL,2.9,2,1.4,FOL_k2.90_s02.csv,2472606.8818606297,7461014.9793089125,122327154210.57066,1.0,38.30651289954055,136.99140127206516,326.42962248575685,0.0,0.22624278665411035,0.0,27.375818252563477
True,FOL,2.9,2,1.55,FOL_k2.90_s02.csv,2472606.8818606297,7461014.9793089125,151649785800.76465,1.0,36.62284099567161,136.73036037553996,313.7667985280955,0.0,0.22642907555069633,0.0,20.912004947662354
True,FOL,2.9,2,1.7,FOL_k2.90_s02.csv,2472606.8818606297,7461014.9793089125,185971000046.776,1.0,39.38738175152538,136.04568948100672,312.776946359294,0.0,0.2266638093165651,0.0,20.512676000595093
True,FOL,2.9,2,1.8,FOL_k2.90_s02.csv,2472606.8818606297,7461014.9793089125,211718309816.83188,1.0,36.46520715777297,136.1543964427748,259.6720322097144,0.0,0.22957559731048538,0.0,21.349821090698242
True,FOL,2.9,3,0.95,FOL_k2.90_s03.csv,2955344.8002121593,7868858.2405093955,104319763008.34576,1.0,37.42238980268558,128.62881490114287,322.7703168163814,0.0,0.2252609691849843,0.0,28.22995090484619
True,FOL,2.9,3,1.1,FOL_k2.90_s03.csv,2955344.8002121593,7868858.2405093955,116288182545.62119,1.0,38.75253361777679,125.74849819686379,256.2684969516587,0.0,0.22519251879555163,0.0,28.481827974319458
True,FOL,2.9,3,1.25,FOL_k2.90_s03.csv,2955344.8002121593,7868858.2405093955,131027198044.1961,1.0,40.280765026792,123.33314692654656,256.48815778781125,0.0,0.22476108494721161,0.0,28.146054983139038
True,FOL,2.9,3,1.4,FOL_k2.90_s03.csv,2955344.8002121593,7868858.2405093955,150200246396.34302,1.0,38.35013363289823,123.19836172164865,255.8161180562597,0.0,0.2243801931266697,0.0,25.80640983581543
True,FOL,2.9,3,1.55,FOL_k2.90_s03.csv,2955344.8002121593,7868858.2405093955,174325444113.95715,1.0,38.40112987447573,122.99999999925387,255.17639826807564,0.0,0.22393675484275571,0.0,26.861007928848267
True,FOL,2.9,3,1.7,FOL_k2.90_s03.csv,2955344.8002121593,7868858.2405093955,203743309685.5475,1.0,37.45044827314379,122.75075988188698,254.55595593667064,0.0,0.2234922309915578,0.0,22.988527059555054
True,FOL,2.9,3,1.8,FOL_k2.90_s03.csv,2955344.8002121593,7868858.2405093955,226429946317.74533,1.0,37.53197151450116,121.86811454953829,254.39716763404581,0.0,0.2231868676215659,0.0,23.64056706428528
True,FOL,2.9,4,0.95,FOL_k2.90_s04.csv,3138764.0765262158,7120872.95337079,95800961408.2932,1.0,34.636414393700555,134.23985007908917,330.1797178045289,0.0,0.23145742108650702,0.0,27.447800636291504
True,FOL,2.9,4,1.1,FOL_k2.90_s04.csv,3138764.0765262158,7120872.95337079,112357961412.56961,1.0,34.76076185610873,134.00000172803357,329.5503172913451,0.0,0.23119734117718088,0.0,25.904784202575684
True,FOL,2.9,4,1.25,FOL_k2.90_s04.csv,3138764.0765262158,7120872.95337079,133518050306.62047,1.0,38.69533202068369,132.6098018110761,329.0748806658237,0.0,0.23204850984007372,0.0,22.782875061035156
True,FOL,2.9,4,1.4,FOL_k2.90_s04.csv,3138764.0765262158,7120872.95337079,159363368626.29993,1.0,33.22104815056643,133.12603984813182,328.4673814579871,0.0,0.23099469752230412,0.0,23.01554012298584
True,FOL,2.9,4,1.55,FOL_k2.90_s04.csv,3138764.0765262158,7120872.95337079,190426898948.7008,1.0,34.59236932990312,132.74709428190172,318.43240783091505,0.0,0.2314503592167629,0.0,19.897262811660767
True,FOL,2.9,4,1.7,FOL_k2.90_s04.csv,3138764.0765262158,7120872.95337079,226179987677.3162,1.0,32.41098612347824,133.01279235364012,261.69962758276364,0.0,0.2245193388472041,0.0,18.037581205368042
True,FOL,2.9,4,1.8,FOL_k2.90_s04.csv,3138764.0765262158,7120872.95337079,254084435049.66177,1.0,30.67355094012224,132.3191764889993,316.9301155789836,0.0,0.23104903914771985,0.0,15.816671133041382
True,FOL,3.4,1,0.95,FOL_k3.40_s01.csv,3778754.0660993923,9119503.204663115,151811756808.86285,1.0,36.6948285139719,136.99999999136165,366.0,0.0,0.21988021742382313,0.0,22.869492053985596
True,FOL,3.4,1,1.1,FOL_k3.40_s01.csv,3778754.0660993923,9119503.204663115,170080850234.95294,1.0,40.551609033669195,134.81207236792687,275.51871798269525,0.0,0.2189920981505266,0.0,20.76503300666809
True,FOL,3.4,1,1.25,FOL_k3.40_s01.csv,3778754.0660993923,9119503.204663115,192876174791.9395,1.0,37.589467111130794,133.75064225405347,275.39348305349165,0.0,0.21860591065831733,0.0,20.42974090576172
True,FOL,3.4,1,1.4,FOL_k3.40_s01.csv,3778754.0660993923,9119503.204663115,220261599690.13434,1.0,40.33905974547308,106.85881017186776,287.4809468643866,0.0,0.22829722176712589,0.0,20.47835397720337
True,FOL,3.4,1,1.55,FOL_k3.40_s01.csv,3778754.0660993923,9119503.204663115,253072957207.29324,1.0,28.683872619586666,106.41238749302721,286.59969482492426,0.0,0.22929725204144932,0.0,18.027382135391235
True,FOL,3.4,1,1.7,FOL_k3.40_s01.csv,3778754.0660993923,9119503.204663115,291322064947.0367,1.0,35.541340281261064,106.04161502788028,285.7354410689313,0.0,0.23005010455353272,0.0,20.174537897109985
True,FOL,3.4,1,1.8,FOL_k3.40_s01.csv,3778754.0660993923,9119503.204663115,320205158310.3629,1.0,31.431291439734927,106.17037431339223,285.44653766506514,0.0,0.2287621269159744,0.0,16.121124982833862
True,FOL,3.4,2,0.95,FOL_k3.40_s02.csv,3422534.7866549124,12311272.71968785,235647825581.81842,1.0,32.66829778847098,126.98991669636858,283.52047056553204,0.0,0.24285457071013974,0.0,24.321186065673828
True,FOL,3.4,2,1.1,FOL_k3.40_s02.csv,3422534.7866549124,12311272.71968785,251981198738.32538,1.0,34.17046162342621,127.19098913823969,284.2725242933112,0.0,0.2397369134664928,0.0,20.107908010482788
True,FOL,3.4,2,1.25,FOL_k3.40_s02.csv,3422534.7866549124,12311272.71968785,272742373235.70374,1.0,33.34494500063464,126.47600655725805,282.94323454036845,0.0,0.23992485352191273,0.0,18.92569398880005
True,FOL,3.4,2,1.4,FOL_k3.40_s02.csv,3422534.7866549124,12311272.71968785,298721826415.3087,1.0,33.429990831318136,126.02638068277498,282.61969448067936,0.0,0.23925519529303196,0.0,22.97852611541748
True,FOL,3.4,2,1.55,FOL_k3.40_s02.csv,3422534.7866549124,12311272.71968785,330188236338.2582,1.0,31.591995868746857,125.99988114732375,282.06628533499116,0.0,0.23863017427573094,0.0,22.619661808013916
True,FOL,3.4,2,1.7,FOL_k3.40_s02.csv,3422534.7866549124,12311272.71968785,367371520913.18243,1.0,36.199057581002805,126.99999999077217,250.0,0.0,0.24430654226412374,0.0,15.225022315979004
True,FOL,3.4,2,1.8,FOL_k3.40_s02.csv,3422534.7866549124,12311272.71968785,395428573881.37134,1.0,33.26102096649361,125.00129450640081,281.56044343848066,0.0,0.23804898542593378,0.0,15.873070001602173
True,FOL,3.4,3,0.95,FOL_k3.40_s03.csv,2603744.645042512,10764468.381474543,129166720677.3278,1.0,33.13976016154024,137.29810330978236,250.0,0.0,0.22613048712265926,0.0,28.38404893875122
True,FOL,3.4,3,1.1,FOL_k3.40_s03.csv,2603744.645042512,10764468.381474543,144968205489.835,1.0,33.69682602260302,135.7419992908192,250.0,0.0,0.22390254305665214,0.0,27.68910503387451
True,FOL,3.4,3,1.25,FOL_k3.40_s03.csv,2603744.645042512,10764468.381474543,165568603644.33224,1.0,33.614355209578854,133.86441518727602,250.0,0.0,0.2235017536880559,0.0,27.113391160964966
True,FOL,3.4,3,1.4,FOL_k3.40_s03.csv,2603744.645042512,10764468.381474543,190824672409.94498,1.0,33.23195689416737,120.56783187091231,250.0,0.0,0.22310054468852594,0.0,24.68655490875244
True,FOL,3.4,3,1.55,FOL_k3.40_s03.csv,2603744.645042512,10764468.381474543,221517730451.31262,1.0,32.38291157540607,119.93007451318613,250.0,0.0,0.22269893489327375,0.0,22.494035005569458
True,FOL,3.4,3,1.7,FOL_k3.40_s03.csv,2603744.645042512,10764468.381474543,258093998939.21002,1.0,31.609167384467646,118.78563788492552,250.0,0.0,0.2222969844148825,0.0,22.25045609474182
True,FOL,3.4,3,1.8,FOL_k3.40_s03.csv,2603744.645042512,10764468.381474543,285817474761.19745,1.0,31.54568684033589,118.65333716041658,250.0,0.0,0.22218322052685865,0.0,18.907689809799194
True,FOL,3.4,4,0.95,FOL_k3.40_s04.csv,3514621.685534812,10187706.043705825,143448049388.65976,1.0,35.21855950703817,136.02682564529096,250.0,0.0,0.22941545935927898,0.0,22.811604022979736
True,FOL,3.4,4,1.1,FOL_k3.40_s04.csv,3514621.685534812,10187706.043705825,160230428758.37134,1.0,35.81819643677334,135.96729472712175,250.0,0.0,0.2289585781579509,0.0,22.693853855133057
True,FOL,3.4,4,1.25,FOL_k3.40_s04.csv,3514621.685534812,10187706.043705825,181865285522.84726,1.0,36.179446663465654,135.62923793238377,250.0,0.0,0.22949823260538255,0.0,21.657814979553223
True,FOL,3.4,4,1.4,FOL_k3.40_s04.csv,3514621.685534812,10187706.043705825,208682385739.08157,1.0,36.429953867316016,133.09107125652784,250.0,0.0,0.23265655356622253,0.0,19.16092801094055
True,FOL,3.4,4,1.55,FOL_k3.40_s04.csv,3514621.685534812,10187706.043705825,240782277550.22998,1.0,32.27961852352446,131.15676686723023,250.0,0.0,0.2332414816691741,0.0,19.652442932128906
True,FOL,3.4,4,1.7,FOL_k3.40_s04.csv,3514621.685534812,10187706.043705825,278593895765.87775,1.0,31.561224227987307,130.17027333068037,250.0,0.0,0.23429663853856664,0.0,19.994606971740723
True,FOL,3.4,4,1.8,FOL_k3.40_s04.csv,3514621.685534812,10187706.043705825,307197057245.61444,1.0,34.3763067653453,129.39581286176096,250.0,0.0,0.2333240967331628,0.0,18.175830841064453
True,FOL,4.0,1,0.95,FOL_k4.00_s01.csv,3941038.250197384,15124471.33418516,324748146238.723,1.0,67.74384532101391,138.61346399094435,250.0,0.0,0.23150211047875233,0.0,21.308799982070923
True,FOL,4.0,1,1.1,FOL_k4.00_s01.csv,3941038.250197384,15124471.33418516,345993165952.4373,1.0,68.70482721656423,138.00000010155568,250.0,0.0,0.2266459205461968,0.0,20.78408718109131
True,FOL,4.0,1,1.25,FOL_k4.00_s01.csv,3941038.250197384,15124471.33418516,373017003816.58954,1.0,53.10499641129172,137.76763797072377,253.59023171356634,0.0,0.22557724834733836,0.0,16.538745880126953
True,FOL,4.0,1,1.4,FOL_k4.00_s01.csv,3941038.250197384,15124471.33418516,404598145419.07477,1.0,62.607815899999345,138.01711406043748,250.0,0.0,0.22506924804372241,0.0,16.74519681930542
True,FOL,4.0,1,1.55,FOL_k4.00_s01.csv,3941038.250197384,15124471.33418516,442662964219.58167,1.0,54.67753818471693,137.65998938633194,250.0,0.0,0.22456086138021691,0.0,15.023686170578003
True,FOL,4.0,1,1.7,FOL_k4.00_s01.csv,3941038.250197384,15124471.33418516,486467139786.6542,1.0,32.433730485359376,137.31662278485402,250.0,0.0,0.22405207903472293,0.0,13.332393884658813
True,FOL,4.0,1,1.8,FOL_k4.00_s01.csv,3941038.250197384,15124471.33418516,519076594752.56744,1.0,36.346371738399654,137.07494496794166,250.0,0.0,0.2237126765250202,0.0,12.860991954803467
True,FOL,4.0,2,0.95,FOL_k4.00_s02.csv,3983162.7703862158,17922857.97409406,383698890507.5957,1.0,43.290639410563,135.33910116417266,250.0,0.0,0.2404729838155009,0.0,17.561228036880493
True,FOL,4.0,2,1.1,FOL_k4.00_s02.csv,3983162.7703862158,17922857.97409406,402016186270.05566,1.0,42.79258051537005,135.0618284031763,250.0,0.0,0.240430032378377,0.0,18.943928956985474
True,FOL,4.0,2,1.25,FOL_k4.00_s02.csv,3983162.7703862158,17922857.97409406,425447823572.0532,1.0,42.45751972602113,134.86166734231512,250.0,0.0,0.2399189651233792,0.0,17.701799869537354
True,FOL,4.0,2,1.4,FOL_k4.00_s02.csv,3983162.7703862158,17922857.97409406,454299374269.48035,1.0,40.667172376866844,134.12690586278762,250.0,0.0,0.23940734431920918,0.0,17.819264888763428
True,FOL,4.0,2,1.55,FOL_k4.00_s02.csv,3983162.7703862158,17922857.97409406,490910519309.8214,1.0,60.676358398849004,132.7541324417955,250.0,0.0,0.24268822669452383,0.0,13.218435287475586
True,FOL,4.0,2,1.7,FOL_k4.00_s02.csv,3983162.7703862158,17922857.97409406,529211277971.2991,1.0,34.45021599831014,132.6456110224186,250.0,0.0,0.238382375927125,0.0,15.26962399482727
True,FOL,4.0,2,1.8,FOL_k4.00_s02.csv,3983162.7703862158,17922857.97409406,559342874869.8303,1.0,31.377613888613123,132.6406025638909,250.0,0.0,0.23804040237182006,0.0,14.654453039169312
True,FOL,4.0,3,0.95,FOL_k4.00_s03.csv,3983162.7703862158,16421384.722268542,301283650277.0347,1.0,32.64446332201003,144.00000004146221,250.0,0.0,0.22579278841236206,0.0,26.092293977737427
True,FOL,4.0,3,1.1,FOL_k4.00_s03.csv,3983162.7703862158,16421384.722268542,321031214418.56604,1.0,32.41408593137565,143.37228283080856,250.0,0.0,0.22536884694722228,0.0,23.107138872146606
True,FOL,4.0,3,1.25,FOL_k4.00_s03.csv,3983162.7703862158,16421384.722268542,345828082986.075,1.0,32.7802684380685,143.00000001655812,250.0,0.0,0.22495501286311573,0.0,22.66726589202881
True,FOL,4.0,3,1.4,FOL_k4.00_s03.csv,3983162.7703862158,16421384.722268542,376049883033.3214,1.0,31.584768405329267,142.9999999610044,250.0,0.0,0.2245412283846143,0.0,22.414894104003906
True,FOL,4.0,3,1.55,FOL_k4.00_s03.csv,3983162.7703862158,16421384.722268542,411924307935.0552,1.0,32.30133410940704,142.40481058478073,250.0,0.0,0.22412675533388235,0.0,21.235657930374146
True,FOL,4.0,3,1.7,FOL_k4.00_s03.csv,3983162.7703862158,16421384.722268542,453688642024.8392,1.0,33.34840264677073,141.99829388748938,250.0,0.0,0.22371172805551892,0.0,16.467330932617188
True,FOL,4.0,3,1.8,FOL_k4.00_s03.csv,3983162.7703862158,16421384.722268542,484782047196.3447,1.0,30.56463075939882,141.8937133624768,250.0,0.0,0.22343475528512777,0.0,17.63851499557495
True,FOL,4.0,4,0.95,FOL_k4.00_s04.csv,4091500.298480216,15467930.614921475,321134967367.34064,1.0,37.662250827633315,226.40468958137066,289.65103174760094,0.0,0.2285329472061381,0.0,24.154438018798828
True,FOL,4.0,4,1.1,FOL_k4.00_s04.csv,4091500.298480216,15467930.614921475,343371999822.1192,1.0,37.8554265322781,144.11028168919364,292.0069100171488,0.0,0.23168324482788386,0.0,22.981991052627563
True,FOL,4.0,4,1.25,FOL_k4.00_s04.csv,4091500.298480216,15467930.614921475,368436164721.3948,1.0,43.30059872831079,143.99999997973998,291.41634566210297,0.0,0.23140614355264016,0.0,20.00055503845215
True,FOL,4.0,4,1.4,FOL_k4.00_s04.csv,4091500.298480216,15467930.614921475,398854957985.1129,1.0,40.19941313777849,143.6576443103731,291.0729637244936,0.0,0.2309422920815427,0.0,20.11216688156128
True,FOL,4.0,4,1.55,FOL_k4.00_s04.csv,4091500.298480216,15467930.614921475,434850896934.1049,1.0,39.42859018744812,142.99994197034354,291.0113572356758,0.0,0.23016278756768282,0.0,17.611756801605225
True,FOL,4.0,4,1.7,FOL_k4.00_s04.csv,4091500.298480216,15467930.614921475,476582101795.06085,1.0,31.44872506078786,142.60679502721828,290.70915927629017,0.0,0.2295398881073729,8.037506895434976e-05,17.045671224594116
True,FOL,4.0,4,1.8,FOL_k4.00_s04.csv,4091500.298480216,15467930.614921475,507509426553.52246,1.0,31.417298095003975,136.08443781798374,295.20122812017433,0.0,0.2292274809153969,0.0,19.99056887626648
True,FOL,4.6,1,0.95,FOL_k4.60_s01.csv,3632313.9818953685,24312890.394411396,540818585042.4404,1.0,35.387168898769445,233.1057922561824,250.0,0.0,0.23266067580709388,0.0,18.48985505104065
True,FOL,4.6,1,1.1,FOL_k4.60_s01.csv,3632313.9818953685,24312890.394411396,568075953852.1667,1.0,35.28245725009501,233.18293545928765,250.0,0.0,0.23083940584094703,0.0,18.885827779769897
True,FOL,4.6,1,1.25,FOL_k4.60_s01.csv,3632313.9818953685,24312890.394411396,600895358352.0009,1.0,33.37972349224748,233.218925372093,250.0,0.0,0.22969627508600185,0.0,18.369653940200806
True,FOL,4.6,1,1.4,FOL_k4.60_s01.csv,3632313.9818953685,24312890.394411396,639587590041.117,1.0,27.53035092322853,233.21079493741433,250.0,0.0,0.22933716831370607,0.0,16.989096879959106
True,FOL,4.6,1,1.55,FOL_k4.60_s01.csv,3632313.9818953685,24312890.394411396,683861349413.2388,1.0,39.49919852390863,233.2000819722946,250.0,0.0,0.22902137929164373,0.0,15.12990689277649
True,FOL,4.6,1,1.7,FOL_k4.60_s01.csv,3632313.9818953685,24312890.394411396,732628303079.0299,1.0,42.2298776214818,133.32530078572088,307.68067879479247,0.0,0.23152678539958507,0.0,14.690198183059692
True,FOL,4.6,1,1.8,FOL_k4.60_s01.csv,3632313.9818953685,24312890.394411396,766992420636.5017,1.0,37.50772475608692,134.92674444499244,331.12745193949155,0.0,0.22860055048183353,0.0,12.357449769973755
True,FOL,4.6,2,0.95,FOL_k4.60_s02.csv,5025734.485130638,26197351.65293372,632666183631.6318,1.0,31.67220374248098,234.841580588834,250.0,0.0,0.22040315840183716,0.0,16.24739098548889
True,FOL,4.6,2,1.1,FOL_k4.60_s02.csv,5025734.485130638,26197351.65293372,661103442905.8889,1.0,38.325633093740606,234.8303459496813,250.0,0.0,0.22014881510586143,0.0,17.33090090751648
True,FOL,4.6,2,1.25,FOL_k4.60_s02.csv,5025734.485130638,26197351.65293372,693267968129.0364,1.0,41.412336167200415,136.10742328378294,341.19484668242285,0.0,0.22444510963988507,0.0,14.12854290008545
True,FOL,4.6,2,1.4,FOL_k4.60_s02.csv,5025734.485130638,26197351.65293372,729491367642.0588,1.0,34.41604979777271,136.35652588831095,335.88724087818133,0.0,0.22400064937742434,0.0,14.666383981704712
True,FOL,4.6,2,1.55,FOL_k4.60_s02.csv,5025734.485130638,26197351.65293372,772025253602.6196,1.0,36.620387739286194,136.00000048592773,335.4076538269514,0.0,0.2235467238571794,0.0,13.617571830749512
True,FOL,4.6,2,1.7,FOL_k4.60_s02.csv,5025734.485130638,26197351.65293372,820792499987.2654,1.0,32.6273877791785,135.92566956938407,321.49475552856245,0.0,0.22311119002526578,0.0,14.041888952255249
True,FOL,4.6,2,1.8,FOL_k4.60_s02.csv,5025734.485130638,26197351.65293372,856430666629.5939,1.0,38.44851450459185,135.99999998777542,320.9726481876758,0.0,0.22263713259640466,0.0,11.60331106185913
True,FOL,4.6,3,0.95,FOL_k4.60_s03.csv,4668378.911425619,25170622.839558143,596557012576.0748,1.0,35.436387885718574,137.83258146458496,250.0,0.0,0.23522245178041568,0.0,16.53076982498169
True,FOL,4.6,3,1.1,FOL_k4.60_s03.csv,4668378.911425619,25170622.839558143,618424945484.2487,1.0,35.577733078064504,136.83154165427143,250.0,0.0,0.23465552347855062,0.0,17.397078037261963
True,FOL,4.6,3,1.25,FOL_k4.60_s03.csv,4668378.911425619,25170622.839558143,645668089727.089,1.0,36.389816068017396,133.9675915025177,250.0,0.0,0.23515841757638664,0.0,19.864430904388428
True,FOL,4.6,3,1.4,FOL_k4.60_s03.csv,4668378.911425619,25170622.839558143,678615150477.6066,1.0,37.61153567155099,133.9913132053236,250.0,0.0,0.23455320642636332,0.0,13.508332014083862
True,FOL,4.6,3,1.55,FOL_k4.60_s03.csv,4668378.911425619,25170622.839558143,717305707824.4021,1.0,37.6147297141378,126.54947187404227,250.0,0.0,0.2437522417376876,0.0,12.864036083221436
True,FOL,4.6,3,1.7,FOL_k4.60_s03.csv,4668378.911425619,25170622.839558143,762719445350.0391,1.0,40.26975896852405,133.56949222286926,250.0,0.0,0.23465880812770323,0.0,11.439143896102905
True,FOL,4.6,3,1.8,FOL_k4.60_s03.csv,4668378.911425619,25170622.839558143,795093823667.7263,1.0,38.490937329026465,126.00084083153571,250.0,0.0,0.2435655459458779,0.0,14.294383764266968
True,FOL,4.6,4,0.95,FOL_k4.60_s04.csv,3437106.4438197776,21140940.265808176,400806859192.9495,1.0,33.533073671520796,137.0000006427584,250.0,0.0,0.24003277762454203,0.0,21.229934215545654
True,FOL,4.6,4,1.1,FOL_k4.60_s04.csv,3437106.4438197776,21140940.265808176,424840758498.8304,1.0,33.417368727649006,134.3840099778508,250.0,0.0,0.24014997726829052,0.0,19.10399889945984
True,FOL,4.6,4,1.25,FOL_k4.60_s04.csv,3437106.4438197776,21140940.265808176,454473754531.52484,1.0,34.4816694620049,134.00002467865474,250.0,0.0,0.24031479399347155,0.0,17.5700740814209
True,FOL,4.6,4,1.4,FOL_k4.60_s04.csv,3437106.4438197776,21140940.265808176,490050376583.57996,1.0,34.45138537162898,133.67597549382944,250.0,0.0,0.24036250445753107,0.0,18.1774799823761
True,FOL,4.6,4,1.55,FOL_k4.60_s04.csv,3437106.4438197776,21140940.265808176,531682501459.3792,1.0,31.466438101243927,133.06960471164135,250.0,0.0,0.2409405605314093,0.0,16.507347106933594
True,FOL,4.6,4,1.7,FOL_k4.60_s04.csv,3437106.4438197776,21140940.265808176,579543988225.2571,1.0,31.429720611315698,132.99973713169055,250.0,0.0,0.2394069226279492,0.0,16.697322845458984
True,FOL,4.6,4,1.8,FOL_k4.60_s04.csv,3437106.4438197776,21140940.265808176,614539766061.9604,1.0,37.47823935760594,118.46092046396532,250.0,0.0,0.24521747065590863,0.0,16.014174222946167
True,FOL,5.2,1,0.95,FOL_k5.20_s01.csv,3914408.1665704614,36347085.44659629,895352816931.5809,1.0,31.60460369810157,140.9997207895141,272.3548788833645,0.0,0.24166859586280848,0.0,18.626332998275757
True,FOL,5.2,1,1.1,FOL_k5.20_s01.csv,3914408.1665704614,36347085.44659629,924197389041.5513,1.0,27.705431178649896,140.70997509530082,271.9860136153027,0.0,0.2415488797102149,0.0,18.615397930145264
True,FOL,5.2,1,1.25,FOL_k5.20_s01.csv,3914408.1665704614,36347085.44659629,958519837446.6772,1.0,31.547794091584144,140.2024630761034,271.8188823287222,0.0,0.24178454541897113,0.0,16.311535120010376
True,FOL,5.2,1,1.4,FOL_k5.20_s01.csv,3914408.1665704614,36347085.44659629,999815234652.4517,1.0,19.369078352594318,139.48980900779463,274.1640136393542,0.0,0.23992720370037854,0.0,15.353541135787964
True,FOL,5.2,1,1.55,FOL_k5.20_s01.csv,3914408.1665704614,36347085.44659629,1045531918354.0049,1.0,36.35086122662312,139.98824829478352,267.62763910193235,0.0,0.2412750923428371,0.0,14.357588052749634
True,FOL,5.2,1,1.7,FOL_k5.20_s01.csv,3914408.1665704614,36347085.44659629,1098173520911.489,1.0,33.36785315470353,139.99252020568434,261.2203381448211,0.0,0.24133650426005182,0.0,15.12457013130188
True,FOL,5.2,1,1.8,FOL_k5.20_s01.csv,3914408.1665704614,36347085.44659629,1136650625015.958,1.0,38.28692158290566,139.99999975070543,254.7654548907566,0.0,0.2412559763558323,0.0,14.97366189956665
True,FOL,5.2,2,0.95,FOL_k5.20_s02.csv,5245257.5243710205,23169944.37165625,483111852522.989,1.0,31.03274587103051,234.00183159265123,250.0,0.0,0.23149282972595797,0.0,20.316944122314453
True,FOL,5.2,2,1.1,FOL_k5.20_s02.csv,5245257.5243710205,23169944.37165625,515196396397.4053,1.0,9.04009396195895,234.0000000699035,250.0,0.0,0.2299928810276135,0.0,21.02522087097168
True,FOL,5.2,2,1.25,FOL_k5.20_s02.csv,5245257.5243710205,23169944.37165625,553031439275.019,1.0,14.179078322746696,233.999962780423,250.0,0.0,0.22279798478228366,0.0,21.953948259353638
True,FOL,5.2,2,1.4,FOL_k5.20_s02.csv,5245257.5243710205,23169944.37165625,596644537371.5568,1.0,30.34994833436005,233.9840426283457,250.0,0.0,0.2222806931936717,0.0,18.14484405517578
True,FOL,5.2,2,1.55,FOL_k5.20_s02.csv,5245257.5243710205,23169944.37165625,644715358338.6458,1.0,27.428440992686358,141.84482934210487,366.0,0.0,0.22412939767299095,0.0,18.199161052703857
True,FOL,5.2,2,1.7,FOL_k5.20_s02.csv,5245257.5243710205,23169944.37165625,699342182182.803,1.0,42.20481016073158,141.9723120965773,341.8438833354432,0.0,0.22419271251873737,0.0,16.924856185913086
True,FOL,5.2,2,1.8,FOL_k5.20_s02.csv,5245257.5243710205,23169944.37165625,738364867097.9119,1.0,22.21448480137417,141.9092585848029,366.0,0.0,0.22321364167265623,0.0,16.98826289176941
True,FOL,5.2,3,0.95,FOL_k5.20_s03.csv,5649224.694646261,30492766.292861104,756744533918.3287,1.0,30.517143061373897,137.99999997307202,250.0,0.0,0.22269548337123915,0.0,19.734513759613037
True,FOL,5.2,3,1.1,FOL_k5.20_s03.csv,5649224.694646261,30492766.292861104,783201422112.109,1.0,32.12705549863604,136.9999999475877,250.0,0.0,0.2222182554213785,0.0,19.146125078201294
True,FOL,5.2,3,1.25,FOL_k5.20_s03.csv,5649224.694646261,30492766.292861104,815442194369.9512,1.0,31.480964168598202,136.00027955980983,250.0,0.0,0.22275512126753233,0.0,14.50203800201416
True,FOL,5.2,3,1.4,FOL_k5.20_s03.csv,5649224.694646261,30492766.292861104,853758634509.7612,1.0,33.30510709021862,136.00007373236963,250.0,0.0,0.22236116980317808,0.0,15.615224123001099
True,FOL,5.2,3,1.55,FOL_k5.20_s03.csv,5649224.694646261,30492766.292861104,898211194498.2812,1.0,33.72688489555491,135.00000003252512,250.0,0.0,0.22198380740053747,0.0,16.478153944015503
True,FOL,5.2,3,1.7,FOL_k5.20_s03.csv,5649224.694646261,30492766.292861104,948843979614.8868,1.0,31.363192494292104,134.99999996394223,250.0,0.0,0.22072214504036844,0.0,16.53969407081604
True,FOL,5.2,3,1.8,FOL_k5.20_s03.csv,5649224.694646261,30492766.292861104,986199093693.8718,1.0,32.30920055913127,134.4965365796344,250.0,0.0,0.22035748699928268,0.0,14.165472984313965
True,FOL,5.2,4,0.95,FOL_k5.20_s04.csv,5245257.5243710205,27645215.416574582,610314817911.6311,1.0,35.08949662755715,140.8723195544377,275.2833032935911,0.0,0.23230996137605175,0.0,17.525554180145264
True,FOL,5.2,4,1.1,FOL_k5.20_s04.csv,5245257.5243710205,27645215.416574582,638339505744.8188,1.0,33.71295604117378,140.99776832431772,266.11333275395816,0.0,0.2319339334255683,0.0,17.747958183288574
True,FOL,5.2,4,1.25,FOL_k5.20_s04.csv,5245257.5243710205,27645215.416574582,671819454497.3206,1.0,29.718218544142122,140.02821691406822,250.0,0.0,0.23197237956470984,0.0,15.621258020401001
True,FOL,5.2,4,1.4,FOL_k5.20_s04.csv,5245257.5243710205,27645215.416574582,710930324879.3113,1.0,39.39045962847793,139.99999976637343,250.0,0.0,0.23154025559562216,0.0,16.432158946990967
True,FOL,5.2,4,1.55,FOL_k5.20_s04.csv,5245257.5243710205,27645215.416574582,756303452068.9263,1.0,37.43650849589578,139.99999593385726,251.25300964099532,0.0,0.23099482140985825,0.0,17.086282968521118
True,FOL,5.2,4,1.7,FOL_k5.20_s04.csv,5245257.5243710205,27645215.416574582,807839776590.3623,1.0,35.33845695964631,139.63834193382172,250.0,0.0,0.2310223814186686,0.0,14.514523267745972
True,FOL,5.2,4,1.8,FOL_k5.20_s04.csv,5245257.5243710205,27645215.416574582,845670061578.7592,1.0,31.337324014453248,139.22752321092435,250.0,0.0,0.23047170768897532,0.0,13.809721946716309
True,MIL,0.8,1,0.95,MIL_k0.80_s01.csv,461140.62538891303,4516025.811603151,63925839904.57413,1.0,7.718678690964592,223.1019258351674,258.9843461613414,0.0,0.11752185715032457,0.0,28.657984018325806
True,MIL,0.8,1,1.1,MIL_k0.80_s01.csv,461140.62538891303,4516025.811603151,73457430688.32396,1.0,23.082304176894684,222.50939744823788,258.0217771705022,0.0,0.11382016724807503,0.0,27.9584379196167
True,MIL,0.8,1,1.25,MIL_k0.80_s01.csv,461140.62538891303,4516025.811603151,85190202370.16089,1.0,8.105888953903655,222.33040441959838,256.2494380929122,0.0,0.11470625970596889,0.0,26.692703008651733
True,MIL,0.8,1,1.4,MIL_k0.80_s01.csv,461140.62538891303,4516025.811603151,100436328417.30408,1.0,8.49997655203239,222.36914519033718,255.86691757803302,0.0,0.10741409097740824,0.0,24.04205584526062
True,MIL,0.8,1,1.55,MIL_k0.80_s01.csv,461140.62538891303,4516025.811603151,119390742641.82385,1.0,8.189911229084924,222.31782741718115,255.12304808776432,0.0,0.10629678156981874,0.0,21.37329912185669
True,MIL,0.8,1,1.7,MIL_k0.80_s01.csv,461140.62538891303,4516025.811603151,142076344758.0522,1.0,5.1126539919260825,222.3431554184271,254.57063285478324,0.0,0.10300303862026008,0.0,18.719494819641113
True,MIL,0.8,1,1.8,MIL_k0.80_s01.csv,461140.62538891303,4516025.811603151,159499678377.2866,1.0,5.352502096931043,222.42924996225497,254.12684798324943,0.0,0.09688218157019567,0.0,15.549853801727295
True,MIL,0.8,2,0.95,MIL_k0.80_s02.csv,412631.566044833,7124298.262457564,129213861236.34723,1.0,24.60103876323929,228.7336394435504,274.7760271737782,0.0,0.10562732992217189,0.0,24.734407901763916
True,MIL,0.8,2,1.1,MIL_k0.80_s02.csv,412631.566044833,7124298.262457564,140173132242.44073,1.0,15.282151461723657,226.50306911827875,275.161754809088,0.0,0.10365109302093076,0.0,22.11708688735962
True,MIL,0.8,2,1.25,MIL_k0.80_s02.csv,412631.566044833,7124298.262457564,153878174235.10098,1.0,21.08503018307498,226.46605820213713,272.17585109525726,0.0,0.10711932905896318,0.0,22.067707061767578
True,MIL,0.8,2,1.4,MIL_k0.80_s02.csv,412631.566044833,7124298.262457564,170442438200.0905,1.0,14.103520060049407,226.5886359961985,271.22930929006,0.0,0.1047625647439893,0.0,20.555295944213867
True,MIL,0.8,2,1.55,MIL_k0.80_s02.csv,412631.566044833,7124298.262457564,190409139811.41345,1.0,0.13516666259615545,225.3280596895587,270.96280486659924,0.0,0.10032446683530287,0.0,20.13906502723694
True,MIL,0.8,2,1.7,MIL_k0.80_s02.csv,412631.566044833,7124298.262457564,213801364807.6246,1.0,16.228347009359453,225.5592021028937,269.16700712349143,0.0,0.10268296313013724,0.0,15.292749881744385
True,MIL,0.8,2,1.8,MIL_k0.80_s02.csv,412631.566044833,7124298.262457564,232330350920.68918,1.0,53.69154377007794,225.70644345348558,268.46020912802635,0.0,0.0985314055018349,0.0,12.197714805603027
True,MIL,0.8,3,0.95,MIL_k0.80_s03.csv,387951.2387459266,3356053.7178721223,31260063533.608986,1.0,12.107736785104695,220.4499112562907,280.32826652190244,0.01438579877192517,0.06843647184976277,0.0,34.65862512588501
True,MIL,0.8,3,1.1,MIL_k0.80_s03.csv,387951.2387459266,3356053.7178721223,42304592607.353226,1.0,4.512784088161525,219.08507466661146,278.72331336488924,0.01572732905699787,0.06790145489883512,0.008498184571486586,29.694781064987183
True,MIL,0.8,3,1.25,MIL_k0.80_s03.csv,387951.2387459266,3356053.7178721223,56561586265.6694,1.0,12.120633275108448,219.0792425987204,273.87226943941084,0.13065771381488508,0.07360245781855726,0.0027274060751915955,26.490752935409546
True,MIL,0.8,3,1.4,MIL_k0.80_s03.csv,387951.2387459266,3356053.7178721223,73615851511.70757,1.0,19.014790181987106,217.88331773645936,272.267440178739,0.13392652930074708,0.07317442026864054,0.0,26.662173986434937
True,MIL,0.8,3,1.55,MIL_k0.80_s03.csv,387951.2387459266,3356053.7178721223,94103105759.95197,1.0,31.791058177780293,219.23417191185914,270.2252283037205,0.17028384650161132,0.07287965895995785,0.0,23.287757873535156
True,MIL,0.8,3,1.7,MIL_k0.80_s03.csv,387951.2387459266,3356053.7178721223,118166042269.84679,1.0,33.533979312949484,219.85504983156392,268.19583768466305,0.19436637995497913,0.07235003907732195,0.0,20.670394897460938
True,MIL,0.8,3,1.8,MIL_k0.80_s03.csv,387951.2387459266,3356053.7178721223,136271631826.54103,1.0,57.511259109156065,219.77955418669853,271.05613607786626,0.19912818963779214,0.06616573521707049,0.0,16.68295907974243
True,MIL,0.8,4,0.95,MIL_k0.80_s04.csv,461140.62538891303,3878585.9609163147,63265109956.46849,1.0,44.29387069582519,226.570754085758,290.16574567723677,0.0,0.05986078933715681,0.0,24.98814606666565
True,MIL,0.8,4,1.1,MIL_k0.80_s04.csv,461140.62538891303,3878585.9609163147,74715200579.48701,1.0,0.0,225.01645931230513,293.05687315203465,0.0,0.05631151373541816,0.0,27.108080863952637
True,MIL,0.8,4,1.25,MIL_k0.80_s04.csv,461140.62538891303,3878585.9609163147,89916489206.2962,1.0,15.099051992559696,224.66730641237766,279.9594535685786,0.0,0.056996814705642274,0.0,26.94059419631958
True,MIL,0.8,4,1.4,MIL_k0.80_s04.csv,461140.62538891303,3878585.9609163147,107485178082.88539,1.0,3.11161374623751,220.06107732879656,288.21385441733946,0.0,0.05193073766253686,0.0,21.373674869537354
True,MIL,0.8,4,1.55,MIL_k0.80_s04.csv,461140.62538891303,3878585.9609163147,128906575563.19357,1.0,4.466090352834721,223.73464161339274,284.6155852507994,0.0,0.04406401476621837,0.0,18.645124912261963
True,MIL,0.8,4,1.7,MIL_k0.80_s04.csv,461140.62538891303,3878585.9609163147,153466690168.03012,1.0,0.0,225.49246383748223,279.70088829136637,0.0,0.04103070554552924,0.0,14.208362102508545
True,MIL,0.8,4,1.8,MIL_k0.80_s04.csv,461140.62538891303,3878585.9609163147,172406514071.258,1.0,50.98344430878831,226.20900691972,280.30226450290405,0.09217833942881198,0.043208373483842384,0.0,12.569393873214722
True,MIL,0.9,1,0.95,MIL_k0.90_s01.csv,501371.9246878565,4746884.032604467,73579567920.2623,1.0,12.234989001586523,225.82535241195131,279.56337883731845,0.0,0.07999023042337723,0.0,28.16942524909973
True,MIL,0.9,1,1.1,MIL_k0.90_s01.csv,501371.9246878565,4746884.032604467,84339732450.47427,1.0,2.0570995093850324,226.8094752565391,281.21962494131924,0.0,0.07444438905113548,0.0,25.55202293395996
True,MIL,0.9,1,1.25,MIL_k0.90_s01.csv,501371.9246878565,4746884.032604467,98137427530.57187,1.0,0.0,228.3387096735314,276.9225061069011,0.0,0.0661347293269937,0.003226766191773429,25.619094133377075
True,MIL,0.9,1,1.4,MIL_k0.90_s01.csv,501371.9246878565,4746884.032604467,115471944295.31705,1.0,14.358609515591954,226.23838967738078,272.24265519683837,0.0,0.0653341088206313,0.0,25.002758026123047
True,MIL,0.9,1,1.55,MIL_k0.90_s01.csv,501371.9246878565,4746884.032604467,135633468369.87164,1.0,8.799923710608024,225.41004117837778,275.68793070170545,0.0,0.058083840691952014,0.0,19.856853008270264
True,MIL,0.9,1,1.7,MIL_k0.90_s01.csv,501371.9246878565,4746884.032604467,159236537530.85007,1.0,0.0,227.5798795762656,272.27404911081976,0.0,0.05273505814481791,0.0,18.55769991874695
True,MIL,0.9,1,1.8,MIL_k0.90_s01.csv,501371.9246878565,4746884.032604467,176971873291.19855,1.0,0.0,225.40950206228393,272.09029599632265,0.0,0.054817140566138935,0.0,16.737765073776245
True,MIL,0.9,2,0.95,MIL_k0.90_s02.csv,347233.7298323165,3699133.5249958043,41174673710.51442,1.0,11.078294495355077,209.70228206854566,323.37710229477375,0.0,0.06421088418423593,0.0,30.130494117736816
True,MIL,0.9,2,1.1,MIL_k0.90_s02.csv,347233.7298323165,3699133.5249958043,52196306815.76642,1.0,1.0768449550487946,211.29199429150418,308.7144251675264,0.0,0.06508940369938468,0.0,29.87878179550171
True,MIL,0.9,2,1.25,MIL_k0.90_s02.csv,347233.7298323165,3699133.5249958043,66322404839.93332,1.0,0.0,207.94430395299972,309.62860133527323,0.0,0.06091407904979866,0.0,28.475707292556763
True,MIL,0.9,2,1.4,MIL_k0.90_s02.csv,347233.7298323165,3699133.5249958043,83714855430.07025,1.0,3.842721536481462,205.47231003610545,322.3645622914139,0.0,0.04741373562572638,0.0,26.63194704055786
True,MIL,0.9,2,1.55,MIL_k0.90_s02.csv,347233.7298323165,3699133.5249958043,104288889423.47017,1.0,17.7073529770466,205.5656085130641,311.1292788640359,0.08760750786125578,0.04803132651486744,0.0,21.515408992767334
True,MIL,0.9,2,1.7,MIL_k0.90_s02.csv,347233.7298323165,3699133.5249958043,127536673856.92465,1.0,67.26912435329831,203.54573638580732,310.06839180511844,0.11712972846206762,0.04556115200283593,0.0,19.78250789642334
True,MIL,0.9,2,1.8,MIL_k0.90_s02.csv,347233.7298323165,3699133.5249958043,144923407061.45483,1.0,41.54810408490553,203.4928873527425,304.76289064942915,0.11581120350601797,0.044325702559646636,0.0,18.721281051635742
True,MIL,0.9,3,0.95,MIL_k0.90_s03.csv,572435.8147899365,5853402.466000323,103695204591.14365,1.0,9.42632516644322,223.99597693911863,320.58239848865753,0.0,0.06327718018802507,0.0,24.42114806175232
True,MIL,0.9,3,1.1,MIL_k0.90_s03.csv,572435.8147899365,5853402.466000323,114150147732.80833,1.0,8.887444174882395,224.0416264871649,323.3598790681037,0.0,0.05604073159021815,0.0,21.723954916000366
True,MIL,0.9,3,1.25,MIL_k0.90_s03.csv,572435.8147899365,5853402.466000323,126296255705.4494,1.0,5.0587192627244875,224.99989153131494,302.7885763816365,0.0,0.059350655335352324,0.0005063076205729933,22.010764837265015
True,MIL,0.9,3,1.4,MIL_k0.90_s03.csv,572435.8147899365,5853402.466000323,142253576800.9433,1.0,20.966388856290287,226.2466000652447,302.9028768015247,0.0,0.05240960032999696,0.0,22.12538981437683
True,MIL,0.9,3,1.55,MIL_k0.90_s03.csv,572435.8147899365,5853402.466000323,160897123620.12717,1.0,35.10952171914128,225.18328039296514,293.792551483193,0.0,0.05035848933461316,0.0,20.504891872406006
True,MIL,0.9,3,1.7,MIL_k0.90_s03.csv,572435.8147899365,5853402.466000323,181502956291.9629,1.0,0.0,223.89470616935535,290.51761179817606,0.0,0.04943960360290884,0.0,18.083685159683228
True,MIL,0.9,3,1.8,MIL_k0.90_s03.csv,572435.8147899365,5853402.466000323,198529115765.7326,1.0,27.2730855448743,225.09817382118266,288.16218650596903,0.0,0.04698550645635231,0.0,17.082396030426025
True,MIL,0.9,4,0.95,MIL_k0.90_s04.csv,501371.9246878565,6916543.038661125,133456657380.68785,1.0,16.332846721759406,226.8969009930494,274.04968048182997,0.0,0.10174857127663689,0.0,21.46446418762207
True,MIL,0.9,4,1.1,MIL_k0.90_s04.csv,501371.9246878565,6916543.038661125,145455248741.06595,1.0,8.810738849570855,226.62016201029013,271.0511271956497,0.0,0.10734105318509853,0.0,23.18617296218872
True,MIL,0.9,4,1.25,MIL_k0.90_s04.csv,501371.9246878565,6916543.038661125,160922655092.1766,1.0,2.6114092585485733,226.53123111522413,270.10748040596366,0.0,0.10522321666933211,0.0,19.808734893798828
True,MIL,0.9,4,1.4,MIL_k0.90_s04.csv,501371.9246878565,6916543.038661125,179677516639.1513,1.0,1.0508888523482443,226.39300743709825,269.20672813950057,0.0,0.10345348468169102,0.0,18.849597930908203
True,MIL,0.9,4,1.55,MIL_k0.90_s04.csv,501371.9246878565,6916543.038661125,201924282201.6737,1.0,1.0540194973186736,225.97863843465714,268.2869920495041,0.0,0.10261388701864896,0.0,15.892894983291626
True,MIL,0.9,4,1.7,MIL_k0.90_s04.csv,501371.9246878565,6916543.038661125,227674698206.29303,1.0,1.05102705168742,226.4144254472132,267.7164508524008,0.0,0.09733005074871709,0.0,14.99988603591919
True,MIL,0.9,4,1.8,MIL_k0.90_s04.csv,501371.9246878565,6916543.038661125,246575353165.9135,1.0,4.136597097698051,226.09333012019206,266.7492518544577,0.0,0.09876361311914532,0.0,17.862672328948975
True,MIL,1.0,1,0.95,MIL_k1.00_s01.csv,620563.1018780001,6704296.0445374,122013091146.3704,1.0,77.95161132576742,208.47969057097254,306.9897706756929,0.0,0.061808673243465534,0.0,23.811264991760254
True,MIL,1.0,1,1.1,MIL_k1.00_s01.csv,620563.1018780001,6704296.0445374,131452507745.72855,1.0,1.994231409075675,210.723843833045,285.4861546010327,0.0,0.06250438954970591,0.0,22.87541389465332
True,MIL,1.0,1,1.25,MIL_k1.00_s01.csv,620563.1018780001,6704296.0445374,144285406369.91617,1.0,5.091347217630518,209.0088148216928,283.5749334440705,0.0,0.0610086116041423,0.0,22.39234209060669
True,MIL,1.0,1,1.4,MIL_k1.00_s01.csv,620563.1018780001,6704296.0445374,160105513416.94073,1.0,0.0,208.31383481823573,279.9107458123422,0.0,0.05914217185465151,0.0,21.882528066635132
True,MIL,1.0,1,1.55,MIL_k1.00_s01.csv,620563.1018780001,6704296.0445374,180036528130.03357,1.0,6.902631507289288,214.59267469189658,268.0058681479847,0.0,0.05767016280127064,0.0,18.865914821624756
True,MIL,1.0,1,1.7,MIL_k1.00_s01.csv,620563.1018780001,6704296.0445374,202515751330.7328,1.0,15.072928196976164,208.27385079210828,271.8054134824978,0.0,0.057552152490509885,0.0,22.864117860794067
True,MIL,1.0,1,1.8,MIL_k1.00_s01.csv,620563.1018780001,6704296.0445374,219448389977.40338,1.0,12.367588195251669,210.09433464507163,264.1487497263231,0.0,0.05761107918023336,0.0,17.590940237045288
True,MIL,1.0,2,0.95,MIL_k1.00_s02.csv,541603.2239868001,5942433.376221499,114014292274.84207,1.0,22.25320479184995,229.74513536449547,284.24379087998955,0.0,0.06093355874350146,0.0027735979514883213,23.409136056900024
True,MIL,1.0,2,1.1,MIL_k1.00_s02.csv,541603.2239868001,5942433.376221499,124290460666.17648,1.0,0.0,228.44564996425098,273.7793688463368,0.0,0.056340395524070636,0.0,23.589534997940063
True,MIL,1.0,2,1.25,MIL_k1.00_s02.csv,541603.2239868001,5942433.376221499,137876931598.23004,1.0,0.0,227.24318551827872,276.39512637106736,0.0,0.05677388529772066,0.0,23.143198251724243
True,MIL,1.0,2,1.4,MIL_k1.00_s02.csv,541603.2239868001,5942433.376221499,154959463338.64008,1.0,0.1116881412961348,225.54265202372193,270.851915887805,0.0,0.0544080965909031,0.0,21.402374029159546
True,MIL,1.0,2,1.55,MIL_k1.00_s02.csv,541603.2239868001,5942433.376221499,175539047860.5769,1.0,4.380633212661828,224.17615619312986,273.2579867625421,0.0,0.05466275718803913,0.0,20.244715213775635
True,MIL,1.0,2,1.7,MIL_k1.00_s02.csv,541603.2239868001,5942433.376221499,199536593144.07623,1.0,0.0,223.19463905524563,272.20416699361203,0.0,0.050102663203398526,0.0,18.047821760177612
True,MIL,1.0,2,1.8,MIL_k1.00_s02.csv,541603.2239868001,5942433.376221499,217911490200.88202,1.0,7.637334852562966,222.78341386640687,270.82525568941645,0.0,0.0483556748794744,0.0,12.985222816467285
True,MIL,1.0,3,0.95,MIL_k1.00_s03.csv,501546.9283286,7728504.296369201,156710233384.06833,1.0,49.60974021952559,219.33554293950425,275.9490004789474,0.0,0.08514235920394524,0.0,21.128483057022095
True,MIL,1.0,3,1.1,MIL_k1.00_s03.csv,501546.9283286,7728504.296369201,165873361180.1181,1.0035692736595183,11.235822365800708,219.26608246764772,274.0134087961501,0.0,0.08168985579904046,0.004649327868575453,19.659078121185303
True,MIL,1.0,3,1.25,MIL_k1.00_s03.csv,501546.9283286,7728504.296369201,178787230967.95956,1.0,25.39205218266361,219.05538473428084,277.08896868211383,0.0,0.07712738438065812,0.0,22.935022830963135
True,MIL,1.0,3,1.4,MIL_k1.00_s03.csv,501546.9283286,7728504.296369201,194518291755.7328,1.0,48.17124378638107,219.5616029748079,271.759556639354,0.0,0.07118591176156912,0.0,16.539698839187622
True,MIL,1.0,3,1.55,MIL_k1.00_s03.csv,501546.9283286,7728504.296369201,211854076729.20703,1.0,4.953640478516092,219.97313937972712,263.72291597642,0.0,0.06971656079125449,0.0,15.521281957626343
True,MIL,1.0,3,1.7,MIL_k1.00_s03.csv,501546.9283286,7728504.296369201,233873192119.5647,1.0,10.040284372033817,219.5315803071121,263.9408686362197,0.0,0.06713442626753718,0.0,12.337716102600098
True,MIL,1.0,3,1.8,MIL_k1.00_s03.csv,501546.9283286,7728504.296369201,250870216924.2231,1.0,61.32605769345965,220.0607659137654,256.3373023795581,0.0,0.07560269196855321,0.0,11.08420991897583
True,MIL,1.0,4,0.95,MIL_k1.00_s04.csv,620563.1018780001,7196008.6707549,167438801828.4015,1.0,14.447209158713049,221.72943955420578,277.21865758563143,0.0,0.11012059432219878,0.0,20.097686767578125
True,MIL,1.0,4,1.1,MIL_k1.00_s04.csv,620563.1018780001,7196008.6707549,179923094310.6735,1.0,36.569409261019764,220.53675191592706,276.86985803207006,0.0,0.10780063178858784,0.0,16.93618893623352
True,MIL,1.0,4,1.25,MIL_k1.00_s04.csv,620563.1018780001,7196008.6707549,194919838057.9369,1.0,28.715723844802376,220.15499602362573,276.1973777829059,0.0,0.10189994063403972,0.0,17.318290948867798
True,MIL,1.0,4,1.4,MIL_k1.00_s04.csv,620563.1018780001,7196008.6707549,212738331148.59033,1.0,8.066021490015906,220.28863835873065,275.0150434160588,0.0,0.0991193856241337,0.0,13.87255597114563
True,MIL,1.0,4,1.55,MIL_k1.00_s04.csv,620563.1018780001,7196008.6707549,234449451780.67416,1.0,7.05902133248329,219.30203985692845,276.5591061736552,0.0,0.08895164196731564,0.0,13.679292917251587
True,MIL,1.0,4,1.7,MIL_k1.00_s04.csv,620563.1018780001,7196008.6707549,260004582944.42963,1.0,13.471056098349665,219.15816951537792,275.81916967497483,0.0,0.0839291446049983,0.0,13.802895069122314
True,MIL,1.0,4,1.8,MIL_k1.00_s04.csv,620563.1018780001,7196008.6707549,278764973726.62213,1.0,0.0,219.03372789964965,274.5783415404054,0.0,0.08357392176970314,0.0,12.550849676132202
True,MIL,1.15,1,0.95,MIL_k1.15_s01.csv,393395.45709121414,4703624.390846703,44693238667.95591,1.0,23.211242235819963,218.3832948102713,274.84710644114983,0.0,0.07385220791766012,0.0,26.373758792877197
True,MIL,1.15,1,1.1,MIL_k1.15_s01.csv,393395.45709121414,4703624.390846703,56168358853.533325,1.0,10.611277502456298,222.78386909475321,267.501174187305,0.0,0.07156639942516585,0.0,25.895710945129395
True,MIL,1.15,1,1.25,MIL_k1.15_s01.csv,393395.45709121414,4703624.390846703,72055680110.51584,1.0,16.078800944952054,221.47790196958368,266.50750974217556,0.0,0.07136679443908216,0.0,26.762469053268433
True,MIL,1.15,1,1.4,MIL_k1.15_s01.csv,393395.45709121414,4703624.390846703,91622099816.55284,1.0,11.060207044296908,212.12309822231427,272.5010063620259,0.0,0.07252005633476057,0.0,26.312351942062378
True,MIL,1.15,1,1.55,MIL_k1.15_s01.csv,393395.45709121414,4703624.390846703,114585541033.04501,1.0,19.31886483798762,210.66407708636729,271.65823999417063,0.0,0.0703269650478866,0.0,21.460526943206787
True,MIL,1.15,1,1.7,MIL_k1.15_s01.csv,393395.45709121414,4703624.390846703,141610141123.7174,1.0,79.43906693800143,207.51161868727345,273.79848082975826,0.10221517605834138,0.06762963471455981,0.0,20.481360912322998
True,MIL,1.15,1,1.8,MIL_k1.15_s01.csv,393395.45709121414,4703624.390846703,161144780801.25696,1.0,13.45027956613129,206.85647410814943,269.00926915794497,0.11436113493849062,0.06702356380116788,0.0,20.762021780014038
True,MIL,1.15,2,0.95,MIL_k1.15_s02.csv,532218.4001281003,9760774.183192112,216477760917.80807,1.0,15.080366905331028,221.24517168558742,284.11387186732384,0.0,0.08426374299394876,0.0,20.887842893600464
True,MIL,1.15,2,1.1,MIL_k1.15_s02.csv,532218.4001281003,9760774.183192112,226957329195.55807,1.0,6.141760139385973,220.98566135045226,281.13197558394364,0.0,0.08362281593838058,0.0,23.101979970932007
True,MIL,1.15,2,1.25,MIL_k1.15_s02.csv,532218.4001281003,9760774.183192112,240982487152.85645,1.0,20.621175598985722,221.3527613730473,273.22953132572593,0.0,0.08366866873603776,0.0,18.159403085708618
True,MIL,1.15,2,1.4,MIL_k1.15_s02.csv,532218.4001281003,9760774.183192112,257317637007.87778,1.0,0.7661323651424254,219.7686532019592,278.56506898719306,0.0,0.07833197469921135,0.0,14.726608276367188
True,MIL,1.15,2,1.55,MIL_k1.15_s02.csv,532218.4001281003,9760774.183192112,276920070945.26245,1.0,0.0,221.36843979946894,262.3314288823075,0.0,0.08141420928543361,0.0,12.495869874954224
True,MIL,1.15,2,1.7,MIL_k1.15_s02.csv,532218.4001281003,9760774.183192112,299523617034.3621,1.0,19.9088795948701,221.11518991018622,260.2178809621185,0.0,0.082090856931707,0.0,10.831437826156616
True,MIL,1.15,2,1.8,MIL_k1.15_s02.csv,532218.4001281003,9760774.183192112,316863505795.916,1.0,15.955472323183011,220.99868870710702,258.18673895734577,0.0,0.08407337949127922,0.0,14.39400601387024
True,MIL,1.15,3,0.95,MIL_k1.15_s03.csv,692754.0325100953,9837376.728756895,220486458611.6288,1.0,22.277094708147914,225.22928334904267,308.02342619775345,0.0,0.07620472191875485,0.0,21.18656611442566
True,MIL,1.15,3,1.1,MIL_k1.15_s03.csv,692754.0325100953,9837376.728756895,230942452787.7369,1.0,18.21189183273617,222.9999997350879,308.6553413903783,0.0,0.07251183314808836,0.0,19.4135000705719
True,MIL,1.15,3,1.25,MIL_k1.15_s03.csv,692754.0325100953,9837376.728756895,243827637197.30783,1.0,5.110394578183886,222.9712705893688,304.8412390990235,0.0,0.07060073114621515,0.0,20.55438494682312
True,MIL,1.15,3,1.4,MIL_k1.15_s03.csv,692754.0325100953,9837376.728756895,259938888981.3919,1.0,0.0,221.84566777833354,302.79714463820227,0.0,0.06315088336338162,0.0,16.98391604423523
True,MIL,1.15,3,1.55,MIL_k1.15_s03.csv,692754.0325100953,9837376.728756895,278995807023.94653,1.0,0.9962048921341093,219.6585603099569,298.9971518523796,0.0,0.06413507455411867,0.0,12.47587513923645
True,MIL,1.15,3,1.7,MIL_k1.15_s03.csv,692754.0325100953,9837376.728756895,301919834502.4713,1.0,17.669106997686274,219.45358966027388,295.1064993934055,0.0,0.06247435379798828,0.0,10.514825820922852
True,MIL,1.15,3,1.8,MIL_k1.15_s03.csv,692754.0325100953,9837376.728756895,318388138907.24,1.0,0.0,219.1420284993671,291.72772338059355,0.0,0.062055725677339,0.0,12.134189128875732
True,MIL,1.15,4,0.95,MIL_k1.15_s04.csv,692754.0325100953,12682158.963369539,292712522924.0464,1.0,12.376436955160754,223.69712480067136,267.49028433548057,0.0,0.10898449652227432,0.0,18.94846510887146
True,MIL,1.15,4,1.1,MIL_k1.15_s04.csv,692754.0325100953,12682158.963369539,301667954378.7736,1.0,59.88957672424095,223.20293602072945,265.112546702447,0.0,0.1049250277111494,2.2339917806091236e-05,18.122194051742554
True,MIL,1.15,4,1.25,MIL_k1.15_s04.csv,692754.0325100953,12682158.963369539,312154567015.9243,1.0,6.686742414152022,222.8646706609323,261.834372476621,0.0,0.1106156466333994,0.0,17.085474729537964
True,MIL,1.15,4,1.4,MIL_k1.15_s04.csv,692754.0325100953,12682158.963369539,325483157946.1045,1.0,1.4629811734557026,223.86271122792567,261.70000381426036,0.0,0.10465790325266146,0.0,15.024347305297852
True,MIL,1.15,4,1.55,MIL_k1.15_s04.csv,692754.0325100953,12682158.963369539,342101447472.20465,1.0,15.46757654120464,223.29751970350202,260.0744994013939,0.0,0.10481496497613958,0.0,14.758183240890503
True,MIL,1.15,4,1.7,MIL_k1.15_s04.csv,692754.0325100953,12682158.963369539,361215560889.5889,1.0,1.0588405737629532,223.74117000271917,259.0810146763308,0.0,0.10182344888306942,0.0,17.00278925895691
True,MIL,1.15,4,1.8,MIL_k1.15_s04.csv,692754.0325100953,12682158.963369539,375844766666.1325,1.0,2.113935962777688,223.66553944789638,258.3546397904727,0.0,0.10311158907984733,0.0,17.319238901138306
True,MIL,1.3,1,0.95,MIL_k1.30_s01.csv,764944.9631421906,14997529.382813191,408111537267.33954,1.0,8.4019457822974,224.17028399009547,296.48480654752973,0.0,0.06891502575287578,0.0,12.947877883911133
True,MIL,1.3,1,1.1,MIL_k1.30_s01.csv,764944.9631421906,14997529.382813191,418350900629.8725,1.0,3.0927508364010348,224.01625632423475,290.1231284697463,0.0,0.06933771142886648,0.0,13.911967992782593
True,MIL,1.3,1,1.25,MIL_k1.30_s01.csv,764944.9631421906,14997529.382813191,431426030311.10455,1.0,2.5203747599872393,224.20412428636254,282.8462153815916,0.0,0.06675589764281165,0.0,13.107038259506226
True,MIL,1.3,1,1.4,MIL_k1.30_s01.csv,764944.9631421906,14997529.382813191,448161859264.8431,1.0,19.123768677575722,224.0099930102175,285.92617312823876,0.0,0.06445491158178966,0.0,10.516742944717407
True,MIL,1.3,1,1.55,MIL_k1.30_s01.csv,764944.9631421906,14997529.382813191,466769575603.6331,1.0,0.0,224.00544700250623,278.1541531632163,0.0,0.06307115869869549,0.0,11.79235315322876
True,MIL,1.3,1,1.7,MIL_k1.30_s01.csv,764944.9631421906,14997529.382813191,490239927974.0453,1.0,28.830617305368335,224.34694022173943,275.74136751675906,0.0,0.06071290625465759,0.0,13.61256194114685
True,MIL,1.3,1,1.8,MIL_k1.30_s01.csv,764944.9631421906,14997529.382813191,506966084478.2683,1.0,15.16143544472634,223.97409888293382,277.77792065094224,0.0,0.05554578273735628,0.0,13.13161587715149
True,MIL,1.3,2,0.95,MIL_k1.30_s02.csv,662297.1218836305,13060487.704672765,294375584656.6801,1.0,47.65503930586126,234.00002427251354,273.2675108328452,0.0,0.10423568075368977,0.0,19.887817859649658
True,MIL,1.3,2,1.1,MIL_k1.30_s02.csv,662297.1218836305,13060487.704672765,305431844160.0027,1.0,9.242165812307356,233.07389856924425,274.7632149090484,0.0,0.10093600785299373,0.0,18.98326802253723
True,MIL,1.3,2,1.25,MIL_k1.30_s02.csv,662297.1218836305,13060487.704672765,319302008263.0261,1.0,16.742925547533765,233.26159706831595,271.19083863476123,0.0,0.10012287021422481,0.0,15.923710823059082
True,MIL,1.3,2,1.4,MIL_k1.30_s02.csv,662297.1218836305,13060487.704672765,336600100300.29407,1.0,8.790439413608443,233.38351858508526,268.35251417245865,0.0,0.09497996693165713,0.0,15.51478910446167
True,MIL,1.3,2,1.55,MIL_k1.30_s02.csv,662297.1218836305,13060487.704672765,356508144693.4795,1.0,3.9089838593362365,232.60538048708398,269.901804342989,0.0,0.09310440352231929,0.00012972626374688212,13.042153120040894
True,MIL,1.3,2,1.7,MIL_k1.30_s02.csv,662297.1218836305,13060487.704672765,380349978140.8995,1.0,2.0342679334255824,232.5652141412407,269.4655545261801,0.0,0.09175406603861268,0.0,14.563763856887817
True,MIL,1.3,2,1.8,MIL_k1.30_s02.csv,662297.1218836305,13060487.704672765,399050244913.76526,1.0,33.410613973955854,232.08879327028683,268.28917362043427,0.0,0.08935690848743237,0.0,10.203773975372314
True,MIL,1.3,3,0.95,MIL_k1.30_s03.csv,514848.94125557056,9685018.614970203,169851957911.37405,1.0,4.152662234058898,222.99663225914455,292.4157517117028,0.0,0.05763392485054799,0.0,26.74888801574707
True,MIL,1.3,3,1.1,MIL_k1.30_s03.csv,514848.94125557056,9685018.614970203,179835326889.66183,1.0,0.0,222.42798038579008,293.08346019761444,0.0,0.05432911815032588,0.0,25.84044599533081
True,MIL,1.3,3,1.25,MIL_k1.30_s03.csv,514848.94125557056,9685018.614970203,192822563257.71954,1.0,0.0,222.32975737489681,287.37395652650497,0.0,0.053537777025476775,0.0,24.433980226516724
True,MIL,1.3,3,1.4,MIL_k1.30_s03.csv,514848.94125557056,9685018.614970203,209622138203.65613,1.0,15.721412167961429,219.7177625209313,282.0266284864935,0.0,0.05614717277794646,0.0,22.070011854171753
True,MIL,1.3,3,1.55,MIL_k1.30_s03.csv,514848.94125557056,9685018.614970203,228175550335.3243,1.0,0.0,221.8102077651441,284.98123020358025,0.0,0.04752193821224654,0.0,21.18312096595764
True,MIL,1.3,3,1.7,MIL_k1.30_s03.csv,514848.94125557056,9685018.614970203,250929229788.8116,1.0,0.0,222.71214584582373,279.8192780562777,0.0,0.04561869674900025,0.0,20.87088704109192
True,MIL,1.3,3,1.8,MIL_k1.30_s03.csv,514848.94125557056,9685018.614970203,268784262015.55017,1.0,25.49809918329332,221.04728602177758,279.6388178724306,0.0,0.044799901053957154,0.0,14.981940984725952
True,MIL,1.3,4,0.95,MIL_k1.30_s04.csv,563700.5339678306,11271249.259100314,260467688627.99356,1.0,25.99469860260771,223.20776223507335,286.58017354905,0.0,0.08448312754397733,0.0,19.23407793045044
True,MIL,1.3,4,1.1,MIL_k1.30_s04.csv,563700.5339678306,11271249.259100314,271736361051.7893,1.0,18.745420084705543,223.81520862972212,286.71904907579693,0.0,0.07658033223087592,0.0,19.480206966400146
True,MIL,1.3,4,1.25,MIL_k1.30_s04.csv,563700.5339678306,11271249.259100314,285175712125.0745,1.0,0.0,223.05030986384654,283.87196153335276,0.0,0.07865496047239057,0.0,19.509443044662476
True,MIL,1.3,4,1.4,MIL_k1.30_s04.csv,563700.5339678306,11271249.259100314,302987771330.06805,1.0,10.931449184030226,224.43792075805132,283.1471991562931,0.0,0.07097051484835534,0.0,15.515657901763916
True,MIL,1.3,4,1.55,MIL_k1.30_s04.csv,563700.5339678306,11271249.259100314,323007060954.0239,1.0,0.0,223.0000722140692,280.6516702993153,0.0,0.07247454493965802,0.0,15.389471054077148
True,MIL,1.3,4,1.7,MIL_k1.30_s04.csv,563700.5339678306,11271249.259100314,347164940183.53314,1.0,0.0,223.0000004064255,276.9166136679073,0.0,0.07121899125132031,0.0,12.10526418685913
True,MIL,1.3,4,1.8,MIL_k1.30_s04.csv,563700.5339678306,11271249.259100314,365274272926.49164,1.0,9.747006868535077,223.16716230078563,277.0283265366191,0.0,0.06814750412978007,0.0,11.998044967651367
True,MIL,1.45,1,0.95,MIL_k1.45_s01.csv,664562.4421276558,14827281.557129985,405019569619.13745,1.0,6.372635431085814,225.9677501442198,300.7860502372965,0.0,0.08221290289888399,0.0,14.081098794937134
True,MIL,1.45,1,1.1,MIL_k1.45_s01.csv,664562.4421276558,14827281.557129985,416211176708.53064,1.0,24.998655185698386,225.26643485897617,296.1987784222176,0.0,0.0820225424094885,0.0,12.047863006591797
True,MIL,1.45,1,1.25,MIL_k1.45_s01.csv,664562.4421276558,14827281.557129985,429218919218.8347,1.0,0.0,225.02530260510343,293.03710072908336,0.0,0.07955393396903222,0.0,12.548163175582886
True,MIL,1.45,1,1.4,MIL_k1.45_s01.csv,664562.4421276558,14827281.557129985,446451840162.41846,1.0,22.78888041423839,225.0027419493288,291.30005982598317,0.0,0.07703381160352746,0.0,10.270950078964233
True,MIL,1.45,1,1.55,MIL_k1.45_s01.csv,664562.4421276558,14827281.557129985,465974337583.7877,1.0,8.059418270586193,224.98910485332456,289.48028267866965,0.0,0.07468691901598128,0.0,11.540109872817993
True,MIL,1.45,1,1.7,MIL_k1.45_s01.csv,664562.4421276558,14827281.557129985,489171105192.10645,1.0,0.0,224.99736908114835,287.6852920389077,0.0,0.07206472562561664,0.0,12.764770984649658
True,MIL,1.45,1,1.8,MIL_k1.45_s01.csv,664562.4421276558,14827281.557129985,506716137785.5742,1.0,0.0,224.63816313377976,286.47336565832416,0.0,0.07096271860172408,0.0,10.74963092803955
True,MIL,1.45,2,0.95,MIL_k1.45_s02.csv,837135.8937742857,8572794.335111296,197338751020.35892,1.0,0.0,217.1275710436874,323.79402206042386,0.0,0.0639245114398202,0.0,21.29366111755371
True,MIL,1.45,2,1.1,MIL_k1.45_s02.csv,837135.8937742857,8572794.335111296,210494897969.5764,1.0,13.959153747893954,216.99871113699518,306.0049464402638,0.0,0.06264285796248703,0.0,20.073805809020996
True,MIL,1.45,2,1.25,MIL_k1.45_s02.csv,837135.8937742857,8572794.335111296,226910684316.26785,1.0,22.40971722192359,216.9561482941026,308.3542838218086,0.0,0.0580875546883641,0.0,18.780920028686523
True,MIL,1.45,2,1.4,MIL_k1.45_s02.csv,837135.8937742857,8572794.335111296,245534684591.1577,1.0,0.0,217.1724434787421,299.0351225365505,0.0,0.05687175943102435,0.0,17.843127965927124
True,MIL,1.45,2,1.55,MIL_k1.45_s02.csv,837135.8937742857,8572794.335111296,268694462464.33594,1.0,18.763381104159336,217.59953606011433,294.48997603022264,0.0,0.05509387194854934,0.0,10.572427988052368
True,MIL,1.45,2,1.7,MIL_k1.45_s02.csv,837135.8937742857,8572794.335111296,295492364500.8713,1.0,36.50509937545121,218.50700516463573,289.8741116789836,0.0,0.05287897633079358,0.007078595642094616,10.901883840560913
True,MIL,1.45,2,1.8,MIL_k1.45_s02.csv,837135.8937742857,8572794.335111296,314673542411.0729,1.0,20.644830296954012,216.99999706409858,289.28291489839665,0.0,0.05184283879875343,0.0,13.380386114120483
True,MIL,1.45,3,0.95,MIL_k1.45_s03.csv,644315.3529295458,9076344.463214336,153253030464.11285,1.0,0.0,225.68471201932155,290.4634201800222,0.0,0.06174721291956731,0.0,26.47734498977661
True,MIL,1.45,3,1.1,MIL_k1.45_s03.csv,644315.3529295458,9076344.463214336,164999879026.24643,1.0,0.0,226.00003131221595,287.37873511229265,0.0,0.05988020141544307,0.0,25.58033800125122
True,MIL,1.45,3,1.25,MIL_k1.45_s03.csv,644315.3529295458,9076344.463214336,179881727765.85693,1.0,1.9613951792511561,225.62906364037048,283.92487089232475,0.0,0.05881296939123806,0.0,23.961116790771484
True,MIL,1.45,3,1.4,MIL_k1.45_s03.csv,644315.3529295458,9076344.463214336,197922524813.10278,1.0,0.0,225.44858516197039,279.84520083241944,0.0,0.056737716972741326,0.0,25.882401943206787
True,MIL,1.45,3,1.55,MIL_k1.45_s03.csv,644315.3529295458,9076344.463214336,219561041155.33987,1.0,4.594826112771821,225.00002329059663,278.0544377200882,0.0,0.0544405469612735,0.0022495613569465667,22.742263793945312
True,MIL,1.45,3,1.7,MIL_k1.45_s03.csv,644315.3529295458,9076344.463214336,244667044168.82513,1.0,3.9191571836255457,224.92866146634896,276.37034054503374,0.0,0.05090012113909965,0.0,22.712738037109375
True,MIL,1.45,3,1.8,MIL_k1.45_s03.csv,644315.3529295458,9076344.463214336,263366440847.5384,1.0,0.0,225.19290633553618,274.3928900396879,0.0,0.05004313746526747,0.0,17.82247304916382
True,MIL,1.45,4,0.95,MIL_k1.45_s04.csv,837135.8937742857,13197381.43888559,351400198774.68384,1.0,7.380386008185214,230.00060914529928,295.29609430165254,0.0,0.08185695211614907,0.0,12.270004987716675
True,MIL,1.45,4,1.1,MIL_k1.45_s04.csv,837135.8937742857,13197381.43888559,361875286118.67267,1.0,2.1293589113413898,229.2589870875576,290.9123205627113,0.0,0.08073297202557578,0.0,12.395748138427734
True,MIL,1.45,4,1.25,MIL_k1.45_s04.csv,837135.8937742857,13197381.43888559,375232924150.2579,1.0,8.021198672535908,229.00261071327063,289.3366169480353,0.0,0.07832527851596086,0.0,12.339062929153442
True,MIL,1.45,4,1.4,MIL_k1.45_s04.csv,837135.8937742857,13197381.43888559,391436248142.22986,1.0,1.8949615457300788,229.49606168526222,289.55811948077366,0.0,0.07280416661834851,0.0,10.021721839904785
True,MIL,1.45,4,1.55,MIL_k1.45_s04.csv,837135.8937742857,13197381.43888559,411465861629.7218,1.0,24.24173738552478,227.65366895517425,284.696562263025,0.0,0.07373569958984329,0.0,10.217494010925293
True,MIL,1.45,4,1.7,MIL_k1.45_s04.csv,837135.8937742857,13197381.43888559,433548897024.8762,1.0,1.8479421369225406,227.84579065912612,284.96586661165804,0.0,0.06763733600493443,0.0,9.881594896316528
True,MIL,1.45,4,1.8,MIL_k1.45_s04.csv,837135.8937742857,13197381.43888559,451185497539.3214,1.0,18.67012603270273,227.2955720645136,282.07383522028283,0.0,0.06722545972571466,0.0,11.604532957077026
True,MIL,1.6,1,0.95,MIL_k1.60_s01.csv,600568.903716461,13026052.532052435,281225579512.8918,1.0,42.666870585539236,231.95368641159743,280.44335828873136,0.0,0.07304467014629688,0.003969215037236824,21.71785807609558
True,MIL,1.6,1,1.1,MIL_k1.60_s01.csv,600568.903716461,13026052.532052435,292546482001.2224,1.0,17.966440548118637,231.82845475773095,277.26391484649974,0.0,0.07107864821522611,0.0,21.23836588859558
True,MIL,1.6,1,1.25,MIL_k1.60_s01.csv,600568.903716461,13026052.532052435,306598046853.0473,1.0,0.0,231.40282594647917,277.90188399191516,0.0,0.06631991161256447,0.0,21.951763153076172
True,MIL,1.6,1,1.4,MIL_k1.60_s01.csv,600568.903716461,13026052.532052435,324374736120.2178,1.0,2.025583939256176,231.16754743928698,276.2447366165418,0.0,0.0645968379465319,0.002012736620743688,18.496984004974365
True,MIL,1.6,1,1.55,MIL_k1.60_s01.csv,600568.903716461,13026052.532052435,346288436723.23517,1.0,27.60535336652438,231.12269996901048,274.3835085132476,0.0,0.06281468103938988,0.0,16.997140884399414
True,MIL,1.6,1,1.7,MIL_k1.60_s01.csv,600568.903716461,13026052.532052435,370215760444.4072,1.0,0.0,230.3010415871316,272.9210986753155,0.0,0.061287838024179246,0.0,15.324970006942749
True,MIL,1.6,1,1.8,MIL_k1.60_s01.csv,600568.903716461,13026052.532052435,389013771707.762,1.0,9.994612814092097,229.67760568221834,271.6379571645948,0.0,0.055419443776567545,0.0,11.817142009735107
True,MIL,1.6,2,0.95,MIL_k1.60_s02.csv,909326.824406381,13745267.94108878,390639400977.3167,1.0,14.519144571987583,222.98040619641864,272.3282682512163,0.0,0.10271451488799511,0.00012972626374688212,14.688232898712158
True,MIL,1.6,2,1.1,MIL_k1.60_s02.csv,909326.824406381,13745267.94108878,403443163328.954,1.0,12.222150253316991,222.75310849719736,271.2870170810617,0.0,0.1006108925884485,0.0,12.667140007019043
True,MIL,1.6,2,1.25,MIL_k1.60_s02.csv,909326.824406381,13745267.94108878,419089658765.0353,1.0,100.0,221.68918655364914,270.1929821077294,0.0,0.1064822998880535,0.0,15.706448793411255
True,MIL,1.6,2,1.4,MIL_k1.60_s02.csv,909326.824406381,13745267.94108878,438516084325.8534,1.0,5.193449547364394,221.8873545948244,269.05456063347344,0.0,0.09948039389498607,0.0,12.062397956848145
True,MIL,1.6,2,1.55,MIL_k1.60_s02.csv,909326.824406381,13745267.94108878,461610473690.77295,1.0,8.08323596278089,221.90922512918044,266.98077802174487,0.0,0.09625670959032365,0.0,11.72394609451294
True,MIL,1.6,2,1.7,MIL_k1.60_s02.csv,909326.824406381,13745267.94108878,488110836331.5111,1.0,93.18207220355701,222.15922633351977,264.84775016840445,0.0,0.1017504935325422,0.0,11.094728231430054
True,MIL,1.6,2,1.8,MIL_k1.60_s02.csv,909326.824406381,13745267.94108878,507323029715.8943,1.0,10.942572758441594,222.14885592994176,264.2938288974089,0.0,0.09705965596976977,0.0,12.712618112564087
True,MIL,1.6,3,0.95,MIL_k1.60_s03.csv,909326.824406381,10918707.26321769,245539396872.0217,1.0,9.804764849610171,232.61918512924652,290.4734974645196,0.0,0.06363983462792534,0.0,23.23708724975586
True,MIL,1.6,3,1.1,MIL_k1.60_s03.csv,909326.824406381,10918707.26321769,258064509324.52823,1.0,1.9707372792230233,230.95068374171765,283.9216267561119,0.0,0.06705261710060732,0.0,20.34774088859558
True,MIL,1.6,3,1.25,MIL_k1.60_s03.csv,909326.824406381,10918707.26321769,273537219248.85577,1.0,17.991568459357616,230.59499030752426,287.9278494682678,0.0,0.059362044329431714,0.009926225872544448,19.29080104827881
True,MIL,1.6,3,1.4,MIL_k1.60_s03.csv,909326.824406381,10918707.26321769,292112642273.69977,1.0,11.01728641910133,232.1234126128612,281.15952630232096,0.0,0.059283163351005266,0.0,14.185774803161621
True,MIL,1.6,3,1.55,MIL_k1.60_s03.csv,909326.824406381,10918707.26321769,313832107944.6262,1.0,0.046601199462458,229.1038489062225,284.3995002256973,0.0,0.055647394527357015,0.0,12.222545146942139
True,MIL,1.6,3,1.7,MIL_k1.60_s03.csv,909326.824406381,10918707.26321769,339550286268.62494,1.0,0.046601199462458,228.91113013971545,282.49974355896677,0.0,0.05304606174153007,0.0,11.007138013839722
True,MIL,1.6,3,1.8,MIL_k1.60_s03.csv,909326.824406381,10918707.26321769,358732300777.10834,1.0,0.0,228.35766929372662,281.2994652185685,0.0,0.05165132106255344,0.0,11.950106143951416
True,MIL,1.6,4,0.95,MIL_k1.60_s04.csv,782991.019780461,13768479.327987013,305755940385.327,1.0,15.437469237119055,226.99599442703823,281.0558668598834,0.0,0.07721525420061895,0.0,18.61734414100647
True,MIL,1.6,4,1.1,MIL_k1.60_s04.csv,782991.019780461,13768479.327987013,314747796920.3907,1.0,0.0,227.32652687160467,277.9710335242334,0.0,0.07652479915520595,0.0,20.717595100402832
True,MIL,1.6,4,1.25,MIL_k1.60_s04.csv,782991.019780461,13768479.327987013,327396406517.8808,1.0,19.592405891237203,226.3429113130791,278.4891438130537,0.0,0.07313086922889707,0.0,17.544326782226562
True,MIL,1.6,4,1.4,MIL_k1.60_s04.csv,782991.019780461,13768479.327987013,342112129459.78644,1.0,16.603552545601108,227.3952069469196,270.37511005552574,0.0,0.0780031095355049,0.0,17.186891078948975
True,MIL,1.6,4,1.55,MIL_k1.60_s04.csv,782991.019780461,13768479.327987013,359665445804.3462,1.0,0.0,227.57860625745823,269.1132308416782,0.0,0.07559342898748567,0.0,16.979709148406982
True,MIL,1.6,4,1.7,MIL_k1.60_s04.csv,782991.019780461,13768479.327987013,380898811064.5157,1.0,0.0,227.6989163051197,265.2649340668919,0.0,0.07429804920267705,0.0,11.171714782714844
True,MIL,1.6,4,1.8,MIL_k1.60_s04.csv,782991.019780461,13768479.327987013,396865005259.167,1.0,0.0,227.5806539334825,265.84384528807226,0.0,0.07280575313690474,0.0,11.624023914337158
True,MIL,1.8,1,0.95,MIL_k1.80_s01.csv,791352.2861935879,10657681.635747146,232381574768.20422,1.0,0.0,238.16102933343805,307.4295143567446,0.0,0.05799878566997345,0.0,21.59886407852173
True,MIL,1.8,1,1.1,MIL_k1.80_s01.csv,791352.2861935879,10657681.635747146,245818132240.59863,1.0,0.0,226.25174883009592,313.0632778847996,0.0,0.05943798905064704,0.0,22.99684500694275
True,MIL,1.8,1,1.25,MIL_k1.80_s01.csv,791352.2861935879,10657681.635747146,263424348214.74884,1.0,26.187658812676013,225.4713244471059,303.81418145684114,0.0,0.059012272059436835,0.0,19.318506002426147
True,MIL,1.8,1,1.4,MIL_k1.80_s01.csv,791352.2861935879,10657681.635747146,283672670668.6572,1.0,17.132851368507247,227.1290442273221,292.66178284543605,0.0,0.05683947516630706,0.0,19.15587306022644
True,MIL,1.8,1,1.55,MIL_k1.80_s01.csv,791352.2861935879,10657681.635747146,306825467638.1869,1.0,0.0,224.0238038471326,297.8573618287424,0.0,0.05436583705372073,0.0,17.16688895225525
True,MIL,1.8,1,1.7,MIL_k1.80_s01.csv,791352.2861935879,10657681.635747146,334622350642.72,1.0,9.275584356735685,223.95304212763733,295.8039346615823,0.0,0.05329498455275125,0.0,14.610817193984985
True,MIL,1.8,1,1.8,MIL_k1.80_s01.csv,791352.2861935879,10657681.635747146,354994596545.0549,1.0,0.0,224.44250811221903,292.48384732429133,0.0,0.05217123492467873,0.0,13.431682109832764
True,MIL,1.8,2,0.95,MIL_k1.80_s02.csv,863453.6183783482,22686641.946635295,624259206086.1143,1.0,79.5202673025195,228.19730528529143,258.72452877949655,0.0,0.11592251863799914,0.0,8.932257175445557
True,MIL,1.8,2,1.1,MIL_k1.80_s02.csv,863453.6183783482,22686641.946635295,632854445213.0269,1.0,14.116386907208659,228.7089607117735,258.6098076572622,0.0,0.11539026705140379,0.0,10.782429933547974
True,MIL,1.8,2,1.25,MIL_k1.80_s02.csv,863453.6183783482,22686641.946635295,644302114421.7494,1.0,9.469635653114796,228.713779153206,256.9580218187545,0.0,0.1143945736179698,0.0,12.125489950180054
True,MIL,1.8,2,1.4,MIL_k1.80_s02.csv,863453.6183783482,22686641.946635295,659664134790.5468,1.0,9.093489367234078,228.29195091723432,256.60145680354714,0.0,0.11297245442998376,0.0,11.872517108917236
True,MIL,1.8,2,1.55,MIL_k1.80_s02.csv,863453.6183783482,22686641.946635295,678301934840.0327,1.0,4.1586873048685575,228.63916639877095,255.77549697898115,0.0,0.11081755260070841,0.0,13.233413934707642
True,MIL,1.8,2,1.7,MIL_k1.80_s02.csv,863453.6183783482,22686641.946635295,699692850428.6327,1.0,8.150797600715682,228.40628812648455,255.57103219723206,0.0,0.10665549706036474,0.0,11.624969005584717
True,MIL,1.8,2,1.8,MIL_k1.80_s02.csv,863453.6183783482,22686641.946635295,715614198749.6615,1.0,3.138150887752164,228.4810492238862,254.99722282747499,0.0,0.10610543114304657,0.0,12.078099012374878
True,MIL,1.8,3,0.95,MIL_k1.80_s03.csv,619815.140101328,11312489.517753564,215356193181.87256,1.0,55.31010496935925,225.9344772178518,282.5489877409079,0.0,0.07804044145448047,0.0,23.217835187911987
True,MIL,1.8,3,1.1,MIL_k1.80_s03.csv,619815.140101328,11312489.517753564,227723090709.54984,1.0,0.0,224.95983686962154,287.1870570240916,0.0,0.07162519785392975,0.0,22.169721126556396
True,MIL,1.8,3,1.25,MIL_k1.80_s03.csv,619815.140101328,11312489.517753564,242771792303.502,1.0,9.7937405210947,225.4744058122562,279.59400259750237,0.0,0.07351655480889041,0.0,21.517568826675415
True,MIL,1.8,3,1.4,MIL_k1.80_s03.csv,619815.140101328,11312489.517753564,262247475990.95758,1.0,21.30462782701711,226.7263661944349,277.3278540425276,0.0,0.07053556469384295,0.0,20.47513222694397
True,MIL,1.8,3,1.55,MIL_k1.80_s03.csv,619815.140101328,11312489.517753564,284560951616.54236,1.0,18.25331359309705,225.05486739817533,276.15777298377736,0.0,0.06988948154346487,0.0,22.912608861923218
True,MIL,1.8,3,1.7,MIL_k1.80_s03.csv,619815.140101328,11312489.517753564,310418349686.7942,1.0,3.4799010243227575,224.8414480044126,272.3997384683165,0.0,0.0689156196298706,0.0,17.028986930847168
True,MIL,1.8,3,1.8,MIL_k1.80_s03.csv,619815.140101328,11312489.517753564,330691046789.1732,1.0,27.267188096391365,226.4623364229378,270.98055190603526,0.0,0.06518158701815681,0.0,12.249964952468872
True,MIL,1.8,4,0.95,MIL_k1.80_s04.csv,754308.234854168,19232351.984586067,540107505992.58923,1.0,1.041990499533402,226.9999995991666,270.3936047687708,0.0,0.08054582693226499,0.0,11.78051471710205
True,MIL,1.8,4,1.1,MIL_k1.80_s04.csv,754308.234854168,19232351.984586067,551121954832.2726,1.0,0.6387670251543002,226.31772521528816,270.2215585666472,0.0,0.0774094598278442,0.0,11.149980783462524
True,MIL,1.8,4,1.25,MIL_k1.80_s04.csv,754308.234854168,19232351.984586067,565384259023.6152,1.0,1.0979124207218858,226.56370029909274,269.11035215291537,0.0,0.07360665127232813,0.0,12.76294207572937
True,MIL,1.8,4,1.4,MIL_k1.80_s04.csv,754308.234854168,19232351.984586067,582737908293.7108,1.0,1.7802253368800578,226.1064369747208,267.1440854957698,0.0,0.07480560044240958,0.0,11.524642944335938
True,MIL,1.8,4,1.55,MIL_k1.80_s04.csv,754308.234854168,19232351.984586067,603948780900.7384,1.0,14.512356851761156,226.24548952509838,265.2265379222519,0.0,0.07176076452355268,0.0,9.278595924377441
True,MIL,1.8,4,1.7,MIL_k1.80_s04.csv,754308.234854168,19232351.984586067,627930779398.4761,1.0,0.0,225.73247199893208,264.79655842014256,0.0,0.06911953266426421,0.0,11.708727836608887
True,MIL,1.8,4,1.8,MIL_k1.80_s04.csv,754308.234854168,19232351.984586067,646823050957.6373,1.0,3.6881923076284377,225.62299954866117,265.5093628870573,0.0,0.06563580805829426,0.0,9.829230070114136
True,MIL,2.0,1,0.95,MIL_k2.00_s01.csv,1101835.972758635,21917227.27956708,657192076494.197,1.0,6.235156240892028,229.96274561902294,282.0753780709934,0.0,0.0735150267743495,0.0,12.903269052505493
True,MIL,2.0,1,1.1,MIL_k2.00_s01.csv,1101835.972758635,21917227.27956708,668073231967.9442,1.0,2.5885575677108858e-05,229.9993882497677,280.2456464246607,0.0,0.07143009797776978,0.0,12.759828090667725
True,MIL,2.0,1,1.25,MIL_k2.00_s01.csv,1101835.972758635,21917227.27956708,682334534411.2172,1.0,25.969324373405282,229.72346465405573,278.1219654668433,0.0,0.07028909855414271,0.0,11.149165868759155
True,MIL,2.0,1,1.4,MIL_k2.00_s01.csv,1101835.972758635,21917227.27956708,699044778467.7749,1.0,13.03099718011408,229.9511138612661,274.72503549844134,0.0,0.06989292086205785,0.0,12.22300386428833
True,MIL,2.0,1,1.55,MIL_k2.00_s01.csv,1101835.972758635,21917227.27956708,719077309416.2653,1.0,0.0,229.94917793438339,273.32099379781897,0.0,0.06764812022985321,0.0,10.977075815200806
True,MIL,2.0,1,1.7,MIL_k2.00_s01.csv,1101835.972758635,21917227.27956708,743165431294.1819,1.0,0.0,230.16295791123824,263.7608578492136,0.0,0.06962512531775705,0.0,11.034722089767456
True,MIL,2.0,1,1.8,MIL_k2.00_s01.csv,1101835.972758635,21917227.27956708,760710253888.9447,1.0,0.0,230.51484550199672,264.2692051945797,0.0,0.06835904462207479,0.0,10.29722285270691
True,MIL,2.0,2,0.95,MIL_k2.00_s02.csv,1101835.972758635,15922580.66716496,447601339085.47644,1.0,15.450555876630988,224.5710683384353,290.583724284765,0.0,0.06675238935837698,0.0,12.696789979934692
True,MIL,2.0,2,1.1,MIL_k2.00_s02.csv,1101835.972758635,15922580.66716496,460426052156.0302,1.0,15.04131266727223,223.0014888175007,296.5282111116302,0.0,0.0618006623083609,0.0,11.239459037780762
True,MIL,2.0,2,1.25,MIL_k2.00_s02.csv,1101835.972758635,15922580.66716496,475788379938.0746,1.0,0.0,224.3737562674429,285.49177116934067,0.0,0.06308690825409344,0.0,10.40865707397461
True,MIL,2.0,2,1.4,MIL_k2.00_s02.csv,1101835.972758635,15922580.66716496,495113526549.6918,1.0,0.7661323651424254,224.06494374647744,283.56065149669126,0.0,0.06045418569759466,0.0,10.689951181411743
True,MIL,2.0,2,1.55,MIL_k2.00_s02.csv,1101835.972758635,15922580.66716496,518680308762.31506,1.0,0.6258754515795673,223.99966417305873,276.6473201966548,0.0,0.06062002976578182,0.0,10.730215787887573
True,MIL,2.0,2,1.7,MIL_k2.00_s02.csv,1101835.972758635,15922580.66716496,545043113938.0102,1.0,11.855788664330433,223.50946933203466,282.1919871657673,0.0,0.055525921828212546,0.0,10.776167154312134
True,MIL,2.0,2,1.8,MIL_k2.00_s02.csv,1101835.972758635,15922580.66716496,564428257832.9905,1.0,5.714643822704144,223.98967705478444,277.4004061398261,0.0,0.053686305401090643,0.0,10.307188034057617
True,MIL,2.0,3,0.95,MIL_k2.00_s03.csv,1101835.972758635,16209516.06810517,435335709901.8304,1.0,15.269727953209356,230.4872793016838,267.854957498215,0.0,0.0962939231100082,0.0,16.368402004241943
True,MIL,2.0,3,1.1,MIL_k2.00_s03.csv,1101835.972758635,16209516.06810517,447592076362.5992,1.0,14.392520742516666,230.3938758161014,261.07318291622664,0.0,0.09551371220987383,0.0,13.254961252212524
True,MIL,2.0,3,1.25,MIL_k2.00_s03.csv,1101835.972758635,16209516.06810517,463343406122.94836,1.0,23.562049240275066,230.38624470601155,261.34556735388117,0.0,0.09221699795931594,0.0,12.792527198791504
True,MIL,2.0,3,1.4,MIL_k2.00_s03.csv,1101835.972758635,16209516.06810517,481746885739.1253,1.0,2.6755003411343625,230.2420642587675,260.38659685199224,0.0,0.09183172936785236,0.0,13.326175928115845
True,MIL,2.0,3,1.55,MIL_k2.00_s03.csv,1101835.972758635,16209516.06810517,504662604015.0137,1.0,30.027330034860444,230.332378172599,259.0925245467175,0.0,0.08819587413331655,0.0007948324308748658,10.97182321548462
True,MIL,2.0,3,1.7,MIL_k2.00_s03.csv,1101835.972758635,16209516.06810517,530041237079.692,1.0,0.00011128357959161652,230.42865438955164,259.05468471321115,0.0,0.0844587551144743,0.0,15.063060998916626
True,MIL,2.0,3,1.8,MIL_k2.00_s03.csv,1101835.972758635,16209516.06810517,549142093448.05164,1.0,0.0,230.21903853447944,255.35311840169604,0.0,0.08365548052777518,0.0,14.220540761947632
True,MIL,2.0,4,0.95,MIL_k2.00_s04.csv,746730.657669435,12874375.475962952,333554804896.3167,1.0,86.37010172723924,233.92024360119788,282.3887284309343,0.0,0.0758478054957527,0.0,11.1337890625
True,MIL,2.0,4,1.1,MIL_k2.00_s04.csv,746730.657669435,12874375.475962952,347968202216.52954,1.0,90.17254188820114,234.35717668191967,274.36564755994465,0.0,0.07718109636089099,0.0,10.002088785171509
True,MIL,2.0,4,1.25,MIL_k2.00_s04.csv,746730.657669435,12874375.475962952,365827169620.72504,1.0,2.7552123553356123,233.59932250737953,273.08231183699985,0.0,0.07322387588294077,0.0,10.081615924835205
True,MIL,2.0,4,1.4,MIL_k2.00_s04.csv,746730.657669435,12874375.475962952,387101628147.60846,1.0,1.1676631358370013,234.00103475687246,271.86824747687444,0.0,0.0701703409850037,0.0,12.936367273330688
True,MIL,2.0,4,1.55,MIL_k2.00_s04.csv,746730.657669435,12874375.475962952,412001053230.7155,1.0,3.3401006211459157,233.61967424211284,270.61321718543013,0.0,0.0688238146084801,0.0,10.742091178894043
True,MIL,2.0,4,1.7,MIL_k2.00_s04.csv,746730.657669435,12874375.475962952,440863913841.1057,1.0,18.199300060501994,232.9849655058662,269.3471820002105,0.0,0.0680179741090617,0.0,13.789337873458862
True,MIL,2.0,4,1.8,MIL_k2.00_s04.csv,746730.657669435,12874375.475962952,461595483207.52075,1.0,15.169433457820476,234.1428561281807,265.03137875303736,0.0,0.07058657352779026,0.0,12.121509790420532
True,MIL,2.2,1,0.95,MIL_k2.20_s01.csv,1198090.546934762,22780510.163823042,667100531190.4948,1.0,3.063365022188604,232.79365206160062,283.64606469420204,0.0,0.07564142771059662,0.0,13.335722923278809
True,MIL,2.2,1,1.1,MIL_k2.20_s01.csv,1198090.546934762,22780510.163823042,678576398871.8058,1.0,8.823192462552885,232.73117265061003,281.99208764530545,0.0,0.07348365584265194,0.0,11.58670687675476
True,MIL,2.2,1,1.25,MIL_k2.20_s01.csv,1198090.546934762,22780510.163823042,692874593319.4508,1.0,8.511004490865366,232.42103236780164,280.335083505934,0.0,0.07237446331667591,0.0,13.24007797241211
True,MIL,2.2,1,1.4,MIL_k2.20_s01.csv,1198090.546934762,22780510.163823042,710518746328.5721,1.0,14.558363379172679,232.348999791101,278.2135392743112,0.0,0.07031122559280552,0.0,10.237829208374023
True,MIL,2.2,1,1.55,MIL_k2.20_s01.csv,1198090.546934762,22780510.163823042,731206795328.9268,1.0,14.019682272880814,232.33168732034227,277.38542528570304,0.0,0.06681151147825029,0.0,11.50654125213623
True,MIL,2.2,1,1.7,MIL_k2.20_s01.csv,1198090.546934762,22780510.163823042,753649660012.1473,1.0,0.0,233.9730927915897,265.76385746632144,0.0,0.07517388721087548,0.0,10.953174829483032
True,MIL,2.2,1,1.8,MIL_k2.20_s01.csv,1198090.546934762,22780510.163823042,772060675153.3324,1.0,31.685658173535202,233.42669180570525,263.4073692958387,0.0,0.07669738672433876,0.0021356752085963243,10.628508806228638
True,MIL,2.2,2,0.95,MIL_k2.20_s02.csv,1034449.297392002,13865781.2298603,358308136340.6925,1.0,0.0,220.9997976526715,301.3805319769026,0.0,0.07112617565840913,0.0,15.619767904281616
True,MIL,2.2,2,1.1,MIL_k2.20_s02.csv,1034449.297392002,13865781.2298603,371436468803.83887,1.0,9.18099648037865,221.00000455728622,304.11369965786247,0.0,0.06504130355958548,0.0,12.701807975769043
True,MIL,2.2,2,1.25,MIL_k2.20_s02.csv,1034449.297392002,13865781.2298603,387296648428.86957,1.0,0.0,221.00415993372397,293.5824630799589,0.0,0.06605792282460601,0.0,14.961333990097046
True,MIL,2.2,2,1.4,MIL_k2.20_s02.csv,1034449.297392002,13865781.2298603,407237907570.3722,1.0,0.0,220.99999962763638,285.6222226673695,0.0,0.06611931711396574,0.0,12.005437135696411
True,MIL,2.2,2,1.55,MIL_k2.20_s02.csv,1034449.297392002,13865781.2298603,430756770630.36816,1.0,0.07062952810847634,221.9662825648649,288.2906673239087,0.0,0.05999678903531624,0.0,13.467930316925049
True,MIL,2.2,2,1.7,MIL_k2.20_s02.csv,1034449.297392002,13865781.2298603,458188398098.3214,1.0,3.3627509364555395,220.29643613932998,281.9819362657128,0.0,0.06466429464649621,0.0,11.587897777557373
True,MIL,2.2,2,1.8,MIL_k2.20_s02.csv,1034449.297392002,13865781.2298603,478447330095.16095,1.0,14.376750608990433,221.01627012716423,283.18415538664965,0.0,0.058580460565385545,1.642335089158676e-06,10.689264059066772
True,MIL,2.2,3,0.95,MIL_k2.20_s03.csv,774851.1252804821,13484897.620767409,267882606159.3859,1.0,15.060557787605932,226.60901721874296,285.0196998801323,0.0,0.06091954258749722,0.0,25.729032278060913
True,MIL,2.2,3,1.1,MIL_k2.20_s03.csv,774851.1252804821,13484897.620767409,279287188403.7431,1.0,6.587942993474063,224.8877173425564,280.6241242571023,0.0,0.061196397919596475,0.0,23.40002202987671
True,MIL,2.2,3,1.25,MIL_k2.20_s03.csv,774851.1252804821,13484897.620767409,294110562405.1551,1.0,3.943498691078595,224.14744036743883,278.53565065832964,0.0,0.060266268745560826,0.0,21.012322187423706
True,MIL,2.2,3,1.4,MIL_k2.20_s03.csv,774851.1252804821,13484897.620767409,312343852437.4955,1.0,0.0,223.55105109188267,276.6123356140567,0.0,0.05828648965470183,0.002639394809226786,22.123689889907837
True,MIL,2.2,3,1.55,MIL_k2.20_s03.csv,774851.1252804821,13484897.620767409,334965864539.72925,1.0,10.994232676409371,223.32531585023582,271.8682076423602,0.0,0.056291295332470286,0.0,18.60208511352539
True,MIL,2.2,3,1.7,MIL_k2.20_s03.csv,774851.1252804821,13484897.620767409,360130246529.8722,1.0,12.914618569648725,223.0266464648243,272.2159557023166,0.0,0.05429349973485402,0.0,17.75825810432434
True,MIL,2.2,3,1.8,MIL_k2.20_s03.csv,774851.1252804821,13484897.620767409,379155526251.7804,1.0,5.009653250234036,223.09526239508676,270.6147331454028,0.0,0.053023295702544715,0.0,17.074219942092896
True,MIL,2.2,4,0.95,MIL_k2.20_s04.csv,1019378.352828162,20773225.118342694,618760833513.6432,1.0,28.656738824622035,228.99602410415727,276.50985387281605,0.0,0.07060965629385947,0.0,10.683116674423218
True,MIL,2.2,4,1.1,MIL_k2.20_s04.csv,1019378.352828162,20773225.118342694,630942325036.0752,1.0,0.9626650802249423,229.81739062347293,266.46335804659515,0.0,0.07100713584779944,0.0,10.945066213607788
True,MIL,2.2,4,1.25,MIL_k2.20_s04.csv,1019378.352828162,20773225.118342694,646396691068.4269,1.0,12.74294696972055,229.8164760703699,264.81082644388806,0.0,0.07073690947399612,0.0,10.12044095993042
True,MIL,2.2,4,1.4,MIL_k2.20_s04.csv,1019378.352828162,20773225.118342694,665218405524.4415,1.0,0.0,229.55321311451286,263.8042594749625,0.0,0.06871563318064675,0.0,12.305848121643066
True,MIL,2.2,4,1.55,MIL_k2.20_s04.csv,1019378.352828162,20773225.118342694,688092832648.6274,1.0,1.0020657588848754,228.96380012923305,267.1207259596535,0.0,0.06446664674908101,0.0,11.260878801345825
True,MIL,2.2,4,1.7,MIL_k2.20_s04.csv,1019378.352828162,20773225.118342694,714535580431.897,1.0,0.9984149636728572,229.0000000796695,267.1256378078034,0.0,0.06180388507542309,0.0,8.909291982650757
True,MIL,2.2,4,1.8,MIL_k2.20_s04.csv,1019378.352828162,20773225.118342694,733507356530.9785,1.0,0.0,229.56497501368995,259.09668164256385,0.0,0.06521302014297803,0.0,14.446946859359741
True,MIL,2.5,1,0.95,MIL_k2.50_s01.csv,1342472.4081989524,23328887.162686165,675699911698.4939,1.0,6.886769237812244e-06,238.60220745621024,283.34134887072156,0.0,0.06578827223390424,0.0,10.707571983337402
True,MIL,2.5,1,1.1,MIL_k2.50_s01.csv,1342472.4081989524,23328887.162686165,688320900340.0779,1.0,0.0,237.94240965638113,277.572835622919,0.0,0.0655508131143915,0.0,10.831024169921875
True,MIL,2.5,1,1.25,MIL_k2.50_s01.csv,1342472.4081989524,23328887.162686165,705438746048.2465,1.0,62.0870533029815,238.01031974621517,275.39927313475437,0.0,0.06380323328653358,0.0,11.543944835662842
True,MIL,2.5,1,1.4,MIL_k2.50_s01.csv,1342472.4081989524,23328887.162686165,723506275047.5178,1.0,8.301641302593305,237.7247210761681,274.14424641375996,0.0,0.061921840040069544,0.0,12.636951208114624
True,MIL,2.5,1,1.55,MIL_k2.50_s01.csv,1342472.4081989524,23328887.162686165,746010536106.8547,1.0,97.0653322562331,239.52573565833433,259.17248219710314,0.0,0.06644258498330277,0.0,11.665992975234985
True,MIL,2.5,1,1.7,MIL_k2.50_s01.csv,1342472.4081989524,23328887.162686165,772057658170.2739,1.0,97.10459303119603,239.81275331462865,256.58375099991906,0.0,0.06435606220517634,0.0,12.850809097290039
True,MIL,2.5,1,1.8,MIL_k2.50_s01.csv,1342472.4081989524,23328887.162686165,789637824564.9165,1.0,0.0,239.34404017993637,258.31415201961556,0.0,0.061042159430670005,0.0,12.649453163146973
True,MIL,2.5,2,0.95,MIL_k2.50_s02.csv,1342472.4081989524,20513471.265555177,567901800869.7565,1.0,86.10950846802076,231.00000377090737,295.3201429381325,0.0,0.061185617204845236,0.0,10.77427887916565
True,MIL,2.5,2,1.1,MIL_k2.50_s02.csv,1342472.4081989524,20513471.265555177,581564290159.5159,1.0,13.589405449414425,232.07657708865466,294.00727350962393,0.0,0.05628439554878379,0.0,8.812782049179077
True,MIL,2.5,2,1.25,MIL_k2.50_s02.csv,1342472.4081989524,20513471.265555177,598083061145.3424,1.0,13.102564643373388,230.80000277138467,287.9290303199589,0.0,0.05625909814698411,0.00012972626374688212,11.426424980163574
True,MIL,2.5,2,1.4,MIL_k2.50_s02.csv,1342472.4081989524,20513471.265555177,618071473077.0251,1.0,10.909966990138775,230.0430179660138,285.5679907176321,0.0,0.055108842848877716,0.0,11.94757604598999
True,MIL,2.5,2,1.55,MIL_k2.50_s02.csv,1342472.4081989524,20513471.265555177,642479410505.1079,1.0,80.41839784704601,229.99999887607783,282.59312089061143,0.0,0.05422173587634151,0.0,9.806972980499268
True,MIL,2.5,2,1.7,MIL_k2.50_s02.csv,1342472.4081989524,20513471.265555177,669671556884.029,1.0,40.96850369833808,229.58688596824862,280.502772201386,0.0,0.05150784344467569,0.0,9.22100305557251
True,MIL,2.5,2,1.8,MIL_k2.50_s02.csv,1342472.4081989524,20513471.265555177,689305988242.6451,1.0,6.350867007162175,230.55235503048684,268.23653752267785,0.0,0.05271938867286556,0.0,9.928075075149536
True,MIL,2.5,3,0.95,MIL_k2.50_s03.csv,1342472.4081989524,18481109.814517397,564677758875.8495,1.0,2.4159124240739445,228.27720523422815,324.8999970049495,0.0,0.05475317076122742,0.0,10.400849103927612
True,MIL,2.5,3,1.1,MIL_k2.50_s03.csv,1342472.4081989524,18481109.814517397,579188325774.4579,1.0,5.384852455750863,226.05690078007842,340.7153141308207,0.0,0.05041852339686567,0.0,11.93703818321228
True,MIL,2.5,3,1.25,MIL_k2.50_s03.csv,1342472.4081989524,18481109.814517397,596340737738.4219,1.0,0.0,224.32533535943767,323.19500919496124,0.0,0.05029337104264759,0.0,12.010885000228882
True,MIL,2.5,3,1.4,MIL_k2.50_s03.csv,1342472.4081989524,18481109.814517397,617443813898.2335,1.0,31.191091353220756,228.14240054698317,304.2052879228681,0.0,0.048355210313200815,0.0,10.889117002487183
True,MIL,2.5,3,1.55,MIL_k2.50_s03.csv,1342472.4081989524,18481109.814517397,641431612455.8198,1.0,24.142986334836177,227.22854973248909,293.26201649352646,0.0,0.04855650638796336,0.004505424728791151,9.112125873565674
True,MIL,2.5,3,1.7,MIL_k2.50_s03.csv,1342472.4081989524,18481109.814517397,669224306524.7909,1.0,20.187337928356957,226.34172792607248,298.43976288645933,0.0,0.044236222442428925,0.0027781333565940008,11.104439973831177
True,MIL,2.5,3,1.8,MIL_k2.50_s03.csv,1342472.4081989524,18481109.814517397,689649550219.6912,1.0,9.56050967410172,226.45944873441394,295.22695121034883,0.0,0.0430812983033984,0.0,10.304357767105103
True,MIL,2.5,4,0.95,MIL_k2.50_s04.csv,1321169.7916387026,31003656.763533577,899792977403.0057,1.0,1.1805808294709141,225.42880032398207,269.42508771233975,0.0,0.0669222933790973,0.0,10.644032001495361
True,MIL,2.5,4,1.1,MIL_k2.50_s04.csv,1321169.7916387026,31003656.763533577,908901523711.1825,1.0,90.4633339116013,225.00000042452723,264.3965620173772,0.0,0.06887970672750592,0.0,10.133397102355957
True,MIL,2.5,4,1.25,MIL_k2.50_s04.csv,1321169.7916387026,31003656.763533577,920909419181.6608,1.0,92.61451115917116,225.5393628252253,262.375909510767,0.0,0.06666539512553529,0.0,9.225200891494751
True,MIL,2.5,4,1.4,MIL_k2.50_s04.csv,1321169.7916387026,31003656.763533577,936242719232.6736,1.0,90.47423757877655,224.82475938291236,264.36928384846595,0.0,0.06339783224646184,0.0,9.60444974899292
True,MIL,2.5,4,1.55,MIL_k2.50_s04.csv,1321169.7916387026,31003656.763533577,953910680045.8182,1.0,10.426373805457413,224.96358906311593,256.38562050802295,0.0,0.06120348255215401,0.0,10.283594131469727
True,MIL,2.5,4,1.7,MIL_k2.50_s04.csv,1321169.7916387026,31003656.763533577,976100863263.0791,1.0,0.0,224.1762573068776,256.53764156275844,0.0,0.06003042640753422,0.0,11.042619943618774
True,MIL,2.5,4,1.8,MIL_k2.50_s04.csv,1321169.7916387026,31003656.763533577,992596035672.7715,1.0,5.999982604449005,223.1908409348009,254.59142945230326,0.0,0.0592445487353981,0.0,11.356372833251953
True,MIL,2.9,1,0.95,MIL_k2.90_s01.csv,1189834.6532579465,20643336.03947618,546988570913.41614,1.0,8.043699176100622,234.0267261184101,301.79452826218846,0.0,0.057234531721131014,0.0,16.72875428199768
True,MIL,2.9,1,1.1,MIL_k2.90_s01.csv,1189834.6532579465,20643336.03947618,561412195106.7106,1.0,9.842813573001543,233.91046170237973,291.0660905735856,0.0,0.05595692258124272,0.0,15.163490056991577
True,MIL,2.9,1,1.25,MIL_k2.90_s01.csv,1189834.6532579465,20643336.03947618,579460927609.9696,1.0,4.584147321146135,233.70519215590062,285.2493894505949,0.0,0.05577109206232561,0.0,11.271451950073242
True,MIL,2.9,1,1.4,MIL_k2.90_s01.csv,1189834.6532579465,20643336.03947618,601347956849.4873,1.0,17.95451340497084,231.9999999859585,284.0158938054384,0.0,0.05499113080993797,0.0,11.383996963500977
True,MIL,2.9,1,1.55,MIL_k2.90_s01.csv,1189834.6532579465,20643336.03947618,626249984285.9233,1.0,0.0,232.00000012740665,282.8318260611076,0.0,0.051873103247257836,0.0,10.785847902297974
True,MIL,2.9,1,1.7,MIL_k2.90_s01.csv,1189834.6532579465,20643336.03947618,656081716386.3291,1.0,25.044086606112792,231.46487583471375,279.85201911301385,0.0,0.05073921426918502,0.0,11.868734121322632
True,MIL,2.9,1,1.8,MIL_k2.90_s01.csv,1189834.6532579465,20643336.03947618,677811730035.68,1.0,17.438104456614337,229.7840627720352,280.8927297752748,0.0,0.04914994755192211,0.0,11.879455327987671
True,MIL,2.9,2,0.95,MIL_k2.90_s02.csv,1534981.5565512066,26381270.104319442,809780202448.2595,1.0,14.25390238544405,224.13774609776144,296.9624009724044,0.0,0.059029567382162536,0.0,10.92302918434143
True,MIL,2.9,2,1.1,MIL_k2.90_s02.csv,1534981.5565512066,26381270.104319442,823719567716.4587,1.0,15.757044024505268,224.01508392600002,294.1463037483991,0.0,0.05688986048785781,0.0,10.138123989105225
True,MIL,2.9,2,1.25,MIL_k2.90_s02.csv,1534981.5565512066,26381270.104319442,840985610831.0491,1.0,21.50961586326863,223.81287084242234,283.0616649691461,0.0,0.0567523431864006,0.0,10.426848888397217
True,MIL,2.9,2,1.4,MIL_k2.90_s02.csv,1534981.5565512066,26381270.104319442,861176666296.9065,1.0,0.0,223.33842727450246,282.99745408913924,0.0,0.05536346991900321,0.0,9.7200448513031
True,MIL,2.9,2,1.55,MIL_k2.90_s02.csv,1534981.5565512066,26381270.104319442,886339098088.055,1.0,11.451927462589834,223.38288824713317,269.90385961333465,0.0,0.055189843627798274,0.0,10.286699056625366
True,MIL,2.9,2,1.7,MIL_k2.90_s02.csv,1534981.5565512066,26381270.104319442,913593879932.1031,1.0,0.0,222.79724570892515,274.85259910080015,0.0,0.05218629339414221,0.0,11.585888862609863
True,MIL,2.9,2,1.8,MIL_k2.90_s02.csv,1534981.5565512066,26381270.104319442,934626746002.9883,1.0,5.416305643108949,222.3981228949847,275.5735885413574,0.0,0.05134957595213117,0.0,10.49021577835083
True,MIL,2.9,3,0.95,MIL_k2.90_s03.csv,1130152.5705444366,24379003.238831658,674481771554.0275,1.0,1.4390395128823117,244.1708141091282,292.88409179900333,0.0,0.05525756074026229,0.0,10.818259000778198
True,MIL,2.9,3,1.1,MIL_k2.90_s03.csv,1130152.5705444366,24379003.238831658,687772938275.402,1.0,0.0,244.91052921072767,284.72335008336535,0.0,0.05316593336870619,0.0,13.016989946365356
True,MIL,2.9,3,1.25,MIL_k2.90_s03.csv,1130152.5705444366,24379003.238831658,704131989795.3527,1.0,0.0,243.16077507595446,283.99540650532725,0.0,0.051780984061457126,0.0,12.235849857330322
True,MIL,2.9,3,1.4,MIL_k2.90_s03.csv,1130152.5705444366,24379003.238831658,723952261394.5684,1.0,0.046601199462458,242.12925283945725,282.72959371847026,0.0,0.050162003311220636,0.0,9.741748809814453
True,MIL,2.9,3,1.55,MIL_k2.90_s03.csv,1130152.5705444366,24379003.238831658,747314628737.0475,1.0,0.0,242.08826519496202,281.0240979540805,0.0,0.048037043837779125,0.0,11.215616226196289
True,MIL,2.9,3,1.7,MIL_k2.90_s03.csv,1130152.5705444366,24379003.238831658,774416341201.0154,1.0,0.046601199462458,241.26767058226258,278.56810001498604,0.0,0.046674779601252415,0.0,10.609134197235107
True,MIL,2.9,3,1.8,MIL_k2.90_s03.csv,1130152.5705444366,24379003.238831658,794610368093.7622,1.0,0.046601199462458,242.0000138877655,272.69570057905156,0.0,0.04527103056004868,0.0,10.197280883789062
True,MIL,2.9,4,0.95,MIL_k2.90_s04.csv,936238.6200440264,21067859.12582357,531774625551.6191,1.0,16.299538086300018,231.40153374605123,290.8567408981298,0.0,0.06742664913130363,0.0,17.632431030273438
True,MIL,2.9,4,1.1,MIL_k2.90_s04.csv,936238.6200440264,21067859.12582357,546210783182.14624,1.0,49.61937767299473,230.4985780055587,289.7122543658184,0.0,0.06494921366838645,0.0,13.79146695137024
True,MIL,2.9,4,1.25,MIL_k2.90_s04.csv,936238.6200440264,21067859.12582357,562900540600.9785,1.0,14.672802812132412,231.69146070982492,286.0121060090274,0.0,0.06241944829877581,0.0,13.03350305557251
True,MIL,2.9,4,1.4,MIL_k2.90_s04.csv,936238.6200440264,21067859.12582357,583468664097.7792,1.0,0.0,231.53898437416183,278.46982619066534,0.0,0.06129570199613313,0.0,10.297086954116821
True,MIL,2.9,4,1.55,MIL_k2.90_s04.csv,936238.6200440264,21067859.12582357,607638018360.4021,1.0,2.386668077163794,229.2766943916522,284.1434481771494,0.0,0.05686675726182598,0.0,11.056575059890747
True,MIL,2.9,4,1.7,MIL_k2.90_s04.csv,936238.6200440264,21067859.12582357,636011158019.3715,1.0,13.398862975708914,230.4463106806428,275.9424221239574,0.0,0.05595623775689938,0.0,9.51244306564331
True,MIL,2.9,4,1.8,MIL_k2.90_s04.csv,936238.6200440264,21067859.12582357,657057987253.9321,1.0,21.627396040467172,229.07676685136076,280.4320960843861,0.0,0.05192308809928019,0.0,11.09514594078064
True,MIL,3.4,1,0.95,MIL_k3.40_s01.csv,1300990.9049491042,26390891.60667804,823470282486.207,1.0,24.24338735232193,227.5570989083671,296.0271502900699,0.0,0.05428057804016368,0.0,10.686739921569824
True,MIL,3.4,1,1.1,MIL_k3.40_s01.csv,1300990.9049491042,26390891.60667804,838152953432.2489,1.0,1.785721562954136,228.00011435670908,283.19743508480065,0.0,0.05326058001891297,0.0,12.044770002365112
True,MIL,3.4,1,1.25,MIL_k3.40_s01.csv,1300990.9049491042,26390891.60667804,856811153770.423,1.0,0.0,227.00015786574988,286.6958265505817,0.0,0.05122773532603069,0.0,9.795315980911255
True,MIL,3.4,1,1.4,MIL_k3.40_s01.csv,1300990.9049491042,26390891.60667804,879316588712.2192,1.0,15.346161357801194,227.40570139709658,278.6968843067785,0.0,0.0501522191661797,0.0,12.224688053131104
True,MIL,3.4,1,1.55,MIL_k3.40_s01.csv,1300990.9049491042,26390891.60667804,905787209003.9463,1.0,18.738848141916858,227.0078688210638,264.4807677413222,0.0,0.05137657522610279,0.0,9.166836977005005
True,MIL,3.4,1,1.7,MIL_k3.40_s01.csv,1300990.9049491042,26390891.60667804,935307298966.9275,1.0,18.72144432567276,227.0097789740132,264.45187802577,0.0,0.04910416059805837,0.0,10.263102054595947
True,MIL,3.4,1,1.8,MIL_k3.40_s01.csv,1300990.9049491042,26390891.60667804,957065491509.8237,1.0,15.158609226404721,226.99999993924277,260.9670701662523,0.0,0.04870701818201245,0.0,11.155099868774414
True,MIL,3.4,2,0.95,MIL_k3.40_s02.csv,1370963.0019235641,33046638.527364135,1126208424302.9783,1.0,22.563448038190135,235.9731440324124,300.8000878308377,0.0,0.05957502775628964,0.0,10.584171056747437
True,MIL,3.4,2,1.1,MIL_k3.40_s02.csv,1370963.0019235641,33046638.527364135,1140134047068.5154,1.0,3.220375479789324,235.06067006188553,301.13542763847954,0.0,0.05687226935938186,0.0,12.187037944793701
True,MIL,3.4,2,1.25,MIL_k3.40_s02.csv,1370963.0019235641,33046638.527364135,1157846632250.9177,1.0,8.688133840409312,234.77008184835833,293.44140158122633,0.0,0.05527007496528451,0.0,9.859407186508179
True,MIL,3.4,2,1.4,MIL_k3.40_s02.csv,1370963.0019235641,33046638.527364135,1178722734482.468,1.0,0.0,234.00000013113177,291.39303224977226,0.0,0.05353455988880672,0.0,11.900912761688232
True,MIL,3.4,2,1.55,MIL_k3.40_s02.csv,1370963.0019235641,33046638.527364135,1203393370915.3003,1.0,0.0,233.96114226805946,288.4281416141429,0.0,0.05241138448393439,0.0,11.28649115562439
True,MIL,3.4,2,1.7,MIL_k3.40_s02.csv,1370963.0019235641,33046638.527364135,1231761574527.326,1.0,0.0,232.99999767429634,286.2832561532983,0.0,0.05103088009635578,0.00012972626374688212,11.166526794433594
True,MIL,3.4,2,1.8,MIL_k3.40_s02.csv,1370963.0019235641,33046638.527364135,1253088470827.7463,1.0,17.999991466129316,232.3331887575823,279.8486153559098,0.0,0.05064387288373618,0.0,8.951514720916748
True,MIL,3.4,3,0.95,MIL_k3.40_s03.csv,1507154.407161444,27595706.623491034,840109396839.7072,1.0,4.599858536700675,248.9310077829396,284.7972656812916,0.0,0.06202943930987704,0.0029397560303939013,10.298017978668213
True,MIL,3.4,3,1.1,MIL_k3.40_s03.csv,1507154.407161444,27595706.623491034,855781213769.7428,1.0,0.0,248.8618265709003,283.038860179973,0.0,0.059539109453731,0.0,10.107692003250122
True,MIL,3.4,3,1.25,MIL_k3.40_s03.csv,1507154.407161444,27595706.623491034,874889240266.1799,1.0,0.0,248.51350208558466,282.05889981298037,0.0,0.05753432848697571,0.0,12.277591705322266
True,MIL,3.4,3,1.4,MIL_k3.40_s03.csv,1507154.407161444,27595706.623491034,897615480359.6654,1.0,0.9160386375906133,247.71015634095028,281.60995988720754,0.0,0.055372077527733606,0.0,10.790999174118042
True,MIL,3.4,3,1.55,MIL_k3.40_s03.csv,1507154.407161444,27595706.623491034,924124419174.6534,1.0,0.046601199462458,249.28793638915877,278.6211377093012,0.0,0.05312029383670578,0.0,11.509115934371948
True,MIL,3.4,3,1.7,MIL_k3.40_s03.csv,1507154.407161444,27595706.623491034,954425752859.6306,1.0,0.046601199462458,249.28071585011713,277.5604966854015,0.0,0.05186237998184773,0.0,8.757098913192749
True,MIL,3.4,3,1.8,MIL_k3.40_s03.csv,1507154.407161444,27595706.623491034,976339873162.0022,1.0,0.046601199462458,234.946259429188,284.4588761712951,0.0,0.05247573808885636,0.0,10.428664684295654
True,MIL,3.4,4,0.95,MIL_k3.40_s04.csv,1370963.0019235641,26202399.905802555,788999781396.9559,1.0,24.545199773962658,230.65323322465707,293.43262232964446,0.0,0.061224322513571725,0.0,10.61909294128418
True,MIL,3.4,4,1.1,MIL_k3.40_s04.csv,1370963.0019235641,26202399.905802555,803031177435.4758,1.0,3.5637811227974066,233.21622925315484,286.781066094418,0.0,0.06019954671562457,0.0,9.648159980773926
True,MIL,3.4,4,1.25,MIL_k3.40_s04.csv,1370963.0019235641,26202399.905802555,821673246269.4797,1.0,24.49393368251126,231.7734313743343,286.27716291064337,0.0,0.05754550022761837,0.0,8.559131145477295
True,MIL,3.4,4,1.4,MIL_k3.40_s04.csv,1370963.0019235641,26202399.905802555,843031680715.8065,1.0,0.0,231.36661073426106,283.7321717387217,0.0,0.05600804393844326,0.0,9.079651117324829
True,MIL,3.4,4,1.55,MIL_k3.40_s04.csv,1370963.0019235641,26202399.905802555,868841981205.1876,1.0,0.0,233.82236272393138,274.1603513944165,0.0,0.056072370161184965,0.0,9.459657907485962
True,MIL,3.4,4,1.7,MIL_k3.40_s04.csv,1370963.0019235641,26202399.905802555,898270408889.9365,1.0,15.01328989576101,232.00008816497984,276.9890120066343,0.0,0.05346175808592978,0.0,9.833413124084473
True,MIL,3.4,4,1.8,MIL_k3.40_s04.csv,1370963.0019235641,26202399.905802555,920309351161.4255,1.0,17.213520340684813,232.77501459821062,276.15045635681594,0.0,0.05203831856601184,0.0,9.406686782836914
True,MIL,4.0,1,0.95,MIL_k4.00_s01.csv,2064381.714519905,32622450.576438513,1028571825839.1478,1.0,40.14910615419812,232.8241313345619,310.7392931542821,0.0,0.0541270008767636,0.0,9.583090782165527
True,MIL,4.0,1,1.1,MIL_k4.00_s01.csv,2064381.714519905,32622450.576438513,1042653404678.7966,1.0,13.357996227620577,238.2196957919001,287.6686079434193,0.0,0.05313832527572202,0.0,9.701403141021729
True,MIL,4.0,1,1.25,MIL_k4.00_s01.csv,2064381.714519905,32622450.576438513,1062185581426.7034,1.0,24.90731828265611,238.7013307704336,273.9642901605303,0.0,0.05318503206881787,0.0,10.007879257202148
True,MIL,4.0,1,1.4,MIL_k4.00_s01.csv,2064381.714519905,32622450.576438513,1085045168667.8451,1.0,14.230576252247007,237.82291952076662,273.1722856626122,0.0,0.050916065720717836,0.0,11.181825876235962
True,MIL,4.0,1,1.55,MIL_k4.00_s01.csv,2064381.714519905,32622450.576438513,1111873205583.4214,1.0,0.0,237.27354391462026,271.72903258375766,0.0,0.04898832441854215,0.0,9.851381063461304
True,MIL,4.0,1,1.7,MIL_k4.00_s01.csv,2064381.714519905,32622450.576438513,1143233667332.6614,1.0,0.0,234.13107147250798,276.8585529187436,0.0,0.04692393251656983,0.0,9.987530946731567
True,MIL,4.0,1,1.8,MIL_k4.00_s01.csv,2064381.714519905,32622450.576438513,1166885497535.2327,1.0,50.57786609342526,233.19679319582306,275.2994941891886,0.0,0.046729840748193814,0.0,10.423150062561035
True,MIL,4.0,2,0.95,MIL_k4.00_s02.csv,1457931.2225573985,33696817.62886955,1006770948966.2334,1.0,10.939918795122232,229.99762452116252,292.6247026200705,0.0,0.07119417991422826,0.0,11.317970037460327
True,MIL,4.0,2,1.1,MIL_k4.00_s02.csv,1457931.2225573985,33696817.62886955,1022373042374.5681,1.0,11.93288953039889,230.33261301615983,283.4336455833979,0.0,0.07143183471418554,0.0,12.252968788146973
True,MIL,4.0,2,1.25,MIL_k4.00_s02.csv,1457931.2225573985,33696817.62886955,1041190646331.1699,1.0,10.329215514733157,229.81937820213454,286.7362883345874,0.0,0.069138344082068,0.0,9.674254894256592
True,MIL,4.0,2,1.4,MIL_k4.00_s02.csv,1457931.2225573985,33696817.62886955,1063227809354.4727,1.0,0.0,230.00000014641566,279.69591288465404,0.0,0.06839953650869501,0.0,11.566031217575073
True,MIL,4.0,2,1.55,MIL_k4.00_s02.csv,1457931.2225573985,33696817.62886955,1089402671532.4988,1.0,0.0,229.99999943837824,278.1072683560457,0.0,0.06674490362599092,0.0,12.854072093963623
True,MIL,4.0,2,1.7,MIL_k4.00_s02.csv,1457931.2225573985,33696817.62886955,1119188159297.2515,1.0,0.0,230.00000001046502,276.63922268352934,0.0,0.06399947108592238,0.0,9.783103942871094
True,MIL,4.0,2,1.8,MIL_k4.00_s02.csv,1457931.2225573985,33696817.62886955,1141200917284.937,1.0,0.0,229.85256761786405,275.7519058779122,0.0,0.061487914513149174,0.0,11.283812999725342
True,MIL,4.0,3,0.95,MIL_k4.00_s03.csv,1348737.1873401052,39915261.98781642,1354729504657.2324,1.0,12.75254916786377,235.0585935150492,323.3244604771764,0.0,0.052073100046012746,0.0,8.135281324386597
True,MIL,4.0,3,1.1,MIL_k4.00_s03.csv,1348737.1873401052,39915261.98781642,1370379220360.3696,1.0,14.121962664115452,233.45384699175546,318.74294269662045,0.0,0.05104458602013992,0.0,9.057288885116577
True,MIL,4.0,3,1.25,MIL_k4.00_s03.csv,1348737.1873401052,39915261.98781642,1389174155941.9402,1.0,0.0,232.05346392345953,314.638874328629,0.0,0.048781280002351705,0.0,9.54456901550293
True,MIL,4.0,3,1.4,MIL_k4.00_s03.csv,1348737.1873401052,39915261.98781642,1411762945141.6077,1.0,2.506309457979936,232.00000032331755,302.9222043780658,0.0,0.04742514385525338,0.0,9.332780122756958
True,MIL,4.0,3,1.55,MIL_k4.00_s03.csv,1348737.1873401052,39915261.98781642,1438301185741.0195,1.0,15.225452950714732,231.02531170176266,300.48761711682863,0.0,0.045464159599790145,0.0,9.598832845687866
True,MIL,4.0,3,1.7,MIL_k4.00_s03.csv,1348737.1873401052,39915261.98781642,1467865325933.772,1.0,0.0,231.09819653990377,289.0517797075806,0.0,0.0452252053766709,0.0,9.181804180145264
True,MIL,4.0,3,1.8,MIL_k4.00_s03.csv,1348737.1873401052,39915261.98781642,1490715453903.0986,1.0,57.746592161239725,230.62511362984824,286.5767666536407,0.0,0.04457648129401036,0.0,9.570961952209473
True,MIL,4.0,4,0.95,MIL_k4.00_s04.csv,1499302.3021327364,45633917.66640793,1628206713064.2449,1.0,34.993176282945505,241.11452566792113,281.4066958049121,0.0,0.06010089899282444,0.0,9.435924053192139
True,MIL,4.0,4,1.1,MIL_k4.00_s04.csv,1499302.3021327364,45633917.66640793,1642937158634.8633,1.0,54.21629562524545,240.00026163864825,281.6994066910526,0.0,0.05800688016240346,0.0,9.634096145629883
True,MIL,4.0,4,1.25,MIL_k4.00_s04.csv,1499302.3021327364,45633917.66640793,1659850309434.364,1.0,0.0,240.11094451706555,276.8724400274256,0.0,0.05738888407218898,0.0,9.839327096939087
True,MIL,4.0,4,1.4,MIL_k4.00_s04.csv,1499302.3021327364,45633917.66640793,1682461052609.0317,1.0,57.64334547698851,239.00000575276295,277.7810532543443,0.0,0.055185664520157746,0.0,8.017231941223145
True,MIL,4.0,4,1.55,MIL_k4.00_s04.csv,1499302.3021327364,45633917.66640793,1706907800070.663,1.0,16.533914338916105,239.5942976177025,272.43764207020394,0.0,0.05454864828895279,0.0,9.223068952560425
True,MIL,4.0,4,1.7,MIL_k4.00_s04.csv,1499302.3021327364,45633917.66640793,1735866627941.3682,1.0,3.345524650338844,238.99999944426028,271.2269774488792,0.0,0.053136704960349085,0.0,9.69045090675354
True,MIL,4.0,4,1.8,MIL_k4.00_s04.csv,1499302.3021327364,45633917.66640793,1757468426627.288,1.0,0.0,239.00000021099962,269.01723198217815,0.0,0.05274467232369668,0.0,10.53100299835205
True,MIL,4.6,1,0.95,MIL_k4.60_s01.csv,1676283.6083086268,40339235.47386647,1295253262147.8774,1.0,73.07441458431728,238.70787033748718,285.4827476242482,0.0,0.05797366551399488,0.0,8.133265018463135
True,MIL,4.6,1,1.1,MIL_k4.60_s01.csv,1676283.6083086268,40339235.47386647,1310123814637.6514,1.0,69.03219407612644,241.86739279168128,286.24222406718815,0.0,0.054011309782260084,0.0,9.065276145935059
True,MIL,4.6,1,1.25,MIL_k4.60_s01.csv,1676283.6083086268,40339235.47386647,1329525950948.3308,1.0,23.722505993134142,241.03591394431632,284.4129725679298,0.0,0.05317226599501183,0.0,10.262071132659912
True,MIL,4.6,1,1.4,MIL_k4.60_s01.csv,1676283.6083086268,40339235.47386647,1352776808635.822,1.0,11.293933581271334,240.31913308029033,282.20955594173967,0.0,0.05206994753520941,0.0,9.324626922607422
True,MIL,4.6,1,1.55,MIL_k4.60_s01.csv,1676283.6083086268,40339235.47386647,1379766372556.1636,1.0,0.0,241.49254075496515,274.9286349640842,0.0,0.05154877484021405,0.0,12.035396814346313
True,MIL,4.6,1,1.7,MIL_k4.60_s01.csv,1676283.6083086268,40339235.47386647,1410929091996.764,1.0,1.666926341198684,239.27854996237616,277.7794575653747,0.0,0.04934701210934435,0.0,9.670084714889526
True,MIL,4.6,1,1.8,MIL_k4.60_s01.csv,1676283.6083086268,40339235.47386647,1433617517260.4473,1.0,0.0,241.2353075905515,271.07438607863133,0.0,0.0488886416130399,0.0,11.385661840438843
True,MIL,4.6,2,0.95,MIL_k4.60_s02.csv,1465466.415064766,47579479.84879258,1661634450635.351,1.0,7.073289191370381,231.00000184255276,317.13460540745024,0.0,0.05337404563435973,0.0,9.453760147094727
True,MIL,4.6,2,1.1,MIL_k4.60_s02.csv,1465466.415064766,47579479.84879258,1677992451279.985,1.0,2.0187268236614733,230.9999283160549,306.45543718456054,0.0,0.05164319627116335,0.0,10.891780138015747
True,MIL,4.6,2,1.25,MIL_k4.60_s02.csv,1465466.415064766,47579479.84879258,1698216070740.4456,1.0,8.391594479291914,230.25562596683437,299.3807278710702,0.0,0.05056654388743229,0.0,8.890892028808594
True,MIL,4.6,2,1.4,MIL_k4.60_s02.csv,1465466.415064766,47579479.84879258,1721763354544.165,1.0,1.9999895197610258,230.00630692440427,290.7014369175342,0.0,0.0498536606549613,0.0,10.403019905090332
True,MIL,4.6,2,1.55,MIL_k4.60_s02.csv,1465466.415064766,47579479.84879258,1749269694701.1636,1.0,0.0,228.9945028511687,287.67004222546086,0.0,0.0487319336397812,0.0,12.032197713851929
True,MIL,4.6,2,1.7,MIL_k4.60_s02.csv,1465466.415064766,47579479.84879258,1781278778493.152,1.0,46.62113045880107,229.00000059850657,282.84208367114195,0.0,0.04725184396994423,0.0,8.972667217254639
True,MIL,4.6,2,1.8,MIL_k4.60_s02.csv,1465466.415064766,47579479.84879258,1803948104418.1519,1.0,5.904736697592374,229.00000012738846,279.38173980556763,0.0,0.0464817787994099,0.0,8.943412780761719
True,MIL,4.6,3,0.95,MIL_k4.60_s03.csv,2070292.5873214197,31091789.934009623,764560540716.4094,1.0,0.0,229.34625246410303,309.2203303034747,0.0,0.05450876989262377,0.0,14.623947143554688
True,MIL,4.6,3,1.1,MIL_k4.60_s03.csv,2070292.5873214197,31091789.934009623,781048232065.828,1.0,51.885802336244566,229.20685580671434,298.27436012909715,0.0,0.05286092531385574,0.0,11.819240093231201
True,MIL,4.6,3,1.25,MIL_k4.60_s03.csv,2070292.5873214197,31091789.934009623,799678964777.4338,1.0,0.046601199462458,228.69290314793486,294.2057234239523,0.0,0.051239443066103,0.0,9.480852127075195
True,MIL,4.6,3,1.4,MIL_k4.60_s03.csv,2070292.5873214197,31091789.934009623,822747591399.6372,1.0,0.046601199462458,227.96863955723225,290.2365650172306,0.0,0.04980378119499969,0.0,9.320266962051392
True,MIL,4.6,3,1.55,MIL_k4.60_s03.csv,2070292.5873214197,31091789.934009623,849941336329.2484,1.0,22.201894212433206,227.5638345392589,286.0558488666042,0.0,0.0481042600374498,0.0,9.765159845352173
True,MIL,4.6,3,1.7,MIL_k4.60_s03.csv,2070292.5873214197,31091789.934009623,880646607930.6909,1.0,20.600552454908446,227.2639228093197,281.36072869603083,0.0,0.04646544775077764,0.0,10.172954797744751
True,MIL,4.6,3,1.8,MIL_k4.60_s03.csv,2070292.5873214197,31091789.934009623,903370472436.5475,1.0,21.007836076217107,227.4806055674998,278.40142180131915,0.0,0.04541451341911775,0.0,8.932723999023438
True,MIL,4.6,4,0.95,MIL_k4.60_s04.csv,1805671.0387210457,43837980.63841429,1483589066577.674,1.0,31.9495282187657,236.22710313142963,294.8179919142913,0.0,0.057134886050183985,0.0,8.98403286933899
True,MIL,4.6,4,1.1,MIL_k4.60_s04.csv,1805671.0387210457,43837980.63841429,1499451096659.3743,1.0,29.026736473360053,234.00415970245697,295.0406285534852,0.0,0.054959688283103936,0.0,9.337008953094482
True,MIL,4.6,4,1.25,MIL_k4.60_s04.csv,1805671.0387210457,43837980.63841429,1520835286743.4602,1.0,3.1889704464173922,231.02769851016902,276.712016377887,0.0,0.05778187324117334,0.0,8.284373044967651
True,MIL,4.6,4,1.4,MIL_k4.60_s04.csv,1805671.0387210457,43837980.63841429,1541656392101.4067,1.0,26.540500425711333,232.27449601943715,288.4385973265453,0.0,0.05328372485890738,0.0,9.293375968933105
True,MIL,4.6,4,1.55,MIL_k4.60_s04.csv,1805671.0387210457,43837980.63841429,1567863675175.664,1.0,9.998072537986475,232.99869201194423,284.25409574888147,0.0,0.05109681660564372,0.0,10.698302030563354
True,MIL,4.6,4,1.7,MIL_k4.60_s04.csv,1805671.0387210457,43837980.63841429,1597935044965.833,1.0,7.546747056484325,232.57666369671244,274.31290756190225,0.0,0.04989154930258912,0.0,9.299772262573242
True,MIL,4.6,4,1.8,MIL_k4.60_s04.csv,1805671.0387210457,43837980.63841429,1620041580038.7002,1.0,20.99773023668308,231.68937582671256,270.4546352047054,0.0,0.05007630781554872,0.0,9.40540099143982
True,MIL,5.2,1,0.95,MIL_k5.20_s01.csv,1950991.5922905647,39362181.549748935,1240298966356.4229,1.0,95.1004111466137,233.574803472716,314.9993926054888,0.0,0.059816219639164045,0.0,11.492156267166138
True,MIL,5.2,1,1.1,MIL_k5.20_s01.csv,1950991.5922905647,39362181.549748935,1259671727420.0854,1.0,0.0,233.9999951987522,312.4502921326395,0.0,0.0561776382715363,0.0,9.319337844848633
True,MIL,5.2,1,1.25,MIL_k5.20_s01.csv,1950991.5922905647,39362181.549748935,1282193948864.124,1.0,0.0,233.9999152418857,302.0068142314268,0.0,0.05550147891960445,0.0,10.280868768692017
True,MIL,5.2,1,1.4,MIL_k5.20_s01.csv,1950991.5922905647,39362181.549748935,1308725859685.9976,1.0,0.0,233.82911785492917,299.30340748945355,0.0,0.053104571528231594,0.0,9.939028024673462
True,MIL,5.2,1,1.55,MIL_k5.20_s01.csv,1950991.5922905647,39362181.549748935,1339203806415.6404,1.0,4.742969780721718,233.15194013337896,296.72747878337844,0.0,0.05152070800503479,0.0,11.002961874008179
True,MIL,5.2,1,1.7,MIL_k5.20_s01.csv,1950991.5922905647,39362181.549748935,1373520506192.9006,1.0,3.7500541573376363,232.99603334999358,290.94188939991164,0.0,0.05003373438336247,0.0,8.699503898620605
True,MIL,5.2,1,1.8,MIL_k5.20_s01.csv,1950991.5922905647,39362181.549748935,1398636792058.6978,1.0,0.0,232.5220772047625,291.0228928784371,0.0,0.04874919863583637,0.0,10.557613134384155
True,MIL,5.2,2,0.95,MIL_k5.20_s02.csv,2231317.7945424276,40618567.174727,1391666293882.6335,1.0,0.0,250.0,284.3732643126047,0.0,0.04885657670575679,0.0,8.506595134735107
True,MIL,5.2,2,1.1,MIL_k5.20_s02.csv,2231317.7945424276,40618567.174727,1412406638888.7102,1.0,29.17058695943052,250.0,282.63705854333955,0.0,0.046653377060766374,0.0,7.812725067138672
True,MIL,5.2,2,1.25,MIL_k5.20_s02.csv,2231317.7945424276,40618567.174727,1437203026065.3264,1.0,2.9927270522287577,232.62125530677469,307.84569967372397,0.0,0.04627906714511222,0.0,9.380498886108398
True,MIL,5.2,2,1.4,MIL_k5.20_s02.csv,2231317.7945424276,40618567.174727,1464970190304.8865,1.0,3.9999995163726187,227.98224863707262,303.91820977467086,0.0,0.04559456421323487,0.0,9.645506143569946
True,MIL,5.2,2,1.55,MIL_k5.20_s02.csv,2231317.7945424276,40618567.174727,1496718552737.973,1.0,22.000051435981568,224.30775290211372,298.01772086393197,0.0,0.04512060586688051,0.0011780891524657657,8.31806492805481
True,MIL,5.2,2,1.7,MIL_k5.20_s02.csv,2231317.7945424276,40618567.174727,1531907947721.4375,1.0,0.0,223.91732604058328,290.14671297715086,0.0,0.04423516638930824,0.0,9.584031105041504
True,MIL,5.2,2,1.8,MIL_k5.20_s02.csv,2231317.7945424276,40618567.174727,1557758812400.9011,1.0,0.0,223.52449835723857,287.28683856639725,0.0,0.04327705984206658,0.0,10.137229919433594
True,MIL,5.2,3,0.95,MIL_k5.20_s03.csv,2641909.159576667,42473277.78476924,1466903097286.6482,1.0,0.0,245.00000003512068,273.3923271031087,0.0,0.049637979181251894,0.0,11.307790040969849
True,MIL,5.2,3,1.1,MIL_k5.20_s03.csv,2641909.159576667,42473277.78476924,1485856953582.3584,1.0,0.0,244.9999368624078,271.2048766661418,0.0,0.048474782566557226,0.0,10.070348024368286
True,MIL,5.2,3,1.25,MIL_k5.20_s03.csv,2641909.159576667,42473277.78476924,1508732525701.1265,1.0,0.046601199462458,244.74439349399518,266.13934871359464,0.0,0.047411633986955665,0.0,8.325609922409058
True,MIL,5.2,3,1.4,MIL_k5.20_s03.csv,2641909.159576667,42473277.78476924,1535890521041.2778,1.0,0.046601199462458,243.98797189573818,263.0789758518356,0.0,0.046246396213822864,0.0,7.740341901779175
True,MIL,5.2,3,1.55,MIL_k5.20_s03.csv,2641909.159576667,42473277.78476924,1566623669174.6438,1.0,1.6523120754959135,243.99999491551173,264.186895708662,0.0,0.045458164994099326,0.0,9.525753021240234
True,MIL,5.2,3,1.7,MIL_k5.20_s03.csv,2641909.159576667,42473277.78476924,1603652789419.5408,1.0,22.999984237173837,239.20727938274408,273.6012526624413,0.0,0.043606011423783064,0.0,7.999039888381958
True,MIL,5.2,3,1.8,MIL_k5.20_s03.csv,2641909.159576667,42473277.78476924,1627515865700.5964,1.0,2.092157692253371,244.00270418520796,262.0869040875425,0.0,0.04349174600187583,0.0,9.091825723648071
True,MIL,5.2,4,0.95,MIL_k5.20_s04.csv,2641909.159576667,55134860.380358696,1962911153668.5964,1.0,35.033449390799305,234.82268855308368,315.106882737086,0.0,0.051806549067798593,0.0,9.229469299316406
True,MIL,5.2,4,1.1,MIL_k5.20_s04.csv,2641909.159576667,55134860.380358696,1979592090571.994,1.0,0.0,234.99999929505321,300.84617575667886,0.0,0.050628631496036657,0.0,11.379372835159302
True,MIL,5.2,4,1.25,MIL_k5.20_s04.csv,2641909.159576667,55134860.380358696,2000823968940.2554,1.0,9.55395540405901,233.99999985024883,293.4954914669856,0.0,0.049833912223605774,0.0,9.109730005264282
True,MIL,5.2,4,1.4,MIL_k5.20_s04.csv,2641909.159576667,55134860.380358696,2025383814946.7056,1.0,0.0,234.22987645441196,290.7451383017595,0.0,0.04718966850201447,0.0,9.31150507926941
True,MIL,5.2,4,1.55,MIL_k5.20_s04.csv,2641909.159576667,55134860.380358696,2054207557963.321,1.0,8.468843547848245,235.61375419801462,284.0501272351212,0.0,0.045069309919064784,0.0,8.153770923614502
True,MIL,5.2,4,1.7,MIL_k5.20_s04.csv,2641909.159576667,55134860.380358696,2086285449594.4602,1.0,1.8295726497653697,233.9960497613483,284.34957179010183,0.0,0.043359056122877174,0.0,9.505666017532349
True,MIL,5.2,4,1.8,MIL_k5.20_s04.csv,2641909.159576667,55134860.380358696,2110011480468.4258,1.0,0.0,233.99999917300462,281.93309815054323,0.0,0.04220385355070867,0.0,12.743708848953247
True,NHG,0.6,1,0.95,NHG_k0.60_s01.csv,186955.381575422,68926.598830028,1.3003961814897665e-24,1.701828713537355,23.8045336984805,249.34916461755137,365.16627396999274,0.5778908686871207,0.04938606892936531,0.05530774797701204,10.43891191482544
True,NHG,0.6,1,1.1,NHG_k0.60_s01.csv,186955.381575422,68926.598830028,1.8522706490079028e-24,2.3345205925416783,0.5291646953221019,123.23428413207293,364.7559642337373,0.5582182591633329,0.04721448176027904,0.19634346181007056,11.63930869102478
True,NHG,0.6,1,1.25,NHG_k0.60_s01.csv,186955.381575422,68926.598830028,1.1521155748571833e-24,1.3068544948203578,2.7689587507066875,119.96809566185448,361.5336016293172,0.5595696079458091,0.04854214588140704,0.16820346222224228,10.507982015609741
True,NHG,0.6,1,1.4,NHG_k0.60_s01.csv,186955.381575422,68926.598830028,4.692422343293216e-24,1.7176961500416827,5.0436016504630246,117.00596662313302,363.53907277959013,0.5650699732250785,0.04882030640772694,0.053232938913899165,11.965183019638062
True,NHG,0.6,1,1.55,NHG_k0.60_s01.csv,186955.381575422,68926.598830028,0.018278460337764334,1.0,29.561961983490377,146.7739951948097,322.30612929564484,0.6802109068949886,0.12479877539557438,0.15184833111359597,12.88241195678711
True,NHG,0.6,1,1.7,NHG_k0.60_s01.csv,186955.381575422,68926.598830028,0.6322042743833787,1.0,58.04165167075473,119.822882924037,298.66114109664835,0.6767032235836947,0.2003653614879356,0.04815810122655998,14.562308073043823
True,NHG,0.6,1,1.8,NHG_k0.60_s01.csv,186955.381575422,68926.598830028,2.1644206016567784,1.0,58.53339883166673,125.02904540382139,274.93634210875985,0.6802012136301172,0.1909161715936588,0.06309706992911768,15.581809043884277
True,NHG,0.6,2,0.95,NHG_k0.60_s02.csv,186955.381575422,99437.65258419001,1.5166829090396426e-24,2.0468541908295492,25.164304425949197,249.36276018468095,360.13075925339234,0.6197462842679969,0.11434603028252555,0.07069837856992625,10.059202909469604
True,NHG,0.6,2,1.1,NHG_k0.60_s02.csv,186955.381575422,99437.65258419001,2.0248355497468096e-24,2.3619364514477104,51.82787183604658,249.83462168219353,363.9961928232057,0.5971157800277291,0.10545828089288634,0.03344745958120475,10.594187021255493
True,NHG,0.6,2,1.25,NHG_k0.60_s02.csv,186955.381575422,99437.65258419001,1.3189754335295317e-24,2.084586911578614,30.770308290031828,249.7890444404746,360.30229231112276,0.6286722762580796,0.11829304256111806,0.16328299885427994,10.417718172073364
True,NHG,0.6,2,1.4,NHG_k0.60_s02.csv,186955.381575422,99437.65258419001,5.251062081934528e-24,1.6380970587592398,5.737135981493466,117.27171547605505,364.2444386997362,0.5686019123435861,0.1042148197044801,0.07252993722571567,11.828891038894653
True,NHG,0.6,2,1.55,NHG_k0.60_s02.csv,186955.381575422,99437.65258419001,4.8401475918485236e-24,1.7247014572559882,0.30166947545225753,102.93626705318938,341.4336971439285,0.5795956296752295,0.11826451142934219,0.11525706877086091,13.232537984848022
True,NHG,0.6,2,1.7,NHG_k0.60_s02.csv,186955.381575422,99437.65258419001,5.539242436942626e-24,1.131885182781631,65.77577054815085,249.8806259155327,327.220646338791,0.7364099320428278,0.19969527106600565,0.13827851611696695,15.428251266479492
True,NHG,0.6,2,1.8,NHG_k0.60_s02.csv,186955.381575422,99437.65258419001,5.512635736331332e-24,2.0204752684379366,2.0964825724822944,100.68500556673051,364.9068509968798,0.6507101109371739,0.15634463809445015,0.09444093988357381,15.867963790893555
True,NHG,0.6,3,0.95,NHG_k0.60_s03.csv,151569.673800542,94616.887856596,1.4633432900722187e-24,1.8815283220544055,37.54875032515761,249.67285922550423,365.9135121715538,0.5970794147115178,0.08033681308537488,0.1167107955847137,10.9840087890625
True,NHG,0.6,3,1.1,NHG_k0.60_s03.csv,151569.673800542,94616.887856596,2.0077709106450686e-24,2.831637692675035,6.724467821228721,249.03630006164576,336.1528826674088,0.598068141566103,0.07903448059201745,0.16529476744888122,9.979546070098877
True,NHG,0.6,3,1.25,NHG_k0.60_s03.csv,151569.673800542,94616.887856596,1.3211968658386341e-24,2.086373302315614,0.43833331192231384,248.87034763087024,343.253942830208,0.6216410385982538,0.08648461139638891,0.09249789667837674,9.049683809280396
True,NHG,0.6,3,1.4,NHG_k0.60_s03.csv,151569.673800542,94616.887856596,5.290593479616963e-24,2.443723620148008,7.990285336037502,139.93993139239572,361.06816456099216,0.6184543990371169,0.08956486731051938,0.12128551964800878,10.946285009384155
True,NHG,0.6,3,1.55,NHG_k0.60_s03.csv,151569.673800542,94616.887856596,0.02238334530624678,1.0,11.93826326695261,132.54515616194846,348.68153494730495,0.7314842962184832,0.20451434909419547,0.04922879873691173,11.013734817504883
True,NHG,0.6,3,1.7,NHG_k0.60_s03.csv,151569.673800542,94616.887856596,1.805380199364913,1.0,24.561428064688357,120.01783692766766,327.5054944711273,0.8088721301562215,0.326482237476355,0.03600850921474258,12.53103494644165
True,NHG,0.6,3,1.8,NHG_k0.60_s03.csv,151569.673800542,94616.887856596,7.349772519124079,1.0,11.441767458633443,130.24774701486297,304.2549323860383,0.7705433155583977,0.31599613889551986,0.12104021658582667,11.973613023757935
True,NHG,0.6,4,0.95,NHG_k0.60_s04.csv,173677.946122742,110452.169725428,1.5287240818969361e-24,2.3300946986539794,66.08612676900019,249.76351073150803,358.61369587315664,0.5898699673352028,0.10771138422309051,0.12874762690035638,10.50466799736023
True,NHG,0.6,4,1.1,NHG_k0.60_s04.csv,173677.946122742,110452.169725428,2.0749692379954153e-24,1.987914184059647,8.366794226667956,249.94701912778797,358.60672436722996,0.6294524467855895,0.12700172271871174,0.0946304697389953,10.685200929641724
True,NHG,0.6,4,1.25,NHG_k0.60_s04.csv,173677.946122742,110452.169725428,1.3460870051201675e-24,2.4975884549942426,0.27889197547320066,102.02197737253506,355.03304330709784,0.5433201664603655,0.1106974577206683,0.13405971431678962,10.35042929649353
True,NHG,0.6,4,1.4,NHG_k0.60_s04.csv,173677.946122742,110452.169725428,5.3071532477393626e-24,1.4630339797800422,6.859064499757416,104.25563076411291,357.5995681493905,0.5698176204013142,0.11868864293208914,0.17525081289408798,13.94732403755188
True,NHG,0.6,4,1.55,NHG_k0.60_s04.csv,173677.946122742,110452.169725428,5.001403382650182e-24,2.4128657127341997,0.03643506197960278,105.0574599361752,310.1132546082553,0.6042334157079559,0.13864483568639513,0.10583037403509353,13.353652000427246
True,NHG,0.6,4,1.7,NHG_k0.60_s04.csv,173677.946122742,110452.169725428,0.18124917817943967,1.0,59.95394056030261,122.66040539173781,315.1004498953019,0.788190807226387,0.2857508850799951,0.07764392439129338,16.78429627418518
True,NHG,0.6,4,1.8,NHG_k0.60_s04.csv,173677.946122742,110452.169725428,0.8516841148601643,1.0,56.4329425892918,112.26322147104972,256.60519808131085,0.7474337419443823,0.29631703296836626,0.14514802976009455,21.395290851593018
True,NHG,0.7,1,0.95,NHG_k0.70_s01.csv,217910.00021328652,223084.13817095748,1.6635751204790368e-24,1.9135337877879803,3.1130466088246678,134.48755608920084,312.67108501376947,0.5396866923062285,0.15809806723064573,0.05020365538119864,49.37636995315552
True,NHG,0.7,1,1.1,NHG_k0.70_s01.csv,217910.00021328652,223084.13817095748,2.20073259894937e-24,1.8975667570588313,8.386173500173548,137.2319436504187,253.9030990898152,0.545835440220291,0.16401639302662252,0.14658820656609178,52.753182888031006
True,NHG,0.7,1,1.25,NHG_k0.70_s01.csv,217910.00021328652,223084.13817095748,3711.5139668434144,1.0006987632281792,20.435625915978573,137.95233854191898,250.07896893499142,0.5485116905202768,0.16444401007181586,0.07540267627308823,73.19132208824158
True,NHG,0.7,1,1.4,NHG_k0.70_s01.csv,217910.00021328652,223084.13817095748,36811.28801139474,1.0011886940235115,74.06637462525778,134.64143991996187,250.0973274227347,0.5384445046141539,0.16546947829323688,0.00937390177446841,58.27666687965393
True,NHG,0.7,1,1.55,NHG_k0.70_s01.csv,217910.00021328652,223084.13817095748,142421.78326423254,1.0034754848107048,38.2026288811487,136.5817113326049,250.2660980320059,0.5448486990052265,0.1648849201468229,0.15402352740396982,55.25405406951904
True,NHG,0.7,1,1.7,NHG_k0.70_s01.csv,217910.00021328652,223084.13817095748,392713.62772048434,1.0027011634096197,54.871619849243224,138.38735928603273,250.125356523648,0.5500632960994203,0.1641071177526589,0.13121630902443698,48.22517395019531
True,NHG,0.7,1,1.8,NHG_k0.70_s01.csv,217910.00021328652,223084.13817095748,688553.3284026237,1.001456091534949,34.68013175403595,139.4869673108119,250.7567522465534,0.5529738987078485,0.1634106509770411,0.003296884588873533,47.26056218147278
True,NHG,0.7,2,0.95,NHG_k0.70_s02.csv,192736.60227863654,232655.4210526255,1.6041518062105484e-24,1.769701961892286,3.8267769524038684,121.23390793712046,365.8880555907594,0.5439258556171485,0.13065020747536393,0.09648957585319087,15.515829086303711
True,NHG,0.7,2,1.1,NHG_k0.70_s02.csv,192736.60227863654,232655.4210526255,2.104100293503417e-24,1.255844121699159,7.449139116479749,112.16578946970527,364.8440242439124,0.5329404189224567,0.1325201459356934,0.11715711682043464,15.203081130981445
True,NHG,0.7,2,1.25,NHG_k0.70_s02.csv,192736.60227863654,232655.4210526255,1.3509337665218454e-24,1.5432102472247324,2.726454947694293,112.47829321880366,365.2203651210953,0.5355541035322108,0.13481326599948062,0.14468505656166084,12.977843999862671
True,NHG,0.7,2,1.4,NHG_k0.70_s02.csv,192736.60227863654,232655.4210526255,5.373493294424829e-24,2.520526184037166,7.265632735072003,102.59788559423777,363.2628248657337,0.5289460776857848,0.13806192794645483,0.14441097844622314,19.513437032699585
True,NHG,0.7,2,1.55,NHG_k0.70_s02.csv,192736.60227863654,232655.4210526255,0.012090873346494582,1.0,62.24895092724654,135.21553864693215,278.950042419844,0.616402523621164,0.16782673373583717,0.05456420496932671,17.720452785491943
True,NHG,0.7,2,1.7,NHG_k0.70_s02.csv,192736.60227863654,232655.4210526255,0.42534510046815893,1.0,43.0778934807756,125.5643119235794,252.11599850696462,0.6089426723987224,0.1766830347938101,0.07413339274692816,23.031532049179077
True,NHG,0.7,2,1.8,NHG_k0.70_s02.csv,192736.60227863654,232655.4210526255,1.297133835367155,1.0,36.394930283024735,132.93046956977605,252.2454118107352,0.6211942246336125,0.16835302285276288,0.037022231793166355,27.164777278900146
True,NHG,0.7,3,0.95,NHG_k0.70_s03.csv,193801.43013160652,199259.5131255565,1.5961243576390194e-24,2.471120400286708,3.9060728534142584,116.82091086493284,365.16115551466606,0.5667796560508227,0.12466784971728523,0.15379320565900592,12.060932874679565
True,NHG,0.7,3,1.1,NHG_k0.70_s03.csv,193801.43013160652,199259.5131255565,2.11424820018818e-24,2.050877356458111,3.072384811475345,114.46867423555123,365.1569656571993,0.5621159325062144,0.12394956016647068,0.15940621616630138,11.932462215423584
True,NHG,0.7,3,1.25,NHG_k0.70_s03.csv,193801.43013160652,199259.5131255565,1.3915758803588319e-24,1.2279733778277424,2.1896549076213248,120.32817879618344,365.1051861363947,0.5689607999980081,0.12471931968935912,0.03093741241583807,13.27084994316101
True,NHG,0.7,3,1.4,NHG_k0.70_s03.csv,193801.43013160652,199259.5131255565,5.3834897398157894e-24,1.512540421289696,7.836369462057256,101.13751791882348,362.3499420824836,0.5583589617663753,0.13399707084813073,0.17857988758203572,15.692672967910767
True,NHG,0.7,3,1.55,NHG_k0.70_s03.csv,193801.43013160652,199259.5131255565,0.005974012945188583,1.0,81.36513575428906,108.10630915128077,318.35712373724095,0.6278076590683993,0.20790655687996062,0.11379920772348613,18.76571297645569
True,NHG,0.7,3,1.7,NHG_k0.70_s03.csv,193801.43013160652,199259.5131255565,0.36572998878505825,1.0,39.58089967809553,104.98957040277337,258.9650463832354,0.6491008459570214,0.22675558702402038,0.1576707010955889,24.000382900238037
True,NHG,0.7,3,1.8,NHG_k0.70_s03.csv,193801.43013160652,199259.5131255565,66.64802446779899,1.0034177214759512,47.01946576000397,100.0697411518418,250.01752445527387,0.6553356371638758,0.2377149504822612,0.056377844737694055,43.03535985946655
True,NHG,0.7,4,0.95,NHG_k0.70_s04.csv,193950.2974889865,300274.10806218046,1.5423808418881223e-24,2.135333281788978,2.975067355577089,104.46875116412876,364.54955840277165,0.4980245622772356,0.10073869829468218,0.15595784166799412,12.092435121536255
True,NHG,0.7,4,1.1,NHG_k0.70_s04.csv,193950.2974889865,300274.10806218046,2.0484635115799893e-24,1.6490888280386486,4.830179627392397,123.57612465059094,365.89857097849415,0.5143108366379268,0.09691956671489099,0.17793505131181508,12.92110300064087
True,NHG,0.7,4,1.25,NHG_k0.70_s04.csv,193950.2974889865,300274.10806218046,1.2968620846343763e-24,1.8649290009591621,1.8482035139351254,103.64623407796158,364.045083309292,0.524947447336166,0.10931980974938948,0.13890037701704275,12.842281341552734
True,NHG,0.7,4,1.4,NHG_k0.70_s04.csv,193950.2974889865,300274.10806218046,5.203806158268168e-24,2.4753526803365564,7.003229322438358,101.61889197881057,365.2883428929972,0.5741936136847164,0.1315404632359125,0.07351385835392057,14.044008255004883
True,NHG,0.7,4,1.55,NHG_k0.70_s04.csv,193950.2974889865,300274.10806218046,0.02166993366058735,1.0,38.67090128511049,100.61021004334516,268.5623765265848,0.6364136744861637,0.20146676846731243,0.17153001357180753,18.504826068878174
True,NHG,0.7,4,1.7,NHG_k0.70_s04.csv,193950.2974889865,300274.10806218046,0.5833903250687078,1.0,92.73424539790318,103.53954968296763,254.14094370880304,0.5731340753366334,0.1503232231344257,0.08754726258861215,19.213061094284058
True,NHG,0.7,4,1.8,NHG_k0.70_s04.csv,193950.2974889865,300274.10806218046,1.7195331138700491,1.0,54.12871527990596,104.72046310953891,251.25481933405246,0.6270861033818339,0.19242056290941556,0.009481093207529906,21.994871139526367
True,NHG,0.8,1,0.95,NHG_k0.80_s01.csv,152928.19742831102,64938.311139112,69159.39300960643,1.0,69.81120707017698,204.41025418353885,344.06150825570904,0.6438266865089001,0.1248823369405761,0.07994899345537364,11.068493843078613
True,NHG,0.8,1,1.1,NHG_k0.80_s01.csv,152928.19742831102,64938.311139112,156150.85275796772,1.0,35.392480304398646,194.29016637757093,296.8191337574974,0.8356758257155404,0.28529154927214684,0.037082590718075986,9.741643905639648
True,NHG,0.8,1,1.25,NHG_k0.80_s01.csv,152928.19742831102,64938.311139112,308209.3820018517,1.0,70.27073124250663,119.07345499769161,308.29743870557587,0.4873201780785015,0.11936917263288338,0.048820181032532876,9.759953022003174
True,NHG,0.8,1,1.4,NHG_k0.80_s01.csv,152928.19742831102,64938.311139112,547159.6122513745,1.0,68.4771168802415,105.92801816510872,315.902851095014,0.49033800331034133,0.15925955472496245,0.09695685041649825,9.182889223098755
True,NHG,0.8,1,1.55,NHG_k0.80_s01.csv,152928.19742831102,64938.311139112,894681.507569391,1.0,28.869969141630992,225.66243572210504,278.55450383605205,0.7734509696557519,0.2381012183195707,0.031123102010846546,8.709328889846802
True,NHG,0.8,1,1.7,NHG_k0.80_s01.csv,152928.19742831102,64938.311139112,1371657.991276112,1.0,53.02596657262176,195.9213183562832,283.62790694279425,0.7417259904980998,0.20053933539151686,0.1440491188490067,8.258666038513184
True,NHG,0.8,1,1.8,NHG_k0.80_s01.csv,152928.19742831102,64938.311139112,1771298.4287220153,1.0,79.45603988501082,110.57999801353937,311.07172427610607,0.6158632019768847,0.1798534526585357,0.11551376882351683,7.8105669021606445
True,NHG,0.8,2,0.95,NHG_k0.80_s02.csv,202008.210512711,267339.52520754095,1.58184913069814e-24,2.6592940058723156,3.520336858247518,109.0698291309094,365.9384937857857,0.5003290061920226,0.11571653689795675,0.19146591976832125,13.565692901611328
True,NHG,0.8,2,1.1,NHG_k0.80_s02.csv,202008.210512711,267339.52520754095,2.0795635639074225e-24,2.189275070574867,3.999344405813602,113.03365179349379,365.0558419595311,0.5048598943897886,0.11614078711213088,0.12794956041563046,15.434926271438599
True,NHG,0.8,2,1.25,NHG_k0.80_s02.csv,202008.210512711,267339.52520754095,1.3415431663060944e-24,1.216977349629312,2.1646801869381704,102.36325688444167,365.3822713499102,0.49551010534129597,0.11670648578847781,0.14742759997107469,14.294058084487915
True,NHG,0.8,2,1.4,NHG_k0.80_s02.csv,202008.210512711,267339.52520754095,1.4164919362665378,1.0,34.1022171025638,135.0665136471755,280.72416827764465,0.6004335323998734,0.16611292457656401,0.09230368156342586,17.606274843215942
True,NHG,0.8,2,1.55,NHG_k0.80_s02.csv,202008.210512711,267339.52520754095,17.502080318586287,1.0,64.05362555171423,101.62340879440231,332.9403334743385,0.5944079806583026,0.1721835494884435,0.19487208913260223,18.909297943115234
True,NHG,0.8,2,1.7,NHG_k0.80_s02.csv,202008.210512711,267339.52520754095,71.30556025845391,1.0,61.71147174556284,114.4546791657391,333.8427636667703,0.6238345835082398,0.1723463037977308,0.07421210813581874,22.383827924728394
True,NHG,0.8,2,1.8,NHG_k0.80_s02.csv,202008.210512711,267339.52520754095,147.808658306767,1.0015015701481738,85.95315832519695,107.22177254526787,324.47855328260255,0.62850514442286,0.18246876003603874,0.07207445938414733,32.1320903301239
True,NHG,0.8,3,0.95,NHG_k0.80_s03.csv,181214.875660071,241047.38890366803,1.4915781995918891e-24,2.521718828416871,2.4593207228215306,249.9411479216622,345.49105921886945,0.5929198765817097,0.09609993448333509,0.10990144602652362,11.594702959060669
True,NHG,0.8,3,1.1,NHG_k0.80_s03.csv,181214.875660071,241047.38890366803,2.028824030483607e-24,1.8148426235086381,34.09093290573846,249.77234075365095,364.00701886505567,0.5988103260005094,0.09685415843317802,0.04316224643671305,11.906219720840454
True,NHG,0.8,3,1.25,NHG_k0.80_s03.csv,181214.875660071,241047.38890366803,1.3093828849220442e-24,2.763211549002998,1.9855560522601508,248.0401503525946,356.7056414706366,0.6058594000186557,0.10125509172004293,0.07532076862706605,12.352020978927612
True,NHG,0.8,3,1.4,NHG_k0.80_s03.csv,181214.875660071,241047.38890366803,5.2897351989520826e-24,2.2961618083613646,76.77909901180297,248.9356432996984,356.99409267925404,0.649107734481474,0.1200660546959299,0.10835787332026321,12.769447088241577
True,NHG,0.8,3,1.55,NHG_k0.80_s03.csv,181214.875660071,241047.38890366803,0.6063902080589274,1.0,49.90214338945393,204.74479312386887,339.90637564660176,0.7401059472897324,0.20420492452353478,0.04210167489104071,12.085456848144531
True,NHG,0.8,3,1.7,NHG_k0.80_s03.csv,181214.875660071,241047.38890366803,13.223224229862115,1.0,35.09480505597949,162.24454548917234,315.0634818419403,0.7105318292270483,0.22033922833923036,0.1128756977523139,13.157315254211426
True,NHG,0.8,3,1.8,NHG_k0.80_s03.csv,181214.875660071,241047.38890366803,45.136751355924225,1.0,84.28112450857667,136.58695577093826,343.8440216395745,0.669831787491777,0.15687018332962233,0.023640160415510605,13.350281000137329
True,NHG,0.8,4,0.95,NHG_k0.80_s04.csv,231628.16141071098,298938.534074873,27975.265013629203,1.0,97.21993247600642,132.42851335517582,294.7046737789618,0.5054688186825791,0.14923812738758147,0.14064470327642747,15.393497943878174
True,NHG,0.8,4,1.1,NHG_k0.80_s04.csv,231628.16141071098,298938.534074873,62668.99422439269,1.0,90.66808254993921,126.4872347022858,307.6690595372151,0.4908842618514622,0.1349865775157686,0.12635661621748243,15.744639873504639
True,NHG,0.8,4,1.25,NHG_k0.80_s04.csv,231628.16141071098,298938.534074873,143381.8597217873,1.0,71.1235126962538,128.09435359994217,328.5835642772719,0.492382468654696,0.1458927647215928,0.04716517376321708,14.416250944137573
True,NHG,0.8,4,1.4,NHG_k0.80_s04.csv,231628.16141071098,298938.534074873,291828.89364058396,1.0,49.60752036495851,137.4738829423536,259.37776838344723,0.49751337056345957,0.12593416828775228,0.15985829421536066,14.6783287525177
True,NHG,0.8,4,1.55,NHG_k0.80_s04.csv,231628.16141071098,298938.534074873,529549.4840072208,1.0,31.666251912279552,119.43689825685121,304.61570239613536,0.5110084499277294,0.14725244370424426,0.10306562144782389,15.726114988327026
True,NHG,0.8,4,1.7,NHG_k0.80_s04.csv,231628.16141071098,298938.534074873,878152.7081190653,1.0,82.42478178958622,137.1067947355158,266.97335652475806,0.5539322674047902,0.14614988857007571,0.04257773152026757,15.098655939102173
True,NHG,0.8,4,1.8,NHG_k0.80_s04.csv,231628.16141071098,298938.534074873,1182607.531432154,1.0,2.213556764189967,114.30446617747474,266.49118096540883,0.526468838471114,0.16425587811188735,0.19190384305250174,16.310315132141113
True,NHG,0.9,1,0.95,NHG_k0.90_s01.csv,265045.1311114955,554263.7007984595,1585766.7554854504,1.0063458670112588,1.8840748197181867,138.58135871098483,251.0552375563849,0.291443309703935,0.10909458863199628,0.1124123854124039,71.04739308357239
True,NHG,0.9,1,1.1,NHG_k0.90_s01.csv,265045.1311114955,554263.7007984595,2506721.025562841,1.0005697646581324,70.3245734147996,137.46835051277606,250.3459890975007,0.28855170546691034,0.10964059127753734,0.04963241054784273,65.71699786186218
True,NHG,0.9,1,1.25,NHG_k0.90_s01.csv,265045.1311114955,554263.7007984595,3757145.1097488157,1.0010068445666067,56.14194547005511,139.146427087154,250.91633156386968,0.29317382118752716,0.10876978394282732,0.13248770510486338,60.72125697135925
True,NHG,0.9,1,1.4,NHG_k0.90_s01.csv,265045.1311114955,554263.7007984595,5486331.016419413,1.0027633921367318,85.09735012945455,137.3859702241029,251.85154481386104,0.2888851259830378,0.10957186998372909,0.05564675118263538,60.180410861968994
True,NHG,0.9,1,1.55,NHG_k0.90_s01.csv,265045.1311114955,554263.7007984595,7725037.206846465,1.0026656896661184,49.645431778736814,137.761538898509,251.1994547968774,0.2908337035401315,0.1095271216774526,0.16954641896169487,61.313868045806885
True,NHG,0.9,1,1.7,NHG_k0.90_s01.csv,265045.1311114955,554263.7007984595,10690043.862837087,1.0050558902214057,82.45907855943264,137.7110931194806,251.25541554279832,0.2904978572286713,0.10938612528688277,0.15865372796600452,52.62667679786682
True,NHG,0.9,1,1.8,NHG_k0.90_s01.csv,265045.1311114955,554263.7007984595,13329100.094205905,1.0014270008012098,22.93259035865457,135.902667146925,251.09363413132812,0.2841470743684563,0.10994438053473754,0.10207495693957472,48.18640899658203
True,NHG,0.9,2,0.95,NHG_k0.90_s02.csv,265045.1311114955,465731.1519932854,604279.8858493704,1.0000561482420234,57.909179098367005,138.10938520599115,250.8955420135354,0.29510777383831804,0.10710994629961518,0.1103320109490761,72.32528901100159
True,NHG,0.9,2,1.1,NHG_k0.90_s02.csv,265045.1311114955,465731.1519932854,976142.0740252393,1.0013509494002328,83.1788734052676,136.3856013064888,250.64885930549718,0.29291133521322815,0.10830005179256408,0.12983597851360804,69.489581823349
True,NHG,0.9,2,1.25,NHG_k0.90_s02.csv,265045.1311114955,465731.1519932854,1546564.8876058399,1.0004693042806458,74.77886753377243,137.98895050315457,250.8834770047675,0.2959219317729263,0.1072629616316787,0.1696914089715459,65.800950050354
True,NHG,0.9,2,1.4,NHG_k0.90_s02.csv,265045.1311114955,465731.1519932854,2447085.122535285,1.000206556173469,80.24837512809401,138.9632048471241,250.44981605778864,0.2968178024092264,0.10654445200251034,0.10108262983421855,63.6996488571167
True,NHG,0.9,2,1.55,NHG_k0.90_s02.csv,265045.1311114955,465731.1519932854,3698940.7819054914,1.0001459175020153,86.3032166364487,137.80752925798723,250.0826616929927,0.2954422639092345,0.10741673095548765,0.06781798506434972,63.72115993499756
True,NHG,0.9,2,1.7,NHG_k0.90_s02.csv,265045.1311114955,465731.1519932854,5462135.190911151,1.002459522123659,72.4768722476481,136.80390663471746,252.64488878387488,0.2942246449858623,0.10774318860733556,0.17412013506702279,57.56492519378662
True,NHG,0.9,2,1.8,NHG_k0.90_s02.csv,265045.1311114955,465731.1519932854,6934278.522536138,1.0000090401210318,62.850890738232025,137.47873304450962,250.208359260473,0.29609220496754873,0.1076208371541183,0.14655373215576697,56.78715634346008
True,NHG,0.9,3,0.95,NHG_k0.90_s03.csv,265045.1311114955,485339.373934143,819536.7255388927,1.0074886286399907,64.35095968840622,134.7543184551797,251.1188096660388,0.2845682225336789,0.10851941775808638,0.06329839661468317,74.15315580368042
True,NHG,0.9,3,1.1,NHG_k0.90_s03.csv,265045.1311114955,485339.373934143,1345695.512052341,1.007611191365154,62.260290844048285,134.9314991026214,250.37766189431696,0.2849626408636863,0.10854376730381021,0.07592279156820028,67.63421702384949
True,NHG,0.9,3,1.25,NHG_k0.90_s03.csv,265045.1311114955,485339.373934143,2101139.0945270145,1.0024227208118437,63.005162559034765,135.53415935342244,251.73659494222233,0.28647692067327396,0.10805708657886426,0.05855773184249633,62.63802909851074
True,NHG,0.9,3,1.4,NHG_k0.90_s03.csv,265045.1311114955,485339.373934143,3224499.036221103,1.0033896490131777,80.77872274946964,135.65144822024158,250.14576882769842,0.2869004313274813,0.10802809391227064,0.07326258156950602,63.41646194458008
True,NHG,0.9,3,1.55,NHG_k0.90_s03.csv,265045.1311114955,485339.373934143,4866838.407242004,1.0038597745718905,66.95057693985684,132.91796862227966,250.39653799980078,0.2795081587279664,0.10928934669943025,0.03642393882382243,62.4695680141449
True,NHG,0.9,3,1.7,NHG_k0.90_s03.csv,265045.1311114955,485339.373934143,7083006.165357725,1.0025286466901802,75.80467239809782,134.85022106227882,250.12374405229565,0.28616546888281763,0.108493355708352,0.0656845562368952,57.13534736633301
True,NHG,0.9,3,1.8,NHG_k0.90_s03.csv,265045.1311114955,485339.373934143,9222951.631822154,1.0025050584465693,96.08228713419004,135.43389732673523,250.81122369319553,0.2865379712970948,0.10808601893202718,0.09541102121169909,57.34424710273743
True,NHG,0.9,4,0.95,NHG_k0.90_s04.csv,265045.1311114955,474928.64370552293,578762.9867889569,1.0020288938171729,88.96032370247909,135.10296982409827,250.09107339393623,0.29381630875190023,0.10777628950758988,0.1173910050815084,63.993478775024414
True,NHG,0.9,4,1.1,NHG_k0.90_s04.csv,265045.1311114955,474928.64370552293,922159.1273380823,1.0042997485045446,38.41257850804305,135.33852144002913,250.20216545990655,0.29451420276956597,0.10760216870602363,0.14132239965258378,64.18776202201843
True,NHG,0.9,4,1.25,NHG_k0.90_s04.csv,265045.1311114955,474928.64370552293,1391701.4732545572,1.0046965376362733,61.854108740252926,134.25056159731193,250.95099475432897,0.2922285630398182,0.10817124760578828,0.13004610452490822,62.83167219161987
True,NHG,0.9,4,1.4,NHG_k0.90_s04.csv,265045.1311114955,474928.64370552293,2061506.846702232,1.0009583507972448,92.48859684059785,134.80290368960024,251.56420269228514,0.29309484816117404,0.10773583319177915,0.09146406486862076,60.8820481300354
True,NHG,0.9,4,1.55,NHG_k0.90_s04.csv,265045.1311114955,474928.64370552293,3057490.9254131443,1.0084902825736113,81.05684116647345,134.90961063423723,250.0538913849712,0.2944215565884974,0.10781987845885183,0.01990951491187813,62.40263032913208
True,NHG,0.9,4,1.7,NHG_k0.90_s04.csv,265045.1311114955,474928.64370552293,4587146.39970415,1.0012153591681712,46.100486016382376,133.54287005210347,250.0751518879809,0.29184323038074056,0.1085080063738411,0.05685621907224201,58.23250198364258
True,NHG,0.9,4,1.8,NHG_k0.90_s04.csv,265045.1311114955,474928.64370552293,6044488.93301838,1.0086454137962515,87.2717061677788,134.05261379811765,250.78451626895858,0.2925823557984186,0.10808835711865578,0.08557310835381944,56.98632001876831
True,NHG,1.0,1,0.95,NHG_k1.00_s01.csv,288612.69656059996,599494.1678358002,1988878.0498598523,1.0093900977254455,92.20102274589148,109.99992420665787,252.01850207299316,0.01971574314770519,0.095462905951472,0.1998809247336418,60.73414492607117
True,NHG,1.0,1,1.1,NHG_k1.00_s01.csv,288612.69656059996,599494.1678358002,3008941.7985087377,1.0001437710406686,95.12256458386999,110.80768090809359,250.90238819598983,0.026347152709383637,0.09563849344652757,0.1999190337580611,64.27866005897522
True,NHG,1.0,1,1.25,NHG_k1.00_s01.csv,288612.69656059996,599494.1678358002,4625242.505561122,1.0053631697732592,90.3912831775592,109.21605786716533,250.75126921975763,0.014887863234950833,0.09552960378875522,0.19915593366750742,65.70891499519348
True,NHG,1.0,1,1.4,NHG_k1.00_s01.csv,288612.69656059996,599494.1678358002,6847335.111134356,1.006226251319989,97.27714313936592,117.65044694412316,253.18812438600747,0.07387566611161789,0.09534398564722485,0.19903781863439218,56.618626832962036
True,NHG,1.0,1,1.55,NHG_k1.00_s01.csv,288612.69656059996,599494.1678358002,10038539.124478312,1.002956870992549,95.71962655614485,110.39633233935507,250.47500692215596,0.021425767023059927,0.09552876222818524,0.19845388591851365,56.57877492904663
True,NHG,1.0,1,1.7,NHG_k1.00_s01.csv,288612.69656059996,599494.1678358002,14886519.707268491,1.0423332352864896,93.44848645088584,116.01969122183655,250.21034347297373,0.06419189923676799,0.09583186764007845,0.19779137965563914,53.579670906066895
True,NHG,1.0,1,1.8,NHG_k1.00_s01.csv,288612.69656059996,599494.1678358002,18812975.404496387,1.0043622582990777,99.53660542505472,119.38616609133268,255.23215350314712,0.08974412704915125,0.09520840374570144,0.19582228999601223,52.624457120895386
True,NHG,1.0,2,0.95,NHG_k1.00_s02.csv,220987.37781910005,440144.86572030006,71649.59105693051,1.001341817898348,19.76632387062568,137.11087856366404,250.0601494413363,0.5056928740500176,0.14039913378132785,0.10408948500598061,46.45517325401306
True,NHG,1.0,2,1.1,NHG_k1.00_s02.csv,220987.37781910005,440144.86572030006,179524.76609426131,1.0009627706665054,22.28336117090951,137.18249018741702,250.89053147128064,0.5059597528487827,0.14030537391536696,0.13915765533034183,49.99731206893921
True,NHG,1.0,2,1.25,NHG_k1.00_s02.csv,220987.37781910005,440144.86572030006,444030.15876867925,1.0014987248733074,25.068913164929292,137.62311261099057,253.85989769518397,0.5063743109449687,0.1397867357771499,0.19109709683817974,43.90192890167236
True,NHG,1.0,2,1.4,NHG_k1.00_s02.csv,220987.37781910005,440144.86572030006,966362.0930529713,1.002010227809464,2.371928715225245,137.5884992987907,251.0452053268886,0.5064714799435618,0.13981388004041,0.043026489957171614,40.72982597351074
True,NHG,1.0,2,1.55,NHG_k1.00_s02.csv,220987.37781910005,440144.86572030006,1864746.9582186607,1.000298604401634,30.627039462188744,137.07171090827478,257.25719653259387,0.5063806166260991,0.14021963444411212,0.16572668073764243,41.645374059677124
True,NHG,1.0,2,1.7,NHG_k1.00_s02.csv,220987.37781910005,440144.86572030006,3398078.6611921587,1.0016861098102847,39.73560781283854,136.53986780594013,254.15181852766023,0.5061475864017807,0.14075407166957388,0.09952187571012808,38.33842396736145
True,NHG,1.0,2,1.8,NHG_k1.00_s02.csv,220987.37781910005,440144.86572030006,4905388.057536705,1.0059385553578415,40.915501601648806,135.63528465437514,251.5748887522443,0.504594949780291,0.1410180391840109,0.1445918865635548,35.575265884399414
True,NHG,1.0,3,0.95,NHG_k1.00_s03.csv,240397.37722270004,505202.8403979,204996.15498925516,1.000909005270676,74.72507436216766,137.26033769556943,250.13358380143922,0.41866712510831366,0.12280596006902739,0.08283440181585466,50.093475103378296
True,NHG,1.0,3,1.1,NHG_k1.00_s03.csv,240397.37722270004,505202.8403979,390378.86972422624,1.000267605053939,97.65366593958855,136.56236624951248,250.32798008700047,0.4180791881249498,0.12329299058037435,0.0703857593488769,50.48350214958191
True,NHG,1.0,3,1.25,NHG_k1.00_s03.csv,240397.37722270004,505202.8403979,723372.2302708395,1.0028193771878384,58.43904912531149,136.00123852991976,250.88567964817526,0.41780795524759917,0.12360735415685986,0.12341847460867901,49.767236948013306
True,NHG,1.0,3,1.4,NHG_k1.00_s03.csv,240397.37722270004,505202.8403979,1254491.07109975,1.0046108196874697,60.62507876405297,135.63648795272832,250.95170658063108,0.4176607966358987,0.12387891360087311,0.045932484727926215,45.00962781906128
True,NHG,1.0,3,1.55,NHG_k1.00_s03.csv,240397.37722270004,505202.8403979,2049599.7468241171,1.0034515788052136,85.29881158497747,134.59310602504684,250.45092353529395,0.41588727605000725,0.12440374358733786,0.11288811270175972,43.30035591125488
True,NHG,1.0,3,1.7,NHG_k1.00_s03.csv,240397.37722270004,505202.8403979,3169915.344239359,1.0029930217358545,36.68810394232198,134.6203797838603,251.37127097086528,0.4164577997052811,0.12452890794807076,0.06297166850844144,44.738158226013184
True,NHG,1.0,3,1.8,NHG_k1.00_s03.csv,240397.37722270004,505202.8403979,4164197.9356857473,1.000984118891836,93.30132751139305,135.80959721005112,250.54940799858485,0.4172886844915094,0.12341490487253942,0.02133944947154373,40.433371782302856
True,NHG,1.0,4,0.95,NHG_k1.00_s04.csv,288612.69656059996,698325.1027321002,1524864.8736632736,1.0019767113393632,97.83993980601987,120.89588198267357,250.63111651016314,0.08913638507452265,0.09534557456521237,0.19983511729780165,73.0068187713623
True,NHG,1.0,4,1.1,NHG_k1.00_s04.csv,288612.69656059996,698325.1027321002,2436808.935196213,1.0064854075893046,97.97376085350336,114.06526655850959,250.75300477740097,0.04292352375314307,0.09540498120399371,0.19923330734948105,71.25507998466492
True,NHG,1.0,4,1.25,NHG_k1.00_s04.csv,288612.69656059996,698325.1027321002,3769451.3259561886,1.0056682362688592,99.60134054784791,118.1853478668759,250.03012149499335,0.07215659303927713,0.09521975903120111,0.1968743398578508,72.08414578437805
True,NHG,1.0,4,1.4,NHG_k1.00_s04.csv,288612.69656059996,698325.1027321002,5615050.512923561,1.0008316318680532,98.65636415038642,118.4808651197452,250.68842003050878,0.07375858403433383,0.09505729347934133,0.19860699146940125,71.03980112075806
True,NHG,1.0,4,1.55,NHG_k1.00_s04.csv,288612.69656059996,698325.1027321002,8354930.631144,1.0117715032775962,98.98361431180308,111.4868942402817,250.8999975277809,0.028330484587684612,0.09534614943966357,0.19627368414631047,67.33424520492554
True,NHG,1.0,4,1.7,NHG_k1.00_s04.csv,288612.69656059996,698325.1027321002,11761678.837387279,1.0022532620357452,94.26927848829536,116.90456949084562,252.06904461935807,0.06592145554982158,0.09481040261140662,0.1990634339158786,61.857081174850464
True,NHG,1.0,4,1.8,NHG_k1.00_s04.csv,288612.69656059996,698325.1027321002,14685508.341865962,1.0091745279332625,91.92908851471165,114.53244236744754,250.96052539238147,0.049814735909695006,0.09509549142885661,0.1998854215020343,61.32644510269165
True,NHG,1.15,1,0.95,NHG_k1.15_s01.csv,323964.04473425675,924940.9512545095,91937102.43954907,1.077521927277539,33.55311641395054,136.96997506643694,250.0826158850059,0.00015133315661532476,0.08016912306447205,0.02381555024271028,57.13568186759949
True,NHG,1.15,1,1.1,NHG_k1.15_s01.csv,323964.04473425675,924940.9512545095,97622695.16041175,1.0164409191296242,7.484492826993872,136.93969903086364,250.706103862359,0.000532815142679335,0.08017078682172742,0.011554805381241743,52.193854093551636
True,NHG,1.15,1,1.25,NHG_k1.15_s01.csv,323964.04473425675,924940.9512545095,102504075.9159963,1.073772695342275,2.0199541727738928,136.98625022583255,250.22050469144827,0.00022789986483081007,0.08006931775981352,0.02095564666549689,51.26359033584595
True,NHG,1.15,1,1.4,NHG_k1.15_s01.csv,323964.04473425675,924940.9512545095,113138989.00152403,1.0309549172792367,14.4127470486636,136.44219124555508,251.7017396844216,0.0007162198637255305,0.08040855236169431,0.015950935740787327,53.7316460609436
True,NHG,1.15,1,1.55,NHG_k1.15_s01.csv,323964.04473425675,924940.9512545095,119242646.82590802,1.0241737937917954,31.698011231434503,136.8993807331482,250.7709005578885,0.000455708273576912,0.08004515946558488,0.01855106264946055,54.36516499519348
True,NHG,1.15,1,1.7,NHG_k1.15_s01.csv,323964.04473425675,924940.9512545095,131353990.6138522,1.012946763591589,42.76860892621161,136.34008294243142,251.21586979089832,0.0006132863790412386,0.08038777934624775,0.02435574442898057,55.713727951049805
True,NHG,1.15,1,1.8,NHG_k1.15_s01.csv,323964.04473425675,924940.9512545095,138912736.24076346,1.010867630649852,13.898523421075916,137.27235042624775,251.08939840081982,0.0001809388030085957,0.07967561065750586,0.023431211279091164,56.1007022857666
True,NHG,1.15,2,0.95,NHG_k1.15_s02.csv,323964.04473425675,850923.6759587922,147785620.41994807,1.0824224101464301,62.50622630583877,138.76362110207197,251.31665013422838,0.00012156786279366602,0.08109825376809475,0.010096207597505536,48.42202377319336
True,NHG,1.15,2,1.1,NHG_k1.15_s02.csv,323964.04473425675,850923.6759587922,153468607.61179742,1.1651112427502648,22.645456978421198,137.99058141371745,251.35956408529228,0.0,0.08153967057277962,0.012829620454038813,51.76923489570618
True,NHG,1.15,2,1.25,NHG_k1.15_s02.csv,323964.04473425675,850923.6759587922,160988315.33740258,1.0,35.07740096876567,138.00055422389292,253.98334371966268,0.0,0.08137676603462737,0.024213975126184326,48.84383797645569
True,NHG,1.15,2,1.4,NHG_k1.15_s02.csv,323964.04473425675,850923.6759587922,172563141.60621578,1.0964830977606985,34.52979590667898,137.1262043274956,251.52187319911482,0.0002175026730216972,0.082093981210689,0.033997281969059524,47.86721110343933
True,NHG,1.15,2,1.55,NHG_k1.15_s02.csv,323964.04473425675,850923.6759587922,181897312.18488136,1.0302072131281481,29.067531050479932,138.70229316351555,250.0865029795585,0.0002768882486732793,0.08105701269151067,0.06748018601318573,53.20783996582031
True,NHG,1.15,2,1.7,NHG_k1.15_s02.csv,323964.04473425675,850923.6759587922,197337047.71199262,1.0309446007794758,64.726371876511,138.58121391693845,251.13473496758573,0.00017087287573247512,0.08113658893277442,0.08448835344492607,49.84611988067627
True,NHG,1.15,2,1.8,NHG_k1.15_s02.csv,323964.04473425675,850923.6759587922,206885144.50456053,1.0611126262120731,43.49095110317801,138.22071626012132,250.03117166929076,0.0007784591467226818,0.08135853396957247,0.053010518931244005,52.81605911254883
True,NHG,1.15,3,0.95,NHG_k1.15_s03.csv,309805.5261224667,1137489.668206537,61577.00838224117,1.0016075644450906,64.56397134142364,133.42221628077283,250.2169387717243,0.34885677881041516,0.1092163919221465,0.1069784828207328,62.617212772369385
True,NHG,1.15,3,1.1,NHG_k1.15_s03.csv,309805.5261224667,1137489.668206537,119035.33004064855,1.0011568708096508,67.3828820170697,130.97447462705205,250.83168952985739,0.33974377981764275,0.10916858117048567,0.04754002246299837,59.61195087432861
True,NHG,1.15,3,1.25,NHG_k1.15_s03.csv,309805.5261224667,1137489.668206537,234471.63358404435,1.000949527252136,67.46066798732053,133.3020484277136,251.89762798894927,0.34915713075004695,0.10912126130864047,0.13270597409017348,65.39213681221008
True,NHG,1.15,3,1.4,NHG_k1.15_s03.csv,309805.5261224667,1137489.668206537,500012.01260476373,1.0079164232435076,69.40317405150324,134.00792579348715,251.1112459509116,0.3518416237097527,0.10918228029598442,0.1990507295793551,62.33451008796692
True,NHG,1.15,3,1.55,NHG_k1.15_s03.csv,309805.5261224667,1137489.668206537,1054375.8470423417,1.0006715835657127,57.07802488243353,129.98382919450958,250.69302503904044,0.3366380957542826,0.10890893267600127,0.10594759807590091,65.45058727264404
True,NHG,1.15,3,1.7,NHG_k1.15_s03.csv,309805.5261224667,1137489.668206537,2021163.6472522684,1.0001888913367938,47.441660605585135,132.28855169103971,250.56817084879543,0.34560434759233266,0.1091922151914736,0.17452898139895756,58.853885889053345
True,NHG,1.15,3,1.8,NHG_k1.15_s03.csv,309805.5261224667,1137489.668206537,2964795.5309913354,1.0005900934477066,46.5680666405663,131.8959924506505,250.31762729574493,0.34453174491928396,0.10908136331685431,0.18035335530360785,59.57863402366638
True,NHG,1.15,4,0.95,NHG_k1.15_s04.csv,263308.44717616675,873453.1107140196,402270.5228856833,1.0016201383070296,58.4989939506513,115.5965381952066,254.60678718218702,0.3688065543905951,0.11540993500253743,0.1992324168365432,61.57755184173584
True,NHG,1.15,4,1.1,NHG_k1.15_s04.csv,263308.44717616675,873453.1107140196,720582.1083600635,1.0001428753810646,51.77533499625435,115.96778750182844,252.0531943599329,0.3697423346613839,0.11521698704066165,0.03190517896686444,63.97735786437988
True,NHG,1.15,4,1.25,NHG_k1.15_s04.csv,263308.44717616675,873453.1107140196,1235250.150093499,1.0021018752124635,38.44792281853687,116.16782215155035,250.68029034977445,0.37048779739582777,0.11525593267100026,0.007280734632044747,60.69153594970703
True,NHG,1.15,4,1.4,NHG_k1.15_s04.csv,263308.44717616675,873453.1107140196,2024235.008743141,1.0028850387873955,54.884123072392576,116.8984655903831,250.8595175396273,0.37067084521235544,0.11468916180154942,0.027236741308632434,53.09246277809143
True,NHG,1.15,4,1.55,NHG_k1.15_s04.csv,263308.44717616675,873453.1107140196,3119471.8761016596,1.0017913388835256,58.35999538621627,115.84168271471877,254.9687631941096,0.37058630972342904,0.11523720847852836,0.01095414367559197,50.012848138809204
True,NHG,1.15,4,1.7,NHG_k1.15_s04.csv,263308.44717616675,873453.1107140196,4719503.564681145,1.0053372189194207,46.22007588618185,116.94155277725692,252.80165990178904,0.3717908975524502,0.11461968121619492,0.09294388019655672,44.41913032531738
True,NHG,1.15,4,1.8,NHG_k1.15_s04.csv,263308.44717616675,873453.1107140196,6126362.416161512,1.0018820178408572,74.70088026096964,116.12497006885377,260.4458799932606,0.37033740413681865,0.11476019746306615,0.036885118054308635,43.37082314491272
True,NHG,1.3,1,0.95,NHG_k1.30_s01.csv,359315.39290791354,1007493.4928195172,1809627816.578058,2.3981150537788305,57.19182750830403,136.9999999903149,251.81498190529814,0.0,0.09694369462258917,0.0,25.664849758148193
True,NHG,1.3,1,1.1,NHG_k1.30_s01.csv,359315.39290791354,1007493.4928195172,1806411506.4224072,1.0,72.11878302397338,136.99879076858403,255.01588234453462,0.0,0.09681886639596275,0.01812279377791312,29.37773895263672
True,NHG,1.3,1,1.25,NHG_k1.30_s01.csv,359315.39290791354,1007493.4928195172,1795819627.2525172,1.0,17.218086524445255,137.9488268217073,250.0,0.0,0.09617655349668643,0.0,27.962160110473633
True,NHG,1.3,1,1.4,NHG_k1.30_s01.csv,359315.39290791354,1007493.4928195172,1806937969.7707462,1.0,58.27590335366476,138.00000000727306,250.0,0.0,0.0960929599372327,0.0,32.925370931625366
True,NHG,1.3,1,1.55,NHG_k1.30_s01.csv,359315.39290791354,1007493.4928195172,1814476946.3439007,1.0,53.41647264640201,136.99926181082492,250.0,0.0,0.09685257338727374,0.016559625634657252,32.239301919937134
True,NHG,1.3,1,1.7,NHG_k1.30_s01.csv,359315.39290791354,1007493.4928195172,1829737130.4079661,1.0,43.52739436242869,137.00000129636715,250.0,0.0,0.09680466181782099,0.0,30.37894105911255
True,NHG,1.3,1,1.8,NHG_k1.30_s01.csv,359315.39290791354,1007493.4928195172,1872487153.985087,1.1846590444742449,33.76839813187732,136.8597179543282,253.87396527949937,0.0,0.09676442891097395,0.012620952311290928,28.089767932891846
True,NHG,1.3,2,0.95,NHG_k1.30_s02.csv,359315.39290791354,1525477.7646081876,1932829018.647712,1.7773607932201743,56.98920287013356,146.99999999051064,252.30305318002212,0.0,0.08401707732668015,0.01767072941477418,31.49187207221985
True,NHG,1.3,2,1.1,NHG_k1.30_s02.csv,359315.39290791354,1525477.7646081876,1917948829.2739835,1.0,32.86223290740567,146.9551218410162,251.08026842575168,0.0,0.08410301592380191,0.0,27.192143201828003
True,NHG,1.3,2,1.25,NHG_k1.30_s02.csv,359315.39290791354,1525477.7646081876,1957922009.2332594,1.2480927567407178,50.81061752115681,146.99925019355646,258.3910955567322,0.0,0.08348464336887096,0.019197531921898072,30.015857934951782
True,NHG,1.3,2,1.4,NHG_k1.30_s02.csv,359315.39290791354,1525477.7646081876,1944397040.1123705,1.0,42.19568603699583,146.99999999404946,252.01576609812548,0.0,0.08391460458828644,0.005458274602633684,32.72208523750305
True,NHG,1.3,2,1.55,NHG_k1.30_s02.csv,359315.39290791354,1525477.7646081876,1955201895.4679224,1.0,19.18890482880069,146.99999997998236,250.0,0.0,0.08442874547528874,0.0,32.482542991638184
True,NHG,1.3,2,1.7,NHG_k1.30_s02.csv,359315.39290791354,1525477.7646081876,1977420166.6302223,1.0,63.78413805452375,146.99999998814675,250.37853578461431,0.0,0.08405605189442616,0.0,30.76010012626648
True,NHG,1.3,2,1.8,NHG_k1.30_s02.csv,359315.39290791354,1525477.7646081876,1996121193.8580818,1.0,30.907094018201004,146.906221092203,252.95446565706118,0.0,0.08380730822341727,0.0,29.727649211883545
True,NHG,1.3,3,0.95,NHG_k1.30_s03.csv,359315.39290791354,1108118.5371241726,1445555247.8328233,1.0,3.9242935955017435,137.05724238870033,250.0,0.0,0.09420866092205012,0.0,32.84905004501343
True,NHG,1.3,3,1.1,NHG_k1.30_s03.csv,359315.39290791354,1108118.5371241726,1468670325.835874,1.116178634924608,59.52687844290703,137.64764231778713,253.14366889759177,0.0,0.09361216080485946,0.009112782759142332,28.324490070343018
True,NHG,1.3,3,1.25,NHG_k1.30_s03.csv,359315.39290791354,1108118.5371241726,1463846906.733647,1.0519579987493526,50.39761367193009,136.80092820005834,251.16172654166238,0.0,0.09429173516773776,0.0,29.93513798713684
True,NHG,1.3,3,1.4,NHG_k1.30_s03.csv,359315.39290791354,1108118.5371241726,1464638880.6268494,1.0,11.036837403602165,137.31071988845355,250.0,0.0,0.09387069180565924,0.0,30.685571908950806
True,NHG,1.3,3,1.55,NHG_k1.30_s03.csv,359315.39290791354,1108118.5371241726,1472888835.9480798,1.0,5.116730871481995,137.01261212354692,250.0,0.0,0.09405859878731994,0.0,33.841821908950806
True,NHG,1.3,3,1.7,NHG_k1.30_s03.csv,359315.39290791354,1108118.5371241726,1485617584.63094,1.0,53.84516928614068,137.00012810269433,250.0,0.0,0.09402493844834342,0.0,34.0778489112854
True,NHG,1.3,3,1.8,NHG_k1.30_s03.csv,359315.39290791354,1108118.5371241726,1493540863.7628603,1.0,4.407998337084903,136.9999999955096,250.0,0.0,0.09398313657111093,0.0,32.301554918289185
True,NHG,1.3,4,0.95,NHG_k1.30_s04.csv,359315.39290791354,1046595.1670774486,3400753398.3486066,1.0,39.71852605638682,143.56541721082615,250.0,0.0,0.08834549419077262,0.0,26.667877912521362
True,NHG,1.3,4,1.1,NHG_k1.30_s04.csv,359315.39290791354,1046595.1670774486,3410807555.135063,1.0,19.999478628299975,142.45325797254208,250.0,0.0,0.08914411517763995,0.0,29.154967069625854
True,NHG,1.3,4,1.25,NHG_k1.30_s04.csv,359315.39290791354,1046595.1670774486,3412845683.003165,1.0,37.66174791536455,143.5596340530717,250.0,0.0,0.0882829412935643,0.0,30.53444766998291
True,NHG,1.3,4,1.4,NHG_k1.30_s04.csv,359315.39290791354,1046595.1670774486,3422040613.2155733,1.0,26.266398908539955,143.0119573474951,250.0,0.0,0.0883221834647126,0.0,28.368210077285767
True,NHG,1.3,4,1.55,NHG_k1.30_s04.csv,359315.39290791354,1046595.1670774486,3433481211.260059,1.0,12.558825903101681,143.51493560458908,250.0,0.0,0.08827948486771857,0.0,32.66776394844055
True,NHG,1.3,4,1.7,NHG_k1.30_s04.csv,359315.39290791354,1046595.1670774486,3454473239.3940315,1.0,47.58979155268389,143.00000010619013,251.27459819529201,0.0,0.08783321759560205,0.01654474695817106,28.28232502937317
True,NHG,1.3,4,1.8,NHG_k1.30_s04.csv,359315.39290791354,1046595.1670774486,3458382248.850682,1.0,0.0,143.02278903934177,250.0,0.0,0.08822501072866204,0.0,32.399954080581665
True,NHG,1.45,1,0.95,NHG_k1.45_s01.csv,396189.0245545202,1548955.4731142288,12347006609.727537,1.0,16.93556554237577,139.00330653061025,250.0,0.0,0.10060674863170536,0.0,21.971811771392822
True,NHG,1.45,1,1.1,NHG_k1.45_s01.csv,396189.0245545202,1548955.4731142288,12350289991.05714,1.0,16.61727759813758,139.00000001121958,250.0,0.0,0.10056976572319595,0.0,27.24596405029297
True,NHG,1.45,1,1.25,NHG_k1.45_s01.csv,396189.0245545202,1548955.4731142288,12356335359.598942,1.0,57.875432785084634,139.00000000140756,250.0,0.0,0.10045152140408574,0.0,20.532556772232056
True,NHG,1.45,1,1.4,NHG_k1.45_s01.csv,396189.0245545202,1548955.4731142288,12361703048.026333,1.0,6.795597173016011,138.99999512625283,250.0,0.0,0.10049066473517997,0.0,23.785902976989746
True,NHG,1.45,1,1.55,NHG_k1.45_s01.csv,396189.0245545202,1548955.4731142288,12371180926.0662,1.0,41.545507724060265,139.00000211418052,250.0,0.0,0.10045108390468326,0.0,20.996923685073853
True,NHG,1.45,1,1.7,NHG_k1.45_s01.csv,396189.0245545202,1548955.4731142288,12381969937.181835,1.0,10.046021445044103,139.00000000169004,250.0,0.0,0.10041122202085952,0.0,22.648998975753784
True,NHG,1.45,1,1.8,NHG_k1.45_s01.csv,396189.0245545202,1548955.4731142288,12391455918.134945,1.0,14.332763090492833,139.00000463448708,250.0,0.0,0.10027734232008431,0.0,22.225434064865112
True,NHG,1.45,2,0.95,NHG_k1.45_s02.csv,325696.9172832203,1280099.6712238728,9230433.401916198,1.0157105428529947,42.035341726884525,105.32719675005639,250.8268481029327,0.01196193883015066,0.08844922991357507,0.2,51.85311985015869
True,NHG,1.45,2,1.1,NHG_k1.45_s02.csv,325696.9172832203,1280099.6712238728,14151356.899215925,1.0050173167086787,43.77752357745929,102.67451177801138,259.1067708982001,0.0042716690637031075,0.08760800040602466,0.1998618611648768,53.73093509674072
True,NHG,1.45,2,1.25,NHG_k1.45_s02.csv,325696.9172832203,1280099.6712238728,20599666.808408193,1.0083330749136077,54.69585029073423,104.37357103130488,254.39889545586558,0.010762477403666815,0.0891166103214357,0.1945618955865702,48.929506063461304
True,NHG,1.45,2,1.4,NHG_k1.45_s02.csv,325696.9172832203,1280099.6712238728,28706284.597095232,1.0097088869764628,57.96076869400205,104.98445535514789,252.1509871303663,0.01191549344027634,0.08821891986074815,0.1932100408993339,43.528481006622314
True,NHG,1.45,2,1.55,NHG_k1.45_s02.csv,325696.9172832203,1280099.6712238728,39064335.93109492,1.0246893489665927,55.09062168733935,106.32262351390072,252.78684275534968,0.022636025305682157,0.08844265292607899,0.17767001018870646,49.99561786651611
True,NHG,1.45,2,1.7,NHG_k1.45_s02.csv,325696.9172832203,1280099.6712238728,51923178.23649583,1.024834839760077,49.473419083229274,105.38168670327757,251.45689631444966,0.009928308274007702,0.08729293592517773,0.18205289951562964,43.915934801101685
True,NHG,1.45,2,1.8,NHG_k1.45_s02.csv,325696.9172832203,1280099.6712238728,61763750.580935985,1.0495064388815671,42.705888280069495,108.3571089686256,251.7358927195176,0.033868833129722165,0.08804091276098241,0.1612200408725608,42.53493094444275
True,NHG,1.45,3,0.95,NHG_k1.45_s03.csv,394666.7410815703,1421743.462533169,3448568173.4547224,1.0,30.217311994378605,137.03005578332463,250.0,0.0,0.0933404553580712,0.015353534704623573,25.10342001914978
True,NHG,1.45,3,1.1,NHG_k1.45_s03.csv,394666.7410815703,1421743.462533169,3453478413.739506,1.0,33.238710257525376,136.9999885095644,250.0,0.0,0.09331586806764815,0.016664344402320494,26.171761989593506
True,NHG,1.45,3,1.25,NHG_k1.45_s03.csv,394666.7410815703,1421743.462533169,3461055593.7883964,1.0,17.29681221323031,137.05364982380502,250.16598904909426,0.0,0.09324209117565523,0.016663774567013616,27.49797296524048
True,NHG,1.45,3,1.4,NHG_k1.45_s03.csv,394666.7410815703,1421743.462533169,3470383208.0973816,1.0,44.84714669715171,137.00000000513324,250.0,0.0,0.09274785648193906,0.0,27.45457696914673
True,NHG,1.45,3,1.55,NHG_k1.45_s03.csv,394666.7410815703,1421743.462533169,3479211359.1497164,1.0,40.84157597139808,137.00000005841343,250.0,0.0,0.09310989764203016,0.0,28.365369081497192
True,NHG,1.45,3,1.7,NHG_k1.45_s03.csv,394666.7410815703,1421743.462533169,3491116722.8811107,1.0,7.894872606634484,137.00000011396085,250.0,0.0,0.09310531480989301,0.0,26.344592809677124
True,NHG,1.45,3,1.8,NHG_k1.45_s03.csv,394666.7410815703,1421743.462533169,3501096434.1728954,1.0,2.2782433765764387,137.00000004757345,250.0,0.0,0.09281610363816557,0.0,27.46053409576416
True,NHG,1.45,4,0.95,NHG_k1.45_s04.csv,394666.7410815703,1470873.0210122191,6026983811.325968,1.0,14.323727748011374,138.8462807884506,250.0,0.0,0.09549778208642105,0.0,29.26636290550232
True,NHG,1.45,4,1.1,NHG_k1.45_s04.csv,394666.7410815703,1470873.0210122191,6030486764.409138,1.0,14.804894371179614,138.84817330418073,250.0,0.0,0.0954427129034016,0.0,29.08170795440674
True,NHG,1.45,4,1.25,NHG_k1.45_s04.csv,394666.7410815703,1470873.0210122191,6035836046.926244,1.0,8.7405321971138,138.0000000265705,250.0,0.0,0.09538621447950964,0.0,28.84447407722473
True,NHG,1.45,4,1.4,NHG_k1.45_s04.csv,394666.7410815703,1470873.0210122191,6043959776.274348,1.0,40.333416526863516,138.01855818885628,250.0,0.0,0.09533640851034184,0.0,27.780214071273804
True,NHG,1.45,4,1.55,NHG_k1.45_s04.csv,394666.7410815703,1470873.0210122191,6054463705.75914,1.0,47.63848058180804,138.08373733331118,250.0,0.0,0.09528597931923462,0.0,29.20754098892212
True,NHG,1.45,4,1.7,NHG_k1.45_s04.csv,394666.7410815703,1470873.0210122191,6065038997.616799,1.0,16.763713012910607,138.00275823807408,250.0,0.0,0.09522042504158175,0.0,27.39327096939087
True,NHG,1.45,4,1.8,NHG_k1.45_s04.csv,394666.7410815703,1470873.0210122191,6075184830.855916,1.0,25.108965877866844,138.00000061173063,250.0,0.0,0.09518309572072889,0.0,33.18811917304993
True,NHG,1.6,1,0.95,NHG_k1.60_s01.csv,337253.10795065964,1458712.4785578612,11448169.79890291,1.0017475462617362,73.371620682721,122.78655815424752,250.40796071700063,0.015767410759035694,0.08288813400202516,0.19934092210687132,54.59445285797119
True,NHG,1.6,1,1.1,NHG_k1.60_s01.csv,337253.10795065964,1458712.4785578612,17270504.383005805,1.0084386399943446,57.8260961717,119.87125178912467,251.17959797795777,0.0006303865494857175,0.08485240904691782,0.19989678307140613,55.41578817367554
True,NHG,1.6,1,1.25,NHG_k1.60_s01.csv,337253.10795065964,1458712.4785578612,25454544.924853012,1.0071850215230138,59.8469900263791,120.61288605641647,252.25025072294096,0.010065752902713054,0.0843993408899576,0.19432569204289524,52.150962829589844
True,NHG,1.6,1,1.4,NHG_k1.60_s01.csv,337253.10795065964,1458712.4785578612,35737519.38843105,1.007128232028008,90.11215418610685,118.93137400975863,252.5933556336023,0.001965783588135428,0.08550646486713132,0.1964100663923347,42.79567074775696
True,NHG,1.6,1,1.55,NHG_k1.60_s01.csv,337253.10795065964,1458712.4785578612,50333402.18491627,1.008536379343952,81.11387334021674,119.58486590326146,252.63491089037143,0.0028585145667848755,0.08513540154242383,0.1827980563877678,47.622015953063965
True,NHG,1.6,1,1.7,NHG_k1.60_s01.csv,337253.10795065964,1458712.4785578612,67916094.04100746,1.000357517602011,31.985693298863453,121.48964388108456,250.3363078512626,0.017523764313937703,0.08469398767036385,0.18134674981854662,42.86254096031189
True,NHG,1.6,1,1.8,NHG_k1.60_s01.csv,337253.10795065964,1458712.4785578612,81093856.09564602,1.0076420402186654,78.59790992887045,119.4866277175736,253.29027207328178,0.007851932012313989,0.08477287978470399,0.14812774274338786,41.45222020149231
True,NHG,1.6,2,0.95,NHG_k1.60_s02.csv,430018.089255227,1891308.7501521087,5689122839.655292,2.243933686871411,17.161789114825847,137.87211877871704,251.4019644958317,0.0,0.1009258212171375,0.10916516914556511,20.960532903671265
True,NHG,1.6,2,1.1,NHG_k1.60_s02.csv,430018.089255227,1891308.7501521087,5650551472.17668,1.0,12.784947712835802,138.00000158645517,250.0,0.0,0.10100427734294068,0.01688638716460234,23.12604594230652
True,NHG,1.6,2,1.25,NHG_k1.60_s02.csv,430018.089255227,1891308.7501521087,5684553814.082453,1.0,63.17249726586045,137.99999999735715,253.36987780895421,0.0,0.10020187967939125,0.0,22.887511014938354
True,NHG,1.6,2,1.4,NHG_k1.60_s02.csv,430018.089255227,1891308.7501521087,5672475596.781075,1.0,9.31371017363877,137.9999999950508,250.0,0.0,0.10088758949318627,0.0,22.69627809524536
True,NHG,1.6,2,1.55,NHG_k1.60_s02.csv,430018.089255227,1891308.7501521087,5692681399.762875,1.0,36.91192950116943,137.9999999893353,250.0,0.0,0.10085059011821826,0.07605661821482056,22.608028173446655
True,NHG,1.6,2,1.7,NHG_k1.60_s02.csv,430018.089255227,1891308.7501521087,5706001940.928425,1.0,17.659118030819165,137.9998050273242,250.0,0.0,0.10076033051574508,0.0,26.997069835662842
True,NHG,1.6,2,1.8,NHG_k1.60_s02.csv,430018.089255227,1891308.7501521087,5720939364.327242,1.0,53.48323214324821,137.99970211896098,250.0,0.0,0.10071818647082335,0.0,22.10707426071167
True,NHG,1.6,3,0.95,NHG_k1.60_s03.csv,430018.089255227,1772258.5775467453,5825720143.063056,1.0,60.91846144107446,137.0000000074085,250.0,0.0,0.08470425842211644,0.0,27.06727695465088
True,NHG,1.6,3,1.1,NHG_k1.60_s03.csv,430018.089255227,1772258.5775467453,5829200688.3753805,1.0,44.59206802303371,137.11402528085384,250.0,0.0,0.0841066033866653,0.01845865110314311,28.315277814865112
True,NHG,1.6,3,1.25,NHG_k1.60_s03.csv,430018.089255227,1772258.5775467453,5835690438.628785,1.0,33.515859452957976,137.00000000831406,250.0,0.0,0.08363083464650287,0.015210193071431293,28.138986825942993
True,NHG,1.6,3,1.4,NHG_k1.60_s03.csv,430018.089255227,1772258.5775467453,5843184225.959953,1.0,0.0,136.99999999920226,250.0,0.0,0.08367578857516698,0.0,26.43889594078064
True,NHG,1.6,3,1.55,NHG_k1.60_s03.csv,430018.089255227,1772258.5775467453,5854315092.435713,1.0,22.208795865891958,137.00000019689867,250.0,0.0,0.08437699279134508,0.0,29.387290954589844
True,NHG,1.6,3,1.7,NHG_k1.60_s03.csv,430018.089255227,1772258.5775467453,5867629634.650341,1.0,28.951100130099217,136.99999999911216,250.0,0.0,0.08364063989949017,0.0,25.685017108917236
True,NHG,1.6,3,1.8,NHG_k1.60_s03.csv,430018.089255227,1772258.5775467453,5883569953.389686,1.0,71.1787278795468,137.00000026357935,250.0,0.0,0.08346051130178965,0.0,25.25483202934265
True,NHG,1.6,4,0.95,NHG_k1.60_s04.csv,430018.089255227,1594812.8897293273,9701503538.7038,1.0,51.0387207924299,137.00000000446215,250.0,0.0,0.09550441325291696,0.016693510314858676,22.680299043655396
True,NHG,1.6,4,1.1,NHG_k1.60_s04.csv,430018.089255227,1594812.8897293273,9704406009.1223,1.0,2.2669741820241924,137.00000011836664,250.0,0.0,0.09545022732972884,0.0,24.731956958770752
True,NHG,1.6,4,1.25,NHG_k1.60_s04.csv,430018.089255227,1594812.8897293273,9712865165.938608,1.0,25.20467502003215,137.0000000141327,250.0,0.0,0.09538177394220322,0.0,28.54730200767517
True,NHG,1.6,4,1.4,NHG_k1.60_s04.csv,430018.089255227,1594812.8897293273,9722801277.712818,1.0,11.875841972103535,137.00000017555269,250.0,0.0,0.09544197308160776,0.016195946505297206,23.42266821861267
True,NHG,1.6,4,1.55,NHG_k1.60_s04.csv,430018.089255227,1594812.8897293273,9735997163.268494,1.0,26.11004172183485,137.0000000979914,250.0,0.0,0.09529987068539796,0.016032594964787764,25.354224920272827
True,NHG,1.6,4,1.7,NHG_k1.60_s04.csv,430018.089255227,1594812.8897293273,9753165247.731184,1.0,32.50937690690056,137.00934017417285,250.0,0.0,0.09523524468448212,0.0,24.409555912017822
True,NHG,1.6,4,1.8,NHG_k1.60_s04.csv,430018.089255227,1594812.8897293273,9773070638.589348,1.0,58.90336937661945,137.00415446075797,250.41835962918995,0.0,0.0951995193952312,0.016939020200007263,25.55438804626465
True,NHG,1.8,1,0.95,NHG_k1.80_s01.csv,477153.22015343595,2866934.5679357722,21444236528.57865,1.0,36.34423090718105,137.0000000001766,260.7452073084573,0.0,0.0907788505322594,0.0,20.402769327163696
True,NHG,1.8,1,1.1,NHG_k1.80_s01.csv,477153.22015343595,2866934.5679357722,21391610062.471424,1.0,2.7484686420175133,137.00349438362065,250.0,0.0,0.09121833133362518,0.0,20.793201208114624
True,NHG,1.8,1,1.25,NHG_k1.80_s01.csv,477153.22015343595,2866934.5679357722,21440332293.992664,1.0,1.7563420390995936,137.3710793186242,257.38976170640024,0.0,0.09063207104809805,0.0,22.59009623527527
True,NHG,1.8,1,1.4,NHG_k1.80_s01.csv,477153.22015343595,2866934.5679357722,21419428180.140728,1.0,52.32697934743344,136.99999999520077,250.0,0.0,0.09163171738290361,0.0,21.526708841323853
True,NHG,1.8,1,1.55,NHG_k1.80_s01.csv,477153.22015343595,2866934.5679357722,21421690233.54444,1.0,35.04025653294667,137.00069264376165,250.0,0.0,0.09111325533726822,0.0,21.314098119735718
True,NHG,1.8,1,1.7,NHG_k1.80_s01.csv,477153.22015343595,2866934.5679357722,21435978161.569283,1.0,19.218219470346305,137.49771578314127,250.0,0.0,0.09046440623261165,0.0,21.788135051727295
True,NHG,1.8,1,1.8,NHG_k1.80_s01.csv,477153.22015343595,2866934.5679357722,21443173366.29724,1.0,0.0,137.00000035321747,250.0,0.0,0.09049212218397486,0.0,22.674182891845703
True,NHG,1.8,2,0.95,NHG_k1.80_s02.csv,477153.22015343595,2758308.498907156,17027116379.390919,1.0,23.017988592337996,142.99999974976387,250.0,0.0,0.08631982781604285,0.0,24.874477863311768
True,NHG,1.8,2,1.1,NHG_k1.80_s02.csv,477153.22015343595,2758308.498907156,17093972917.510384,1.0,34.158266554139395,141.95264257217033,268.79049196986847,0.0,0.08663863868616224,0.0,23.57780408859253
True,NHG,1.8,2,1.25,NHG_k1.80_s02.csv,477153.22015343595,2758308.498907156,16988917288.415844,1.0,1.4978785540614303,142.6154960446307,252.81100206032363,0.0,0.08694679470136883,0.0,27.244543075561523
True,NHG,1.8,2,1.4,NHG_k1.80_s02.csv,477153.22015343595,2758308.498907156,17072481728.958158,1.2201513797479504,59.32915603631386,142.93806957172305,257.40290636421014,0.0,0.08631416164420817,0.006254058989816639,24.256030082702637
True,NHG,1.8,2,1.55,NHG_k1.80_s02.csv,477153.22015343595,2758308.498907156,17071941038.775917,1.0,74.42699772819077,142.3500851970677,252.45915759664885,0.0,0.0869497944242188,0.0,24.999340057373047
True,NHG,1.8,2,1.7,NHG_k1.80_s02.csv,477153.22015343595,2758308.498907156,17007922987.166307,1.0,38.35532858560489,142.51654994607182,252.1654866951743,0.0,0.08693468847569948,0.0,27.65275001525879
True,NHG,1.8,2,1.8,NHG_k1.80_s02.csv,477153.22015343595,2758308.498907156,17017635397.39985,1.0,43.69147754477828,142.50425848733718,252.1764724260591,0.0,0.08691462581475934,0.0,29.708237886428833
True,NHG,1.8,3,0.95,NHG_k1.80_s03.csv,303923.99167193606,2066637.499281492,2000078814.9864538,1.0,21.74694798928825,116.45633049935967,254.6810902514657,0.0,0.09486342633407586,0.0,31.76359510421753
True,NHG,1.8,3,1.1,NHG_k1.80_s03.csv,303923.99167193606,2066637.499281492,2003618256.7201817,1.0,11.998243015110308,116.33802978322126,254.59359413437855,0.0,0.0948997526284449,0.0,32.69030690193176
True,NHG,1.8,3,1.25,NHG_k1.80_s03.csv,303923.99167193606,2066637.499281492,2018916826.3300657,1.0,12.430787988439906,117.9153303238385,256.11775240245606,0.0,0.09378462643157398,0.04419439769428228,32.9187798500061
True,NHG,1.8,3,1.4,NHG_k1.80_s03.csv,303923.99167193606,2066637.499281492,2013138612.4242704,1.0,24.978782013898666,116.08921643367958,254.5848802723925,0.0,0.09488024429084704,0.043073890505962324,32.63875699043274
True,NHG,1.8,3,1.55,NHG_k1.80_s03.csv,303923.99167193606,2066637.499281492,2040978017.1523268,1.0,19.439732115132024,116.9999999905242,258.05643773854104,0.0,0.09418684360711264,0.0,29.447631120681763
True,NHG,1.8,3,1.7,NHG_k1.80_s03.csv,303923.99167193606,2066637.499281492,2037860807.8335464,1.1338540084663862,32.65261233669326,116.7355721050335,254.90218976482387,0.0,0.09441944139699343,0.03995359953463275,30.89335298538208
True,NHG,1.8,3,1.8,NHG_k1.80_s03.csv,303923.99167193606,2066637.499281492,2035602331.7011452,1.0,23.16008259227476,117.89232168688997,253.32167003340757,0.0,0.09369219692578067,0.04386707607009974,32.369967222213745
True,NHG,1.8,4,0.95,NHG_k1.80_s04.csv,415159.75422911596,2588353.6239578323,8576915042.354368,1.0,11.479434581084368,134.86271994831841,250.0,0.0,0.08640038905425197,0.0005424255843750059,24.548362016677856
True,NHG,1.8,4,1.1,NHG_k1.80_s04.csv,415159.75422911596,2588353.6239578323,8583592973.276652,1.0,35.660641726163355,134.96067808206794,250.0,0.0,0.08627248875299477,0.0,23.03307294845581
True,NHG,1.8,4,1.25,NHG_k1.80_s04.csv,415159.75422911596,2588353.6239578323,8583137231.388566,1.0,27.937449074617213,134.8448508373418,250.0,0.0,0.08640771736407203,0.0,23.18025016784668
True,NHG,1.8,4,1.4,NHG_k1.80_s04.csv,415159.75422911596,2588353.6239578323,8582934994.730212,1.0,0.0,134.9521501224645,250.0,0.0,0.08626831901737508,0.0,25.429473161697388
True,NHG,1.8,4,1.55,NHG_k1.80_s04.csv,415159.75422911596,2588353.6239578323,8596469429.024158,1.0,37.387208542585796,134.98069804237414,250.0,0.0,0.08622582256755812,0.0,23.341264963150024
True,NHG,1.8,4,1.7,NHG_k1.80_s04.csv,415159.75422911596,2588353.6239578323,8596572009.704826,1.0,0.0,134.9999994847676,250.0,0.0,0.086184505094335,0.0,25.635612964630127
True,NHG,1.8,4,1.8,NHG_k1.80_s04.csv,415159.75422911596,2588353.6239578323,8608051712.834934,1.0,29.315369392167135,134.98600506740183,250.0,0.0,0.08620687207759026,0.0,26.855180740356445
True,NHG,2.0,1,0.95,NHG_k2.00_s01.csv,413002.355133245,2903271.62012096,3293829184.7764044,1.0,3.705258241406906,141.96478502406194,257.8133707567074,0.0,0.08306814958646226,0.0,33.14511275291443
True,NHG,2.0,1,1.1,NHG_k2.00_s01.csv,413002.355133245,2903271.62012096,3297423527.043936,1.0,0.0,141.9999960640039,250.0,0.0,0.08366695533409867,0.0,32.452922105789185
True,NHG,2.0,1,1.25,NHG_k2.00_s01.csv,413002.355133245,2903271.62012096,3308997951.774914,1.0,12.28878035913602,142.0000067402344,250.0,0.0,0.08305197370773407,0.0,35.055652141571045
True,NHG,2.0,1,1.4,NHG_k2.00_s01.csv,413002.355133245,2903271.62012096,3322973073.0879583,1.0,0.0,141.9860786036107,250.0,0.0,0.08291219944340578,0.0,34.54703187942505
True,NHG,2.0,1,1.55,NHG_k2.00_s01.csv,413002.355133245,2903271.62012096,3340447498.861526,1.0,0.0008593769446274637,142.00034673167582,250.0,0.0,0.08298511563683575,0.0,32.15559005737305
True,NHG,2.0,1,1.7,NHG_k2.00_s01.csv,413002.355133245,2903271.62012096,3363062330.8164377,1.0,7.159551951841645,142.13332513902313,250.0,0.0,0.08280818079569563,0.0,32.68914294242859
True,NHG,2.0,1,1.8,NHG_k2.00_s01.csv,413002.355133245,2903271.62012096,3380961965.110672,1.0,22.45686665175135,142.00000000962868,251.02611959001288,0.0,0.0828019805379722,0.0,31.643502235412598
True,NHG,2.0,2,0.95,NHG_k2.00_s02.csv,389847.76256273035,3240436.0543496297,10381977230.745522,1.0,9.63422638770346,116.99999838113648,294.41814378156505,0.0,0.09346841476395759,0.0038460141204141275,25.316895961761475
True,NHG,2.0,2,1.1,NHG_k2.00_s02.csv,389847.76256273035,3240436.0543496297,10375879525.889828,1.0,2.7723856445255284,118.00315425586322,303.37293846943925,0.0,0.09170878931555772,0.0,27.923065185546875
True,NHG,2.0,2,1.25,NHG_k2.00_s02.csv,389847.76256273035,3240436.0543496297,10367750052.50309,1.0,6.54952795415263,115.72951260600267,304.23510017869955,0.0,0.09304667296470572,0.0,28.64719295501709
True,NHG,2.0,2,1.4,NHG_k2.00_s02.csv,389847.76256273035,3240436.0543496297,10366571514.50498,1.0,2.284005211215618,115.99999999319955,308.9647991420992,0.0,0.09225297416861666,0.0,31.513803005218506
True,NHG,2.0,2,1.55,NHG_k2.00_s02.csv,389847.76256273035,3240436.0543496297,10371864344.940447,1.0,0.0,116.95318865738068,295.67737773988136,0.0,0.09318794856035707,0.0,28.955273151397705
True,NHG,2.0,2,1.7,NHG_k2.00_s02.csv,389847.76256273035,3240436.0543496297,10411692132.60395,1.0,13.1736809186142,115.96254636995768,316.27195048492484,0.0,0.0913929914510461,0.0,28.120137214660645
True,NHG,2.0,2,1.8,NHG_k2.00_s02.csv,389847.76256273035,3240436.0543496297,10414958199.905825,1.0,11.875909086554802,116.99999998064374,298.604635621986,0.0,0.0926489099729198,0.0,31.68782615661621
True,NHG,2.0,3,0.95,NHG_k2.00_s03.csv,524288.3510516451,3230407.3939967,27340673772.311893,1.0,28.672092811810938,133.00000013365937,250.0,0.0,0.09146562890726745,0.0,21.61056399345398
True,NHG,2.0,3,1.1,NHG_k2.00_s03.csv,524288.3510516451,3230407.3939967,27328070333.630978,1.0,9.748604571101776,133.0222744246509,250.0,0.0,0.09118591026618561,0.0,21.060264825820923
True,NHG,2.0,3,1.25,NHG_k2.00_s03.csv,524288.3510516451,3230407.3939967,27481484152.215584,1.0,45.31655684710423,133.0000004647473,257.6283312534799,0.0,0.09108102953451382,0.004621359577588001,21.343969106674194
True,NHG,2.0,3,1.4,NHG_k2.00_s03.csv,524288.3510516451,3230407.3939967,27336297845.656586,1.0,17.60210667517003,133.54220919897395,250.0,0.0,0.09096046181643164,0.0,21.860360860824585
True,NHG,2.0,3,1.55,NHG_k2.00_s03.csv,524288.3510516451,3230407.3939967,27462388316.694035,1.6781143018630797,43.263551985504044,133.00000002135783,253.41154697845053,0.0,0.09078709199268256,0.0,20.090041160583496
True,NHG,2.0,3,1.7,NHG_k2.00_s03.csv,524288.3510516451,3230407.3939967,27342073993.824318,1.0,5.562649530574059,133.00000002465566,250.0,0.0,0.09119958164272213,0.0,23.407497882843018
True,NHG,2.0,3,1.8,NHG_k2.00_s03.csv,524288.3510516451,3230407.3939967,27359080722.804005,1.0,15.2751580462724,132.49935207176878,250.0,0.0,0.0912771291982516,0.0,22.513379096984863
True,NHG,2.0,4,0.95,NHG_k2.00_s04.csv,524288.3510516451,5563056.021387099,39234501379.50901,1.2640543552410504,28.82700014312423,136.70070363771694,277.39504148748796,0.0,0.08409316735407377,0.0,20.01853585243225
True,NHG,2.0,4,1.1,NHG_k2.00_s04.csv,524288.3510516451,5563056.021387099,39194827453.13142,1.0,23.615141569754478,137.4876823180778,268.75991710364286,0.0,0.08412054737845599,0.0034085528521884847,24.982056856155396
True,NHG,2.0,4,1.25,NHG_k2.00_s04.csv,524288.3510516451,5563056.021387099,39172782223.45267,1.0,0.00615382117472706,138.67645518962837,256.0283770671669,0.0,0.08423029153621059,0.0,26.364995002746582
True,NHG,2.0,4,1.4,NHG_k2.00_s04.csv,524288.3510516451,5563056.021387099,39264270142.70347,2.0580080050125606,28.624253198343457,137.9223083207375,265.44887260259134,0.0,0.08401595517025992,0.003270879780158102,22.24536919593811
True,NHG,2.0,4,1.55,NHG_k2.00_s04.csv,524288.3510516451,5563056.021387099,39179921828.08926,1.0,11.23549592526237,137.54552993037086,265.48516805055147,0.0,0.08434079923620043,0.0,23.905658960342407
True,NHG,2.0,4,1.7,NHG_k2.00_s04.csv,524288.3510516451,5563056.021387099,39208803952.295654,1.0,22.465335643951317,135.9602993831792,281.74994874076674,0.0,0.08417351451986842,0.0,22.297929048538208
True,NHG,2.0,4,1.8,NHG_k2.00_s04.csv,524288.3510516451,5563056.021387099,39217657943.24035,1.3205843348085002,26.60015455764434,138.3315934241891,254.77920520274532,0.0,0.08479365269317357,0.0028700304116353343,23.773913860321045
True,NHG,2.2,1,0.95,NHG_k2.20_s01.csv,571423.481949854,3484471.0961143244,35538363548.025696,1.0,45.669093523286385,139.38986240167094,272.3714454285699,0.0,0.08994755460876264,0.0,20.61199426651001
True,NHG,2.2,1,1.1,NHG_k2.20_s01.csv,571423.481949854,3484471.0961143244,35552320575.960335,1.0,35.158248675468855,138.79144701327314,272.199425394194,0.0,0.09087439035767558,0.0,19.069403886795044
True,NHG,2.2,1,1.25,NHG_k2.20_s01.csv,571423.481949854,3484471.0961143244,35645328598.6116,1.1765716868768914,42.308710770169924,140.00000005671413,280.33768959890966,0.0,0.08749349519296115,0.013665415664480075,18.404340982437134
True,NHG,2.2,1,1.4,NHG_k2.20_s01.csv,571423.481949854,3484471.0961143244,35549151541.9309,1.0,3.123638726404714,139.9993756578934,271.60455197117,0.0,0.08760668034805612,0.0,23.433828115463257
True,NHG,2.2,1,1.55,NHG_k2.20_s01.csv,571423.481949854,3484471.0961143244,35561887259.86018,1.0,12.450698513379734,140.64367663152078,270.65412494094886,0.0,0.088641357139693,0.0,20.31898784637451
True,NHG,2.2,1,1.7,NHG_k2.20_s01.csv,571423.481949854,3484471.0961143244,35572990616.606,1.0,9.962122839205392,140.0784507505239,270.1995832676288,0.0,0.09088097590903231,0.0,21.91443371772766
True,NHG,2.2,1,1.8,NHG_k2.20_s01.csv,571423.481949854,3484471.0961143244,35662262358.65492,1.0,57.33068029351442,140.0000000751419,276.4704566442328,0.0,0.08778851197849759,0.0,19.723693132400513
True,NHG,2.2,2,0.95,NHG_k2.20_s02.csv,571423.481949854,3056885.8924834323,18521619837.700676,1.0,0.0,138.5305322010792,250.0,0.0,0.08633993323540456,0.0,26.094514846801758
True,NHG,2.2,2,1.1,NHG_k2.20_s02.csv,571423.481949854,3056885.8924834323,18457100660.718967,1.0,22.02618677402612,139.0000000939667,250.0,0.0,0.08598744446655804,0.0,22.522737979888916
True,NHG,2.2,2,1.25,NHG_k2.20_s02.csv,571423.481949854,3056885.8924834323,18594708144.409657,2.3175852363472718,55.32156192321218,138.9999999863513,255.29113338889803,0.0,0.08579385332907621,0.01788994811751786,24.78068494796753
True,NHG,2.2,2,1.4,NHG_k2.20_s02.csv,571423.481949854,3056885.8924834323,18552838137.4741,1.0,27.212097290711167,139.00989390300327,258.5191670361795,0.0,0.08560427292080386,0.0,25.557288885116577
True,NHG,2.2,2,1.55,NHG_k2.20_s02.csv,571423.481949854,3056885.8924834323,18504317765.816784,1.0,0.0,139.53159043250992,250.0,0.0,0.08552573086429115,0.0,25.88837504386902
True,NHG,2.2,2,1.7,NHG_k2.20_s02.csv,571423.481949854,3056885.8924834323,18664006688.21467,2.113508402858846,67.34857270820339,139.01921446931976,251.47848197559895,0.0,0.08579238713238505,0.0027091555621255037,24.842972993850708
True,NHG,2.2,2,1.8,NHG_k2.20_s02.csv,571423.481949854,3056885.8924834323,18650513457.556232,1.575686862238531,9.989348694781194,138.99999999218105,253.59655400918862,0.0,0.08567542940427367,0.0,24.328211069107056
True,NHG,2.2,3,0.95,NHG_k2.20_s03.csv,455386.68662133405,3713244.8861124753,14726455971.503916,2.0766604675608304,29.891747528963577,143.02416498013184,266.9476465530667,0.0,0.08258688004598332,0.003364084370877133,27.197551012039185
True,NHG,2.2,3,1.1,NHG_k2.20_s03.csv,455386.68662133405,3713244.8861124753,14698930034.77075,1.0,16.01216918480096,141.1927035416464,282.7465659037952,0.0,0.08271326074791903,0.0,28.52439570426941
True,NHG,2.2,3,1.25,NHG_k2.20_s03.csv,455386.68662133405,3713244.8861124753,14667138306.775282,1.0,14.229554993214848,141.58042984548658,271.7784829225061,0.0,0.08233161177689902,0.0,28.199634790420532
True,NHG,2.2,3,1.4,NHG_k2.20_s03.csv,455386.68662133405,3713244.8861124753,14738161616.351336,1.0,2.056174499204485,139.9925273575266,295.5806729980633,0.0,0.08257654480675111,0.0,28.789591073989868
True,NHG,2.2,3,1.55,NHG_k2.20_s03.csv,455386.68662133405,3713244.8861124753,14701703418.743551,1.4380295056155468,5.836230060862333,143.8146989400312,262.760394452077,0.0,0.08222183436809079,0.0,28.698954105377197
True,NHG,2.2,3,1.7,NHG_k2.20_s03.csv,455386.68662133405,3713244.8861124753,14680963649.74372,1.0,33.335890822781494,144.30261650863352,260.3482420997247,0.0,0.08226808289536676,0.004014108812780445,28.869119882583618
True,NHG,2.2,3,1.8,NHG_k2.20_s03.csv,455386.68662133405,3713244.8861124753,14805330839.44601,1.5547181882508037,2.402302561024216,140.1015111977764,273.9818555220189,0.0,0.08288543239189002,0.0,27.872632026672363
True,NHG,2.2,4,0.95,NHG_k2.20_s04.csv,571423.481949854,3484891.8246137016,27173193947.602776,1.0,0.0,138.92775388117434,286.4028292922481,0.0,0.08222283642961999,0.0,20.001391887664795
True,NHG,2.2,4,1.1,NHG_k2.20_s04.csv,571423.481949854,3484891.8246137016,27180330165.642956,1.0,14.49824306166594,138.9919799320425,285.95741519506186,0.0,0.08214001768456096,0.0,25.183382987976074
True,NHG,2.2,4,1.25,NHG_k2.20_s04.csv,571423.481949854,3484891.8246137016,27202844139.961296,1.0,25.258559596173974,137.53834051830734,286.0746038732077,0.0,0.08290067644517778,0.0,23.35871696472168
True,NHG,2.2,4,1.4,NHG_k2.20_s04.csv,571423.481949854,3484891.8246137016,27246982065.57504,1.0,34.169512090983496,138.00162108356542,301.6616748217249,0.0,0.08233849951743036,0.0,22.761959075927734
True,NHG,2.2,4,1.55,NHG_k2.20_s04.csv,571423.481949854,3484891.8246137016,27234328746.905216,1.0,21.926291823848942,138.99999937971177,290.6047651864088,0.0,0.08191567460444282,0.0,25.61740803718567
True,NHG,2.2,4,1.7,NHG_k2.20_s04.csv,571423.481949854,3484891.8246137016,27299526551.09312,1.0,14.184059082888238,137.99467554171005,283.808929866922,0.0,0.08387602073816264,0.0,23.310894012451172
True,NHG,2.2,4,1.8,NHG_k2.20_s04.csv,571423.481949854,3484891.8246137016,27365173776.608246,1.0542329612245407,43.536764769249075,136.81165014992015,312.91424056119644,0.0,0.08252795485996353,0.0,24.513481855392456
True,NHG,2.5,1,0.95,NHG_k2.50_s01.csv,642126.1782971675,3878228.92937417,31910618521.94158,1.6509795894551977,4.991085566138512,135.08954298577729,270.24591093754367,0.0,0.08454117575174933,0.018133162212752598,21.42457413673401
True,NHG,2.5,1,1.1,NHG_k2.50_s01.csv,642126.1782971675,3878228.92937417,31924784426.91492,1.6507363561442892,42.726933599437906,133.6396837299583,274.924356409039,0.0,0.08440399390748271,0.009976991915485683,21.274598836898804
True,NHG,2.5,1,1.25,NHG_k2.50_s01.csv,642126.1782971675,3878228.92937417,31934378349.124077,1.2625284682318947,59.19944079292408,133.6583572091174,274.79590866392437,0.0,0.08434994996037212,0.0013071924446252242,22.292908906936646
True,NHG,2.5,1,1.4,NHG_k2.50_s01.csv,642126.1782971675,3878228.92937417,31989934991.99109,1.0,24.78517441690203,124.99999999608531,284.36100802407736,0.0,0.08810746156624383,0.0,20.83157706260681
True,NHG,2.5,1,1.55,NHG_k2.50_s01.csv,642126.1782971675,3878228.92937417,31932857642.834667,1.0,0.0,134.94305823276565,273.67296146277346,0.0,0.0836486396781156,0.0,24.0505850315094
True,NHG,2.5,1,1.7,NHG_k2.50_s01.csv,642126.1782971675,3878228.92937417,31998541675.902767,1.0286589473778618,44.508969888382794,126.36292455192972,273.2688374737759,0.0,0.08842897530606439,0.009135225729663991,21.256666898727417
True,NHG,2.5,1,1.8,NHG_k2.50_s01.csv,642126.1782971675,3878228.92937417,32034218992.517986,1.0,22.27146921003962,124.99611162049158,281.74818686085393,0.0,0.08814376129116155,0.0,21.28513813018799
True,NHG,2.5,2,0.95,NHG_k2.50_s02.csv,642126.1782971675,5562191.528962805,60530607603.11062,2.1736481136730914,41.468243164756885,134.00000074347338,279.8463622594054,0.0,0.09126282182330839,0.0,21.25764489173889
True,NHG,2.5,2,1.1,NHG_k2.50_s02.csv,642126.1782971675,5562191.528962805,60442634768.91884,1.0,16.27231159380579,134.99060957981095,277.57601274168496,0.0,0.09099566612471253,0.0,23.695101022720337
True,NHG,2.5,2,1.25,NHG_k2.50_s02.csv,642126.1782971675,5562191.528962805,60448895686.65468,1.0,18.61206843241059,134.82775493015586,277.714649858554,0.0,0.09098530061377992,0.0,22.343493938446045
True,NHG,2.5,2,1.4,NHG_k2.50_s02.csv,642126.1782971675,5562191.528962805,60457819290.8687,1.0,33.93939694205772,135.08971654419992,276.9451123313165,0.0,0.09088859878285697,0.0,21.99768376350403
True,NHG,2.5,2,1.55,NHG_k2.50_s02.csv,642126.1782971675,5562191.528962805,60571538626.68958,1.0,4.352986291518453,133.97709875816923,292.04190362531403,0.0,0.09103707530154494,0.0,20.59228205680847
True,NHG,2.5,2,1.7,NHG_k2.50_s02.csv,642126.1782971675,5562191.528962805,60556563201.91511,1.0150601149254657,14.455650592544385,133.66185152810027,286.3715590955336,0.0,0.09108914330076205,0.0,23.02788519859314
True,NHG,2.5,2,1.8,NHG_k2.50_s02.csv,642126.1782971675,5562191.528962805,60522600976.42346,1.1266660898470542,20.95704765770051,135.90600296163444,275.50685418908284,0.0,0.09047319079154219,0.006304558766992057,21.929079055786133
True,NHG,2.5,3,0.95,NHG_k2.50_s03.csv,642126.1782971675,4428504.601721243,23912678741.047108,1.0,9.471852108638235,137.000000878523,259.2939407748081,0.0,0.08229654671251026,0.0,25.939987897872925
True,NHG,2.5,3,1.1,NHG_k2.50_s03.csv,642126.1782971675,4428504.601721243,23967543216.27047,1.4405811920894025,19.72010537076225,137.28500918872277,263.9440620857391,0.0,0.08183409005313265,0.0064497104541395315,22.89812469482422
True,NHG,2.5,3,1.25,NHG_k2.50_s03.csv,642126.1782971675,4428504.601721243,23924159419.036194,1.0,0.4961590329980581,137.00000024459212,257.5273793285926,0.0,0.08239392066456158,0.0,22.58372712135315
True,NHG,2.5,3,1.4,NHG_k2.50_s03.csv,642126.1782971675,4428504.601721243,23993805953.678482,1.0,23.061339696068917,136.97394221264724,279.03922529281346,0.0,0.08158970431200303,0.0,23.12242293357849
True,NHG,2.5,3,1.55,NHG_k2.50_s03.csv,642126.1782971675,4428504.601721243,23978353371.384686,1.0,5.798661564074885,136.34930336648452,269.4271997798853,0.0,0.08222133954666049,0.0,25.929102182388306
True,NHG,2.5,3,1.7,NHG_k2.50_s03.csv,642126.1782971675,4428504.601721243,23986938354.759735,1.0835132569650843,1.8978006181809006,137.39606150628921,254.93095623964115,0.0,0.08231842456656986,0.0,25.415223121643066
True,NHG,2.5,3,1.8,NHG_k2.50_s03.csv,642126.1782971675,4428504.601721243,24009076272.327602,1.0,6.286861980666457,135.82504034546793,259.88028327713414,0.0,0.08270131275994426,0.013059366235793166,27.511852979660034
True,NHG,2.5,4,0.95,NHG_k2.50_s04.csv,642126.1782971675,5861552.632593911,94833040662.27185,1.0,11.426894271795772,136.9989285534819,281.31152360466564,0.0,0.08348586525181989,0.0,20.735463857650757
True,NHG,2.5,4,1.1,NHG_k2.50_s04.csv,642126.1782971675,5861552.632593911,94951451171.5251,1.700451228585699,17.851085627284387,135.99998934159,291.0626274830545,0.0,0.08313884020050233,0.0010305634577685296,17.493627309799194
True,NHG,2.5,4,1.25,NHG_k2.50_s04.csv,642126.1782971675,5861552.632593911,94868514709.1132,1.0,29.066696107263684,136.0001342035605,283.5887379236827,0.0,0.08361970152242762,0.0,19.257423877716064
True,NHG,2.5,4,1.4,NHG_k2.50_s04.csv,642126.1782971675,5861552.632593911,94846365405.87996,1.0,24.43873424262204,136.0000001791194,279.6982128434288,0.0,0.08387879767518613,0.0,18.289777994155884
True,NHG,2.5,4,1.55,NHG_k2.50_s04.csv,642126.1782971675,5861552.632593911,94860789828.4261,1.0,21.00527630491674,136.06833752035132,278.7029715791481,0.0,0.08464137332749035,0.0,19.40610361099243
True,NHG,2.5,4,1.7,NHG_k2.50_s04.csv,642126.1782971675,5861552.632593911,94852165373.36841,1.0,13.942390575103365,136.22486452812933,278.5078572646304,0.0,0.08398943702182622,0.0,22.213822841644287
True,NHG,2.5,4,1.8,NHG_k2.50_s04.csv,642126.1782971675,5861552.632593911,94885416518.12444,1.0,19.235531152770776,138.00000010747493,279.2977466012023,0.0,0.08270440299569144,0.0,20.069071054458618
True,NHG,2.9,1,0.95,NHG_k2.90_s01.csv,736396.4400935856,5179545.190841254,44193157937.758354,1.0,0.0033434130435523457,156.7979379506194,295.85857967485794,0.0,0.08101937515686507,0.0,25.356824159622192
True,NHG,2.9,1,1.1,NHG_k2.90_s01.csv,736396.4400935856,5179545.190841254,44277013993.15401,1.4857037183916257,1.8738925009948295,158.78019967283103,270.6258792718361,0.0,0.08105356027350001,0.0026832946324476,24.615940809249878
True,NHG,2.9,1,1.25,NHG_k2.90_s01.csv,736396.4400935856,5179545.190841254,44246861151.88812,1.138176012712596,3.0852783834396167,153.9777430384452,326.56742880295945,0.0,0.08094918029267753,0.0,26.95643424987793
True,NHG,2.9,1,1.4,NHG_k2.90_s01.csv,736396.4400935856,5179545.190841254,44073510195.89067,1.0,0.0,148.56217648647836,366.0,0.0,0.08191736674036067,0.0,27.306286811828613
True,NHG,2.9,1,1.55,NHG_k2.90_s01.csv,736396.4400935856,5179545.190841254,44321747624.84563,1.0,2.9999994718218446,161.64260685210655,340.1104497095582,0.0,0.0802527098279707,0.0,24.60350799560547
True,NHG,2.9,1,1.7,NHG_k2.90_s01.csv,736396.4400935856,5179545.190841254,44233676374.387245,1.0,0.0,151.93997748036568,355.59359261184375,0.0,0.08110444386117696,0.0,27.800870895385742
True,NHG,2.9,1,1.8,NHG_k2.90_s01.csv,736396.4400935856,5179545.190841254,44373437016.16464,1.0,7.2925995843171645,155.8877249869322,299.3076909495261,0.0,0.08100042811507356,0.0,25.120436191558838
True,NHG,2.9,2,0.95,NHG_k2.90_s02.csv,517944.1888351754,4691145.28580457,29437930228.891853,1.0,7.052451683927972,138.00000005142945,253.75946498354693,0.0,0.08690456798512525,0.0,23.30122709274292
True,NHG,2.9,2,1.1,NHG_k2.90_s02.csv,517944.1888351754,4691145.28580457,29435464010.41944,1.0,0.0,137.4036609264359,250.0,0.0,0.08685265872159653,0.0,26.927917957305908
True,NHG,2.9,2,1.25,NHG_k2.90_s02.csv,517944.1888351754,4691145.28580457,29420528182.728146,1.0,0.0,138.0000000896293,250.0,0.0,0.0868017378928865,0.0,25.09340190887451
True,NHG,2.9,2,1.4,NHG_k2.90_s02.csv,517944.1888351754,4691145.28580457,29438161460.289528,1.0,0.9934734300450979,138.0000035761685,250.0,0.0,0.0867385611548963,0.0,26.204854011535645
True,NHG,2.9,2,1.55,NHG_k2.90_s02.csv,517944.1888351754,4691145.28580457,29455619461.515232,1.0,0.0,138.0000629141128,250.0,0.0,0.08669860595569989,0.0,27.889015913009644
True,NHG,2.9,2,1.7,NHG_k2.90_s02.csv,517944.1888351754,4691145.28580457,29509925595.789513,1.0,0.999419309796744,137.99999995727373,255.44375980752972,0.0,0.08664735028318137,0.0,28.23086905479431
True,NHG,2.9,2,1.8,NHG_k2.90_s02.csv,517944.1888351754,4691145.28580457,29560198236.893326,1.0,1.9696681194944299,136.87270092059134,259.7655508103604,0.0,0.08661324196586247,0.0,24.350919008255005
True,NHG,2.9,3,0.95,NHG_k2.90_s03.csv,736396.4400935856,5816234.944050095,71438716761.32584,1.0,25.957424727324764,137.97653588381422,318.01997814715037,0.0,0.0858360323384803,0.0,22.306862115859985
True,NHG,2.9,3,1.1,NHG_k2.90_s03.csv,736396.4400935856,5816234.944050095,71347670548.0988,1.1338046855131254,33.244006224371034,137.00000030684043,343.41231958230117,0.0,0.08562562365184762,0.00804525624356382,21.336224794387817
True,NHG,2.9,3,1.25,NHG_k2.90_s03.csv,736396.4400935856,5816234.944050095,71494935870.60344,2.2801742975759685,6.406518412431584,137.99999966037953,334.1705355089971,0.0,0.08547229812169548,0.0,22.288084030151367
True,NHG,2.9,3,1.4,NHG_k2.90_s03.csv,736396.4400935856,5816234.944050095,71328167944.59703,1.0,39.18469967332208,136.83028556171917,356.60156102570244,0.0,0.08472361924807867,0.0,23.966727256774902
True,NHG,2.9,3,1.55,NHG_k2.90_s03.csv,736396.4400935856,5816234.944050095,71371075824.94376,1.0,43.77176817793393,137.1517650677278,350.76878124011427,0.0,0.08510193796849105,0.0008662418479329509,22.692177057266235
True,NHG,2.9,3,1.7,NHG_k2.90_s03.csv,736396.4400935856,5816234.944050095,71367234581.90619,1.0,0.0,136.83708788735186,366.0,0.0,0.08565120458105098,0.0,23.757011890411377
True,NHG,2.9,3,1.8,NHG_k2.90_s03.csv,736396.4400935856,5816234.944050095,71440169879.85619,1.0025803164643876,44.670952752083565,136.99999798834475,358.108666109752,0.0,0.08568154324824803,0.007733285375903138,22.601597785949707
True,NHG,2.9,4,0.95,NHG_k2.90_s04.csv,736396.4400935856,4030506.188642676,46430940606.17369,1.0,26.74448058113278,160.0658920183779,328.7855607632405,0.0,0.07993201756921538,0.0,22.901750087738037
True,NHG,2.9,4,1.1,NHG_k2.90_s04.csv,736396.4400935856,4030506.188642676,46296527288.87189,1.2460635925649886,44.18818754638172,144.78999992120035,339.0719381404821,0.0,0.08688632297418553,0.010220403785914465,21.32283592224121
True,NHG,2.9,4,1.25,NHG_k2.90_s04.csv,736396.4400935856,4030506.188642676,46184516006.18934,1.0,0.0,142.9999996788186,366.0,0.0,0.08673963273581471,0.0,22.905715227127075
True,NHG,2.9,4,1.4,NHG_k2.90_s04.csv,736396.4400935856,4030506.188642676,46326583830.451,1.0,41.14104548059776,144.00000015268452,341.4820622989993,0.0,0.08676983897689877,0.0,24.467888116836548
True,NHG,2.9,4,1.55,NHG_k2.90_s04.csv,736396.4400935856,4030506.188642676,46376432098.564835,1.0,59.45569157688051,145.13019997207604,354.6179896920316,0.0,0.08612594994246575,0.0,23.880195140838623
True,NHG,2.9,4,1.7,NHG_k2.90_s04.csv,736396.4400935856,4030506.188642676,46350839162.47032,1.0,13.134359276893523,143.09370313782964,360.1688466476903,0.0,0.08667282936526678,0.0,24.943760871887207
True,NHG,2.9,4,1.8,NHG_k2.90_s04.csv,736396.4400935856,4030506.188642676,46639094605.0826,1.0,39.35550280640463,145.16843078844076,313.99904444804304,0.0,0.08663202461565983,0.01005439905101193,23.01020383834839
True,NHG,3.4,1,0.95,NHG_k3.40_s01.csv,854234.267339108,7688871.751621963,79816428047.28775,1.155538198806259,3.719356129098191,154.79694790557002,334.49227336656566,0.0,0.08070012211667142,0.0,23.090601921081543
True,NHG,3.4,1,1.1,NHG_k3.40_s01.csv,854234.267339108,7688871.751621963,79880759279.54665,1.0,58.96239593515124,171.1085142980504,356.2094457890671,0.0,0.07785876560236296,0.0,21.992604970932007
True,NHG,3.4,1,1.25,NHG_k3.40_s01.csv,854234.267339108,7688871.751621963,79871114154.90413,1.3020628215547787,9.891950581122423,153.99050571625867,347.4172518569818,0.0,0.080627413490581,0.0,22.19820523262024
True,NHG,3.4,1,1.4,NHG_k3.40_s01.csv,854234.267339108,7688871.751621963,79844594349.13068,1.0,48.65431436516364,152.999999995085,359.2529789419187,0.0,0.0806098154516872,0.0,22.818679094314575
True,NHG,3.4,1,1.55,NHG_k3.40_s01.csv,854234.267339108,7688871.751621963,79904727183.7952,1.0144703260256664,42.363195585281964,173.6064645369206,291.6832477528788,0.0,0.07790220537198575,0.0,23.72784686088562
True,NHG,3.4,1,1.7,NHG_k3.40_s01.csv,854234.267339108,7688871.751621963,79872560291.83646,1.0,0.0,153.55612588214606,366.0,0.0,0.08048311900627701,0.0,24.405370950698853
True,NHG,3.4,1,1.8,NHG_k3.40_s01.csv,854234.267339108,7688871.751621963,79962074167.60258,1.0,29.466152998983606,153.99997792963703,346.74493425415505,0.0,0.08042712072157875,0.0,26.987184286117554
True,NHG,3.4,2,0.95,NHG_k3.40_s02.csv,854234.267339108,6798665.117652196,88486459461.82256,1.0,24.612574897250873,176.0227668786559,253.44061448715544,0.0,0.08081565609768226,0.0,21.075199842453003
True,NHG,3.4,2,1.1,NHG_k3.40_s02.csv,854234.267339108,6798665.117652196,88577422616.0349,1.0,40.37680815916319,175.0000032060447,281.8090934084923,0.0,0.08076685014612107,0.0,19.529088973999023
True,NHG,3.4,2,1.25,NHG_k3.40_s02.csv,854234.267339108,6798665.117652196,88550016829.94452,1.0,0.0,176.00000007449592,250.0,0.0,0.080737903089408,0.0,21.143495798110962
True,NHG,3.4,2,1.4,NHG_k3.40_s02.csv,854234.267339108,6798665.117652196,88663606488.75598,1.0,32.72507876312233,174.9995751644998,282.0721153429743,0.0,0.08070022511338856,0.0,22.720300912857056
True,NHG,3.4,2,1.55,NHG_k3.40_s02.csv,854234.267339108,6798665.117652196,88684469442.09337,1.0,0.0,175.00000077892594,271.95520622235574,0.0,0.08064956727611165,0.0,20.81438899040222
True,NHG,3.4,2,1.7,NHG_k3.40_s02.csv,854234.267339108,6798665.117652196,88787779104.77863,1.0,26.22008983362784,175.13747680978955,281.28028198815053,0.0,0.08063359083643161,0.0,19.688158988952637
True,NHG,3.4,2,1.8,NHG_k3.40_s02.csv,854234.267339108,6798665.117652196,88870731115.96829,1.0,12.210664740836663,176.00000256953533,261.39778117221886,0.0,0.07898717403353342,0.0,19.968384742736816
True,NHG,3.4,3,0.95,NHG_k3.40_s03.csv,737858.568392508,8718857.508820148,137582789711.10892,1.1876571387035975,7.629070870452472,173.49989367353396,294.8854874635362,0.0,0.08106915312827898,0.0016527685570627882,19.14514994621277
True,NHG,3.4,3,1.1,NHG_k3.40_s03.csv,737858.568392508,8718857.508820148,137670068478.73297,1.0,10.095226535489436,171.9015846147231,338.8913648183476,0.0,0.08066752826630195,0.0,20.702035903930664
True,NHG,3.4,3,1.25,NHG_k3.40_s03.csv,737858.568392508,8718857.508820148,137740714685.01917,1.0,22.250551121005717,171.99985956858794,339.0546467258174,0.0,0.08052708511285563,0.0,20.0627658367157
True,NHG,3.4,3,1.4,NHG_k3.40_s03.csv,737858.568392508,8718857.508820148,137781061692.43265,1.0,30.884602647491377,174.52262031209742,306.97517848271383,0.0,0.07997329801273734,0.0,19.366585731506348
True,NHG,3.4,3,1.55,NHG_k3.40_s03.csv,737858.568392508,8718857.508820148,137744955081.07495,1.447195261332589,8.634547099157471,174.6012716174989,274.1460146991881,0.0,0.08085147839552852,0.0,21.47424817085266
True,NHG,3.4,3,1.7,NHG_k3.40_s03.csv,737858.568392508,8718857.508820148,137827998190.6113,1.0,25.84536879601538,172.11484410828243,316.7577628124113,0.0,0.08079365163120936,0.0,18.61875820159912
True,NHG,3.4,3,1.8,NHG_k3.40_s03.csv,737858.568392508,8718857.508820148,137768486043.31195,1.0,17.77754521737817,173.1261000699269,296.7511338724688,0.0,0.08077026128096693,0.0007641391943304099,19.174975872039795
True,NHG,3.4,4,0.95,NHG_k3.40_s04.csv,854234.267339108,7667358.829721084,115664760693.30763,1.0785726912955682,29.2643534143606,177.481844042901,260.39558763632164,0.0,0.07799744624435272,0.0,20.83777904510498
True,NHG,3.4,4,1.1,NHG_k3.40_s04.csv,854234.267339108,7667358.829721084,115668224924.26904,1.0,20.00218693998091,177.70992310196777,256.77730644373435,0.0,0.07798530932348892,0.0,19.76170802116394
True,NHG,3.4,4,1.25,NHG_k3.40_s04.csv,854234.267339108,7667358.829721084,115706717707.19821,1.0,7.399558576804896,177.0000041864987,265.12409856604927,0.0,0.07795654294789464,0.0,21.98655390739441
True,NHG,3.4,4,1.4,NHG_k3.40_s04.csv,854234.267339108,7667358.829721084,115769832877.53854,1.0,31.344000394144306,177.0000008252102,269.8004066670749,0.0,0.07760510251393465,0.0,20.227684020996094
True,NHG,3.4,4,1.55,NHG_k3.40_s04.csv,854234.267339108,7667358.829721084,115773406544.14328,1.0,0.0,178.0026006300894,250.0,0.0,0.07791847189462542,0.0,19.851032972335815
True,NHG,3.4,4,1.7,NHG_k3.40_s04.csv,854234.267339108,7667358.829721084,115861195545.94028,1.0,23.337147224579834,176.99999983679825,264.1209831644762,0.0,0.0777526993281209,0.0007738444353021789,19.515627145767212
True,NHG,3.4,4,1.8,NHG_k3.40_s04.csv,854234.267339108,7667358.829721084,115896865887.37256,1.0,7.56942555515749,176.99102693383702,264.48638327308777,0.0,0.07768597868834216,0.0,22.30482006072998
True,NHG,4.0,1,0.95,NHG_k4.00_s01.csv,995639.6600337349,9384721.07726782,158062185259.2306,1.630252094651992,43.752009871047434,176.9999996486253,315.41233018733755,0.0,0.0814030387817438,0.0,19.33119797706604
True,NHG,4.0,1,1.1,NHG_k4.00_s01.csv,995639.6600337349,9384721.07726782,157887509364.888,1.0,0.0,156.00000017601755,365.99978967956304,0.0,0.08356621633428449,0.0,19.158536911010742
True,NHG,4.0,1,1.25,NHG_k4.00_s01.csv,995639.6600337349,9384721.07726782,157949721274.46332,1.0,9.681854696821425,156.00049311924246,350.87432539218116,0.0,0.08353384158987047,0.0,19.563986778259277
True,NHG,4.0,1,1.4,NHG_k4.00_s01.csv,995639.6600337349,9384721.07726782,157999294174.36264,1.0,0.0,155.8206942715833,346.2634922364678,0.0,0.08350085774574935,0.0,23.080089807510376
True,NHG,4.0,1,1.55,NHG_k4.00_s01.csv,995639.6600337349,9384721.07726782,158152293343.92584,1.0,4.941806916658049,175.9999999765206,312.91620607045746,0.0,0.08119180274170366,0.0,19.022825956344604
True,NHG,4.0,1,1.7,NHG_k4.00_s01.csv,995639.6600337349,9384721.07726782,158231491789.48532,1.0,29.31264002413777,176.61303826410744,309.1655867299371,0.0,0.08131946588299661,0.0,23.606022119522095
True,NHG,4.0,1,1.8,NHG_k4.00_s01.csv,995639.6600337349,9384721.07726782,158155166175.91656,1.0,2.678021551185204,155.9997089138648,360.9068656005923,0.0,0.0834077302187844,0.0,21.22933292388916
True,NHG,4.0,2,0.95,NHG_k4.00_s02.csv,995639.6600337349,11967179.18653476,233471376425.9772,1.0,0.0,137.3589336971388,276.38101664298654,0.0,0.09106291520772439,0.0,16.21746277809143
True,NHG,4.0,2,1.1,NHG_k4.00_s02.csv,995639.6600337349,11967179.18653476,233383906646.1398,1.0,9.389287924584165,138.99999876653763,260.5943770701431,0.0,0.0911636211091358,0.0,16.84396195411682
True,NHG,4.0,2,1.25,NHG_k4.00_s02.csv,995639.6600337349,11967179.18653476,233450609155.494,1.7670823353810496,12.684206826029,139.32393168991496,251.30035909449654,0.0,0.09122951399140883,0.0,17.450905084609985
True,NHG,4.0,2,1.4,NHG_k4.00_s02.csv,995639.6600337349,11967179.18653476,233407132952.458,1.0,7.9768648023987785,138.99999888183706,261.37083732894854,0.0,0.09121192969304076,0.0,17.974833011627197
True,NHG,4.0,2,1.55,NHG_k4.00_s02.csv,995639.6600337349,11967179.18653476,233615414533.95258,2.520470172576656,0.1970762401265631,138.2044696492892,261.08260217980006,0.0,0.09121149787718043,0.0,15.982953071594238
True,NHG,4.0,2,1.7,NHG_k4.00_s02.csv,995639.6600337349,11967179.18653476,233264758163.16595,1.0,0.9293451790099972,140.0885490549422,250.0,0.0,0.09119874525044276,0.0,18.109236001968384
True,NHG,4.0,2,1.8,NHG_k4.00_s02.csv,995639.6600337349,11967179.18653476,233351035514.04623,1.0,0.0,139.08894271083463,255.0872509933162,0.0,0.09117553993701223,0.0,17.950403928756714
True,NHG,4.0,3,0.95,NHG_k4.00_s03.csv,875433.047459735,10389004.006338792,195973278896.36734,1.0,0.0,135.10820409039937,355.40316051725944,0.0,0.08609600690992861,0.0,20.915183067321777
True,NHG,4.0,3,1.1,NHG_k4.00_s03.csv,875433.047459735,10389004.006338792,195991504881.43845,1.0,0.7208756948007183,133.57740878507076,362.3862113045103,0.0,0.08608636853369274,0.0,20.06815218925476
True,NHG,4.0,3,1.25,NHG_k4.00_s03.csv,875433.047459735,10389004.006338792,196169379805.62195,1.0,42.326009630068,135.01741531877005,327.90333650314335,0.0,0.08649741534465466,0.0,18.604238033294678
True,NHG,4.0,3,1.4,NHG_k4.00_s03.csv,875433.047459735,10389004.006338792,196071473052.48965,1.0,27.915664967644208,135.99999999369845,343.3369945917321,0.0,0.08617458759287798,0.0003936607880679709,18.439863920211792
True,NHG,4.0,3,1.55,NHG_k4.00_s03.csv,875433.047459735,10389004.006338792,196378896036.20166,1.0,27.032985875408272,136.05108036029034,306.1466007413211,0.0,0.08684881505699031,0.0,18.59775710105896
True,NHG,4.0,3,1.7,NHG_k4.00_s03.csv,875433.047459735,10389004.006338792,196165975711.57562,1.0,39.39138612926121,133.96119575316862,352.2559096211902,0.0,0.08574533323856807,0.0,18.280776977539062
True,NHG,4.0,3,1.8,NHG_k4.00_s03.csv,875433.047459735,10389004.006338792,196167280061.11942,1.0,30.811728248434186,133.87641692618854,351.06955794871345,0.0,0.08586913667271245,0.0,19.386324882507324
True,NHG,4.0,4,0.95,NHG_k4.00_s04.csv,946392.6387753349,10832177.92033571,204007906899.9654,1.425315412610417,1.1207821281240788,139.0000007071803,293.77519264660435,0.0,0.08237984301092266,0.000590984297864585,16.15719199180603
True,NHG,4.0,4,1.1,NHG_k4.00_s04.csv,946392.6387753349,10832177.92033571,204328629876.76376,1.5367885094522977,32.84403136500279,135.4940489800215,346.85460079791517,0.0,0.08223079300777847,0.0,16.489022970199585
True,NHG,4.0,4,1.25,NHG_k4.00_s04.csv,946392.6387753349,10832177.92033571,203863465966.99487,1.0,8.18559142655754,137.00000005191666,356.4066469469642,0.0,0.08172705708441445,0.0,18.6373188495636
True,NHG,4.0,4,1.4,NHG_k4.00_s04.csv,946392.6387753349,10832177.92033571,204029659118.66312,1.0,6.6029939399765745,138.0432873777649,305.43589239458476,0.0,0.08196357320094048,0.0,17.472259044647217
True,NHG,4.0,4,1.55,NHG_k4.00_s04.csv,946392.6387753349,10832177.92033571,203899248316.00104,1.0,1.5979397882368664,137.03684061731622,343.76924170656156,0.0,0.08173697113816908,0.0,19.34447479248047
True,NHG,4.0,4,1.7,NHG_k4.00_s04.csv,946392.6387753349,10832177.92033571,204117004645.61893,1.0,0.0,139.00000432094092,290.53976860205165,0.0,0.08212654480637648,0.0,16.918296098709106
True,NHG,4.0,4,1.8,NHG_k4.00_s04.csv,946392.6387753349,10832177.92033571,204488283664.59314,1.0,33.73261702128062,136.30779552879872,309.14396026993666,0.0,0.08243705895559844,0.0,17.64395523071289
True,NHG,4.6,1,0.95,NHG_k4.60_s01.csv,1137045.052728362,12575387.665154438,226957781530.1095,1.0,25.908965184511345,176.87835953117815,349.1371270232045,0.0,0.08162248786669567,0.0,18.01721978187561
True,NHG,4.6,1,1.1,NHG_k4.60_s01.csv,1137045.052728362,12575387.665154438,226970064315.255,1.0,0.0,177.7154917081552,326.7227737373282,0.0,0.08156543837344071,0.0,18.738080978393555
True,NHG,4.6,1,1.25,NHG_k4.60_s01.csv,1137045.052728362,12575387.665154438,227052336676.4967,1.0,19.015760368907607,175.92114661134462,337.23876155233734,0.0,0.08150838450364646,0.0,18.826801300048828
True,NHG,4.6,1,1.4,NHG_k4.60_s01.csv,1137045.052728362,12575387.665154438,227107392992.0927,1.0,9.855276152177726,176.99999995136156,327.2038083473697,0.0,0.0814482601163349,0.0,18.548837184906006
True,NHG,4.6,1,1.55,NHG_k4.60_s01.csv,1137045.052728362,12575387.665154438,227568939371.69623,2.1010544201613173,42.924331585962456,181.4182372989476,317.4288892412466,0.0,0.08153489513190947,0.0,17.07339119911194
True,NHG,4.6,1,1.7,NHG_k4.60_s01.csv,1137045.052728362,12575387.665154438,227360595728.72565,1.156358808521441,18.67876600943131,178.41674049470507,322.6924641447581,0.0,0.08136657262801739,0.0,19.73190188407898
True,NHG,4.6,1,1.8,NHG_k4.60_s01.csv,1137045.052728362,12575387.665154438,227416527724.9037,1.0,20.742165314634455,180.42655400531257,316.78735434958656,0.0,0.0812805340038667,0.0,18.791044235229492
True,NHG,4.6,2,0.95,NHG_k4.60_s02.csv,1137045.052728362,14397220.0428239,307783076111.2635,1.0,38.9646571620207,136.00000361817888,250.0,0.0,0.08313723275542215,0.0,16.212618112564087
True,NHG,4.6,2,1.1,NHG_k4.60_s02.csv,1137045.052728362,14397220.0428239,307681120646.1181,1.0,1.576978517872915,136.01250325776073,250.0,0.0,0.08336814202246606,0.0,16.618085145950317
True,NHG,4.6,2,1.25,NHG_k4.60_s02.csv,1137045.052728362,14397220.0428239,307718303889.25775,1.0,0.0,136.0001497937209,250.0,0.0,0.08332064413910231,0.0,17.85520625114441
True,NHG,4.6,2,1.4,NHG_k4.60_s02.csv,1137045.052728362,14397220.0428239,307770119232.5304,1.0,0.0,136.9164104072883,250.0,0.0,0.08265341628367477,0.0,17.45854902267456
True,NHG,4.6,2,1.55,NHG_k4.60_s02.csv,1137045.052728362,14397220.0428239,307925769888.26514,1.0,38.00000002041067,136.51872779926447,250.0,0.0,0.08292727511827679,0.0,17.496085166931152
True,NHG,4.6,2,1.7,NHG_k4.60_s02.csv,1137045.052728362,14397220.0428239,307989119981.0372,1.0,22.16587174372718,136.0000022715887,257.01221552863814,0.0,0.08264528509190612,0.0,16.91853904724121
True,NHG,4.6,2,1.8,NHG_k4.60_s02.csv,1137045.052728362,14397220.0428239,307928894422.6008,1.0,0.0,136.00000055711385,250.0,0.0,0.0830900098673391,0.0,17.33294105529785
True,NHG,4.6,3,0.95,NHG_k4.60_s03.csv,1137045.052728362,10778896.954683853,194976348891.12903,2.0231892177747945,65.00218437156273,144.66576062771978,365.9706835183551,0.0,0.08589221422848957,0.0,15.091606140136719
True,NHG,4.6,3,1.1,NHG_k4.60_s03.csv,1137045.052728362,10778896.954683853,194937747354.5447,1.0,66.9521427992614,141.99999927537652,363.10967262229843,0.0,0.08692246005198884,0.0,17.108323097229004
True,NHG,4.6,3,1.25,NHG_k4.60_s03.csv,1137045.052728362,10778896.954683853,195107256537.43008,1.2649771789180793,46.05309716116602,139.8381408880367,348.97726150205403,0.0,0.0861267856891816,0.0,16.792388916015625
True,NHG,4.6,3,1.4,NHG_k4.60_s03.csv,1137045.052728362,10778896.954683853,195222951254.99402,1.6436020761473533,52.596585377768974,167.54386614955175,357.5193651805037,0.0,0.08148512387367929,0.0,15.522557258605957
True,NHG,4.6,3,1.55,NHG_k4.60_s03.csv,1137045.052728362,10778896.954683853,195361889132.7439,1.7329530783199685,26.58740524772913,158.60191149782062,352.19247713944884,0.0,0.08232938077269818,0.0,16.79963994026184
True,NHG,4.6,3,1.7,NHG_k4.60_s03.csv,1137045.052728362,10778896.954683853,195546443860.41086,2.074267688513311,31.22863827975493,166.46960017864188,340.97804666914607,0.0,0.08147554523455885,0.0,15.950646877288818
True,NHG,4.6,3,1.8,NHG_k4.60_s03.csv,1137045.052728362,10778896.954683853,195595774600.4682,1.2859900213617845,38.47986124568793,171.54270829140353,333.17941017900773,0.0,0.08094633636553566,0.0,18.04851484298706
True,NHG,4.6,4,0.95,NHG_k4.60_s04.csv,894422.6624960022,13034980.06348115,269707191702.2789,1.0,15.308228648372648,174.03030066501387,323.1305399456674,0.0,0.08399789350388968,0.0,16.92847204208374
True,NHG,4.6,4,1.1,NHG_k4.60_s04.csv,894422.6624960022,13034980.06348115,269954823792.69666,2.552505762638663,6.446240681789447,169.99999571471682,335.6515243469466,0.0,0.08393157582292003,0.0,16.789616107940674
True,NHG,4.6,4,1.25,NHG_k4.60_s04.csv,894422.6624960022,13034980.06348115,269960830562.84406,1.0,32.001818295066805,170.64090443215701,359.14759732327735,0.0,0.08373018466413525,0.0,17.469781160354614
True,NHG,4.6,4,1.4,NHG_k4.60_s04.csv,894422.6624960022,13034980.06348115,269897162032.54367,1.0,27.782914150328,173.03535292044577,323.3377762406164,0.0,0.08384605687666054,0.0,20.0413019657135
True,NHG,4.6,4,1.55,NHG_k4.60_s04.csv,894422.6624960022,13034980.06348115,270012369237.2492,1.0,14.286732040640786,171.9999566844427,338.2167385684357,0.0,0.08359762392000375,0.0,18.1671781539917
True,NHG,4.6,4,1.7,NHG_k4.60_s04.csv,894422.6624960022,13034980.06348115,270183976127.14334,1.0,37.999994124099736,172.35395435698996,344.4095909973433,0.0,0.08341918080104635,0.0,18.487518072128296
True,NHG,4.6,4,1.8,NHG_k4.60_s04.csv,894422.6624960022,13034980.06348115,270255161132.1107,1.0,42.000147838429896,172.08762626409097,339.25448739517395,0.0,0.08371992121340141,0.0,19.246061086654663
True,NHG,5.2,1,0.95,NHG_k5.20_s01.csv,1214429.3177870691,16926287.816118058,420608793170.58514,1.7427659590099502,5.407110418191105,177.7894525268299,334.4937995675735,0.0,0.08071306058349938,0.0,14.28149700164795
True,NHG,5.2,1,1.1,NHG_k5.20_s01.csv,1214429.3177870691,16926287.816118058,420589501499.95593,1.0,10.33918035932801,177.60309553048594,336.72116793737194,0.0,0.08069314198703285,0.0,14.477513790130615
True,NHG,5.2,1,1.25,NHG_k5.20_s01.csv,1214429.3177870691,16926287.816118058,420790468477.7841,1.2525578926594896,10.555096862049169,178.64819040980387,310.6565186069563,0.0,0.08067558570048328,0.0,14.921113967895508
True,NHG,5.2,1,1.4,NHG_k5.20_s01.csv,1214429.3177870691,16926287.816118058,420868594009.42163,1.1859475261314305,18.776210446539093,178.12155831107694,321.55989772969167,0.0,0.08064091277693378,0.0,14.230752944946289
True,NHG,5.2,1,1.55,NHG_k5.20_s01.csv,1214429.3177870691,16926287.816118058,421011865326.52264,1.2049584829606452,27.831743400342706,177.30170462976793,344.51637701287956,0.0,0.08050038110811517,0.0,14.872630834579468
True,NHG,5.2,1,1.7,NHG_k5.20_s01.csv,1214429.3177870691,16926287.816118058,421130452927.73584,1.350245366707935,23.245621920035788,177.98946064305647,329.70043845332196,0.0,0.08038973665711377,0.0,14.685479164123535
True,NHG,5.2,1,1.8,NHG_k5.20_s01.csv,1214429.3177870691,16926287.816118058,421054016333.876,1.2921364845787504,9.009874760744236,177.2875987246661,341.8664104811768,0.0,0.08046697376784685,0.0,13.726867914199829
True,NHG,5.2,2,0.95,NHG_k5.20_s02.csv,1143647.8500113492,15282346.176272882,340973399740.7175,1.0,12.568702801155963,138.003747157028,267.0878402209619,0.0,0.08946611379531758,0.0,18.476097106933594
True,NHG,5.2,2,1.1,NHG_k5.20_s02.csv,1143647.8500113492,15282346.176272882,341028933719.46643,1.0,38.198452390320384,137.99999899417278,276.93399283908684,0.0,0.08878709255433949,0.0,17.288224935531616
True,NHG,5.2,2,1.25,NHG_k5.20_s02.csv,1143647.8500113492,15282346.176272882,341055582063.98816,1.0,18.418845840097113,138.0000190195452,267.40952428504073,0.0,0.08933826132610374,0.0,16.16113781929016
True,NHG,5.2,2,1.4,NHG_k5.20_s02.csv,1143647.8500113492,15282346.176272882,341133342205.22577,1.0,34.904413391634044,138.04045441059853,280.0974935010745,0.0,0.0883878556244164,0.0,16.554770946502686
True,NHG,5.2,2,1.55,NHG_k5.20_s02.csv,1143647.8500113492,15282346.176272882,341172264976.069,1.0,0.0,138.01523477765076,266.52971528153716,0.0,0.0893173454754066,0.0,18.128125190734863
True,NHG,5.2,2,1.7,NHG_k5.20_s02.csv,1143647.8500113492,15282346.176272882,341255233089.4389,1.0,17.7837869162051,137.9973132684315,273.0126822204127,0.0,0.08870370363730298,0.0,16.469534158706665
True,NHG,5.2,2,1.8,NHG_k5.20_s02.csv,1143647.8500113492,15282346.176272882,341327602113.24066,1.0,9.071551423837585,138.00000033298295,255.40464770050184,0.0,0.09049393593660841,0.0,19.43892502784729
True,NHG,5.2,3,0.95,NHG_k5.20_s03.csv,1278450.4454229889,16356248.33249292,396902895039.2521,1.0,12.64134480527116,139.0000022860321,356.44381707790143,0.0,0.08518071354769731,0.0,13.941866874694824
True,NHG,5.2,3,1.1,NHG_k5.20_s03.csv,1278450.4454229889,16356248.33249292,396935473524.2896,1.0,12.912276649875299,139.00000505437333,356.49053580461555,0.0,0.08504454248964542,0.0,16.484321117401123
True,NHG,5.2,3,1.25,NHG_k5.20_s03.csv,1278450.4454229889,16356248.33249292,396876242969.5244,1.0,0.0,139.00000007741886,353.5590297106975,0.0,0.08480720173484325,0.0,16.561315059661865
True,NHG,5.2,3,1.4,NHG_k5.20_s03.csv,1278450.4454229889,16356248.33249292,396835463326.6636,1.0,3.4386953988225097,139.99999966805515,288.5073371038964,0.0,0.0853079324721169,0.0,15.167266130447388
True,NHG,5.2,3,1.55,NHG_k5.20_s03.csv,1278450.4454229889,16356248.33249292,396907724372.0754,1.0,0.0,139.8871526194255,309.2276325617965,0.0,0.08511004559065755,0.0,17.309933185577393
True,NHG,5.2,3,1.7,NHG_k5.20_s03.csv,1278450.4454229889,16356248.33249292,397455920907.7128,1.63131607436324,22.771429930255767,140.9725496820125,260.4435846164671,0.0,0.08571267971299598,0.0,15.148613929748535
True,NHG,5.2,3,1.8,NHG_k5.20_s03.csv,1278450.4454229889,16356248.33249292,397063081242.8696,1.0,11.34431812548104,139.99999905708475,292.30033718585844,0.0,0.08515384103084259,0.0,15.955091953277588
True,NHG,5.2,4,0.95,NHG_k5.20_s04.csv,1278450.4454229889,17976751.22602583,423361015273.4325,1.398356125702134,13.0974804378064,170.26489695831089,282.87253778853363,0.0,0.0823217104428162,0.0,15.505036115646362
True,NHG,5.2,4,1.1,NHG_k5.20_s04.csv,1278450.4454229889,17976751.22602583,423495975766.9445,1.3083438942711807,18.64517499405418,166.0000555843084,330.41658747039435,0.0,0.08203630139724695,0.0,14.706641912460327
True,NHG,5.2,4,1.25,NHG_k5.20_s04.csv,1278450.4454229889,17976751.22602583,423440480592.93134,1.0,16.752711400168522,166.99999692361834,315.40870753514093,0.0,0.08201672265301706,0.0,16.52690100669861
True,NHG,5.2,4,1.4,NHG_k5.20_s04.csv,1278450.4454229889,17976751.22602583,423772603885.20734,1.6246621437140216,19.592298066364506,166.01929976768247,342.5835370823944,0.0,0.08190215001242131,0.0,14.935643911361694
True,NHG,5.2,4,1.55,NHG_k5.20_s04.csv,1278450.4454229889,17976751.22602583,423670178719.8407,1.0,26.97859372276962,166.99999997452335,294.4534480018008,0.0,0.08219696294714302,0.0,14.4289870262146
True,NHG,5.2,4,1.7,NHG_k5.20_s04.csv,1278450.4454229889,17976751.22602583,423844313638.88495,1.0,33.99999948300377,171.74907388314998,275.3453922000848,0.0,0.08198210491852259,0.0,15.464002132415771
True,NHG,5.2,4,1.8,NHG_k5.20_s04.csv,1278450.4454229889,17976751.22602583,423920929645.0032,1.0,33.00000010464988,166.92335169017724,286.29695425497647,0.0,0.08216132957612167,0.0,15.196559190750122
True,NML,0.25,1,0.95,NML_k0.25_s01.csv,151184.293315075,136900.18039115,174635594.6948606,1.0000228560446924,9.998021016307511,141.4485965337472,250.2548191681724,0.9590465688833973,0.14052745807780226,0.0886188611932661,16.125037670135498
True,NML,0.25,1,1.1,NML_k0.25_s01.csv,151184.293315075,136900.18039115,939294769.6918347,1.0,58.33492886696938,103.43684848966834,265.9592107300241,0.9708538583834669,0.1753123352239508,0.022309738875112062,12.968009948730469
True,NML,0.25,1,1.25,NML_k0.25_s01.csv,151184.293315075,136900.18039115,2837555765.4449883,1.001323190092429,34.739916355080084,160.6099622410386,275.0103658855438,0.9903247474560218,0.2700279513843821,0.01600891461769699,15.121622085571289
True,NML,0.25,1,1.4,NML_k0.25_s01.csv,151184.293315075,136900.18039115,6092659989.476629,1.0,10.300482974162826,100.0,250.0,1.0,0.0,0.06851734222361264,9.328103065490723
True,NML,0.25,1,1.55,NML_k0.25_s01.csv,151184.293315075,136900.18039115,11009664107.073095,1.0,93.04293734384873,100.0,250.0,1.0,0.0,0.13080020422770544,8.192240953445435
True,NML,0.25,1,1.7,NML_k0.25_s01.csv,151184.293315075,136900.18039115,17683288702.30038,1.0,21.78397748937825,119.39153418932622,277.8615206355777,0.9001246647032286,0.6297548071670007,0.1599068883149921,8.564313173294067
True,NML,0.25,1,1.8,NML_k0.25_s01.csv,151184.293315075,136900.18039115,23141267849.271183,1.0,10.705392810244753,138.4912409401014,304.12658613288363,0.9438289140433004,0.3585606535960393,0.16169754453202817,8.175868034362793
True,NML,0.25,2,0.95,NML_k0.25_s02.csv,135597.065394525,101441.761581275,196811229.35396686,1.0000019405709661,81.04240842463713,108.44885881730309,269.6467218313737,0.9984537305114591,0.8816467087317588,0.0873908089300959,22.7877299785614
True,NML,0.25,2,1.1,NML_k0.25_s02.csv,135597.065394525,101441.761581275,1572316695.4212856,1.0,57.57512621260899,100.0,250.0,1.0,0.0,0.10159640350226916,11.154936075210571
True,NML,0.25,2,1.25,NML_k0.25_s02.csv,135597.065394525,101441.761581275,4465021379.899514,1.0,84.98600537588102,100.0,250.0,1.0,0.0,0.13580737192743486,9.218275785446167
True,NML,0.25,2,1.4,NML_k0.25_s02.csv,135597.065394525,101441.761581275,8846879424.172962,1.0,0.26570733278322933,100.0,250.0,1.0,0.0,0.0847376815301913,9.21893310546875
True,NML,0.25,2,1.55,NML_k0.25_s02.csv,135597.065394525,101441.761581275,15165403920.902872,1.0,59.92951423107286,122.10398829512758,262.8982641159342,0.8556886744852592,0.5250669988159008,0.026449298996066725,7.737692356109619
True,NML,0.25,2,1.7,NML_k0.25_s02.csv,135597.065394525,101441.761581275,23285436121.546528,1.0,37.72656318386627,198.16845754003603,308.76424669456486,0.9153369685106538,0.6045938200643951,0.09193400971221803,7.70392107963562
True,NML,0.25,2,1.8,NML_k0.25_s02.csv,135597.065394525,101441.761581275,29660201094.188778,1.0,66.25882884334726,109.5593252231115,290.39142980940386,0.6606060633321115,0.027554149198798727,0.0,6.924710035324097
True,NML,0.25,3,0.95,NML_k0.25_s03.csv,135597.065394525,107650.35987117501,873389719.8040445,1.0021856390547075,89.24118366320079,214.1737962271839,252.78974717736244,0.9603333914180534,0.1653265901031841,0.07112503089010762,20.363914966583252
True,NML,0.25,3,1.1,NML_k0.25_s03.csv,135597.065394525,107650.35987117501,2421984139.232833,1.013930837406119,37.89926690511419,190.75949767487086,293.1003208035636,0.9518903812548221,0.1298430062885812,0.18279774740999155,16.292518854141235
True,NML,0.25,3,1.25,NML_k0.25_s03.csv,135597.065394525,107650.35987117501,5273600354.544637,1.0045438857014433,63.036691987136194,129.3793412273551,298.23296462795037,0.9852520767901083,0.34759639498064804,0.025867935584847387,15.758345127105713
True,NML,0.25,3,1.4,NML_k0.25_s03.csv,135597.065394525,107650.35987117501,9574139248.196415,1.00106087344253,17.017563958579217,130.0242417250692,307.18660231839493,0.9900869510157551,0.38329317957745646,0.13708798082768486,13.750792980194092
True,NML,0.25,3,1.55,NML_k0.25_s03.csv,135597.065394525,107650.35987117501,15396808414.569416,1.0,24.384805006712018,100.0,250.0,1.0,0.0,0.1337980271098107,9.56447982788086
True,NML,0.25,3,1.7,NML_k0.25_s03.csv,135597.065394525,107650.35987117501,22951064395.49054,1.0,28.945058229623804,100.0,250.0,1.0,0.0,0.04155379697939842,8.885805130004883
True,NML,0.25,3,1.8,NML_k0.25_s03.csv,135597.065394525,107650.35987117501,28908009775.265068,1.0,74.11435349457143,100.0,250.0,1.0,0.0,0.12037027791211811,9.062604904174805
True,NML,0.25,4,0.95,NML_k0.25_s04.csv,150832.88689385,176079.01867340002,47819083.558658466,1.0005533033409888,26.537747779360515,103.52471670836215,250.1454856278284,0.9568599908469824,0.1401883636343248,0.09581231817286498,18.39679217338562
True,NML,0.25,4,1.1,NML_k0.25_s04.csv,150832.88689385,176079.01867340002,378396717.8014715,1.0032439801532178,88.91846997841293,119.67765001280006,250.57064604257445,0.9631427030512558,0.14835044150881882,0.1295828403489582,17.378720998764038
True,NML,0.25,4,1.25,NML_k0.25_s04.csv,150832.88689385,176079.01867340002,1528167355.8193152,1.000172271940774,92.7329616480533,119.46841671588143,263.51623597521984,0.9905688033223131,0.36580737881647896,0.04380246293927115,14.644268035888672
True,NML,0.25,4,1.4,NML_k0.25_s04.csv,150832.88689385,176079.01867340002,3756958935.4947305,1.0,18.942313984644375,100.0,250.0,1.0,0.0,0.08831858937712578,9.935650110244751
True,NML,0.25,4,1.55,NML_k0.25_s04.csv,150832.88689385,176079.01867340002,7901285713.772849,1.0,2.6835342316947646,100.0,250.0,1.0,0.0,0.09304036033467702,9.148412942886353
True,NML,0.25,4,1.7,NML_k0.25_s04.csv,150832.88689385,176079.01867340002,13282616889.69898,1.0,73.99751119909456,108.19427208398402,266.0874952225007,0.9959114896841099,0.12382019217457012,0.1851541164540415,7.992621898651123
True,NML,0.25,4,1.8,NML_k0.25_s04.csv,150832.88689385,176079.01867340002,17759961456.252342,1.0,51.70525181512592,100.0,250.0,1.0,0.0,0.11651768088875297,7.810056924819946
True,NML,0.35,1,0.95,NML_k0.35_s01.csv,179476.64922971,370169.2133758651,666250388.2689662,1.0047422122669805,36.83646624579491,219.87083664407766,255.81476651468245,0.9334597602575075,0.10797192302272357,0.17796213753092718,20.510098934173584
True,NML,0.35,1,1.1,NML_k0.35_s01.csv,179476.64922971,370169.2133758651,1724161286.2419379,1.0155620286900877,87.76291820655332,216.8084940973094,251.6156028202328,0.9349704459628179,0.12875543246893262,0.12632684603822553,19.94545817375183
True,NML,0.35,1,1.25,NML_k0.35_s01.csv,179476.64922971,370169.2133758651,3969912426.2319307,1.0160197331396663,8.113101808147384,199.5154369898651,263.2590087447673,0.9249817169233389,0.11598588002391122,0.06710831204876092,18.513715982437134
True,NML,0.35,1,1.4,NML_k0.35_s01.csv,179476.64922971,370169.2133758651,7531840237.368179,1.0112688794399496,88.33374913340961,177.64829810302905,264.9773158760874,0.8981083379679794,0.09969856441561747,0.017362884471386203,14.761489868164062
True,NML,0.35,1,1.55,NML_k0.35_s01.csv,179476.64922971,370169.2133758651,12714250032.27507,1.0,80.20337690348968,140.32616735699483,277.8033259535893,0.8386390335760059,0.09848437126111434,0.08157371684688129,8.279567956924438
True,NML,0.35,1,1.7,NML_k0.35_s01.csv,179476.64922971,370169.2133758651,19499181716.506912,1.0,53.873944756311744,174.85611233736392,279.55482676284225,0.8499793918507843,0.08571027199904803,0.058020035162473164,10.578862190246582
True,NML,0.35,1,1.8,NML_k0.35_s01.csv,179476.64922971,370169.2133758651,24912932761.99401,1.0,55.5447497862638,174.5766733013644,283.06358510581515,0.8906207512063239,0.06120141351813856,0.07073228693137555,9.840244054794312
True,NML,0.35,2,0.95,NML_k0.35_s02.csv,165999.60628184502,350944.771557705,227870567.43529275,1.003647969925203,47.718264851422056,197.62196319060922,300.8123119203764,0.9222464730268332,0.07893874234530418,0.029494655177779758,22.483599185943604
True,NML,0.35,2,1.1,NML_k0.35_s02.csv,165999.60628184502,350944.771557705,769213366.7608188,1.0055520491848853,62.67687351611345,220.80337038712054,250.27270848699,0.9408105010428922,0.09991492135571145,0.04378478851057195,21.037319898605347
True,NML,0.35,2,1.25,NML_k0.35_s02.csv,165999.60628184502,350944.771557705,1972000617.1196752,1.000081474504152,28.41048131968906,103.85139618654598,251.97573187657935,0.9654136998280595,0.1381478099098533,0.06153951300585764,17.142421007156372
True,NML,0.35,2,1.4,NML_k0.35_s02.csv,165999.60628184502,350944.771557705,4689879722.489761,1.0084232653024463,39.679373046468946,142.9466452865303,251.89305723402174,0.9911012236886572,0.37947548537721815,0.09799390570882616,16.424604177474976
True,NML,0.35,2,1.55,NML_k0.35_s02.csv,165999.60628184502,350944.771557705,9194678526.64009,1.0,8.103737638526134,100.0,250.0,1.0,0.0,0.09957172071698464,10.093178987503052
True,NML,0.35,2,1.7,NML_k0.35_s02.csv,165999.60628184502,350944.771557705,15250360951.301804,1.0,24.04005037680161,183.5247099574032,332.418481363489,0.954993651338591,0.16265071739312065,0.17036277075949646,8.685896873474121
True,NML,0.35,2,1.8,NML_k0.35_s02.csv,165999.60628184502,350944.771557705,20292822115.166775,1.0,64.59155533469932,237.31497850053037,251.33697428409437,0.9293874871643373,0.17802731117870207,0.15331794610329974,7.87600302696228
True,NML,0.35,3,0.95,NML_k0.35_s03.csv,179968.618219425,425300.1071496451,322288239.29364616,1.000780945469583,8.994011598443144,108.68258001066496,250.46988097377354,0.9669613821748951,0.17637346241577945,0.09964603571356836,19.535129070281982
True,NML,0.35,3,1.1,NML_k0.35_s03.csv,179968.618219425,425300.1071496451,1322792950.3064053,1.0047498850865835,68.83111045138406,144.84859254740087,258.5363489052493,0.9740736877333622,0.19250343176370338,0.024169309700106528,16.967693090438843
True,NML,0.35,3,1.25,NML_k0.35_s03.csv,179968.618219425,425300.1071496451,3276592409.7602177,1.0,61.15634062810827,100.0,250.0,1.0,0.0,0.1717026227731298,11.202844858169556
True,NML,0.35,3,1.4,NML_k0.35_s03.csv,179968.618219425,425300.1071496451,6879623324.739786,1.0,70.02173315482048,100.0,250.0,1.0,0.0,0.12395760655695086,9.885593891143799
True,NML,0.35,3,1.55,NML_k0.35_s03.csv,179968.618219425,425300.1071496451,12326914320.773165,1.0,62.376360249656685,100.0,250.0,1.0,0.0,0.19111043748671525,9.340441226959229
True,NML,0.35,3,1.7,NML_k0.35_s03.csv,179968.618219425,425300.1071496451,19396870636.508667,1.0,63.394464978670015,164.69187395499821,304.53351848077324,0.9915281300341319,0.19490235977309434,0.09487470745065997,9.938982248306274
True,NML,0.35,3,1.8,NML_k0.35_s03.csv,179968.618219425,425300.1071496451,25040639433.46429,1.0,25.40029682705505,100.0,250.0,1.0,0.0,0.08710509785046255,7.396468162536621
True,NML,0.35,4,0.95,NML_k0.35_s04.csv,121010.75721759965,251433.70678187502,338225647.2476507,1.001320287994122,43.515779183551295,158.33714974720328,255.18768718055296,0.913417213431185,0.23958785332322008,0.06537027086394853,15.110235929489136
True,NML,0.35,4,1.1,NML_k0.35_s04.csv,121010.75721759965,251433.70678187502,1422788580.7401552,1.000073265107738,56.388106702938586,176.3468258114036,306.2867122591658,0.9928311987084095,0.5360207150059572,0.12251186935288848,14.59480094909668
True,NML,0.35,4,1.25,NML_k0.35_s04.csv,121010.75721759965,251433.70678187502,3497216754.7615957,1.0,76.68615779446623,100.0,250.0,1.0,0.0,0.07901014123746386,10.510613203048706
True,NML,0.35,4,1.4,NML_k0.35_s04.csv,121010.75721759965,251433.70678187502,6851743043.225912,1.0,33.07696470347433,100.0,250.0,1.0,0.0,0.06075238238826036,9.092508792877197
True,NML,0.35,4,1.55,NML_k0.35_s04.csv,121010.75721759965,251433.70678187502,12171260068.272333,1.0,4.966456249016815,100.0,250.0,1.0,0.0,0.013062096025909062,8.201793909072876
True,NML,0.35,4,1.7,NML_k0.35_s04.csv,121010.75721759965,251433.70678187502,19318287173.851147,1.0,91.7544973465556,121.48557525685838,320.88158278236523,0.9901312369037117,0.3054073062891947,0.17491279949039634,8.952563762664795
True,NML,0.35,4,1.8,NML_k0.35_s04.csv,121010.75721759965,251433.70678187502,24996710071.95735,1.0,50.85558188975481,202.03860366781362,325.1877615759046,0.9651755526785802,0.06694657299868934,0.15780432552626464,8.322880029678345
True,NML,0.45,1,0.95,NML_k0.45_s01.csv,184608.24413604502,411268.10913048,159281808.46439952,1.003100557910177,49.828128804140384,228.99069532806857,250.82462455546695,0.968008696861327,0.16739362872377794,0.1262784148308403,17.94693922996521
True,NML,0.45,1,1.1,NML_k0.45_s01.csv,184608.24413604502,411268.10913048,824658267.2343986,1.0017015054494018,11.820305244249099,100.33615688513926,254.44767426196606,0.9315674282182131,0.18964861164577326,0.09279286215387868,16.067453861236572
True,NML,0.45,1,1.25,NML_k0.45_s01.csv,184608.24413604502,411268.10913048,2630026330.8915834,1.001539994319337,70.24639095733951,115.46301779758272,272.8467792197058,0.9795705333164603,0.4771609213485628,0.02757240312288005,17.64071798324585
True,NML,0.45,1,1.4,NML_k0.45_s01.csv,184608.24413604502,411268.10913048,6018667084.05516,1.0,93.6107096522673,211.78605841313333,321.2027262635514,0.938260182483025,0.3759911757726304,0.2,8.364578008651733
True,NML,0.45,1,1.55,NML_k0.45_s01.csv,184608.24413604502,411268.10913048,11103713326.782274,1.0,3.3005317803905356,228.13412153797634,294.10802954645766,0.8660777760246321,0.4377757412361468,0.16964210266898888,8.964163064956665
True,NML,0.45,1,1.7,NML_k0.45_s01.csv,184608.24413604502,411268.10913048,17808946878.7275,1.0,39.42806946819015,248.329605405553,302.7024028080517,0.9325374240453493,0.7510775869711436,0.14606937925155775,8.491768836975098
True,NML,0.45,1,1.8,NML_k0.45_s01.csv,184608.24413604502,411268.10913048,23234001900.295826,1.0,10.41111101702905,203.8975067436563,361.48425049389357,0.9761324028510446,0.6700054569126451,0.1290716977312673,8.372544050216675
True,NML,0.45,2,0.95,NML_k0.45_s02.csv,208752.94312377498,670195.7414399202,280593626.30199873,1.0053998839160316,93.55532592316277,100.32550478798908,275.57768355177143,0.8568082590490215,0.05497655590131212,0.17618218244144235,25.913958072662354
True,NML,0.45,2,1.1,NML_k0.45_s02.csv,208752.94312377498,670195.7414399202,1205559855.78313,1.0011773771855275,82.68194842844781,112.50490736892127,257.08360499456694,0.8706130986998574,0.05524724138981843,0.13011749505614334,24.999240159988403
True,NML,0.45,2,1.25,NML_k0.45_s02.csv,208752.94312377498,670195.7414399202,3339565515.6451445,1.0009972060058474,94.5131503050227,108.70074804655691,252.75009700227744,0.8572647740425294,0.04510840232360769,0.1363041624050777,20.62928581237793
True,NML,0.45,2,1.4,NML_k0.45_s02.csv,208752.94312377498,670195.7414399202,7173357829.707893,1.0026025752474554,37.897152847933356,101.4518245164027,256.5054534878338,0.8397246043014258,0.04733137557771683,0.16156975765848464,22.30823802947998
True,NML,0.45,2,1.55,NML_k0.45_s02.csv,208752.94312377498,670195.7414399202,12568464524.067152,1.0117818877622473,68.2028712988284,133.58675825764976,250.90133154898334,0.8494641355447521,0.03163052315016468,0.1775987606035685,20.182920932769775
True,NML,0.45,2,1.7,NML_k0.45_s02.csv,208752.94312377498,670195.7414399202,19461030438.02897,1.009730612273393,50.995216016236334,110.65046618869853,271.5456063616843,0.872615649604378,0.02805972316071808,0.038107915999486555,17.152815103530884
True,NML,0.45,2,1.8,NML_k0.45_s02.csv,208752.94312377498,670195.7414399202,24907692044.161366,1.0,26.359290712726917,205.1528062859313,273.93745897043857,1.0,0.0,0.16172276472623132,10.096746921539307
True,NML,0.45,3,0.95,NML_k0.45_s03.csv,185901.36938601502,506245.95718825,754420457.7782226,1.0016350538882977,37.838134097483604,127.57131987311612,251.03561572250905,0.8725570228763819,0.054072678271871344,0.1550057377260485,22.051509857177734
True,NML,0.45,3,1.1,NML_k0.45_s03.csv,185901.36938601502,506245.95718825,1782723461.9400816,1.0028738666003445,93.30437676669004,199.88801526711342,250.50732867098014,0.9816817006238902,0.26764713127866724,0.025323028836215053,19.67540192604065
True,NML,0.45,3,1.25,NML_k0.45_s03.csv,185901.36938601502,506245.95718825,3718492472.968351,1.000106624060315,58.93204407970299,162.7091916823622,252.28792920257158,0.9903654905078741,0.5435239608058839,0.031676902409561045,14.210592985153198
True,NML,0.45,3,1.4,NML_k0.45_s03.csv,185901.36938601502,506245.95718825,6938821941.248427,1.0,31.456049011694642,103.99635385471085,270.35909731086406,0.9812567106682808,0.3612779292628506,0.06088079517595007,12.891555070877075
True,NML,0.45,3,1.55,NML_k0.45_s03.csv,185901.36938601502,506245.95718825,11787665530.071737,1.0,76.74971529237158,100.0,250.0,1.0,0.0,0.11440352170626318,8.62975001335144
True,NML,0.45,3,1.7,NML_k0.45_s03.csv,185901.36938601502,506245.95718825,18343472868.40541,1.0,60.44901810061259,156.42431791911824,273.03671347852753,0.9893678949584663,0.0552688253931527,0.11002757619759045,8.13231897354126
True,NML,0.45,3,1.8,NML_k0.45_s03.csv,185901.36938601502,506245.95718825,23540293714.551514,1.0,35.28506582199248,153.1256042118287,284.14907084918144,0.8088846025774359,0.33358589629151014,0.06828804497146825,7.410242080688477
True,NML,0.45,4,0.95,NML_k0.45_s04.csv,154803.20573499502,506204.85373944,426731966.4544066,1.0076934019607697,22.684673346715584,102.61094853203782,359.15022551487306,0.877633520551314,0.08473612463091829,0.13116903221627865,22.858232021331787
True,NML,0.45,4,1.1,NML_k0.45_s04.csv,154803.20573499502,506204.85373944,1499000299.4155297,1.0065609447495725,30.387945768087,117.8201710666773,322.46373548716343,0.8792016326135169,0.0933123095675471,0.19201233741401558,20.907631158828735
True,NML,0.45,4,1.25,NML_k0.45_s04.csv,154803.20573499502,506204.85373944,3510936276.6291,1.000971404583091,41.883972882796,165.52947608976763,362.233098663493,0.9162328867903848,0.08349809461448982,0.12955524352573172,17.166671752929688
True,NML,0.45,4,1.4,NML_k0.45_s04.csv,154803.20573499502,506204.85373944,6606432107.989264,1.0,85.65392861617357,184.1935664393861,304.8067654378084,0.935632168192826,0.12311127191248984,0.03570906958439038,15.415268898010254
True,NML,0.45,4,1.55,NML_k0.45_s04.csv,154803.20573499502,506204.85373944,11252184441.907206,1.0,69.7026708151885,100.0,250.0,1.0,0.0,0.0275591862752175,8.767526865005493
True,NML,0.45,4,1.7,NML_k0.45_s04.csv,154803.20573499502,506204.85373944,17769777613.051025,1.0,21.263250793514953,100.0,250.0,1.0,0.0,0.01749125529586533,9.490811109542847
True,NML,0.45,4,1.8,NML_k0.45_s04.csv,154803.20573499502,506204.85373944,23144613763.06022,1.0,94.49683054440055,173.0880509438498,301.45486222558907,0.9036932845371427,0.24062312230166377,0.10457515272367164,8.454875230789185
True,NML,0.6,1,0.95,NML_k0.60_s01.csv,251086.05506936,1225072.3109642603,669410741.9550095,1.0064241262008637,71.09743823158132,226.247756187592,252.66807890806183,0.8932912828382749,0.06815735302760692,0.029584729699154363,27.654562950134277
True,NML,0.6,1,1.1,NML_k0.60_s01.csv,251086.05506936,1225072.3109642603,1686523706.611982,1.012418002858214,24.43629770428614,227.21813887333573,251.04015915746618,0.8902886483770212,0.06594997804335462,0.09061014417330537,24.57576584815979
True,NML,0.6,1,1.25,NML_k0.60_s01.csv,251086.05506936,1225072.3109642603,3773962004.755401,1.0046597306550276,77.2685366483723,208.22893256080704,260.5031521437148,0.8774667723560344,0.07034873324099465,0.12010296464191668,24.343147039413452
True,NML,0.6,1,1.4,NML_k0.60_s01.csv,251086.05506936,1225072.3109642603,7149836452.595623,1.0,32.539136556575414,199.44657182691245,250.86326519490157,0.8564405247901803,0.08861293124079676,0.09816791036164788,21.550990104675293
True,NML,0.6,1,1.55,NML_k0.60_s01.csv,251086.05506936,1225072.3109642603,12189125639.497526,1.0,40.66003722668275,190.46548955263216,275.92407186335134,0.827626283975167,0.031678762305107994,0.08143353810139331,14.959165096282959
True,NML,0.6,1,1.7,NML_k0.60_s01.csv,251086.05506936,1225072.3109642603,18859553177.28122,1.0,24.45197377271488,175.172565092428,263.7395021462486,0.8222641388940903,0.06673310231089741,0.08176058870400356,13.53971004486084
True,NML,0.6,1,1.8,NML_k0.60_s01.csv,251086.05506936,1225072.3109642603,24191449198.065567,1.0,24.654092429052106,187.3913288228737,257.67631596015315,0.8463356964194327,0.04922822886914831,0.09237096247705762,18.951445817947388
True,NML,0.6,2,0.95,NML_k0.60_s02.csv,251929.43048029998,1287971.83391846,317555573.35930073,1.0007615644778898,96.16482925981288,109.89761801412499,299.1687546452814,0.8476413990348369,0.07262533883344285,0.08744232738917755,20.646896839141846
True,NML,0.6,2,1.1,NML_k0.60_s02.csv,251929.43048029998,1287971.83391846,910208689.7442199,1.0011304314553393,72.30092542625698,146.7962734626835,338.11106119466376,0.8981965995239389,0.05896075801019254,0.0678201084910925,21.225304126739502
True,NML,0.6,2,1.25,NML_k0.60_s02.csv,251929.43048029998,1287971.83391846,2044141398.808215,1.0055577509838936,1.8419305994209623,236.65420149974034,264.0057776953743,0.9623295254981106,0.10306898135351107,0.04985106930211657,21.70282506942749
True,NML,0.6,2,1.4,NML_k0.60_s02.csv,251929.43048029998,1287971.83391846,4146117781.935104,1.0,67.19797212188789,205.06500115297996,314.409823411775,0.9648246096046934,0.14301865077946901,0.0962520047784996,16.81928300857544
True,NML,0.6,2,1.55,NML_k0.60_s02.csv,251929.43048029998,1287971.83391846,7534316681.4160795,1.0,18.501324212301018,100.0,250.0,1.0,0.0,0.1591280232299073,9.975231885910034
True,NML,0.6,2,1.7,NML_k0.60_s02.csv,251929.43048029998,1287971.83391846,12634300693.553694,1.0,49.31357455761784,100.0,250.0,1.0,0.0,0.13390759075626818,9.902163982391357
True,NML,0.6,2,1.8,NML_k0.60_s02.csv,251929.43048029998,1287971.83391846,17158288452.60203,1.0,54.37953215510619,129.5591783608688,353.227454879258,0.9626933431014378,0.8157568823433641,0.0635281105425235,9.1436128616333
True,NML,0.6,3,0.95,NML_k0.60_s03.csv,251086.05506936,643735.41858252,39549851.34960431,1.0003633706841533,45.4606198454193,104.03106993920832,354.6713266159328,0.8885620168330156,0.07143903107075028,0.0951009127010585,27.58864116668701
True,NML,0.6,3,1.1,NML_k0.60_s03.csv,251086.05506936,643735.41858252,332531607.515212,1.0002983911723653,14.919149328464023,245.46492100441395,259.07772902896136,0.9669448450318469,0.1505347249685529,0.12981986001226237,17.085273265838623
True,NML,0.6,3,1.25,NML_k0.60_s03.csv,251086.05506936,643735.41858252,1667864343.7196727,1.0003344782992585,74.66471747867786,244.85150712232658,250.8977397715661,0.9977285541465266,0.8900811238286448,0.1919411730649751,15.812336921691895
True,NML,0.6,3,1.4,NML_k0.60_s03.csv,251086.05506936,643735.41858252,4448812873.721602,1.0,19.151016600060977,124.99626385529366,257.97308573174985,0.9431767639403642,0.3503836725565619,0.04764854134091412,10.101972818374634
True,NML,0.6,3,1.55,NML_k0.60_s03.csv,251086.05506936,643735.41858252,8885848166.285362,1.0,26.314303207574863,189.13418448759785,337.31802900401675,0.9282548180962819,0.15717233276489295,0.051519424976411946,8.87185525894165
True,NML,0.6,3,1.7,NML_k0.60_s03.csv,251086.05506936,643735.41858252,15049061159.833218,1.0,1.6030968534732395,156.1490867099085,325.2030313384872,0.8812285803105404,0.6471517567811057,0.0,8.29416275024414
True,NML,0.6,3,1.8,NML_k0.60_s03.csv,251086.05506936,643735.41858252,20130399990.993053,1.0,64.90279556026465,101.44268373701102,279.8396806421119,0.703257889654865,0.7302004719318206,0.04088946131398043,7.656958103179932
True,NML,0.6,4,0.95,NML_k0.60_s04.csv,227982.55287301997,1010176.0901763601,225631556.96235698,1.0031500121176062,71.48920403239492,165.77445480712908,319.2711099879596,0.9020804679084272,0.06075114519310271,0.08473700338678078,21.47654891014099
True,NML,0.6,4,1.1,NML_k0.60_s04.csv,227982.55287301997,1010176.0901763601,1195035977.543003,1.0005449025528284,68.42629717487532,110.77844492709207,357.69241211294934,0.9100190614157024,0.06923202037287676,0.09419274993351946,19.67378306388855
True,NML,0.6,4,1.25,NML_k0.60_s04.csv,227982.55287301997,1010176.0901763601,3134830218.827876,1.0008906680967038,65.71070827052972,212.6458664759715,300.9975096086662,0.9462178685113058,0.0995681168688961,0.09229366652870079,20.661899089813232
True,NML,0.6,4,1.4,NML_k0.60_s04.csv,227982.55287301997,1010176.0901763601,6324121890.699133,1.0114741703930712,33.814661889594454,148.0336849428221,257.78299121452585,0.8752216661026764,0.05502478986288689,0.017477645434917394,15.688555002212524
True,NML,0.6,4,1.55,NML_k0.60_s04.csv,227982.55287301997,1010176.0901763601,10922313049.758951,1.0,45.05049262500647,125.70233456536027,287.27262362813906,0.9493532255729065,0.037637184933206475,0.007883850450458654,15.3786301612854
True,NML,0.6,4,1.7,NML_k0.60_s04.csv,227982.55287301997,1010176.0901763601,17018236015.24924,1.0,77.47009991730768,123.15554834602888,256.2941762568823,0.9705231336549861,0.09338330416174093,0.11853649309213249,15.65652585029602
True,NML,0.6,4,1.8,NML_k0.60_s04.csv,227982.55287301997,1010176.0901763601,22000035772.282063,1.0,94.29002679643352,103.85062877853238,255.0209001744672,1.0,0.25751449707204044,0.12596573303470102,9.42578125
True,NML,0.7,1,0.95,NML_k0.70_s01.csv,280713.75538465,1656148.9958113697,139183239.1578289,1.0003110198469933,73.39512137355146,216.3640485566761,282.27356932939466,0.8280309738357201,0.03715215822663559,0.15685639002512286,37.23572111129761
True,NML,0.7,1,1.1,NML_k0.70_s01.csv,280713.75538465,1656148.9958113697,569738813.1551139,1.0025970634025547,27.91564382318734,216.38006738224186,253.0708480729142,0.8589868836314589,0.05845110218660721,0.08473074886396409,39.34953808784485
True,NML,0.7,1,1.25,NML_k0.70_s01.csv,280713.75538465,1656148.9958113697,1855562186.848059,1.00282917454064,5.638403074798688,210.94289682392346,251.96341715689644,0.8625047222785769,0.07126047680335568,0.09939550753774727,33.556822061538696
True,NML,0.7,1,1.4,NML_k0.70_s01.csv,280713.75538465,1656148.9958113697,4367728653.359306,1.0219183288825895,93.38101934170876,218.10641426785395,253.89913828948937,0.8626037273866105,0.0442010564997406,0.13701281104696011,27.114801168441772
True,NML,0.7,1,1.55,NML_k0.70_s01.csv,280713.75538465,1656148.9958113697,8118572029.451669,1.0,97.00099052443655,112.6168549437676,266.31791844622825,0.9431178041667283,0.6965041391852123,0.11308002344456108,16.954108953475952
True,NML,0.7,1,1.7,NML_k0.70_s01.csv,280713.75538465,1656148.9958113697,13965422736.496511,1.0,48.0168206180911,100.0,250.0,1.0,0.0,0.10472752376433597,10.331621170043945
True,NML,0.7,1,1.8,NML_k0.70_s01.csv,280713.75538465,1656148.9958113697,18774954966.70918,1.0,34.54661233104412,148.07690125652954,251.7007636682244,0.9794480168359464,0.7895596780710724,0.012186364660274354,9.657991886138916
True,NML,0.7,2,0.95,NML_k0.70_s02.csv,169353.40586856136,1160505.61602055,671174115.8204027,1.0030546256314818,87.93074400876733,110.63341105870852,325.11969814656624,0.8638737130413154,0.10038240955199394,0.018476032586096897,19.305193185806274
True,NML,0.7,2,1.1,NML_k0.70_s02.csv,169353.40586856136,1160505.61602055,1686014381.5875692,1.0087566455545356,39.979064575115366,211.988199759301,305.1473510375319,0.9315334216769097,0.11042944271796895,0.19591992927601265,19.481295108795166
True,NML,0.7,2,1.25,NML_k0.70_s02.csv,169353.40586856136,1160505.61602055,3792701326.303625,1.0072677435645883,58.57109623476396,212.1764285925389,315.7316065298468,0.9342500787425715,0.09707931535670236,0.08281189121642238,18.497710943222046
True,NML,0.7,2,1.4,NML_k0.70_s02.csv,169353.40586856136,1160505.61602055,7232557652.022833,1.0,36.17402654438781,222.09639792705156,274.9880103707192,0.9312215281005469,0.10398993901658629,0.16011125185429192,15.73550009727478
True,NML,0.7,2,1.55,NML_k0.70_s02.csv,169353.40586856136,1160505.61602055,12037379001.44851,1.0,26.92961585712097,215.89949750827068,260.7717639882824,0.9032305363821234,0.1349345242591784,0.10348212790493477,14.564929008483887
True,NML,0.7,2,1.7,NML_k0.70_s02.csv,169353.40586856136,1160505.61602055,18384798942.082245,1.0,64.79491481990269,189.17839362039012,253.8211205061531,0.8395893787073264,0.3174128203002185,0.12249888944744934,11.583452939987183
True,NML,0.7,2,1.8,NML_k0.70_s02.csv,169353.40586856136,1160505.61602055,23543027375.67832,1.0,35.844471102897515,179.24277789269453,271.34883408548933,0.9036518146109009,0.17721526858675157,0.07045560723782227,11.61129093170166
True,NML,0.7,3,0.95,NML_k0.70_s03.csv,280713.75538465,1578795.4866368303,51660279.74691947,1.0060837100641429,9.128613409041911,101.91768036111712,317.9160573904429,0.7840361761410458,0.03412066369503708,0.11968624774785244,34.91244602203369
True,NML,0.7,3,1.1,NML_k0.70_s03.csv,280713.75538465,1578795.4866368303,428251237.2829371,1.0028757850606933,20.931118553376333,103.31475771845899,306.0781614270877,0.7867780753618417,0.03372195980255405,0.10502801324511667,32.430612087249756
True,NML,0.7,3,1.25,NML_k0.70_s03.csv,280713.75538465,1578795.4866368303,1612572425.6233914,1.0099621557435765,45.92093843986009,103.4597906764274,264.14226591966957,0.7893168038870041,0.03571154843199187,0.13498074885885558,29.319395065307617
True,NML,0.7,3,1.4,NML_k0.70_s03.csv,280713.75538465,1578795.4866368303,4240568189.824468,1.0015936822804576,76.60337715057979,104.27991685403398,253.59186438958835,0.7885898002288739,0.03755466063768759,0.14175138385502067,25.86272931098938
True,NML,0.7,3,1.55,NML_k0.70_s03.csv,280713.75538465,1578795.4866368303,8314387974.343618,1.0007767070772615,92.82141389754219,104.55897267088575,290.41691607866255,0.8062960058607517,0.027484749062160523,0.06773207332541245,24.112936973571777
True,NML,0.7,3,1.7,NML_k0.70_s03.csv,280713.75538465,1578795.4866368303,13789782977.830568,1.0,75.9623963876308,196.00781978954012,335.30480945520213,0.9633500200680252,0.07978292066474622,0.047429156288023425,20.51588201522827
True,NML,0.7,3,1.8,NML_k0.70_s03.csv,280713.75538465,1578795.4866368303,18434113590.02467,1.0,25.918770995045648,148.69830993427573,301.1266108527117,0.9543608730903647,0.10020985962351624,0.009840886144644817,18.629779815673828
True,NML,0.7,4,0.95,NML_k0.70_s04.csv,279729.81740522006,1401419.4114759201,474337827.574144,1.002431912579594,44.342900964652934,223.97836340532146,360.87808607930447,0.9148963223322213,0.06706631704178473,0.09116457328492117,29.08586812019348
True,NML,0.7,4,1.1,NML_k0.70_s04.csv,279729.81740522006,1401419.4114759201,1191864203.4461784,1.0073544860707693,61.521838812420356,248.45331902163247,264.7237473720077,0.9473879047167354,0.08646467869296676,0.004219156156928111,24.297689199447632
True,NML,0.7,4,1.25,NML_k0.70_s04.csv,279729.81740522006,1401419.4114759201,2613706806.5570827,1.0003986880488596,84.3034375054271,193.8702573286746,274.2512036878434,0.9465720430334513,0.15473700721649378,0.05790870377038302,17.962653875350952
True,NML,0.7,4,1.4,NML_k0.70_s04.csv,279729.81740522006,1401419.4114759201,5426203499.978278,1.0,62.72028092110173,167.77618867216262,266.9382229458461,0.9290648735496181,0.15772366223379142,0.11504963845995503,14.929422855377197
True,NML,0.7,4,1.55,NML_k0.70_s04.csv,279729.81740522006,1401419.4114759201,9814216685.66418,1.0,49.342737216567286,125.78005390448166,255.3620313915313,0.8505236776423994,0.1931276171724291,0.059383800865186555,14.08405327796936
True,NML,0.7,4,1.7,NML_k0.70_s04.csv,279729.81740522006,1401419.4114759201,15841962912.525076,1.0,34.3768789051942,106.22838293055929,258.5141307374713,0.8741663084396429,0.1095439382107603,0.0669104694452721,14.010517120361328
True,NML,0.7,4,1.8,NML_k0.70_s04.csv,279729.81740522006,1401419.4114759201,20877002832.238243,1.0,40.307452694412426,185.60932351005687,256.1256022481603,0.9751003095401984,0.5895758203420393,0.035986853470810765,14.699972152709961
True,NML,0.8,1,0.95,NML_k0.80_s01.csv,277568.91014596005,1452818.8150395202,386496764.35285616,1.0006508753596612,76.36691260076378,249.09422973799053,321.28773133270465,0.8968648563010994,0.06766055449335917,0.08010383040773972,32.17133903503418
True,NML,0.8,1,1.1,NML_k0.80_s01.csv,277568.91014596005,1452818.8150395202,1287497437.5818748,1.0007355798628594,38.9412737749326,161.63723932759652,357.3752706271013,0.9231819619930579,0.08452834971923588,0.13221428995489326,27.455447912216187
True,NML,0.8,1,1.25,NML_k0.80_s01.csv,277568.91014596005,1452818.8150395202,3523794914.97671,1.006322464781702,24.672388111806477,211.0497398281437,277.88025512492084,0.9412936906318425,0.11542758745262166,0.18209256628249293,21.44503664970398
True,NML,0.8,1,1.4,NML_k0.80_s01.csv,277568.91014596005,1452818.8150395202,7199264246.215787,1.00343704329308,72.69022969506335,188.07002227075475,267.5769829679688,0.9429129045436829,0.18474307800836362,0.018258148657516016,17.08366107940674
True,NML,0.8,1,1.55,NML_k0.80_s01.csv,277568.91014596005,1452818.8150395202,12496290408.352873,1.0,63.43085923674167,234.27552758326294,261.3536938290856,0.9678776988408355,0.2617898305016785,0.03096957952360682,14.914002180099487
True,NML,0.8,1,1.7,NML_k0.80_s01.csv,277568.91014596005,1452818.8150395202,19356419759.20413,1.0006844945371025,80.57362889309736,103.65525697663733,314.2331951366269,0.9783593877861111,0.1188467994420764,0.06363045298530956,10.316204071044922
True,NML,0.8,1,1.8,NML_k0.80_s01.csv,277568.91014596005,1452818.8150395202,24882563926.933987,1.0,68.32154695828942,186.4779203736819,310.165262248709,1.0,0.02788386850514195,0.12236485316840423,10.78258204460144
True,NML,0.8,2,0.95,NML_k0.80_s02.csv,309498.080289,2071118.44442456,220504410.6093953,1.0019302108578978,43.955473101320294,102.1242986777975,361.50060069937234,0.7898494969972507,0.03528412328937658,0.18485058392600193,36.47108292579651
True,NML,0.8,2,1.1,NML_k0.80_s02.csv,309498.080289,2071118.44442456,961365456.2254491,1.0019125750207127,49.686425732273186,100.83446141831067,338.7759477937868,0.7941661281008501,0.03618168228268579,0.19458773100264443,28.54736590385437
True,NML,0.8,2,1.25,NML_k0.80_s02.csv,309498.080289,2071118.44442456,2563277584.3063807,1.0023816298371204,22.57896073704228,110.1554778147412,308.6616786013231,0.8041138729308708,0.034975784940278996,0.11064422140753215,26.125758171081543
True,NML,0.8,2,1.4,NML_k0.80_s02.csv,309498.080289,2071118.44442456,5606393806.141216,1.00123677900288,51.20163464207776,111.17089728583707,261.64432125268655,0.7753807268954936,0.03215898836633374,0.09014400314029608,23.959399938583374
True,NML,0.8,2,1.55,NML_k0.80_s02.csv,309498.080289,2071118.44442456,10379784887.718008,1.007749268267894,47.401994185719055,100.37147483774228,275.16068609832826,0.8110989086329096,0.03469855911747408,0.1359020617295114,22.08866310119629
True,NML,0.8,2,1.7,NML_k0.80_s02.csv,309498.080289,2071118.44442456,16695825946.03487,1.0,54.700966099803054,104.3338262530705,296.8042163442171,0.9090725838444513,0.06496602429736663,0.04022202342787473,18.01524305343628
True,NML,0.8,2,1.8,NML_k0.80_s02.csv,309498.080289,2071118.44442456,21805372203.26205,1.0,42.52370634038888,100.0,250.0,1.0,0.0,0.06609076352365462,9.563510656356812
True,NML,0.8,3,0.95,NML_k0.80_s03.csv,286886.22080156,1520722.30751464,795387055.3966796,1.0031998337544852,26.285093489472157,169.53630887551168,304.7477785876895,0.8711245077946304,0.044106303559405646,0.09530513278416027,23.081916093826294
True,NML,0.8,3,1.1,NML_k0.80_s03.csv,286886.22080156,1520722.30751464,2164993348.1129017,1.004260629201319,53.2323597349185,170.25892361748942,320.0810790125103,0.9124994264089001,0.08353176472194379,0.19180327412488718,21.46980381011963
True,NML,0.8,3,1.25,NML_k0.80_s03.csv,286886.22080156,1520722.30751464,4718313965.683007,1.0062115516220747,87.21336612622393,134.43142761946018,344.324540374975,0.9103014708648933,0.07628634536321117,0.09158819624254733,18.26641821861267
True,NML,0.8,3,1.4,NML_k0.80_s03.csv,286886.22080156,1520722.30751464,8719333923.837637,1.0,61.65604358755114,168.98009785928872,336.0514553661901,0.9329695840791232,0.08220993182971756,0.17905662284306387,18.641551733016968
True,NML,0.8,3,1.55,NML_k0.80_s03.csv,286886.22080156,1520722.30751464,14260010788.448746,1.0053598237445374,24.912610762752728,167.17280608226923,319.0758462891173,0.9359947115458911,0.08011871478479984,0.057890628328059184,16.69784688949585
True,NML,0.8,3,1.7,NML_k0.80_s03.csv,286886.22080156,1520722.30751464,21306935028.827496,1.0,41.37736930845925,122.04920932939041,285.1174557165007,0.9848762566759549,0.2625182352095717,0.06201467615739268,15.948872804641724
True,NML,0.8,3,1.8,NML_k0.80_s03.csv,286886.22080156,1520722.30751464,26933464056.66257,1.0,54.74131876272386,248.19135081039025,363.63126583794894,0.9933428115374199,9.464932611291665e-05,0.1478447283013547,9.483096837997437
True,NML,0.8,4,0.95,NML_k0.80_s04.csv,309498.080289,1614103.7894949599,335541257.939049,1.0011292212223455,34.65623442870469,202.17603881510558,344.8714819328591,0.9484356765399172,0.10637816691495555,0.10286877743041777,25.107546091079712
True,NML,0.8,4,1.1,NML_k0.80_s04.csv,309498.080289,1614103.7894949599,964861465.1683196,1.00395675597328,58.356158362513796,236.8741228182525,313.37911349362395,0.9700731659490538,0.1762619363522745,0.09279003566579425,22.7104229927063
True,NML,0.8,4,1.25,NML_k0.80_s04.csv,309498.080289,1614103.7894949599,2570026080.047164,1.001214759875798,7.680911240645372,220.48409277908934,289.97141968636817,0.978602058128887,0.24094953981952244,0.0684058451124073,17.801069021224976
True,NML,0.8,4,1.4,NML_k0.80_s04.csv,309498.080289,1614103.7894949599,5659455644.599787,1.0011498785765789,27.774158166799225,231.0834643553922,264.9793616368422,0.9952576530023702,0.5191190035755533,0.07091793691314217,12.352756023406982
True,NML,0.8,4,1.55,NML_k0.80_s04.csv,309498.080289,1614103.7894949599,10521467581.72916,1.0,88.32138424808858,100.0,250.0,1.0,0.0,0.023614667644502013,10.307085037231445
True,NML,0.8,4,1.7,NML_k0.80_s04.csv,309498.080289,1614103.7894949599,17082099236.2459,1.0,56.64139228009003,119.63753008250083,319.44595657035194,0.7766302496662653,0.2218116776726231,0.1228889276546475,9.49025297164917
True,NML,0.8,4,1.8,NML_k0.80_s04.csv,309498.080289,1614103.7894949599,22383106229.504116,1.0,37.44487967567637,159.23732074362732,268.05542850804346,0.9476779797622426,0.3417521230645243,0.08721870644907277,9.058910131454468
True,NML,0.9,1,0.95,NML_k0.90_s01.csv,289993.00721789,1884974.39847578,433480210.9045304,1.0029211149566952,85.20197031514112,150.4970989270047,359.74923792857794,0.8905833458611925,0.06968879159642644,0.11776175694266384,24.675474882125854
True,NML,0.9,1,1.1,NML_k0.90_s01.csv,289993.00721789,1884974.39847578,1592336310.5314016,1.0030667780813172,48.4170914289474,101.91692480444415,317.51647164649734,0.8528338508731501,0.08046739170125716,0.0969589920318674,22.42993688583374
True,NML,0.9,1,1.25,NML_k0.90_s01.csv,289993.00721789,1884974.39847578,3772010577.7438116,1.001085216297381,44.802921882950294,118.09351330158357,330.09593297209057,0.8859219137044386,0.07934359656105766,0.0595884035949113,21.273421049118042
True,NML,0.9,1,1.4,NML_k0.90_s01.csv,289993.00721789,1884974.39847578,7297110049.610142,1.0120044447402032,12.533634329521412,127.18309003830397,287.3496753788956,0.8798555361799032,0.09401600348521494,0.1251841964449267,19.383826971054077
True,NML,0.9,1,1.55,NML_k0.90_s01.csv,289993.00721789,1884974.39847578,12325823120.204435,1.0,28.376762128668304,174.3152390540549,306.2490583291614,0.9256254622128403,0.08493034540521101,0.11433356837479869,16.200886011123657
True,NML,0.9,1,1.7,NML_k0.90_s01.csv,289993.00721789,1884974.39847578,18980388890.333076,1.0,57.5390225542241,242.58096671121564,336.7304206609148,1.0,0.0,0.12707663695943314,9.56852912902832
True,NML,0.9,1,1.8,NML_k0.90_s01.csv,289993.00721789,1884974.39847578,24488824109.139378,1.0,37.044402221633874,100.0,250.0,1.0,0.0,0.060285877648780344,9.113301992416382
True,NML,0.9,2,0.95,NML_k0.90_s02.csv,337017.34207694005,2271436.15277858,680198995.752712,1.006758047016519,64.88281749663555,224.12403012557965,360.7146106877547,0.8656015547805128,0.043347045262459916,0.1986506251747313,31.121145009994507
True,NML,0.9,2,1.1,NML_k0.90_s02.csv,337017.34207694005,2271436.15277858,1982084236.0747707,1.006561486022973,64.28242467006677,207.58146460782555,335.1875725534471,0.8598783961754226,0.04472623161319287,0.05948385212041718,26.418023109436035
True,NML,0.9,2,1.25,NML_k0.90_s02.csv,337017.34207694005,2271436.15277858,4375835831.431136,1.0118348826735435,54.60848599198731,217.31586391004353,328.2937553568748,0.8819180257543178,0.053242776170707384,0.10455199122159094,23.186259031295776
True,NML,0.9,2,1.4,NML_k0.90_s02.csv,337017.34207694005,2271436.15277858,8041546337.317228,1.0096961677552632,15.238820547083861,217.73473143199612,289.11191797639964,0.8995240192473293,0.06693136915465478,0.08127083055001212,20.539508819580078
True,NML,0.9,2,1.55,NML_k0.90_s02.csv,337017.34207694005,2271436.15277858,13249816138.475496,1.0034630246588192,74.21043962012547,136.45903053666964,308.8212513725089,0.8457631043392303,0.0718653302844498,0.09364886708280554,19.808736085891724
True,NML,0.9,2,1.7,NML_k0.90_s02.csv,337017.34207694005,2271436.15277858,20013177659.874207,1.0,28.59404586060867,161.7077580700836,277.8685284442248,0.8497000829682806,0.09090137770311368,0.11621107259741145,14.094749212265015
True,NML,0.9,2,1.8,NML_k0.90_s02.csv,337017.34207694005,2271436.15277858,25493687545.486523,1.0069512962256086,33.287349158074875,201.7577315560371,266.65258746713073,0.9005931032803427,0.11741272205593184,0.06311055416143503,15.92083191871643
True,NML,0.9,3,0.95,NML_k0.90_s03.csv,282168.38467937,2106151.5646218304,354971942.76173735,1.002214780642285,35.83908848019819,207.39940754560288,341.4356097938491,0.7675683933695373,0.02591456222986039,0.11580173712593958,43.51854085922241
True,NML,0.9,3,1.1,NML_k0.90_s03.csv,282168.38467937,2106151.5646218304,998087509.9289404,1.0050071152611149,25.069476823693236,202.85907581298605,350.31748446597084,0.7890474481602071,0.02792084025008451,0.13383072577218771,37.68795299530029
True,NML,0.9,3,1.25,NML_k0.90_s03.csv,282168.38467937,2106151.5646218304,2509178796.7796755,1.0008780803216157,50.218475273506044,222.05647229896633,349.0882011057821,0.8265414259648703,0.02755211658321325,0.10749869428701903,29.83056926727295
True,NML,0.9,3,1.4,NML_k0.90_s03.csv,282168.38467937,2106151.5646218304,5139297852.82548,1.0113478295487346,19.53537493844195,213.36945693581265,350.1953374109823,0.9243560748619517,0.06411669297475335,0.05378963962566796,27.24081802368164
True,NML,0.9,3,1.55,NML_k0.90_s03.csv,282168.38467937,2106151.5646218304,9259883505.823404,1.0,58.68045820403431,118.80232675680854,291.95463509234304,0.9841431780413218,0.5405138834921965,0.018159149530066865,20.565731048583984
True,NML,0.9,3,1.7,NML_k0.90_s03.csv,282168.38467937,2106151.5646218304,15408630299.638916,1.0003119266979668,32.98843953509065,226.1193507624945,332.0154163988064,0.9977038178090677,0.5567881144075718,0.054220040394120816,18.17767310142517
True,NML,0.9,3,1.8,NML_k0.90_s03.csv,282168.38467937,2106151.5646218304,20460705411.329372,1.0,75.1171618336339,211.48890178875888,275.89940126588044,0.9959760777864185,0.3671160710468477,0.14016364252001431,17.005425930023193
True,NML,0.9,4,0.95,NML_k0.90_s04.csv,312844.0632699801,2325807.71671573,635248186.497635,1.002544024898484,41.66609974195909,107.41933700563833,364.0286932077896,0.7744172328413478,0.033130956988221494,0.12022659669801941,32.472991943359375
True,NML,0.9,4,1.1,NML_k0.90_s04.csv,312844.0632699801,2325807.71671573,1722514886.942394,1.0156085159877641,25.025813068983,111.8262338284481,354.7355574940607,0.7891884905490469,0.03162318906866889,0.0464681365801647,27.43652105331421
True,NML,0.9,4,1.25,NML_k0.90_s04.csv,312844.0632699801,2325807.71671573,3666906428.311576,1.0008351467288286,63.429218719538774,108.9633910459593,315.86824385531565,0.7998454018580015,0.033759743786268705,0.09635728072600785,26.662997007369995
True,NML,0.9,4,1.4,NML_k0.90_s04.csv,312844.0632699801,2325807.71671573,7058329997.813442,1.0038373583641023,74.68752924174241,108.6340891087919,290.1098833255336,0.8185732175517428,0.03715035197031258,0.14282949045675644,22.481355905532837
True,NML,0.9,4,1.55,NML_k0.90_s04.csv,312844.0632699801,2325807.71671573,11724231641.501263,1.0,61.41523936700612,143.93859642080741,250.7084460313252,0.9591833711273885,0.10662178828503925,0.13241068414736643,20.571556091308594
True,NML,0.9,4,1.7,NML_k0.90_s04.csv,312844.0632699801,2325807.71671573,18457233979.260036,1.000400508285216,9.342483253890357,109.25902876130193,267.70440492653194,0.9542549415799386,0.11726149548840509,0.08362135991392394,17.095398902893066
True,NML,0.9,4,1.8,NML_k0.90_s04.csv,312844.0632699801,2325807.71671573,24010499661.45459,1.004683314366391,11.063594194648616,122.86420685109421,293.80446253020125,0.9243227529164825,0.03546975588033615,0.1526726745482081,16.343894958496094
True,NML,1.0,1,0.95,NML_k1.00_s01.csv,338801.9057384,2362319.0972693,751748218.5363148,1.0050782489968693,84.59288790130279,199.55567581916122,304.67420290428777,0.7270189691539398,0.030262724500843635,0.009117675586932147,39.65913009643555
True,NML,1.0,1,1.1,NML_k1.00_s01.csv,338801.9057384,2362319.0972693,1784718119.9771552,1.0002912062861453,30.141332470114282,222.81330469516422,363.03279455554474,0.7738416335077252,0.023399671796815485,0.0067752262899641175,34.29254984855652
True,NML,1.0,1,1.25,NML_k1.00_s01.csv,338801.9057384,2362319.0972693,3643275675.763996,1.000467205255012,50.063344560940536,206.49607971057142,356.54582812461507,0.913488483624333,0.07013497663628676,0.0826738752401522,31.94064998626709
True,NML,1.0,1,1.4,NML_k1.00_s01.csv,338801.9057384,2362319.0972693,7347244808.298833,1.0,68.0032090912607,181.0547247829404,279.1451870614925,0.8985583513587789,0.1686786460391686,0.040997997541065194,19.645348072052002
True,NML,1.0,1,1.55,NML_k1.00_s01.csv,338801.9057384,2362319.0972693,12839492460.071537,1.0,47.6752795612315,139.26830718013346,281.71934488044826,0.9595086152005186,0.14786318094966266,0.010385714090366968,9.920371055603027
True,NML,1.0,1,1.7,NML_k1.00_s01.csv,338801.9057384,2362319.0972693,20099890353.366825,1.0,61.95319292181979,185.62897821408149,348.028215817684,0.9461664391412546,0.9369996086221265,0.12237103092146535,9.107525825500488
True,NML,1.0,1,1.8,NML_k1.00_s01.csv,338801.9057384,2362319.0972693,25902278609.33932,1.0,85.63583308942367,168.15771425961984,255.55461363159904,0.7799917422842366,0.019779979542446702,0.11050653907560641,9.250406980514526
True,NML,1.0,2,0.95,NML_k1.00_s02.csv,367066.7300977,2777503.8376666997,399563071.5918737,1.001454205596442,15.138585324403422,248.3655183192255,336.68461337765496,0.8629023825970628,0.04986799735655334,0.02957630283098582,36.21408796310425
True,NML,1.0,2,1.1,NML_k1.00_s02.csv,367066.7300977,2777503.8376666997,1241087299.6896474,1.0169619107346894,18.88368737757321,134.100680475508,360.9517037467488,0.8586225334408375,0.04903304320488355,0.06191717258565659,25.13956308364868
True,NML,1.0,2,1.25,NML_k1.00_s02.csv,367066.7300977,2777503.8376666997,3043141421.908264,1.0192441707082154,42.899288418231606,121.1024809038219,356.8986264769961,0.8649389640507681,0.05175454741786968,0.12955275195324945,23.889344930648804
True,NML,1.0,2,1.4,NML_k1.00_s02.csv,367066.7300977,2777503.8376666997,6045234195.482889,1.0102673222620968,24.319335685029074,108.7919495597653,270.6954316106372,0.8700936322577126,0.05095228203137481,0.010976720276260551,25.048357009887695
True,NML,1.0,2,1.55,NML_k1.00_s02.csv,367066.7300977,2777503.8376666997,10869773930.089943,1.0237683124707564,34.61498157090631,122.34105039253406,253.9434099662684,0.8568072774473582,0.02944551689990923,0.13350108821594903,22.030519008636475
True,NML,1.0,2,1.7,NML_k1.00_s02.csv,367066.7300977,2777503.8376666997,17098851708.164461,1.0,30.963496297641658,100.0,272.01489599925293,1.0,0.0,0.10901941519405148,12.187709331512451
True,NML,1.0,2,1.8,NML_k1.00_s02.csv,367066.7300977,2777503.8376666997,22295894898.515984,1.0,58.567859507248684,100.0,250.0,1.0,0.0,0.09799519214269109,9.983314037322998
True,NML,1.0,3,0.95,NML_k1.00_s03.csv,327155.2674189,2241969.9723758004,583948730.0222635,1.0040717036369986,91.78053435492305,108.94806114914714,363.8581682116196,0.7559534847449855,0.03164198457176215,0.1605952804547981,30.689357042312622
True,NML,1.0,3,1.1,NML_k1.00_s03.csv,327155.2674189,2241969.9723758004,1617854142.2634053,1.0004397089249297,8.461998671035985,156.7405319362969,356.73973950050436,0.8161133316115523,0.031459154026111054,0.19179613644466645,30.75823998451233
True,NML,1.0,3,1.25,NML_k1.00_s03.csv,327155.2674189,2241969.9723758004,3474733200.803088,1.0052816310261519,2.434192641635576,219.34579721430308,301.62774860282394,0.9202738423810127,0.06922804433706042,0.07877928114952869,24.799185037612915
True,NML,1.0,3,1.4,NML_k1.00_s03.csv,327155.2674189,2241969.9723758004,6776007862.932664,1.0,79.48043725107456,199.32194234505693,269.2935249884503,0.9355953317516132,0.11668055616427758,0.13436008546153685,24.733232975006104
True,NML,1.0,3,1.55,NML_k1.00_s03.csv,327155.2674189,2241969.9723758004,11745496295.205597,1.0,14.736167984061424,216.80634205376052,258.0720189524813,0.9774423048584301,0.3469537725983697,0.12629226624481574,18.7773118019104
True,NML,1.0,3,1.7,NML_k1.00_s03.csv,327155.2674189,2241969.9723758004,18649773393.405117,1.0,21.048881144629934,100.0,250.0,1.0,0.0,0.056361278429825294,10.455431938171387
True,NML,1.0,3,1.8,NML_k1.00_s03.csv,327155.2674189,2241969.9723758004,24356628742.395397,1.0,84.80070371674785,100.5332851596615,254.20311050311756,0.9964092853850105,0.20257780190195163,0.1135236612593969,9.757797002792358
True,NML,1.0,4,0.95,NML_k1.00_s04.csv,367066.7300977,2745406.1757141,952815909.6339068,1.00038630115548,84.14216225352179,192.61699819037466,351.78259464059676,0.6686841232203277,0.024687328817411976,0.03792835499977113,45.811874866485596
True,NML,1.0,4,1.1,NML_k1.00_s04.csv,367066.7300977,2745406.1757141,2180567113.375481,1.012039452991609,77.40470808276167,199.54238428921443,365.20732666687724,0.6900579026502397,0.02240978203533936,0.018867565998692465,38.739989042282104
True,NML,1.0,4,1.25,NML_k1.00_s04.csv,367066.7300977,2745406.1757141,4351773938.643643,1.0148735635034156,84.50104254685156,213.8322003304131,360.2267027046822,0.7104639930009436,0.019549610839394098,0.12627637598186045,31.53185224533081
True,NML,1.0,4,1.4,NML_k1.00_s04.csv,367066.7300977,2745406.1757141,7634969166.453173,1.0098120217003799,19.82172064365926,229.2283830536538,348.08918319133596,0.7755948629618009,0.01929522646374843,0.07034328093720633,30.603814840316772
True,NML,1.0,4,1.55,NML_k1.00_s04.csv,367066.7300977,2745406.1757141,12265888562.015144,1.0,2.5535008873258747,199.08906027419297,331.44501407110437,0.868425087318506,0.04305371230917935,0.1396829488452533,27.499564170837402
True,NML,1.0,4,1.7,NML_k1.00_s04.csv,367066.7300977,2745406.1757141,18682318022.598774,1.0,63.46280997110144,198.4074688461641,291.3546709134125,0.8793566734664848,0.05495894663015388,0.14644860449125133,22.150734186172485
True,NML,1.0,4,1.8,NML_k1.00_s04.csv,367066.7300977,2745406.1757141,24061590913.61914,1.0,72.86713179472795,205.68661008591218,262.5350611576421,0.8893228441301739,0.0827053327618979,0.1107018975574333,19.43670105934143
True,NML,1.15,1,0.95,NML_k1.15_s01.csv,377738.66944103,2928543.44775436,949010524.0592332,1.0053630166875618,88.06118874738883,197.40817433084516,335.0217904291567,0.6707146501539288,0.02235300875911754,0.12972550424617835,50.79540205001831
True,NML,1.15,1,1.1,NML_k1.15_s01.csv,377738.66944103,2928543.44775436,2076049728.577524,1.0039378900289009,23.053630463107137,210.5452399770885,316.5972116545818,0.7153518277389773,0.023507459499935848,0.13311909962204657,39.56141901016235
True,NML,1.15,1,1.25,NML_k1.15_s01.csv,377738.66944103,2928543.44775436,4209462606.170915,1.0035582891465085,39.03861400285838,222.3125258015192,328.356508963082,0.7716330550522752,0.02306892196715873,0.10576409960457125,33.06249809265137
True,NML,1.15,1,1.4,NML_k1.15_s01.csv,377738.66944103,2928543.44775436,7509587933.517133,1.0,56.125978126496264,228.87451766035264,282.1532500865034,0.9235199917981235,0.0850047898441227,0.0369852613023848,24.384160041809082
True,NML,1.15,1,1.55,NML_k1.15_s01.csv,377738.66944103,2928543.44775436,13052279993.77115,1.0,26.512581011339186,138.56019353894413,267.796925451334,0.8794981551932736,0.2181449967729019,0.1437345128278043,14.293150901794434
True,NML,1.15,1,1.7,NML_k1.15_s01.csv,377738.66944103,2928543.44775436,20346158014.177624,1.0,46.28533953987104,218.18403397688817,266.07185119233134,0.8571212657815233,0.32195938971358484,0.12223633791695117,9.29227328300476
True,NML,1.15,1,1.8,NML_k1.15_s01.csv,377738.66944103,2928543.44775436,26191837232.206013,1.0,28.189512673395456,209.87425098598428,264.66934700545755,0.777143128311411,0.9402192498864936,0.1086171643720745,9.101970195770264
True,NML,1.15,2,0.95,NML_k1.15_s02.csv,408626.74791659,3209467.0671575647,501917246.25020975,1.0047977992316677,70.0915659364494,249.87578879502405,305.41881920486054,0.8341985326896373,0.05063389588587108,0.15187043055488325,45.278199911117554
True,NML,1.15,2,1.1,NML_k1.15_s02.csv,408626.74791659,3209467.0671575647,1512711767.548294,1.000113009824372,60.924636233170126,233.17692732841562,341.81618415972184,0.8839382868775691,0.04904669184122873,0.03793235033808007,29.959105014801025
True,NML,1.15,2,1.25,NML_k1.15_s02.csv,408626.74791659,3209467.0671575647,3608510547.5885935,1.0066324754203866,87.00427414228689,166.84206822653786,359.4543196848713,0.8811537080326812,0.05020996101590848,0.16878641674068995,23.974754810333252
True,NML,1.15,2,1.4,NML_k1.15_s02.csv,408626.74791659,3209467.0671575647,7137848635.498374,1.0029345199255988,77.03191376537251,142.88042769203403,350.69707950260147,0.869526581033815,0.04558595247514865,0.012553665795138974,21.904165267944336
True,NML,1.15,2,1.55,NML_k1.15_s02.csv,408626.74791659,3209467.0671575647,12109879627.341957,1.0004365710838412,22.95994399497977,104.58692801147392,273.64663554395906,0.8706158162369741,0.043667483897188664,0.16009974984097908,21.950932264328003
True,NML,1.15,2,1.7,NML_k1.15_s02.csv,408626.74791659,3209467.0671575647,18838263806.59843,1.0021610127785894,33.58493766443317,185.05960406298905,304.05890123788356,0.9619142593618237,0.1269617733981102,0.16262113457739624,17.080853939056396
True,NML,1.15,2,1.8,NML_k1.15_s02.csv,408626.74791659,3209467.0671575647,24162745825.958363,1.0,54.25317060013985,100.0,250.0,1.0,0.0,0.06542161691627364,10.72854208946228
True,NML,1.15,3,0.95,NML_k1.15_s03.csv,281099.648398765,3204554.8628761955,598388157.3889804,1.0006252263206363,15.893674512187253,113.17578013288735,350.82695600362956,0.7967740502722035,0.03420741802287297,0.04640185263611446,23.118896007537842
True,NML,1.15,3,1.1,NML_k1.15_s03.csv,281099.648398765,3204554.8628761955,1630804309.0397842,1.0042199745550127,60.1452094332668,102.82420333629413,335.52926479833025,0.7856650149186871,0.03475752356129869,0.015684314562081053,22.027390956878662
True,NML,1.15,3,1.25,NML_k1.15_s03.csv,281099.648398765,3204554.8628761955,3498811765.2466908,1.0084968255588427,13.353696695921762,174.85415631769163,318.78926667843365,0.8663413968974449,0.038153918656872565,0.0988125631419474,23.87602686882019
True,NML,1.15,3,1.4,NML_k1.15_s03.csv,281099.648398765,3204554.8628761955,6662138229.494434,1.0000134724326637,8.984579513934264,157.82719882909004,277.4931051647594,0.8468042459847892,0.04696877974350241,0.16495615211380885,22.2168550491333
True,NML,1.15,3,1.55,NML_k1.15_s03.csv,281099.648398765,3204554.8628761955,11289695144.021826,1.0051795598221875,49.4108696674396,131.67669266354616,262.61196618777365,0.8078357187769583,0.014733659779902198,0.09147866886567313,20.170350790023804
True,NML,1.15,3,1.7,NML_k1.15_s03.csv,281099.648398765,3204554.8628761955,17529235566.124645,1.0,63.03787331501333,112.06482700168041,273.9351686229661,0.9922197318097608,0.6439108506125127,0.0504567570163518,10.699994087219238
True,NML,1.15,3,1.8,NML_k1.15_s03.csv,281099.648398765,3204554.8628761955,22715083047.1282,1.0,32.55793022745604,100.0,250.0,1.0,0.0,0.047352691526302906,8.65175175666809
True,NML,1.15,4,0.95,NML_k1.15_s04.csv,249365.07153875002,2800819.5671861004,302248245.4371502,1.0007688330585383,43.200442534460215,101.10451928861156,357.96406459105236,0.727923704593259,0.04320819425198819,0.08415872887363539,39.89654994010925
True,NML,1.15,4,1.1,NML_k1.15_s04.csv,249365.07153875002,2800819.5671861004,1326727544.7679048,1.0148831952802766,87.14321834838148,219.49040702207773,333.1855173133382,0.8536244809845721,0.04504263406279182,0.026991899340419068,32.89458107948303
True,NML,1.15,4,1.25,NML_k1.15_s04.csv,249365.07153875002,2800819.5671861004,3560137275.284695,1.00737829653807,52.878077061346374,226.4315690642855,318.0108520324176,0.8538516855428852,0.04196440838587645,0.10475593881384315,28.283726692199707
True,NML,1.15,4,1.4,NML_k1.15_s04.csv,249365.07153875002,2800819.5671861004,7274217747.236724,1.0121168052485308,47.57622655848945,224.4166443679301,335.99578757017895,0.8523923055322784,0.03595590365297657,0.1588781843286739,24.84456491470337
True,NML,1.15,4,1.55,NML_k1.15_s04.csv,249365.07153875002,2800819.5671861004,12585910325.751396,1.0043550020609202,22.504415667426947,232.25850251736344,329.5627812992497,0.885720456413194,0.04157101778887815,0.11909015567843717,20.219924926757812
True,NML,1.15,4,1.7,NML_k1.15_s04.csv,249365.07153875002,2800819.5671861004,19620152200.736927,1.0260379393831038,49.396881651639255,243.0139920016398,312.7379085236219,0.9151960861121089,0.04940685183983474,0.045616977260637605,18.467913150787354
True,NML,1.15,4,1.8,NML_k1.15_s04.csv,249365.07153875002,2800819.5671861004,25176811491.815464,1.0,3.692126163144273,202.42382597339352,319.29146316048826,0.9250227371836367,0.07309409461168014,0.058334891540850524,17.956834077835083
True,NML,1.3,1,0.95,NML_k1.30_s01.csv,383668.35217952996,3132890.69442158,623009221.9595203,1.00190484322608,49.71522763206637,101.29237441453648,361.0502536208136,0.7690553691525265,0.038049625158110945,0.02273947295164433,29.53302001953125
True,NML,1.3,1,1.1,NML_k1.30_s01.csv,383668.35217952996,3132890.69442158,1937302801.4280734,1.0064697161674225,92.4048394173513,130.0346254477652,344.79219634448503,0.7910714864388505,0.03458662760859639,0.028372223638072028,27.835832834243774
True,NML,1.3,1,1.25,NML_k1.30_s01.csv,383668.35217952996,3132890.69442158,4232180203.730564,1.0,93.22233618947902,144.65797094569095,328.5060410718299,0.7971787718846662,0.02901116237048498,0.18016446734096125,25.89230513572693
True,NML,1.3,1,1.4,NML_k1.30_s01.csv,383668.35217952996,3132890.69442158,7693178612.7262745,1.0068087734132583,17.63095108331045,130.03041888259827,346.05530888616886,0.8774420597635944,0.057032355699276005,0.10203556607861347,24.251949071884155
True,NML,1.3,1,1.55,NML_k1.30_s01.csv,383668.35217952996,3132890.69442158,12826531708.518965,1.0,52.49834868572319,117.63734046074562,292.1537237881322,0.8601030824810041,0.0701038984855311,0.14203919519665012,21.80085301399231
True,NML,1.3,1,1.7,NML_k1.30_s01.csv,383668.35217952996,3132890.69442158,19675032455.400322,1.0048240502705243,95.47406807672562,131.74410098878442,321.90488156514976,0.8884824625338544,0.02273038719968035,0.10316146953312216,19.903512954711914
True,NML,1.3,1,1.8,NML_k1.30_s01.csv,383668.35217952996,3132890.69442158,25168715408.793213,1.0,72.37059036997059,100.0,250.0,1.0,0.0,0.04826827048013754,10.437725305557251
True,NML,1.3,2,0.95,NML_k1.30_s02.csv,401534.80332831,3144971.12159702,215806142.70511732,1.001835402414431,21.40903624553024,199.2380129759275,337.3159301235379,0.8614888125326279,0.04224281690424231,0.06736786551680887,36.478679895401
True,NML,1.3,2,1.1,NML_k1.30_s02.csv,401534.80332831,3144971.12159702,1093738590.809148,1.0017901158105584,98.15591175218421,195.88582025587533,315.0204627746987,0.8713352731844998,0.045191012221544466,0.11600715475146486,32.17351198196411
True,NML,1.3,2,1.25,NML_k1.30_s02.csv,401534.80332831,3144971.12159702,3170144247.0264444,1.0091499920921927,70.48396956215163,142.08164964881166,318.855897976136,0.8133779953966322,0.03952330708891538,0.0320937784810381,31.408077001571655
True,NML,1.3,2,1.4,NML_k1.30_s02.csv,401534.80332831,3144971.12159702,6790746554.443486,1.009160317144166,49.26938396630104,181.17990825725946,304.1492520843807,0.867958440392411,0.04649862277632211,0.08863687468760531,25.109911918640137
True,NML,1.3,2,1.55,NML_k1.30_s02.csv,401534.80332831,3144971.12159702,11950975316.77142,1.0,15.55134200085384,107.42158335706868,316.5585089877242,0.8206532562714878,0.04371614015544592,0.017377232698902706,24.06215190887451
True,NML,1.3,2,1.7,NML_k1.30_s02.csv,401534.80332831,3144971.12159702,18833233430.108532,1.0,34.8596442126138,192.34258054692123,272.1212386552873,0.8874214006545522,0.055267874746729145,0.0313626274944515,23.41026782989502
True,NML,1.3,2,1.8,NML_k1.30_s02.csv,401534.80332831,3144971.12159702,24533207044.68676,1.0031947028852481,65.6735661920575,120.5426549607239,320.94312823553616,0.8297452412603137,0.030317794193906462,0.11691626762035828,20.48810338973999
True,NML,1.3,3,0.95,NML_k1.30_s03.csv,451592.39142038,2958124.04264062,482930844.9671657,1.0100831632610152,99.48159664700466,234.57530146653107,276.61349738757593,0.9057997735308225,0.06675440396802851,0.02520499133665914,28.85705804824829
True,NML,1.3,3,1.1,NML_k1.30_s03.csv,451592.39142038,2958124.04264062,1722548232.048285,1.000769760529706,65.44055376285979,199.19620262485643,286.61135302660654,0.8915639048993229,0.08694176955363397,0.1167522983971958,25.617194175720215
True,NML,1.3,3,1.25,NML_k1.30_s03.csv,451592.39142038,2958124.04264062,4347878369.439709,1.0157028845061786,69.56235361602963,191.4334018197385,284.2284270467838,0.8947145300582866,0.09614376529396296,0.09424754064021741,20.167624950408936
True,NML,1.3,3,1.4,NML_k1.30_s03.csv,451592.39142038,2958124.04264062,8526548096.936998,1.0,85.47803297545117,158.88118198308558,264.07074098860863,0.8719749863340062,0.17234204270944734,0.16179112710278484,19.938814163208008
True,NML,1.3,3,1.55,NML_k1.30_s03.csv,451592.39142038,2958124.04264062,14527866289.728327,1.0,3.9324925527776315,229.87326797269864,251.17451920560677,0.877346622434427,0.049390312073483766,0.05758603143562013,15.687400341033936
True,NML,1.3,3,1.7,NML_k1.30_s03.csv,451592.39142038,2958124.04264062,22276609422.3346,1.0,66.73456615726937,186.95354898934661,259.9633375756782,0.8860585534625337,0.07976351867201553,0.12407143743747295,13.12943172454834
True,NML,1.3,3,1.8,NML_k1.30_s03.csv,451592.39142038,2958124.04264062,28408137045.303513,1.0,70.48547222545699,128.25462618809803,258.5428501459609,0.7639990187930737,0.00772155243121735,0.10646430380121173,13.150360107421875
True,NML,1.3,4,0.95,NML_k1.30_s04.csv,451592.39142038,4993267.82555973,1278967729.8232794,1.0099239083683011,82.98380241342869,248.21316206220712,365.0246542818933,0.5489391340378627,0.010796310806482272,0.038865233177442365,63.306206941604614
True,NML,1.3,4,1.1,NML_k1.30_s04.csv,451592.39142038,4993267.82555973,2518064971.5977693,1.0194336572460552,81.96095885048724,247.88467328315102,345.89212051383095,0.565522321910407,0.010408568968806316,0.04683084988189506,52.75807523727417
True,NML,1.3,4,1.25,NML_k1.30_s04.csv,451592.39142038,4993267.82555973,4397991262.846954,1.0085018429237838,37.41463974079677,246.5460759831432,334.86643356669003,0.5964240095064904,0.010593353420216122,0.17263177483704367,44.711751222610474
True,NML,1.3,4,1.4,NML_k1.30_s04.csv,451592.39142038,4993267.82555973,7064678990.918529,1.0085427675493874,19.900924756078773,243.8747444637667,341.6778683118856,0.6256789753733867,0.010576225798847155,0.08621521095572243,39.43410801887512
True,NML,1.3,4,1.55,NML_k1.30_s04.csv,451592.39142038,4993267.82555973,10839632289.790058,1.0043603282215507,11.305129864846108,222.903945315817,345.7889204402322,0.6709845010054754,0.012285036341164367,0.06601574083057102,33.69633913040161
True,NML,1.3,4,1.7,NML_k1.30_s04.csv,451592.39142038,4993267.82555973,16084413345.166475,1.0087098130262537,24.956639814041782,194.19414348038134,357.75926164274364,0.7290102120350861,0.017316981476492965,0.0486966913340305,29.554670095443726
True,NML,1.3,4,1.8,NML_k1.30_s04.csv,451592.39142038,4993267.82555973,20082784510.9391,1.0,28.628011650811093,117.87368829048734,364.99138619301453,0.8113722252615381,0.032113455058179044,0.10091819752496577,29.14536690711975
True,NML,1.45,1,0.95,NML_k1.45_s01.csv,455612.19684628997,4471861.732120415,1741881177.541236,1.003763223200029,60.79072375364272,212.20819667962755,287.4306714140932,0.6105445552349376,0.023548545313904566,0.12014219428205375,40.65268588066101
True,NML,1.45,1,1.1,NML_k1.45_s01.csv,455612.19684628997,4471861.732120415,3307206471.863057,1.0005114125049506,24.562000548715037,215.78986933815187,275.50912969325725,0.6348116311865715,0.02704876021103481,0.18428374959469443,42.297362089157104
True,NML,1.45,1,1.25,NML_k1.45_s01.csv,455612.19684628997,4471861.732120415,5732825812.05902,1.0027514534125301,14.84277879297308,212.65204055571266,281.9765208901891,0.624443029132844,0.022220449957300277,0.11673304996615391,34.7193808555603
True,NML,1.45,1,1.4,NML_k1.45_s01.csv,455612.19684628997,4471861.732120415,9295905334.078499,1.0,60.71648040311841,208.68782168224067,286.59419573805576,0.6351952688564465,0.022175899277606267,0.11271592523719227,32.07641124725342
True,NML,1.45,1,1.55,NML_k1.45_s01.csv,455612.19684628997,4471861.732120415,14332376674.96104,1.0011146050114967,64.91142381579871,220.62321743348807,282.86325300469326,0.6346164567448618,0.017073343533727466,0.10412186659513323,28.247232913970947
True,NML,1.45,1,1.7,NML_k1.45_s01.csv,455612.19684628997,4471861.732120415,20654296500.058887,1.0,90.97582046113253,213.12358895026398,270.39274838774514,0.671122340481819,0.026082423750303917,0.053142677379999774,28.78400707244873
True,NML,1.45,1,1.8,NML_k1.45_s01.csv,455612.19684628997,4471861.732120415,26001606096.240875,1.0127768779414077,12.825495358084586,212.72402105167214,314.14663510942177,0.667116039401708,0.015101487929078995,0.06025790022204056,27.436426877975464
True,NML,1.45,2,0.95,NML_k1.45_s02.csv,496596.192167275,5680828.290486315,1780461316.4504967,1.0030119929602972,2.6088434064437225,240.1605988567111,343.03366925182286,0.5678269427277794,0.014052310455705362,0.09823037432205463,56.58218812942505
True,NML,1.45,2,1.1,NML_k1.45_s02.csv,496596.192167275,5680828.290486315,3308947584.1898055,1.0057041551501713,17.53860174509312,236.86546619372587,338.7505419725629,0.5711653790481096,0.013862639915189448,0.06288860145691474,50.62482810020447
True,NML,1.45,2,1.25,NML_k1.45_s02.csv,496596.192167275,5680828.290486315,5505159742.456937,1.001025412362511,99.21642297690074,242.52716397392803,345.3002082726812,0.5930205942398958,0.014395840123112992,0.041535739390127335,44.396129846572876
True,NML,1.45,2,1.4,NML_k1.45_s02.csv,496596.192167275,5680828.290486315,8344946548.714849,1.0017880232765073,38.04691148253405,219.6847765365851,357.89349920421506,0.6442854812150148,0.016245187297316277,0.1786929887245923,37.1298189163208
True,NML,1.45,2,1.55,NML_k1.45_s02.csv,496596.192167275,5680828.290486315,12174335958.153458,1.0,26.39652624769966,208.94400840638082,342.9880428180401,0.7391703087186667,0.02116560176815424,0.09924474500934084,35.270158767700195
True,NML,1.45,2,1.7,NML_k1.45_s02.csv,496596.192167275,5680828.290486315,17796074728.621143,1.0047055716116169,16.64493667823253,106.72985011405726,323.6401436144175,0.7363405061325694,0.024247329521745874,0.08235116125106622,29.897043228149414
True,NML,1.45,2,1.8,NML_k1.45_s02.csv,496596.192167275,5680828.290486315,22924146555.60617,1.0081478850060086,33.11558190448067,108.32712782106854,270.1208665131934,0.7352734109682886,0.024309942247829525,0.07437466244095256,26.55322790145874
True,NML,1.45,3,0.95,NML_k1.45_s03.csv,496596.192167275,5303183.287440831,1859194407.1228957,1.0015038050307543,93.00993775490709,244.06332846628297,346.9424948745351,0.5973713599692821,0.015602392112502543,0.029434077237262574,49.23086619377136
True,NML,1.45,3,1.1,NML_k1.45_s03.csv,496596.192167275,5303183.287440831,3510653630.46926,1.0005942300489616,84.00638060428452,236.5857505313268,361.0141818990788,0.6189243275641012,0.01608899169785982,0.12774593339513612,43.5940318107605
True,NML,1.45,3,1.25,NML_k1.45_s03.csv,496596.192167275,5303183.287440831,6094842271.054585,1.0058887317767056,19.088833655137684,227.1748407978858,336.38488895236026,0.6563298398785786,0.019646759531680703,0.06606685136103799,37.89261722564697
True,NML,1.45,3,1.4,NML_k1.45_s03.csv,496596.192167275,5303183.287440831,9889222006.82834,1.0,75.08824683220004,226.62335305002634,350.05283422290296,0.7070703928471798,0.020474327885005885,0.11433751413809785,34.70567798614502
True,NML,1.45,3,1.55,NML_k1.45_s03.csv,496596.192167275,5303183.287440831,15058070738.44402,1.0,69.39438930699963,224.4921466752494,359.39438048177914,0.7587437218332777,0.01984596940225932,0.09835252914803165,26.91356110572815
True,NML,1.45,3,1.7,NML_k1.45_s03.csv,496596.192167275,5303183.287440831,21856471462.767548,1.0131782360316455,89.17505044969455,209.3502719096503,294.90554284426105,0.7955429450940411,0.03437153115919293,0.12884418131859865,27.446282863616943
True,NML,1.45,3,1.8,NML_k1.45_s03.csv,496596.192167275,5303183.287440831,27445570694.36743,1.000870409581419,77.2946676543907,216.3452900928679,350.2766251548679,0.7960892514054722,0.02129446002713742,0.14385334406502265,22.244161128997803
True,NML,1.45,4,0.95,NML_k1.45_s04.csv,293749.83427385,4279744.6041178,984312348.9125333,1.0050592907137814,27.9312157385027,228.32381766196434,358.1497251660482,0.6825582127495131,0.025356307232400423,0.12202477066562663,51.86286115646362
True,NML,1.45,4,1.1,NML_k1.45_s04.csv,293749.83427385,4279744.6041178,2243474171.361511,1.011132717460686,98.2557313918979,211.67391100512978,361.9952571505637,0.7282321537636399,0.028536587034575473,0.0994148338301906,39.777915954589844
True,NML,1.45,4,1.25,NML_k1.45_s04.csv,293749.83427385,4279744.6041178,4400986066.903846,1.0077007082127827,18.10959833420426,215.37671480169863,333.2774896625019,0.7867863394822975,0.028034352384972514,0.03748486864110774,32.56623387336731
True,NML,1.45,4,1.4,NML_k1.45_s04.csv,293749.83427385,4279744.6041178,8069075263.980361,1.0023170134410042,29.923876424517477,213.11994820593364,335.06767551472,0.7971975457561592,0.027513939804089848,0.058956856283477466,29.036278009414673
True,NML,1.45,4,1.55,NML_k1.45_s04.csv,293749.83427385,4279744.6041178,13174152747.048618,1.0049592270719647,30.320272105234057,237.68396798540655,327.58113921039364,0.8628780556977295,0.03077855731032363,0.09397034888290086,25.04425597190857
True,NML,1.45,4,1.7,NML_k1.45_s04.csv,293749.83427385,4279744.6041178,19828411469.111935,1.0066804010604107,45.199440028129096,226.14392137094154,304.6348526693816,0.9741799856765396,0.21679599337680888,0.15374281076929358,22.4770450592041
True,NML,1.45,4,1.8,NML_k1.45_s04.csv,293749.83427385,4279744.6041178,25254971774.176167,1.0,23.482681361950174,139.32250726410197,338.4650978276025,0.9896063616954249,0.47943683141952487,0.15163220661059412,18.726510763168335
True,NML,1.6,1,0.95,NML_k1.60_s01.csv,537523.67842796,3914561.9444045196,1242274982.4392269,1.009061650262407,75.63913495866093,218.58691958827706,255.7283224237989,0.8403873391974036,0.04930282543978268,0.014237443158109514,33.02612781524658
True,NML,1.6,1,1.1,NML_k1.60_s01.csv,537523.67842796,3914561.9444045196,2972336981.7178855,1.0076989865516068,88.8894894263821,207.9800596508334,279.02391298536133,0.830375938587112,0.04297625336336892,0.00846302913263243,29.857197046279907
True,NML,1.6,1,1.25,NML_k1.60_s01.csv,537523.67842796,3914561.9444045196,5824787433.125023,1.0006505302004312,59.997851028328874,215.88736766452078,264.3276758087249,0.8497584633687595,0.045382279808655064,0.0241158549729803,29.639425039291382
True,NML,1.6,1,1.4,NML_k1.60_s01.csv,537523.67842796,3914561.9444045196,10341057786.375757,1.012907094658348,30.19657729888372,218.62400630381032,256.96107879311194,0.8567322353279128,0.049801903189660934,0.022269739247392256,25.96473979949951
True,NML,1.6,1,1.55,NML_k1.60_s01.csv,537523.67842796,3914561.9444045196,16558206024.144575,1.0,87.22080125507576,135.44324979743982,252.82919098172815,0.8881378569216324,0.18650039788385295,0.12549564140723943,18.85671615600586
True,NML,1.6,1,1.7,NML_k1.60_s01.csv,537523.67842796,3914561.9444045196,24648126833.67865,1.0,39.7365798922544,117.51913366626795,302.18384340793557,0.9933915180746407,0.14074001369813122,0.053982508848218584,9.374935865402222
True,NML,1.6,1,1.8,NML_k1.60_s01.csv,537523.67842796,3914561.9444045196,31072990880.573296,1.0,10.34718350354433,198.3712985349463,266.6952933129984,0.8365603738440037,0.924807279732258,0.08758308631140842,8.554694890975952
True,NML,1.6,2,0.95,NML_k1.60_s02.csv,475914.33923772007,4830031.0630706,2201326776.1758122,1.0093577814303505,27.154604260624325,202.55561948113433,343.67390594950245,0.5714271357358888,0.014442440006517251,0.04400905412831444,43.928200006484985
True,NML,1.6,2,1.1,NML_k1.60_s02.csv,475914.33923772007,4830031.0630706,3903163420.730626,1.0063535299504052,31.2525611641649,198.48612409818617,347.64180668462734,0.6038964707493776,0.015087695082686956,0.045148896231618565,38.3186719417572
True,NML,1.6,2,1.25,NML_k1.60_s02.csv,475914.33923772007,4830031.0630706,6733165662.714966,1.0001610956896427,18.18857055025235,202.72338753181168,330.47402755026485,0.6521488850287644,0.01729775993554796,0.0392202937632957,36.86547517776489
True,NML,1.6,2,1.4,NML_k1.60_s02.csv,475914.33923772007,4830031.0630706,10742670589.153067,1.0069584210533116,18.38581080239673,205.27118036787815,351.0325057191773,0.7135764241900687,0.01976259658394539,0.13531545097604092,33.21711707115173
True,NML,1.6,2,1.55,NML_k1.60_s02.csv,475914.33923772007,4830031.0630706,16512848139.914284,1.0120935775619506,95.31119011161259,167.59106876726494,365.9999996472959,0.7194846580545559,0.02245898266833298,0.1268026054058798,29.19663166999817
True,NML,1.6,2,1.7,NML_k1.60_s02.csv,475914.33923772007,4830031.0630706,23630491192.87319,1.0002870185384707,61.27399800906155,100.11840014024058,359.75948961841266,0.7281854914746595,0.02760735842673062,0.11862553840957567,27.870392084121704
True,NML,1.6,2,1.8,NML_k1.60_s02.csv,475914.33923772007,4830031.0630706,29381628044.553127,1.0048840597318855,80.1629213787973,147.5405764484251,364.2546674850278,0.8233615671717528,0.029649814588725915,0.058358852039931054,26.0142080783844
True,NML,1.6,3,0.95,NML_k1.60_s03.csv,537523.67842796,5826291.13566084,2237905176.704215,1.0006830654323116,98.0782025745446,209.57062658559488,351.33761410593024,0.4698536778607893,0.011436916908635464,0.09196814793300605,53.688637018203735
True,NML,1.6,3,1.1,NML_k1.60_s03.csv,537523.67842796,5826291.13566084,3879123416.404236,1.015882940454821,84.96554767308902,208.3812400490283,350.8473326386438,0.49532703573879777,0.011339675934157321,0.07655291984074879,46.26477789878845
True,NML,1.6,3,1.25,NML_k1.60_s03.csv,537523.67842796,5826291.13566084,6084711739.220445,1.0,88.93206369196056,211.564049333512,341.99888160848104,0.5378436144824346,0.0117666012346848,0.10807565071706518,42.61663794517517
True,NML,1.6,3,1.4,NML_k1.60_s03.csv,537523.67842796,5826291.13566084,9392748646.075455,1.0,75.68283455497262,186.913766034443,353.08880127814916,0.559845359417381,0.013209428679058777,0.10822629271021084,38.20734691619873
True,NML,1.6,3,1.55,NML_k1.60_s03.csv,537523.67842796,5826291.13566084,13889457634.602903,1.0049424876213533,93.66863326217297,219.86226150597523,364.99796525776367,0.646434888235464,0.012534433221310934,0.030497516653286594,30.580806016921997
True,NML,1.6,3,1.7,NML_k1.60_s03.csv,537523.67842796,5826291.13566084,19713372543.68959,1.0,81.1630436700833,219.01961547657305,303.16870954826874,0.6977107096001433,0.014337253277933705,0.0,28.053287982940674
True,NML,1.6,3,1.8,NML_k1.60_s03.csv,537523.67842796,5826291.13566084,23825735993.229233,1.0,81.94572788396505,223.39680471543812,290.7200293378904,0.9130101927720282,0.0647945578146467,0.06861760446217859,23.288305044174194
True,NML,1.6,4,0.95,NML_k1.60_s04.csv,494548.96054892,4977899.909917081,604405703.6164956,1.0012497019205666,52.90378041323185,103.10079834914596,329.43306041474716,0.7058038020516924,0.024183893460194394,0.1314902346193242,39.59292435646057
True,NML,1.6,4,1.1,NML_k1.60_s04.csv,494548.96054892,4977899.909917081,1934735327.6839077,1.005739560953155,46.7579886676508,116.11200955631615,355.27865870226657,0.7629655115716799,0.027229417835341913,0.16649972314718064,30.380803108215332
True,NML,1.6,4,1.25,NML_k1.60_s04.csv,494548.96054892,4977899.909917081,4417930177.623156,1.001281035572747,66.51181159723288,134.97249975479946,298.1996273872671,0.7793587380923891,0.02776687876144568,0.055467819102412164,28.00273609161377
True,NML,1.6,4,1.4,NML_k1.60_s04.csv,494548.96054892,4977899.909917081,8189985176.593882,1.0045425089656637,23.943465742834004,112.4556740174858,269.0376457815563,0.7585161267778996,0.03176395229761897,0.07588701905920574,24.572544813156128
True,NML,1.6,4,1.55,NML_k1.60_s04.csv,494548.96054892,4977899.909917081,13368721006.403511,1.0,95.82577949612491,133.1460618326049,267.3200130232779,0.8454452822682805,0.043249443147409285,0.16188006836039207,23.93678379058838
True,NML,1.6,4,1.7,NML_k1.60_s04.csv,494548.96054892,4977899.909917081,20222230412.02756,1.0,58.17426896597093,100.0,250.0,0.8562604480236847,0.06156396668266663,0.022957181490603024,21.475523948669434
True,NML,1.6,4,1.8,NML_k1.60_s04.csv,494548.96054892,4977899.909917081,25624064454.082108,1.0,33.48505951708434,119.25018122795697,272.5994758395686,0.9469891421178366,0.11542653156598966,0.10264500835482776,19.373784065246582
True,NML,1.8,1,0.95,NML_k1.80_s01.csv,594811.20309968,4186770.8680323204,980653977.3484669,1.0004893704082505,16.618191320569558,221.07539910578907,278.725391466165,0.7501172445559793,0.024322215935832003,0.12543408903205291,38.768561124801636
True,NML,1.8,1,1.1,NML_k1.80_s01.csv,594811.20309968,4186770.8680323204,2396230534.152812,1.0,12.259328227520507,202.65650204377513,286.53438432429004,0.7821843762507108,0.03391443514478846,0.15853241287993067,32.45898914337158
True,NML,1.8,1,1.25,NML_k1.80_s01.csv,594811.20309968,4186770.8680323204,5050591497.920814,1.026560575876848,6.571818869486812,207.72918930542082,273.2496948425878,0.8101100400843696,0.03989833402846554,0.12462147773936803,27.868590116500854
True,NML,1.8,1,1.4,NML_k1.80_s01.csv,594811.20309968,4186770.8680323204,9097825123.859507,1.0370620951957006,29.629659605392046,218.11399597103468,255.82795899255905,0.8292861832207105,0.03885241140049308,0.08217508191161305,27.337735891342163
True,NML,1.8,1,1.55,NML_k1.80_s01.csv,594811.20309968,4186770.8680323204,14898917332.146994,1.0162760367851102,78.18103072566437,206.25487689526412,261.07201638736933,0.7959791565291834,0.026055983473648917,0.036371831834265386,26.60697603225708
True,NML,1.8,1,1.7,NML_k1.80_s01.csv,594811.20309968,4186770.8680323204,22246802702.168568,1.0,4.480933326769929,235.83657631341418,266.3619665262163,0.9025540718702652,0.01688020905906661,0.1140346046690362,19.077187061309814
True,NML,1.8,1,1.8,NML_k1.80_s01.csv,594811.20309968,4186770.8680323204,28258318777.034966,1.0,47.85432915603568,106.87009022230036,343.9252226092647,0.9380386727692334,0.2694748700915658,0.09517828783632379,9.923541069030762
True,NML,1.8,2,0.95,NML_k1.80_s02.csv,597341.3293325,6478486.890817701,1921011123.4074914,1.0005668047648562,32.68761785207093,113.77421725940602,327.898517658834,0.4821580461649547,0.014048381795764984,0.1504578501027999,49.89950394630432
True,NML,1.8,2,1.1,NML_k1.80_s02.csv,597341.3293325,6478486.890817701,3208273664.71978,1.0057741905806767,97.7371841586081,106.26824580843676,308.43889917562024,0.5118144805255966,0.015618283546844969,0.04765123491636525,45.263071060180664
True,NML,1.8,2,1.25,NML_k1.80_s02.csv,597341.3293325,6478486.890817701,5400962710.751384,1.0,95.45621251940464,116.65457180138027,331.5423034669274,0.6492428554142442,0.019682272666663204,0.10711193699317281,37.221763134002686
True,NML,1.8,2,1.4,NML_k1.80_s02.csv,597341.3293325,6478486.890817701,9288690572.042944,1.0051425365158482,92.83040612245783,136.76131284076644,349.2022696847352,0.7528970284020479,0.024103634374272546,0.13391958915534585,33.28086566925049
True,NML,1.8,2,1.55,NML_k1.80_s02.csv,597341.3293325,6478486.890817701,14775020393.269712,1.0,41.121050764312734,119.06359215746566,343.7197469663996,0.8058083998824096,0.037536675885005616,0.04924859702873527,28.945048093795776
True,NML,1.8,2,1.7,NML_k1.80_s02.csv,597341.3293325,6478486.890817701,22372483549.01255,1.0,37.37371527225998,106.54222263499663,319.9417578724686,0.7887887701356309,0.03835589832608631,0.08408468380850549,26.117374897003174
True,NML,1.8,2,1.8,NML_k1.80_s02.csv,597341.3293325,6478486.890817701,28252879529.877254,1.0,53.373994341143046,182.86331351988437,303.7694840996816,0.8577587223763484,0.0369012175018812,0.08156263495888916,25.062820196151733
True,NML,1.8,3,0.95,NML_k1.80_s03.csv,400017.0461339,7654291.72301398,2450952398.086626,1.0148506071455596,93.61087057679491,234.24666095142737,322.19274266669777,0.5061257804503788,0.016010491322850744,0.0425230575122769,51.94820809364319
True,NML,1.8,3,1.1,NML_k1.80_s03.csv,400017.0461339,7654291.72301398,3962713335.0099983,1.003084814444191,80.70146748786027,237.0380522954544,314.1973135426541,0.5451087612352431,0.016864052647845764,0.0855256505151285,44.24512195587158
True,NML,1.8,3,1.25,NML_k1.80_s03.csv,400017.0461339,7654291.72301398,5866947041.123637,1.0,38.87694205624635,235.92164026874843,299.69611422420644,0.6251464873741998,0.02352259338633561,0.11965102367383039,43.28284001350403
True,NML,1.8,3,1.4,NML_k1.80_s03.csv,400017.0461339,7654291.72301398,8382466984.319323,1.0001307846687517,95.24622761187955,248.98132563481562,293.4640682149984,0.7131477426328022,0.02464182843978368,0.016452470040676265,39.421042919158936
True,NML,1.8,3,1.55,NML_k1.80_s03.csv,400017.0461339,7654291.72301398,12753350992.997105,1.0004181663087108,61.96506186319904,243.2513564523615,306.1926322096298,0.74459032132581,0.023373279512129176,0.10619315167132676,30.484609842300415
True,NML,1.8,3,1.7,NML_k1.80_s03.csv,400017.0461339,7654291.72301398,18491024614.93917,1.002587877139206,51.83187281157801,249.31208208393952,350.05613347778404,0.8305134169832228,0.02568385061430271,0.0032135465535866325,28.423744916915894
True,NML,1.8,3,1.8,NML_k1.80_s03.csv,400017.0461339,7654291.72301398,23278860511.14149,1.0,73.80081122395816,101.53682394204063,351.36258557563605,0.8938839420657272,0.08910455887363843,0.07069129943827494,25.426002979278564
True,NML,1.8,4,0.95,NML_k1.80_s04.csv,345532.0574648001,5197616.91883752,996810050.6666003,1.0048197636370748,47.252882893327644,144.77463705365767,356.2607723097088,0.7413894837570943,0.029044611741507576,0.1528380964270072,33.39074993133545
True,NML,1.8,4,1.1,NML_k1.80_s04.csv,345532.0574648001,5197616.91883752,2413382029.5324893,1.0139322691700472,41.89160822352766,145.01767114743043,360.8236791893401,0.7714843586452673,0.03107766059796273,0.10257666669512351,27.785939931869507
True,NML,1.8,4,1.25,NML_k1.80_s04.csv,345532.0574648001,5197616.91883752,4865810241.872249,1.008955801849782,15.818233610182908,161.67202842983812,357.4929763058339,0.8050037624618545,0.03225338939184866,0.1110297718242872,23.779167890548706
True,NML,1.8,4,1.4,NML_k1.80_s04.csv,345532.0574648001,5197616.91883752,8493712677.868155,1.011796488340282,30.93776212623922,174.69724702746308,345.04230816416845,0.8404157879290791,0.03765053972439414,0.14217172958669794,25.48831009864807
True,NML,1.8,4,1.55,NML_k1.80_s04.csv,345532.0574648001,5197616.91883752,13656904799.251825,1.0019963868299766,93.93497246656639,186.48084129607793,324.28738676288845,0.8525108250300646,0.03926658301097441,0.093814386183362,23.654640913009644
True,NML,1.8,4,1.7,NML_k1.80_s04.csv,345532.0574648001,5197616.91883752,20583796005.414745,1.0,31.043351970476742,146.91224137638503,276.7878395299957,0.7989113537917433,0.05963961559012299,0.09312803910779285,20.86230778694153
True,NML,1.8,4,1.8,NML_k1.80_s04.csv,345532.0574648001,5197616.91883752,26242865352.535347,1.0,74.90235373738136,111.08140813294227,270.62327767155756,0.7699298730040014,0.08489053013934883,0.06864946408876423,20.678946018218994
True,NML,2.0,1,0.95,NML_k2.00_s01.csv,652098.7277714,7523145.2935558,4407293207.032276,1.0005373048582,34.155130730908375,218.6371976151922,280.91873836657106,0.37954108215449905,0.014735337772753002,0.08096289758931326,47.795552015304565
True,NML,2.0,1,1.1,NML_k2.00_s01.csv,652098.7277714,7523145.2935558,6752773671.719209,1.0078217548179638,38.81405711678318,215.05105585890104,289.1406005807125,0.4114755783777909,0.015165962529080514,0.1472888814091237,43.64438509941101
True,NML,2.0,1,1.25,NML_k2.00_s01.csv,652098.7277714,7523145.2935558,9738410402.387676,1.0,40.371579001335164,218.20707644592073,273.7447563317746,0.4398755628101534,0.017419752683063276,0.09634999212457485,39.039565086364746
True,NML,2.0,1,1.4,NML_k2.00_s01.csv,652098.7277714,7523145.2935558,14053835163.109356,1.0,52.01936386871773,214.22264902575725,273.85281377007084,0.45109074327267346,0.01794594125913767,0.07309006871335262,38.45179986953735
True,NML,2.0,1,1.55,NML_k2.00_s01.csv,652098.7277714,7523145.2935558,19706216209.330578,1.0079841451781781,4.9380594223601255,215.8053252765436,285.2570826744052,0.46146710606173874,0.014861978709548914,0.08007220785475166,33.1299729347229
True,NML,2.0,1,1.7,NML_k2.00_s01.csv,652098.7277714,7523145.2935558,26858720345.321396,1.0,22.524492001842276,202.62590841440908,299.9718855957403,0.4570962613875625,0.014379224872714093,0.06926842070600209,29.646000862121582
True,NML,2.0,1,1.8,NML_k2.00_s01.csv,652098.7277714,7523145.2935558,32298640520.92536,1.0,16.780064950168498,201.7859422302632,289.2966245730472,0.46776136314942585,0.015594004631149438,0.08190209652659038,35.80631184577942
True,NML,2.0,2,0.95,NML_k2.00_s02.csv,547600.2058624,8993776.153161999,1803018688.4790385,1.0216634253838541,12.363676664113214,179.54737280406982,341.92910304193487,0.5915872202943665,0.02056219820838534,0.03246851779827696,45.21247887611389
True,NML,2.0,2,1.1,NML_k2.00_s02.csv,547600.2058624,8993776.153161999,3611246519.3305335,1.0054123897630327,18.078690703388848,170.80966453419947,332.4167541582657,0.592290260384335,0.02142891295640535,0.10944797651966538,39.85952305793762
True,NML,2.0,2,1.25,NML_k2.00_s02.csv,547600.2058624,8993776.153161999,6482928541.769881,1.0097413485133973,49.27967055746452,177.97777149885755,358.914763614987,0.5965625572042441,0.01770627986542082,0.07340075211347309,33.09741187095642
True,NML,2.0,2,1.4,NML_k2.00_s02.csv,547600.2058624,8993776.153161999,10396024659.816568,1.0016734593559335,25.868205669575154,173.68863965170314,339.6140829861603,0.6087146659586373,0.018858417241882565,0.07952692585432906,30.613707065582275
True,NML,2.0,2,1.55,NML_k2.00_s02.csv,547600.2058624,8993776.153161999,15719854828.93073,1.0105612437676983,33.55719112089397,175.22956316807097,337.76459406664077,0.6216592446089055,0.01835965619060064,0.12000183347789982,29.796900033950806
True,NML,2.0,2,1.7,NML_k2.00_s02.csv,547600.2058624,8993776.153161999,22466105679.875244,1.003969086673351,68.50073167047333,135.5325236931724,347.4015837201685,0.5677054948397927,0.01728943363363854,0.1505652412115581,26.806612014770508
True,NML,2.0,2,1.8,NML_k2.00_s02.csv,547600.2058624,8993776.153161999,27610677798.60746,1.0,57.60684273178048,167.15486488618123,295.0232623930913,0.6446204728663443,0.025489985686330614,0.1177709260070107,26.05774998664856
True,NML,2.0,3,0.95,NML_k2.00_s03.csv,652098.7277714,8559876.976620601,2842722334.239204,1.000554608364107,94.75620973800653,244.8432835166057,362.88126214366366,0.39797052419577433,0.010610764072893129,0.11610233055369418,60.81120419502258
True,NML,2.0,3,1.1,NML_k2.00_s03.csv,652098.7277714,8559876.976620601,4612405086.7344475,1.0110653237522622,95.71502574589185,246.66445868763685,361.61569873077843,0.4314751351178642,0.010859456351076205,0.00449338154237211,51.58687901496887
True,NML,2.0,3,1.25,NML_k2.00_s03.csv,652098.7277714,8559876.976620601,6895402093.619934,1.0064105529320941,98.70094968929575,244.03291071702097,357.2982069729842,0.4688917644641738,0.011076859021782343,0.07330994263895431,48.71092510223389
True,NML,2.0,3,1.4,NML_k2.00_s03.csv,652098.7277714,8559876.976620601,9841539317.422686,1.0,11.592894807642645,246.13153750462027,356.4126696728156,0.5479133613528921,0.011473054057345751,0.06394601928036048,39.10295510292053
True,NML,2.0,3,1.55,NML_k2.00_s03.csv,652098.7277714,8559876.976620601,13319766468.564644,1.0,62.99501987657309,244.48312074776544,341.95137888517496,0.6265254526693828,0.012115832033848986,0.0736034457565798,42.09325885772705
True,NML,2.0,3,1.7,NML_k2.00_s03.csv,652098.7277714,8559876.976620601,18856643331.207615,1.0,27.945668925605172,226.0728450932276,351.9513873634208,0.684942341770388,0.015813360285370212,0.12466270627505463,35.43863081932068
True,NML,2.0,3,1.8,NML_k2.00_s03.csv,652098.7277714,8559876.976620601,23551779405.571037,1.0010073640876656,31.04381812723593,240.2374722663236,340.4058948356234,0.687473919875376,0.013154553628412148,0.00882945361304563,32.79403901100159
True,NML,2.0,4,0.95,NML_k2.00_s04.csv,530212.1557767999,6664015.497761,3262646972.7132583,1.0048846981266897,95.59212971248886,245.4867341883293,349.9296794840975,0.31290888618928503,0.007379679402061768,0.11821381101266244,59.79147291183472
True,NML,2.0,4,1.1,NML_k2.00_s04.csv,530212.1557767999,6664015.497761,5134777746.377256,1.0160384586058928,87.82404704001158,247.08080975743084,314.3980920874649,0.33252568984425207,0.007129441224299722,0.06481029604293383,58.65656280517578
True,NML,2.0,4,1.25,NML_k2.00_s04.csv,530212.1557767999,6664015.497761,7683223825.155675,1.0020724380159252,92.72660265698478,249.1729909966565,327.45307865308826,0.3564901223319452,0.0068849110684808925,0.029319352410156888,51.93290638923645
True,NML,2.0,4,1.4,NML_k2.00_s04.csv,530212.1557767999,6664015.497761,11468116831.793436,1.0039152509116176,70.11143766713252,244.96882709788292,307.86013073496457,0.3905155105235376,0.0069288800619825225,0.06068097481891693,45.382715940475464
True,NML,2.0,4,1.55,NML_k2.00_s04.csv,530212.1557767999,6664015.497761,16355535147.591856,1.000171760555989,42.6463280911174,234.78856054600135,344.8454969245304,0.4221857219842149,0.006953516286749782,0.13485398696107948,42.64273405075073
True,NML,2.0,4,1.7,NML_k2.00_s04.csv,530212.1557767999,6664015.497761,22582798358.580223,1.0103924864447844,85.8553339117054,239.34518052086153,333.5313375649436,0.4441262107808968,0.006528886733097473,0.1829652037331717,39.529611110687256
True,NML,2.0,4,1.8,NML_k2.00_s04.csv,530212.1557767999,6664015.497761,27817228375.949924,1.025570275889463,49.8053770570152,240.23885912223105,332.003137992656,0.4549750387314009,0.005984184107813918,0.022880785624934147,33.93211603164673
True,NML,2.2,1,0.95,NML_k2.20_s01.csv,709386.25244312,8148276.128496803,1803109888.751968,1.0021885713864567,13.068184708848285,207.86837995395246,359.5233478201076,0.6169747494214016,0.017549451727449428,0.06959798339524326,48.17252516746521
True,NML,2.2,1,1.1,NML_k2.20_s01.csv,709386.25244312,8148276.128496803,3432205191.3749604,1.0026370190639535,13.935216244759161,205.44103397602447,363.8362150511994,0.634577694323137,0.017801518946969883,0.05476041827081107,43.19600319862366
True,NML,2.2,1,1.25,NML_k2.20_s01.csv,709386.25244312,8148276.128496803,6068522552.060558,1.0017650329190837,39.52301751841178,192.51489207429455,345.8912353304456,0.6379915181448523,0.019021316424016384,0.1279959601262909,36.46652817726135
True,NML,2.2,1,1.4,NML_k2.20_s01.csv,709386.25244312,8148276.128496803,9907715779.634832,1.0,15.52004031160204,184.8175913568626,348.37178783853113,0.6764464205357388,0.022159784497419916,0.1282183656674534,34.38180708885193
True,NML,2.2,1,1.55,NML_k2.20_s01.csv,709386.25244312,8148276.128496803,15287557913.070976,1.001890628087727,33.69683329994989,183.6978933170888,327.13133470142327,0.7030239753270549,0.025727947423851445,0.0939371062590099,29.56111979484558
True,NML,2.2,1,1.7,NML_k2.20_s01.csv,709386.25244312,8148276.128496803,22428960135.429222,1.0037698303360103,0.5233021057050493,164.89250971456264,338.84913032711404,0.6718176053959645,0.022102050705352608,0.04327030255197654,26.69450330734253
True,NML,2.2,1,1.8,NML_k2.20_s01.csv,709386.25244312,8148276.128496803,27663622566.3234,1.0,90.2519363537452,177.86214343028217,304.092140662559,0.7249649106050068,0.031761759443356366,0.07871411759576881,25.480324029922485
True,NML,2.2,2,0.95,NML_k2.20_s02.csv,594437.8783432201,7463373.187089402,2360491613.031829,1.006213431825,71.37197865435007,202.60276237409363,316.24223509534795,0.5421141696397183,0.01941268192447776,0.07460727679744168,45.79883599281311
True,NML,2.2,2,1.1,NML_k2.20_s02.csv,594437.8783432201,7463373.187089402,4219601748.1054244,1.0116054118511077,18.497348785365567,201.1231066561338,308.4081656136509,0.5696525888088267,0.021179622090818383,0.05943796714370119,43.79366588592529
True,NML,2.2,2,1.25,NML_k2.20_s02.csv,594437.8783432201,7463373.187089402,6828608690.926843,1.0,66.95405419378154,202.6389097664198,326.62320435734733,0.5759202803807879,0.01764199136254644,0.036619897357712,39.35222506523132
True,NML,2.2,2,1.4,NML_k2.20_s02.csv,594437.8783432201,7463373.187089402,10770561256.505777,1.024468263186341,90.83924180084314,200.6902366272918,343.7751932715545,0.5935905389897103,0.016331164092983953,0.05074098301789105,35.191407680511475
True,NML,2.2,2,1.55,NML_k2.20_s02.csv,594437.8783432201,7463373.187089402,15848436946.451044,1.0,30.06409118715945,206.48082418182298,329.6165940427399,0.6166052522144241,0.016183042051955334,0.02135029890543473,31.976500034332275
True,NML,2.2,2,1.7,NML_k2.20_s02.csv,594437.8783432201,7463373.187089402,22762972525.59652,1.0,74.2184445271389,203.98273846117326,354.9074249698133,0.6394110511430113,0.01485157515012195,0.047513587482640895,30.78901982307434
True,NML,2.2,2,1.8,NML_k2.20_s02.csv,594437.8783432201,7463373.187089402,28284235196.947376,1.0,8.143856223126205,216.18477490914668,341.1056531506893,0.683408622343625,0.015480566968598578,0.06571256859807753,28.09178066253662
True,NML,2.2,3,0.95,NML_k2.20_s03.csv,709386.25244312,8577065.906152902,6277622247.005483,1.0010195447958565,5.331698254687019,209.34064760200462,344.5196547123304,0.23934768610012813,0.008724880054735984,0.1878614320374845,49.336676836013794
True,NML,2.2,3,1.1,NML_k2.20_s03.csv,709386.25244312,8577065.906152902,9068868666.76622,1.015265265485325,12.298532565344864,213.9256518164892,323.53042656924197,0.2623562747799435,0.008727067321543663,0.12465036455159605,44.553215980529785
True,NML,2.2,3,1.25,NML_k2.20_s03.csv,709386.25244312,8577065.906152902,12475010347.415049,1.0053830730109976,20.31861397843888,215.11996154320585,322.1408186591193,0.28936772016098555,0.008794436292711122,0.08337586614255221,45.15487098693848
True,NML,2.2,3,1.4,NML_k2.20_s03.csv,709386.25244312,8577065.906152902,16702290087.522108,1.0010914960268869,33.98171729872375,213.87309503178702,320.67447063303484,0.30883471484718983,0.00879579400610456,0.11024978576270475,41.303279876708984
True,NML,2.2,3,1.55,NML_k2.20_s03.csv,709386.25244312,8577065.906152902,21805270141.83253,1.0,63.752789028159,209.79372082651284,314.67564866361175,0.33671359419223884,0.00925172752764016,0.1258918190997592,46.310198068618774
True,NML,2.2,3,1.7,NML_k2.20_s03.csv,709386.25244312,8577065.906152902,28479291085.3053,1.0,44.716216609716035,217.97969982224984,290.4275445589017,0.34778571562041866,0.008654944375361599,0.0367284710268774,37.21909022331238
True,NML,2.2,3,1.8,NML_k2.20_s03.csv,709386.25244312,8577065.906152902,33530346704.499443,1.0042445373594022,72.89911210850381,209.17797938904704,303.7972454342615,0.37872336570574716,0.00937199617523781,0.05785724991461092,34.02090001106262
True,NML,2.2,4,0.95,NML_k2.20_s04.csv,594437.8783432201,9140053.416077204,4654511448.398934,1.0063711024143558,97.842634092299,211.29002124155517,299.66470546981907,0.34708320675284643,0.012902116463321463,0.07634129398826968,48.263814210891724
True,NML,2.2,4,1.1,NML_k2.20_s04.csv,594437.8783432201,9140053.416077204,6954206663.974719,1.0029007916694608,95.48108331788524,248.02692018115877,352.7000627900204,0.24281158884998363,0.006347052176484979,0.07067643676989732,45.33929705619812
True,NML,2.2,4,1.25,NML_k2.20_s04.csv,594437.8783432201,9140053.416077204,9868577399.129894,1.0,99.15277389442426,217.42105991794904,288.6139017734849,0.4059839358559743,0.013243920781199457,0.11375200636823404,39.85748243331909
True,NML,2.2,4,1.4,NML_k2.20_s04.csv,594437.8783432201,9140053.416077204,13933583011.54831,1.0125886410086915,86.50204702700097,214.33112914759252,298.9707484161253,0.43797570025667315,0.01327399857266137,0.12211192524056841,39.51241707801819
True,NML,2.2,4,1.55,NML_k2.20_s04.csv,594437.8783432201,9140053.416077204,18999707612.851574,1.0121535931177865,90.45827120849566,224.22901857776935,324.2187167443148,0.4251379543398192,0.00941665538948784,0.13504889974178697,32.1306586265564
True,NML,2.2,4,1.7,NML_k2.20_s04.csv,594437.8783432201,9140053.416077204,25070287373.368374,1.0069288727167354,61.30945870194611,216.188138254932,299.51473217719774,0.48088171716163586,0.012088879333959026,0.1014792462280721,31.470532178878784
True,NML,2.2,4,1.8,NML_k2.20_s04.csv,594437.8783432201,9140053.416077204,29966681163.18058,1.0,19.510424051587272,218.34162169700403,304.80732094545147,0.5372236488777763,0.013036477075954931,0.05211010115803566,31.191655158996582
True,NML,2.5,1,0.95,NML_k2.50_s01.csv,499110.84039195004,9994176.616236804,2202377307.975722,1.0024006336092248,59.712439246744175,103.908537071335,300.7660155024119,0.38682085443374925,0.012719422884268194,0.14038845721743645,59.3887779712677
True,NML,2.5,1,1.1,NML_k2.50_s01.csv,499110.84039195004,9994176.616236804,3460777144.234615,1.0,65.9669463572157,105.25058022380996,292.72240068543016,0.4131056708239871,0.013130723952215944,0.1488954675083426,51.952069997787476
True,NML,2.5,1,1.25,NML_k2.50_s01.csv,499110.84039195004,9994176.616236804,5522908946.120104,1.0080787777130715,61.51723245054853,106.60041992312144,287.91899220640244,0.44686972216539017,0.013742638079282773,0.14282059557611454,44.3503839969635
True,NML,2.5,1,1.4,NML_k2.50_s01.csv,499110.84039195004,9994176.616236804,8642559067.31935,1.0027554808936594,63.23474648038881,109.7723787254941,270.6521157981997,0.47677967822285344,0.014340269371056867,0.09301083932942028,36.83115315437317
True,NML,2.5,1,1.55,NML_k2.50_s01.csv,499110.84039195004,9994176.616236804,13440463867.098856,1.00918878072218,86.25440743597234,111.48081535587559,272.5282567996167,0.5106780192562794,0.015206780728182807,0.09009166846857149,33.32370209693909
True,NML,2.5,1,1.7,NML_k2.50_s01.csv,499110.84039195004,9994176.616236804,19331955627.57378,1.0065093143172574,96.60441288978559,101.4604269876317,269.68455406939916,0.5262195422598124,0.015638914641177643,0.05165147408151787,28.954808712005615
True,NML,2.5,1,1.8,NML_k2.50_s01.csv,499110.84039195004,9994176.616236804,24160399458.667244,1.0,79.57358134173818,100.16077370594095,265.88929071877,0.6015461485628882,0.019430513709359817,0.0746042774409415,29.46416687965393
True,NML,2.5,2,0.95,NML_k2.50_s02.csv,728169.5427647,10366196.775056355,8227313734.766958,1.001914613024718,95.81554521146471,216.5266660398184,269.69089838679804,0.2169583594516581,0.012840520122011591,0.0673370359872353,45.63515067100525
True,NML,2.5,2,1.1,NML_k2.50_s02.csv,728169.5427647,10366196.775056355,11397547201.367157,1.0,65.53348113735102,213.0761821335608,280.04073445706473,0.29174210303978576,0.014317645463372908,0.09379204162666901,43.896657943725586
True,NML,2.5,2,1.25,NML_k2.50_s02.csv,728169.5427647,10366196.775056355,14960541798.478657,1.0,98.95222090829459,215.66497098348344,275.21881189725525,0.3134327176475614,0.014478296707729855,0.05098558516248424,42.17177891731262
True,NML,2.5,2,1.4,NML_k2.50_s02.csv,728169.5427647,10366196.775056355,20083259214.75914,1.0048860790701328,87.32860383940698,211.77360162278143,279.665013929452,0.34530756899430476,0.01521610736563156,0.10758568209731785,35.27421593666077
True,NML,2.5,2,1.55,NML_k2.50_s02.csv,728169.5427647,10366196.775056355,25705325113.87279,1.0,100.0,214.7048434342989,276.3510298069308,0.3710278960958499,0.01498961376799356,0.1351885025049376,37.02691602706909
True,NML,2.5,2,1.7,NML_k2.50_s02.csv,728169.5427647,10366196.775056355,33359530214.31778,1.0,33.35940347941823,214.30773441079614,274.2541944963097,0.3898113212792288,0.01522724338277974,0.09427343358605783,36.97900104522705
True,NML,2.5,2,1.8,NML_k2.50_s02.csv,728169.5427647,10366196.775056355,38597439100.759705,1.0,88.43467865878878,214.0367057448065,274.31931312618605,0.3885291162426775,0.014637220678659751,0.012496812198360546,34.96306920051575
True,NML,2.5,3,0.95,NML_k2.50_s03.csv,728169.5427647,8632858.874278802,1618776912.1191843,1.0003723229682695,5.085737040029507,214.2787820579415,265.9965779161393,0.6563453720172745,0.020704244879415967,0.052805118742199286,54.580533027648926
True,NML,2.5,3,1.1,NML_k2.50_s03.csv,728169.5427647,8632858.874278802,3284844522.930411,1.0030726728525112,24.648228586158204,212.6109598425471,261.448428021467,0.6554085301143547,0.019886687436768913,0.1022294371821972,45.13250994682312
True,NML,2.5,3,1.25,NML_k2.50_s03.csv,728169.5427647,8632858.874278802,5794218214.172502,1.0,15.220961766751133,213.29719218322202,267.98683226029465,0.6808130425284314,0.01956133564458906,0.035931936818970625,38.03729772567749
True,NML,2.5,3,1.4,NML_k2.50_s03.csv,728169.5427647,8632858.874278802,9805588470.266432,1.0031951485402237,12.821716114748988,196.65344131153057,304.10262398263654,0.684960497847913,0.018650636161306983,0.09402880003551627,33.42284893989563
True,NML,2.5,3,1.55,NML_k2.50_s03.csv,728169.5427647,8632858.874278802,15095164032.958933,1.0060240521067256,32.881050729006766,220.17611404283375,297.01758569898834,0.7122626432881268,0.014458889693822141,0.03745655390286104,30.221312999725342
True,NML,2.5,3,1.7,NML_k2.50_s03.csv,728169.5427647,8632858.874278802,22029457299.26824,1.0249213709857081,55.43777172220714,205.62510582599091,308.6386127861328,0.7684680883076788,0.01976729822061951,0.08136992644133974,26.538589000701904
True,NML,2.5,3,1.8,NML_k2.50_s03.csv,728169.5427647,8632858.874278802,27379614190.5655,1.0154554960067699,39.80826345088195,209.67703930237496,283.2504310550917,0.8046193848341937,0.019669382639252896,0.11450653700053193,25.046011209487915
True,NML,2.5,4,0.95,NML_k2.50_s04.csv,664694.3870644501,10004635.721315254,7448517738.155886,1.002239995858115,77.0410335874216,220.77044495117627,285.7640327407473,0.21091779633525376,0.010811262698479516,0.03178375378214668,45.25449323654175
True,NML,2.5,4,1.1,NML_k2.50_s04.csv,664694.3870644501,10004635.721315254,10277025950.49083,1.0037502692703446,93.94348613593853,222.93838008127054,280.46280577937546,0.23138474689311445,0.010851932556358522,0.05838125334933845,44.7300763130188
True,NML,2.5,4,1.25,NML_k2.50_s04.csv,664694.3870644501,10004635.721315254,13686691308.42331,1.0,96.82283101238076,222.68526890995346,275.1333037445654,0.28392812576711507,0.012318348999636389,0.022870652335737943,40.89458203315735
True,NML,2.5,4,1.4,NML_k2.50_s04.csv,664694.3870644501,10004635.721315254,18258927233.237003,1.0,68.67947449674607,220.36530010996702,276.35552412596775,0.3243872253360468,0.013288623818949944,0.12762680837388451,40.33933901786804
True,NML,2.5,4,1.55,NML_k2.50_s04.csv,664694.3870644501,10004635.721315254,23481280141.057556,1.0,100.0,217.46764716411036,277.4004522958475,0.3632533074052047,0.014473859156688786,0.08877778837828414,35.53733706474304
True,NML,2.5,4,1.7,NML_k2.50_s04.csv,664694.3870644501,10004635.721315254,30879878945.32419,1.003719699881951,41.685708434069014,215.98192481215253,281.3623461301245,0.3934960596608124,0.014573666662376996,0.12693609042566756,32.21508288383484
True,NML,2.5,4,1.8,NML_k2.50_s04.csv,664694.3870644501,10004635.721315254,36031541048.24762,1.0,73.05041718229899,217.25660872963908,270.4404919760478,0.4125977094421513,0.016434479278528716,0.14524284928674436,33.5155611038208
True,NML,2.9,1,0.95,NML_k2.90_s01.csv,832000.91263838,13741852.205418317,13708582761.852156,1.00285837703041,2.2104619919737067,228.73218981890471,319.3393650063986,9.366452462635873e-07,0.007656372336166304,0.06993722346920363,42.83521389961243
True,NML,2.9,1,1.1,NML_k2.90_s01.csv,832000.91263838,13741852.205418317,18807134806.640675,1.0025296282164882,14.888539544431396,224.0276178950157,305.36434628443106,0.01095495393141718,0.007942360091458872,0.014688444560465391,39.724746227264404
True,NML,2.9,1,1.25,NML_k2.90_s01.csv,832000.91263838,13741852.205418317,24309716137.477184,1.0410966258755654,2.133579778554117,231.5198684453313,304.6961270042486,0.050995716928591776,0.007799179535293806,0.07782051801905202,36.67729306221008
True,NML,2.9,1,1.4,NML_k2.90_s01.csv,832000.91263838,13741852.205418317,30217908897.517654,1.0,3.2988646522831586,244.0966864509519,281.82373951175873,0.09743111647168314,0.00785944230927316,0.07370291162823789,40.432300090789795
True,NML,2.9,1,1.55,NML_k2.90_s01.csv,832000.91263838,13741852.205418317,37490125882.32595,1.007612426577486,0.2964207281209852,236.32706233711883,284.7282212067192,0.10729143313309063,0.008019011367202056,0.08263162695336614,42.567533016204834
True,NML,2.9,1,1.7,NML_k2.90_s01.csv,832000.91263838,13741852.205418317,46344856835.2961,1.0183363236825431,0.9008529906385956,227.7687244033253,300.95855161380774,0.13429264387257991,0.008259551760496753,0.07600923932746438,36.35807991027832
True,NML,2.9,1,1.8,NML_k2.90_s01.csv,832000.91263838,13741852.205418317,52511433367.64183,1.0,8.458006067182778,226.7635140893213,287.49542190665056,0.12413381261803474,0.008158752460975659,0.04945899836832792,41.862709760665894
True,NML,2.9,2,0.95,NML_k2.90_s02.csv,522294.82783395,10258875.166412063,7123328159.043817,1.0030740140695504,76.85780651652149,248.05000479603453,360.82005301866843,0.12941035952193902,0.007215312833396531,0.027790055917559453,50.977226972579956
True,NML,2.9,2,1.1,NML_k2.90_s02.csv,522294.82783395,10258875.166412063,10614772800.129372,1.0090730870575557,95.3273852838511,247.65438588757124,353.6693292633458,0.13086894989431674,0.006842125450698011,0.044656055847718194,45.37429976463318
True,NML,2.9,2,1.25,NML_k2.90_s02.csv,522294.82783395,10258875.166412063,14768973603.477926,1.003930539104512,99.7417768837687,249.2517051278479,348.64760443078205,0.10803026446136141,0.005710179812566394,0.07566638998509641,40.79477286338806
True,NML,2.9,2,1.4,NML_k2.90_s02.csv,522294.82783395,10258875.166412063,20284362867.130123,1.0139641370195667,99.39868745164017,249.41747806096367,358.1777548084918,0.09164610830626135,0.004844680947057422,0.0,41.525962829589844
True,NML,2.9,2,1.55,NML_k2.90_s02.csv,522294.82783395,10258875.166412063,26994764191.55135,1.0,100.0,250.0,366.0,7.496987075917015e-09,0.0031154933688652174,0.0,39.77431392669678
True,NML,2.9,2,1.7,NML_k2.90_s02.csv,522294.82783395,10258875.166412063,34825595596.224686,1.0,100.0,250.0,366.0,0.10316890753972933,0.003907762340160748,0.08876609148961076,35.47260117530823
True,NML,2.9,2,1.8,NML_k2.90_s02.csv,522294.82783395,10258875.166412063,42297760128.042984,1.0083170909901993,47.08723114005202,249.7422659053873,364.96817778292507,0.18057983679793807,0.004910843663604953,0.054991676502853394,36.496601819992065
True,NML,2.9,3,0.95,NML_k2.90_s03.csv,723906.1842460828,14414568.566319345,6023650637.673113,1.0188388589908468,2.9023865697342517,248.186761714755,357.2480534177149,0.22370859860705053,0.008086906413916243,0.026123286996634687,53.217154026031494
True,NML,2.9,3,1.1,NML_k2.90_s03.csv,723906.1842460828,14414568.566319345,8973615735.515165,1.005631962136835,8.254572398391119,248.4052859095239,355.42238016076936,0.23509494961307364,0.008177696433790516,0.07064951819840361,47.72914099693298
True,NML,2.9,3,1.25,NML_k2.90_s03.csv,723906.1842460828,14414568.566319345,12511695284.594318,1.0133900439577626,11.667550087921745,109.33329007556053,334.4106930512749,0.29279829114148254,0.01116793438096641,0.07805571943276024,42.087058782577515
True,NML,2.9,3,1.4,NML_k2.90_s03.csv,723906.1842460828,14414568.566319345,16034867511.110247,1.0,7.154456995351697,102.95514074137316,327.3892445597024,0.31479333482448685,0.01175049920117716,0.1062501836111635,42.00891304016113
True,NML,2.9,3,1.55,NML_k2.90_s03.csv,723906.1842460828,14414568.566319345,20966407782.541077,1.0090745394804854,21.96367383537956,100.05057153943196,297.55934043755514,0.3430520486208497,0.013049078034927023,0.07661613374358762,38.071550369262695
True,NML,2.9,3,1.7,NML_k2.90_s03.csv,723906.1842460828,14414568.566319345,27442901619.54514,1.0,44.956422823454396,108.69652429484556,287.3212379444798,0.3673278322930935,0.013383788376590872,0.061635149629216214,32.0702428817749
True,NML,2.9,3,1.8,NML_k2.90_s03.csv,723906.1842460828,14414568.566319345,32423007214.266525,1.0206456198201568,44.141973101433635,104.71741190596984,279.1980781685883,0.38512935258736747,0.014176705817256453,0.07823858286796874,32.09613490104675
True,NML,2.9,4,0.95,NML_k2.90_s04.csv,508276.1874935,9098282.454240343,2007674682.2733319,1.0004150677543708,29.16795191625151,241.12161472569832,325.7392695561723,0.6340552303654172,0.014259005340060114,0.09880203481073052,47.987958908081055
True,NML,2.9,4,1.1,NML_k2.90_s04.csv,508276.1874935,9098282.454240343,3767512904.28023,1.0049856587608752,34.90514118623629,135.29122816365762,365.5419122088506,0.6044168117113332,0.02016290590521963,0.03467309010112389,43.8237099647522
True,NML,2.9,4,1.25,NML_k2.90_s04.csv,508276.1874935,9098282.454240343,6653197992.87576,1.0051277531361151,35.4034249940043,166.44466643009264,364.6928310447519,0.6779938995161635,0.020647055573412936,0.0501414576134415,36.432427167892456
True,NML,2.9,4,1.4,NML_k2.90_s04.csv,508276.1874935,9098282.454240343,10958467082.07323,1.0075728298132804,80.55582440495618,121.06563978829794,359.86875363473615,0.6506732374473629,0.02363460581971094,0.10224190450545866,30.38461422920227
True,NML,2.9,4,1.55,NML_k2.90_s04.csv,508276.1874935,9098282.454240343,16721316946.08127,1.0025408942385516,83.5386981815726,115.54723886412471,356.15651007257475,0.6748318324742478,0.02530614360196694,0.08036884626140983,28.829653024673462
True,NML,2.9,4,1.7,NML_k2.90_s04.csv,508276.1874935,9098282.454240343,24196462585.29634,1.0000742700696403,35.43510882230043,180.74476507063181,327.92931244628016,0.7420531865332382,0.02213038551293713,0.08547435132226416,26.540455102920532
True,NML,2.9,4,1.8,NML_k2.90_s04.csv,508276.1874935,9098282.454240343,30130356692.06918,1.0007601758985563,73.98459326971322,158.07653553541022,330.89089365043486,0.7441302796596856,0.02594507551568686,0.08499812320478474,25.6542809009552
True,NML,3.4,1,0.95,NML_k3.40_s01.csv,1053111.40047344,9828218.177866543,4430733108.223238,1.0016344062763904,88.99147510527321,249.39870557019873,264.18301741487426,0.3473651978980233,0.007494641220516189,0.14350864047264264,49.395519971847534
True,NML,3.4,1,1.1,NML_k3.40_s01.csv,1053111.40047344,9828218.177866543,6755732152.51915,1.0021716269737921,90.8212994333065,219.61295847007716,265.40358018501894,0.4260926563340929,0.010214928663792311,0.156526695382077,44.217103719711304
True,NML,3.4,1,1.25,NML_k3.40_s01.csv,1053111.40047344,9828218.177866543,9419378692.747671,1.0,74.8920403435342,218.40645507874532,274.9215996989552,0.5521370949221953,0.01378968914076874,0.0463908903758321,43.70863628387451
True,NML,3.4,1,1.4,NML_k3.40_s01.csv,1053111.40047344,9828218.177866543,14411399395.770964,1.0036461707584483,95.45399561499632,209.12734504042595,295.0087374196837,0.5563866782935271,0.012999276342352085,0.022764451420637766,38.856009006500244
True,NML,3.4,1,1.55,NML_k3.40_s01.csv,1053111.40047344,9828218.177866543,20556520854.965946,1.0,70.89978840170744,214.7249163524787,269.4499354253903,0.6271673611817502,0.016338136565309885,0.0471976449043604,32.941230058670044
True,NML,3.4,1,1.7,NML_k3.40_s01.csv,1053111.40047344,9828218.177866543,28724188081.754086,1.0242178045562935,76.4810055462729,220.8532485577654,262.24650837120873,0.6618351394449754,0.01551076374009123,0.05752261503760717,30.194623947143555
True,NML,3.4,1,1.8,NML_k3.40_s01.csv,1053111.40047344,9828218.177866543,35056789660.16923,1.0,37.50289047454495,219.89984543636567,307.74744821798834,0.6422655895905657,0.009627236533585484,0.07685575481098209,31.36707091331482
True,NML,3.4,2,0.95,NML_k3.40_s02.csv,1053111.40047344,15499626.797752703,11466636364.204609,1.0227237080443092,22.732615052009933,231.61141425365975,359.1882776971952,0.0,0.0071761848513827555,0.05174885155956406,46.63140106201172
True,NML,3.4,2,1.1,NML_k3.40_s02.csv,1053111.40047344,15499626.797752703,15633700075.604458,1.0,71.06980914349671,245.99408773758043,340.81636784845585,0.0,0.006453129345056235,0.020275342214747194,44.752718925476074
True,NML,3.4,2,1.25,NML_k3.40_s02.csv,1053111.40047344,15499626.797752703,21032487126.398552,1.0,7.0822965725845455,248.89449483771162,343.315605151302,3.269731958205395e-10,0.005674131033124093,0.0033731453297941305,45.70194411277771
True,NML,3.4,2,1.4,NML_k3.40_s02.csv,1053111.40047344,15499626.797752703,26755977129.831306,1.0,100.0,250.0,365.9999922488007,0.0,0.0053959637727606985,5.829865167642167e-06,46.097721099853516
True,NML,3.4,2,1.55,NML_k3.40_s02.csv,1053111.40047344,15499626.797752703,33876724239.643806,1.0,100.0,250.0,366.0,0.0,0.00494142319888132,0.0,45.89544701576233
True,NML,3.4,2,1.7,NML_k3.40_s02.csv,1053111.40047344,15499626.797752703,42170637674.82555,1.0,100.0,250.0,366.0,0.0,0.004480525944423973,0.0,40.2660710811615
True,NML,3.4,2,1.8,NML_k3.40_s02.csv,1053111.40047344,15499626.797752703,48363711778.03661,1.0,100.0,250.0,366.0,0.0,0.004113316469135951,0.004806986093565335,41.78486776351929
True,NML,3.4,3,0.95,NML_k3.40_s03.csv,1057890.5278021002,13640225.365259603,9740159535.183619,1.0166611354220843,0.39327124280691095,249.84645005282204,360.5828073137502,0.025809930027153927,0.006287414871406383,0.0721237323142932,62.07179379463196
True,NML,3.4,3,1.1,NML_k3.40_s03.csv,1057890.5278021002,13640225.365259603,14486443978.053095,1.0291132957210738,4.436569219774086,249.80131278546887,355.74169173097897,0.015343056775915749,0.005878054859461104,0.06534252144219722,53.23439407348633
True,NML,3.4,3,1.25,NML_k3.40_s03.csv,1057890.5278021002,13640225.365259603,20569293106.635914,1.0001078647749082,0.5086707296440522,241.32277473519395,352.42035183226216,0.029985994982051893,0.006014642197888805,0.045916903973227244,50.43337392807007
True,NML,3.4,3,1.4,NML_k3.40_s03.csv,1057890.5278021002,13640225.365259603,28789445928.14657,1.0,18.5209703577524,113.01113417768448,257.7465659032428,0.03287646510587866,0.008229352405803943,0.136038529810985,47.468021869659424
True,NML,3.4,3,1.55,NML_k3.40_s03.csv,1057890.5278021002,13640225.365259603,36567709098.24895,1.0,1.5350334320760015,109.0266736134821,253.85101281627766,0.07936653900970249,0.009407060774792364,0.023294708300075212,45.92549777030945
True,NML,3.4,3,1.7,NML_k3.40_s03.csv,1057890.5278021002,13640225.365259603,45324950954.252655,1.0,4.515593092065485,111.44950945079795,252.2070288277257,0.10583762019971818,0.00948471505347775,0.06099447335030028,42.27096104621887
True,NML,3.4,3,1.8,NML_k3.40_s03.csv,1057890.5278021002,13640225.365259603,51354490444.10689,1.0,77.66550664933942,108.29913116685398,250.0,0.15396634767005857,0.010232692739127388,0.021742437786042235,39.22865915298462
True,NML,3.4,4,0.95,NML_k3.40_s04.csv,1057890.5278021002,13690304.817141484,9577714161.926344,1.0042208845985239,46.13227926433703,249.62527397615372,348.6863473942906,0.026974844259885222,0.006301152631546458,0.04138926132249964,49.44622731208801
True,NML,3.4,4,1.1,NML_k3.40_s04.csv,1057890.5278021002,13690304.817141484,14063461318.13733,1.0079175525065658,28.153323953132748,249.8636967080123,336.1958292807337,0.043030693478146254,0.00627430124707451,0.031363973128268455,44.254034757614136
True,NML,3.4,4,1.25,NML_k3.40_s04.csv,1057890.5278021002,13690304.817141484,19829656735.349144,1.0173365619115273,70.59580882105665,249.18080131902857,278.7817043370438,0.021644063991477308,0.006045501258181535,0.048461850854746226,41.606544733047485
True,NML,3.4,4,1.4,NML_k3.40_s04.csv,1057890.5278021002,13690304.817141484,26139804085.08932,1.0,84.7507512578305,105.1493924423974,258.29916966137904,0.008772837497186485,0.008918101484841519,0.06769732224461468,40.491811990737915
True,NML,3.4,4,1.55,NML_k3.40_s04.csv,1057890.5278021002,13690304.817141484,32731831048.14778,1.0,96.33722254189684,102.99685443115155,250.0,0.02134213629274915,0.009000215098937787,0.04890718789468358,42.68117904663086
True,NML,3.4,4,1.7,NML_k3.40_s04.csv,1057890.5278021002,13690304.817141484,39584580442.788765,1.0,100.0,100.00007957625408,250.0,0.18469372483059543,0.010791087943559756,0.08384300651675852,36.45044493675232
True,NML,3.4,4,1.8,NML_k3.40_s04.csv,1057890.5278021002,13690304.817141484,44675685857.38529,1.0,100.0,106.21428171551044,250.0,0.23879039492311493,0.010983708261401442,0.03458232660515219,36.35555076599121
True,NML,4.0,1,0.95,NML_k4.00_s01.csv,1117537.179791,17726649.518720802,15912970258.551916,1.0,3.5942118979203565e-06,250.0,347.4628242317393,0.0,0.007990851167961176,0.0,49.69469904899597
True,NML,4.0,1,1.1,NML_k4.00_s01.csv,1117537.179791,17726649.518720802,21233845392.882946,1.0,8.264583170592925,250.0,336.2897770991528,0.0,0.00781667769653685,0.012447431102878298,50.65634083747864
True,NML,4.0,1,1.25,NML_k4.00_s01.csv,1117537.179791,17726649.518720802,27793407517.617096,1.0,6.017656058665149,249.49197052124114,354.65287831843943,0.0,0.007030197132218382,0.022480283381686877,43.77910304069519
True,NML,4.0,1,1.4,NML_k4.00_s01.csv,1117537.179791,17726649.518720802,34848503566.165375,1.0,100.0,250.0,366.0,0.0,0.006108263633532663,0.0,40.19820213317871
True,NML,4.0,1,1.55,NML_k4.00_s01.csv,1117537.179791,17726649.518720802,42813658850.74654,1.0,100.0,250.0,366.0,0.0,0.005536127917005966,0.0,34.97570204734802
True,NML,4.0,1,1.7,NML_k4.00_s01.csv,1117537.179791,17726649.518720802,51957303273.54547,1.0,100.0,250.0,366.0,0.0,0.004902158581047742,0.021716898070382212,34.9064199924469
True,NML,4.0,1,1.8,NML_k4.00_s01.csv,1117537.179791,17726649.518720802,58725487243.498436,1.0,100.0,250.0,366.0,0.0,0.004498973031736758,0.0,35.586442947387695
True,NML,4.0,2,0.95,NML_k4.00_s02.csv,1230596.4772281998,15122593.408590801,35814455896.921005,1.0,4.8668954160368445,121.20586138094387,269.4401919266818,0.0,0.00970598386845667,0.08128660162376901,40.452839851379395
True,NML,4.0,2,1.1,NML_k4.00_s02.csv,1230596.4772281998,15122593.408590801,40863954696.21359,1.0,9.68651527333103,125.41811888627515,250.86196928529552,0.0,0.009526215245101046,0.06942889682687167,41.35247611999512
True,NML,4.0,2,1.25,NML_k4.00_s02.csv,1230596.4772281998,15122593.408590801,47145998312.75542,1.0,3.160417832215792,119.7703086016477,258.49664932107544,0.0,0.009601172691105499,0.06969789433231052,43.60139083862305
True,NML,4.0,2,1.4,NML_k4.00_s02.csv,1230596.4772281998,15122593.408590801,54968156869.39771,1.0,19.324374022875872,111.99999900394039,257.2649146272042,0.0,0.010073189222562048,0.07399880054530972,38.85634994506836
True,NML,4.0,2,1.55,NML_k4.00_s02.csv,1230596.4772281998,15122593.408590801,63554552114.01993,1.0,88.15175530441618,100.0,250.0,0.02180264980804009,0.01105511673865132,0.00042078483845912895,37.62958312034607
True,NML,4.0,2,1.7,NML_k4.00_s02.csv,1230596.4772281998,15122593.408590801,71614349396.30424,1.0,100.0,108.00001310931277,250.0,0.16395881097131537,0.01149389617304331,0.0,33.151686906814575
True,NML,4.0,2,1.8,NML_k4.00_s02.csv,1230596.4772281998,15122593.408590801,77527433971.78372,1.0,100.0,109.31338739953968,250.0,0.20994205766248794,0.012088943947783416,0.0,29.363637924194336
True,NML,4.0,3,0.95,NML_k4.00_s03.csv,1224973.9744886002,23650388.710027006,57315447840.88377,1.0,0.5761893320847449,217.45965492761687,341.30953975824264,0.0,0.008077978600751212,0.02491318424523507,37.31565189361572
True,NML,4.0,3,1.1,NML_k4.00_s03.csv,1224973.9744886002,23650388.710027006,62792256342.4389,1.0,7.53464615302969,216.51160586482956,334.51130714555893,0.0,0.007853357833648458,0.0,35.628299951553345
True,NML,4.0,3,1.25,NML_k4.00_s03.csv,1224973.9744886002,23650388.710027006,68359104525.19113,1.0,0.9478070517057873,215.82948576324483,318.5572500598141,0.0,0.007781503355168783,0.0,35.33824610710144
True,NML,4.0,3,1.4,NML_k4.00_s03.csv,1224973.9744886002,23650388.710027006,76079814135.09729,1.0,7.275737931242664,214.7536001676595,297.66619732271306,0.0,0.007532778628334123,0.003342910842955099,33.76458406448364
True,NML,4.0,3,1.55,NML_k4.00_s03.csv,1224973.9744886002,23650388.710027006,84120238309.96957,1.0,0.0,214.72594351390725,283.6219529653862,0.0,0.007333216324110446,0.005796732636232191,35.57869911193848
True,NML,4.0,3,1.7,NML_k4.00_s03.csv,1224973.9744886002,23650388.710027006,94001873446.68771,1.0,0.0,212.31094903443264,296.85701174106543,0.0,0.007212569206987317,0.0,32.700642108917236
True,NML,4.0,3,1.8,NML_k4.00_s03.csv,1224973.9744886002,23650388.710027006,101795685818.91124,1.0,16.036285672756257,212.84426832441198,271.26145281783573,0.0,0.0066827466673121255,0.0,31.66162085533142
True,NML,4.0,4,0.95,NML_k4.00_s04.csv,1117537.179791,15757365.534177205,37769822872.77341,1.0,55.12100439271672,250.0,265.5660182229558,0.0,0.009217892500222879,0.0,37.129141092300415
True,NML,4.0,4,1.1,NML_k4.00_s04.csv,1117537.179791,15757365.534177205,43466866810.02812,1.0,42.538359837596275,245.54722421624209,270.19446343496634,0.0,0.008992625163190162,0.0,37.016751766204834
True,NML,4.0,4,1.25,NML_k4.00_s04.csv,1117537.179791,15757365.534177205,50201827814.685486,1.0,31.21956073893561,248.21643084878596,267.0296943104469,0.0,0.008544887385227178,0.009368948399231747,36.181713819503784
True,NML,4.0,4,1.4,NML_k4.00_s04.csv,1117537.179791,15757365.534177205,58191388296.498695,1.0,99.97831968186021,250.0,250.0181306183152,0.0,0.00800922869280237,0.027959094798662206,34.07490301132202
True,NML,4.0,4,1.55,NML_k4.00_s04.csv,1117537.179791,15757365.534177205,67247197798.82635,1.0,100.0,250.0,250.0000037798957,0.0,0.0074334354552395105,0.015645868548170783,29.74471402168274
True,NML,4.0,4,1.7,NML_k4.00_s04.csv,1117537.179791,15757365.534177205,78111218995.77596,1.0,100.0,250.0,365.9999999999744,0.0,0.004294813014996021,0.04223917567596829,31.003049850463867
True,NML,4.0,4,1.8,NML_k4.00_s04.csv,1117537.179791,15757365.534177205,85935881496.95065,1.0,100.0,175.7829761571341,320.1045956220419,0.24216008708896294,0.009960384217914835,0.05388519849536038,29.814704179763794
True,NML,4.6,1,0.95,NML_k4.60_s01.csv,1273284.23460152,22926921.090004686,98198854508.48572,1.0,0.0,214.09196247390986,365.88370522869803,0.0,0.008859676722627963,0.0,35.16327714920044
True,NML,4.6,1,1.1,NML_k4.60_s01.csv,1273284.23460152,22926921.090004686,104350031661.20255,1.0,1.0869989916879246,214.22871490505256,358.0741721728629,0.0,0.008585263489376261,0.02905684104010185,32.00730609893799
True,NML,4.6,1,1.25,NML_k4.60_s01.csv,1273284.23460152,22926921.090004686,111440876270.30396,1.0,0.9854166261862267,208.27538843878844,365.90098866958357,0.0,0.008276492570894658,0.0,32.93498182296753
True,NML,4.6,1,1.4,NML_k4.60_s01.csv,1273284.23460152,22926921.090004686,119888086898.14085,1.0,0.6988679622825913,211.30417871284234,332.4677482629583,0.0,0.008100845888907509,0.028012163579350668,33.334981203079224
True,NML,4.6,1,1.55,NML_k4.60_s01.csv,1273284.23460152,22926921.090004686,129547950021.27487,1.0,0.9685552649124318,205.69497164970883,327.8851098632405,0.0,0.00799812166844791,0.027607081968844243,30.219202041625977
True,NML,4.6,1,1.7,NML_k4.60_s01.csv,1273284.23460152,22926921.090004686,139811657950.3898,1.0,0.0,100.00000029517756,366.0,0.0,0.009636875512845157,0.04684224511194966,29.0335910320282
True,NML,4.6,1,1.8,NML_k4.60_s01.csv,1273284.23460152,22926921.090004686,146367484652.3737,1.0,1.109047645759314,100.51678071899171,365.8158395089219,0.0,0.009325874347875372,0.06007739761987569,28.022495985031128
True,NML,4.6,2,0.95,NML_k4.60_s02.csv,1403302.4266543,18948605.778480362,82036994166.12132,1.0,2.7659322480061665,240.95266398860204,301.5496191953526,0.0,0.008210562465378518,0.008619389892340679,35.14306092262268
True,NML,4.6,2,1.1,NML_k4.60_s02.csv,1403302.4266543,18948605.778480362,87735412153.6659,1.0,13.057173787733538,249.37669710090526,284.27677372616034,0.0,0.007790597274070977,0.028447452260627507,34.81920886039734
True,NML,4.6,2,1.25,NML_k4.60_s02.csv,1403302.4266543,18948605.778480362,94382077982.073,1.0,5.0185286259307835,249.60635767867592,279.7117686115962,0.0,0.007407474308784015,0.0,37.63374304771423
True,NML,4.6,2,1.4,NML_k4.60_s02.csv,1403302.4266543,18948605.778480362,102603293548.87715,1.0,0.0,248.33616816362695,278.5047293457405,0.0,0.006907889703952339,0.0,35.45198321342468
True,NML,4.6,2,1.55,NML_k4.60_s02.csv,1403302.4266543,18948605.778480362,112493052702.10083,1.000164526412456,2.999999867234494,249.10229831825245,258.1324148613921,0.0,0.006264726064142386,0.013693368697876074,31.63456916809082
True,NML,4.6,2,1.7,NML_k4.60_s02.csv,1403302.4266543,18948605.778480362,123532986626.49655,1.0,8.620773379425094,250.0,274.7093279928875,0.0,0.005965607060826056,0.029127018115623182,30.990314960479736
True,NML,4.6,2,1.8,NML_k4.60_s02.csv,1403302.4266543,18948605.778480362,131806022147.59357,1.0,3.9999997020176385,249.390026878913,253.96054835051606,0.0,0.005800217265232695,0.0,32.90137791633606
True,NML,4.6,3,0.95,NML_k4.60_s03.csv,1025248.1415164599,20602564.12489982,30038409496.027878,1.0,0.9997728366782184,216.12028662530005,357.1525249576783,0.0,0.007835556011186238,0.05313343657817899,46.721405267715454
True,NML,4.6,3,1.1,NML_k4.60_s03.csv,1025248.1415164599,20602564.12489982,36746615280.04268,1.0213635647433734,5.044636495167367,221.18864772344335,329.1022854021549,0.0028809863105354605,0.007501795819382373,0.04657971620553023,42.90162396430969
True,NML,4.6,3,1.25,NML_k4.60_s03.csv,1025248.1415164599,20602564.12489982,43006484438.00099,1.0,4.142308495861729,215.51453923048146,356.5028093318452,0.0,0.006976507551515503,0.056217030256455795,42.413148164749146
True,NML,4.6,3,1.4,NML_k4.60_s03.csv,1025248.1415164599,20602564.12489982,51103840282.725464,1.0,3.29988389860065,214.4698145032311,328.46518203031894,0.0,0.007041426734809268,0.046025416059208867,41.165574073791504
True,NML,4.6,3,1.55,NML_k4.60_s03.csv,1025248.1415164599,20602564.12489982,61474905379.660805,1.0049587562062425,9.097246261292046,213.59590332056047,314.55522174936726,0.0026698922960396937,0.007060444924471768,0.028814982087894868,40.46046328544617
True,NML,4.6,3,1.7,NML_k4.60_s03.csv,1025248.1415164599,20602564.12489982,74289368316.49298,1.007214866974931,9.307243411856488,225.2766246578878,287.2384671225174,0.020427489973058644,0.007147685484328398,0.04845496166456168,36.107421875
True,NML,4.6,3,1.8,NML_k4.60_s03.csv,1025248.1415164599,20602564.12489982,80536862307.649,1.0,9.206173720828733,214.26265364034265,297.6693739496585,0.06655160232697016,0.007930834041109171,0.03058222725291622,40.27137994766235
True,NML,4.6,4,0.95,NML_k4.60_s04.csv,1219709.69833182,24950766.042019203,95883391550.8494,1.0,39.3662443655851,250.0,282.3920500406438,0.0,0.009525654834067839,0.016558634158662846,35.37632489204407
True,NML,4.6,4,1.1,NML_k4.60_s04.csv,1219709.69833182,24950766.042019203,100860038094.50334,1.0,36.587593901536934,237.9998047519636,291.5172699562526,0.0,0.009412337560446704,0.014872462499960257,31.7449848651886
True,NML,4.6,4,1.25,NML_k4.60_s04.csv,1219709.69833182,24950766.042019203,106359087827.25333,1.0,37.36052651199152,250.0,271.3632149222413,0.0,0.009102782865928612,0.0,31.56821894645691
True,NML,4.6,4,1.4,NML_k4.60_s04.csv,1219709.69833182,24950766.042019203,114053994768.35863,1.0,30.27523538723384,250.0,269.8679518990932,0.0,0.008723143144389768,0.0,34.00099992752075
True,NML,4.6,4,1.55,NML_k4.60_s04.csv,1219709.69833182,24950766.042019203,123131860908.78143,1.0,29.339636786558142,250.0,268.9073897435872,0.0,0.008602901821491022,0.0,31.960477828979492
True,NML,4.6,4,1.7,NML_k4.60_s04.csv,1219709.69833182,24950766.042019203,133850826257.72282,1.0,27.62749278864973,250.0,267.1460892748663,0.0,0.008380967416394158,0.013345675867007826,33.500014781951904
True,NML,4.6,4,1.8,NML_k4.60_s04.csv,1219709.69833182,24950766.042019203,141938141628.42316,1.0,26.83612464500494,248.73600618822314,268.13399943981517,0.0,0.008238719336547604,0.004019928799003175,32.37423896789551
True,NML,5.2,1,0.95,NML_k5.20_s01.csv,1368468.7701506398,29397036.852794766,138414488047.23694,1.0,0.0,242.98413751680417,360.5782548569062,0.0,0.0077457459514074095,0.010781086922250382,33.24834990501404
True,NML,5.2,1,1.1,NML_k5.20_s01.csv,1368468.7701506398,29397036.852794766,144536980758.1603,1.0,0.21962087695721522,236.2060213047912,364.1545891801256,0.0,0.007641594825632822,0.0,31.99031090736389
True,NML,5.2,1,1.25,NML_k5.20_s01.csv,1368468.7701506398,29397036.852794766,152206967646.74353,1.0,1.9872951111860728,237.98381622330172,346.58366809496647,0.0,0.007365352526451604,0.0,33.9443199634552
True,NML,5.2,1,1.4,NML_k5.20_s01.csv,1368468.7701506398,29397036.852794766,160584236313.3181,1.0,0.0,238.57228008952745,366.0,0.0,0.006737224497106208,0.0,32.3673632144928
True,NML,5.2,1,1.55,NML_k5.20_s01.csv,1368468.7701506398,29397036.852794766,170682210476.12622,1.0,0.0,234.80754088708332,354.2512174792427,0.0,0.006590712379221575,0.0,34.8651807308197
True,NML,5.2,1,1.7,NML_k5.20_s01.csv,1368468.7701506398,29397036.852794766,182552502172.28745,1.0,0.0001694672834489097,232.92212104972447,360.78319615920475,0.0,0.006252005464896678,0.014314974234445324,33.540534019470215
True,NML,5.2,1,1.8,NML_k5.20_s01.csv,1368468.7701506398,29397036.852794766,191216261897.78094,1.0,0.9999858860871927,236.90340592711368,316.7069083529359,0.0,0.00639340927350171,0.0,32.29011082649231
True,NML,5.2,2,0.95,NML_k5.20_s02.csv,1576008.3760804,26256096.114469167,89009962822.51978,1.0,9.346755623304453,222.05427681311843,350.8114460424844,0.0,0.008620311157057213,0.03981202810611633,35.428452014923096
True,NML,5.2,2,1.1,NML_k5.20_s02.csv,1576008.3760804,26256096.114469167,94046267453.56541,1.0,2.0063671599528985,222.9321840784518,343.7720969581562,0.0,0.008311109540645392,0.034938879027230106,38.284264087677
True,NML,5.2,2,1.25,NML_k5.20_s02.csv,1576008.3760804,26256096.114469167,104170023969.66821,1.0,16.532915164965512,226.46288747607656,353.8957052910519,0.0,0.007740466584099744,0.027761546220925092,35.16067385673523
True,NML,5.2,2,1.4,NML_k5.20_s02.csv,1576008.3760804,26256096.114469167,110842601079.0274,1.0,18.263363883147456,221.8014991524337,319.949901699325,0.0,0.008133182895316893,0.042520260618492546,35.151527881622314
True,NML,5.2,2,1.55,NML_k5.20_s02.csv,1576008.3760804,26256096.114469167,122049150976.85329,1.0,22.498353585291213,215.3598191906698,336.2644157065372,0.0,0.007749695017365141,0.038315038407004634,41.50172996520996
True,NML,5.2,2,1.7,NML_k5.20_s02.csv,1576008.3760804,26256096.114469167,131084415198.53827,1.0,15.456818382016547,223.5249274135383,302.5947024210314,0.0,0.007725970487581715,0.032300798126357076,35.97767496109009
True,NML,5.2,2,1.8,NML_k5.20_s02.csv,1576008.3760804,26256096.114469167,138340963523.4137,1.0,6.374979348081404,224.103524757318,293.8249874897379,0.0,0.007732273574083261,0.02871890783881542,37.22397589683533
True,NML,5.2,3,0.95,NML_k5.20_s03.csv,826542.90699976,13988731.286898684,9085538209.235817,1.0034218907427568,99.64277232212144,248.84163948526307,310.8619579865178,0.17121121571362638,0.0063258264944801666,0.13429277147215776,47.30604410171509
True,NML,5.2,3,1.1,NML_k5.20_s03.csv,826542.90699976,13988731.286898684,12809130852.456913,1.0000116769163974,44.99976626703329,168.00210054117403,284.5196785924744,0.30696646106115777,0.009639372904902806,0.15310734938565917,44.64555096626282
True,NML,5.2,3,1.25,NML_k5.20_s03.csv,826542.90699976,13988731.286898684,17307746073.5292,1.009087942567293,12.662513547375243,167.67307605714674,274.66904877927294,0.3574328351050937,0.010208212343881086,0.0438110247675734,42.516844034194946
True,NML,5.2,3,1.4,NML_k5.20_s03.csv,826542.90699976,13988731.286898684,23017434999.131756,1.0,19.501823396429636,164.29452626482194,263.736622510101,0.41116274959433696,0.01092253038228047,0.13191210829769717,38.94770789146423
True,NML,5.2,3,1.55,NML_k5.20_s03.csv,826542.90699976,13988731.286898684,31573127773.53715,1.0157201534134084,25.896608582675103,155.1602631708094,268.2128936097317,0.415397547123377,0.010746070270132316,0.09102098283766813,38.88563513755798
True,NML,5.2,3,1.7,NML_k5.20_s03.csv,826542.90699976,13988731.286898684,41603440580.3297,1.0015456652154844,12.504267330998164,147.54253895243326,277.57618550282115,0.45801751602815943,0.011454451768222969,0.061110219403766756,34.03791689872742
True,NML,5.2,3,1.8,NML_k5.20_s03.csv,826542.90699976,13988731.286898684,49675670340.267365,1.018498370192253,38.33726354494844,154.65621509134166,267.74925490233954,0.4496732512661685,0.01002840232765813,0.07606854878380735,36.16395282745361
True,NML,5.2,4,0.95,NML_k5.20_s04.csv,1568699.12251892,21753481.395039685,30159912811.631653,1.0371719237559884,2.366686141176018,233.426158613625,343.84289789220975,0.00502608275573263,0.006159685402821191,0.01318927218599461,50.22339105606079
True,NML,5.2,4,1.1,NML_k5.20_s04.csv,1568699.12251892,21753481.395039685,36264124996.46947,1.0442222433891968,0.8591545131103828,233.93742975052686,343.172015239609,0.00033208290695076843,0.005755871680265956,0.0281118987992926,46.897589921951294
True,NML,5.2,4,1.25,NML_k5.20_s04.csv,1568699.12251892,21753481.395039685,43959930887.301674,1.0,7.449562833678481,225.31404926954195,345.82872521506397,0.0,0.005673062482934287,0.06238717205013924,45.41742420196533
True,NML,5.2,4,1.4,NML_k5.20_s04.csv,1568699.12251892,21753481.395039685,53588953400.19679,1.0339374465371138,10.62699721635748,221.12024611176008,356.8058928734852,0.0012910099330704083,0.005442930262320234,0.04186798222083979,46.674938917160034
True,NML,5.2,4,1.55,NML_k5.20_s04.csv,1568699.12251892,21753481.395039685,63568059716.48288,1.0,13.006680677773259,121.89921646217452,352.41982113532714,0.0,0.007749247876053484,0.031259361440942324,43.99196696281433
True,NML,5.2,4,1.7,NML_k5.20_s04.csv,1568699.12251892,21753481.395039685,72430087572.26627,1.0,0.0,113.77671314385199,365.9979711056299,1.749046804250366e-05,0.007312201731136649,0.0,39.470741987228394
True,NML,5.2,4,1.8,NML_k5.20_s04.csv,1568699.12251892,21753481.395039685,80166521279.87607,1.0,3.9639134116265557,104.0918350428331,362.67365132871305,0.016793117204741474,0.007681738420771327,0.0066124147289771396,40.48491406440735
True,ORO,0.8,1,0.95,ORO_k0.80_s01.csv,1045746.6141155941,0.0,9512209095.979727,1.0,38.58685481341602,100.0,250.0,1.0,0.0,0.13354197662642683,9.882081031799316
True,ORO,0.8,1,1.1,ORO_k0.80_s01.csv,1045746.6141155941,0.0,23200875382.62501,1.0,73.99662387459134,100.0,250.0,1.0,0.0,0.034992419523062326,8.22423505783081
True,ORO,0.8,1,1.25,ORO_k0.80_s01.csv,1045746.6141155941,0.0,46294111312.21841,1.0,17.24065344409003,100.0,250.0,1.0,0.0,0.01972778155225867,6.9478349685668945
True,ORO,0.8,1,1.4,ORO_k0.80_s01.csv,1045746.6141155941,0.0,80402236620.86478,1.0,65.97393803142194,100.0,250.0,1.0,0.0,0.033890960502199405,6.899503231048584
True,ORO,0.8,1,1.55,ORO_k0.80_s01.csv,1045746.6141155941,0.0,127015792238.32977,1.0,26.349864703731512,100.0,250.0,1.0,0.0,0.04109616025548851,6.256004095077515
True,ORO,0.8,1,1.7,ORO_k0.80_s01.csv,1045746.6141155941,0.0,186763999501.2809,1.0,26.349864703731512,100.0,250.0,1.0,0.0,0.025133294142424357,6.092412948608398
True,ORO,0.8,1,1.8,ORO_k0.80_s01.csv,1045746.6141155941,0.0,234350760179.81277,1.0,26.349864703731512,100.0,250.0,1.0,0.0,0.0,5.739790916442871
True,ORO,0.8,2,0.95,ORO_k0.80_s02.csv,1018963.072920874,0.0,8979155461.719582,1.0,30.834404299318756,100.0,250.0,1.0,0.0,0.14094643251984038,10.324573993682861
True,ORO,0.8,2,1.1,ORO_k0.80_s02.csv,1018963.072920874,0.0,22299177653.89193,1.0,66.84429607608185,100.0,250.0,1.0,0.0,0.06273874342479799,8.532757043838501
True,ORO,0.8,2,1.25,ORO_k0.80_s02.csv,1018963.072920874,0.0,45194825145.74057,1.0,14.617875718207152,100.0,250.0,1.0,0.0,0.07314935371214679,7.6520819664001465
True,ORO,0.8,2,1.4,ORO_k0.80_s02.csv,1018963.072920874,0.0,79344196209.35999,1.0,14.617875718207152,100.0,250.0,1.0,0.0,0.05399943460323798,7.148226737976074
True,ORO,0.8,2,1.55,ORO_k0.80_s02.csv,1018963.072920874,0.0,126191253920.92015,1.0,21.182454609115116,100.0,250.0,1.0,0.0,0.0,7.061282157897949
True,ORO,0.8,2,1.7,ORO_k0.80_s02.csv,1018963.072920874,0.0,186313313846.2948,1.0,49.757634720692955,100.0,250.0,1.0,0.0,0.0306717103905738,6.154374122619629
True,ORO,0.8,2,1.8,ORO_k0.80_s02.csv,1018963.072920874,0.0,234238829537.94562,1.0,76.40586146864912,100.0,250.0,1.0,0.0,0.0,5.842409372329712
True,ORO,0.8,3,0.95,ORO_k0.80_s03.csv,969686.8232485541,0.0,13365781025.532072,1.0,92.2479646858699,100.0,250.0,1.0,0.0,0.06942313942090823,7.07514214515686
True,ORO,0.8,3,1.1,ORO_k0.80_s03.csv,969686.8232485541,0.0,29018976710.494576,1.0,18.05686986123036,100.0,250.0,1.0,0.0,0.029415437920531015,7.065417051315308
True,ORO,0.8,3,1.25,ORO_k0.80_s03.csv,969686.8232485541,0.0,54655119790.3717,1.0,2.71872904766677,100.0,250.0,1.0,0.0,0.0,6.792006969451904
True,ORO,0.8,3,1.4,ORO_k0.80_s03.csv,969686.8232485541,0.0,92089812540.26962,1.0,19.19686249786109,100.0,250.0,1.0,0.0,0.043614174083545725,6.929655075073242
True,ORO,0.8,3,1.55,ORO_k0.80_s03.csv,969686.8232485541,0.0,142408570127.54547,1.0,24.837412172562285,100.0,250.0,1.0,0.0,0.0,6.9416608810424805
True,ORO,0.8,3,1.7,ORO_k0.80_s03.csv,969686.8232485541,0.0,206323481787.27017,1.0,21.048881144629934,100.0,250.0,1.0,0.0,0.0,6.2768378257751465
True,ORO,0.8,3,1.8,ORO_k0.80_s03.csv,969686.8232485541,0.0,256949487312.40125,1.0,21.048881144629934,100.0,250.0,1.0,0.0,0.0,6.383711099624634
True,ORO,0.8,4,0.95,ORO_k0.80_s04.csv,969686.8232485541,0.0,15312234956.793903,1.0,77.51140283439995,100.0,250.0,1.0,0.0,0.09717689547909907,7.381612062454224
True,ORO,0.8,4,1.1,ORO_k0.80_s04.csv,969686.8232485541,0.0,33115719034.89303,1.0,20.569122876844958,100.0,250.0,1.0,0.0,0.0790106642736762,7.391414165496826
True,ORO,0.8,4,1.25,ORO_k0.80_s04.csv,969686.8232485541,0.0,61437865440.62381,1.0,82.41163379795806,100.0,250.0,1.0,0.0,0.00993291249803363,6.6842029094696045
True,ORO,0.8,4,1.4,ORO_k0.80_s04.csv,969686.8232485541,0.0,102138011231.31049,1.0,15.307517923662836,100.0,250.0,1.0,0.0,0.0,6.065352916717529
True,ORO,0.8,4,1.55,ORO_k0.80_s04.csv,969686.8232485541,0.0,156551346982.74948,1.0,61.57644464461281,100.0,250.0,1.0,0.0,0.017682960349625715,6.097023963928223
True,ORO,0.8,4,1.7,ORO_k0.80_s04.csv,969686.8232485541,0.0,225216847326.10263,1.0,8.023088349224707,100.0,250.0,1.0,0.0,0.029108652584464823,5.747246980667114
True,ORO,0.8,4,1.8,ORO_k0.80_s04.csv,969686.8232485541,0.0,279356355572.98645,1.0,62.22553694489679,100.0,250.0,1.0,0.0,0.00611276727092834,5.6118340492248535
True,ORO,0.9,1,0.95,ORO_k0.90_s01.csv,1139912.893488997,0.0,9986469969.108398,1.0,21.46519379422567,100.0,250.0,1.0,0.0,0.11577728156489875,9.3249671459198
True,ORO,0.9,1,1.1,ORO_k0.90_s01.csv,1139912.893488997,0.0,24045725948.194607,1.0,73.99662387459134,100.0,250.0,1.0,0.0,0.034992419523062326,8.323867797851562
True,ORO,0.9,1,1.25,ORO_k0.90_s01.csv,1139912.893488997,0.0,47800878184.86163,1.0,17.24065344409003,100.0,250.0,1.0,0.0,0.01972778155225867,6.895806074142456
True,ORO,0.9,1,1.4,ORO_k0.90_s01.csv,1139912.893488997,0.0,82656510582.3548,1.0,65.97393803142194,100.0,250.0,1.0,0.0,0.033214078808796316,7.107959747314453
True,ORO,0.9,1,1.55,ORO_k0.90_s01.csv,1139912.893488997,0.0,130121265774.24252,1.0,26.349864703731512,100.0,250.0,1.0,0.0,0.04109616025548851,6.14169716835022
True,ORO,0.9,1,1.7,ORO_k0.90_s01.csv,1139912.893488997,0.0,190682310754.5571,1.0,26.349864703731512,100.0,250.0,1.0,0.0,0.03199726278368793,6.020589113235474
True,ORO,0.9,1,1.8,ORO_k0.90_s01.csv,1139912.893488997,0.0,238927840030.13593,1.0,26.349864703731512,100.0,250.0,1.0,0.0,0.0,5.5067901611328125
True,ORO,0.9,2,0.95,ORO_k0.90_s02.csv,1109781.4096449371,0.0,9431615584.643724,1.0,22.074687798674365,100.0,250.0,1.0,0.0,0.03578462221153576,10.10524582862854
True,ORO,0.9,2,1.1,ORO_k0.90_s02.csv,1109781.4096449371,0.0,23148483131.15101,1.0,66.84429607608185,100.0,250.0,1.0,0.0,0.06273874342479799,8.406440019607544
True,ORO,0.9,2,1.25,ORO_k0.90_s02.csv,1109781.4096449371,0.0,46681856761.51772,1.0,14.617875718207152,100.0,250.0,1.0,0.0,0.07314935371214679,7.8814990520477295
True,ORO,0.9,2,1.4,ORO_k0.90_s02.csv,1109781.4096449371,0.0,81602078352.17729,1.0,14.617875718207152,100.0,250.0,1.0,0.0,0.05299606150080974,6.907085180282593
True,ORO,0.9,2,1.55,ORO_k0.90_s02.csv,1109781.4096449371,0.0,129314259116.20433,1.0,49.757634720692955,100.0,250.0,1.0,0.0,0.0306717103905738,7.0955970287323
True,ORO,0.9,2,1.7,ORO_k0.90_s02.csv,1109781.4096449371,0.0,190272267632.7378,1.0,51.056630471827404,100.0,250.0,1.0,0.0,0.0,5.861066102981567
True,ORO,0.9,2,1.8,ORO_k0.90_s02.csv,1109781.4096449371,0.0,238861675558.79877,1.0,76.40586146864912,100.0,250.0,1.0,0.0,0.0,6.0188281536102295
True,ORO,0.9,3,0.95,ORO_k0.90_s03.csv,1054345.628763577,0.0,14002306309.021048,1.0,92.92249337449121,100.0,250.0,1.0,0.0,0.10336994860828508,7.673361778259277
True,ORO,0.9,3,1.1,ORO_k0.90_s03.csv,1054345.628763577,0.0,30110853686.255955,1.0,18.05686986123036,100.0,250.0,1.0,0.0,0.029415437920531015,7.201174020767212
True,ORO,0.9,3,1.25,ORO_k0.90_s03.csv,1054345.628763577,0.0,56490420498.171036,1.0,2.71872904766677,100.0,250.0,1.0,0.0,0.0,6.815033197402954
True,ORO,0.9,3,1.4,ORO_k0.90_s03.csv,1054345.628763577,0.0,94709549747.91522,1.0,19.19686249786109,100.0,250.0,1.0,0.0,0.043614174083545725,6.953287839889526
True,ORO,0.9,3,1.55,ORO_k0.90_s03.csv,1054345.628763577,0.0,145922233052.7379,1.0,24.837412172562285,100.0,250.0,1.0,0.0,0.0,6.721901893615723
True,ORO,0.9,3,1.7,ORO_k0.90_s03.csv,1054345.628763577,0.0,210747198600.63474,1.0,21.048881144629934,100.0,250.0,1.0,0.0,0.0,6.142153024673462
True,ORO,0.9,3,1.8,ORO_k0.90_s03.csv,1054345.628763577,0.0,262162777304.04413,1.0,21.048881144629934,100.0,250.0,1.0,0.0,0.0,6.303714752197266
True,ORO,0.9,4,0.95,ORO_k0.90_s04.csv,1054345.628763577,0.0,16043491861.934727,1.0,55.53143439038164,100.0,250.0,1.0,0.0,0.0,7.362541913986206
True,ORO,0.9,4,1.1,ORO_k0.90_s04.csv,1054345.628763577,0.0,34337771783.99958,1.0,20.569122876844958,100.0,250.0,1.0,0.0,0.0790106642736762,7.4676549434661865
True,ORO,0.9,4,1.25,ORO_k0.90_s04.csv,1054345.628763577,0.0,63430575015.553444,1.0,82.41163379795806,100.0,250.0,1.0,0.0,0.00993291249803363,6.504155874252319
True,ORO,0.9,4,1.4,ORO_k0.90_s04.csv,1054345.628763577,0.0,104966263747.0547,1.0,73.78788404002145,100.0,250.0,1.0,0.0,0.010614175619415883,6.183813095092773
True,ORO,0.9,4,1.55,ORO_k0.90_s04.csv,1054345.628763577,0.0,160301930396.20276,1.0,68.89059601739079,100.0,250.0,1.0,0.0,0.025208895547730523,6.143977880477905
True,ORO,0.9,4,1.7,ORO_k0.90_s04.csv,1054345.628763577,0.0,229909425942.5912,1.0,8.023088349224707,100.0,250.0,1.0,0.0,0.029108652584464823,5.779246091842651
True,ORO,0.9,4,1.8,ORO_k0.90_s04.csv,1054345.628763577,0.0,284740071134.2007,1.0,62.22553694489679,100.0,250.0,1.0,0.0,0.00611276727092834,5.590564012527466
True,ORO,1.0,1,0.95,ORO_k1.00_s01.csv,1234079.1728624,0.0,10475811392.743393,1.0,51.620729589576186,100.0,250.0,1.0,0.0,0.015230269772830665,8.951727867126465
True,ORO,1.0,1,1.1,ORO_k1.00_s01.csv,1234079.1728624,0.0,24938726075.436172,1.0,16.344145674865707,100.0,250.0,1.0,0.0,0.05583996496534869,8.457067966461182
True,ORO,1.0,1,1.25,ORO_k1.00_s01.csv,1234079.1728624,0.0,49354454227.14946,1.0,17.24065344409003,100.0,250.0,1.0,0.0,0.01972778155225867,6.793893098831177
True,ORO,1.0,1,1.4,ORO_k1.00_s01.csv,1234079.1728624,0.0,84989307032.86288,1.0,65.97393803142194,100.0,250.0,1.0,0.0,0.03111176454685319,6.326821804046631
True,ORO,1.0,1,1.55,ORO_k1.00_s01.csv,1234079.1728624,0.0,133316291382.37036,1.0,26.349864703731512,100.0,250.0,1.0,0.0,0.04109616025548851,6.020387172698975
True,ORO,1.0,1,1.7,ORO_k1.00_s01.csv,1234079.1728624,0.0,194738053009.4769,1.0,26.349864703731512,100.0,250.0,1.0,0.0,0.0,5.674523115158081
True,ORO,1.0,1,1.8,ORO_k1.00_s01.csv,1234079.1728624,0.0,243599357877.5973,1.0,26.349864703731512,100.0,250.0,1.0,0.0,0.0,5.765345096588135
True,ORO,1.0,2,0.95,ORO_k1.00_s02.csv,1200599.746369,0.0,9900479364.584057,1.0,22.074687798674365,100.0,250.0,1.0,0.0,0.03578462221153576,9.45751690864563
True,ORO,1.0,2,1.1,ORO_k1.00_s02.csv,1200599.746369,0.0,24036700958.037598,1.0,57.363575553860116,100.0,250.0,1.0,0.0,0.018233841723899455,8.719137191772461
True,ORO,1.0,2,1.25,ORO_k1.00_s02.csv,1200599.746369,0.0,48219982999.59596,1.0,14.617875718207152,100.0,250.0,1.0,0.0,0.06685585765266461,7.682300806045532
True,ORO,1.0,2,1.4,ORO_k1.00_s02.csv,1200599.746369,0.0,83936108648.20715,1.0,14.617875718207152,100.0,250.0,1.0,0.0,0.05234393763101312,6.514932870864868
True,ORO,1.0,2,1.55,ORO_k1.00_s02.csv,1200599.746369,0.0,132532980951.58734,1.0,49.757634720692955,100.0,250.0,1.0,0.0,0.0306717103905738,6.848673105239868
True,ORO,1.0,2,1.7,ORO_k1.00_s02.csv,1200599.746369,0.0,194369098763.70425,1.0,76.40586146864912,100.0,250.0,1.0,0.0,0.0,6.018696069717407
True,ORO,1.0,2,1.8,ORO_k1.00_s02.csv,1200599.746369,0.0,243576724709.9688,1.0,76.40586146864912,100.0,250.0,1.0,0.0,0.0,5.891041040420532
True,ORO,1.0,3,0.95,ORO_k1.00_s03.csv,1139004.4342786,0.0,14659662511.125254,1.0,92.92249337449121,100.0,250.0,1.0,0.0,0.10336994860828508,7.006184101104736
True,ORO,1.0,3,1.1,ORO_k1.00_s03.csv,1139004.4342786,0.0,31266689637.21044,1.0,18.05686986123036,100.0,250.0,1.0,0.0,0.029415437920531015,7.219444990158081
True,ORO,1.0,3,1.25,ORO_k1.00_s03.csv,1139004.4342786,0.0,58387711142.98575,1.0,69.37393181739162,100.0,250.0,1.0,0.0,0.0,6.856652021408081
True,ORO,1.0,3,1.4,ORO_k1.00_s03.csv,1139004.4342786,0.0,97392944993.92215,1.0,19.19686249786109,100.0,250.0,1.0,0.0,0.043614174083545725,6.919675827026367
True,ORO,1.0,3,1.55,ORO_k1.00_s03.csv,1139004.4342786,0.0,149543397866.95212,1.0,24.837412172562285,100.0,250.0,1.0,0.0,0.0,6.892436981201172
True,ORO,1.0,3,1.7,ORO_k1.00_s03.csv,1139004.4342786,0.0,215331324345.94757,1.0,21.048881144629934,100.0,250.0,1.0,0.0,0.0,6.241350173950195
True,ORO,1.0,3,1.8,ORO_k1.00_s03.csv,1139004.4342786,0.0,267518075879.6402,1.0,21.048881144629934,100.0,250.0,1.0,0.0,0.0,5.943621873855591
True,ORO,1.0,4,0.95,ORO_k1.00_s04.csv,1139004.4342786,0.0,16797727800.444714,1.0,55.53143439038164,100.0,250.0,1.0,0.0,0.0,7.926464080810547
True,ORO,1.0,4,1.1,ORO_k1.00_s04.csv,1139004.4342786,0.0,35624374282.60451,1.0,20.569122876844958,100.0,250.0,1.0,0.0,0.0790106642736762,7.280896902084351
True,ORO,1.0,4,1.25,ORO_k1.00_s04.csv,1139004.4342786,0.0,65486489838.12435,1.0,82.41163379795806,100.0,250.0,1.0,0.0,0.00993291249803363,6.4029669761657715
True,ORO,1.0,4,1.4,ORO_k1.00_s04.csv,1139004.4342786,0.0,107859006646.38742,1.0,73.78788404002145,100.0,250.0,1.0,0.0,0.010614175619415883,6.1155641078948975
True,ORO,1.0,4,1.55,ORO_k1.00_s04.csv,1139004.4342786,0.0,164160225299.24652,1.0,68.89059601739079,100.0,250.0,1.0,0.0,0.025208895547730523,6.346256256103516
True,ORO,1.0,4,1.7,ORO_k1.00_s04.csv,1139004.4342786,0.0,234739441794.07336,1.0,8.023088349224707,100.0,250.0,1.0,0.0,0.029108652584464823,5.686885833740234
True,ORO,1.0,4,1.8,ORO_k1.00_s04.csv,1139004.4342786,0.0,290213272478.5328,1.0,62.22553694489679,100.0,250.0,1.0,0.0,0.00611276727092834,5.606771230697632
True,ORO,1.15,1,0.95,ORO_k1.15_s01.csv,1375328.5919225048,11655.35180238348,11236307487.567266,1.0,59.67090998423892,100.0,250.0,1.0,0.0,0.10700969809606853,9.105073928833008
True,ORO,1.15,1,1.1,ORO_k1.15_s01.csv,1375328.5919225048,11655.35180238348,26398407817.505997,1.0,16.344145674865707,100.0,250.0,1.0,0.0,0.05583996496534869,8.47446084022522
True,ORO,1.15,1,1.25,ORO_k1.15_s01.csv,1375328.5919225048,11655.35180238348,51804905326.27911,1.0,17.24065344409003,100.0,250.0,1.0,0.0,0.01972778155225867,6.882202863693237
True,ORO,1.15,1,1.4,ORO_k1.15_s01.csv,1375328.5919225048,11655.35180238348,88604508204.84924,1.0,26.349864703731512,100.0,250.0,1.0,0.0,0.04109616025548851,6.913429021835327
True,ORO,1.15,1,1.55,ORO_k1.15_s01.csv,1375328.5919225048,11655.35180238348,138211949502.38046,1.0,26.349864703731512,100.0,250.0,1.0,0.0,0.040107786404838724,5.965955972671509
True,ORO,1.15,1,1.7,ORO_k1.15_s01.csv,1375328.5919225048,11655.35180238348,200969103783.40656,1.0,26.349864703731512,100.0,250.0,1.0,0.0,0.0,5.892837762832642
True,ORO,1.15,1,1.8,ORO_k1.15_s01.csv,1375328.5919225048,11655.35180238348,250832898821.37827,1.0,26.349864703731512,100.0,250.0,1.0,0.0,0.0,5.946125030517578
True,ORO,1.15,2,0.95,ORO_k1.15_s02.csv,1336827.2514550944,0.0,10633550599.610723,1.0,60.60015642380407,100.0,250.0,1.0,0.0,0.03949889038916396,10.063868999481201
True,ORO,1.15,2,1.1,ORO_k1.15_s02.csv,1336827.2514550944,0.0,25448463002.394806,1.0,1.0186573751399948,100.0,250.0,1.0,0.0,0.039787889371583264,8.07542896270752
True,ORO,1.15,2,1.25,ORO_k1.15_s02.csv,1336827.2514550944,0.0,50659627402.571724,1.0,70.31451330735655,100.0,250.0,1.0,0.0,0.04595552861549617,7.405969858169556
True,ORO,1.15,2,1.4,ORO_k1.15_s02.csv,1336827.2514550944,0.0,87556057392.0707,1.0,5.428777428618517,100.0,250.0,1.0,0.0,0.0,6.853135108947754
True,ORO,1.15,2,1.55,ORO_k1.15_s02.csv,1336827.2514550944,0.0,137466216883.43054,1.0,37.44011319530466,100.0,250.0,1.0,0.0,0.0,6.76065993309021
True,ORO,1.15,2,1.7,ORO_k1.15_s02.csv,1336827.2514550944,0.0,200654284434.41913,1.0,76.40586146864912,100.0,250.0,1.0,0.0,0.0,6.028918743133545
True,ORO,1.15,2,1.8,ORO_k1.15_s02.csv,1336827.2514550944,0.0,250833800585.58456,1.0,76.40586146864912,100.0,250.0,1.0,0.0,0.0,5.537099123001099
True,ORO,1.15,3,0.95,ORO_k1.15_s03.csv,1265992.6425511343,0.0,15683816877.856792,1.0,92.92249337449121,100.0,250.0,1.0,0.0,0.10336994860828508,6.714817762374878
True,ORO,1.15,3,1.1,ORO_k1.15_s03.csv,1265992.6425511343,0.0,33104639515.321526,1.0,91.96161614389642,100.0,250.0,1.0,0.0,0.0,7.095242977142334
True,ORO,1.15,3,1.25,ORO_k1.15_s03.csv,1265992.6425511343,0.0,61348434466.751945,1.0,69.37393181739162,100.0,250.0,1.0,0.0,0.0,6.715206861495972
True,ORO,1.15,3,1.4,ORO_k1.15_s03.csv,1265992.6425511343,0.0,101539959450.6041,1.0,17.77848189100377,100.0,250.0,1.0,0.0,0.03214048103522771,7.078810930252075
True,ORO,1.15,3,1.55,ORO_k1.15_s03.csv,1265992.6425511343,0.0,155115126156.16193,1.0,24.837412172562285,100.0,250.0,1.0,0.0,0.0,6.902707815170288
True,ORO,1.15,3,1.7,ORO_k1.15_s03.csv,1265992.6425511343,0.0,222548315926.89407,1.0,21.048881144629934,100.0,250.0,1.0,0.0,0.0,6.354521036148071
True,ORO,1.15,3,1.8,ORO_k1.15_s03.csv,1265992.6425511343,0.0,275713691518.16125,1.0,21.048881144629934,100.0,250.0,1.0,0.0,0.0,5.776892900466919
True,ORO,1.15,4,0.95,ORO_k1.15_s04.csv,1265992.6425511343,0.0,17971153861.390926,1.0,28.360553370381293,100.0,250.0,1.0,0.0,0.1299507532443874,7.739032745361328
True,ORO,1.15,4,1.1,ORO_k1.15_s04.csv,1265992.6425511343,0.0,37659786137.896194,1.0,65.32162520920417,100.0,250.0,1.0,0.0,0.06214122752822157,7.203344821929932
True,ORO,1.15,4,1.25,ORO_k1.15_s04.csv,1265992.6425511343,0.0,68684672884.7343,1.0,73.78788404002145,100.0,250.0,1.0,0.0,0.010614175619415883,6.421648979187012
True,ORO,1.15,4,1.4,ORO_k1.15_s04.csv,1265992.6425511343,0.0,112319608357.73595,1.0,73.78788404002145,100.0,250.0,1.0,0.0,0.010614175619415883,5.578876972198486
True,ORO,1.15,4,1.55,ORO_k1.15_s04.csv,1265992.6425511343,0.0,170089961356.41583,1.0,68.89059601739079,100.0,250.0,1.0,0.0,0.025208895547730523,6.395241022109985
True,ORO,1.15,4,1.7,ORO_k1.15_s04.csv,1265992.6425511343,0.0,242129207809.31348,1.0,8.023088349224707,100.0,250.0,1.0,0.0,0.029108652584464823,5.521454095840454
True,ORO,1.15,4,1.8,ORO_k1.15_s04.csv,1265992.6425511343,0.0,298595033714.82465,1.0,62.22553694489679,100.0,250.0,1.0,0.0,0.00611276727092834,5.37792706489563
True,ORO,1.3,1,0.95,ORO_k1.30_s01.csv,1516578.0109826091,83363.61844798797,12023480729.599234,1.0,13.475966888413481,100.0,250.0,1.0,0.0,0.031162639158730437,9.455416917800903
True,ORO,1.3,1,1.1,ORO_k1.30_s01.csv,1516578.0109826091,83363.61844798797,27959532499.76243,1.0,59.67090998423892,100.0,250.0,1.0,0.0,0.0,7.783468961715698
True,ORO,1.3,1,1.25,ORO_k1.30_s01.csv,1516578.0109826091,83363.61844798797,54462886674.10138,1.0,58.2361175226102,100.0,250.0,1.0,0.0,0.0,6.563841104507446
True,ORO,1.3,1,1.4,ORO_k1.30_s01.csv,1516578.0109826091,83363.61844798797,92392042942.91867,1.0,26.349864703731512,100.0,250.0,1.0,0.0,0.04109616025548851,6.968655109405518
True,ORO,1.3,1,1.55,ORO_k1.30_s01.csv,1516578.0109826091,83363.61844798797,143272145471.06195,1.0,26.349864703731512,100.0,250.0,1.0,0.0,0.031496912703511085,6.0115461349487305
True,ORO,1.3,1,1.7,ORO_k1.30_s01.csv,1516578.0109826091,83363.61844798797,207398625333.89136,1.0,26.349864703731512,100.0,250.0,1.0,0.0,0.0,5.633200168609619
True,ORO,1.3,1,1.8,ORO_k1.30_s01.csv,1516578.0109826091,83363.61844798797,258346629934.16522,1.0,26.349864703731512,100.0,250.0,1.0,0.0,0.0,5.175063133239746
True,ORO,1.3,2,0.95,ORO_k1.30_s02.csv,1473054.756541189,23788.232139494,11396868754.225077,1.0,38.79905832287248,100.0,250.0,1.0,0.0,0.12379856013149822,9.7877779006958
True,ORO,1.3,2,1.1,ORO_k1.30_s02.csv,1473054.756541189,23788.232139494,26959083077.075554,1.0,1.0186573751399948,100.0,250.0,1.0,0.0,0.039787889371583264,7.946508169174194
True,ORO,1.3,2,1.25,ORO_k1.30_s02.csv,1473054.756541189,23788.232139494,53303860611.11924,1.0,70.31451330735655,100.0,250.0,1.0,0.0,0.04595552861549617,6.876718044281006
True,ORO,1.3,2,1.4,ORO_k1.30_s02.csv,1473054.756541189,23788.232139494,91363830247.30988,1.0,28.69143472576146,100.0,250.0,1.0,0.0,0.0,6.516455888748169
True,ORO,1.3,2,1.55,ORO_k1.30_s02.csv,1473054.756541189,23788.232139494,142563068657.50275,1.0,37.44011319530466,100.0,250.0,1.0,0.0,0.0,6.551692008972168
True,ORO,1.3,2,1.7,ORO_k1.30_s02.csv,1473054.756541189,23788.232139494,207121014677.3562,1.0,51.056630471827404,100.0,250.0,1.0,0.0,0.0,6.104681968688965
True,ORO,1.3,2,1.8,ORO_k1.30_s02.csv,1473054.756541189,23788.232139494,258409081159.34857,1.0,76.40586146864912,100.0,250.0,1.0,0.0,0.0,5.519166946411133
True,ORO,1.3,3,0.95,ORO_k1.30_s03.csv,1392980.850823669,9300.171888023975,16748284584.600828,1.0,87.53013616476855,100.0,250.0,1.0,0.0,0.12630867370596877,7.099046945571899
True,ORO,1.3,3,1.1,ORO_k1.30_s03.csv,1392980.850823669,9300.171888023975,35065694180.44301,1.0,98.08125839624907,100.0,250.0,1.0,0.0,0.08527782346483992,7.753709077835083
True,ORO,1.3,3,1.25,ORO_k1.30_s03.csv,1392980.850823669,9300.171888023975,64447033167.007935,1.0,69.37393181739162,100.0,250.0,1.0,0.0,0.0,6.811221122741699
True,ORO,1.3,3,1.4,ORO_k1.30_s03.csv,1392980.850823669,9300.171888023975,105887345278.31831,1.0,46.0459323441197,100.0,250.0,1.0,0.0,0.0,6.850614070892334
True,ORO,1.3,3,1.55,ORO_k1.30_s03.csv,1392980.850823669,9300.171888023975,160978941958.31796,1.0,43.66000860011172,100.0,250.0,1.0,0.0,0.0,6.659167051315308
True,ORO,1.3,3,1.7,ORO_k1.30_s03.csv,1392980.850823669,9300.171888023975,229949403692.52676,1.0,21.048881144629934,100.0,250.0,1.0,0.0,0.0,6.060962200164795
True,ORO,1.3,3,1.8,ORO_k1.30_s03.csv,1392980.850823669,9300.171888023975,284128409919.616,1.0,21.048881144629934,100.0,250.0,1.0,0.0,0.0,5.428720951080322
True,ORO,1.3,4,0.95,ORO_k1.30_s04.csv,1392980.850823669,9300.171888023975,19188967870.487965,1.0,46.91761267794614,100.0,250.0,1.0,0.0,0.03146147562495498,7.668072938919067
True,ORO,1.3,4,1.1,ORO_k1.30_s04.csv,1392980.850823669,9300.171888023975,39819743829.55971,1.0,83.07019043808342,100.0,250.0,1.0,0.0,0.06110316421625233,7.72142219543457
True,ORO,1.3,4,1.25,ORO_k1.30_s04.csv,1392980.850823669,9300.171888023975,72019153449.56876,1.0,73.78788404002145,100.0,250.0,1.0,0.0,0.010614175619415883,6.410072088241577
True,ORO,1.3,4,1.4,ORO_k1.30_s04.csv,1392980.850823669,9300.171888023975,116977415442.49788,1.0,73.78788404002145,100.0,250.0,1.0,0.0,0.010614175619415883,5.677368879318237
True,ORO,1.3,4,1.55,ORO_k1.30_s04.csv,1392980.850823669,9300.171888023975,176205436227.02234,1.0,68.89059601739079,100.0,250.0,1.0,0.0,0.025208895547730523,6.222193717956543
True,ORO,1.3,4,1.7,ORO_k1.30_s04.csv,1392980.850823669,9300.171888023975,249705188079.47873,1.0,8.023088349224707,100.0,250.0,1.0,0.0,0.029108652584464823,5.442812919616699
True,ORO,1.3,4,1.8,ORO_k1.30_s04.csv,1392980.850823669,9300.171888023975,307214183583.9777,1.0,62.22553694489679,100.0,250.0,1.0,0.0,0.00611276727092834,5.299576044082642
True,ORO,1.45,1,0.95,ORO_k1.45_s01.csv,1696993.2557700286,835564.913881432,11361518694.958345,1.0062531062127356,97.406264126703,119.98091036378521,250.35986878569318,0.8471713173260338,0.32376079402178615,0.062302871190848,18.704235076904297
True,ORO,1.45,1,1.1,ORO_k1.45_s01.csv,1696993.2557700286,835564.913881432,29547322387.88132,1.0066426156858492,92.19833952439606,126.06167167461527,272.5209051348128,0.913510701520425,0.48588008717533593,0.10183254086893871,14.443980932235718
True,ORO,1.45,1,1.25,ORO_k1.45_s01.csv,1696993.2557700286,835564.913881432,59832462498.577675,1.009322905812276,75.04693950468629,116.47995011525542,281.18426207228043,0.9426293125636843,0.6160984521109493,0.10089116364995127,15.33081316947937
True,ORO,1.45,1,1.4,ORO_k1.45_s01.csv,1696993.2557700286,835564.913881432,104017063721.81454,1.028266151526197,11.44652079716068,128.41653562109795,256.2795652245844,0.9610628691823137,0.6993654469188311,0.06896278091554578,10.573155164718628
True,ORO,1.45,1,1.55,ORO_k1.45_s01.csv,1696993.2557700286,835564.913881432,162967273489.24768,1.0,63.78509399058292,100.0,250.0,1.0,0.0,0.03433672504055785,7.138359069824219
True,ORO,1.45,1,1.7,ORO_k1.45_s01.csv,1696993.2557700286,835564.913881432,236568318187.1305,1.0,6.830444650008602,100.0,250.0,1.0,0.0,0.0,6.783519983291626
True,ORO,1.45,1,1.8,ORO_k1.45_s01.csv,1696993.2557700286,835564.913881432,295068591294.2626,1.0,26.972010609762382,100.0,250.0,1.0,0.0,0.022427798434809437,6.696916103363037
True,ORO,1.45,2,0.95,ORO_k1.45_s02.csv,1855188.4193371334,1188962.160011539,9285214460.648914,1.0057072059398773,35.33244807815276,135.90552547412003,252.31742714693755,0.7847124382117973,0.2903609654856435,0.07674577478123568,21.55127501487732
True,ORO,1.45,2,1.1,ORO_k1.45_s02.csv,1855188.4193371334,1188962.160011539,25404280325.392586,1.0005018494341231,1.9745469097466426,105.36717616164351,253.3884615700814,0.7285689915769538,0.27084582912397753,0.12272833496039043,23.49145007133484
True,ORO,1.45,2,1.25,ORO_k1.45_s02.csv,1855188.4193371334,1188962.160011539,51922823599.81317,1.0,90.52158795519642,122.57819738009584,250.27133425388726,0.7630218673762376,0.2777773875536645,0.12905480241288084,18.705260038375854
True,ORO,1.45,2,1.4,ORO_k1.45_s02.csv,1855188.4193371334,1188962.160011539,90956065482.66794,1.0,55.793056427606935,100.0,250.00898877230458,0.7299010148238886,0.29432761969449417,0.09242494056398466,16.10342311859131
True,ORO,1.45,2,1.55,ORO_k1.45_s02.csv,1855188.4193371334,1188962.160011539,144079548151.5808,1.0,31.862071426606132,100.00029904822985,250.0,0.7305010426048638,0.29448527611690806,0.0,15.146286249160767
True,ORO,1.45,2,1.7,ORO_k1.45_s02.csv,1855188.4193371334,1188962.160011539,211982704956.3913,1.0,72.74281585085953,100.02870988402395,250.0,0.7312639873561947,0.2947459714386388,0.056127300511032076,14.74295687675476
True,ORO,1.45,2,1.8,ORO_k1.45_s02.csv,1855188.4193371334,1188962.160011539,266340348406.3632,1.0,79.08082653423489,100.00133818331227,250.0,0.7463940964808171,0.31547378786672564,0.0,13.179667949676514
True,ORO,1.45,3,0.95,ORO_k1.45_s03.csv,1696993.2557700286,575666.6646762555,13546478430.787868,1.0072097870923482,39.2867041709879,122.64034900207585,258.99544525733563,0.9221844339027978,0.5280055369229445,0.13964397308657822,15.908978939056396
True,ORO,1.45,3,1.1,ORO_k1.45_s03.csv,1696993.2557700286,575666.6646762555,32479600183.779663,1.0,83.92625896628294,100.0,250.0,0.930307686381074,0.6266959535628034,0.07613485088168319,17.913841009140015
True,ORO,1.45,3,1.25,ORO_k1.45_s03.csv,1696993.2557700286,575666.6646762555,63621290438.11402,1.0,35.4072353448824,123.29700977606745,261.34356532752685,0.941936112712586,0.6260300854523824,0.04129986079789663,11.433647871017456
True,ORO,1.45,3,1.4,ORO_k1.45_s03.csv,1696993.2557700286,575666.6646762555,107874380909.39188,1.0,76.11766932771219,135.77022631807586,251.46495420845136,0.9471797273406712,0.626870965280075,0.01174804313861337,11.120944023132324
True,ORO,1.45,3,1.55,ORO_k1.45_s03.csv,1696993.2557700286,575666.6646762555,168270237746.04736,1.0,75.74833079980465,100.0,250.0,1.0,0.0,0.0,7.06623101234436
True,ORO,1.45,3,1.7,ORO_k1.45_s03.csv,1696993.2557700286,575666.6646762555,243405023055.12448,1.0,75.79545874193983,114.48194860480461,325.0447343964656,1.0,0.6398788806782743,0.02836094064976103,7.167082786560059
True,ORO,1.45,3,1.8,ORO_k1.45_s03.csv,1696993.2557700286,575666.6646762555,302945807355.0475,1.0,49.383915738245356,100.0,250.0,1.0,0.0,0.0,6.907034158706665
True,ORO,1.45,4,0.95,ORO_k1.45_s04.csv,1855188.4193371334,834699.90357312,10744198139.406614,1.0,35.43993390656952,118.99101208242163,251.49765014977672,0.8078790694268717,0.33047003863269175,0.09433788772272284,20.234359979629517
True,ORO,1.45,4,1.1,ORO_k1.45_s04.csv,1855188.4193371334,834699.90357312,27146373389.466858,1.0,35.14159580117068,135.00000000421204,256.3549900454942,0.8303777769639186,0.33228567369659573,0.046659200000128645,16.472043752670288
True,ORO,1.45,4,1.25,ORO_k1.45_s04.csv,1855188.4193371334,834699.90357312,53692626726.49838,1.0,57.11791414197577,111.36587347803949,250.0,0.8038733855704479,0.34252240164733233,0.024881389789385727,17.80197811126709
True,ORO,1.45,4,1.4,ORO_k1.45_s04.csv,1855188.4193371334,834699.90357312,93065529258.17606,1.0,38.078401170405144,100.0,250.59800707494054,0.7932126663737723,0.34935822607414024,0.0,14.364398956298828
True,ORO,1.45,4,1.55,ORO_k1.45_s04.csv,1855188.4193371334,834699.90357312,146547983585.0856,1.0,5.37042537287558,100.00047469105995,250.0,0.797228958018533,0.35505263004054377,0.0,17.676487922668457
True,ORO,1.45,4,1.7,ORO_k1.45_s04.csv,1855188.4193371334,834699.90357312,217916309734.90973,1.0,76.38638208982415,122.22710271526591,262.05283083864856,0.8557312716748676,0.4057457284042959,0.03969442844648208,7.791424751281738
True,ORO,1.45,4,1.8,ORO_k1.45_s04.csv,1855188.4193371334,834699.90357312,276244834312.7229,1.0,73.9729390742202,100.0,250.0,1.0,0.0,0.0,6.950991868972778
True,ORO,1.6,1,0.95,ORO_k1.60_s01.csv,2198037.082586018,1130177.753175424,16326266233.137558,1.0193381222520195,58.72143999169608,139.1963432766374,252.07818553665714,0.883627915602966,0.45866911541035454,0.04205945393207984,14.557119131088257
True,ORO,1.6,1,1.1,ORO_k1.60_s01.csv,2198037.082586018,1130177.753175424,36209099428.64578,1.0046789263414484,25.289539069230326,153.2215616917899,258.004211096003,0.9178643462086831,0.46684883650855374,0.04639485699338078,14.77538800239563
True,ORO,1.6,1,1.25,ORO_k1.60_s01.csv,2198037.082586018,1130177.753175424,66456830847.0709,1.0,58.87112672164627,100.0,250.0,1.0,0.0,0.028032409784994772,8.528244972229004
True,ORO,1.6,1,1.4,ORO_k1.60_s01.csv,2198037.082586018,1130177.753175424,110362273647.3141,1.0,0.3968153208007479,153.5453568006064,253.54133782476453,1.0,0.00336974157709024,0.092911729406541,8.453564882278442
True,ORO,1.6,1,1.55,ORO_k1.60_s01.csv,2198037.082586018,1130177.753175424,168765818518.66544,1.0,42.62788514304287,100.0,250.0,1.0,0.0,0.07653679250381917,7.649186849594116
True,ORO,1.6,1,1.7,ORO_k1.60_s01.csv,2198037.082586018,1130177.753175424,242457031977.81927,1.0,26.965185640217875,100.0,250.0,1.0,0.0,0.013438340150364422,6.942385196685791
True,ORO,1.6,1,1.8,ORO_k1.60_s01.csv,2198037.082586018,1130177.753175424,300240060290.3536,1.0,26.965185640217875,100.0,250.0,1.0,0.0,0.013438340150364422,6.176213026046753
True,ORO,1.6,2,0.95,ORO_k1.60_s02.csv,2151315.637480258,1043810.5744370101,10293989137.447006,1.008471004259944,30.51959866051255,126.97352655557218,250.26743433864178,0.7156302441401923,0.24506160766628893,0.04720316291425284,24.634958028793335
True,ORO,1.6,2,1.1,ORO_k1.60_s02.csv,2151315.637480258,1043810.5744370101,26933344279.87778,1.027719285272012,46.282594720796766,112.74916341484743,250.23683487997533,0.6584501368805111,0.21651834653969557,0.03892505588732356,21.669925689697266
True,ORO,1.6,2,1.25,ORO_k1.60_s02.csv,2151315.637480258,1043810.5744370101,52246810401.35761,1.0,70.00950854338846,100.00003566614873,250.0,0.7027136253419864,0.27786477210970134,0.05674503396062251,17.676428079605103
True,ORO,1.6,2,1.4,ORO_k1.60_s02.csv,2151315.637480258,1043810.5744370101,89168667421.16092,1.0,42.53195098155649,100.0,250.0,0.8906515614403023,0.5108995112054002,0.05315507131518663,16.467326164245605
True,ORO,1.6,2,1.55,ORO_k1.60_s02.csv,2151315.637480258,1043810.5744370101,142186322640.41458,1.0,88.82029197138164,100.0,250.0,0.896547937014496,0.5208857065782356,0.0820364510500996,14.278408288955688
True,ORO,1.6,2,1.7,ORO_k1.60_s02.csv,2151315.637480258,1043810.5744370101,210586388690.2217,1.0,57.02474082855905,108.8883149380965,252.58888332325537,0.8988740028163578,0.498397218145911,0.05222210654065276,12.105226039886475
True,ORO,1.6,2,1.8,ORO_k1.60_s02.csv,2151315.637480258,1043810.5744370101,265799196840.68893,1.0,36.95710520896307,114.20785803165619,260.8260772131494,0.9737592834116178,0.8018921450154877,0.03995878950359688,11.157888889312744
True,ORO,1.6,3,0.95,ORO_k1.60_s03.csv,2198037.082586018,735608.9909002861,14360743845.84532,1.0086428288923364,82.7179140873827,131.23643035670946,252.4060141357712,0.7807415563571373,0.277826698175958,0.07770370438256272,19.310935974121094
True,ORO,1.6,3,1.1,ORO_k1.60_s03.csv,2198037.082586018,735608.9909002861,32011340098.357082,1.0,47.9668630119508,123.13651602200609,253.7764016691857,0.9121497104644153,0.5199135098693453,0.056058468453309446,17.486315965652466
True,ORO,1.6,3,1.25,ORO_k1.60_s03.csv,2198037.082586018,735608.9909002861,63011205538.71155,1.0,66.85691927475975,100.0,250.0,0.8960426794580452,0.5204565142820038,0.029247835061630086,17.141244173049927
True,ORO,1.6,3,1.4,ORO_k1.60_s03.csv,2198037.082586018,735608.9909002861,108469635348.59344,1.0,80.75891524803605,125.60891148654687,257.0118813475402,0.9127939988873851,0.5203602535398935,0.03047545792176279,15.249711990356445
True,ORO,1.6,3,1.55,ORO_k1.60_s03.csv,2198037.082586018,735608.9909002861,168357627584.34763,1.0,60.23328344160323,116.73130491673736,253.79758062194682,0.908528016358713,0.5207574920069149,0.06012222060097721,10.525089025497437
True,ORO,1.6,3,1.7,ORO_k1.60_s03.csv,2198037.082586018,735608.9909002861,244250014619.40207,1.0,76.11766932771219,129.92202996563265,251.2241480640993,0.9174367487267324,0.5211390037216165,0.01174804313861337,9.484236717224121
True,ORO,1.6,3,1.8,ORO_k1.60_s03.csv,2198037.082586018,735608.9909002861,303813308879.60693,1.0,4.007808057107219,135.97556821974788,250.0,0.9210908802789016,0.5185337054505991,0.0,10.467036008834839
True,ORO,1.6,4,0.95,ORO_k1.60_s04.csv,1817624.832444418,456473.56074335397,19723979015.15452,1.0,15.573681177514246,114.9264487370066,250.44645897991543,0.9258003504597344,0.529770719527638,0.04744863648800107,14.267714023590088
True,ORO,1.6,4,1.1,ORO_k1.60_s04.csv,1817624.832444418,456473.56074335397,43787859991.33337,1.0,62.82047934333983,104.6431417412841,257.2028113457515,0.931570163256199,0.5698224814336578,0.03751908298705489,15.118860006332397
True,ORO,1.6,4,1.25,ORO_k1.60_s04.csv,1817624.832444418,456473.56074335397,79833263703.58508,1.0,97.96194633745685,100.0,250.0,1.0,8.97606651922107e-09,0.052670661147274235,7.321974754333496
True,ORO,1.6,4,1.4,ORO_k1.60_s04.csv,1817624.832444418,456473.56074335397,127894806356.87134,1.0,64.18003879365072,131.60742079660596,273.0161410619894,0.9899784781214362,0.8916551744045624,0.031298027072022325,10.661845207214355
True,ORO,1.6,4,1.55,ORO_k1.60_s04.csv,1817624.832444418,456473.56074335397,191402021339.9262,1.0,21.086772929527275,100.0,250.0,1.0,0.0,0.0,6.696214914321899
True,ORO,1.6,4,1.7,ORO_k1.60_s04.csv,1817624.832444418,456473.56074335397,270327754001.94577,1.0,53.89293237554402,100.0,250.0,1.0,0.0,0.013012711898463203,6.337087392807007
True,ORO,1.6,4,1.8,ORO_k1.60_s04.csv,1817624.832444418,456473.56074335397,331730166478.9206,1.0,53.89293237554402,100.0,250.0,1.0,0.0,0.013012711898463203,5.699373960494995
True,ORO,1.8,1,0.95,ORO_k1.80_s01.csv,1927146.4401615039,473356.6451520639,17130485354.402544,1.0,35.2907276593576,206.40014169352366,251.14402649038718,0.9521738355856423,0.6351628876758735,0.14931087183058292,13.061470746994019
True,ORO,1.8,1,1.1,ORO_k1.80_s01.csv,1927146.4401615039,473356.6451520639,36292210147.57979,1.0,94.72231982304488,100.0,250.0,1.0,0.0,0.06013942048908612,8.803462982177734
True,ORO,1.8,1,1.25,ORO_k1.80_s01.csv,1927146.4401615039,473356.6451520639,68250301249.7556,1.0,43.96271920711695,100.0,250.0,1.0,0.0,0.038873709550064244,8.248740196228027
True,ORO,1.8,1,1.4,ORO_k1.80_s01.csv,1927146.4401615039,473356.6451520639,113750695226.57654,1.0,12.499270988709142,100.0,250.0,1.0,0.0,0.002874538612673755,7.412092208862305
True,ORO,1.8,1,1.55,ORO_k1.80_s01.csv,1927146.4401615039,473356.6451520639,174254417391.55035,1.0,32.78526439157176,100.0,250.0,1.0,0.0,0.05087068191952957,6.9171271324157715
True,ORO,1.8,1,1.7,ORO_k1.80_s01.csv,1927146.4401615039,473356.6451520639,250480903921.73193,1.0,11.166963851927711,100.0,250.0,1.0,0.0,0.024790288000942864,7.142255067825317
True,ORO,1.8,1,1.8,ORO_k1.80_s01.csv,1927146.4401615039,473356.6451520639,310314119288.48706,1.0,2.190500977232915,100.0,250.0,1.0,0.0,0.038652666039100794,6.499011039733887
True,ORO,1.8,2,0.95,ORO_k1.80_s02.csv,1970393.508306244,1298874.059285812,18733347190.81258,1.0,46.842732816145116,106.7686294432008,251.11970756092765,0.848268915367352,0.36704481462257255,0.12144886943964397,16.158304929733276
True,ORO,1.8,2,1.1,ORO_k1.80_s02.csv,1970393.508306244,1298874.059285812,41620192870.43731,1.0,24.524607955566058,100.00132176280145,250.0,0.8419499049749348,0.36797252366894345,0.0,19.457860946655273
True,ORO,1.8,2,1.25,ORO_k1.80_s02.csv,1970393.508306244,1298874.059285812,76828564266.30022,1.0,87.63645646826141,100.0006656960973,250.0,0.8424550600582223,0.3684620386628307,0.06674281317340465,17.519512176513672
True,ORO,1.8,2,1.4,ORO_k1.80_s02.csv,1970393.508306244,1298874.059285812,126399170800.46953,1.0,42.47363247366063,100.00024863205886,250.0,0.844379415055227,0.3712731011616084,0.0,16.2082040309906
True,ORO,1.8,2,1.55,ORO_k1.80_s02.csv,1970393.508306244,1298874.059285812,191363654313.7463,1.0,66.17413412490339,100.00607975320246,250.0,0.8513709164391596,0.3834688383635832,0.04038152778742267,14.392168045043945
True,ORO,1.8,2,1.7,ORO_k1.80_s02.csv,1970393.508306244,1298874.059285812,272722285652.33212,1.0,0.10032647142594915,100.01407711739537,250.0,0.8514866901178489,0.3839868999093755,0.0,14.16503095626831
True,ORO,1.8,2,1.8,ORO_k1.80_s02.csv,1970393.508306244,1298874.059285812,336566406027.3451,1.0,0.041404809259770865,100.0162897398712,250.0,0.8522742791360152,0.38429679941372785,0.0,13.527315378189087
True,ORO,1.8,3,0.95,ORO_k1.80_s03.csv,1970393.508306244,1516875.2992182719,16602945955.704716,1.0444106213427975,80.81829940787638,107.34849124413404,250.20934233003095,0.8492548626987124,0.35665078708980175,0.047641507416658915,17.549352884292603
True,ORO,1.8,3,1.1,ORO_k1.80_s03.csv,1970393.508306244,1516875.2992182719,37878315924.67027,1.0,59.49837131455975,113.00767761740052,251.94307088890105,0.8986782267010025,0.4562353876206197,0.06292184943513929,16.683038234710693
True,ORO,1.8,3,1.25,ORO_k1.80_s03.csv,1970393.508306244,1516875.2992182719,70990737372.15967,1.0,64.97684852124762,100.0,250.0,0.908689251348024,0.5484026479609647,0.0,17.90500783920288
True,ORO,1.8,3,1.4,ORO_k1.80_s03.csv,1970393.508306244,1516875.2992182719,117264310112.01578,1.0,93.21579212960125,100.0028122815464,250.0,0.9115813336308402,0.5479630432165982,0.0,15.632224798202515
True,ORO,1.8,3,1.55,ORO_k1.80_s03.csv,1970393.508306244,1516875.2992182719,177793630641.37915,1.0,88.17402088558964,100.0108277542352,250.0,0.9122102780839159,0.5496171573466809,0.0,11.973977088928223
True,ORO,1.8,3,1.7,ORO_k1.80_s03.csv,1970393.508306244,1516875.2992182719,255365010143.29605,1.001398848051605,74.79055110362738,178.95001307603394,269.8253681258212,0.9822641663042206,0.7935051582900207,0.020503871935666218,7.156742095947266
True,ORO,1.8,3,1.8,ORO_k1.80_s03.csv,1970393.508306244,1516875.2992182719,314311690552.1287,1.001398241089942,74.79055110362738,178.9164376154575,269.81693689366006,0.9822718618947096,0.7931676741059408,0.020503871935666218,7.4058990478515625
True,ORO,1.8,4,0.95,ORO_k1.80_s04.csv,2232409.256628904,1072803.833310832,21520239000.232147,1.0,100.0,100.0,250.0,0.6334732988841983,0.2228127361541249,0.12596909798928874,22.327203035354614
True,ORO,1.8,4,1.1,ORO_k1.80_s04.csv,2232409.256628904,1072803.833310832,43734000292.57688,1.0,99.71694352483804,100.09136963697823,250.0,0.6346087648026372,0.22314556784491066,0.09633932485368726,17.999489068984985
True,ORO,1.8,4,1.25,ORO_k1.80_s04.csv,2232409.256628904,1072803.833310832,77639036832.64987,1.0,38.708099166828234,103.79120804659988,250.0,0.6440793648525518,0.2230519105169724,0.0,15.626781225204468
True,ORO,1.8,4,1.4,ORO_k1.80_s04.csv,2232409.256628904,1072803.833310832,125087102539.24103,1.0,81.2326469531713,100.00000585321132,250.0,0.6353257561351299,0.22295209982941275,0.0,15.046906232833862
True,ORO,1.8,4,1.55,ORO_k1.80_s04.csv,2232409.256628904,1072803.833310832,186718306882.62973,1.0,74.57054671356195,100.0,250.0,0.6654173967836791,0.2476234661991516,0.03834129477885968,13.593232870101929
True,ORO,1.8,4,1.7,ORO_k1.80_s04.csv,2232409.256628904,1072803.833310832,263551903334.86072,1.0,34.972729529683804,100.0000138484741,250.0,0.6658872392377069,0.24758223913892172,0.001723686205473779,12.164329051971436
True,ORO,1.8,4,1.8,ORO_k1.80_s04.csv,2232409.256628904,1072803.833310832,323766434142.3798,1.0,71.32305326598006,103.12023468788178,250.0,0.6731979233564857,0.2476057020353627,0.0,10.430824041366577
True,ORO,2.0,1,0.95,ORO_k2.00_s01.csv,2674442.25845043,2503573.5853845095,27175247639.690186,1.0,30.43071454500119,107.3099959440112,253.30609331911282,0.6954234046591647,0.2597105841532268,0.11757899488052632,19.936098098754883
True,ORO,2.0,1,1.1,ORO_k2.00_s01.csv,2674442.25845043,2503573.5853845095,52052606197.26577,1.0,51.118586771960004,154.57465560739914,263.40607917680364,0.9250469251585434,0.52889534703081,0.1034174097080062,15.505113124847412
True,ORO,2.0,1,1.25,ORO_k2.00_s01.csv,2674442.25845043,2503573.5853845095,89881309002.73856,1.006301118555937,33.801160160927495,171.39778607606834,262.4933820560738,0.962664409987226,0.6986409108770347,0.07385362453039729,10.24337887763977
True,ORO,2.0,1,1.4,ORO_k2.00_s01.csv,2674442.25845043,2503573.5853845095,141213214486.54153,1.0,38.06722553931361,136.38166155346036,250.57610470071995,0.9538531252419353,0.732892029589349,0.06256616070736819,8.41935396194458
True,ORO,2.0,1,1.55,ORO_k2.00_s01.csv,2674442.25845043,2503573.5853845095,208074197629.16885,1.017526226666155,71.20678130474617,147.9801114914352,255.55723496539636,0.973933462056542,0.8135504512934043,0.05780305504111582,8.650644063949585
True,ORO,2.0,1,1.7,ORO_k2.00_s01.csv,2674442.25845043,2503573.5853845095,289682528267.6409,1.0,48.80016481311513,100.0,250.0,1.0,0.0,0.0030679194008338684,6.945261001586914
True,ORO,2.0,1,1.8,ORO_k2.00_s01.csv,2674442.25845043,2503573.5853845095,352607753298.7534,1.0,21.693823679072533,137.5530805141676,256.7496581836585,0.9999999810307251,0.38258930751056835,0.028186403608914876,6.627224922180176
True,ORO,2.0,2,0.95,ORO_k2.00_s02.csv,1904609.3531294302,1885353.95727845,18170561223.128334,1.0033233457417599,79.61292053808384,125.31530641873857,254.09974298212578,0.8812520975102336,0.3894782820799874,0.11984301917963561,15.178443193435669
True,ORO,2.0,2,1.1,ORO_k2.00_s02.csv,1904609.3531294302,1885353.95727845,42051712181.31545,1.0,33.47370438046009,111.39759800739388,253.23798384839225,0.8753384700008864,0.4097868227687977,0.0920745941252559,15.42112684249878
True,ORO,2.0,2,1.25,ORO_k2.00_s02.csv,1904609.3531294302,1885353.95727845,79770748362.51573,1.0,0.2909259118286869,107.3365577057688,251.2756559117903,0.8821231900746861,0.45780893584967347,0.032362893715660895,15.002138137817383
True,ORO,2.0,2,1.4,ORO_k2.00_s02.csv,1904609.3531294302,1885353.95727845,132164654470.49869,1.0,43.428309798252855,129.00000009723414,250.0,0.8983371612758164,0.4511667804753659,0.011467355495980061,16.497113943099976
True,ORO,2.0,2,1.55,ORO_k2.00_s02.csv,1904609.3531294302,1885353.95727845,200276565677.64603,1.0,20.674149339186208,100.0,250.0,0.8764565596091537,0.4583410222494874,0.0,14.919126749038696
True,ORO,2.0,2,1.7,ORO_k2.00_s02.csv,1904609.3531294302,1885353.95727845,284571020795.0974,1.0,50.373238178134706,100.0,250.0,0.8763581083813514,0.45742664148950707,0.02674781175782917,13.808636903762817
True,ORO,2.0,2,1.8,ORO_k2.00_s02.csv,1904609.3531294302,1885353.95727845,349924447284.83466,1.0,66.95062012091697,125.3356881451608,250.0,0.8987185644985605,0.4623291000769543,0.0,11.243291139602661
True,ORO,2.0,3,0.95,ORO_k2.00_s03.csv,2175741.96659643,1434018.33001651,25405750109.79122,1.0,72.97602813042003,110.74586772557755,252.22482710725902,0.7885749778527663,0.282075715112539,0.12503017087431792,17.69769287109375
True,ORO,2.0,3,1.1,ORO_k2.00_s03.csv,2175741.96659643,1434018.33001651,50755496837.91693,1.0,19.401903328481335,100.1140611836806,250.0,0.7893390328153977,0.3087756023950347,0.07728727424740292,14.953403949737549
True,ORO,2.0,3,1.25,ORO_k2.00_s03.csv,2175741.96659643,1434018.33001651,89238540008.17915,1.0,82.51151582473172,100.1932383516303,250.0,0.7905265995895281,0.30965504036105457,0.0,15.851510047912598
True,ORO,2.0,3,1.4,ORO_k2.00_s03.csv,2175741.96659643,1434018.33001651,141956966123.7079,1.0,86.65475387926587,100.01670684947825,250.0,0.7919193516048605,0.3110258425928783,0.06691168419268184,18.116622924804688
True,ORO,2.0,3,1.55,ORO_k2.00_s03.csv,2175741.96659643,1434018.33001651,209432309204.97745,1.0,51.03896956532745,100.0,250.0,0.8292258430058826,0.3602685033791818,0.02580749349642779,14.375321865081787
True,ORO,2.0,3,1.7,ORO_k2.00_s03.csv,2175741.96659643,1434018.33001651,292707071576.8703,1.0,20.985379488920387,115.76087366815828,252.766125389886,0.8607927342740672,0.3821668223832454,0.0,15.557513952255249
True,ORO,2.0,3,1.8,ORO_k2.00_s03.csv,2175741.96659643,1434018.33001651,356865620654.5803,1.0,59.069781199851,106.27968170611382,250.0,0.8649645865137675,0.40458814351599,0.0,13.979717016220093
True,ORO,2.0,4,0.95,ORO_k2.00_s04.csv,2674442.25845043,2595332.98559883,11001060616.561518,1.0024858610597087,26.78459632630861,103.71239184428161,250.39562020056877,0.7051889668904816,0.24960039836372777,0.05055317918776974,25.552101850509644
True,ORO,2.0,4,1.1,ORO_k2.00_s04.csv,2674442.25845043,2595332.98559883,26680507170.619987,1.011545609259214,86.47241261683345,102.16599321220093,254.62388803843226,0.719526042451651,0.26014232046767477,0.1459195242720143,22.007435083389282
True,ORO,2.0,4,1.25,ORO_k2.00_s04.csv,2674442.25845043,2595332.98559883,50096900298.139984,1.0,50.57354700962855,100.12903271364465,250.0,0.7641176064772199,0.2984737837782269,0.06253173400496359,20.00852918624878
True,ORO,2.0,4,1.4,ORO_k2.00_s04.csv,2674442.25845043,2595332.98559883,84647608422.90843,1.0,29.424467936593462,118.36053122400996,250.0,0.8699053700928902,0.40416366470744713,0.0,18.41360592842102
True,ORO,2.0,4,1.55,ORO_k2.00_s04.csv,2674442.25845043,2595332.98559883,133018719242.06111,1.0,32.61327209172199,100.00056177063342,250.0,0.8898229739567498,0.45359419642572135,0.0,16.225455045700073
True,ORO,2.0,4,1.7,ORO_k2.00_s04.csv,2674442.25845043,2595332.98559883,196747329560.74957,1.0,70.299655426915,100.0,250.0,0.8958770859072738,0.4559510076047294,0.015373491134150874,14.687649965286255
True,ORO,2.0,4,1.8,ORO_k2.00_s04.csv,2674442.25845043,2595332.98559883,248176952378.05496,1.0,27.400452315392464,107.13538618069052,252.1577213149398,0.8997842193463852,0.45181369526417264,0.05436246290622434,9.321439027786255
True,ORO,2.2,1,0.95,ORO_k2.20_s01.csv,2638305.5222859574,2837652.0481277243,24708088556.072834,1.0,65.72256892894985,146.35482365097596,250.98277484075012,0.6369961265784968,0.1961935465853631,0.10136651672887526,27.7793128490448
True,ORO,2.2,1,1.1,ORO_k2.20_s01.csv,2638305.5222859574,2837652.0481277243,48121463062.259926,1.0,14.082150447649914,141.5420997216416,250.0,0.6567018455485566,0.21464460021602633,0.0196414171488581,24.67475414276123
True,ORO,2.2,1,1.25,ORO_k2.20_s01.csv,2638305.5222859574,2837652.0481277243,84046003339.15819,1.0,22.695192049952244,142.77207083877605,250.0,0.6811006820194336,0.22706339115648025,0.0,20.208066701889038
True,ORO,2.2,1,1.4,ORO_k2.20_s01.csv,2638305.5222859574,2837652.0481277243,133920626472.22263,1.0,37.82024499093235,141.9999963061039,250.0,0.7041556732682016,0.24485980043309805,0.0,17.63066530227661
True,ORO,2.2,1,1.55,ORO_k2.20_s01.csv,2638305.5222859574,2837652.0481277243,198579264761.76306,1.0,77.93512462816604,100.0,250.0,0.6069370572782798,0.2543470919819239,0.0,15.26390790939331
True,ORO,2.2,1,1.7,ORO_k2.20_s01.csv,2638305.5222859574,2837652.0481277243,279537219006.5639,1.0,39.100932419567016,100.0000570116483,250.0,0.6272730040700762,0.2665811226334746,0.0,13.745322942733765
True,ORO,2.2,1,1.8,ORO_k2.20_s01.csv,2638305.5222859574,2837652.0481277243,342760177380.4685,1.0,57.60435721155991,117.47196689866028,250.0,0.6749687708183045,0.2693109850281534,0.0,15.45616102218628
True,ORO,2.2,2,0.95,ORO_k2.20_s02.csv,2423498.5367915765,3537117.960291472,26585731165.507225,1.0,99.77391838809807,100.0,250.03819484775047,0.5768154214783823,0.1976905222497789,0.0762564400325358,23.671727180480957
True,ORO,2.2,2,1.1,ORO_k2.20_s02.csv,2423498.5367915765,3537117.960291472,52556664138.03932,1.0,100.0,100.0,250.0,0.5884750633821256,0.2026024973943235,0.0,22.215138912200928
True,ORO,2.2,2,1.25,ORO_k2.20_s02.csv,2423498.5367915765,3537117.960291472,91133503289.00487,1.0,43.679217713136985,100.01282197193713,250.0,0.6088510441952362,0.21362091155068016,0.0,20.324720859527588
True,ORO,2.2,2,1.4,ORO_k2.20_s02.csv,2423498.5367915765,3537117.960291472,143680651729.11047,1.0,47.0316317991649,121.29418314922371,250.0,0.6712468381509535,0.21699284088386322,0.05351231163619149,16.469758987426758
True,ORO,2.2,2,1.55,ORO_k2.20_s02.csv,2423498.5367915765,3537117.960291472,211556181226.9323,1.0,100.0,100.00000692787825,250.0,0.6280021904478061,0.22188296420977574,0.045257899587913326,14.67464303970337
True,ORO,2.2,2,1.7,ORO_k2.20_s02.csv,2423498.5367915765,3537117.960291472,295634146821.72784,1.0,0.07489113752517933,100.01264175765186,250.0,0.6402024157335146,0.22752868261977247,0.038734707038588015,15.270583868026733
True,ORO,2.2,2,1.8,ORO_k2.20_s02.csv,2423498.5367915765,3537117.960291472,360670677733.2398,1.0,70.91632592756588,124.96347435723858,250.0,0.7413438085522887,0.26369139363285105,0.017989126331885014,14.601072072982788
True,ORO,2.2,3,0.95,ORO_k2.20_s03.csv,2343277.3147902163,2748340.122951324,14670648972.619383,1.0,98.02234926266163,100.0,250.0,0.6681982101249745,0.2581633321659014,0.1311461668511245,28.70522403717041
True,ORO,2.2,3,1.1,ORO_k2.20_s03.csv,2343277.3147902163,2748340.122951324,34088881083.922886,1.0,31.569200424179378,100.0,250.0,0.681626373189609,0.2565963652863729,0.02953752528597553,22.10881280899048
True,ORO,2.2,3,1.25,ORO_k2.20_s03.csv,2343277.3147902163,2748340.122951324,66635680640.18992,1.0,79.85502947284377,101.05867198186351,259.0792034414181,0.6908497484581992,0.2570570413480448,0.09422599502781596,18.9494891166687
True,ORO,2.2,3,1.4,ORO_k2.20_s03.csv,2343277.3147902163,2748340.122951324,110968808617.44708,1.0,24.25441839269073,100.0,250.0,0.6855095335246568,0.2606712976977593,0.0015970432450307381,20.075910091400146
True,ORO,2.2,3,1.55,ORO_k2.20_s03.csv,2343277.3147902163,2748340.122951324,171226835949.29968,1.0,0.17793968838570765,100.00000002046175,250.0,0.6955325493935275,0.2751447996840874,0.04738888778162065,16.50637412071228
True,ORO,2.2,3,1.7,ORO_k2.20_s03.csv,2343277.3147902163,2748340.122951324,247409329465.42462,1.0,39.106738875394846,100.01812190752733,250.0,0.6969341239395551,0.27645601312226814,0.04249522172270497,14.227921962738037
True,ORO,2.2,3,1.8,ORO_k2.20_s03.csv,2343277.3147902163,2748340.122951324,307616967858.14716,1.0,2.542062250431165,100.0,250.0,0.6976172819367829,0.2773596004250807,0.0,14.239180088043213
True,ORO,2.2,4,0.95,ORO_k2.20_s04.csv,2423498.5367915765,1939043.110742264,27033288150.991375,1.0,99.98964672610033,100.00000064160557,250.02529006615438,0.6165691459727294,0.2076825077915341,0.0,23.295828819274902
True,ORO,2.2,4,1.1,ORO_k2.20_s04.csv,2423498.5367915765,1939043.110742264,52925785886.11435,1.0,40.11279071311973,100.00012053776858,250.0,0.6318822465145322,0.21122420293597752,0.0880238268943423,16.35907793045044
True,ORO,2.2,4,1.25,ORO_k2.20_s04.csv,2423498.5367915765,1939043.110742264,90852545736.71384,1.0,38.599597643891855,118.75432649204919,250.0,0.7266045107992135,0.2437008500508743,0.03399337424958433,16.20816683769226
True,ORO,2.2,4,1.4,ORO_k2.20_s04.csv,2423498.5367915765,1939043.110742264,141566729756.00848,1.0,87.89847101480535,100.0,250.00113969006878,0.734097655539088,0.2724028564356277,0.03209410146106842,17.448271989822388
True,ORO,2.2,4,1.55,ORO_k2.20_s04.csv,2423498.5367915765,1939043.110742264,208049236791.53137,1.0,74.57054671356195,132.87454929141165,250.0,0.8790789963883511,0.41192590839088755,0.03834129477885968,13.774466037750244
True,ORO,2.2,4,1.7,ORO_k2.20_s04.csv,2423498.5367915765,1939043.110742264,290033799535.5412,1.0,94.27062139196426,100.0,250.0,1.0,0.0,0.00527134584404809,6.864885091781616
True,ORO,2.2,4,1.8,ORO_k2.20_s04.csv,2423498.5367915765,1939043.110742264,354202963202.0106,1.0,98.37196306563582,100.0,250.0,1.0,0.0,0.0,6.152226209640503
True,ORO,2.5,1,0.95,ORO_k2.50_s01.csv,2903007.535696429,4810326.521347206,20531044100.903942,1.0,60.87807159660794,127.99158408264354,251.19897524657964,0.7602198900421141,0.30168370845636977,0.0833739913655641,22.60326099395752
True,ORO,2.5,1,1.1,ORO_k2.50_s01.csv,2903007.535696429,4810326.521347206,41630050399.33189,1.0,28.622430305086276,100.000038041386,250.0,0.8698739869319346,0.49380212893207254,0.01080721045613739,19.166258096694946
True,ORO,2.5,1,1.25,ORO_k2.50_s01.csv,2903007.535696429,4810326.521347206,75319248478.75014,1.0,19.5887763328648,102.08223807175074,250.0,0.9499602527731076,0.6931500553909334,0.0503358199293795,17.340602159500122
True,ORO,2.5,1,1.4,ORO_k2.50_s01.csv,2903007.535696429,4810326.521347206,123333470967.91295,1.0,16.909072971121205,112.67222976321082,259.6539775958088,0.9790452331565066,0.8267041080056271,0.06532034030579403,10.605197191238403
True,ORO,2.5,1,1.55,ORO_k2.50_s01.csv,2903007.535696429,4810326.521347206,186001785526.8065,1.0,56.91094987011533,101.55482587642399,252.24266049229294,0.9831666537966066,0.8668457477775503,0.03254412064010184,11.48790693283081
True,ORO,2.5,1,1.7,ORO_k2.50_s01.csv,2903007.535696429,4810326.521347206,264813408718.68658,1.0,76.01128475084285,100.0,250.0,1.0,0.0,0.01180760104553942,8.77400279045105
True,ORO,2.5,1,1.8,ORO_k2.50_s01.csv,2903007.535696429,4810326.521347206,326117769309.6466,1.0,76.01128475084285,100.0,250.0,1.0,0.0,0.01180760104553942,8.618207931518555
True,ORO,2.5,2,0.95,ORO_k2.50_s02.csv,2986850.9312124453,7002192.147309155,27552084326.72611,1.0,68.40781479076485,118.11566647551342,250.12377361293574,0.3985524976572673,0.1435789531486695,0.07796716398987187,29.61505913734436
True,ORO,2.5,2,1.1,ORO_k2.50_s02.csv,2986850.9312124453,7002192.147309155,52041135641.35785,1.0,50.640351020616876,116.49224949647673,250.0,0.4130917871673981,0.15115272261633506,0.012099322190726305,27.754875898361206
True,ORO,2.5,2,1.25,ORO_k2.50_s02.csv,2986850.9312124453,7002192.147309155,87012987815.00027,1.0,99.99890484287084,114.82427924539824,250.0,0.4269833983798849,0.15891203191651798,0.02751068803349664,26.47877788543701
True,ORO,2.5,2,1.4,ORO_k2.50_s02.csv,2986850.9312124453,7002192.147309155,134748148591.16505,1.0,48.06253457706029,118.5302639602806,250.5620300420698,0.4788433276716189,0.1735204241542709,0.040267169280185235,20.551107168197632
True,ORO,2.5,2,1.55,ORO_k2.50_s02.csv,2986850.9312124453,7002192.147309155,195247033854.9495,1.0,82.84963022767542,118.00005063493174,250.0,0.531222128579822,0.19580851829580714,0.043168147025981686,17.54662799835205
True,ORO,2.5,2,1.7,ORO_k2.50_s02.csv,2986850.9312124453,7002192.147309155,270228925151.35266,1.0,53.27579323976329,100.06924167158294,250.0,0.5321183308317735,0.21008218269717827,0.0,15.918117046356201
True,ORO,2.5,2,1.8,ORO_k2.50_s02.csv,2986850.9312124453,7002192.147309155,328623848520.11304,1.0,0.017012713321613922,100.04063754247217,250.0,0.5359201061205136,0.21128216402136812,0.0,17.127960681915283
True,ORO,2.5,3,0.95,ORO_k2.50_s03.csv,3269948.7282809457,5343008.370001131,29776302944.14624,1.0,75.47659253398987,100.0,250.0,0.38232243719753245,0.15946420875714265,0.08375659836381891,37.443390130996704
True,ORO,2.5,3,1.1,ORO_k2.50_s03.csv,3269948.7282809457,5343008.370001131,56182934728.34419,1.0,40.63078501966404,100.00000115736255,250.0,0.38705823331076045,0.1602847018493244,0.06751848209153571,32.142181158065796
True,ORO,2.5,3,1.25,ORO_k2.50_s03.csv,3269948.7282809457,5343008.370001131,94391963785.82495,1.0,99.99953532637008,122.0006471049862,250.0,0.5519140738789102,0.17866591799180126,0.07416864936955957,22.790344953536987
True,ORO,2.5,3,1.4,ORO_k2.50_s03.csv,3269948.7282809457,5343008.370001131,141287373055.45453,1.0,80.40067810260686,100.00448547745347,250.0,0.5447355126800936,0.2058466621578531,0.02419433719411912,19.787837982177734
True,ORO,2.5,3,1.55,ORO_k2.50_s03.csv,3269948.7282809457,5343008.370001131,206311935115.34625,1.0,65.01852007456907,103.58965507528465,250.0,0.5895931426375011,0.22399757918920937,0.0,19.093846082687378
True,ORO,2.5,3,1.7,ORO_k2.50_s03.csv,3269948.7282809457,5343008.370001131,289018297435.89813,1.0,63.105613143664776,127.0000011774205,250.0,0.6812147176728586,0.22336104694239936,0.005834801529808975,20.335426807403564
True,ORO,2.5,3,1.8,ORO_k2.50_s03.csv,3269948.7282809457,5343008.370001131,353029064167.59247,1.0,67.68808322998208,100.00000000202569,250.0,0.618194943667807,0.2264307357865786,0.007651282555850236,13.282305240631104
True,ORO,2.5,4,0.95,ORO_k2.50_s04.csv,2986850.9312124453,6342198.31538452,31980100006.05952,1.0,90.98967733304313,118.73060055883181,250.67585675704584,0.4451660894283135,0.1553733099917023,0.06584252373801477,29.919692993164062
True,ORO,2.5,4,1.1,ORO_k2.50_s04.csv,2986850.9312124453,6342198.31538452,58008866173.407135,1.0,87.78106790020729,117.60372928550355,250.0,0.4477929973709385,0.1579185071658971,0.0,29.90251326560974
True,ORO,2.5,4,1.25,ORO_k2.50_s04.csv,2986850.9312124453,6342198.31538452,97158454501.50085,1.0,66.34219304727311,109.13889386152935,250.0,0.4177618369983922,0.15902004684511323,0.0,28.5604190826416
True,ORO,2.5,4,1.4,ORO_k2.50_s04.csv,2986850.9312124453,6342198.31538452,150624543720.3117,1.0,29.727883504272583,107.29487348167262,250.0,0.4238058345323196,0.1640400626509325,0.0673546334052704,20.349106073379517
True,ORO,2.5,4,1.55,ORO_k2.50_s04.csv,2986850.9312124453,6342198.31538452,219135254547.15198,1.0,100.0,100.00066559890622,250.0,0.40122584694362073,0.16631288466791927,0.0,17.22853398323059
True,ORO,2.5,4,1.7,ORO_k2.50_s04.csv,2986850.9312124453,6342198.31538452,303702012973.557,1.0,61.86573013845386,110.54781106075205,250.0,0.4905281994581709,0.1816630851777385,0.0,15.521019697189331
True,ORO,2.5,4,1.8,ORO_k2.50_s04.csv,2986850.9312124453,6342198.31538452,368616790078.7183,1.0,59.191319255878824,103.94904624599249,250.0,0.5241137914955611,0.18722480285040324,0.036250391626177804,13.519206047058105
True,ORO,2.9,1,0.95,ORO_k2.90_s01.csv,3023238.4809570573,8510765.525933396,32448184339.592484,1.0,62.0812793223549,124.89922124038162,253.65909742383587,0.47560306188765805,0.1705559102813088,0.09051919891512718,27.990813970565796
True,ORO,2.9,1,1.1,ORO_k2.90_s01.csv,3023238.4809570573,8510765.525933396,57012141173.75754,1.0,27.3177679431657,117.07342849082711,251.76006063869124,0.535248689858965,0.18168540088772916,0.004098556234102338,25.62965726852417
True,ORO,2.9,1,1.25,ORO_k2.90_s01.csv,3023238.4809570573,8510765.525933396,96228270265.2564,1.0,12.960631525679254,122.85997132422597,250.0,0.5642160952383345,0.1808727631431623,0.05794022176325206,20.18032693862915
True,ORO,2.9,1,1.4,ORO_k2.90_s01.csv,3023238.4809570573,8510765.525933396,150062393959.0599,1.0,84.2681046671561,122.78049595168834,250.1222927879649,0.5645811054539022,0.1807932132122202,0.04345450688967075,19.352501153945923
True,ORO,2.9,1,1.55,ORO_k2.90_s01.csv,3023238.4809570573,8510765.525933396,219527395065.3842,1.0,13.005270565718504,123.63328586442536,250.0,0.5682937398768393,0.18100481611158745,0.016175279533161974,17.406542778015137
True,ORO,2.9,1,1.7,ORO_k2.90_s01.csv,3023238.4809570573,8510765.525933396,305333539941.19025,1.0,99.82707038931817,100.31541547793118,250.0,0.4926219133116663,0.18185363837930638,0.0,15.195493936538696
True,ORO,2.9,1,1.8,ORO_k2.90_s01.csv,3023238.4809570573,8510765.525933396,371061873210.3939,1.0,45.43698774839731,129.75220585598512,250.8410599307258,0.6334675253829055,0.21337037236006115,0.009477520623330632,15.432990074157715
True,ORO,2.9,2,0.95,ORO_k2.90_s02.csv,3320130.8189945654,7878071.805171605,38640232467.17274,1.0,100.0,115.0486672418141,250.0,0.40888783212272256,0.14247691604956084,0.09980040166112714,30.29446005821228
True,ORO,2.9,2,1.1,ORO_k2.90_s02.csv,3320130.8189945654,7878071.805171605,68047120625.590904,1.0,100.0,116.76563213927147,250.0,0.4266143800539116,0.14480864079650171,0.06298019477921737,27.856904983520508
True,ORO,2.9,2,1.25,ORO_k2.90_s02.csv,3320130.8189945654,7878071.805171605,111020771457.01677,1.0,77.46067154226753,112.98358541017794,250.0,0.425190142594811,0.14796578195671362,0.01828653684618034,19.709953784942627
True,ORO,2.9,2,1.4,ORO_k2.90_s02.csv,3320130.8189945654,7878071.805171605,168769977906.6364,1.0,23.88957086626263,106.51998624806228,250.0,0.4498291962700583,0.16732910435270543,0.0,16.60612392425537
True,ORO,2.9,2,1.55,ORO_k2.90_s02.csv,3320130.8189945654,7878071.805171605,240760666668.80814,1.0,7.4312024472706995,114.4535351222191,250.0,0.5563933423506766,0.1854416337737351,0.022632863717231784,17.555438995361328
True,ORO,2.9,2,1.7,ORO_k2.90_s02.csv,3320130.8189945654,7878071.805171605,327936282137.333,1.0,65.46486808600362,115.65925007586753,250.0,0.5701487864225632,0.18902069987878012,0.0,13.510302066802979
True,ORO,2.9,2,1.8,ORO_k2.90_s02.csv,3320130.8189945654,7878071.805171605,395051149535.898,1.0,93.90647224835921,117.59087403095738,250.0,0.6660928713991427,0.21251020300408793,0.0,15.119549989700317
True,ORO,2.9,3,0.95,ORO_k2.90_s03.csv,3056856.7007637066,8730783.94910379,41585981095.138985,1.0,94.29899450273228,126.52674157006982,255.4778145691535,0.5344559131448604,0.17238683838921284,0.035521618902229046,25.59052014350891
True,ORO,2.9,3,1.1,ORO_k2.90_s03.csv,3056856.7007637066,8730783.94910379,76753857254.31445,1.0,100.0,100.0,250.0,0.45624903482897566,0.18339060634999854,0.0,22.646761417388916
True,ORO,2.9,3,1.25,ORO_k2.90_s03.csv,3056856.7007637066,8730783.94910379,127014070105.53252,1.0,100.0,100.00021492933782,250.0,0.45724837719176614,0.1834386453602654,0.0,19.0430850982666
True,ORO,2.9,3,1.4,ORO_k2.90_s03.csv,3056856.7007637066,8730783.94910379,192496792869.88803,1.0,39.66050324566716,118.76470848921022,250.0,0.5202039579470272,0.18018012923702467,0.00028318389003631483,20.480345726013184
True,ORO,2.9,3,1.55,ORO_k2.90_s03.csv,3056856.7007637066,8730783.94910379,273553510647.50674,1.0,53.02687011090387,117.30800199681535,250.0,0.5185094341505055,0.18177107005303683,0.04278918179187788,16.690264225006104
True,ORO,2.9,3,1.7,ORO_k2.90_s03.csv,3056856.7007637066,8730783.94910379,370412348765.04803,1.0,0.006187775939243291,100.00470268695642,250.0,0.4773378864988293,0.19254638677005834,0.0,15.721626996994019
True,ORO,2.9,3,1.8,ORO_k2.90_s03.csv,3056856.7007637066,8730783.94910379,444320294490.02466,1.0,10.20317546020137,100.0275699841955,250.0,0.4786542909549404,0.19292702298063272,0.0,12.914992094039917
True,ORO,2.9,4,0.95,ORO_k2.90_s04.csv,2630096.1914299075,4609889.460462793,31115890917.661217,1.0,69.28249792084358,128.18137649752214,255.93742504815143,0.8125099651972889,0.3188029369871752,0.04433692079255196,16.25112819671631
True,ORO,2.9,4,1.1,ORO_k2.90_s04.csv,2630096.1914299075,4609889.460462793,57039876406.76906,1.0,20.251065569427272,142.6020902289129,256.3931459233259,0.915738877672869,0.5032076346622456,0.04955154218077823,17.907870054244995
True,ORO,2.9,4,1.25,ORO_k2.90_s04.csv,2630096.1914299075,4609889.460462793,97248723365.39398,1.0,14.65085683849373,101.09688449914614,250.0,0.8860352092290558,0.5102160590769238,0.006365679770885355,15.957828998565674
True,ORO,2.9,4,1.4,ORO_k2.90_s04.csv,2630096.1914299075,4609889.460462793,149497320407.00226,1.0,99.4465211065976,136.1459103709433,263.8230212244484,0.9727413666225131,0.7606525490208061,0.0,13.346291065216064
True,ORO,2.9,4,1.55,ORO_k2.90_s04.csv,2630096.1914299075,4609889.460462793,217355437749.86642,1.0,13.639236213988852,100.0,250.0,1.0,0.0,0.026638108512325884,8.217582941055298
True,ORO,2.9,4,1.7,ORO_k2.90_s04.csv,2630096.1914299075,4609889.460462793,299449310714.09985,1.0,37.464069637668075,100.0,250.0,1.0,0.0,0.0,6.8002588748931885
True,ORO,2.9,4,1.8,ORO_k2.90_s04.csv,2630096.1914299075,4609889.460462793,362814085228.09955,1.0,92.84473221458299,100.0,250.0,1.0,0.0,0.026357161235032886,6.57177996635437
True,ORO,3.4,1,0.95,ORO_k3.40_s01.csv,3380239.8277465124,3908123.9205198833,53547026928.45751,1.0,96.60883567812289,119.85541645939232,250.07436048094297,0.37150191343420397,0.15122519663881923,0.0,28.10479998588562
True,ORO,3.4,1,1.1,ORO_k3.40_s01.csv,3380239.8277465124,3908123.9205198833,90824575414.74281,1.0,100.0,100.00008667402898,250.0,0.32160042782444787,0.16631152791305934,0.049984259034532644,17.244296073913574
True,ORO,3.4,1,1.25,ORO_k3.40_s01.csv,3380239.8277465124,3908123.9205198833,139872111334.8458,1.0,91.20949733051206,100.00008644044819,250.0,0.48909855585556955,0.20899246986473477,0.0,15.726964950561523
True,ORO,3.4,1,1.4,ORO_k3.40_s01.csv,3380239.8277465124,3908123.9205198833,198803835664.18747,1.0,41.25627955985905,100.0036394414123,250.0,0.7303738712415621,0.3330564531675491,0.0,13.67189908027649
True,ORO,3.4,1,1.55,ORO_k3.40_s01.csv,3380239.8277465124,3908123.9205198833,271009440062.5597,1.0,1.2882618351369715,109.7363604136114,250.0,0.7531037477258032,0.33717252026294275,0.0,13.014379024505615
True,ORO,3.4,1,1.7,ORO_k3.40_s01.csv,3380239.8277465124,3908123.9205198833,360102835989.61633,1.0,68.58123732860255,100.00000021784352,250.0,0.7833691617445361,0.3821226535819073,0.005328055776043562,10.493489265441895
True,ORO,3.4,1,1.8,ORO_k3.40_s01.csv,3380239.8277465124,3908123.9205198833,429037629257.631,1.0,96.04201182454199,100.00084891309218,250.0,0.7908499684903079,0.3900528163112063,0.0,7.291056871414185
True,ORO,3.4,2,0.95,ORO_k3.40_s02.csv,4341860.373975872,16135983.621455928,102532572989.73213,1.0,52.4788373297164,120.93351388867119,250.0,0.1287753453433538,0.10936570704188064,0.0491641895607555,27.80672001838684
True,ORO,3.4,2,1.1,ORO_k3.40_s02.csv,4341860.373975872,16135983.621455928,142124286510.15723,1.0,73.41079459539696,119.73515391221234,250.0,0.15417921145361593,0.1190976856737667,0.021381896684177504,29.362520217895508
True,ORO,3.4,2,1.25,ORO_k3.40_s02.csv,4341860.373975872,16135983.621455928,192737443645.9635,1.0,81.74687167054222,112.24771084308506,250.0,0.18114868634421744,0.12421260891233298,0.016969486400361403,28.87493395805359
True,ORO,3.4,2,1.4,ORO_k3.40_s02.csv,4341860.373975872,16135983.621455928,254319273716.09683,1.0,96.600755527026,111.78777732586909,250.0,0.3231180188069938,0.14358733785006803,0.053189875125192715,26.743592977523804
True,ORO,3.4,2,1.55,ORO_k3.40_s02.csv,4341860.373975872,16135983.621455928,327978933827.19635,1.0,88.51037444909335,110.81993178137468,250.25679058415258,0.32305769947174484,0.14369053460718076,0.022337234881635373,22.544147968292236
True,ORO,3.4,2,1.7,ORO_k3.40_s02.csv,4341860.373975872,16135983.621455928,418794597481.9438,1.0,100.0,100.00074634842075,250.0,0.2758800925843976,0.14445655803564325,0.02457728076688777,20.487436771392822
True,ORO,3.4,2,1.8,ORO_k3.40_s02.csv,4341860.373975872,16135983.621455928,487815189382.9645,1.0,69.3494193744553,110.9149801970019,250.0,0.330082833496477,0.14404366894281823,0.02756283617852573,20.353585958480835
True,ORO,3.4,3,0.95,ORO_k3.40_s03.csv,3494069.8778240723,11748875.983922888,51742584449.24899,1.0,76.22601837132328,146.1162183733626,252.4234564271576,0.4292761510471036,0.13377071665901516,0.0541327483443817,35.063661098480225
True,ORO,3.4,3,1.1,ORO_k3.40_s03.csv,3494069.8778240723,11748875.983922888,84883038055.66922,1.0001407778130138,77.71095373593056,123.49646492961581,252.29023799106167,0.36185330144591343,0.12441298594154669,0.09484525123448026,27.023097038269043
True,ORO,3.4,3,1.25,ORO_k3.40_s03.csv,3494069.8778240723,11748875.983922888,129303207642.65668,1.0,89.60874705835413,103.25628050242288,252.67505642741628,0.39812174095684305,0.14044904388216123,0.048906434142150304,25.11240291595459
True,ORO,3.4,3,1.4,ORO_k3.40_s03.csv,3494069.8778240723,11748875.983922888,186789572075.6161,1.0,48.4373444521813,100.0,250.02659042769412,0.4191791888280576,0.14313126638329574,0.0,18.7463161945343
True,ORO,3.4,3,1.55,ORO_k3.40_s03.csv,3494069.8778240723,11748875.983922888,261292269418.57584,1.0,38.164007372458144,100.0,250.00772918782937,0.42130814501697855,0.14342948483158932,0.0,18.0199191570282
True,ORO,3.4,3,1.7,ORO_k3.40_s03.csv,3494069.8778240723,11748875.983922888,352270394385.5164,1.0,39.422367227892906,100.0,250.0,0.4234091374997028,0.14370107665003404,0.0,17.85234785079956
True,ORO,3.4,3,1.8,ORO_k3.40_s03.csv,3494069.8778240723,11748875.983922888,423311569901.5275,1.0,53.2734674554316,100.0,250.0,0.42884887096330143,0.14394810020781046,0.0,17.04836416244507
True,ORO,3.4,4,0.95,ORO_k3.40_s04.csv,3956847.369962712,12133419.09437239,92581035376.54099,1.0,84.14092849743675,126.60774432126807,250.0,0.2616379230448386,0.12837466263636826,0.12157417687820825,25.645923852920532
True,ORO,3.4,4,1.1,ORO_k3.40_s04.csv,3956847.369962712,12133419.09437239,132026977010.50885,1.0,84.81877083715324,125.657612372465,250.0,0.30186059221060735,0.12856791588481162,0.0673069238344883,25.617539882659912
True,ORO,3.4,4,1.25,ORO_k3.40_s04.csv,3956847.369962712,12133419.09437239,184980178361.396,1.0,84.17655043350689,103.45166662404293,250.0,0.2775799969147462,0.14138193463432214,0.06308277052694983,22.953893899917603
True,ORO,3.4,4,1.4,ORO_k3.40_s04.csv,3956847.369962712,12133419.09437239,251833936363.03976,1.0,86.71641553901173,100.0056812567224,250.0,0.2768394884171228,0.14278268436255043,0.00620544064666817,23.615012168884277
True,ORO,3.4,4,1.55,ORO_k3.40_s04.csv,3956847.369962712,12133419.09437239,333743640819.9212,1.0,81.54909666406002,100.70781881052076,250.0,0.32836814227248395,0.14372252085445725,0.00620544064666817,16.73817491531372
True,ORO,3.4,4,1.7,ORO_k3.40_s04.csv,3956847.369962712,12133419.09437239,431627250249.0787,1.0,48.282277494238876,100.0,250.0,0.35813187433233246,0.1498628552509497,0.0,15.90386414527893
True,ORO,3.4,4,1.8,ORO_k3.40_s04.csv,3956847.369962712,12133419.09437239,505872645856.8759,1.0,37.52448353830021,100.0,250.0,0.3828447093444851,0.15485165628605393,0.024404674805020052,16.626218795776367
True,ORO,4.0,1,0.95,ORO_k4.00_s01.csv,2847129.61879569,9176233.586892819,57529522714.40511,1.0,65.57002985258356,198.11214646898097,250.0,0.6885414859740653,0.22904079483618134,0.04986059007150408,24.991569995880127
True,ORO,4.0,1,1.1,ORO_k4.00_s01.csv,2847129.61879569,9176233.586892819,96707153421.53311,1.0,85.86655643642894,198.00442305920046,250.0,0.6959293282253869,0.23396077214780533,0.026098883645682816,21.773629903793335
True,ORO,4.0,1,1.25,ORO_k4.00_s01.csv,2847129.61879569,9176233.586892819,149359984883.79803,1.0,36.894151980431324,198.0000004398527,250.0,0.7221279173806392,0.2530535550798985,0.0,17.410770893096924
True,ORO,4.0,1,1.4,ORO_k4.00_s01.csv,2847129.61879569,9176233.586892819,217369024546.64346,1.0,29.018174737184022,196.9817071584294,250.0,0.7214362272827061,0.2554680365829891,0.0,15.011452913284302
True,ORO,4.0,1,1.55,ORO_k4.00_s01.csv,2847129.61879569,9176233.586892819,301243787759.5016,1.0,36.70693077846876,197.6704340478037,250.0,0.7278028714184593,0.25783656343662326,0.0,13.733910083770752
True,ORO,4.0,1,1.7,ORO_k4.00_s01.csv,2847129.61879569,9176233.586892819,400625065886.3877,1.0,21.335869342555903,197.999815013426,250.0,0.7673115647987169,0.2937033986881371,0.01877610759049786,15.875046014785767
True,ORO,4.0,1,1.8,ORO_k4.00_s01.csv,2847129.61879569,9176233.586892819,477022750580.2155,1.0,77.47109899983518,197.99086867071904,263.08163972026733,0.7857482133264788,0.31141513356557177,0.006010225815455059,12.744917869567871
True,ORO,4.0,2,0.95,ORO_k4.00_s02.csv,5056468.137772489,32478193.72664381,240012107808.98447,1.0,29.63874523052124,128.5160106345122,250.0,0.0,0.09675498381957395,0.0,32.79886794090271
True,ORO,4.0,2,1.1,ORO_k4.00_s02.csv,5056468.137772489,32478193.72664381,300075845121.4206,1.0,30.507316825325198,126.75387073999526,250.0,0.0027421421784798996,0.09670484758709415,0.0,28.261714935302734
True,ORO,4.0,2,1.25,ORO_k4.00_s02.csv,5056468.137772489,32478193.72664381,373614425261.6221,1.0,61.261631242897465,127.39734445531428,251.57236720648058,0.07897251503701605,0.10041871013761373,0.0,24.864136934280396
True,ORO,4.0,2,1.4,ORO_k4.00_s02.csv,5056468.137772489,32478193.72664381,454442011354.56366,1.0,38.557964667388845,122.75476308074144,250.0,0.07325730020052096,0.10063546070873672,0.0,25.291924953460693
True,ORO,4.0,2,1.55,ORO_k4.00_s02.csv,5056468.137772489,32478193.72664381,555054693773.8826,1.0,78.76507689740342,126.75416211139184,250.0,0.13344486152510093,0.10152664416739632,0.02204185836284132,23.653512001037598
True,ORO,4.0,2,1.7,ORO_k4.00_s02.csv,5056468.137772489,32478193.72664381,666377740858.1501,1.0,37.554221970437645,121.36902294212804,250.0,0.12792518541255182,0.10313465848141974,0.0,24.288110733032227
True,ORO,4.0,2,1.8,ORO_k4.00_s02.csv,5056468.137772489,32478193.72664381,750465702630.323,1.0,59.72339528371485,119.2536076960773,250.0,0.13942678482538798,0.10483394039132868,0.0,22.615335941314697
True,ORO,4.0,3,0.95,ORO_k4.00_s03.csv,4603511.662462891,15878267.612820772,144543541750.19055,1.0,57.30699612891026,126.56571340788663,298.89330325689144,0.19357971847514707,0.10844853460144604,0.05067815629429108,27.236760139465332
True,ORO,4.0,3,1.1,ORO_k4.00_s03.csv,4603511.662462891,15878267.612820772,190511062461.3041,1.0,59.59465852324088,126.71574287974266,270.81333067635893,0.19196534482031205,0.11242163850143726,0.05862542956366641,23.51643180847168
True,ORO,4.0,3,1.25,ORO_k4.00_s03.csv,4603511.662462891,15878267.612820772,250292719608.65738,1.0,40.35566458064341,123.06597945564302,269.5614579917549,0.1849737428347494,0.11531421701774489,0.0,23.660547971725464
True,ORO,4.0,3,1.4,ORO_k4.00_s03.csv,4603511.662462891,15878267.612820772,323586362751.14215,1.0,57.209617738903574,122.18405029842117,269.03867303436084,0.17935020793291948,0.1144929396643969,0.007676749541883646,20.647984981536865
True,ORO,4.0,3,1.55,ORO_k4.00_s03.csv,4603511.662462891,15878267.612820772,412834804735.3185,1.0,73.66574913148959,115.40995557219965,268.1424708865638,0.1533663948844159,0.11652095221870375,0.0,23.50536870956421
True,ORO,4.0,3,1.7,ORO_k4.00_s03.csv,4603511.662462891,15878267.612820772,517332569817.9621,1.0,65.68724498056142,114.48287617133158,250.86148302332734,0.14419689162342406,0.11440286415031375,0.013119072623203304,19.54922318458557
True,ORO,4.0,3,1.8,ORO_k4.00_s03.csv,4603511.662462891,15878267.612820772,594996704153.2864,1.0,95.5095650666262,122.05107228180353,250.0,0.17200901775913563,0.11489625713487199,0.018923228250160917,15.466203927993774
True,ORO,4.0,4,0.95,ORO_k4.00_s04.csv,4603511.662462891,15800945.073546808,157354848336.4309,1.0,39.599754368064694,123.81938046111503,250.0,0.21577157618179096,0.10323737956611874,0.0,27.90330481529236
True,ORO,4.0,4,1.1,ORO_k4.00_s04.csv,4603511.662462891,15800945.073546808,203288985678.07904,1.0,74.14416513011933,106.65344115657854,250.0,0.20779144020924858,0.10741075045850246,0.038980643492600046,27.110079050064087
True,ORO,4.0,4,1.25,ORO_k4.00_s04.csv,4603511.662462891,15800945.073546808,262784280848.05023,1.0,75.53401794787369,105.0066550395887,250.0,0.20531411694250679,0.1087959603610401,0.0,27.085345029830933
True,ORO,4.0,4,1.4,ORO_k4.00_s04.csv,4603511.662462891,15800945.073546808,338549168801.18665,1.0,73.61417370084104,103.4553668873709,250.0,0.20155245174381925,0.10970364893929845,0.0,22.43983221054077
True,ORO,4.0,4,1.55,ORO_k4.00_s04.csv,4603511.662462891,15800945.073546808,431377052383.98865,1.0,74.8861205700359,100.0498156180773,250.05865478213175,0.19220164072084642,0.11183437276852332,0.0,19.762434244155884
True,ORO,4.0,4,1.7,ORO_k4.00_s04.csv,4603511.662462891,15800945.073546808,541560716198.8797,1.0,83.00397007431745,100.01693572767233,251.1647910394955,0.21097178696107474,0.1168785769120701,0.0,16.807451248168945
True,ORO,4.0,4,1.8,ORO_k4.00_s04.csv,4603511.662462891,15800945.073546808,623406182532.0505,1.0,74.51943733034422,100.0,250.0,0.21148549363473715,0.11726850682537227,0.0,16.04728078842163
True,ORO,4.6,1,0.95,ORO_k4.60_s01.csv,3603355.137354808,15347479.679107917,126507283163.52692,1.0,69.41086994326517,160.75649962409676,343.5821909332615,0.33571123737739034,0.1435550363309539,0.04566976881289311,22.818953037261963
True,ORO,4.6,1,1.1,ORO_k4.60_s01.csv,3603355.137354808,15347479.679107917,183921724372.83682,1.0,57.54168926637171,131.81396391471264,365.99999934359016,0.32028545979313583,0.152339090443102,0.0,24.25455403327942
True,ORO,4.6,1,1.25,ORO_k4.60_s01.csv,3603355.137354808,15347479.679107917,256262772341.27927,1.0,75.53699462815509,149.85218831560172,345.55165455923225,0.361231655955759,0.15420390225524286,0.02322232697327301,21.55576181411743
True,ORO,4.6,1,1.4,ORO_k4.60_s01.csv,3603355.137354808,15347479.679107917,341917487333.7079,1.0,94.26894509055974,121.91105688984888,364.3079625227083,0.34923967641556586,0.16605629074614,0.0,18.838940858840942
True,ORO,4.6,1,1.55,ORO_k4.60_s01.csv,3603355.137354808,15347479.679107917,443224361702.17303,1.0,46.9384909312704,126.69976285426532,355.0810671577629,0.3676723309535979,0.1692386503766306,0.00013803571020629596,17.64143705368042
True,ORO,4.6,1,1.7,ORO_k4.60_s01.csv,3603355.137354808,15347479.679107917,560960606144.8596,1.0,65.70446684808044,120.46995362661593,333.1083973155192,0.3699544018747298,0.1797060341594407,0.0,16.340674877166748
True,ORO,4.6,1,1.8,ORO_k4.60_s01.csv,3603355.137354808,15347479.679107917,646943188974.9183,1.0,51.12365741472315,127.97444416303777,331.80723460026496,0.3999882164535928,0.18425719955257538,0.0,13.671799182891846
True,ORO,4.6,2,0.95,ORO_k4.60_s02.csv,5250175.954963068,23597660.115778424,294037387821.376,1.0,39.92526355425985,118.96186739425741,250.0,0.011019948160926718,0.09401979072092628,0.007845946019805974,28.152370929718018
True,ORO,4.6,2,1.1,ORO_k4.60_s02.csv,5250175.954963068,23597660.115778424,351137837781.36426,1.0,35.523448425713006,118.26722354165013,250.0,0.016439544370807635,0.09684492050392825,0.0,25.828189849853516
True,ORO,4.6,2,1.25,ORO_k4.60_s02.csv,5250175.954963068,23597660.115778424,421959232236.3866,1.0,32.83471114205637,116.40975560168644,250.66557994897465,0.0351198874514524,0.096730803280823,0.0,25.124591827392578
True,ORO,4.6,2,1.4,ORO_k4.60_s02.csv,5250175.954963068,23597660.115778424,504198926456.6412,1.0,37.560983206999026,115.53625535576926,250.17738271210442,0.03238372911195339,0.0962429051748478,0.004258752677509223,27.488831996917725
True,ORO,4.6,2,1.55,ORO_k4.60_s02.csv,5250175.954963068,23597660.115778424,601700372000.477,1.0,60.538058562706006,113.49636638559294,250.00288879881225,0.06838254576554229,0.09972779490551531,0.008684554843500725,20.76213312149048
True,ORO,4.6,2,1.7,ORO_k4.60_s02.csv,5250175.954963068,23597660.115778424,713572693858.339,1.0,62.33142402927721,113.96946903626129,250.0,0.13712874113758453,0.10670277538762094,0.006682835541154425,17.242863178253174
True,ORO,4.6,2,1.8,ORO_k4.60_s02.csv,5250175.954963068,23597660.115778424,796246712315.2184,1.0,66.39995540962309,113.97413006380563,250.0,0.15446026972350915,0.10863961390359547,0.003951746838175085,16.91667413711548
True,ORO,4.6,3,0.95,ORO_k4.60_s03.csv,4755049.284975008,25335514.390043482,183562750308.64108,1.0,42.94936084393725,132.80867959778624,365.49510044097065,0.061402851176296375,0.08869426832696937,0.04542129108771435,30.689095973968506
True,ORO,4.6,3,1.1,ORO_k4.60_s03.csv,4755049.284975008,25335514.390043482,247904276525.62054,1.0,36.457603999242814,108.78574954413732,357.2439615887377,0.03332798009762972,0.09420869373691501,0.0,28.246724128723145
True,ORO,4.6,3,1.25,ORO_k4.60_s03.csv,4755049.284975008,25335514.390043482,326771052895.7216,1.0,59.26900897466253,104.24439397447182,353.58294729760655,0.043985718070934175,0.09717405854499053,0.0,23.70368218421936
True,ORO,4.6,3,1.4,ORO_k4.60_s03.csv,4755049.284975008,25335514.390043482,410714474019.7177,1.0,61.348287767447495,194.32434113112566,303.47950495448765,0.46128665902355864,0.14423273834177144,0.015878655216341908,16.966753005981445
True,ORO,4.6,3,1.55,ORO_k4.60_s03.csv,4755049.284975008,25335514.390043482,497907805187.75507,1.0,39.439522174047625,199.00229248971146,257.13364347151764,0.514852712222637,0.15909825814014056,0.018654494334173655,17.098310232162476
True,ORO,4.6,3,1.7,ORO_k4.60_s03.csv,4755049.284975008,25335514.390043482,602352966998.6901,1.0,40.31446075992186,198.8501785393156,250.0,0.5515222388264795,0.17408500755602133,0.0,16.81637716293335
True,ORO,4.6,3,1.8,ORO_k4.60_s03.csv,4755049.284975008,25335514.390043482,681809981264.6694,1.0,45.96173705694012,197.9999999955492,250.0,0.5895381248227823,0.18214910771639065,0.0021210945676551213,17.033215045928955
True,ORO,4.6,4,0.95,ORO_k4.60_s04.csv,5771075.901569108,21227104.414177228,297124427327.6736,1.0,37.789937501967216,127.03341658175118,250.0,0.0,0.08792688884602226,0.0,22.893245935440063
True,ORO,4.6,4,1.1,ORO_k4.60_s04.csv,5771075.901569108,21227104.414177228,356254721269.60205,1.0,61.75543361805168,104.7736526542845,251.91389691548963,0.0901574344522013,0.09462492240256208,0.01333465075661779,17.938471794128418
True,ORO,4.6,4,1.25,ORO_k4.60_s04.csv,5771075.901569108,21227104.414177228,423048966261.79126,1.0,38.81187341134338,129.00000017135818,366.0,0.46224284265111243,0.15588951816246677,0.0,17.829626083374023
True,ORO,4.6,4,1.4,ORO_k4.60_s04.csv,5771075.901569108,21227104.414177228,494371930364.74023,1.0,35.08162461153081,223.22051933648385,312.5785720578785,0.6462823341239919,0.2013479704620239,0.02568192831860268,13.857825994491577
True,ORO,4.6,4,1.55,ORO_k4.60_s04.csv,5771075.901569108,21227104.414177228,578699784654.9083,1.0,80.22118407755475,225.49828836931766,338.685442408229,0.6866956774592136,0.22024334711056107,0.018490303056833607,13.809528112411499
True,ORO,4.6,4,1.7,ORO_k4.60_s04.csv,5771075.901569108,21227104.414177228,679494242432.2557,1.0,75.63446696100503,127.90705724450117,250.9309588111135,0.5499770207074461,0.1755579543316159,0.0,12.774199724197388
True,ORO,4.6,4,1.8,ORO_k4.60_s04.csv,5771075.901569108,21227104.414177228,756774523636.4861,1.0,77.25115734165307,126.05541572851784,250.86926992926132,0.5511033402398177,0.1770079828286341,0.017113425378884668,13.322285652160645
True,ORO,5.2,1,0.95,ORO_k5.20_s01.csv,5014969.888779647,24782097.276389766,214008603112.27173,1.0,80.27077932972988,133.60505165782044,250.0,0.11611830810846162,0.10508017113716568,0.024245495720959867,26.094406127929688
True,ORO,5.2,1,1.1,ORO_k5.20_s01.csv,5014969.888779647,24782097.276389766,275491393453.8913,1.0,74.34483509468654,132.886874184059,251.92257816349414,0.11623990480527756,0.10587173182669157,0.005629861010919349,22.719568729400635
True,ORO,5.2,1,1.25,ORO_k5.20_s01.csv,5014969.888779647,24782097.276389766,351063056466.4462,1.0,79.63414139914026,131.9999999899163,250.0,0.12203280795709104,0.10683949312619638,0.0,22.613219261169434
True,ORO,5.2,1,1.4,ORO_k5.20_s01.csv,5014969.888779647,24782097.276389766,443656074753.32764,1.0,87.31722084663227,130.99997853401698,250.0,0.14190137027102948,0.10873636736815168,0.0,25.194031953811646
True,ORO,5.2,1,1.55,ORO_k5.20_s01.csv,5014969.888779647,24782097.276389766,550830783600.159,1.0,99.9998675536503,130.999633114759,250.0,0.2194899083664173,0.11694295344806607,0.0,21.10130000114441
True,ORO,5.2,1,1.7,ORO_k5.20_s01.csv,5014969.888779647,24782097.276389766,674275205456.9261,1.0,99.42644163193735,127.78883989346225,250.0,0.21208791073446473,0.11876092492844217,0.005368382963622811,18.989182949066162
True,ORO,5.2,1,1.8,ORO_k5.20_s01.csv,5014969.888779647,24782097.276389766,766727988391.5995,1.0,98.14569389102238,121.22528897113918,250.0,0.1970338661118468,0.12265547422488732,0.0,18.08470392227173
True,ORO,5.2,2,0.95,ORO_k5.20_s02.csv,6485683.665365727,35598037.855173595,426063608088.9836,1.0,37.14064521365012,121.99751621811637,250.0,0.0,0.09420501375900264,0.0,27.151323080062866
True,ORO,5.2,2,1.1,ORO_k5.20_s02.csv,6485683.665365727,35598037.855173595,495174033741.2928,1.0,37.237513092082196,120.97701029188194,250.0,0.0,0.09301360333422574,0.0,25.613478899002075
True,ORO,5.2,2,1.25,ORO_k5.20_s02.csv,6485683.665365727,35598037.855173595,577939183345.2565,1.0,37.24267877448641,118.91867694414292,250.0,0.0,0.09284020697348995,0.0,25.077724933624268
True,ORO,5.2,2,1.4,ORO_k5.20_s02.csv,6485683.665365727,35598037.855173595,675203237815.1104,1.0,36.648971337409584,115.95547583177236,250.0,0.0,0.09456806470948663,0.0,23.618281364440918
True,ORO,5.2,2,1.55,ORO_k5.20_s02.csv,6485683.665365727,35598037.855173595,787570776733.454,1.0,37.38909939906808,113.76438814254585,250.0,0.0,0.0955285947534984,0.0,23.901842832565308
True,ORO,5.2,2,1.7,ORO_k5.20_s02.csv,6485683.665365727,35598037.855173595,916039536234.0154,1.0,40.26179480770837,111.76997024336406,250.0,0.0,0.09642809550587314,0.0,19.27256488800049
True,ORO,5.2,2,1.8,ORO_k5.20_s02.csv,6485683.665365727,35598037.855173595,1010075308945.4423,1.0,38.36484041280982,109.66822622111519,250.0,0.0,0.09665786650700177,0.0,18.243617057800293
True,ORO,5.2,3,0.95,ORO_k5.20_s03.csv,5896840.247463248,29919136.993527558,427381676264.96185,1.0,85.66971391073919,121.70062238755753,250.0,0.0,0.09629761887392516,0.07171601448806328,24.282170057296753
True,ORO,5.2,3,1.1,ORO_k5.20_s03.csv,5896840.247463248,29919136.993527558,496961180949.5145,1.0,36.542797225318154,120.76750065010461,250.0,0.0,0.09646719700802807,0.0,22.678112983703613
True,ORO,5.2,3,1.25,ORO_k5.20_s03.csv,5896840.247463248,29919136.993527558,580361510151.1355,1.0,28.699332460031357,119.60049704578807,250.0,0.0,0.096397370533611,0.0,20.702389001846313
True,ORO,5.2,3,1.4,ORO_k5.20_s03.csv,5896840.247463248,29919136.993527558,677865477500.469,1.0,37.40175552646763,118.29790893590192,250.0,0.051476504988930645,0.1009362646961574,0.0,17.55849599838257
True,ORO,5.2,3,1.55,ORO_k5.20_s03.csv,5896840.247463248,29919136.993527558,789496943110.8146,1.0,36.61760351666779,116.81413505614587,250.0,0.06557323375316648,0.10197208533674092,0.0,18.512226104736328
True,ORO,5.2,3,1.7,ORO_k5.20_s03.csv,5896840.247463248,29919136.993527558,917743306086.375,1.0,58.714196623544645,115.59303942588892,250.0,0.09504519164720406,0.10641198200454814,0.0,14.755738019943237
True,ORO,5.2,3,1.8,ORO_k5.20_s03.csv,5896840.247463248,29919136.993527558,1012333723028.1235,1.0,82.92082595891377,114.30993561476622,250.29318770761887,0.11107000763913115,0.10769013100262319,0.0,14.236054182052612
True,ORO,5.2,4,0.95,ORO_k5.20_s04.csv,6485683.665365727,42706741.568921186,534359398123.4084,1.0,32.62821416197445,130.92078730695118,300.6404047409421,0.0,0.09152836893236738,0.0,24.8626492023468
True,ORO,5.2,4,1.1,ORO_k5.20_s04.csv,6485683.665365727,42706741.568921186,609306316829.9546,1.0,31.768946279528944,129.11816635171417,302.44507188739834,0.0,0.09127123354385835,0.0,21.525496006011963
True,ORO,5.2,4,1.25,ORO_k5.20_s04.csv,6485683.665365727,42706741.568921186,697319588951.1108,1.0,38.33855104317655,128.22722995066246,300.43100063853336,0.0,0.09151687682912034,0.0,23.594554901123047
True,ORO,5.2,4,1.4,ORO_k5.20_s04.csv,6485683.665365727,42706741.568921186,799931119605.5317,1.0,34.3934209585048,126.57382534801103,299.94533840308014,0.0,0.09201431225722195,0.0,23.605462074279785
True,ORO,5.2,4,1.55,ORO_k5.20_s04.csv,6485683.665365727,42706741.568921186,915805684876.3029,1.0,38.149269342991296,123.94477278456269,277.3298896779958,0.0,0.09293616809488084,0.0,21.589096784591675
True,ORO,5.2,4,1.7,ORO_k5.20_s04.csv,6485683.665365727,42706741.568921186,1043972904863.7123,1.0,33.485457114920194,105.61440012021818,282.22111292911865,0.0,0.09707421396361217,0.0,19.346615076065063
True,ORO,5.2,4,1.8,ORO_k5.20_s04.csv,6485683.665365727,42706741.568921186,1136798123022.768,1.0,36.389824721568566,104.00427643622231,281.6955253411227,0.0,0.09791476397395998,0.0,20.159504175186157
True,SHA,0.8,1,0.95,SHA_k0.80_s01.csv,1385802.847637376,3274258.036822768,10142438840.016392,1.0,50.78571280020485,100.39847085012325,250.0,0.7746761936922156,0.1555462944156602,0.07591784865881253,34.40843868255615
True,SHA,0.8,1,1.1,SHA_k0.80_s01.csv,1385802.847637376,3274258.036822768,32920342143.81707,1.0054081540326827,97.43404971436931,108.9271965690517,251.1525939989687,0.7852715934963143,0.14419327547689526,0.0272686219787025,26.478870153427124
True,SHA,0.8,1,1.25,SHA_k0.80_s01.csv,1385802.847637376,3274258.036822768,74530715547.37076,1.0,50.3479525309921,106.30005173618841,250.0859984153832,0.7993163561116945,0.15537762943157557,0.0918645935462176,25.291243076324463
True,SHA,0.8,1,1.4,SHA_k0.80_s01.csv,1385802.847637376,3274258.036822768,139443501473.71945,1.0,67.37362138329024,100.0,250.0,0.8126609795179583,0.17104481426433585,0.1467877010891121,16.44631600379944
True,SHA,0.8,1,1.55,SHA_k0.80_s01.csv,1385802.847637376,3274258.036822768,231280295306.9194,1.0,86.67281038681878,100.00097756110246,250.0,0.8195729397799159,0.1757042919720951,0.11723386920723461,17.541884899139404
True,SHA,0.8,1,1.7,SHA_k0.80_s01.csv,1385802.847637376,3274258.036822768,352214898440.267,1.0,88.10185609537862,100.01455413608332,250.0,0.8619637990896678,0.22080801533248087,0.06468343888676505,18.10152506828308
True,SHA,0.8,1,1.8,SHA_k0.80_s01.csv,1385802.847637376,3274258.036822768,449927586288.06213,1.0,19.476725681783698,100.00013309894311,250.0,0.8624636402549078,0.22010441670408676,0.09219910454119741,17.169365167617798
True,SHA,0.8,2,0.95,SHA_k0.80_s02.csv,1768512.3051296961,3113617.7884974405,14728354850.80099,1.0,29.598920851777628,102.17509596142735,250.47216737296785,0.6162523204892627,0.0902691830601634,0.18283373050731666,41.15756702423096
True,SHA,0.8,2,1.1,SHA_k0.80_s02.csv,1768512.3051296961,3113617.7884974405,40569509708.5644,1.0,0.0,100.0,250.0,0.6109932290418476,0.08919223088716745,0.13134856470335377,31.958192825317383
True,SHA,0.8,2,1.25,SHA_k0.80_s02.csv,1768512.3051296961,3113617.7884974405,86698952431.90616,1.0,15.509454348595462,100.01725438558756,250.0,0.6400043315873158,0.09947965905322202,0.0199254670254074,21.480396032333374
True,SHA,0.8,2,1.4,SHA_k0.80_s02.csv,1768512.3051296961,3113617.7884974405,157663807848.69824,1.0,42.20788149334296,100.00814729827367,250.0,0.6778819242166635,0.11605620192085944,0.17773965818349988,19.497222185134888
True,SHA,0.8,2,1.55,SHA_k0.80_s02.csv,1768512.3051296961,3113617.7884974405,258647192339.84918,1.0,57.18400409120422,100.0,250.0,1.0,9.809530621210926e-13,0.029298565523414324,11.646621942520142
True,SHA,0.8,2,1.7,SHA_k0.80_s02.csv,1768512.3051296961,3113617.7884974405,382182755312.4305,1.0,93.79528126398492,100.0,250.0,1.0,2.2603556181320855e-08,0.0,10.102515935897827
True,SHA,0.8,2,1.8,SHA_k0.80_s02.csv,1768512.3051296961,3113617.7884974405,485539246494.13696,1.0,28.37666616230814,100.0,250.0,1.0,0.0,0.018312650357296262,9.089536190032959
True,SHA,0.8,3,0.95,SHA_k0.80_s03.csv,2044229.3128076962,3938913.356272016,28769095746.685234,1.0,56.16659857661754,100.00000021170341,250.0,0.5803079897468197,0.10359366170920126,0.08051752903361956,30.80907106399536
True,SHA,0.8,3,1.1,SHA_k0.80_s03.csv,2044229.3128076962,3938913.356272016,65820148935.22901,1.0,20.2195625265138,115.99912967363511,250.0,0.6343351559293089,0.1077461938677293,0.06451135861771276,28.3785343170166
True,SHA,0.8,3,1.25,SHA_k0.80_s03.csv,2044229.3128076962,3938913.356272016,125693705750.03516,1.0,43.818594406198244,100.06875488662617,250.0,0.6216763097248575,0.12204596890619414,0.0,19.026458024978638
True,SHA,0.8,3,1.4,SHA_k0.80_s03.csv,2044229.3128076962,3938913.356272016,200741628353.6562,1.0,4.13628003968217,100.00489391365491,250.0,0.8938394479808435,0.2808416081867872,0.05069971356368143,16.295128107070923
True,SHA,0.8,3,1.55,SHA_k0.80_s03.csv,2044229.3128076962,3938913.356272016,302379751458.4608,1.0,56.7431281022138,100.0761792468873,250.0,0.9221396212532257,0.3769654930222759,0.09458752721865465,18.81343984603882
True,SHA,0.8,3,1.7,SHA_k0.80_s03.csv,2044229.3128076962,3938913.356272016,436959064751.6528,1.0,62.846375882376364,116.2236613555193,250.0,0.959953898431828,0.5320345781677982,0.0,11.857617139816284
True,SHA,0.8,3,1.8,SHA_k0.80_s03.csv,2044229.3128076962,3938913.356272016,546254801685.01373,1.0,18.731955303117175,100.00639553743156,250.0,0.9542117695388206,0.5244778018306127,0.0643410907676167,10.912498950958252
True,SHA,0.8,4,0.95,SHA_k0.80_s04.csv,1585430.645621296,3010636.286328703,17829539687.85695,1.0,66.98223516165196,104.29124202557824,250.0,0.6419921923085052,0.12455247178670874,0.11475204619695162,30.136608123779297
True,SHA,0.8,4,1.1,SHA_k0.80_s04.csv,1585430.645621296,3010636.286328703,44817484162.12085,1.0,78.21662127280499,111.37604440178698,251.16018119000375,0.6768553038522521,0.12740360296114783,0.16318503542919915,26.494649171829224
True,SHA,0.8,4,1.25,SHA_k0.80_s04.csv,1585430.645621296,3010636.286328703,92848611251.92928,1.0,43.05317929635254,101.88973733271335,250.00159764389852,0.6664236293480786,0.1320556719225236,0.04399536506053123,18.992316007614136
True,SHA,0.8,4,1.4,SHA_k0.80_s04.csv,1585430.645621296,3010636.286328703,164936431813.2717,1.0,81.24533997036829,100.01210345048403,250.0,0.7183545863023274,0.14312996910955278,0.08682376683899916,17.38171911239624
True,SHA,0.8,4,1.55,SHA_k0.80_s04.csv,1585430.645621296,3010636.286328703,264857775634.44388,1.0,38.41317465244313,100.04740021592698,250.0,0.7536921810711128,0.16660640623261702,0.04929322019040714,18.12342381477356
True,SHA,0.8,4,1.7,SHA_k0.80_s04.csv,1585430.645621296,3010636.286328703,397085761987.0249,1.0,42.37838344116618,100.0,250.0,0.7745941591669498,0.18396079433411372,0.0,16.041600942611694
True,SHA,0.8,4,1.8,SHA_k0.80_s04.csv,1585430.645621296,3010636.286328703,503653140149.8297,1.0,70.33803701562624,113.13068267894417,250.0,0.7929721655911235,0.17978603104966379,0.078887883155254,10.36571192741394
True,SHA,0.9,1,0.95,SHA_k0.90_s01.csv,2244098.718462398,5673942.013687458,24555750520.82952,1.0,74.69630604589857,107.7904201707246,253.6069342361093,0.5329506909630062,0.0903348969431565,0.14507462480267042,32.17170286178589
True,SHA,0.9,1,1.1,SHA_k0.90_s01.csv,2244098.718462398,5673942.013687458,49157607457.46333,1.0,61.56802738579058,100.24159826350169,250.26905374535812,0.5143867088658869,0.09294246295804308,0.10322419904118607,33.80821418762207
True,SHA,0.9,1,1.25,SHA_k0.90_s01.csv,2244098.718462398,5673942.013687458,89949237975.71066,1.0,14.50915380722446,100.21261672746797,250.0,0.5269445801250061,0.09752554255994905,0.0844276835033776,28.063068866729736
True,SHA,0.9,1,1.4,SHA_k0.90_s01.csv,2244098.718462398,5673942.013687458,150557111796.6393,1.0,17.27665194603094,100.0011937269096,250.0,0.5435862433884977,0.10436767913154643,0.0,20.39596700668335
True,SHA,0.9,1,1.55,SHA_k0.90_s01.csv,2244098.718462398,5673942.013687458,227913222818.75024,1.0,47.34531341459548,100.00037104644119,250.0,0.7669752447921265,0.140354623539819,0.032271073900292185,19.735312938690186
True,SHA,0.9,1,1.7,SHA_k0.90_s01.csv,2244098.718462398,5673942.013687458,327647948455.0808,1.0,38.289229847854045,100.0005141362022,250.0,0.8068683608801173,0.1740941556872137,0.05501487632247454,18.479171991348267
True,SHA,0.9,1,1.8,SHA_k0.90_s01.csv,2244098.718462398,5673942.013687458,409863000160.79297,1.0,48.79473882247297,100.0000419837971,250.0,0.8281462751863131,0.18277829445937274,0.0,16.516889095306396
True,SHA,0.9,2,0.95,SHA_k0.90_s02.csv,2244098.718462398,6492672.281877744,26838863136.81827,1.0,58.10240034553399,110.75924457070651,250.095913844023,0.5109928583813292,0.09117973566145056,0.03301637002081588,35.22192692756653
True,SHA,0.9,2,1.1,SHA_k0.90_s02.csv,2244098.718462398,6492672.281877744,55804353271.12315,1.0,38.88738222258827,122.1890046736589,250.0,0.5559363362780363,0.09208385707805726,0.07859519449138229,33.79362511634827
True,SHA,0.9,2,1.25,SHA_k0.90_s02.csv,2244098.718462398,6492672.281877744,95694532432.85162,1.0,32.246638412715825,128.30465755081454,250.0,0.7919950560630189,0.1689557528888341,0.03076101907264639,22.74949288368225
True,SHA,0.9,2,1.4,SHA_k0.90_s02.csv,2244098.718462398,6492672.281877744,150899361509.3645,1.0,50.490521516020536,145.89767291434742,250.03547414071684,0.9190509689292715,0.2982878319523337,0.10540215987635039,19.760791063308716
True,SHA,0.9,2,1.55,SHA_k0.90_s02.csv,2244098.718462398,6492672.281877744,238548905186.45825,1.0,38.47667374197399,100.0,250.0,0.8908984728627963,0.3364507947859932,0.0,19.238240957260132
True,SHA,0.9,2,1.7,SHA_k0.90_s02.csv,2244098.718462398,6492672.281877744,360093387608.14575,1.0,42.78821473151652,100.00272730182694,250.0,0.9167086928732293,0.33330667134183006,0.01508080003751322,18.14694309234619
True,SHA,0.9,2,1.8,SHA_k0.90_s02.csv,2244098.718462398,6492672.281877744,459177468128.2261,1.0,38.248406821265625,100.14367381551243,250.0,0.9178685096213065,0.3331370726501466,0.0,15.159378290176392
True,SHA,0.9,3,0.95,SHA_k0.90_s03.csv,1695212.6508171682,4650939.070954846,17943100246.35839,1.0,80.84545974599096,104.40964849964523,250.0,0.7522511572312802,0.1412727861954217,0.03446032144632977,28.33238983154297
True,SHA,0.9,3,1.1,SHA_k0.90_s03.csv,1695212.6508171682,4650939.070954846,46155383492.29966,1.0,62.6169423769843,100.0,250.0,0.7998267405504975,0.18155420709313172,0.16834013359372302,22.600504159927368
True,SHA,0.9,3,1.25,SHA_k0.90_s03.csv,1695212.6508171682,4650939.070954846,91964932377.9978,1.0,76.01478395372824,100.06693014563552,250.0,0.8748171782445625,0.23108278263076681,0.011987697199225683,17.956340074539185
True,SHA,0.9,3,1.4,SHA_k0.90_s03.csv,1695212.6508171682,4650939.070954846,161476043910.10297,1.0,25.421901654773627,100.0,250.0075556457989,0.8993187231575234,0.27239658472890266,0.12292002862393402,16.674352884292603
True,SHA,0.9,3,1.55,SHA_k0.90_s03.csv,1695212.6508171682,4650939.070954846,258219449512.7109,1.0,72.42552833711898,112.37442766291225,272.7862736372448,0.9475136579780863,0.41610283192850217,0.11024966667110803,13.059618711471558
True,SHA,0.9,3,1.7,SHA_k0.90_s03.csv,1695212.6508171682,4650939.070954846,383223708591.228,1.0,48.87883425966395,100.0,250.0,1.0,0.0,0.012219041693972657,9.147960186004639
True,SHA,0.9,3,1.8,SHA_k0.90_s03.csv,1695212.6508171682,4650939.070954846,483772953493.0341,1.0,66.71952673412751,100.0,250.0,1.0,0.0,0.07920943636455298,9.127314805984497
True,SHA,0.9,4,0.95,SHA_k0.90_s04.csv,1933917.084824648,4285430.5644098045,17865761109.304707,1.0,27.276795467808082,100.39501489690812,250.0,0.5342285666729961,0.0766379134495935,0.08283679186860368,47.218181848526
True,SHA,0.9,4,1.1,SHA_k0.90_s04.csv,1933917.084824648,4285430.5644098045,46326539252.05647,1.0,36.86952238597529,100.0,250.0,0.5397844591527968,0.07753111954448277,0.0686738565240779,36.2630729675293
True,SHA,0.9,4,1.25,SHA_k0.90_s04.csv,1933917.084824648,4285430.5644098045,96134767435.68974,1.0,30.20635805326822,100.0,250.0,0.5621107277388235,0.08304635943461125,0.03749626894448824,23.06051778793335
True,SHA,0.9,4,1.4,SHA_k0.90_s04.csv,1933917.084824648,4285430.5644098045,177100102970.0951,1.0,10.158459196104118,100.0,262.08567504767353,0.6704565736287693,0.10878998402479048,0.13705057294277992,16.426440954208374
True,SHA,0.9,4,1.55,SHA_k0.90_s04.csv,1933917.084824648,4285430.5644098045,272865306057.10416,1.0,88.89458590390812,100.0,250.0,0.673341385655285,0.11031249071467497,0.10374697954040935,14.7862708568573
True,SHA,0.9,4,1.7,SHA_k0.90_s04.csv,1933917.084824648,4285430.5644098045,406404227363.5219,1.0,49.372980577790265,138.48642156833395,273.7279565362526,1.0,0.7435070603882468,0.09705496523208557,10.576740741729736
True,SHA,0.9,4,1.8,SHA_k0.90_s04.csv,1933917.084824648,4285430.5644098045,506437889460.0728,1.0,0.0,100.0,250.0,0.0,0.00014979491612174178,0.10128132414091029,9.863447904586792
True,SHA,1.0,1,0.95,SHA_k1.00_s01.csv,1834094.7156224002,5802338.5892963,18496182495.948948,1.0,57.51739447213131,103.69148517822472,250.15631830673766,0.6040925570702378,0.09365912572750683,0.07275627570159543,41.192659854888916
True,SHA,1.0,1,1.1,SHA_k1.00_s01.csv,1834094.7156224002,5802338.5892963,48831691957.4414,1.0,75.36120064950242,100.0,251.45776739763602,0.6045616254502196,0.0958505719676043,0.08256958322433486,34.918785095214844
True,SHA,1.0,1,1.25,SHA_k1.00_s01.csv,1834094.7156224002,5802338.5892963,100676029590.38557,1.0,38.52823265986572,100.0,250.0,0.6194851660651349,0.10056587363736076,0.026488421935175033,28.309297800064087
True,SHA,1.0,1,1.4,SHA_k1.00_s01.csv,1834094.7156224002,5802338.5892963,179840121744.6592,1.0,77.73328414840319,100.000745204466,250.0,0.622477592078666,0.10060407495330691,0.032340648917351486,17.430837869644165
True,SHA,1.0,1,1.55,SHA_k1.00_s01.csv,1834094.7156224002,5802338.5892963,289788215084.4039,1.0,51.010615450492104,100.00000141965455,250.0,0.6286382365705582,0.10185910548018402,0.05769170731823886,16.427767038345337
True,SHA,1.0,1,1.7,SHA_k1.00_s01.csv,1834094.7156224002,5802338.5892963,432188115771.33777,1.0,21.109382201006017,100.02098328625523,250.0,0.6388730585887631,0.10477879080664199,0.03611031807500022,15.955397844314575
True,SHA,1.0,1,1.8,SHA_k1.00_s01.csv,1834094.7156224002,5802338.5892963,545675560402.5704,1.0,59.78509516981786,100.04753310933623,250.0,0.6614059077477658,0.11362666211378838,0.06787516555550385,17.241303205490112
True,SHA,1.0,2,0.95,SHA_k1.00_s02.csv,2099321.8645196003,4930960.211706401,22987552587.259342,1.0057438656613082,33.13738048000969,100.80382456116655,250.23709962255646,0.46548213290734863,0.06801889954415531,0.19948590812939715,46.630176067352295
True,SHA,1.0,2,1.1,SHA_k1.00_s02.csv,2099321.8645196003,4930960.211706401,53781278511.834435,1.0,41.978040078457994,100.0,250.0,0.4718868648509532,0.06909858017060992,0.06439877562284203,38.09561491012573
True,SHA,1.0,2,1.25,SHA_k1.00_s02.csv,2099321.8645196003,4930960.211706401,107451980069.5131,1.0,21.932659282463906,100.0,250.0,0.4828203281134296,0.07073703819729509,0.024914345740466512,31.009762048721313
True,SHA,1.0,2,1.4,SHA_k1.00_s02.csv,2099321.8645196003,4930960.211706401,186742076058.63977,1.0,50.03144580154161,100.0,250.0,0.5078331718325276,0.07609741361399575,0.0,23.18503499031067
True,SHA,1.0,2,1.55,SHA_k1.00_s02.csv,2099321.8645196003,4930960.211706401,292607171118.6009,1.0,26.365733520723605,100.00466222067038,250.0,0.6241880928983614,0.09753469168651147,0.10487228870123227,20.20209789276123
True,SHA,1.0,2,1.7,SHA_k1.00_s02.csv,2099321.8645196003,4930960.211706401,434359719136.337,1.0,36.13825317337589,100.0,250.0,1.0,1.4011253444120734e-08,0.03779278543616965,9.786230087280273
True,SHA,1.0,2,1.8,SHA_k1.00_s02.csv,2099321.8645196003,4930960.211706401,534398778906.71155,1.0,74.9154344097778,170.89274729946823,285.49305065887734,1.0,0.8994462168690073,0.023678663739244613,10.517643213272095
True,SHA,1.0,3,0.95,SHA_k1.00_s03.csv,1870469.7901340998,5600683.4985262,23953147104.21682,1.0,98.55458203153314,102.41621472565171,271.2456175633254,0.6056332408002962,0.11086855409418545,0.10064504355848691,35.41086792945862
True,SHA,1.0,3,1.1,SHA_k1.00_s03.csv,1870469.7901340998,5600683.4985262,52519398546.42984,1.0,66.10410975616978,110.51855189141577,250.30986831858425,0.6264413837278667,0.11426621396723326,0.06014353010083399,31.29215693473816
True,SHA,1.0,3,1.25,SHA_k1.00_s03.csv,1870469.7901340998,5600683.4985262,100234699620.98209,1.0,13.686460406010442,111.0150885617626,251.06719736167753,0.651570947740906,0.11657586540939267,0.07832149476616589,23.884164810180664
True,SHA,1.0,3,1.4,SHA_k1.00_s03.csv,1870469.7901340998,5600683.4985262,170139594460.56757,1.0,45.02176928182406,150.99934004388498,250.06490027957634,0.7883756082603005,0.14287777530742668,0.07327974389343157,15.943276166915894
True,SHA,1.0,3,1.55,SHA_k1.00_s03.csv,1870469.7901340998,5600683.4985262,267384211774.17026,1.0,54.66456577453928,150.07766406601914,250.0,0.8199457281642651,0.17507469692500824,0.11401095981466461,17.934669017791748
True,SHA,1.0,3,1.7,SHA_k1.00_s03.csv,1870469.7901340998,5600683.4985262,398900071531.68427,1.0,56.8504669690093,100.00054123875188,250.0,0.7596264572487225,0.1990160913584526,0.01115435349742839,16.910902976989746
True,SHA,1.0,3,1.8,SHA_k1.00_s03.csv,1870469.7901340998,5600683.4985262,502787433667.35944,1.0,25.331699296860577,100.00763029645142,250.0,0.8963421007914003,0.2736958693390366,0.006772484377998669,14.827980995178223
True,SHA,1.0,4,0.95,SHA_k1.00_s04.csv,2443968.1241171,5375732.374093801,47965012358.15912,1.0,62.85259327986815,109.052523585975,250.0,0.440214390457691,0.08352412646845629,0.061934981795116875,37.66638708114624
True,SHA,1.0,4,1.1,SHA_k1.00_s04.csv,2443968.1241171,5375732.374093801,91526310091.26338,1.0,1.5878468462278477,101.0328464362757,250.0,0.4263150293279815,0.08836588796448377,0.12839801006679027,35.29582905769348
True,SHA,1.0,4,1.25,SHA_k1.00_s04.csv,2443968.1241171,5375732.374093801,155638704332.99463,1.0,31.469641472363524,100.0,250.0,0.48283688822077064,0.09743079115697496,0.0124354592535936,24.511945009231567
True,SHA,1.0,4,1.4,SHA_k1.00_s04.csv,2443968.1241171,5375732.374093801,247587573432.90906,1.0,37.1117027384852,100.00759481279707,250.0,0.5073561235035734,0.10130604958253907,0.0,21.89936089515686
True,SHA,1.0,4,1.55,SHA_k1.00_s04.csv,2443968.1241171,5375732.374093801,370185611564.5211,1.0,40.50268862693364,100.0,250.0,0.5375293297638963,0.10241183531155663,0.04672718507242282,17.492460012435913
True,SHA,1.0,4,1.7,SHA_k1.00_s04.csv,2443968.1241171,5375732.374093801,525241766468.5085,1.0,16.233938442334996,100.0,250.0,0.5803157569558337,0.08998579999430473,0.012009633830903699,17.230310201644897
True,SHA,1.0,4,1.8,SHA_k1.00_s04.csv,2443968.1241171,5375732.374093801,646293959425.8677,1.0,30.503971356656777,100.000000155112,250.0,0.7120839539601511,0.11952166807728562,0.0,14.28309416770935
True,SHA,1.15,1,0.95,SHA_k1.15_s01.csv,2347429.034062028,8429569.781881388,42734033983.1067,1.0,56.422291327101085,100.48963678254647,250.0,0.3765949113196805,0.06271752208351515,0.002198301576587583,44.19601798057556
True,SHA,1.15,1,1.1,SHA_k1.15_s01.csv,2347429.034062028,8429569.781881388,79037250926.90205,1.0,56.10218610807701,100.03014404063326,250.0,0.39241335434849317,0.06503176990305415,0.15341043662879275,36.08096790313721
True,SHA,1.15,1,1.25,SHA_k1.15_s01.csv,2347429.034062028,8429569.781881388,135896155885.55504,1.0,46.85463187061454,100.0,250.0,0.4136101429593674,0.06822505414363796,0.0,25.006704092025757
True,SHA,1.15,1,1.4,SHA_k1.15_s01.csv,2347429.034062028,8429569.781881388,218371101977.94498,1.0,51.32748555472361,100.0,250.0,0.43447263808737374,0.07010721608193823,0.0,19.24353790283203
True,SHA,1.15,1,1.55,SHA_k1.15_s01.csv,2347429.034062028,8429569.781881388,329832215868.0272,1.0,46.08200593667364,100.0,250.0,0.450144327187759,0.07155146648252768,0.0,19.478545904159546
True,SHA,1.15,1,1.7,SHA_k1.15_s01.csv,2347429.034062028,8429569.781881388,470764819737.62115,1.0,23.937182339785622,100.0,250.0,0.5364713582736359,0.08026279225606789,0.06983441030400962,16.354900360107422
True,SHA,1.15,1,1.8,SHA_k1.15_s01.csv,2347429.034062028,8429569.781881388,591760758891.5262,1.0,3.5931820773669116,100.00000040698978,250.0,0.9618481816073916,0.5154129079144115,0.04253096805682371,12.05306601524353
True,SHA,1.15,2,0.95,SHA_k1.15_s02.csv,2084249.1485187027,9997027.105601875,34482286807.11008,1.0,48.74030505579443,141.14343325543672,297.48276366762144,0.6743458544145645,0.09285825835733677,0.02411923444952943,29.90606713294983
True,SHA,1.15,2,1.1,SHA_k1.15_s02.csv,2084249.1485187027,9997027.105601875,69209775549.9471,1.0132257800368285,51.78279996521962,137.58648951843347,266.3838652728286,0.6931649420230563,0.10163745363831131,0.005616284873985758,28.992881774902344
True,SHA,1.15,2,1.25,SHA_k1.15_s02.csv,2084249.1485187027,9997027.105601875,121557971699.52124,1.0,18.505314666759364,132.84367277948616,266.1229691826245,0.7125121830210548,0.11449823644048054,0.08571136606577652,25.900001049041748
True,SHA,1.15,2,1.4,SHA_k1.15_s02.csv,2084249.1485187027,9997027.105601875,196460565890.59454,1.0,24.529242232429272,119.25401025240647,254.66844621538826,0.6967421063954135,0.12051181216475658,0.07246573814584217,21.047884225845337
True,SHA,1.15,2,1.55,SHA_k1.15_s02.csv,2084249.1485187027,9997027.105601875,299116298324.8156,1.0,50.01551307082248,100.0004972936357,250.0,0.6559530199513712,0.12188882592376667,0.0,19.22294807434082
True,SHA,1.15,2,1.7,SHA_k1.15_s02.csv,2084249.1485187027,9997027.105601875,432783614901.23083,1.0,21.96814950538975,100.00152153004781,250.0,0.6590219076261152,0.12223620088034493,0.0,15.453684091567993
True,SHA,1.15,2,1.8,SHA_k1.15_s02.csv,2084249.1485187027,9997027.105601875,539806578192.56805,1.0,39.07054741893485,100.00000237112242,250.0,0.6617893139923707,0.12289538147673718,0.0,14.445463180541992
True,SHA,1.15,3,0.95,SHA_k1.15_s03.csv,2347429.034062028,8233493.278039962,37751687280.66774,1.0,58.51061011152497,101.15816232942525,250.54588041905794,0.41534604856484064,0.07285669179545563,0.06409855037089818,37.048428773880005
True,SHA,1.15,3,1.1,SHA_k1.15_s03.csv,2347429.034062028,8233493.278039962,72064654787.68242,1.0,68.3738491837842,100.57899360395203,250.0,0.4578010899271981,0.08253061643435922,0.1468679717593524,30.946240186691284
True,SHA,1.15,3,1.25,SHA_k1.15_s03.csv,2347429.034062028,8233493.278039962,126311554631.856,1.0,63.42920244123379,100.00014824678412,250.0,0.4698337330568236,0.08531904735747126,0.1342147942239412,32.22680616378784
True,SHA,1.15,3,1.4,SHA_k1.15_s03.csv,2347429.034062028,8233493.278039962,205851489187.68304,1.0,29.146323782312027,100.00018123537988,250.0,0.492649238346805,0.09085480742810602,0.1012998172855148,22.84912896156311
True,SHA,1.15,3,1.55,SHA_k1.15_s03.csv,2347429.034062028,8233493.278039962,314576130636.37897,1.0,25.28330037400076,100.00441581349047,250.0,0.47255736911891977,0.08449898487448877,0.005997289313776938,17.98250389099121
True,SHA,1.15,3,1.7,SHA_k1.15_s03.csv,2347429.034062028,8233493.278039962,455384163709.5117,1.0,47.77170452877235,100.0,250.0,0.49491728171487115,0.08991982220852189,0.0,17.309674978256226
True,SHA,1.15,3,1.8,SHA_k1.15_s03.csv,2347429.034062028,8233493.278039962,567173262850.2411,1.0,42.30962953816599,100.0,250.0,0.5512267079793622,0.10231583877309623,0.017261066034200565,18.069171905517578
True,SHA,1.15,4,0.95,SHA_k1.15_s04.csv,2514562.8265711316,9143574.61483104,62079341205.5041,1.0,54.849498118574466,109.504251287291,250.63177581541615,0.3500719704021569,0.06734890915422662,0.10648498347549576,40.423317670822144
True,SHA,1.15,4,1.1,SHA_k1.15_s04.csv,2514562.8265711316,9143574.61483104,105513242458.91754,1.0,64.15142748001598,109.97906172304785,250.0,0.41190823746315286,0.07566070574903075,0.08016038288566872,33.953293800354004
True,SHA,1.15,4,1.25,SHA_k1.15_s04.csv,2514562.8265711316,9143574.61483104,170452310684.20978,1.0,78.28919940928269,100.0,250.0,0.39932657174012665,0.07353725673578905,0.12715875762747922,25.67497181892395
True,SHA,1.15,4,1.4,SHA_k1.15_s04.csv,2514562.8265711316,9143574.61483104,262396343953.57465,1.0,54.792356640858394,100.25871595543015,250.0,0.42079170920858533,0.07719425631104626,0.0,19.521806955337524
True,SHA,1.15,4,1.55,SHA_k1.15_s04.csv,2514562.8265711316,9143574.61483104,385255198917.3672,1.0,45.119182061243166,100.00000521237968,250.0,0.44377464540459494,0.08220029466996848,0.026398538081453832,16.444341897964478
True,SHA,1.15,4,1.7,SHA_k1.15_s04.csv,2514562.8265711316,9143574.61483104,540323547277.7198,1.0,58.63267505291204,100.0,250.0,0.44994944560647826,0.08300708032139584,0.022776558933627178,14.606424808502197
True,SHA,1.15,4,1.8,SHA_k1.15_s04.csv,2514562.8265711316,9143574.61483104,663100093050.9222,1.0,38.79939279675671,100.00012442907042,250.0,0.451604151669708,0.08291915711930585,0.050964444909068624,14.58101201057434
True,SHA,1.3,1,0.95,SHA_k1.30_s01.csv,1967128.112917976,12831189.828346925,34008064504.687775,1.0,45.062602367479634,100.0,250.0,0.366613523321862,0.060732162035843834,0.11280460969015318,44.59502601623535
True,SHA,1.3,1,1.1,SHA_k1.30_s01.csv,1967128.112917976,12831189.828346925,67954597026.65921,1.0,52.88129848626759,100.00016374863675,250.0,0.3834473088223898,0.06263472146906167,0.12950250608580613,44.16370892524719
True,SHA,1.3,1,1.25,SHA_k1.30_s01.csv,1967128.112917976,12831189.828346925,124353360359.60358,1.0,30.04629719558831,100.0,250.0,0.38117251889335885,0.0616415789971177,0.13486140087580945,38.625771045684814
True,SHA,1.3,1,1.4,SHA_k1.30_s01.csv,1967128.112917976,12831189.828346925,205628315791.5263,1.0,46.1407444502666,100.0,250.0,0.43475610615131144,0.06942486198526539,0.04618651633905299,29.586959838867188
True,SHA,1.3,1,1.55,SHA_k1.30_s01.csv,1967128.112917976,12831189.828346925,316081495494.5345,1.0,42.98948504929786,100.07876593820163,250.0,0.45239010499066207,0.07187471397259551,0.07185808835338724,26.20229196548462
True,SHA,1.3,1,1.7,SHA_k1.30_s01.csv,1967128.112917976,12831189.828346925,457235926257.7037,1.0,51.18450553589681,100.00527898618472,250.0,0.48360551810661023,0.07725384560760439,0.0,21.946308851242065
True,SHA,1.3,1,1.8,SHA_k1.30_s01.csv,1967128.112917976,12831189.828346925,569044587991.4502,1.0,49.98251723104643,100.0,250.0,0.4969514639543662,0.07956668982187615,0.0,18.486552953720093
True,SHA,1.3,2,0.95,SHA_k1.30_s02.csv,2308022.016200896,11149431.561514687,50418545654.86235,1.0,80.45459008916343,109.69072518508099,250.19548308473668,0.3497055117656233,0.07434209658158944,0.15678796009258386,37.36972379684448
True,SHA,1.3,2,1.1,SHA_k1.30_s02.csv,2308022.016200896,11149431.561514687,87990213008.12952,1.0,78.33298666156384,109.23395712430384,250.0,0.3783418377299726,0.07891553131906756,0.03459105655174269,33.70486235618591
True,SHA,1.3,2,1.25,SHA_k1.30_s02.csv,2308022.016200896,11149431.561514687,146700834030.0103,1.0,78.89849890061471,102.04630499533347,250.0000001499691,0.3657964149039951,0.08026925773407347,0.06190748270826821,32.21420407295227
True,SHA,1.3,2,1.4,SHA_k1.30_s02.csv,2308022.016200896,11149431.561514687,231685680161.99924,1.0,60.47611024655853,100.00000012161286,250.0,0.3766332485327982,0.08109245920612193,0.11914864385506994,25.70761227607727
True,SHA,1.3,2,1.55,SHA_k1.30_s02.csv,2308022.016200896,11149431.561514687,346525791224.45575,1.0,56.03711709331312,100.03906696229447,250.0,0.42229740324329473,0.08725505605666245,0.031967296049529484,19.746792793273926
True,SHA,1.3,2,1.7,SHA_k1.30_s02.csv,2308022.016200896,11149431.561514687,490802741104.7412,1.0,74.02293214214544,100.00220357086143,250.0,0.4568037984044638,0.09007958505724437,0.09261556530376346,18.631524085998535
True,SHA,1.3,2,1.8,SHA_k1.30_s02.csv,2308022.016200896,11149431.561514687,604753287791.879,1.0,85.68120735040677,100.0031930491265,250.0,0.5082061198569306,0.10576473170665208,0.0,16.24422311782837
True,SHA,1.3,3,0.95,SHA_k1.30_s03.csv,1993002.542539016,9591124.59918486,24448400320.25026,1.0038680942779867,78.87796249800992,100.22738315072866,250.04912691414904,0.5272491384670484,0.07848314561324961,0.10199999606730484,39.95591926574707
True,SHA,1.3,3,1.1,SHA_k1.30_s03.csv,1993002.542539016,9591124.59918486,56682951247.10145,1.0,11.395909410558424,100.15727987230152,250.4174183750673,0.5562552526199833,0.09096067859439255,0.06323004723481487,36.49335312843323
True,SHA,1.3,3,1.25,SHA_k1.30_s03.csv,1993002.542539016,9591124.59918486,110667844311.44221,1.0,35.4298135736082,100.17802451596168,250.084047889403,0.5565236164748739,0.08425387320113985,0.11184611830153952,36.43868112564087
True,SHA,1.3,3,1.4,SHA_k1.30_s03.csv,1993002.542539016,9591124.59918486,192426966140.20865,1.0,23.116071506911585,100.0,250.0,0.5677806002865123,0.0940684221520983,0.10305020332763735,26.847060918807983
True,SHA,1.3,3,1.55,SHA_k1.30_s03.csv,1993002.542539016,9591124.59918486,301836794860.0912,1.0,34.07206538476255,100.04494406022718,250.0,0.6143435701361428,0.10330100423295717,0.0,18.048927068710327
True,SHA,1.3,3,1.7,SHA_k1.30_s03.csv,1993002.542539016,9591124.59918486,442314658167.05756,1.0,24.594209289638876,100.03441639666421,250.0,0.6383759339183365,0.11202495132809434,0.0,17.28959369659424
True,SHA,1.3,3,1.8,SHA_k1.30_s03.csv,1993002.542539016,9591124.59918486,554648241238.3856,1.0,39.47869494082552,100.0,250.0,0.6537277906736879,0.11685797253507009,0.002564747002120701,14.717164993286133
True,SHA,1.3,4,0.95,SHA_k1.30_s04.csv,3043576.3410812058,10938847.262490338,59427175520.73595,1.0,18.18496440203572,123.9484000922714,250.0238139411331,0.37731127798452274,0.06706117320359078,0.032639010893852724,34.04571509361267
True,SHA,1.3,4,1.1,SHA_k1.30_s04.csv,3043576.3410812058,10938847.262490338,104826031929.20944,1.0,38.71288517475962,117.5240734202224,250.0,0.3755841290292916,0.06756160906921375,0.04801196636191325,30.713857173919678
True,SHA,1.3,4,1.25,SHA_k1.30_s04.csv,3043576.3410812058,10938847.262490338,173446534981.44934,1.0,67.8166704017268,109.3415533419833,250.0,0.3870722901636654,0.07229718932664285,0.038888975728174714,29.89650321006775
True,SHA,1.3,4,1.4,SHA_k1.30_s04.csv,3043576.3410812058,10938847.262490338,267014167685.82025,1.0,4.413392700736785e-06,100.0,250.0,0.41272852428610735,0.044643713051871425,0.048783605430542776,22.775948762893677
True,SHA,1.3,4,1.55,SHA_k1.30_s04.csv,3043576.3410812058,10938847.262490338,387491261479.1804,1.0,25.205819814125086,100.0,250.0,0.5511257549195183,0.08455414090810541,0.03800470819980964,21.813931226730347
True,SHA,1.3,4,1.7,SHA_k1.30_s04.csv,3043576.3410812058,10938847.262490338,536066949043.68286,1.0,6.638167823367105,100.00000202737587,250.0,0.5669387645277058,0.09189434701749293,0.0,14.83961796760559
True,SHA,1.3,4,1.8,SHA_k1.30_s04.csv,3043576.3410812058,10938847.262490338,650883275801.2041,1.0,89.65265690192729,100.00128586986095,250.0,0.679532515602981,0.1020628469976069,0.015338984691127516,14.212254762649536
True,SHA,1.45,1,0.95,SHA_k1.45_s01.csv,2149982.481442054,16156328.06987403,57984764415.54476,1.0,23.402245229344878,100.0,250.0,0.2338705223636431,0.052930257158295815,0.07108565006589938,50.41718888282776
True,SHA,1.45,1,1.1,SHA_k1.45_s01.csv,2149982.481442054,16156328.06987403,96389717076.85475,1.0,38.704575455021136,100.0,250.0,0.2935914230908376,0.057458890331591926,0.14483274813096858,39.680896043777466
True,SHA,1.45,1,1.25,SHA_k1.45_s01.csv,2149982.481442054,16156328.06987403,155481973300.1556,1.0,29.772855452113614,100.0,250.0,0.30431868874472157,0.058305434613083136,0.16484178350868917,37.69554090499878
True,SHA,1.45,1,1.4,SHA_k1.45_s01.csv,2149982.481442054,16156328.06987403,241853911041.04166,1.0,29.605443358562688,100.0,250.0,0.3049682640010318,0.05782475702206261,0.13071937859621693,31.791993141174316
True,SHA,1.45,1,1.55,SHA_k1.45_s01.csv,2149982.481442054,16156328.06987403,359198612783.8531,1.0,37.023598859417625,100.0,250.0,0.31836646928112927,0.05906973104107708,0.10290728961885412,28.887304067611694
True,SHA,1.45,1,1.7,SHA_k1.45_s01.csv,2149982.481442054,16156328.06987403,505212577912.76514,1.0,60.87504493286289,100.0,250.0,0.3727097346258777,0.06635594062096166,0.05643360399702298,21.159369945526123
True,SHA,1.45,1,1.8,SHA_k1.45_s01.csv,2149982.481442054,16156328.06987403,621144861206.4119,1.0,56.61202957798322,100.0,250.0,0.3924545501442463,0.06729626321379624,0.0,14.809014081954956
True,SHA,1.45,2,0.95,SHA_k1.45_s02.csv,3343380.4495632593,13628617.456968708,77725352420.88643,1.0,56.676003384097534,124.6737575977892,250.0,0.39544851451754326,0.07255195679766906,0.13814053009035704,31.28155779838562
True,SHA,1.45,2,1.1,SHA_k1.45_s02.csv,3343380.4495632593,13628617.456968708,121086104912.461,1.0,54.019085465306496,120.23458294174354,250.0,0.4464996465356725,0.07975754416823,0.11826547533827388,28.455744981765747
True,SHA,1.45,2,1.25,SHA_k1.45_s02.csv,3343380.4495632593,13628617.456968708,185746523382.0067,1.0071995454494622,35.01726290315245,111.0378129854242,252.06555390334807,0.31451159470128,0.024411485462087545,0.08149626147643191,27.56621289253235
True,SHA,1.45,2,1.4,SHA_k1.45_s02.csv,3343380.4495632593,13628617.456968708,269604443885.01654,1.0,13.208837753570208,100.046963196383,250.0,0.2396926117652961,0.01744383013050936,0.0001214802891573441,31.263025760650635
True,SHA,1.45,2,1.55,SHA_k1.45_s02.csv,3343380.4495632593,13628617.456968708,387184801853.05206,1.0,0.03215124877108875,100.00054420735611,250.0,0.24645891906287612,0.01636273164647292,0.08422448999269604,19.3316490650177
True,SHA,1.45,2,1.7,SHA_k1.45_s02.csv,3343380.4495632593,13628617.456968708,535122250709.62555,1.0,0.0,100.00000009248906,250.0,0.2109744588194433,0.010884492029410891,0.06168011624398306,23.077289819717407
True,SHA,1.45,2,1.8,SHA_k1.45_s02.csv,3343380.4495632593,13628617.456968708,649875311301.2697,1.0,0.0,100.0,250.0,0.0015203727284120567,0.004300568444572084,0.06061050061122693,13.916573762893677
True,SHA,1.45,3,0.95,SHA_k1.45_s03.csv,2511807.865287909,15618254.782024764,51971829420.60233,1.0,56.433408454064754,100.0,250.0,0.35690960676241523,0.06334019300150913,0.1558846771755087,43.44329118728638
True,SHA,1.45,3,1.1,SHA_k1.45_s03.csv,2511807.865287909,15618254.782024764,90051738146.65315,1.0,54.48617088499418,100.0,250.0,0.3764463284528151,0.06469981269204564,0.0932376944685966,38.67877507209778
True,SHA,1.45,3,1.25,SHA_k1.45_s03.csv,2511807.865287909,15618254.782024764,150019548473.65137,1.0,52.41369994058912,100.0,250.0,0.37774650962913187,0.0643382226711312,0.1180824343246044,34.664915323257446
True,SHA,1.45,3,1.4,SHA_k1.45_s03.csv,2511807.865287909,15618254.782024764,234181291867.9905,1.0,52.24990979648071,100.0,250.0,0.44642056732526747,0.06716379235754812,0.04597109262432147,26.479944944381714
True,SHA,1.45,3,1.55,SHA_k1.45_s03.csv,2511807.865287909,15618254.782024764,347564681699.7018,1.0,62.65895000870238,100.0,250.0,0.4594087855266305,0.0682140505674687,0.0,18.406953811645508
True,SHA,1.45,3,1.7,SHA_k1.45_s03.csv,2511807.865287909,15618254.782024764,491133074620.25824,1.0,21.255321997720976,100.0,250.0,0.5226770280382119,0.07369597120663945,0.056053447040254084,18.334431886672974
True,SHA,1.45,3,1.8,SHA_k1.45_s03.csv,2511807.865287909,15618254.782024764,604288861648.5436,1.0,30.839895151337828,100.0,250.0,0.5569135325965814,0.07820268790115176,0.04339038204127497,15.266791820526123
True,SHA,1.45,4,0.95,SHA_k1.45_s04.csv,2459064.0072459443,13884224.806514652,45467446701.38437,1.0,64.7284142694053,100.00000147049207,250.33981161858546,0.39482608565000943,0.061307369265706284,0.08599010391235491,42.712241888046265
True,SHA,1.45,4,1.1,SHA_k1.45_s04.csv,2459064.0072459443,13884224.806514652,84795472672.55005,1.0,80.00017687891632,100.0,250.0,0.44619089655420163,0.07003989307145389,0.02302170073886685,38.96362805366516
True,SHA,1.45,4,1.25,SHA_k1.45_s04.csv,2459064.0072459443,13884224.806514652,142133362468.6061,1.0,99.93662090792574,100.00913931504408,250.0,0.5167343461915013,0.0788441058896702,0.07946949459759739,29.26239514350891
True,SHA,1.45,4,1.4,SHA_k1.45_s04.csv,2459064.0072459443,13884224.806514652,224139562406.58612,1.0,56.146874365141876,100.06789732462158,250.0,0.5237131897969654,0.07974016370148888,0.07939819176025587,29.977771043777466
True,SHA,1.45,4,1.55,SHA_k1.45_s04.csv,2459064.0072459443,13884224.806514652,336612843391.3056,1.0,12.484225749651166,100.00181094222951,250.0,0.5469189981625167,0.08103675682519626,0.0,22.36395287513733
True,SHA,1.45,4,1.7,SHA_k1.45_s04.csv,2459064.0072459443,13884224.806514652,480763680866.86676,1.0,43.76905084874815,100.00787672221665,250.0,0.5586822068130252,0.07990095911969827,0.03706472599713122,17.551212072372437
True,SHA,1.45,4,1.8,SHA_k1.45_s04.csv,2459064.0072459443,13884224.806514652,595313947286.4038,1.0,82.19394590456056,100.00083790941373,250.0,0.601382799421333,0.08799866305966798,0.0,16.720970153808594
True,SHA,1.6,1,0.95,SHA_k1.60_s01.csv,2326331.6277046725,20215091.336433925,79382499517.3112,1.0,24.683043611926472,100.00017237551796,250.0,0.21413463158073967,0.05541069454396369,0.0640513492033799,44.77351927757263
True,SHA,1.6,1,1.1,SHA_k1.60_s01.csv,2326331.6277046725,20215091.336433925,122591308513.38254,1.0,29.84378200605191,100.0,250.0,0.24203357903054304,0.05801653738747583,0.1816130412669833,41.174694776535034
True,SHA,1.6,1,1.25,SHA_k1.60_s01.csv,2326331.6277046725,20215091.336433925,186007584832.03745,1.0,26.578589895633822,100.0,250.0,0.266202544863874,0.059057752595117786,0.007212735848214358,38.40213394165039
True,SHA,1.6,1,1.4,SHA_k1.60_s01.csv,2326331.6277046725,20215091.336433925,277198920154.5567,1.0,22.267937005026788,100.4934187089209,250.0,0.2679549540958227,0.058563533118968315,0.12742439645406603,31.78775382041931
True,SHA,1.6,1,1.55,SHA_k1.60_s01.csv,2326331.6277046725,20215091.336433925,398261605832.1101,1.0,28.385058913556474,100.0,250.0,0.28498687971704584,0.05992347016621266,0.0013251387368724832,33.05101990699768
True,SHA,1.6,1,1.7,SHA_k1.60_s01.csv,2326331.6277046725,20215091.336433925,551608076029.1442,1.0,57.63993798900719,100.0,250.0,0.3056372612266006,0.062155981016402045,0.0931307477466688,25.143840074539185
True,SHA,1.6,1,1.8,SHA_k1.60_s01.csv,2326331.6277046725,20215091.336433925,672342532735.5449,1.0,53.48793875581891,100.0,250.00092145779269,0.3155306725329896,0.06286076268876815,0.0745691637903375,19.954530239105225
True,SHA,1.6,2,0.95,SHA_k1.60_s02.csv,3091750.542689312,15644906.958398081,85831954205.10216,1.0,39.43188004639621,101.66850803933599,250.0,0.2918203304033201,0.05928743562516934,0.08404559476583236,36.96116781234741
True,SHA,1.6,2,1.1,SHA_k1.60_s02.csv,3091750.542689312,15644906.958398081,126429298764.93912,1.0,39.163294904479336,100.0,250.0,0.3162004605151898,0.060439404234569186,0.16332486902854432,34.338984966278076
True,SHA,1.6,2,1.25,SHA_k1.60_s02.csv,3091750.542689312,15644906.958398081,192071577743.2079,1.0,37.87659920525863,100.0,250.0,0.32362427913002506,0.060553244204870973,0.040785425601827865,31.931828022003174
True,SHA,1.6,2,1.4,SHA_k1.60_s02.csv,3091750.542689312,15644906.958398081,285770607413.30554,1.0,0.05824239563090668,100.0,250.0,0.40851561801898645,0.06835722346028612,0.04567199253005109,25.251877784729004
True,SHA,1.6,2,1.55,SHA_k1.60_s02.csv,3091750.542689312,15644906.958398081,407789253258.15015,1.0,59.87981024275834,100.0,250.0,0.44395743467170967,0.07193973442056223,0.013526776310417349,21.83935308456421
True,SHA,1.6,2,1.7,SHA_k1.60_s02.csv,3091750.542689312,15644906.958398081,562119486351.0623,1.0,46.79185373825274,100.01002503107311,250.0,0.45827973347852513,0.07681897778552071,0.04222168387822261,19.993818759918213
True,SHA,1.6,2,1.8,SHA_k1.60_s02.csv,3091750.542689312,15644906.958398081,681991799831.7083,1.0021007319068196,0.0,100.0,250.0,0.006573630199490238,0.0062618884297071875,0.0,17.142980098724365
True,SHA,1.6,3,0.95,SHA_k1.60_s03.csv,2886493.387093472,15922288.598827299,39754190143.72269,1.0,93.62133309028613,112.06468065177154,250.007878068273,0.43760470355562736,0.06859544862325077,0.0008706208729034604,42.617141008377075
True,SHA,1.6,3,1.1,SHA_k1.60_s03.csv,2886493.387093472,15922288.598827299,75292296323.25665,1.0,88.4750956294164,113.35003158799022,250.0,0.47721933861904237,0.0717606091549389,0.10321343749788547,36.44469594955444
True,SHA,1.6,3,1.25,SHA_k1.60_s03.csv,2886493.387093472,15922288.598827299,132888641272.92857,1.0,46.533971039326055,100.55251002133951,250.0,0.46056780416443205,0.07325087021504192,0.07064255811092779,31.645319938659668
True,SHA,1.6,3,1.4,SHA_k1.60_s03.csv,2886493.387093472,15922288.598827299,217647257548.50497,1.0,34.61210752257244,112.3644158347699,250.0,0.5378423437935685,0.07963928957453033,0.10618303221170454,23.369916915893555
True,SHA,1.6,3,1.55,SHA_k1.60_s03.csv,2886493.387093472,15922288.598827299,326633473051.0272,1.0,83.40722154562783,114.32781705572911,250.0,0.6137855977764785,0.09661934899678211,0.09891097157319372,22.104882955551147
True,SHA,1.6,3,1.7,SHA_k1.60_s03.csv,2886493.387093472,15922288.598827299,469393577876.9517,1.0,30.138035693989888,100.72304254260956,250.0,0.6073598231993691,0.10384604172704184,0.0,17.476067066192627
True,SHA,1.6,3,1.8,SHA_k1.60_s03.csv,2886493.387093472,15922288.598827299,583831548875.6923,1.0,4.007808057107219,100.0307423372737,250.0,0.6068744279132618,0.10348912661954485,0.06247537344406023,18.688107013702393
True,SHA,1.6,4,0.95,SHA_k1.60_s04.csv,3643184.558045312,15802009.84189568,127744544854.3921,1.0,28.168693868951813,103.91490501919601,250.0,0.18228070714334416,0.048613427955911254,0.09393993165653097,34.52680492401123
True,SHA,1.6,4,1.1,SHA_k1.60_s04.csv,3643184.558045312,15802009.84189568,181544529230.83243,1.0,29.526864874924406,100.00000000000003,250.0,0.23271766239024852,0.054276507112155176,0.1090015836804049,34.30715894699097
True,SHA,1.6,4,1.25,SHA_k1.60_s04.csv,3643184.558045312,15802009.84189568,258415577283.18015,1.0,32.54434465250036,100.0,250.0,0.2284226465078242,0.05335746221612964,0.0374238917506078,33.847912073135376
True,SHA,1.6,4,1.4,SHA_k1.60_s04.csv,3643184.558045312,15802009.84189568,363754343908.72455,1.0,19.366167202021465,100.0,250.0,0.27756568508341767,0.0561088897329217,0.056231821948846177,28.197674989700317
True,SHA,1.6,4,1.55,SHA_k1.60_s04.csv,3643184.558045312,15802009.84189568,498980387649.15265,1.0,19.33218650707724,100.0,250.0,0.3094261998626532,0.05816563751030273,0.0,22.793648958206177
True,SHA,1.6,4,1.7,SHA_k1.60_s04.csv,3643184.558045312,15802009.84189568,667696055532.3414,1.0,8.680118446837264,100.0,250.0,0.32960015974806944,0.059438550905031556,0.03791484670790281,17.151883125305176
True,SHA,1.6,4,1.8,SHA_k1.60_s04.csv,3643184.558045312,15802009.84189568,799598193716.2094,1.0,10.096569701602357,100.0,250.0,0.3335726086834726,0.05895598048890263,0.0016240110659543339,17.098940134048462
True,SHA,1.8,1,0.95,SHA_k1.80_s01.csv,2561463.822721496,26196002.040044926,132873159776.40335,1.0,11.658848007501966,100.15023315486094,250.0,0.10478595082365594,0.05305942637091176,0.08100406398446094,42.14585280418396
True,SHA,1.8,1,1.1,SHA_k1.80_s01.csv,2561463.822721496,26196002.040044926,184228645240.08014,1.0,21.59112934126709,101.79100480568603,250.0,0.15353151659672315,0.054600527885874474,0.11661663205393524,39.702857971191406
True,SHA,1.8,1,1.25,SHA_k1.80_s01.csv,2561463.822721496,26196002.040044926,254399479700.63995,1.0,22.57166733984072,100.0,250.0,0.16588796605130898,0.05628672636267271,0.08003796377377062,37.65370297431946
True,SHA,1.8,1,1.4,SHA_k1.80_s01.csv,2561463.822721496,26196002.040044926,349760865938.06195,1.0,28.44809310766343,100.0,250.0,0.18340668618270328,0.057623251564931595,0.09569387149772693,37.50706672668457
True,SHA,1.8,1,1.55,SHA_k1.80_s01.csv,2561463.822721496,26196002.040044926,475659147441.9277,1.0,26.284616049622947,100.0,250.0,0.18127435849430082,0.05706281982929934,0.015919336104530377,27.920109033584595
True,SHA,1.8,1,1.7,SHA_k1.80_s01.csv,2561463.822721496,26196002.040044926,634792872340.4049,1.0,23.633994621557065,100.0066094449763,250.0,0.2159407535422528,0.05848614924382413,0.0,19.00167489051819
True,SHA,1.8,1,1.8,SHA_k1.80_s01.csv,2561463.822721496,26196002.040044926,758942559121.7654,1.0,56.52008582679662,100.0,250.0,0.27625967710422283,0.06281881537765685,0.04504216586990446,17.881246089935303
True,SHA,1.8,2,0.95,SHA_k1.80_s02.csv,2945151.2340642563,23914445.58306223,81223452634.10486,1.0,11.343978664272768,100.0,250.09363481690863,0.21839918126875726,0.05304276147842365,0.052086093307473894,41.328911781311035
True,SHA,1.8,2,1.1,SHA_k1.80_s02.csv,2945151.2340642563,23914445.58306223,127715185875.2568,1.0,26.56517006753197,100.0,250.0,0.22631871832845463,0.053410834841032366,0.14006832256708543,40.099947929382324
True,SHA,1.8,2,1.25,SHA_k1.80_s02.csv,2945151.2340642563,23914445.58306223,199177830246.56992,1.0,25.318722919423312,100.65806734997543,251.1935692170107,0.2280656942492762,0.0525039008083419,0.03906215819189113,33.80001211166382
True,SHA,1.8,2,1.4,SHA_k1.80_s02.csv,2945151.2340642563,23914445.58306223,293289992303.61115,1.0,39.50075813305739,100.0,250.0,0.3906806004756214,0.06673152967770525,0.037260765870683527,34.20429992675781
True,SHA,1.8,2,1.55,SHA_k1.80_s02.csv,2945151.2340642563,23914445.58306223,408891276047.32513,1.0,73.67112121082484,100.0,250.0,0.43103579781720675,0.07871788306676725,0.0,25.807188034057617
True,SHA,1.8,2,1.7,SHA_k1.80_s02.csv,2945151.2340642563,23914445.58306223,556507710303.2933,1.0,55.14247817350682,100.0,250.0,0.434568099096741,0.0782762932193183,0.02363491997391727,24.019849061965942
True,SHA,1.8,2,1.8,SHA_k1.80_s02.csv,2945151.2340642563,23914445.58306223,674114675027.6228,1.0,49.217624862461214,100.0,250.0,0.45996718048963287,0.0794371167014238,0.0,18.116525173187256
True,SHA,1.8,3,0.95,SHA_k1.80_s03.csv,4042923.3693547165,14880246.965845333,193374413903.14313,1.0,14.079392256641203,106.41341095935847,250.0,0.10483640151693167,0.052411560083686505,0.09032319684017977,30.711287021636963
True,SHA,1.8,3,1.1,SHA_k1.80_s03.csv,4042923.3693547165,14880246.965845333,254012986921.23035,1.0,30.680407770265028,102.31911306621652,250.0,0.2165872069617333,0.05973580074637003,0.0,28.33927297592163
True,SHA,1.8,3,1.25,SHA_k1.80_s03.csv,4042923.3693547165,14880246.965845333,333682560569.737,1.0,51.12217775333651,100.0,250.0,0.2998488526848274,0.0664008181554371,0.0,21.35919213294983
True,SHA,1.8,3,1.4,SHA_k1.80_s03.csv,4042923.3693547165,14880246.965845333,441314006311.6355,1.0,53.48867723125289,100.89189361860633,250.0,0.3123931173612073,0.06672968804519742,0.026146267781507568,17.181409120559692
True,SHA,1.8,3,1.55,SHA_k1.80_s03.csv,4042923.3693547165,14880246.965845333,581656016752.8273,1.0,37.51940723194408,100.0,250.0,0.31830364205082334,0.06458498497124605,0.030076155593594833,17.520670413970947
True,SHA,1.8,3,1.7,SHA_k1.80_s03.csv,4042923.3693547165,14880246.965845333,750080335119.5944,1.0,22.374403267821386,100.00073249076091,250.0,0.5691615066092734,0.09396157755615524,0.053436619387771556,16.018437147140503
True,SHA,1.8,3,1.8,SHA_k1.80_s03.csv,4042923.3693547165,14880246.965845333,879751947716.9889,1.0,10.500655749830536,100.0,250.0,0.5771935045782175,0.09621372246827475,0.03868035128664529,15.025908946990967
True,SHA,1.8,4,0.95,SHA_k1.80_s04.csv,3010626.3681853153,23334136.174950384,118578502650.09436,1.0,38.72271447305722,109.13539062676482,250.0,0.2501827908947035,0.06992534368792534,0.11776932662855957,39.42159676551819
True,SHA,1.8,4,1.1,SHA_k1.80_s04.csv,3010626.3681853153,23334136.174950384,168505955755.1939,1.0,43.56173573861633,105.07844751553559,250.0,0.2629616696154947,0.0712311061875426,0.08755014351104824,39.58398699760437
True,SHA,1.8,4,1.25,SHA_k1.80_s04.csv,3010626.3681853153,23334136.174950384,240434173926.1354,1.0,58.6045704524296,101.70833642045477,250.1136294778693,0.286009499296324,0.07308488831919994,0.04563749630357778,30.735018968582153
True,SHA,1.8,4,1.4,SHA_k1.80_s04.csv,3010626.3681853153,23334136.174950384,337779290175.1928,1.0,53.75999951119932,100.00000115397154,250.0,0.2927890974218677,0.07477217071917534,0.0,33.11733889579773
True,SHA,1.8,4,1.55,SHA_k1.80_s04.csv,3010626.3681853153,23334136.174950384,465444632111.02234,1.0,50.74137257621163,100.0,250.0,0.29832069583368975,0.0751117210837875,0.050852225654221185,25.648478031158447
True,SHA,1.8,4,1.7,SHA_k1.80_s04.csv,3010626.3681853153,23334136.174950384,627174919667.3768,1.0,39.0023204740039,100.0,250.0,0.2975328141358402,0.07445575399533542,0.0,22.09912395477295
True,SHA,1.8,4,1.8,SHA_k1.80_s04.csv,3010626.3681853153,23334136.174950384,752956867399.2655,1.0,66.31982896923076,100.00392234522114,250.0,0.3977199263651451,0.08607390888854319,0.022356381784035623,16.288400888442993
True,SHA,2.0,1,0.95,SHA_k2.00_s01.csv,2796596.0177383204,34000678.1647742,178211588629.516,1.0,50.035278267048994,100.0,250.0,0.0,0.04908487573380196,0.2,40.57951307296753
True,SHA,2.0,1,1.1,SHA_k2.00_s01.csv,2796596.0177383204,34000678.1647742,248662138962.70706,1.0,48.08620068160113,103.88059574518101,250.34275078731332,0.0003723806643382656,0.04705077865464218,0.17238758013871747,36.055684089660645
True,SHA,2.0,1,1.25,SHA_k2.00_s01.csv,2796596.0177383204,34000678.1647742,326026759044.8362,1.0,19.418853012835317,100.0,250.0,0.1198289388299241,0.05579052148003004,0.05204946033187175,31.151240825653076
True,SHA,2.0,1,1.4,SHA_k2.00_s01.csv,2796596.0177383204,34000678.1647742,427000470035.43005,1.0,24.588516137858957,100.0,250.0,0.16305866164535507,0.05705206602628715,0.0,31.3679621219635
True,SHA,2.0,1,1.55,SHA_k2.00_s01.csv,2796596.0177383204,34000678.1647742,557229978411.6582,1.0,22.512760703998428,100.0,250.0,0.15637639867209835,0.056148781253096414,0.09476776556598071,29.16702103614807
True,SHA,2.0,1,1.7,SHA_k2.00_s01.csv,2796596.0177383204,34000678.1647742,721282547114.8575,1.0,22.48787528363955,100.0,250.0,0.16604291282843964,0.056368167453701615,0.026307700051287727,25.64024806022644
True,SHA,2.0,1,1.8,SHA_k2.00_s01.csv,2796596.0177383204,34000678.1647742,851538625566.0782,1.0,4.516916016688355,100.0,250.0,0.17529038650981402,0.05659564882402843,0.07457006629361285,18.656480073928833
True,SHA,2.0,2,0.95,SHA_k2.00_s02.csv,3753369.6614691196,30142324.578683805,164574480532.84018,1.0,37.698104430357596,100.0,251.38800184545497,0.24713964341033046,0.057309299505499296,0.10543299961028495,34.44499111175537
True,SHA,2.0,2,1.1,SHA_k2.00_s02.csv,3753369.6614691196,30142324.578683805,210519534878.97546,1.0,22.3806459292105,100.0,250.0,0.25995246687425144,0.05818842941606361,0.1774217743086847,32.63892984390259
True,SHA,2.0,2,1.25,SHA_k2.00_s02.csv,3753369.6614691196,30142324.578683805,280615295248.38715,1.0,25.56779706343725,100.0,250.0,0.2625912739038603,0.0579037333503221,0.08133100478126822,34.55610680580139
True,SHA,2.0,2,1.4,SHA_k2.00_s02.csv,3753369.6614691196,30142324.578683805,381137483365.1009,1.0,38.16781194416256,100.01850550068517,250.0,0.2662142240857507,0.05780386764176434,0.1337666269780734,32.20739507675171
True,SHA,2.0,2,1.55,SHA_k2.00_s02.csv,3753369.6614691196,30142324.578683805,513326740147.58246,1.0,7.531196940131944,100.15240375029809,250.0,0.3057817618235419,0.06048657648206114,0.0,31.10076594352722
True,SHA,2.0,2,1.7,SHA_k2.00_s02.csv,3753369.6614691196,30142324.578683805,678030406401.5818,1.0,0.43202935955754607,100.0,250.0,0.30966657371330797,0.060308276210808316,0.08692951283530713,23.516717195510864
True,SHA,2.0,2,1.8,SHA_k2.00_s02.csv,3753369.6614691196,30142324.578683805,805834091690.9016,1.0,43.025886412242194,100.0,250.0,0.3469482221285753,0.06377049417634566,0.010476861042886351,22.606407165527344
True,SHA,2.0,3,0.95,SHA_k2.00_s03.csv,2526070.654870802,22645034.744841963,54621587811.78501,1.0,65.98437119833233,124.45440751197523,250.0,0.4491767313916005,0.06721982009783915,0.03369841760858987,33.80900192260742
True,SHA,2.0,3,1.1,SHA_k2.00_s03.csv,2526070.654870802,22645034.744841963,91689196463.0132,1.0,78.51161310748506,108.42586328626366,252.2086816762568,0.5280523834108741,0.0813288608699098,0.05441858805700846,30.965885162353516
True,SHA,2.0,3,1.25,SHA_k2.00_s03.csv,2526070.654870802,22645034.744841963,156234899020.85828,1.0,0.45853589077368856,100.04748670785222,250.0,0.5441964883017976,0.09600360242688397,0.0,30.84284806251526
True,SHA,2.0,3,1.4,SHA_k2.00_s03.csv,2526070.654870802,22645034.744841963,253590402110.3204,1.0,60.962165834351694,104.92955994802692,250.24761629191408,0.5645756494494594,0.09646406349317922,0.10038615190547351,23.556742191314697
True,SHA,2.0,3,1.55,SHA_k2.00_s03.csv,2526070.654870802,22645034.744841963,381164460909.37054,1.0,0.009829891874968803,100.0,250.0,0.5957578179408842,0.09804322869371489,0.007217498520671134,22.551986932754517
True,SHA,2.0,3,1.7,SHA_k2.00_s03.csv,2526070.654870802,22645034.744841963,541030511289.982,1.0,23.00112584433707,100.00005991936833,250.0,0.6051040109590967,0.09891209621048698,0.06209354554159888,18.646541118621826
True,SHA,2.0,3,1.8,SHA_k2.00_s03.csv,2526070.654870802,22645034.744841963,666512386722.88,1.0,0.0,100.00020214529954,250.0,0.6086340148598787,0.09878995000499705,0.010826047705804899,15.570642948150635
True,SHA,2.0,4,0.95,SHA_k2.00_s04.csv,2826394.79829152,24001941.88423036,82297549676.35434,1.0,45.10530043297919,100.0,250.0,0.3017468836112951,0.0668375764633115,0.09623304223287685,38.87367486953735
True,SHA,2.0,4,1.1,SHA_k2.00_s04.csv,2826394.79829152,24001941.88423036,129672185762.89145,1.0,65.24048127463121,100.0,250.0,0.31410190955567485,0.06700731192381457,0.15021698077809095,38.11889314651489
True,SHA,2.0,4,1.25,SHA_k2.00_s04.csv,2826394.79829152,24001941.88423036,201249747041.17062,1.0,71.1088291670968,100.0,250.0,0.3230557992884965,0.06838215622359954,0.09557337818011319,32.44171977043152
True,SHA,2.0,4,1.4,SHA_k2.00_s04.csv,2826394.79829152,24001941.88423036,300894950218.5773,1.0,60.11676522315439,100.0,250.0,0.32658474831483447,0.06840738211212759,0.06001076132410197,31.574053287506104
True,SHA,2.0,4,1.55,SHA_k2.00_s04.csv,2826394.79829152,24001941.88423036,432859515459.79974,1.0,13.451696691270321,100.0,250.0,0.3375621384471494,0.06898226698539907,0.08117925434970677,25.024290084838867
True,SHA,2.0,4,1.7,SHA_k2.00_s04.csv,2826394.79829152,24001941.88423036,597544987346.7603,1.0,49.30449134610302,100.0,250.0,0.37609971259721725,0.07246412157927379,0.07322616487271369,19.202450037002563
True,SHA,2.0,4,1.8,SHA_k2.00_s04.csv,2826394.79829152,24001941.88423036,724625221180.5074,1.0,80.99999764710418,100.0,250.0,0.4445188631202888,0.07766100388165256,0.058125641052502744,17.988990306854248
True,SHA,2.2,1,0.95,SHA_k2.20_s01.csv,3020719.375081904,39657605.57888452,226296554741.94098,1.0,55.607114291205164,100.0,250.0,0.0,0.04779105984016372,0.1964410803099293,35.2545440196991
True,SHA,2.2,1,1.1,SHA_k2.20_s01.csv,3020719.375081904,39657605.57888452,296843777939.5795,1.0,13.271517624291972,100.0,250.0,0.07242045935460274,0.052360823138673476,0.04842463572822381,34.54956007003784
True,SHA,2.2,1,1.25,SHA_k2.20_s01.csv,3020719.375081904,39657605.57888452,376670592023.9043,1.0,23.35970432655567,100.00000000010489,250.0,0.12478963940439515,0.05716087437447993,0.022984143766583046,36.53933000564575
True,SHA,2.2,1,1.4,SHA_k2.20_s01.csv,3020719.375081904,39657605.57888452,481262301066.79956,1.0,21.76670552783499,100.0,250.0,0.15583080688887407,0.05984379589100295,0.0,32.39777588844299
True,SHA,2.2,1,1.55,SHA_k2.20_s01.csv,3020719.375081904,39657605.57888452,615341528884.4988,1.0,26.428962548401767,100.0,250.0,0.1533662151179962,0.05912409018730202,0.03776156089101112,29.137383937835693
True,SHA,2.2,1,1.7,SHA_k2.20_s01.csv,3020719.375081904,39657605.57888452,783815654500.1608,1.0,24.49812698313656,100.0,250.0,0.14104861729465398,0.0573997348696619,0.008305542805484428,29.0267550945282
True,SHA,2.2,1,1.8,SHA_k2.20_s01.csv,3020719.375081904,39657605.57888452,916094882619.7239,1.0,21.460270781100185,100.0,250.0,0.12778960642995157,0.05442472904475217,0.07362000880046156,24.47289276123047
True,SHA,2.2,2,0.95,SHA_k2.20_s02.csv,4084179.2208590237,35685285.31416247,207298418125.9168,1.0,31.41990418059144,100.00000000000027,250.31250601111623,0.18590251833572616,0.05529571045712888,0.09497063764751175,32.29552888870239
True,SHA,2.2,2,1.1,SHA_k2.20_s02.csv,4084179.2208590237,35685285.31416247,259217546309.9862,1.0,25.84820460163898,101.75025046655189,250.0,0.202510928457978,0.0556860963553928,0.03349665270562166,39.433947801589966
True,SHA,2.2,2,1.25,SHA_k2.20_s02.csv,4084179.2208590237,35685285.31416247,335015835419.46075,1.0,19.75515738213312,102.35456188049066,250.11122650339706,0.2107609390851815,0.05578310999089,0.07653809902855563,35.98588013648987
True,SHA,2.2,2,1.4,SHA_k2.20_s02.csv,4084179.2208590237,35685285.31416247,437871493106.97314,1.0,21.805127882889515,100.0,250.0,0.21355796886658293,0.05669603545427129,0.0,32.74620008468628
True,SHA,2.2,2,1.55,SHA_k2.20_s02.csv,4084179.2208590237,35685285.31416247,574418875055.048,1.0,28.882510256089844,100.0,250.0,0.21671523783155577,0.056586442395459666,0.0,33.25234317779541
True,SHA,2.2,2,1.7,SHA_k2.20_s02.csv,4084179.2208590237,35685285.31416247,746506354860.619,1.0,4.547799985319208e-06,100.000016610172,250.0,0.2197877501979564,0.0564315296137048,0.009373982263342545,26.33918309211731
True,SHA,2.2,2,1.8,SHA_k2.20_s02.csv,4084179.2208590237,35685285.31416247,879395082252.9995,1.0,27.332502911418437,100.0,250.0,0.2340405138256205,0.057546301037697443,0.009017394064098738,30.434096097946167
True,SHA,2.2,3,0.95,SHA_k2.20_s03.csv,3120492.382856344,34426878.07884141,112652083176.79572,1.0,18.43577800551404,102.31439913116483,252.30605190679813,0.15848199822126405,0.053423729119502515,0.013205218058375379,42.5663001537323
True,SHA,2.2,3,1.1,SHA_k2.20_s03.csv,3120492.382856344,34426878.07884141,171432621706.64203,1.0,39.0886949289401,101.73221544774228,256.84725205506174,0.18938018464526465,0.05593135076928591,0.09054480262057214,36.49908995628357
True,SHA,2.2,3,1.25,SHA_k2.20_s03.csv,3120492.382856344,34426878.07884141,248087629465.443,1.0,25.45169935481597,100.0,252.2670407215371,0.18819877843207394,0.05699771002141159,0.09508976413820411,38.37297201156616
True,SHA,2.2,3,1.4,SHA_k2.20_s03.csv,3120492.382856344,34426878.07884141,354324184206.8013,1.0,24.525504549191332,100.0,250.0,0.17440801942960538,0.054941092766148766,0.0,38.819255113601685
True,SHA,2.2,3,1.55,SHA_k2.20_s03.csv,3120492.382856344,34426878.07884141,494022465214.92224,1.0,23.379366762425263,100.0,250.0,0.18067197991844478,0.054451754754032834,0.06880439611918267,35.270652294158936
True,SHA,2.2,3,1.7,SHA_k2.20_s03.csv,3120492.382856344,34426878.07884141,666025144612.5875,1.0,38.332697816764444,100.0,250.0,0.19548394586055526,0.05680086249011658,0.042567753757168494,30.770233154296875
True,SHA,2.2,3,1.8,SHA_k2.20_s03.csv,3120492.382856344,34426878.07884141,799186542490.0173,1.0,24.445408364644454,100.0,250.0,0.19797206228336212,0.05673488812330721,0.0,23.4929621219635
True,SHA,2.2,4,0.95,SHA_k2.20_s04.csv,4842400.991973525,28539929.560102787,279542594930.69867,1.0,0.0,100.0,250.0,0.029610626503058384,0.04247509255694721,0.03377481577332798,33.12184119224548
True,SHA,2.2,4,1.1,SHA_k2.20_s04.csv,4842400.991973525,28539929.560102787,351424515870.5396,1.0,5.631972147487363,100.0,250.0,0.09442161284019422,0.04430704780700083,0.037708292662285196,30.46673011779785
True,SHA,2.2,4,1.25,SHA_k2.20_s04.csv,4842400.991973525,28539929.560102787,438357305407.0963,1.0,22.39380282895822,100.0,250.0,0.16428677926782523,0.04678074204399287,0.0,35.35510611534119
True,SHA,2.2,4,1.4,SHA_k2.20_s04.csv,4842400.991973525,28539929.560102787,554518793210.9109,1.0,22.740541806060982,100.0,250.0,0.16466551796111245,0.04611053095616339,0.0,29.53645896911621
True,SHA,2.2,4,1.55,SHA_k2.20_s04.csv,4842400.991973525,28539929.560102787,704532915926.8236,1.0,29.308843867451483,100.0,250.0,0.16124834235388635,0.04543811816617349,0.0,24.11000895500183
True,SHA,2.2,4,1.7,SHA_k2.20_s04.csv,4842400.991973525,28539929.560102787,888663401732.6525,1.0,22.33446704897998,100.0,250.0,0.19580026878825843,0.04773913038309015,0.0,21.11645793914795
True,SHA,2.2,4,1.8,SHA_k2.20_s04.csv,4842400.991973525,28539929.560102787,1030972017444.7437,1.0,2.1020688107094347,100.0,250.0,0.20198632995204704,0.048468916557837506,0.0,18.727482080459595
True,SHA,2.5,1,0.95,SHA_k2.50_s01.csv,3371916.4624698805,47561944.415778555,323211602268.00415,1.0,51.87760901939261,100.99999472767776,250.0,0.0,0.051730576324127954,0.15419184327912036,31.26610517501831
True,SHA,2.5,1,1.1,SHA_k2.50_s01.csv,3371916.4624698805,47561944.415778555,393733999241.49054,1.0,58.03940641475346,100.0,250.0,0.0,0.05116154827773731,0.1444529357376797,31.00727605819702
True,SHA,2.5,1,1.25,SHA_k2.50_s01.csv,3371916.4624698805,47561944.415778555,484033188689.76746,1.0,7.474459916558061,100.00514207737741,250.0,0.05548021247898328,0.053423912337942345,0.049831914564669025,31.339057207107544
True,SHA,2.5,1,1.4,SHA_k2.50_s01.csv,3371916.4624698805,47561944.415778555,593659613085.3258,1.0,18.510500436128385,100.0,250.0,0.09418865412683926,0.05403064037240319,0.0683176537032373,34.23211693763733
True,SHA,2.5,1,1.55,SHA_k2.50_s01.csv,3371916.4624698805,47561944.415778555,732708622296.0562,1.0,24.54191029304877,100.0,250.0,0.12745123435732228,0.05351573833322503,0.0,26.725815057754517
True,SHA,2.5,1,1.7,SHA_k2.50_s01.csv,3371916.4624698805,47561944.415778555,904010978507.5958,1.0,22.41087338819278,100.0,250.0,0.1103816765550764,0.05076239934778399,0.029235730146686012,26.58134412765503
True,SHA,2.5,1,1.8,SHA_k2.50_s01.csv,3371916.4624698805,47561944.415778555,1039351732669.2761,1.0,14.444133921278718,100.0,250.53976456483906,0.09789581142667472,0.048548200232022824,0.0,22.795464277267456
True,SHA,2.5,2,0.95,SHA_k2.50_s02.csv,4008263.37398013,48318599.007576644,183920010320.45044,1.0,5.359475832185086,108.69353669122691,263.7951339563346,0.008995265416861162,0.03789398045408018,0.012667667363857835,40.22034001350403
True,SHA,2.5,2,1.1,SHA_k2.50_s02.csv,4008263.37398013,48318599.007576644,248263252376.4693,1.0,0.0,110.60085724920634,250.78052253246207,0.02073859470180515,0.03824301663294258,0.027187230243404716,36.194764852523804
True,SHA,2.5,2,1.25,SHA_k2.50_s02.csv,4008263.37398013,48318599.007576644,332784991775.7877,1.0,10.362396663636932,108.41744270286178,253.31397555202403,0.044237716932839066,0.04086668390460028,0.010741121922799968,33.51533794403076
True,SHA,2.5,2,1.4,SHA_k2.50_s02.csv,4008263.37398013,48318599.007576644,438186916091.8202,1.0,9.718464942668424,107.81575923273428,250.0307868413505,0.05604622756879522,0.04244638768890767,0.0005209468505252557,34.79875206947327
True,SHA,2.5,2,1.55,SHA_k2.50_s02.csv,4008263.37398013,48318599.007576644,571679303298.7554,1.0,20.12284483918403,105.37119166220214,250.52879477857513,0.06634120301109582,0.044654406796858906,0.056983429629203566,30.378094911575317
True,SHA,2.5,2,1.7,SHA_k2.50_s02.csv,4008263.37398013,48318599.007576644,734787360451.4229,1.0,14.582158492652837,103.52621152314288,250.0,0.04617127015396735,0.040823110484719066,0.007855892396253103,29.347993850708008
True,SHA,2.5,2,1.8,SHA_k2.50_s02.csv,4008263.37398013,48318599.007576644,862287315962.133,1.0,0.0,100.67159088118044,250.0,0.011514126599367019,0.03832936463599239,0.0,27.342394828796387
True,SHA,2.5,3,0.95,SHA_k2.50_s03.csv,3421674.9809718803,41322341.54035866,136893133773.34756,1.0,20.1417214738289,131.14628532638108,254.32022332133812,0.20638286294296598,0.04997718461168367,0.15596057116204612,37.16979622840881
True,SHA,2.5,3,1.1,SHA_k2.50_s03.csv,3421674.9809718803,41322341.54035866,204261989786.22696,1.0,22.271259953633383,128.7560872300651,250.0,0.2045818035363841,0.05157094648791588,0.11858376322613301,33.73595595359802
True,SHA,2.5,3,1.25,SHA_k2.50_s03.csv,3421674.9809718803,41322341.54035866,295995586519.58374,1.0,21.205080262083843,109.05213159144276,250.0,0.15141416313616468,0.054762780825737455,0.0,31.89291501045227
True,SHA,2.5,3,1.4,SHA_k2.50_s03.csv,3421674.9809718803,41322341.54035866,412724957248.85986,1.0,20.77479943927479,105.24001720191708,254.730281682079,0.15932610898573502,0.055132307866251666,0.0,27.121394872665405
True,SHA,2.5,3,1.55,SHA_k2.50_s03.csv,3421674.9809718803,41322341.54035866,555980344825.362,1.0,24.510159014348293,103.12848129207153,250.0,0.16213865961156168,0.05528887499849615,0.050034700934635794,33.98352289199829
True,SHA,2.5,3,1.7,SHA_k2.50_s03.csv,3421674.9809718803,41322341.54035866,736149155989.5289,1.0,77.46222414567539,108.76185194647121,252.05224414580746,0.20055619854712003,0.05465683723448525,0.035447017115121174,26.65572714805603
True,SHA,2.5,3,1.8,SHA_k2.50_s03.csv,3421674.9809718803,41322341.54035866,871789482018.0778,1.0,16.548127903616685,104.16903137168526,250.0,0.1874085720308007,0.056045301464248125,0.0,24.166430950164795
True,SHA,2.5,4,0.95,SHA_k2.50_s04.csv,3917325.68770088,43457037.62241143,220042478221.35403,1.0,7.49647521818284,101.11708009677153,262.1747660577586,0.0,0.0415898272636176,0.0,34.59691286087036
True,SHA,2.5,4,1.1,SHA_k2.50_s04.csv,3917325.68770088,43457037.62241143,287220897759.2041,1.0,0.0,100.00000372169882,250.00000287811375,0.0,0.042605252273080554,0.0004784241565187336,35.97157382965088
True,SHA,2.5,4,1.25,SHA_k2.50_s04.csv,3917325.68770088,43457037.62241143,375705552029.3715,1.0,4.372481567562336,100.0,250.0,0.022376597912089076,0.04363844306556966,0.0,33.14395499229431
True,SHA,2.5,4,1.4,SHA_k2.50_s04.csv,3917325.68770088,43457037.62241143,487004045923.899,1.0,10.473727434834434,100.0,250.0,0.059677617459559275,0.04520640125125197,0.02804326645623119,36.24377679824829
True,SHA,2.5,4,1.55,SHA_k2.50_s04.csv,3917325.68770088,43457037.62241143,629211159047.2969,1.0,0.0007937728946325868,100.0,250.0,0.05601198562002515,0.044654459916189444,0.0,31.631475925445557
True,SHA,2.5,4,1.7,SHA_k2.50_s04.csv,3917325.68770088,43457037.62241143,799024294884.3145,1.0,15.635585536487294,100.0,250.0,0.07062611235569853,0.04512539274999782,0.03903800309481667,25.216984033584595
True,SHA,2.5,4,1.8,SHA_k2.50_s04.csv,3917325.68770088,43457037.62241143,933344092638.044,1.0,20.359747950262438,100.0,250.0,0.06790975498513974,0.044759889777219404,0.0,20.455334901809692
True,SHA,2.9,1,0.95,SHA_k2.90_s01.csv,3854690.8953140285,60072680.894134216,542579897216.6124,1.0,0.0,100.00028287440547,250.0002848540923,0.0,0.05240804363323023,0.0,31.92188811302185
True,SHA,2.9,1,1.1,SHA_k2.90_s01.csv,3854690.8953140285,60072680.894134216,620078664076.7181,1.0,2.220343733740083,100.53136906098533,250.0,0.0,0.05135713711458781,0.0,31.612210750579834
True,SHA,2.9,1,1.25,SHA_k2.90_s01.csv,3854690.8953140285,60072680.894134216,719249177021.4363,1.0,3.235180758089433,100.12699801364931,250.0,0.02931897798056063,0.05217485992044433,0.03136848888317344,30.218841791152954
True,SHA,2.9,1,1.4,SHA_k2.90_s01.csv,3854690.8953140285,60072680.894134216,842253102851.9496,1.0,8.30872448722952,100.0,250.0,0.05872685318109829,0.052639725602571075,0.0,29.679492950439453
True,SHA,2.9,1,1.55,SHA_k2.90_s01.csv,3854690.8953140285,60072680.894134216,994395917723.8291,1.0,15.504608998507333,100.0,250.0,0.06854775988445998,0.052848896226690686,0.0,25.006680011749268
True,SHA,2.9,1,1.7,SHA_k2.90_s01.csv,3854690.8953140285,60072680.894134216,1180102486450.5786,1.0,19.54355940147134,100.0,250.0,0.07232653894779133,0.052501240405130864,0.047065005038719104,23.25064492225647
True,SHA,2.9,1,1.8,SHA_k2.90_s01.csv,3854690.8953140285,60072680.894134216,1326119304096.2231,1.0,3.107996814396135,100.0,250.0,0.05960736100827205,0.050885485103573574,0.05448705199810185,22.17902398109436
True,SHA,2.9,2,0.95,SHA_k2.90_s02.csv,5242012.678723688,56057459.685906395,385455175873.7373,1.0,0.0,106.92503247843047,250.0,0.0,0.04713618766152785,0.0,34.830952167510986
True,SHA,2.9,2,1.1,SHA_k2.90_s02.csv,5242012.678723688,56057459.685906395,467772696296.6453,1.0,8.670054388345818,106.68379648075866,250.0,0.015281118864236177,0.04733403826020074,0.0,31.33321499824524
True,SHA,2.9,2,1.25,SHA_k2.90_s02.csv,5242012.678723688,56057459.685906395,570984677908.4276,1.0,1.115957091763631,105.962833863811,250.0,0.02371935212777095,0.04775758448236367,0.0,28.631826877593994
True,SHA,2.9,2,1.4,SHA_k2.90_s02.csv,5242012.678723688,56057459.685906395,701589162608.0317,1.0,12.581956494006524,104.33945926774963,250.0,0.0476413513006172,0.04962343665114201,0.0,30.52089500427246
True,SHA,2.9,2,1.55,SHA_k2.90_s02.csv,5242012.678723688,56057459.685906395,860390040081.2952,1.0,14.41977179513363,102.0623099512506,250.0,0.059270500127246835,0.05000130228097738,0.020758587735216064,28.8040189743042
True,SHA,2.9,2,1.7,SHA_k2.90_s02.csv,5242012.678723688,56057459.685906395,1053637955043.6213,1.0,4.298192132738064,100.0,250.0,0.052066105891023486,0.049320043533849216,0.0,24.670279264450073
True,SHA,2.9,2,1.8,SHA_k2.90_s02.csv,5242012.678723688,56057459.685906395,1201338536874.163,1.0,7.396962090394997,100.1307918977675,250.0,0.05174161909813732,0.04873361944980749,0.026093033085291525,22.524855136871338
True,SHA,2.9,3,0.95,SHA_k2.90_s03.csv,4620033.102427094,41485634.10618946,230864059233.29825,1.0,9.193475800741641,117.33913066987229,251.9518385328791,0.09032016770228819,0.04366352326316497,0.061096185484126486,33.753575801849365
True,SHA,2.9,3,1.1,SHA_k2.90_s03.csv,4620033.102427094,41485634.10618946,308393471975.7377,1.0,16.350169361655002,112.24557824156477,250.0,0.14118247719971974,0.046995780319705444,0.01520666621038741,32.83825612068176
True,SHA,2.9,3,1.25,SHA_k2.90_s03.csv,4620033.102427094,41485634.10618946,409233270070.3456,1.0,20.500209192605748,108.64049890652826,250.0470814945966,0.14683380898261408,0.04742527244264089,0.04389940714111987,31.250636100769043
True,SHA,2.9,3,1.4,SHA_k2.90_s03.csv,4620033.102427094,41485634.10618946,539430816729.651,1.0,29.681974235515057,107.33030939814583,250.0,0.15722015485975138,0.048685157251300085,0.0,32.07422709465027
True,SHA,2.9,3,1.55,SHA_k2.90_s03.csv,4620033.102427094,41485634.10618946,696257214272.6906,1.0,78.99969891483151,110.68404671675825,250.0,0.24386582455060557,0.05633033792746164,0.0,25.153432846069336
True,SHA,2.9,3,1.7,SHA_k2.90_s03.csv,4620033.102427094,41485634.10618946,888210253246.2043,1.0,79.622880860561,111.47597050041018,250.0,0.2688066693059903,0.05823398071210699,0.0,24.21823811531067
True,SHA,2.9,3,1.8,SHA_k2.90_s03.csv,4620033.102427094,41485634.10618946,1038205461499.6837,1.0,80.93675737709844,109.94031056117348,252.8336416759516,0.29653913840683976,0.06159235105781983,0.030322714780504197,19.23703122138977
True,SHA,2.9,4,0.95,SHA_k2.90_s04.csv,4472853.946921808,62732077.24813948,534914599015.6222,1.0,0.0,100.0,250.0,0.0,0.04661349549583315,0.0,31.412079334259033
True,SHA,2.9,4,1.1,SHA_k2.90_s04.csv,4472853.946921808,62732077.24813948,617339945953.0686,1.0,0.0,100.0,250.0,0.0,0.044963535148649904,0.0,29.13889789581299
True,SHA,2.9,4,1.25,SHA_k2.90_s04.csv,4472853.946921808,62732077.24813948,723590303474.7866,1.0,1.1385924721548395,100.0,250.0,0.0,0.04399740270530676,0.0,25.78264594078064
True,SHA,2.9,4,1.4,SHA_k2.90_s04.csv,4472853.946921808,62732077.24813948,856723405379.4495,1.0,0.0,100.0,250.0,0.0,0.04314235787839877,0.0,26.09517478942871
True,SHA,2.9,4,1.55,SHA_k2.90_s04.csv,4472853.946921808,62732077.24813948,1018613177279.381,1.0,0.0,100.0,250.0,0.01722658347671535,0.0426667394897372,0.0,30.32272171974182
True,SHA,2.9,4,1.7,SHA_k2.90_s04.csv,4472853.946921808,62732077.24813948,1212643418210.0017,1.0,0.0,100.0,250.0,0.01971800228741256,0.04221985588150736,0.0,21.531194925308228
True,SHA,2.9,4,1.8,SHA_k2.90_s04.csv,4472853.946921808,62732077.24813948,1360809368651.8987,1.0,3.2017399664881405,100.0,250.0,0.023340144692605518,0.041861989212717464,0.0,21.499420166015625
True,SHA,3.4,1,0.95,SHA_k3.40_s01.csv,4442521.382856089,80251092.34471743,791981586353.7355,1.0,0.0,110.01717882771098,253.09892946389968,0.0,0.047767051750120505,0.0,32.2906060218811
True,SHA,3.4,1,1.1,SHA_k3.40_s01.csv,4442521.382856089,80251092.34471743,877960722734.0234,1.0,2.1749519808713136,106.00000033539231,250.0,0.0,0.046488307727948326,0.0,26.110897064208984
True,SHA,3.4,1,1.25,SHA_k3.40_s01.csv,4442521.382856089,80251092.34471743,986836702234.6167,1.0,1.2186329213740807,104.83259607716928,250.0,0.0,0.045967911298169566,0.0,26.336050987243652
True,SHA,3.4,1,1.4,SHA_k3.40_s01.csv,4442521.382856089,80251092.34471743,1122472614032.999,1.0,2.366602800940278,103.00468470095888,250.0,0.0,0.04589698747841189,0.0,29.43572211265564
True,SHA,3.4,1,1.55,SHA_k3.40_s01.csv,4442521.382856089,80251092.34471743,1287485594587.711,1.0,0.0,101.92783776296822,250.0,0.0,0.04554820278068557,0.0,25.61834406852722
True,SHA,3.4,1,1.7,SHA_k3.40_s01.csv,4442521.382856089,80251092.34471743,1484224625252.7864,1.0,0.0,100.00001961396656,250.0,0.0,0.04574862245461644,0.0,23.725489139556885
True,SHA,3.4,1,1.8,SHA_k3.40_s01.csv,4442521.382856089,80251092.34471743,1633792526401.8901,1.0,2.2243729332692093,100.10783755056346,250.0,0.0,0.04547465945992722,0.0,22.99655818939209
True,SHA,3.4,2,0.95,SHA_k3.40_s02.csv,6069036.5771984495,73622581.38362563,722707522482.1708,1.0,0.0,110.85482373846365,250.0,0.0,0.04577841518341325,0.0,30.14528203010559
True,SHA,3.4,2,1.1,SHA_k3.40_s02.csv,6069036.5771984495,73622581.38362563,815311384024.2699,1.0,0.0,108.9998249423765,250.0,0.0,0.04554187432092068,0.0,27.661731958389282
True,SHA,3.4,2,1.25,SHA_k3.40_s02.csv,6069036.5771984495,73622581.38362563,933188434409.6322,1.0,0.6339097498854108,107.46184113918083,250.0,0.0,0.04517422266687657,0.0,25.27132511138916
True,SHA,3.4,2,1.4,SHA_k3.40_s02.csv,6069036.5771984495,73622581.38362563,1078383242578.2429,1.0,1.100169500222732,105.9997942210165,250.0,0.0,0.04493074445856269,0.0,24.426054000854492
True,SHA,3.4,2,1.55,SHA_k3.40_s02.csv,6069036.5771984495,73622581.38362563,1254534202375.4634,1.0,4.3506368914844895,104.00652446342919,250.0,0.0,0.044687714619334344,0.0,21.53799080848694
True,SHA,3.4,2,1.7,SHA_k3.40_s02.csv,6069036.5771984495,73622581.38362563,1463053894409.8926,1.0,0.0,102.28715735968439,250.0,0.0,0.044655610582062605,0.0,20.42425799369812
True,SHA,3.4,2,1.8,SHA_k3.40_s02.csv,6069036.5771984495,73622581.38362563,1620563849387.1829,1.0,2.1494058234556404,100.0,250.0,0.0,0.04490466093873949,0.0,18.17835807800293
True,SHA,3.4,3,0.95,SHA_k3.40_s03.csv,6000655.814238047,61191539.54613505,685680798355.2428,1.0,4.475648401558218,116.1945480116503,280.675021727468,0.0,0.04131698134552211,0.0,26.119007110595703
True,SHA,3.4,3,1.1,SHA_k3.40_s03.csv,6000655.814238047,61191539.54613505,783123245163.406,1.0,3.2732682559182553,114.71049828039811,269.69802463145516,0.0,0.04140403120101182,0.0,28.184440851211548
True,SHA,3.4,3,1.25,SHA_k3.40_s03.csv,6000655.814238047,61191539.54613505,899348677291.3464,1.0,0.0,112.21297503917673,250.0,0.0,0.042208332391852524,0.0027267881259622068,24.098573684692383
True,SHA,3.4,3,1.4,SHA_k3.40_s03.csv,6000655.814238047,61191539.54613505,1043164949337.7828,1.0,0.0,108.73421167083484,250.0,0.0,0.04258558951676848,0.0,26.167489051818848
True,SHA,3.4,3,1.55,SHA_k3.40_s03.csv,6000655.814238047,61191539.54613505,1216943619064.853,1.0,6.382716306190551,105.03165730520575,250.0,0.0,0.04353001604194791,0.0,23.31119203567505
True,SHA,3.4,3,1.7,SHA_k3.40_s03.csv,6000655.814238047,61191539.54613505,1421821176015.3225,1.0,0.0,102.0879544219981,250.0,0.0,0.0438807418486959,0.005230388437897736,19.00925588607788
True,SHA,3.4,3,1.8,SHA_k3.40_s03.csv,6000655.814238047,61191539.54613505,1576625137994.108,1.0,2.1594123622709573,100.0,250.0,0.0,0.04410801667072983,0.0,20.010662078857422
True,SHA,3.4,4,0.95,SHA_k3.40_s04.csv,4493179.309796528,65940202.74002373,577641816380.3003,1.0,3.4439950723132084,108.00937833708609,250.0,0.0,0.04868949126510048,0.0,30.99533200263977
True,SHA,3.4,4,1.1,SHA_k3.40_s04.csv,4493179.309796528,65940202.74002373,669572566454.4172,1.0,0.0,105.98489401559459,250.0,0.0,0.04843799267445931,0.0,28.878870010375977
True,SHA,3.4,4,1.25,SHA_k3.40_s04.csv,4493179.309796528,65940202.74002373,786432687683.3756,1.0,1.1047936442470636,104.75445001634165,250.43957406300387,0.0,0.04765681427930355,0.005053202861772004,27.652297019958496
True,SHA,3.4,4,1.4,SHA_k3.40_s04.csv,4493179.309796528,65940202.74002373,931384063565.7926,1.0,2.1998441824039543,104.76023660620997,250.0,0.0,0.047296165318249074,0.0,25.057923078536987
True,SHA,3.4,4,1.55,SHA_k3.40_s04.csv,4493179.309796528,65940202.74002373,1107537806344.8577,1.0,5.396441681111384,103.61529035498653,250.0,0.0,0.04741036605159017,0.0,22.00259017944336
True,SHA,3.4,4,1.7,SHA_k3.40_s04.csv,4493179.309796528,65940202.74002373,1316366106625.1982,1.0,10.475096423259766,101.98029309095455,250.0,0.0,0.04722200202362073,0.0,18.504486799240112
True,SHA,3.4,4,1.8,SHA_k3.40_s04.csv,4493179.309796528,65940202.74002373,1474457825652.8818,1.0,8.40512794274416,100.47604541313889,250.0,0.0,0.04713974381766666,0.0,16.377835035324097
True,SHA,4.0,1,0.95,SHA_k4.00_s01.csv,6222039.274985688,89855560.23531929,1126846702000.388,1.0,0.0,130.23017492279453,250.47268811710288,0.0,0.04286379498040409,0.0,25.419137001037598
True,SHA,4.0,1,1.1,SHA_k4.00_s01.csv,6222039.274985688,89855560.23531929,1238280565540.232,1.0,0.0,129.8716644756558,250.0,0.0,0.04274066858427676,0.0,25.890122890472412
True,SHA,4.0,1,1.25,SHA_k4.00_s01.csv,6222039.274985688,89855560.23531929,1377014366781.2642,1.0,0.0,128.00639258406724,250.0,0.0,0.043082898477279294,0.0,25.401192903518677
True,SHA,4.0,1,1.4,SHA_k4.00_s01.csv,6222039.274985688,89855560.23531929,1544006534500.6472,1.0,3.1640372486815926,120.36495838929581,250.0,0.0,0.04537450726654739,0.0,22.25252604484558
True,SHA,4.0,1,1.55,SHA_k4.00_s01.csv,6222039.274985688,89855560.23531929,1738742756813.3228,1.0,14.311181325036413,114.46530986315075,250.0,0.0,0.04505037534473971,0.0,21.13440203666687
True,SHA,4.0,1,1.7,SHA_k4.00_s01.csv,6222039.274985688,89855560.23531929,1964793112506.5786,1.0,2.1945835565909317,107.74532278572413,250.0,0.0,0.04703092679867714,0.003724089371529236,17.940227031707764
True,SHA,4.0,1,1.8,SHA_k4.00_s01.csv,6222039.274985688,89855560.23531929,2133216628626.6023,1.0,14.429883010945892,103.27207808456744,250.0,0.0,0.048336097108844865,0.0,18.656962156295776
True,SHA,4.0,2,0.95,SHA_k4.00_s02.csv,5109506.32590296,77419955.95904388,752927481354.8015,1.0,0.0,121.14551926940591,268.33171043021616,0.0,0.039361883986548274,0.0,29.876044988632202
True,SHA,4.0,2,1.1,SHA_k4.00_s02.csv,5109506.32590296,77419955.95904388,861256584189.5078,1.0,0.0,121.17713295539205,266.2366469414895,0.0,0.039194947583796914,0.0,29.746010065078735
True,SHA,4.0,2,1.25,SHA_k4.00_s02.csv,5109506.32590296,77419955.95904388,995716426436.7711,1.0,0.14918286434122763,120.16558850266256,257.95260063264806,0.0,0.03938468970001589,0.0,29.194915056228638
True,SHA,4.0,2,1.4,SHA_k4.00_s02.csv,5109506.32590296,77419955.95904388,1157537955542.3735,1.0,2.099128364573424,116.45718849555509,255.74173246535207,0.0,0.04055533490997957,0.0,26.40731692314148
True,SHA,4.0,2,1.55,SHA_k4.00_s02.csv,5109506.32590296,77419955.95904388,1350182247452.766,1.0,10.282413535633546,115.10341904515685,250.13211678360105,0.0,0.04131536636291065,0.0,24.456355094909668
True,SHA,4.0,2,1.7,SHA_k4.00_s02.csv,5109506.32590296,77419955.95904388,1574483976737.285,1.0,9.26740842472216,113.00339295491155,250.0,0.0,0.041887987059038415,0.0,23.901118993759155
True,SHA,4.0,2,1.8,SHA_k4.00_s02.csv,5109506.32590296,77419955.95904388,1743154935651.6157,1.0,4.26684918542525,112.65885372494733,250.0,0.0,0.04180874620090753,0.0,20.21084690093994
True,SHA,4.0,3,0.95,SHA_k4.00_s03.csv,8440050.29375816,98126806.01357114,1576726863935.6265,1.0,0.0,105.75695746977712,250.0,0.0,0.04838164963405053,0.0,23.570734977722168
True,SHA,4.0,3,1.1,SHA_k4.00_s03.csv,8440050.29375816,98126806.01357114,1682240974972.1055,1.0,2.5276842156263695,103.79162894145003,250.0,0.0,0.04807683605680298,0.0,19.35720419883728
True,SHA,4.0,3,1.25,SHA_k4.00_s03.csv,8440050.29375816,98126806.01357114,1813855626823.6145,1.0,0.0,103.44195262514647,250.0,0.0,0.04715708868625355,0.0,23.09692692756653
True,SHA,4.0,3,1.4,SHA_k4.00_s03.csv,8440050.29375816,98126806.01357114,1975230576600.4482,1.0,0.0,103.01557219322112,250.0,0.0,0.04716400448484455,0.0,18.015347957611084
True,SHA,4.0,3,1.55,SHA_k4.00_s03.csv,8440050.29375816,98126806.01357114,2168686179826.3691,1.0,0.0,102.29826377557394,250.0,0.0,0.046894731395616604,0.0,17.920883893966675
True,SHA,4.0,3,1.7,SHA_k4.00_s03.csv,8440050.29375816,98126806.01357114,2396005854109.141,1.0,0.0,100.87064529095873,250.0,0.0,0.04722637834578954,0.0039185586863828385,17.80559206008911
True,SHA,4.0,3,1.8,SHA_k4.00_s03.csv,8440050.29375816,98126806.01357114,2566879451671.687,1.0,0.0,100.96686173232663,250.0,0.0,0.04682985793075593,0.0,15.150813817977905
True,SHA,4.0,4,0.95,SHA_k4.00_s04.csv,6146056.957826162,88008074.28860338,900904438580.8916,1.0,5.233441374391782,128.9852118297404,250.0,0.0,0.04315440397613344,0.0,25.793626070022583
True,SHA,4.0,4,1.1,SHA_k4.00_s04.csv,6146056.957826162,88008074.28860338,1012744278115.6392,1.0,0.0,126.81339979256816,250.0,0.0,0.04293389474941008,0.0,25.828011989593506
True,SHA,4.0,4,1.25,SHA_k4.00_s04.csv,6146056.957826162,88008074.28860338,1152256720218.6775,1.0,3.1651468093294195,124.001667852074,250.0,0.0,0.04328120552223752,0.0,25.102170944213867
True,SHA,4.0,4,1.4,SHA_k4.00_s04.csv,6146056.957826162,88008074.28860338,1316176263030.0151,1.0,1.057133401483652,109.9436136150455,250.0,0.0,0.046508116058454535,0.0,23.82200813293457
True,SHA,4.0,4,1.55,SHA_k4.00_s04.csv,6146056.957826162,88008074.28860338,1508715321856.501,1.0,5.236654222065314,105.00000305507085,250.0,0.0,0.04735167126801692,0.0009437482876577993,20.657511234283447
True,SHA,4.0,4,1.7,SHA_k4.00_s04.csv,6146056.957826162,88008074.28860338,1733193084493.959,1.0,0.0,101.8194635434441,250.0,0.0,0.04720294368838639,0.0,17.56329083442688
True,SHA,4.0,4,1.8,SHA_k4.00_s04.csv,6146056.957826162,88008074.28860338,1901225199187.4648,1.0,0.0,100.0,250.0,0.0,0.04738641736360718,0.0046741068287227076,16.038177967071533
True,SHA,4.6,1,0.95,SHA_k4.60_s01.csv,5830296.074185712,123424909.18817657,1775212455503.2358,1.0,0.0,135.00328845816722,250.0,0.0,0.041831046296757594,0.0,24.506224155426025
True,SHA,4.6,1,1.1,SHA_k4.60_s01.csv,5830296.074185712,123424909.18817657,1898797828928.4756,1.0,0.0,133.48501319728538,261.21809412603903,0.0,0.04161709251128687,0.0,21.974491834640503
True,SHA,4.6,1,1.25,SHA_k4.60_s01.csv,5830296.074185712,123424909.18817657,2042041062037.0222,1.0,0.0,133.5718669053847,250.0,0.0,0.04182763041657903,0.0,24.16326594352722
True,SHA,4.6,1,1.4,SHA_k4.60_s01.csv,5830296.074185712,123424909.18817657,2220007709425.22,1.0,0.0,132.73652362973868,250.0,0.0,0.04132289695695096,0.0033264804289007965,22.060270071029663
True,SHA,4.6,1,1.55,SHA_k4.60_s01.csv,5830296.074185712,123424909.18817657,2427098013434.66,1.0,0.0,123.8277267079969,250.0,0.0,0.04190900513506209,0.0,18.603667974472046
True,SHA,4.6,1,1.7,SHA_k4.60_s01.csv,5830296.074185712,123424909.18817657,2663180099666.761,1.0,0.0,111.53173322861036,250.0,0.0,0.04370695506068969,0.0,18.73093295097351
True,SHA,4.6,1,1.8,SHA_k4.60_s01.csv,5830296.074185712,123424909.18817657,2838024047163.8555,1.0,2.158548965435736,110.56231398157568,250.18186637797717,0.0,0.04386699949779598,0.0,20.68518614768982
True,SHA,4.6,2,0.95,SHA_k4.60_s02.csv,8053893.933537872,101963594.34588818,1452244804969.1106,1.0,0.0011866100093517894,108.0014467779655,250.0,0.0,0.045724119125336256,0.0,23.69538712501526
True,SHA,4.6,2,1.1,SHA_k4.60_s02.csv,8053893.933537872,101963594.34588818,1572032177775.2566,1.0,6.333115505101533,106.78938464426423,250.0,0.0,0.04571708395822042,0.0,21.064680099487305
True,SHA,4.6,2,1.25,SHA_k4.60_s02.csv,8053893.933537872,101963594.34588818,1719590119873.3604,1.0,0.0,105.00000008564417,250.0,0.0,0.04509725244473014,0.0010559928293615928,20.047729015350342
True,SHA,4.6,2,1.4,SHA_k4.60_s02.csv,8053893.933537872,101963594.34588818,1898286733762.2212,1.0,4.432577104201987,103.9965873084184,250.0,0.0,0.04515075793825264,0.0,21.73701810836792
True,SHA,4.6,2,1.55,SHA_k4.60_s02.csv,8053893.933537872,101963594.34588818,2109822586072.086,1.0,3.2760497775839044,102.08345818091236,250.0,0.0,0.04453322115145053,0.0,19.863198041915894
True,SHA,4.6,2,1.7,SHA_k4.60_s02.csv,8053893.933537872,101963594.34588818,2356493636918.877,1.0,0.0,100.00000000128821,250.0,0.0,0.0447414010669023,0.0,17.948928833007812
True,SHA,4.6,2,1.8,SHA_k4.60_s02.csv,8053893.933537872,101963594.34588818,2540567319864.333,1.0,0.0,100.0,250.0,0.0,0.04438832587185031,0.0,16.548015832901
True,SHA,4.6,3,0.95,SHA_k4.60_s03.csv,8053893.933537872,108762437.16341107,1538615546745.075,1.0,0.0,126.42453433584744,250.99353675029207,0.0,0.043594012159453285,0.0,24.46425986289978
True,SHA,4.6,3,1.1,SHA_k4.60_s03.csv,8053893.933537872,108762437.16341107,1657257844524.3174,1.0,0.0,124.89875336713551,250.0,0.0,0.043350809499186016,0.0,24.286255836486816
True,SHA,4.6,3,1.25,SHA_k4.60_s03.csv,8053893.933537872,108762437.16341107,1803710437709.3455,1.0,2.131215160665567,122.41999839160012,250.0,0.0,0.043185408091447955,0.0,24.067229747772217
True,SHA,4.6,3,1.4,SHA_k4.60_s03.csv,8053893.933537872,108762437.16341107,1979857913468.3813,1.0,8.350073880414836,115.74434798588989,250.0,0.0,0.04473500828665435,0.0,21.441265106201172
True,SHA,4.6,3,1.55,SHA_k4.60_s03.csv,8053893.933537872,108762437.16341107,2184677338367.252,1.0,2.5922203364158816,113.59538177566873,250.0,0.0,0.045080843096470535,0.0,20.910130977630615
True,SHA,4.6,3,1.7,SHA_k4.60_s03.csv,8053893.933537872,108762437.16341107,2422803824019.839,1.0,0.0,110.7305261586086,250.0,0.0,0.04499987449605748,0.0,18.750890970230103
True,SHA,4.6,3,1.8,SHA_k4.60_s03.csv,8053893.933537872,108762437.16341107,2600815545611.176,1.0,1.0537487438601836,109.28977266739909,250.0,0.0,0.043480849045430266,0.0,17.252442121505737
True,SHA,4.6,4,0.95,SHA_k4.60_s04.csv,9639266.727686372,93171166.49305089,1492174271397.2437,1.0,3.890700281622742,124.51224465653574,254.53302292160234,0.0,0.045498005982281806,0.0,21.216033220291138
True,SHA,4.6,4,1.1,SHA_k4.60_s04.csv,9639266.727686372,93171166.49305089,1618162339333.5244,1.0,3.4424124933772458,121.58525744350992,250.0,0.0,0.04657315736075865,0.0,22.353838205337524
True,SHA,4.6,4,1.25,SHA_k4.60_s04.csv,9639266.727686372,93171166.49305089,1775979486259.293,1.0,0.0,119.96988888463201,250.0,0.0,0.04709667500844748,0.0,19.30970597267151
True,SHA,4.6,4,1.4,SHA_k4.60_s04.csv,9639266.727686372,93171166.49305089,1962835851787.3022,1.0,15.62918663560353,105.00003004821014,250.0,0.0,0.051461337893698465,0.0,20.288393259048462
True,SHA,4.6,4,1.55,SHA_k4.60_s04.csv,9639266.727686372,93171166.49305089,2178101500101.0078,1.0,2.1987758943604376,100.59476244357225,250.38971409742646,0.0,0.05081685511285319,0.0004953353028021721,15.632591009140015
True,SHA,4.6,4,1.7,SHA_k4.60_s04.csv,9639266.727686372,93171166.49305089,2424811504813.596,1.0,5.362124917448594,100.03953585728277,250.0,0.0,0.05068976349769072,0.0,18.471046924591064
True,SHA,4.6,4,1.8,SHA_k4.60_s04.csv,9639266.727686372,93171166.49305089,2609430341490.7383,1.0,9.53952300697045,100.0,250.0,0.0,0.050422293071040764,0.0,16.004721879959106
True,SHA,5.2,1,0.95,SHA_k5.20_s01.csv,6532690.248961664,140076320.3799631,2212241756263.2773,1.0,2.442039439571662,135.00252055996944,250.0,0.0,0.04177875420624992,0.0,24.266363859176636
True,SHA,5.2,1,1.1,SHA_k5.20_s01.csv,6532690.248961664,140076320.3799631,2346749304499.0444,1.0,0.0,133.64066686039936,251.87253410600235,0.0,0.04166187925774949,0.0,22.694981336593628
True,SHA,5.2,1,1.25,SHA_k5.20_s01.csv,6532690.248961664,140076320.3799631,2509597293599.371,1.0,0.0,133.98727495697392,250.0,0.0,0.04128940647811189,0.0,22.05516791343689
True,SHA,5.2,1,1.4,SHA_k5.20_s01.csv,6532690.248961664,140076320.3799631,2704746198849.7188,1.0,0.0,132.4241906127723,250.0,0.0,0.0411698797785954,0.0,19.85503911972046
True,SHA,5.2,1,1.55,SHA_k5.20_s01.csv,6532690.248961664,140076320.3799631,2930514656082.191,1.0,0.0,127.19574862419306,250.21019004645592,0.0,0.04143111745627543,0.0,20.338901042938232
True,SHA,5.2,1,1.7,SHA_k5.20_s01.csv,6532690.248961664,140076320.3799631,3189685035796.1855,1.0,3.1963790945764194,121.76618396627663,250.0,0.0,0.041215894112297244,0.0,17.849813222885132
True,SHA,5.2,1,1.8,SHA_k5.20_s01.csv,6532690.248961664,140076320.3799631,3382162209230.124,1.0,0.0,124.04440420799591,250.0,0.0,0.04121778873774823,0.0,15.67081904411316
True,SHA,5.2,2,0.95,SHA_k5.20_s02.csv,9046322.611707585,126821724.6097215,2087080946122.4373,1.0,0.0,107.73393093001718,250.00000230852694,0.0,0.045251507432784624,0.0,21.693245887756348
True,SHA,5.2,2,1.1,SHA_k5.20_s02.csv,9046322.611707585,126821724.6097215,2214942447722.727,1.0,3.331022273980635,106.00000995128413,250.0,0.0,0.04374694857466226,0.0,20.108261823654175
True,SHA,5.2,2,1.25,SHA_k5.20_s02.csv,9046322.611707585,126821724.6097215,2370880497207.8657,1.0,0.0,104.99999940518828,250.0,0.0,0.0432163225684119,0.0,19.67372179031372
True,SHA,5.2,2,1.4,SHA_k5.20_s02.csv,9046322.611707585,126821724.6097215,2559088770829.2534,1.0,0.0,103.93969373321147,250.0,0.0,0.04297377472800106,0.0,17.793862342834473
True,SHA,5.2,2,1.55,SHA_k5.20_s02.csv,9046322.611707585,126821724.6097215,2781144371347.918,1.0,0.03885099245615309,102.4495911439612,250.07730758112268,0.0,0.042991578197269724,0.0,15.620091915130615
True,SHA,5.2,2,1.7,SHA_k5.20_s02.csv,9046322.611707585,126821724.6097215,3037873314345.449,1.0,0.0,101.09046430565597,250.0,0.0,0.04265180840866888,0.0,14.418621301651001
True,SHA,5.2,2,1.8,SHA_k5.20_s02.csv,9046322.611707585,126821724.6097215,3229231339464.313,1.0,0.0,100.0,250.0,0.0,0.04220873677036382,0.0,14.035575866699219
True,SHA,5.2,3,0.95,SHA_k5.20_s03.csv,10838483.161614584,149662039.07053894,3338235709910.816,1.0,0.0,104.4396722669415,263.54479643724494,0.0,0.048274359239554615,0.0,17.48846173286438
True,SHA,5.2,3,1.1,SHA_k5.20_s03.csv,10838483.161614584,149662039.07053894,3472702295750.3423,1.0,1.1277084622878064,104.72202818079556,261.7328491167767,0.0,0.04797850908965231,0.0,16.220653772354126
True,SHA,5.2,3,1.25,SHA_k5.20_s03.csv,10838483.161614584,149662039.07053894,3636496624356.287,1.0,0.0,104.00420865382912,260.2073965541306,0.0,0.047813205376012975,0.0,19.43054485321045
True,SHA,5.2,3,1.4,SHA_k5.20_s03.csv,10838483.161614584,149662039.07053894,3831118081369.983,1.0,1.0770057888011197,101.82790690094059,250.11309840642988,0.0,0.04837469754063431,0.0,15.14819598197937
True,SHA,5.2,3,1.55,SHA_k5.20_s03.csv,10838483.161614584,149662039.07053894,4057573054766.942,1.0,0.0,100.00000000000016,250.0,0.0,0.04846946029214707,0.0,13.304041147232056
True,SHA,5.2,3,1.7,SHA_k5.20_s03.csv,10838483.161614584,149662039.07053894,4318694616220.091,1.0,11.302883030089493,100.0,250.0,0.0,0.047886354801092865,0.0,13.785364866256714
True,SHA,5.2,3,1.8,SHA_k5.20_s03.csv,10838483.161614584,149662039.07053894,4512957368143.549,1.0,0.0,100.0,250.0,0.0,0.0474062418268497,0.0,12.381778001785278
True,SHA,5.2,4,0.95,SHA_k5.20_s04.csv,7856291.824902983,131402444.90429829,2096083186673.8064,1.0,0.0,133.75579878626485,250.0,0.0,0.04089804258384592,0.0,20.44214391708374
True,SHA,5.2,4,1.1,SHA_k5.20_s04.csv,7856291.824902983,131402444.90429829,2238143241611.077,1.0,0.0,132.48899931760613,250.0,0.0,0.04034356140963636,0.0,21.560781955718994
True,SHA,5.2,4,1.25,SHA_k5.20_s04.csv,7856291.824902983,131402444.90429829,2410160891671.4707,1.0,0.0,131.00003570823435,250.0,0.0,0.0398518655122868,0.0,18.82684588432312
True,SHA,5.2,4,1.4,SHA_k5.20_s04.csv,7856291.824902983,131402444.90429829,2613930361133.5107,1.0,0.0,129.00000958659564,250.0,0.0,0.03933728213659069,0.0,18.479477167129517
True,SHA,5.2,4,1.55,SHA_k5.20_s04.csv,7856291.824902983,131402444.90429829,2850873824627.517,1.0,0.0,127.86533508053775,250.0,0.0,0.039080830445476084,0.0,18.228899002075195
True,SHA,5.2,4,1.7,SHA_k5.20_s04.csv,7856291.824902983,131402444.90429829,3122550336229.5703,1.0,0.0,126.34343341488854,250.0,0.0,0.0387579797881835,0.0,15.194859027862549
True,SHA,5.2,4,1.8,SHA_k5.20_s04.csv,7856291.824902983,131402444.90429829,3323550792903.1177,1.0,0.0,125.29057863264327,250.0,0.0,0.038602791157130854,0.0,13.063650608062744
