res,clim,lulc,n_years,J_oracle_atlas,J_oracle_free,atlas_error_pct,n_improved,secs
BUL,access1-0_rcp85_r1i1p1,GCAM-26,72,22044035272.448105,18403010437.62474,16.517052299286263,65,53.84151291847229
BUL,access1-0_rcp85_r1i1p1,GCAM-45,72,14623717162.79832,11714861759.868355,19.891354370076876,74,55.19379782676697
BUL,bcc-csm1-1-m_rcp45_r1i1p1,GCAM-26,72,15525157555.29546,13149589366.028225,15.301411150297506,88,56.78592085838318
BUL,access1-0_rcp85_r1i1p1,FORE-SCE-A1B,72,10437402306.762003,8153915991.304439,21.877917975607573,74,57.38622784614563
BUL,access1-0_rcp45_r1i1p1,GCAM-26,72,13282546880.149714,10788380738.861492,18.777770286025962,79,57.74371695518494
BUL,access1-0_rcp85_r1i1p1,FORE-SCE-A2,72,8527778144.699535,6439345112.999082,24.489767396194818,79,59.59913778305054
BUL,access1-0_rcp85_r1i1p1,GCAM-ref,72,10494765725.804686,8153698698.48893,22.306996539803702,70,60.266881704330444
BUL,access1-0_rcp85_r1i1p1,FORE-SCE-B1,72,7275239017.214634,5360563688.585495,26.317696560877845,84,60.55603575706482
BUL,access1-0_rcp45_r1i1p1,GCAM-45,72,8412872060.20481,6583586486.946883,21.74388912807731,82,60.66119337081909
BUL,bcc-csm1-1-m_rcp45_r1i1p1,GCAM-45,72,10176930138.509706,8060714880.191918,20.79423981019568,90,61.14413595199585
BUL,access1-0_rcp45_r1i1p1,FORE-SCE-A1B,72,5648086190.976453,4214605512.770629,25.37993631357812,87,63.205267906188965
BUL,access1-0_rcp85_r1i1p1,LUCAS-BAU_High-0002,72,6057264410.083594,4296512601.562276,29.06843237006751,91,63.88468599319458
BUL,bcc-csm1-1-m_rcp45_r1i1p1,FORE-SCE-A1B,72,7251478971.8786745,5524860338.130495,23.810572166643908,104,64.80254912376404
BUL,bcc-csm1-1-m_rcp45_r1i1p1,FORE-SCE-A2,72,5868470779.434585,4410643755.783119,24.841684971155708,93,64.80965495109558
BUL,access1-0_rcp45_r1i1p1,FORE-SCE-A2,72,4528388365.680073,3253185655.256793,28.160188734867265,95,65.00778484344482
BUL,access1-0_rcp45_r1i1p1,GCAM-ref,72,5686673146.201686,4276009148.690905,24.806489862231828,90,65.5908350944519
BUL,access1-0_rcp85_r1i1p1,LUCAS-BAU_High-0001,72,5881376925.872973,4148903609.975593,29.45693394137001,87,65.62977313995361
BUL,access1-0_rcp45_r1i1p1,FORE-SCE-B1,72,3720219072.0920467,2623358927.6073594,29.48375144660159,91,66.40455484390259
BUL,bcc-csm1-1-m_rcp45_r1i1p1,GCAM-ref,72,7324497117.987297,5594914466.525547,23.61367099475388,93,66.72461795806885
BUL,bcc-csm1-1-m_rcp45_r1i1p1,FORE-SCE-B1,72,4942985653.551457,3580011917.1735005,27.573896262447818,97,67.60098814964294
BUL,bcc-csm1-1-m_rcp45_r1i1p1,LUCAS-BAU_High-0002,72,4047898183.695011,2787044343.065055,31.148358565654956,105,69.80877804756165
BUL,bcc-csm1-1-m_rcp45_r1i1p1,LUCAS-BAU_High-0001,72,3895655128.464637,2696451704.5533104,30.783100258260255,103,71.6831967830658
BUL,access1-0_rcp45_r1i1p1,LUCAS-BAU_High-0001,72,2863493236.009397,1847971774.8269384,35.464426750234026,98,72.78817105293274
BUL,access1-0_rcp45_r1i1p1,LUCAS-BAU_High-0002,72,2987851722.741444,1988850244.8707461,33.43544360876396,94,73.55931401252747
BUL,bcc-csm1-1_rcp26_r1i1p1,FORE-SCE-A1B,72,20552509358.82105,18934524285.95168,7.8724453769677405,60,50.9905641078949
BUL,bcc-csm1-1-m_rcp85_r1i1p1,FORE-SCE-A1B,72,44229870266.26559,40357132830.721756,8.755932161296876,70,57.84697866439819
BUL,bcc-csm1-1_rcp26_r1i1p1,GCAM-26,72,32453774093.9569,30513763237.538002,5.97776656361253,61,47.99502897262573
BUL,bcc-csm1-1_rcp26_r1i1p1,FORE-SCE-A2,72,18579999676.10543,17012653102.065056,8.435665238767687,70,51.8206102848053
BUL,bcc-csm1-1-m_rcp85_r1i1p1,GCAM-26,72,55383524785.34858,49772659162.6547,10.130929088460983,82,55.65407371520996
BUL,bcc-csm1-1-m_rcp85_r1i1p1,FORE-SCE-A2,72,42713699598.904816,39091284455.82669,8.480686939070491,75,58.42700791358948
BUL,bcc-csm1-1_rcp26_r1i1p1,GCAM-45,72,24963990540.454865,23126807597.814438,7.359331993269336,57,49.612972021102905
BUL,bcc-csm1-1-m_rcp85_r1i1p1,GCAM-45,72,48315898989.56057,43696811571.46402,9.560181047432392,78,57.67592000961304
BUL,bcc-csm1-1_rcp26_r1i1p1,FORE-SCE-B1,72,17019359595.108438,15542267057.224207,8.67889611022007,69,52.530776023864746
BUL,bcc-csm1-1-m_rcp85_r1i1p1,FORE-SCE-B1,72,41087705671.71755,37405796192.732124,8.961097775580706,79,59.45145392417908
BUL,bcc-csm1-1_rcp26_r1i1p1,GCAM-ref,72,20552835004.468716,18821835824.521843,8.422191778265663,62,53.432087659835815
BUL,bcc-csm1-1_rcp45_r1i1p1,GCAM-26,72,23077942904.523407,20001843451.751892,13.329175245375025,66,51.05830192565918
BUL,bcc-csm1-1-m_rcp85_r1i1p1,GCAM-ref,72,44156617231.19623,39990117648.34949,9.43573091442147,82,60.210886001586914
BUL,bcc-csm1-1_rcp45_r1i1p1,FORE-SCE-A1B,72,13426183220.211037,10786437389.620493,19.66117836539588,76,54.49795317649841
BUL,bcc-csm1-1_rcp26_r1i1p1,LUCAS-BAU_High-0001,72,15576875504.227993,14254093702.085518,8.491958491826146,70,55.21065282821655
BUL,bcc-csm1-1_rcp45_r1i1p1,FORE-SCE-A2,72,12057925355.597738,9673906377.699373,19.771386101603415,77,54.910682916641235
BUL,bcc-csm1-1-m_rcp85_r1i1p1,LUCAS-BAU_High-0001,72,39419046081.39597,35953415622.483055,8.79176642620112,78,61.09444189071655
BUL,bcc-csm1-1_rcp26_r1i1p1,LUCAS-BAU_High-0002,72,15830299635.61435,14409340875.542246,8.976196236205725,70,55.855122804641724
BUL,bcc-csm1-1-m_rcp85_r1i1p1,LUCAS-BAU_High-0002,72,39772502521.48099,36003454906.25198,9.476516126168711,81,62.00558686256409
BUL,bcc-csm1-1_rcp45_r1i1p1,GCAM-45,72,17141223137.631992,14152940711.018936,17.43330917880973,73,53.97115993499756
BUL,bcc-csm1-1_rcp45_r1i1p1,FORE-SCE-B1,72,10558248152.905342,8276426451.19568,21.611745326157795,80,58.209177017211914
BUL,bcc-csm1-1_rcp45_r1i1p1,GCAM-ref,72,13145369189.840284,10690249564.538197,18.676688268288324,75,56.94609308242798
BUL,bcc-csm1-1_rcp45_r1i1p1,LUCAS-BAU_High-0002,72,9716973178.963507,7442787287.084876,23.40426231495696,77,59.82579469680786
BUL,bcc-csm1-1_rcp45_r1i1p1,LUCAS-BAU_High-0001,72,9564656344.187906,7218972079.986672,24.52450124490485,87,63.201695919036865
BUL,bcc-csm1-1_rcp60_r1i1p1,GCAM-26,72,26867953113.930496,24020349397.345364,10.598513792659203,73,53.21963691711426
BUL,bcc-csm1-1_rcp85_r1i1p1,GCAM-26,72,112699223048.97916,108399800277.64629,3.814953337756677,78,47.60218000411987
BUL,bcc-csm1-1_rcp85_r1i1p1,FORE-SCE-A1B,72,101453572258.23987,97569861967.16098,3.828066577284528,72,51.186583042144775
BUL,bcc-csm1-1_rcp85_r1i1p1,FORE-SCE-A2,72,99958406255.0599,96030945256.59544,3.9290952563238335,74,51.536417961120605
BUL,bcc-csm1-1_rcp60_r1i1p1,GCAM-45,72,21202923558.82214,18798506175.658115,11.340027598050694,78,54.80126714706421
BUL,bcc-csm1-1_rcp85_r1i1p1,FORE-SCE-B1,72,98206897461.41348,94396566065.34581,3.8799020176406573,76,51.42804503440857
BUL,bcc-csm1-1_rcp60_r1i1p1,FORE-SCE-A1B,72,17854821600.630577,15779733846.14556,11.622002173417023,75,58.43789219856262
BUL,bcc-csm1-1_rcp85_r1i1p1,GCAM-45,72,105470921144.5028,101600075511.14488,3.6700595684137305,77,50.33182907104492
BUL,bcc-csm1-1_rcp85_r1i1p1,GCAM-ref,72,101024599004.5988,97101390003.02351,3.8834195237901326,78,50.92544412612915
BUL,bcc-csm1-1_rcp60_r1i1p1,FORE-SCE-A2,72,16306980912.581182,14472446754.149908,11.249992676546839,80,59.619062662124634
BUL,bcc-csm1-1_rcp85_r1i1p1,LUCAS-BAU_High-0001,72,96342437378.95744,92796939918.40646,3.6800994006462306,80,52.03425407409668
BUL,bcc-csm1-1_rcp60_r1i1p1,GCAM-ref,72,18081146999.15403,15996851662.33233,11.527450868682266,77,60.23764610290527
BUL,bcc-csm1-1_rcp60_r1i1p1,FORE-SCE-B1,72,15273082258.290123,13482296123.851862,11.725112876061639,87,63.5510368347168
BUL,bcc-csm1-1_rcp85_r1i1p1,LUCAS-BAU_High-0002,72,96695125414.26169,93045540917.51073,3.7743210747340106,78,54.67124795913696
BUL,bcc-csm1-1_rcp60_r1i1p1,LUCAS-BAU_High-0002,72,14552959802.237198,12916862326.463558,11.242369236271276,87,64.94570803642273
BUL,canesm2_rcp26_r1i1p1,GCAM-26,72,124633498558.16951,120395752014.48772,3.4001665625264743,73,58.72365593910217
BUL,canesm2_rcp26_r1i1p1,FORE-SCE-A2,72,115077316206.92674,111682095823.6039,2.9503819651283125,83,61.78301024436951
BUL,bcc-csm1-1_rcp60_r1i1p1,LUCAS-BAU_High-0001,72,14382255566.636456,12740347625.604246,11.416206125839267,85,69.32056188583374
BUL,canesm2_rcp26_r1i1p1,FORE-SCE-A1B,72,116435137384.41028,112907655713.50853,3.029568006825789,78,63.91321277618408
BUL,canesm2_rcp26_r1i1p1,GCAM-45,72,119413273227.34822,115489034891.47815,3.286266450797981,73,60.92466473579407
BUL,canesm2_rcp26_r1i1p1,FORE-SCE-B1,72,114165981867.77074,110921018053.91585,2.842321119449809,87,65.45545029640198
BUL,canesm2_rcp26_r1i1p1,GCAM-ref,72,116441691563.40334,113043181530.76276,2.9186367760640652,78,64.63491415977478
BUL,canesm2_rcp26_r1i1p1,LUCAS-BAU_High-0001,72,113184083987.85678,110288238529.33894,2.5585270971743013,88,64.97208786010742
BUL,canesm2_rcp26_r1i1p1,LUCAS-BAU_High-0002,72,113351808509.11421,110257338288.61804,2.7299698709680076,80,67.50389981269836
BUL,canesm2_rcp85_r1i1p1,FORE-SCE-A1B,72,438725968185.83984,431322271877.9705,1.6875445824381163,74,47.1403968334198
BUL,canesm2_rcp85_r1i1p1,FORE-SCE-A2,72,436511420544.827,429119890365.2448,1.69331885299967,77,47.38436508178711
BUL,canesm2_rcp45_r1i1p1,FORE-SCE-A2,72,107174060966.33707,101548554602.89368,5.248943926096383,73,52.5609610080719
BUL,canesm2_rcp45_r1i1p1,FORE-SCE-A1B,72,108775111835.006,102843649276.5528,5.452959283048364,70,53.1409010887146
BUL,canesm2_rcp45_r1i1p1,FORE-SCE-B1,72,105783769664.0657,100404148666.10057,5.085488081062939,74,52.734134912490845
BUL,canesm2_rcp85_r1i1p1,FORE-SCE-B1,72,434713303803.8143,427389984794.2318,1.6846319046374236,74,47.578855991363525
BUL,canesm2_rcp45_r1i1p1,GCAM-26,72,119097169490.54367,112640684368.07185,5.421191074557374,72,52.44338798522949
BUL,canesm2_rcp45_r1i1p1,GCAM-45,72,112540868713.1281,106429341171.43501,5.430496149155961,75,53.11559581756592
BUL,canesm2_rcp85_r1i1p1,GCAM-26,72,452703858358.16736,443452972460.1529,2.0434740564317044,80,47.36807870864868
BUL,canesm2_rcp45_r1i1p1,LUCAS-BAU_High-0002,72,104556931171.08444,99419260514.18437,4.913754257470893,73,52.01113820075989
BUL,canesm2_rcp45_r1i1p1,LUCAS-BAU_High-0001,72,104341686945.08841,98846015607.57607,5.266994907226808,75,52.469611167907715
BUL,canesm2_rcp85_r1i1p1,GCAM-45,72,444002998967.36584,436552369261.63995,1.6780584192120584,73,47.14163303375244
BUL,canesm2_rcp45_r1i1p1,GCAM-ref,72,108582308560.6654,102675488464.7645,5.439947054174798,72,53.27084994316101
BUL,canesm2_rcp85_r1i1p1,GCAM-ref,72,438945792224.6392,431285809488.46716,1.745086266199336,79,47.32442116737366
BUL,canesm2_rcp85_r1i1p1,LUCAS-BAU_High-0001,72,432535522928.9376,425395352967.1633,1.650770765236631,81,47.55201506614685
BUL,canesm2_rcp85_r1i1p1,LUCAS-BAU_High-0002,72,432835417952.47644,425329327834.3294,1.734167262386821,84,47.87568020820618
BUL,ccsm4_rcp26_r1i1p1,FORE-SCE-A2,72,41384200212.55988,39006376425.58433,5.745728502091241,74,52.505314111709595
BUL,ccsm4_rcp26_r1i1p1,FORE-SCE-A1B,72,42417293740.875824,39860597435.84061,6.027485677549094,86,53.54640507698059
BUL,ccsm4_rcp26_r1i1p1,GCAM-26,72,49785990619.00336,46615194336.6639,6.368852448080364,72,51.742000102996826
BUL,ccsm4_rcp26_r1i1p1,FORE-SCE-B1,72,40521733433.22555,38265509417.39202,5.567935585854156,83,55.37787985801697
BUL,ccsm4_rcp26_r1i1p1,GCAM-45,72,45357708747.932274,42505093227.25367,6.289152603654491,78,52.74917793273926
BUL,ccsm4_rcp26_r1i1p1,GCAM-ref,72,42396940271.23395,39802076161.801445,6.120404191509787,84,56.883644104003906
BUL,ccsm4_rcp26_r1i1p1,LUCAS-BAU_High-0001,72,39758769555.505005,37444800575.87299,5.820021609073212,84,57.34563875198364
BUL,ccsm4_rcp26_r1i1p1,LUCAS-BAU_High-0002,72,39882431893.578575,37575132076.482666,5.785253575440585,77,57.12171506881714
BUL,ccsm4_rcp60_r1i1p1,FORE-SCE-A1B,72,50129361230.649445,44599155219.31523,11.031870096826623,76,46.64557480812073
BUL,ccsm4_rcp60_r1i1p1,FORE-SCE-B1,72,47996074911.44801,42839600980.56398,10.743532550104662,84,46.41084027290344
BUL,ccsm4_rcp60_r1i1p1,FORE-SCE-A2,72,48921320689.72931,43569956945.75235,10.938714794550586,78,47.598227977752686
BUL,ccsm4_rcp60_r1i1p1,GCAM-26,72,58365692524.91802,51814983032.52312,11.223561666124693,75,47.4262797832489
BUL,ccsm4_rcp60_r1i1p1,GCAM-ref,72,50319817378.23868,44769483323.67836,11.030115655707085,76,47.08456993103027
BUL,ccsm4_rcp60_r1i1p1,GCAM-45,72,53066662777.91646,47109940402.67435,11.224980172902422,76,47.59642696380615
BUL,ccsm4_rcp45_r1i1p1,FORE-SCE-A1B,72,19247575211.84971,16330150114.396404,15.157364319102395,74,55.11924195289612
BUL,ccsm4_rcp45_r1i1p1,GCAM-26,72,28915144782.64016,24653072803.49405,14.739929580795108,78,54.60276198387146
BUL,ccsm4_rcp45_r1i1p1,FORE-SCE-A2,72,17739370337.4437,15081876049.305487,14.980770103935747,77,55.68213391304016
BUL,ccsm4_rcp60_r1i1p1,LUCAS-BAU_High-0001,72,47101230645.73252,41848871172.53513,11.151214949567912,80,46.75772786140442
BUL,ccsm4_rcp45_r1i1p1,FORE-SCE-B1,72,16642173935.147274,14140564552.92586,15.031746405066503,78,57.694661140441895
BUL,ccsm4_rcp45_r1i1p1,LUCAS-BAU_High-0001,72,15579035049.816341,13295434873.590565,14.658161875389697,84,56.80877995491028
BUL,ccsm4_rcp45_r1i1p1,GCAM-45,72,22744092435.768795,19301419310.259567,15.136559681295802,76,57.4912269115448
BUL,ccsm4_rcp45_r1i1p1,GCAM-ref,72,19512375920.397144,16656822262.499947,14.634576893899231,75,57.31869173049927
BUL,ccsm4_rcp60_r1i1p1,LUCAS-BAU_High-0002,72,47249782971.306496,42073367074.07903,10.955427880739599,76,46.97981381416321
BUL,ccsm4_rcp45_r1i1p1,LUCAS-BAU_High-0002,72,15760535175.593723,13483468485.20486,14.44790208593334,81,59.431681871414185
BUL,ccsm4_rcp85_r1i1p1,FORE-SCE-A1B,72,67630185034.63898,64755013439.14455,4.251314104821413,75,46.849560022354126
BUL,ccsm4_rcp85_r1i1p1,FORE-SCE-A2,72,66028670529.230095,63398559103.37648,3.9832869642427493,74,47.05147314071655
BUL,ccsm4_rcp85_r1i1p1,FORE-SCE-B1,72,64497475775.90043,61878971082.637085,4.0598560823705165,68,47.1797308921814
BUL,ccsm4_rcp85_r1i1p1,GCAM-26,72,78493994481.93628,74990538156.93127,4.463343148896892,72,46.71411871910095
BUL,ccsm4_rcp85_r1i1p1,GCAM-45,72,71543826517.62634,68505599448.48418,4.246665599293376,70,46.67286682128906
BUL,ccsm4_rcp85_r1i1p1,GCAM-ref,72,67348490166.17538,64505841754.56249,4.220804957318192,76,47.24171018600464
BUL,ccsm4_rcp85_r1i1p1,LUCAS-BAU_High-0001,72,62948912414.19118,60384397817.16459,4.07396172336163,70,46.89950489997864
BUL,ccsm4_rcp85_r1i1p1,LUCAS-BAU_High-0002,72,63175648551.984184,60833415494.1954,3.707493490726066,68,46.68406915664673
BUL,cesm1-bgc_rcp45_r1i1p1,FORE-SCE-A1B,72,64011671739.79016,61732579590.01792,3.560432164679017,82,51.31505513191223
BUL,cesm1-bgc_rcp45_r1i1p1,GCAM-26,72,71743927783.51611,69039638053.5351,3.769363921837521,70,49.33393216133118
BUL,cesm1-bgc_rcp45_r1i1p1,GCAM-45,72,66701866790.32305,64251912107.30219,3.6729926775846855,80,50.69868016242981
BUL,cesm1-bgc_rcp45_r1i1p1,FORE-SCE-A2,72,63171784335.36487,61315172667.678825,2.9389888020729393,79,52.60037016868591
BUL,cesm1-bgc_rcp45_r1i1p1,FORE-SCE-B1,72,61837676956.89742,59857662553.88985,3.2019546988928838,78,53.37437415122986
BUL,cesm1-bgc_rcp45_r1i1p1,GCAM-ref,72,63613571356.6631,61456355755.0752,3.391124811234081,81,52.88079309463501
BUL,cesm1-bgc_rcp45_r1i1p1,LUCAS-BAU_High-0001,72,60585866343.08636,58958259290.91488,2.6864467744913356,74,53.12653303146362
BUL,cesm1-bgc_rcp45_r1i1p1,LUCAS-BAU_High-0002,72,60720112300.723114,59096523509.36165,2.6738896386101274,77,52.711328983306885
BUL,cesm1-bgc_rcp85_r1i1p1,GCAM-26,72,57423634560.76352,52783118142.67818,8.081195928437657,80,55.7209038734436
BUL,cesm1-bgc_rcp85_r1i1p1,FORE-SCE-A1B,72,47539261529.23672,44032008419.54999,7.377592745166572,82,58.52472496032715
BUL,cesm1-bgc_rcp85_r1i1p1,GCAM-45,72,51150650210.80811,47311925872.56941,7.5047420168034895,81,55.846184968948364
BUL,cesm1-bgc_rcp85_r1i1p1,FORE-SCE-A2,72,45844352091.1187,42579229174.94883,7.12219230338389,77,58.42752265930176
BUL,cesm1-bgc_rcp85_r1i1p1,FORE-SCE-B1,72,44653630411.951614,41474226764.5273,7.120145927873633,79,56.8699631690979
BUL,cesm1-bgc_rcp85_r1i1p1,GCAM-ref,72,47610984360.1925,43905685602.87486,7.782445179637221,80,56.95511221885681
BUL,cesm1-bgc_rcp85_r1i1p1,LUCAS-BAU_High-0001,72,43248658710.74812,40079015546.13106,7.328882002598036,89,58.913870096206665
BUL,cesm1-bgc_rcp85_r1i1p1,LUCAS-BAU_High-0002,72,43472326737.590866,40442489131.79233,6.969577736400789,81,57.01382303237915
BUL,cesm1-cam5_rcp26_r1i1p1,FORE-SCE-A1B,72,16079906214.762703,12817680073.809639,20.287594326626525,82,54.89548301696777
BUL,cesm1-cam5_rcp26_r1i1p1,GCAM-26,72,22593456239.370815,18525310770.196915,18.005857209597032,84,51.77888894081116
BUL,cesm1-cam5_rcp26_r1i1p1,FORE-SCE-A2,72,15255008598.363058,12161621554.65816,20.277845297555817,80,55.41533803939819
BUL,cesm1-cam5_rcp26_r1i1p1,FORE-SCE-B1,72,14320230055.401672,11358506453.016413,20.682095126454204,81,58.50904321670532
BUL,cesm1-cam5_rcp26_r1i1p1,GCAM-45,72,18380357866.68549,14712782729.855343,19.953774368439525,82,57.1264009475708
BUL,cesm1-cam5_rcp26_r1i1p1,GCAM-ref,72,15811935898.25742,12494667626.714098,20.97952010992472,81,59.13455271720886
BUL,cesm1-cam5_rcp26_r1i1p1,LUCAS-BAU_High-0001,72,13479219071.266161,10564932654.504044,21.620587968442052,85,60.88918900489807
BUL,cesm1-cam5_rcp26_r1i1p1,LUCAS-BAU_High-0002,72,13590225304.839016,10702823121.718803,21.246168612761018,85,59.801774740219116
BUL,cesm1-cam5_rcp45_r1i1p1,FORE-SCE-A2,72,23007082368.883392,20026968580.68699,12.953027856443654,72,51.78640389442444
BUL,cesm1-cam5_rcp45_r1i1p1,FORE-SCE-A1B,72,24686408448.97554,21517467408.66627,12.836784447033555,82,52.2239191532135
BUL,cesm1-cam5_rcp45_r1i1p1,GCAM-26,72,34581446504.68666,30696080809.334396,11.235405363467654,80,51.49639391899109
BUL,cesm1-cam5_rcp45_r1i1p1,FORE-SCE-B1,72,21943585737.86492,19174157997.735775,12.620670902250675,71,52.98426294326782
BUL,cesm1-cam5_rcp45_r1i1p1,GCAM-45,72,28240619101.994324,24799768128.29308,12.184049369718863,76,51.95964312553406
BUL,cesm1-cam5_rcp45_r1i1p1,GCAM-ref,72,24835632356.435047,21681446993.352417,12.70024180505862,76,52.48979306221008
BUL,cesm1-cam5_rcp45_r1i1p1,LUCAS-BAU_High-0001,72,20602279449.19308,18087897425.347908,12.204387529282112,76,51.33407783508301
BUL,cesm1-cam5_rcp45_r1i1p1,LUCAS-BAU_High-0002,72,20815167426.39893,18264936401.732807,12.251792034263342,75,51.527565002441406
BUL,cesm1-cam5_rcp85_r1i1p1,FORE-SCE-A1B,72,114347158277.5634,108716023566.89705,4.924595237423812,77,47.38238477706909
BUL,cesm1-cam5_rcp85_r1i1p1,FORE-SCE-A2,72,112522081768.93286,107020010505.69925,4.8897702359722235,76,47.13439393043518
BUL,cesm1-cam5_rcp85_r1i1p1,FORE-SCE-B1,72,111156867153.4323,105703527832.74481,4.905985082469188,74,47.128243923187256
BUL,cesm1-cam5_rcp85_r1i1p1,GCAM-26,72,125642649599.834,119382815616.17165,4.982252446601243,67,46.80479073524475
BUL,cesm1-cam5_rcp85_r1i1p1,GCAM-45,72,118429562152.97383,112528147564.38727,4.983058690163689,70,47.41104006767273
BUL,cesm1-cam5_rcp60_r1i1p1,GCAM-26,72,21674955374.51585,16561778095.04172,23.590255163735684,76,58.93831205368042
BUL,cesm1-cam5_rcp60_r1i1p1,GCAM-45,72,16137837267.059662,11469611286.128622,28.927209412749257,79,60.56590795516968
BUL,cesm1-cam5_rcp60_r1i1p1,FORE-SCE-A2,72,10874959380.058714,7147378686.471806,34.27673210827922,77,61.292715072631836
BUL,cesm1-cam5_rcp60_r1i1p1,FORE-SCE-A1B,72,12441502712.169779,8316746879.613975,33.15319642635398,82,63.21079778671265
BUL,cesm1-cam5_rcp60_r1i1p1,FORE-SCE-B1,72,9733229928.92109,6057870579.215109,37.76094242657418,89,65.58680200576782
BUL,cesm1-cam5_rcp60_r1i1p1,GCAM-ref,72,12341428859.568716,8173422437.356056,33.77247861361747,77,66.1671142578125
BUL,cesm1-cam5_rcp85_r1i1p1,GCAM-ref,72,114280860942.88885,108607297429.45561,4.964578903783867,70,47.159844160079956
BUL,cesm1-cam5_rcp60_r1i1p1,LUCAS-BAU_High-0001,72,8502490651.797888,5074639155.995417,40.315851392058136,83,67.9198009967804
BUL,cesm1-cam5_rcp60_r1i1p1,LUCAS-BAU_High-0002,72,8671791307.305313,5223231559.656135,39.76755926706901,73,66.84805727005005
BUL,cesm1-cam5_rcp85_r1i1p1,LUCAS-BAU_High-0001,72,109490201991.58649,104171798893.31871,4.857423770828784,77,49.35098314285278
BUL,cesm1-cam5_rcp85_r1i1p1,LUCAS-BAU_High-0002,72,109751854698.93854,104618296205.21771,4.677422999185521,75,46.725651025772095
BUL,cmcc-cm_rcp45_r1i1p1,FORE-SCE-A2,72,7161479658.383589,4939650519.193093,31.02472177784531,80,51.87797689437866
BUL,cmcc-cm_rcp45_r1i1p1,GCAM-26,72,17885490713.69187,14236216347.328142,20.40354623074503,75,49.55973792076111
BUL,cmcc-cm_rcp45_r1i1p1,GCAM-45,72,11996925917.638721,8973688525.419386,25.200100533873936,76,51.355242013931274
BUL,cmcc-cm_rcp45_r1i1p1,FORE-SCE-A1B,72,8694459811.91898,6123275104.138044,29.572679193435036,84,56.29160022735596
BUL,cmcc-cm_rcp45_r1i1p1,FORE-SCE-B1,72,6077805499.943584,3983549044.170024,34.45744448046256,83,55.41603493690491
BUL,cmcc-cm_rcp45_r1i1p1,GCAM-ref,72,8637309892.268736,6062685326.226518,29.80817636688904,79,56.68207621574402
BUL,cmcc-cm_rcp85_r1i1p1,GCAM-26,72,25090598445.970364,22328412123.213547,11.008849903300867,74,43.33969163894653
BUL,cmcc-cm_rcp85_r1i1p1,FORE-SCE-A1B,72,12752313039.151402,10900288598.232166,14.523047193346484,82,48.72923493385315
BUL,cmcc-cm_rcp85_r1i1p1,FORE-SCE-A2,72,11145926222.410593,9479379130.447264,14.952073598087178,80,48.07955312728882
BUL,cmcc-cm_rcp85_r1i1p1,FORE-SCE-B1,72,9244402550.301222,7768186507.01491,15.968755528048817,86,49.51468324661255
BUL,cmcc-cm_rcp85_r1i1p1,GCAM-45,72,17261941312.078762,15042606138.646177,12.856811023216963,77,46.8529531955719
BUL,cmcc-cm_rcp45_r1i1p1,LUCAS-BAU_High-0001,72,4905596888.018365,3001570505.475323,38.813347814891095,94,61.491626024246216
BUL,cmcc-cm_rcp45_r1i1p1,LUCAS-BAU_High-0002,72,5088939998.919799,3164378679.2301207,37.818510733044484,86,61.446999073028564
BUL,cmcc-cm_rcp85_r1i1p1,GCAM-ref,72,12374140579.242939,10522259989.233948,14.965730978646208,80,49.53242206573486
BUL,cmcc-cm_rcp85_r1i1p1,LUCAS-BAU_High-0001,72,7247306289.495584,5946748488.785856,17.94539583065209,84,50.52795171737671
BUL,cmcc-cm_rcp85_r1i1p1,LUCAS-BAU_High-0002,72,7503638153.999953,6175750606.058532,17.69658292002748,83,52.765758991241455
BUL,cnrm-cm5_rcp45_r1i1p1,FORE-SCE-A1B,72,94503992274.99342,90459903017.95624,4.279278747578674,85,60.77117395401001
BUL,cnrm-cm5_rcp45_r1i1p1,FORE-SCE-A2,72,93230100734.07198,89330133077.84988,4.18316361938329,86,60.0070538520813
BUL,cnrm-cm5_rcp45_r1i1p1,FORE-SCE-B1,72,92230709438.00435,87567048874.74646,5.05651598223118,91,59.04794120788574
BUL,cnrm-cm5_rcp45_r1i1p1,GCAM-45,72,97512004749.11475,93163968809.69756,4.4589750263099415,82,58.60112690925598
BUL,cnrm-cm5_rcp45_r1i1p1,GCAM-ref,72,94480148123.6,90314838667.1452,4.408661014169557,87,58.940266847610474
BUL,cnrm-cm5_rcp45_r1i1p1,GCAM-26,72,102456145431.35944,96961229426.26938,5.363188300667998,83,60.93607974052429
BUL,cnrm-cm5_rcp45_r1i1p1,LUCAS-BAU_High-0001,72,91108168764.5243,86971979869.64334,4.539866129426051,92,58.37609601020813
BUL,cnrm-cm5_rcp45_r1i1p1,LUCAS-BAU_High-0002,72,91025775227.19075,87027449009.21959,4.392520918379173,93,58.258909940719604
BUL,cnrm-cm5_rcp85_r1i1p1,FORE-SCE-A2,72,262878212156.19342,255851969027.01776,2.6728130382296156,77,57.958487033843994
BUL,cnrm-cm5_rcp85_r1i1p1,FORE-SCE-A1B,72,264734911290.33368,257401119573.46802,2.7702397394889555,80,58.458451986312866
BUL,cnrm-cm5_rcp85_r1i1p1,FORE-SCE-B1,72,261280184897.00674,254023583943.84943,2.7773254049164753,83,57.66301918029785
BUL,cnrm-cm5_rcp85_r1i1p1,GCAM-26,72,276018156988.896,267692071425.86554,3.0164992237686095,83,57.73117208480835
BUL,cnrm-cm5_rcp85_r1i1p1,GCAM-45,72,268862690122.31064,261010874458.12988,2.920381277375761,88,57.86542892456055
BUL,cnrm-cm5_rcp85_r1i1p1,GCAM-ref,72,264689376655.72278,257523358805.43478,2.707331114239886,83,58.77774524688721
BUL,csiro-mk3-6-0_rcp26_r1i1p1,FORE-SCE-A1B,72,21596998917.794487,18759290168.68424,13.13936607540488,76,57.23792219161987
BUL,cnrm-cm5_rcp85_r1i1p1,LUCAS-BAU_High-0001,72,259499984726.77142,253299778347.15793,2.389289689608931,78,59.934967041015625
BUL,cnrm-cm5_rcp85_r1i1p1,LUCAS-BAU_High-0002,72,259781882254.93652,253523842857.65695,2.4089591402445265,74,59.754929065704346
BUL,csiro-mk3-6-0_rcp26_r1i1p1,GCAM-26,72,32185213960.95831,28397516164.854275,11.768440628353849,73,54.748571157455444
BUL,csiro-mk3-6-0_rcp26_r1i1p1,FORE-SCE-A2,72,19851380893.947254,17180419723.3483,13.454787779591381,74,58.17896389961243
BUL,csiro-mk3-6-0_rcp26_r1i1p1,GCAM-45,72,25716088711.646286,22459742875.79964,12.662679275841482,78,56.23634910583496
BUL,csiro-mk3-6-0_rcp26_r1i1p1,FORE-SCE-B1,72,18597199100.77912,16068661404.86379,13.59633610530846,80,58.97240591049194
BUL,csiro-mk3-6-0_rcp26_r1i1p1,GCAM-ref,72,21925919235.281773,18936270686.671722,13.63522558178223,77,61.42181611061096
BUL,csiro-mk3-6-0_rcp26_r1i1p1,LUCAS-BAU_High-0001,72,17352446552.524494,14764576513.073719,14.913574472726342,88,64.20915412902832
BUL,csiro-mk3-6-0_rcp26_r1i1p1,LUCAS-BAU_High-0002,72,17579727434.39824,15000173434.073046,14.673458447812916,76,62.00134801864624
BUL,csiro-mk3-6-0_rcp45_r1i1p1,GCAM-26,72,21242280704.685436,18359660366.335075,13.570201704916451,72,51.87832808494568
BUL,csiro-mk3-6-0_rcp45_r1i1p1,FORE-SCE-A1B,72,10308378014.107351,8575191249.053365,16.813379977742994,79,60.09507727622986
BUL,csiro-mk3-6-0_rcp45_r1i1p1,FORE-SCE-A2,72,8620958093.554268,7091755815.60389,17.738194077219028,82,59.729021072387695
BUL,csiro-mk3-6-0_rcp45_r1i1p1,GCAM-45,72,14308858671.707504,12077736532.170612,15.592593306889146,76,55.33401012420654
BUL,csiro-mk3-6-0_rcp45_r1i1p1,FORE-SCE-B1,72,7239486900.73695,5816536173.292573,19.655408552497367,84,61.97057390213013
BUL,csiro-mk3-6-0_rcp45_r1i1p1,GCAM-ref,72,10172746177.904594,8367256304.597723,17.748303572426003,81,60.83081102371216
BUL,csiro-mk3-6-0_rcp45_r1i1p1,LUCAS-BAU_High-0002,72,6033498912.552369,4755983763.425727,21.173703147088354,78,63.11875510215759
BUL,csiro-mk3-6-0_rcp45_r1i1p1,LUCAS-BAU_High-0001,72,5847933739.664629,4523731215.180314,22.643938584712075,83,64.61664414405823
BUL,csiro-mk3-6-0_rcp60_r1i1p1,GCAM-26,72,22731035254.324734,20298699775.07661,10.700504627413988,72,53.28022384643555
BUL,csiro-mk3-6-0_rcp60_r1i1p1,FORE-SCE-A2,72,13230562661.496965,11599963538.39092,12.324488117586618,81,59.0496940612793
BUL,csiro-mk3-6-0_rcp60_r1i1p1,FORE-SCE-A1B,72,14471424921.661026,12578589135.3737,13.079816234641173,81,59.63867473602295
BUL,csiro-mk3-6-0_rcp60_r1i1p1,GCAM-45,72,17485302726.716984,15299316222.493053,12.501851059654879,80,58.43410110473633
BUL,csiro-mk3-6-0_rcp60_r1i1p1,FORE-SCE-B1,72,12238732469.501976,10676022741.019962,12.768558609939152,92,61.299007177352905
BUL,csiro-mk3-6-0_rcp85_r1i1p1,FORE-SCE-A2,72,67879501019.11764,64526068955.20295,4.940272119811584,76,55.02734613418579
BUL,csiro-mk3-6-0_rcp85_r1i1p1,FORE-SCE-A1B,72,69622427559.03854,66216969024.5461,4.891324037221601,83,55.788246154785156
BUL,csiro-mk3-6-0_rcp85_r1i1p1,GCAM-26,72,81121005195.46417,76780453436.2088,5.350712492771315,76,53.808457136154175
BUL,csiro-mk3-6-0_rcp85_r1i1p1,FORE-SCE-B1,72,66457236294.39979,63331155470.173195,4.703898323996391,79,56.819366216659546
BUL,csiro-mk3-6-0_rcp60_r1i1p1,GCAM-ref,72,14416692501.07224,12483909591.055893,13.406562634755492,87,61.297749042510986
BUL,csiro-mk3-6-0_rcp85_r1i1p1,GCAM-45,72,73717326996.46606,70019253063.43967,5.016559991660685,77,55.31977200508118
BUL,csiro-mk3-6-0_rcp60_r1i1p1,LUCAS-BAU_High-0001,72,11232247226.551344,9717435296.80593,13.486276603355263,93,67.72005414962769
BUL,csiro-mk3-6-0_rcp85_r1i1p1,GCAM-ref,72,69488858272.87608,66208721625.052185,4.720377812142362,75,57.53097200393677
BUL,csiro-mk3-6-0_rcp60_r1i1p1,LUCAS-BAU_High-0002,72,11365961695.382782,9868678546.281849,13.173396050676267,91,67.27868223190308
BUL,csiro-mk3-6-0_rcp85_r1i1p1,LUCAS-BAU_High-0002,72,65046909669.08682,61972733661.542,4.726090790760207,81,58.63624095916748
BUL,csiro-mk3-6-0_rcp85_r1i1p1,LUCAS-BAU_High-0001,72,64807183459.64671,61736182397.40435,4.738673860366993,82,61.020355224609375
BUL,fgoals-g2_rcp26_r1i1p1,GCAM-26,72,14197859954.307524,11149962946.232811,21.467298718846738,95,64.67029690742493
BUL,fgoals-g2_rcp26_r1i1p1,FORE-SCE-A1B,72,7096776491.447989,5255033333.377722,25.95182700610158,99,70.1514060497284
BUL,fgoals-g2_rcp26_r1i1p1,GCAM-45,72,9622302987.699951,7260597521.725825,24.5440771195114,91,67.93441104888916
BUL,fgoals-g2_rcp26_r1i1p1,FORE-SCE-A2,72,5797669728.651799,4051400550.20896,30.120190700288816,105,72.78452110290527
BUL,fgoals-g2_rcp26_r1i1p1,FORE-SCE-B1,72,5132797096.969701,3603682259.544422,29.79106340143539,109,77.42742776870728
BUL,fgoals-g2_rcp26_r1i1p1,GCAM-ref,72,7242638329.333017,5221927408.4555,27.90020471812801,97,77.05822086334229
DNP,access1-0_rcp45_r1i1p1,FORE-SCE-A1B,72,8908540044.950378,7254927404.0522175,18.56210594052925,94,66.03608393669128
DNP,access1-0_rcp45_r1i1p1,GCAM-26,72,21723607397.737293,18942033531.42329,12.804382878893906,98,60.28446006774902
DNP,access1-0_rcp45_r1i1p1,FORE-SCE-A2,72,7386263665.399395,5947801969.435605,19.474821927928133,95,66.31302571296692
DNP,access1-0_rcp45_r1i1p1,FORE-SCE-B1,72,5683986593.933577,4397589675.683163,22.63194849233747,98,66.65885281562805
DNP,access1-0_rcp45_r1i1p1,GCAM-45,72,13240368966.643848,11303571249.584137,14.627973902683832,91,63.02688121795654
DNP,access1-0_rcp45_r1i1p1,GCAM-ref,72,8529763165.678001,6892013745.151064,19.20040907017092,94,65.75700783729553
BUL,fgoals-g2_rcp26_r1i1p1,LUCAS-BAU_High-0001,72,4315343820.292038,3019685258.324301,30.024457283685322,100,80.71354484558105
DNP,access1-0_rcp85_r1i1p1,FORE-SCE-A1B,72,14575651949.232328,12572647855.313068,13.742123514583193,88,65.12380027770996
BUL,fgoals-g2_rcp26_r1i1p1,LUCAS-BAU_High-0002,72,4471465409.537275,3104197760.7418094,30.57761882445058,102,80.40065097808838
DNP,access1-0_rcp85_r1i1p1,GCAM-26,72,33217486088.755993,30514896615.79894,8.136044569224254,85,57.502137184143066
DNP,access1-0_rcp45_r1i1p1,LUCAS-BAU_High-0001,72,4205344277.7576823,3127163874.9033074,25.638338543575035,100,67.5515410900116
DNP,access1-0_rcp45_r1i1p1,LUCAS-BAU_High-0002,72,4382742096.475471,3245727835.1506643,25.94298811785376,104,67.73181509971619
DNP,access1-0_rcp85_r1i1p1,FORE-SCE-A2,72,11539948166.030615,9692418128.468792,16.009864264384444,81,67.89911985397339
DNP,access1-0_rcp85_r1i1p1,GCAM-45,72,21494930514.80086,18669134302.76982,13.146337970645073,95,61.86630415916443
DNP,access1-0_rcp85_r1i1p1,FORE-SCE-B1,72,9718605912.554323,7993704212.201412,17.74844783164542,89,73.13457489013672
DNP,access1-0_rcp85_r1i1p1,GCAM-ref,72,14799586568.51106,12846262844.25185,13.198501966367616,84,69.41138982772827
DNP,access1-0_rcp85_r1i1p1,LUCAS-BAU_High-0002,72,7838779614.21509,6341325530.832563,19.103153259558358,88,72.45634913444519
DNP,access1-0_rcp85_r1i1p1,LUCAS-BAU_High-0001,72,7472241995.020312,5842211017.374533,21.814483239863925,87,75.42022895812988
DNP,bcc-csm1-1-m_rcp45_r1i1p1,FORE-SCE-A1B,72,9152012623.4058,7751863660.593819,15.29880934857074,76,71.07913398742676
DNP,bcc-csm1-1-m_rcp45_r1i1p1,GCAM-26,72,21482038405.687244,19225488580.757668,10.504356161714002,86,64.64981889724731
DNP,bcc-csm1-1-m_rcp45_r1i1p1,FORE-SCE-A2,72,7673028071.265441,6219651010.692385,18.941375517910288,84,69.80634498596191
DNP,bcc-csm1-1-m_rcp45_r1i1p1,FORE-SCE-B1,72,6141771002.5022,4792276102.3954525,21.972406648781828,82,74.06776022911072
DNP,bcc-csm1-1-m_rcp45_r1i1p1,GCAM-45,72,13295054935.242447,11668019664.137497,12.237898068341302,82,70.46449899673462
DNP,bcc-csm1-1_rcp26_r1i1p1,FORE-SCE-A1B,72,25533622872.591446,19819209519.58177,22.379955173316578,86,57.64569807052612
DNP,bcc-csm1-1-m_rcp45_r1i1p1,GCAM-ref,72,8859419251.853876,7394796138.158445,16.531818531885722,88,72.83256793022156
DNP,bcc-csm1-1_rcp26_r1i1p1,FORE-SCE-A2,72,20954689013.5865,16106262370.163784,23.13766928384914,84,57.96207070350647
DNP,bcc-csm1-1_rcp26_r1i1p1,GCAM-26,72,48048517940.471466,41391745821.34555,13.854271483197799,90,54.650402784347534
DNP,bcc-csm1-1-m_rcp45_r1i1p1,LUCAS-BAU_High-0001,72,4628425064.398663,3302082411.5631833,28.656457312824646,87,72.86943292617798
DNP,bcc-csm1-1-m_rcp45_r1i1p1,LUCAS-BAU_High-0002,72,4788899325.54339,3475412061.9120255,27.42774851468245,88,74.91883611679077
DNP,bcc-csm1-1_rcp26_r1i1p1,FORE-SCE-B1,72,18097458340.53765,13376767602.31846,26.084827213802807,87,59.411657094955444
DNP,bcc-csm1-1-m_rcp85_r1i1p1,FORE-SCE-A2,72,31863000451.283123,16041395694.316486,49.65510006239698,97,73.72609305381775
DNP,bcc-csm1-1-m_rcp85_r1i1p1,FORE-SCE-A1B,72,32991128552.455467,17107683842.995249,48.14459342973293,92,75.35699367523193
DNP,bcc-csm1-1_rcp26_r1i1p1,GCAM-45,72,33842687065.370155,27841386656.594746,17.732931185940892,100,57.82095789909363
DNP,bcc-csm1-1-m_rcp85_r1i1p1,GCAM-26,72,45972643410.52253,25636233776.04826,44.235893622378775,94,69.95151996612549
DNP,bcc-csm1-1-m_rcp85_r1i1p1,FORE-SCE-B1,72,29809374884.505,15303004173.133944,48.663787038726234,93,77.8205840587616
DNP,bcc-csm1-1-m_rcp85_r1i1p1,GCAM-45,72,37690789843.181366,20040619043.612488,46.82886952755639,102,72.78926491737366
DNP,bcc-csm1-1_rcp26_r1i1p1,GCAM-ref,72,25270596889.28532,19680696200.673714,22.120176714075612,89,58.70775890350342
DNP,bcc-csm1-1-m_rcp85_r1i1p1,GCAM-ref,72,32606740618.303696,17196852218.134476,47.259824526953565,104,78.54419207572937
DNP,bcc-csm1-1-m_rcp85_r1i1p1,LUCAS-BAU_High-0001,72,27746012287.302586,13853858565.62682,50.06901019802847,102,81.8768138885498
DNP,bcc-csm1-1-m_rcp85_r1i1p1,LUCAS-BAU_High-0002,72,27942327197.481377,14244987312.78531,49.02003969780547,102,83.19752979278564
DNP,bcc-csm1-1_rcp26_r1i1p1,LUCAS-BAU_High-0001,72,15503592407.452435,10808219515.088251,30.285709072867274,83,61.03644275665283
DNP,bcc-csm1-1_rcp26_r1i1p1,LUCAS-BAU_High-0002,72,15993250289.836315,11140101181.785627,30.34498316539732,83,60.942391872406006
DNP,bcc-csm1-1_rcp45_r1i1p1,FORE-SCE-A2,72,11529978384.555407,8972724913.410099,22.179169690125267,94,62.482621908187866
DNP,bcc-csm1-1_rcp45_r1i1p1,FORE-SCE-A1B,72,13987607852.68837,11370210030.586288,18.712261951202947,93,62.69721078872681
DNP,bcc-csm1-1_rcp45_r1i1p1,FORE-SCE-B1,72,9751969442.83964,7237682912.096075,25.78234627867577,87,63.483431816101074
DNP,bcc-csm1-1_rcp45_r1i1p1,GCAM-26,72,29364261169.930305,26121973651.235577,11.041611092925807,91,58.76873803138733
DNP,bcc-csm1-1_rcp45_r1i1p1,GCAM-45,72,19740967980.869408,16397817869.912619,16.93508704434642,94,60.56889772415161
DNP,bcc-csm1-1_rcp45_r1i1p1,GCAM-ref,72,13590051262.251633,11000127283.04881,19.057499704925462,85,64.06713914871216
DNP,bcc-csm1-1_rcp45_r1i1p1,LUCAS-BAU_High-0001,72,7881151396.218807,5515823280.104495,30.012468955350123,88,64.88865923881531
DNP,bcc-csm1-1_rcp60_r1i1p1,GCAM-26,72,23715619781.983795,20153133345.33488,15.02168810850667,86,60.642914056777954
DNP,bcc-csm1-1_rcp45_r1i1p1,LUCAS-BAU_High-0002,72,8232775112.04697,5795110460.611625,29.609270486064,90,65.94540214538574
DNP,bcc-csm1-1_rcp60_r1i1p1,FORE-SCE-A1B,72,11110167151.200624,8210667504.692253,26.097713986193593,85,65.80293130874634
DNP,bcc-csm1-1_rcp60_r1i1p1,FORE-SCE-A2,72,8938618537.09975,6570947138.533154,26.488113221741962,80,67.37964582443237
DNP,bcc-csm1-1_rcp60_r1i1p1,GCAM-45,72,16158372561.110888,12747445832.966526,21.10934572924503,79,64.23960328102112
DNP,bcc-csm1-1_rcp60_r1i1p1,GCAM-ref,72,11846160963.182106,8749867686.179838,26.1375249469052,82,68.38867521286011
DNP,bcc-csm1-1_rcp60_r1i1p1,FORE-SCE-B1,72,7535001295.122943,5214842401.144518,30.79175176094736,76,71.93674278259277
DNP,bcc-csm1-1_rcp85_r1i1p1,FORE-SCE-A1B,72,70485115378.85736,22466634622.239594,68.12570355956507,89,68.11248517036438
DNP,bcc-csm1-1_rcp60_r1i1p1,LUCAS-BAU_High-0001,72,6483352509.279397,4180787488.121808,35.51503667064235,78,71.98743104934692
DNP,bcc-csm1-1_rcp85_r1i1p1,FORE-SCE-A2,72,66825637698.9651,20726744780.207172,68.98384288740105,96,67.50549101829529
DNP,bcc-csm1-1_rcp85_r1i1p1,FORE-SCE-B1,72,63717387550.5809,18275810885.90263,71.31738825388172,97,67.80019307136536
DNP,bcc-csm1-1_rcp85_r1i1p1,GCAM-26,72,93116023889.41566,35905996757.112976,61.439508199195835,95,62.61802005767822
DNP,bcc-csm1-1_rcp60_r1i1p1,LUCAS-BAU_High-0002,72,6805409982.603174,4411510514.305271,35.17641809115811,82,73.04042077064514
DNP,bcc-csm1-1_rcp85_r1i1p1,GCAM-45,72,79020945021.11409,27020327583.70867,65.80611940734326,94,64.43587899208069
DNP,bcc-csm1-1_rcp85_r1i1p1,GCAM-ref,72,70551940050.9595,21102662438.207874,70.08918192332419,90,68.64469599723816
DNP,bcc-csm1-1_rcp85_r1i1p1,LUCAS-BAU_High-0002,72,60434932987.79583,17377001192.67009,71.24676022031962,89,68.19559502601624
DNP,bcc-csm1-1_rcp85_r1i1p1,LUCAS-BAU_High-0001,72,59967353040.30306,16449724094.99662,72.56886745702944,91,70.00544905662537
DNP,canesm2_rcp26_r1i1p1,FORE-SCE-A2,72,242017542474.31772,188425418333.7475,22.14390064152365,94,71.4503161907196
DNP,canesm2_rcp26_r1i1p1,GCAM-26,72,256959655435.76544,202257599893.18353,21.288188392771367,86,70.75454783439636
DNP,canesm2_rcp26_r1i1p1,FORE-SCE-B1,72,241483831411.97607,187470297252.3474,22.367350163282996,94,75.18084812164307
DNP,canesm2_rcp26_r1i1p1,FORE-SCE-A1B,72,244195737243.8186,191218261052.9924,21.694676896808616,90,76.73972916603088
DNP,canesm2_rcp26_r1i1p1,GCAM-45,72,248429710219.5786,195425608802.00165,21.335653199743476,96,75.36541724205017
DNP,canesm2_rcp26_r1i1p1,GCAM-ref,72,244111149078.12878,191389119250.08212,21.597550962808654,84,75.7526638507843
DNP,canesm2_rcp26_r1i1p1,LUCAS-BAU_High-0001,72,240292323724.51776,188394348729.79822,21.59784973165343,94,76.44664120674133
DNP,canesm2_rcp26_r1i1p1,LUCAS-BAU_High-0002,72,240432303507.4911,187116636043.5582,22.174918547195865,97,78.02015995979309
DNP,canesm2_rcp45_r1i1p1,GCAM-26,72,19245911764.779434,11656325527.328943,39.43479701148609,92,72.93298101425171
DNP,canesm2_rcp45_r1i1p1,FORE-SCE-A2,72,8421699695.685155,4255232695.45832,49.472994179090925,95,78.45353317260742
DNP,canesm2_rcp45_r1i1p1,FORE-SCE-A1B,72,10723240302.72032,5000533387.367586,53.36732884649589,96,81.25359416007996
DNP,canesm2_rcp45_r1i1p1,FORE-SCE-B1,72,7863000731.592867,3188942869.5363517,59.44369104884537,101,82.34000205993652
DNP,canesm2_rcp45_r1i1p1,GCAM-45,72,13131680034.464767,7216873163.17061,45.04227072065755,95,79.15836310386658
DNP,canesm2_rcp85_r1i1p1,FORE-SCE-A1B,72,524825536109.48303,275324613463.72107,47.53978331452873,111,75.37854528427124
DNP,canesm2_rcp85_r1i1p1,FORE-SCE-A2,72,519227386713.6107,276337688559.1616,46.77906142274026,115,75.10062599182129
DNP,canesm2_rcp85_r1i1p1,GCAM-26,72,566208133779.9329,288352871391.1529,49.07299026841135,109,74.3090751171112
DNP,canesm2_rcp45_r1i1p1,GCAM-ref,72,10140470749.66838,4661605795.280402,54.02969043194717,95,80.34588694572449
DNP,canesm2_rcp85_r1i1p1,FORE-SCE-B1,72,510556972024.5506,272564364288.7921,46.61430962190727,108,76.66079878807068
DNP,canesm2_rcp45_r1i1p1,LUCAS-BAU_High-0002,72,6875965637.393479,2345686894.194278,65.88570947129581,112,81.91397976875305
DNP,canesm2_rcp85_r1i1p1,GCAM-45,72,541914802072.386,278959068268.30347,48.52344553027329,106,75.52328300476074
DNP,canesm2_rcp45_r1i1p1,LUCAS-BAU_High-0001,72,6665139345.987233,2407737220.697096,63.87566567311633,105,84.38031315803528
DNP,canesm2_rcp85_r1i1p1,GCAM-ref,72,521645807025.4893,276537837952.92145,46.98743204133358,110,76.20364499092102
DNP,canesm2_rcp85_r1i1p1,LUCAS-BAU_High-0002,72,501616446852.88293,273404237158.76883,45.495360274948396,119,75.3606309890747
DNP,canesm2_rcp85_r1i1p1,LUCAS-BAU_High-0001,72,500449730871.6837,272211381259.8764,45.60664848680438,122,77.21823287010193
DNP,ccsm4_rcp26_r1i1p1,FORE-SCE-A1B,72,41377543260.50707,21762964534.862,47.40392294959249,86,70.45717215538025
DNP,ccsm4_rcp26_r1i1p1,GCAM-26,72,52323999556.73505,32817746028.699093,37.27974484612032,86,67.44121813774109
DNP,ccsm4_rcp26_r1i1p1,FORE-SCE-A2,72,39919461280.62073,20129665219.74532,49.57430643104031,81,72.00906205177307
DNP,ccsm4_rcp26_r1i1p1,FORE-SCE-B1,72,38426454498.39258,18768898974.29752,51.156308279540475,81,73.62206506729126
DNP,ccsm4_rcp26_r1i1p1,GCAM-45,72,45403742048.39572,26072819893.508503,42.57561443786383,81,70.04218816757202
DNP,ccsm4_rcp26_r1i1p1,GCAM-ref,72,41017591905.82159,21561545471.449623,47.43341949240708,84,72.17146420478821
DNP,ccsm4_rcp26_r1i1p1,LUCAS-BAU_High-0001,72,36918280992.06236,17350536029.495716,53.002860471141176,75,71.85029196739197
DNP,ccsm4_rcp26_r1i1p1,LUCAS-BAU_High-0002,72,37030820957.252106,17466454868.78833,52.832655562912365,69,71.68716502189636
DNP,ccsm4_rcp45_r1i1p1,FORE-SCE-A1B,72,16660992398.591475,8697262153.913136,47.798654810931886,100,84.17699313163757
DNP,ccsm4_rcp45_r1i1p1,GCAM-26,72,29190777154.97081,19790296046.996593,32.20359998662604,92,76.27805709838867
DNP,ccsm4_rcp45_r1i1p1,FORE-SCE-A2,72,13449599157.73994,6722614544.622944,50.01624609195709,96,83.33865976333618
DNP,ccsm4_rcp45_r1i1p1,FORE-SCE-B1,72,11933428146.939112,5679627653.030897,52.40573301237244,98,85.56305503845215
DNP,ccsm4_rcp60_r1i1p1,FORE-SCE-A1B,72,24845613385.28825,5280996134.955931,78.7447544439255,90,77.95711612701416
DNP,ccsm4_rcp45_r1i1p1,GCAM-45,72,21028363903.524536,12792941445.497234,39.163400898949504,96,82.41621994972229
DNP,ccsm4_rcp60_r1i1p1,FORE-SCE-A2,72,22689982482.52805,3755488278.598988,83.44869467620425,98,79.13621091842651
DNP,ccsm4_rcp60_r1i1p1,GCAM-26,72,37611550852.35563,12363590110.207909,67.12820973870166,90,75.48526382446289
DNP,ccsm4_rcp60_r1i1p1,FORE-SCE-B1,72,20772254433.441364,3226498742.522306,84.46726736926567,86,77.00613021850586
DNP,ccsm4_rcp60_r1i1p1,GCAM-45,72,29523564131.116543,7707975412.438635,73.89212434444943,90,76.9270339012146
DNP,ccsm4_rcp45_r1i1p1,GCAM-ref,72,16620410119.564331,9306805941.548103,44.00375276785251,99,84.65016388893127
DNP,ccsm4_rcp45_r1i1p1,LUCAS-BAU_High-0001,72,11055403195.624039,4838415779.005451,56.23483202385058,94,84.81165599822998
DNP,ccsm4_rcp45_r1i1p1,LUCAS-BAU_High-0002,72,11314093374.265087,5104649473.280955,54.88238160653742,95,86.59006094932556
DNP,ccsm4_rcp60_r1i1p1,GCAM-ref,72,24528619024.349014,5501773027.611577,77.56998458759506,90,80.56706500053406
DNP,ccsm4_rcp60_r1i1p1,LUCAS-BAU_High-0001,72,18837220663.624596,2570069206.269384,86.35643096100537,87,77.32923913002014
DNP,ccsm4_rcp85_r1i1p1,FORE-SCE-A1B,72,82963357283.69499,39306033082.11312,52.62241745147163,93,69.49575400352478
DNP,ccsm4_rcp85_r1i1p1,FORE-SCE-A2,72,80311730316.47137,37170053325.56336,53.71777798947504,98,67.82573795318604
DNP,ccsm4_rcp60_r1i1p1,LUCAS-BAU_High-0002,72,19122866280.082565,2780841774.3925676,85.45802844791653,93,82.02646398544312
DNP,ccsm4_rcp85_r1i1p1,FORE-SCE-B1,72,76503357144.92395,36555383422.30602,52.21728197749882,97,69.35559606552124
DNP,ccsm4_rcp85_r1i1p1,GCAM-26,72,103948221550.9888,50747857337.89905,51.17967716936249,95,67.59233903884888
DNP,ccsm4_rcp85_r1i1p1,GCAM-45,72,90979371249.14685,43263995514.68461,52.44636787365102,85,68.16156888008118
DNP,ccsm4_rcp85_r1i1p1,GCAM-ref,72,81669198671.81628,38088641776.664604,53.36229276630719,94,69.50620794296265
DNP,ccsm4_rcp85_r1i1p1,LUCAS-BAU_High-0001,72,72194177570.48163,35040036937.70018,51.46417880653693,98,68.87486529350281
DNP,ccsm4_rcp85_r1i1p1,LUCAS-BAU_High-0002,72,72750256254.2223,32901184233.438393,54.775163789847326,100,68.2589430809021
DNP,cesm1-bgc_rcp45_r1i1p1,FORE-SCE-A2,72,42993020966.68034,9536051095.689236,77.81953702885943,98,74.25465488433838
DNP,cesm1-bgc_rcp45_r1i1p1,FORE-SCE-A1B,72,45020430624.914215,10594388813.682768,76.4675977847714,102,74.63820385932922
DNP,cesm1-bgc_rcp45_r1i1p1,GCAM-26,72,58478234714.67719,20532313495.31133,64.88896493628592,100,72.74854397773743
DNP,cesm1-bgc_rcp45_r1i1p1,FORE-SCE-B1,72,41095233123.02875,7948609494.385014,80.65807420878016,98,76.34062385559082
DNP,cesm1-bgc_rcp45_r1i1p1,GCAM-45,72,49733090041.581856,13734754787.771852,72.38306572889756,103,74.16607308387756
DNP,cesm1-bgc_rcp45_r1i1p1,GCAM-ref,72,44954855252.33776,10127027653.221786,77.47289453747011,103,76.34066796302795
DNP,cesm1-bgc_rcp45_r1i1p1,LUCAS-BAU_High-0001,72,39336577382.271095,6725599663.437635,82.90242794110286,97,77.2326991558075
DNP,cesm1-bgc_rcp45_r1i1p1,LUCAS-BAU_High-0002,72,39392384907.41532,6999196079.666437,82.23210882987465,100,77.06725096702576
DNP,cesm1-bgc_rcp85_r1i1p1,GCAM-26,72,82947304373.89946,14630170819.302011,82.36209008872191,100,83.39536809921265
DNP,cesm1-bgc_rcp85_r1i1p1,FORE-SCE-A2,72,63572826116.089676,7365088226.660326,88.41472264704574,100,84.7188458442688
DNP,cesm1-bgc_rcp85_r1i1p1,GCAM-45,72,72733094280.9093,10454759801.160633,85.62585587135571,106,84.20354509353638
DNP,cesm1-bgc_rcp85_r1i1p1,FORE-SCE-A1B,72,66022672139.618904,8624610166.86712,86.93689623978176,106,88.11969709396362
DNP,cesm1-cam5_rcp26_r1i1p1,FORE-SCE-A1B,72,55174951849.8279,8685756889.705347,84.25778981494038,86,76.89086985588074
DNP,cesm1-bgc_rcp85_r1i1p1,FORE-SCE-B1,72,60329934028.86865,7400178742.467828,87.73381926967342,97,90.34707689285278
DNP,cesm1-cam5_rcp26_r1i1p1,GCAM-26,72,64764282263.55677,16046894275.29224,75.22261698201214,89,72.71526885032654
DNP,cesm1-cam5_rcp26_r1i1p1,FORE-SCE-A2,72,53518505953.31199,7467634256.229632,86.0466316777524,95,77.88323497772217
DNP,cesm1-cam5_rcp26_r1i1p1,FORE-SCE-B1,72,52558912084.618484,6806952931.894204,87.04890824046132,96,78.28250694274902
DNP,cesm1-bgc_rcp85_r1i1p1,LUCAS-BAU_High-0001,72,56452559140.55494,6650883874.827455,88.21863175721023,102,88.77064394950867
DNP,cesm1-bgc_rcp85_r1i1p1,GCAM-ref,72,64754114142.59899,8549109877.561533,86.79758036881638,100,90.29282593727112
DNP,cesm1-cam5_rcp26_r1i1p1,GCAM-45,72,58479953078.90843,10961530425.815262,81.25591788518605,86,75.95533776283264
DNP,cesm1-bgc_rcp85_r1i1p1,LUCAS-BAU_High-0002,72,56885214902.61349,7241059915.549075,87.27075228959643,94,88.99748682975769
DNP,cesm1-cam5_rcp26_r1i1p1,GCAM-ref,72,55192147542.99686,8558509633.351734,84.49324765505035,92,78.25317907333374
DNP,cesm1-cam5_rcp26_r1i1p1,LUCAS-BAU_High-0001,72,51598580321.4707,5980956842.884127,88.40867945276511,80,79.56557703018188
DNP,cesm1-cam5_rcp26_r1i1p1,LUCAS-BAU_High-0002,72,52010346332.14183,6149346727.606952,88.17668567646757,85,79.16781210899353
DNP,cesm1-cam5_rcp45_r1i1p1,FORE-SCE-A2,72,16229911298.845114,8507944498.643561,47.57861369674294,86,68.70347595214844
DNP,cesm1-cam5_rcp45_r1i1p1,FORE-SCE-A1B,72,19049765410.27543,10917315781.837748,42.69055000567642,87,68.80448698997498
DNP,cesm1-cam5_rcp45_r1i1p1,GCAM-26,72,35210791023.73464,24170100845.131313,31.355984508161427,94,65.88204002380371
DNP,cesm1-cam5_rcp45_r1i1p1,GCAM-45,72,24743252609.355743,15496472744.327698,37.370914855113746,95,67.0720419883728
DNP,cesm1-cam5_rcp45_r1i1p1,FORE-SCE-B1,72,14873520990.792068,7280483012.793755,51.05070939624201,88,72.55488991737366
DNP,cesm1-cam5_rcp45_r1i1p1,GCAM-ref,72,19752794805.568073,11300940308.688961,42.78814507047194,90,70.95120882987976
DNP,cesm1-cam5_rcp45_r1i1p1,LUCAS-BAU_High-0002,72,13169090272.899294,6159994584.702203,53.223841153410035,85,72.60273790359497
DNP,cesm1-cam5_rcp45_r1i1p1,LUCAS-BAU_High-0001,72,12767796839.049604,5760748834.467584,54.880635186419546,86,76.63003206253052
DNP,cesm1-cam5_rcp60_r1i1p1,FORE-SCE-A1B,72,111092823658.02704,57568422430.73665,48.1798908920099,96,72.7842607498169
DNP,cesm1-cam5_rcp60_r1i1p1,GCAM-26,72,125898105578.05101,69556757476.79427,44.7515455793159,90,70.65919208526611
DNP,cesm1-cam5_rcp60_r1i1p1,FORE-SCE-A2,72,108068037109.59732,55126097560.08962,48.989452353813526,92,74.6161527633667
DNP,cesm1-cam5_rcp60_r1i1p1,GCAM-45,72,116975944414.60283,61949070719.93012,47.04118780151807,83,69.73701786994934
DNP,cesm1-cam5_rcp60_r1i1p1,FORE-SCE-B1,72,105953674341.43979,54406920628.73453,48.650274785746326,89,74.34317016601562
DNP,cesm1-cam5_rcp85_r1i1p1,FORE-SCE-A1B,72,163940072459.79532,61468986574.612816,62.5052095852358,96,67.48436498641968
DNP,cesm1-cam5_rcp60_r1i1p1,GCAM-ref,72,111563929251.54259,57695693373.81817,48.28463486282202,93,74.01577711105347
DNP,cesm1-cam5_rcp85_r1i1p1,FORE-SCE-A2,72,159164881303.82715,59326137082.020706,62.72661620073461,96,66.54196977615356
DNP,cesm1-cam5_rcp85_r1i1p1,GCAM-26,72,191715258953.15567,74562950971.64699,61.107451029828596,91,66.52365374565125
DNP,cesm1-cam5_rcp60_r1i1p1,LUCAS-BAU_High-0001,72,103317478307.33907,52874002179.5319,48.82375852975493,91,76.48485493659973
DNP,cesm1-cam5_rcp85_r1i1p1,FORE-SCE-B1,72,154149593569.93985,56344741533.75142,63.44801161724308,101,68.30697011947632
DNP,cesm1-cam5_rcp85_r1i1p1,GCAM-45,72,174911391470.51498,65694389663.62393,62.44133151573601,98,67.81957197189331
DNP,cesm1-cam5_rcp60_r1i1p1,LUCAS-BAU_High-0002,72,103777143217.37248,53465690203.68718,48.4802832819386,90,76.25184416770935
DNP,cesm1-cam5_rcp85_r1i1p1,GCAM-ref,72,162522371790.23343,61102377953.34768,62.40371262104634,95,67.76884603500366
DNP,cesm1-cam5_rcp85_r1i1p1,LUCAS-BAU_High-0001,72,147925840030.25446,55224723902.18255,62.667290656664356,94,67.58844995498657
DNP,cesm1-cam5_rcp85_r1i1p1,LUCAS-BAU_High-0002,72,148786233343.59244,55620620044.92666,62.61709245876141,97,68.35623598098755
DNP,cmcc-cm_rcp45_r1i1p1,FORE-SCE-A1B,72,11956747717.311674,10177005852.455399,14.884832455563668,76,60.479286193847656
DNP,cmcc-cm_rcp45_r1i1p1,FORE-SCE-A2,72,9394728427.305922,8054597086.478063,14.264716124552857,74,61.00429606437683
DNP,cmcc-cm_rcp45_r1i1p1,GCAM-26,72,28301240862.542263,26452933323.76919,6.530835689326164,77,56.55303597450256
DNP,cmcc-cm_rcp45_r1i1p1,FORE-SCE-B1,72,7522909730.275302,6087750766.806669,19.077179109207698,83,62.349056005477905
DNP,cmcc-cm_rcp45_r1i1p1,GCAM-45,72,17673516868.870255,15788525382.535599,10.665627561964408,80,58.39390993118286
DNP,cmcc-cm_rcp45_r1i1p1,GCAM-ref,72,11669845152.27553,10008323659.970825,14.237733839859224,80,62.42997622489929
DNP,cmcc-cm_rcp45_r1i1p1,LUCAS-BAU_High-0001,72,5300802726.788328,4200370701.0119534,20.759724186964966,73,63.530219078063965
DNP,cmcc-cm_rcp45_r1i1p1,LUCAS-BAU_High-0002,72,5538618518.108659,4449645036.986529,19.661463911293076,76,63.14223504066467
DNP,cmcc-cm_rcp85_r1i1p1,GCAM-26,72,35272287526.402115,31999676100.273514,9.278137755253258,72,55.41049122810364
DNP,cmcc-cm_rcp85_r1i1p1,FORE-SCE-A1B,72,17258746220.52245,14705925878.298645,14.791458832555493,88,58.94106721878052
DNP,cmcc-cm_rcp85_r1i1p1,FORE-SCE-A2,72,15214276328.029324,12970227068.985067,14.749628642606128,86,58.96302890777588
DNP,cmcc-cm_rcp85_r1i1p1,GCAM-45,72,23688489744.588963,20631820329.126873,12.90360613284901,84,57.57242393493652
DNP,cmcc-cm_rcp85_r1i1p1,FORE-SCE-B1,72,13164427820.117132,10304872682.101627,21.721833847162685,77,60.70355200767517
DNP,cmcc-cm_rcp85_r1i1p1,GCAM-ref,72,16510462297.156944,13913803957.21946,15.727350895465975,82,59.635382652282715
DNP,cmcc-cm_rcp85_r1i1p1,LUCAS-BAU_High-0002,72,10546582053.634882,8110061755.43298,23.10246377272678,78,60.54389023780823
DNP,cmcc-cm_rcp85_r1i1p1,LUCAS-BAU_High-0001,72,10188402754.393745,7768027871.431962,23.75617593167877,84,62.417354106903076
DNP,cnrm-cm5_rcp45_r1i1p1,GCAM-26,72,71521090409.9494,41260198639.49303,42.31044520854612,99,79.61403322219849
DNP,cnrm-cm5_rcp45_r1i1p1,FORE-SCE-A1B,72,61992555425.01127,35400890835.35225,42.89493215330571,107,88.92657995223999
DNP,cnrm-cm5_rcp45_r1i1p1,GCAM-45,72,65417338960.70888,35362011594.71189,45.943977305541104,108,86.99149513244629
DNP,cnrm-cm5_rcp45_r1i1p1,FORE-SCE-B1,72,59487649316.9196,34764776037.11017,41.55967425792652,110,92.0167989730835
DNP,cnrm-cm5_rcp45_r1i1p1,FORE-SCE-A2,72,60792927193.93804,35235367444.04388,42.040350628884724,102,95.27082586288452
DNP,cnrm-cm5_rcp85_r1i1p1,FORE-SCE-A1B,72,245352642309.61008,114414000687.59412,53.36752862713608,99,77.3028781414032
DNP,cnrm-cm5_rcp85_r1i1p1,GCAM-26,72,268753621455.82892,125987221768.25323,53.12166545485606,100,75.92184495925903
DNP,cnrm-cm5_rcp85_r1i1p1,FORE-SCE-B1,72,236329666318.78583,111295652842.20674,52.90660940887562,109,78.08887577056885
DNP,cnrm-cm5_rcp85_r1i1p1,FORE-SCE-A2,72,241048086132.2683,114995208645.61804,52.29366451699696,105,80.15296196937561
DNP,cnrm-cm5_rcp85_r1i1p1,GCAM-45,72,254110209883.3496,118115717126.231,53.51791760730411,108,77.79936718940735
DNP,cnrm-cm5_rcp45_r1i1p1,GCAM-ref,72,62116506665.46528,35934969111.446236,42.14908236070383,110,96.14542818069458
DNP,cnrm-cm5_rcp45_r1i1p1,LUCAS-BAU_High-0002,72,58655901999.66795,33945220682.386395,42.12820956605773,108,93.98885607719421
DNP,cnrm-cm5_rcp85_r1i1p1,GCAM-ref,72,243223376276.43753,114870100564.92055,52.77176794291187,110,78.39989185333252
DNP,csiro-mk3-6-0_rcp26_r1i1p1,GCAM-26,72,63847016900.666855,35259865329.4989,44.774451429177695,94,66.65562915802002
DNP,csiro-mk3-6-0_rcp26_r1i1p1,FORE-SCE-A2,72,43774557102.83337,18008745745.593037,58.86024454048127,102,70.52476501464844
DNP,csiro-mk3-6-0_rcp26_r1i1p1,FORE-SCE-A1B,72,46734998104.67808,22671554539.358006,51.48912922050888,94,72.57883477210999
DNP,csiro-mk3-6-0_rcp26_r1i1p1,GCAM-45,72,53110228354.73236,26413812151.125202,50.26605426227355,96,68.00830578804016
DNP,csiro-mk3-6-0_rcp26_r1i1p1,FORE-SCE-B1,72,41651367077.49797,16484554342.555523,60.422537123730436,95,72.2301619052887
DNP,cnrm-cm5_rcp45_r1i1p1,LUCAS-BAU_High-0001,72,58502588743.7435,34442478184.03441,41.1265741847743,102,101.41971278190613
DNP,cnrm-cm5_rcp85_r1i1p1,LUCAS-BAU_High-0001,72,230161965259.1243,112262698427.36192,51.224478683533704,111,79.53944897651672
DNP,cnrm-cm5_rcp85_r1i1p1,LUCAS-BAU_High-0002,72,230864156588.69107,114641723395.6799,50.34234630024172,103,77.04779815673828
DNP,csiro-mk3-6-0_rcp26_r1i1p1,GCAM-ref,72,46580832111.414276,21655779127.3337,53.50924801957946,94,73.36143398284912
DNP,csiro-mk3-6-0_rcp26_r1i1p1,LUCAS-BAU_High-0002,72,39438417251.135056,15583868293.539278,60.48556362111421,101,75.1646978855133
DNP,csiro-mk3-6-0_rcp26_r1i1p1,LUCAS-BAU_High-0001,72,38930557751.278206,14929344123.492083,61.65134797483884,101,76.6967282295227
DNP,csiro-mk3-6-0_rcp45_r1i1p1,FORE-SCE-A1B,72,13373541320.386353,10540325465.94526,21.18523274102573,82,65.39756870269775
DNP,csiro-mk3-6-0_rcp45_r1i1p1,GCAM-26,72,29197367233.619976,25931841741.864697,11.18431489259455,80,57.1818528175354
DNP,csiro-mk3-6-0_rcp45_r1i1p1,FORE-SCE-A2,72,10431830366.87004,7956484058.563044,23.728782210342814,77,63.730717182159424
DNP,csiro-mk3-6-0_rcp45_r1i1p1,FORE-SCE-B1,72,8370335450.477118,6777190104.959778,19.03323176165572,74,65.66950297355652
DNP,csiro-mk3-6-0_rcp45_r1i1p1,GCAM-45,72,18969703586.95849,16093686064.607887,15.16110944573662,78,61.48143410682678
DNP,csiro-mk3-6-0_rcp45_r1i1p1,GCAM-ref,72,13750777969.896654,11246421134.473448,18.212473802615172,89,64.24717402458191
DNP,csiro-mk3-6-0_rcp45_r1i1p1,LUCAS-BAU_High-0002,72,7702005012.840326,6041649307.8677225,21.55744773217567,84,67.23665809631348
DNP,csiro-mk3-6-0_rcp60_r1i1p1,FORE-SCE-A1B,72,13915649387.733196,9356098034.949442,32.76563835247999,102,66.78087282180786
DNP,csiro-mk3-6-0_rcp45_r1i1p1,LUCAS-BAU_High-0001,72,7207051556.226361,5489092312.121586,23.837199313782975,84,70.47718811035156
DNP,csiro-mk3-6-0_rcp60_r1i1p1,FORE-SCE-A2,72,11336303069.162601,7518645156.819601,33.67639246279437,98,68.03019118309021
DNP,csiro-mk3-6-0_rcp60_r1i1p1,GCAM-26,72,28458146951.463943,22246001305.613605,21.829058850688,100,62.367730379104614
DNP,csiro-mk3-6-0_rcp60_r1i1p1,GCAM-45,72,19275194516.105328,13876620279.477438,28.007884600682644,102,65.28933310508728
DNP,csiro-mk3-6-0_rcp60_r1i1p1,GCAM-ref,72,14240007725.880703,9324429728.689022,34.5194896787717,101,69.1226110458374
DNP,csiro-mk3-6-0_rcp60_r1i1p1,FORE-SCE-B1,72,9595957015.22758,5919679999.782512,38.31068656947168,90,72.44503927230835
DNP,csiro-mk3-6-0_rcp60_r1i1p1,LUCAS-BAU_High-0002,72,8064381372.311437,4786576044.259608,40.64546524679468,94,72.95982694625854
DNP,csiro-mk3-6-0_rcp60_r1i1p1,LUCAS-BAU_High-0001,72,7730104455.84245,4528769782.786133,41.41386046390011,96,74.65267515182495
DNP,csiro-mk3-6-0_rcp85_r1i1p1,FORE-SCE-A1B,72,44986566887.95891,13458587945.425652,70.08309618525709,83,74.21302390098572
DNP,csiro-mk3-6-0_rcp85_r1i1p1,FORE-SCE-A2,72,42422933373.75478,11218446906.70215,73.5557020353465,89,74.15098595619202
DNP,csiro-mk3-6-0_rcp85_r1i1p1,GCAM-26,72,64427991482.96818,27297721613.484913,57.63064937279445,94,73.13556694984436
DNP,csiro-mk3-6-0_rcp85_r1i1p1,GCAM-45,72,52737334264.4435,18422575406.45876,65.0672987866973,92,74.80848717689514
DNP,csiro-mk3-6-0_rcp85_r1i1p1,FORE-SCE-B1,72,39229545861.99936,9908742704.831032,74.74163290167127,83,76.05136799812317
DNP,csiro-mk3-6-0_rcp85_r1i1p1,GCAM-ref,72,44389423263.56022,13779275321.571941,68.9582015072417,87,75.24084711074829
EXC,access1-0_rcp45_r1i1p1,FORE-SCE-A1B,72,3923007616.0995865,3711081219.8451886,5.402140831556778,54,36.08509111404419
EXC,access1-0_rcp45_r1i1p1,FORE-SCE-A2,72,3199708061.5196977,3014857528.929567,5.777106193317405,50,35.95191788673401
DNP,csiro-mk3-6-0_rcp85_r1i1p1,LUCAS-BAU_High-0001,72,36400838273.81392,8736858913.61923,75.99819309682117,87,76.71007943153381
DNP,csiro-mk3-6-0_rcp85_r1i1p1,LUCAS-BAU_High-0002,72,36677888813.34451,8585287923.884739,76.59274238063246,85,78.88056516647339
EXC,access1-0_rcp45_r1i1p1,FORE-SCE-B1,72,2384625739.69737,2242110378.3335357,5.976424685490511,49,36.96980404853821
EXC,access1-0_rcp45_r1i1p1,GCAM-26,72,9398886774.195297,9026378680.797794,3.9633214267483896,53,36.09578323364258
DNP,fgoals-g2_rcp26_r1i1p1,GCAM-26,72,23870092812.251842,13584433535.768938,43.090152004786376,91,65.84469175338745
EXC,access1-0_rcp45_r1i1p1,GCAM-45,72,5886188733.409081,5658765120.266869,3.8636819755947016,50,35.34821701049805
DNP,fgoals-g2_rcp26_r1i1p1,FORE-SCE-A1B,72,13570076218.360704,5184334702.76128,61.795832098962535,92,77.28456282615662
EXC,access1-0_rcp45_r1i1p1,GCAM-ref,72,3690445409.31523,3508812701.002509,4.921701533756684,49,36.967840909957886
DNP,fgoals-g2_rcp26_r1i1p1,FORE-SCE-A2,72,11735891945.245567,3795366104.011691,67.66018192976576,91,77.9908881187439
EXC,access1-0_rcp45_r1i1p1,LUCAS-BAU_High-0001,72,1678938690.9430792,1560453846.6805162,7.0571275116668275,41,37.94497990608215
DNP,fgoals-g2_rcp26_r1i1p1,FORE-SCE-B1,72,10951862679.489628,3218287547.349682,70.61424488660901,91,79.48390483856201
EXC,access1-0_rcp45_r1i1p1,LUCAS-BAU_High-0002,72,1766847925.137283,1644399230.0037494,6.9303471674858175,47,38.432127952575684
DNP,fgoals-g2_rcp26_r1i1p1,GCAM-45,72,17316735866.813854,7911229690.055692,54.314544317691336,83,75.6768388748169
EXC,access1-0_rcp85_r1i1p1,FORE-SCE-A1B,72,7268542070.218036,6924191199.723902,4.737550765580211,50,40.75590705871582
EXC,access1-0_rcp85_r1i1p1,GCAM-26,72,16026290811.800222,15596227382.612507,2.6834869917065185,54,37.05213785171509
EXC,access1-0_rcp85_r1i1p1,FORE-SCE-A2,72,5809926795.933835,5512135041.104993,5.125568105905498,51,40.92639708518982
EXC,access1-0_rcp85_r1i1p1,GCAM-45,72,10409650644.5603,10053541457.440767,3.4209523381615425,54,38.79293513298035
EXC,access1-0_rcp85_r1i1p1,FORE-SCE-B1,72,4824788558.92155,4570782672.455659,5.264601409241177,49,42.856690883636475
DNP,fgoals-g2_rcp26_r1i1p1,GCAM-ref,72,14189507343.203537,5421566005.663565,61.7917248673163,85,77.48188591003418
EXC,access1-0_rcp85_r1i1p1,GCAM-ref,72,7381270318.559999,7070054321.344295,4.216293182396546,46,41.95048403739929
DNP,fgoals-g2_rcp26_r1i1p1,LUCAS-BAU_High-0002,72,10307515002.965937,2643493088.723502,74.3537303805733,79,79.22753500938416
DNP,fgoals-g2_rcp26_r1i1p1,LUCAS-BAU_High-0001,72,10101689032.16912,2533750858.899604,74.91755239316117,87,80.33758091926575
EXC,access1-0_rcp85_r1i1p1,LUCAS-BAU_High-0001,72,3538995863.3723702,3317920239.469723,6.246846067007839,53,42.90324306488037
EXC,bcc-csm1-1-m_rcp45_r1i1p1,FORE-SCE-A1B,72,4123285876.1297374,3926514599.1730337,4.77219583768953,42,41.55525994300842
EXC,access1-0_rcp85_r1i1p1,LUCAS-BAU_High-0002,72,3735333107.406236,3501069064.046003,6.271570342568533,54,42.97925591468811
EXC,bcc-csm1-1-m_rcp45_r1i1p1,FORE-SCE-A2,72,3383293827.485318,3231684395.9316597,4.481119266733757,41,41.52144002914429
EXC,bcc-csm1-1-m_rcp45_r1i1p1,GCAM-26,72,9831838831.882113,9551270500.793032,2.853670975354783,50,39.6941339969635
EXC,bcc-csm1-1-m_rcp45_r1i1p1,GCAM-45,72,6104099035.159447,5886268895.477582,3.5685879017881117,36,39.1682710647583
EXC,bcc-csm1-1-m_rcp45_r1i1p1,FORE-SCE-B1,72,2658638696.620896,2509382828.392946,5.613995930235005,38,45.0713529586792
EXC,bcc-csm1-1-m_rcp45_r1i1p1,GCAM-ref,72,4006497782.847678,3796629755.7845,5.238191518828472,42,42.03299403190613
EXC,bcc-csm1-1-m_rcp45_r1i1p1,LUCAS-BAU_High-0001,72,1837449957.1492908,1698856507.6802254,7.54270607097709,43,46.05183386802673
EXC,bcc-csm1-1-m_rcp45_r1i1p1,LUCAS-BAU_High-0002,72,1935084621.024971,1797083340.6573272,7.131537239676245,40,46.676191091537476
EXC,bcc-csm1-1-m_rcp85_r1i1p1,GCAM-26,72,7115008885.440365,6344644013.907752,10.827321285698343,43,39.76103091239929
EXC,bcc-csm1-1-m_rcp85_r1i1p1,FORE-SCE-A2,72,2349970695.680685,1993560265.184221,15.166590423938342,36,41.78901505470276
EXC,bcc-csm1-1-m_rcp85_r1i1p1,FORE-SCE-A1B,72,2782146137.872446,2396366928.279111,13.866245354327322,44,45.12423801422119
EXC,bcc-csm1-1-m_rcp85_r1i1p1,FORE-SCE-B1,72,1810232991.399841,1535586490.7487786,15.171886820971048,39,41.714393854141235
EXC,bcc-csm1-1_rcp26_r1i1p1,FORE-SCE-A1B,72,9434958127.438475,9092990808.693487,3.6244709740734127,78,35.938227891922
EXC,bcc-csm1-1-m_rcp85_r1i1p1,GCAM-45,72,4224697262.211478,3691884800.770745,12.61184952130333,45,41.74216413497925
EXC,bcc-csm1-1_rcp26_r1i1p1,FORE-SCE-A2,72,7727483799.12888,7413809362.104509,4.059205365913943,78,36.031111001968384
EXC,bcc-csm1-1_rcp26_r1i1p1,FORE-SCE-B1,72,6494637466.776523,6254686170.507159,3.6946064733688444,77,36.27262473106384
EXC,bcc-csm1-1-m_rcp85_r1i1p1,GCAM-ref,72,2619382273.9239483,2301354151.2509527,12.141340568689717,41,43.43402910232544
EXC,bcc-csm1-1-m_rcp85_r1i1p1,LUCAS-BAU_High-0001,72,1279388103.0339692,1074954455.6050029,15.979017386840466,33,45.43188977241516
EXC,bcc-csm1-1-m_rcp85_r1i1p1,LUCAS-BAU_High-0002,72,1342427600.0894957,1133879349.1703005,15.53515816460358,36,45.23462724685669
EXC,bcc-csm1-1_rcp26_r1i1p1,GCAM-26,72,18885422605.221622,18368331202.869873,2.738045174635273,72,36.159090995788574
EXC,bcc-csm1-1_rcp26_r1i1p1,GCAM-45,72,13013445389.866453,12602181680.563011,3.1602984219973984,73,36.08186197280884
EXC,bcc-csm1-1_rcp26_r1i1p1,GCAM-ref,72,9395938196.266773,9059905264.809324,3.576363790802317,78,36.882328271865845
EXC,bcc-csm1-1_rcp26_r1i1p1,LUCAS-BAU_High-0001,72,5253887503.630903,5051763712.145735,3.847128271122724,63,36.19167995452881
EXC,bcc-csm1-1_rcp26_r1i1p1,LUCAS-BAU_High-0002,72,5473075720.311187,5259472436.972102,3.9028015371024294,71,36.355640172958374
EXC,bcc-csm1-1_rcp45_r1i1p1,FORE-SCE-A1B,72,5570007217.059576,5314739114.667763,4.582904338256322,54,36.78647303581238
EXC,bcc-csm1-1_rcp45_r1i1p1,FORE-SCE-A2,72,4438161994.063535,4168144540.2251725,6.083992747437705,59,37.22666597366333
EXC,bcc-csm1-1_rcp45_r1i1p1,FORE-SCE-B1,72,3605406528.6909213,3395836502.8008566,5.812660076536691,55,37.44370412826538
EXC,bcc-csm1-1_rcp45_r1i1p1,GCAM-26,72,12413992290.79498,12037198320.159199,3.0352360611273665,60,36.44510817527771
EXC,bcc-csm1-1_rcp45_r1i1p1,GCAM-45,72,8123984105.575092,7761744180.176619,4.4588950531043725,63,36.48674702644348
EXC,bcc-csm1-1_rcp45_r1i1p1,GCAM-ref,72,5603317870.827617,5313096121.814699,5.179462520302303,60,37.26715707778931
EXC,bcc-csm1-1_rcp60_r1i1p1,FORE-SCE-A1B,72,3933155807.1738997,3720950723.693018,5.39528800496103,45,36.67013621330261
EXC,bcc-csm1-1_rcp45_r1i1p1,LUCAS-BAU_High-0001,72,2833671400.6297994,2640792598.943413,6.806674960389481,54,38.42626619338989
EXC,bcc-csm1-1_rcp60_r1i1p1,GCAM-45,72,6032556049.196042,5713465800.349075,5.289470105951056,52,35.70145511627197
EXC,bcc-csm1-1_rcp60_r1i1p1,FORE-SCE-A2,72,3094787682.6066394,2931711939.518236,5.269367718015793,47,36.45106887817383
EXC,bcc-csm1-1_rcp60_r1i1p1,GCAM-26,72,9735368368.21892,9270119230.310331,4.778957716971377,70,35.98404622077942
EXC,bcc-csm1-1_rcp45_r1i1p1,LUCAS-BAU_High-0002,72,2965864246.9821463,2764839952.4512963,6.777933101132261,57,38.37960410118103
EXC,bcc-csm1-1_rcp60_r1i1p1,FORE-SCE-B1,72,2471087991.9775305,2326229752.505312,5.862123888040638,48,37.103965282440186
EXC,bcc-csm1-1_rcp60_r1i1p1,GCAM-ref,72,4156380974.8865843,3929531921.007358,5.457850357074556,44,36.723670959472656
EXC,bcc-csm1-1_rcp60_r1i1p1,LUCAS-BAU_High-0001,72,1987054439.277701,1868513649.94667,5.965653833526607,45,37.86203694343567
EXC,bcc-csm1-1_rcp60_r1i1p1,LUCAS-BAU_High-0002,72,2078265033.0599444,1948829569.6088226,6.228053755999873,44,37.88871669769287
EXC,bcc-csm1-1_rcp85_r1i1p1,FORE-SCE-A1B,72,4775899560.852309,4040410391.587325,15.400013335576269,68,41.86586093902588
EXC,bcc-csm1-1_rcp85_r1i1p1,GCAM-26,72,11250862767.024626,10040109036.122314,10.761430087396795,67,38.339158058166504
EXC,bcc-csm1-1_rcp85_r1i1p1,FORE-SCE-A2,72,4125256089.841165,3465219213.758255,15.999900653642174,65,41.126710176467896
EXC,bcc-csm1-1_rcp85_r1i1p1,FORE-SCE-B1,72,3074037758.2040133,2478593047.1557155,19.370117021470246,69,42.67250299453735
EXC,bcc-csm1-1_rcp85_r1i1p1,GCAM-45,72,7145280962.538441,6130794031.451228,14.19799916064889,79,41.005210876464844
EXC,bcc-csm1-1_rcp85_r1i1p1,GCAM-ref,72,4542642476.558404,3742955770.358886,17.60399834074938,67,42.676206827163696
EXC,bcc-csm1-1_rcp85_r1i1p1,LUCAS-BAU_High-0001,72,2260119710.5552297,1719547878.2899914,23.91784071173997,62,43.61572790145874
EXC,bcc-csm1-1_rcp85_r1i1p1,LUCAS-BAU_High-0002,72,2345730574.7420254,1784474736.9805794,23.926696603814822,65,43.13562989234924
EXC,canesm2_rcp26_r1i1p1,FORE-SCE-A1B,72,4642393381.71997,4313732122.051805,7.079565057160209,52,57.202675104141235
EXC,canesm2_rcp26_r1i1p1,FORE-SCE-B1,72,3304084300.4242477,3145249596.9722285,4.807223091481793,44,52.23294401168823
EXC,canesm2_rcp26_r1i1p1,GCAM-26,72,10001556206.9108,9219114069.722452,7.823203919483079,60,52.248440980911255
EXC,canesm2_rcp26_r1i1p1,FORE-SCE-A2,72,3849446333.49131,3561477710.434002,7.480780302141032,49,56.362736225128174
EXC,canesm2_rcp45_r1i1p1,GCAM-26,72,6457279958.37723,6023621982.561033,6.71579951018847,64,39.8685622215271
EXC,canesm2_rcp45_r1i1p1,FORE-SCE-A2,72,2313638709.622946,1899094815.9622805,17.917399632729325,56,42.41384506225586
EXC,canesm2_rcp45_r1i1p1,FORE-SCE-B1,72,1824924585.6203833,1334654547.2403407,26.865221842215202,46,42.80214762687683
EXC,canesm2_rcp45_r1i1p1,GCAM-45,72,3955875338.278044,3611029045.142517,8.717319522147415,61,42.363054037094116
EXC,canesm2_rcp45_r1i1p1,FORE-SCE-A1B,72,2754709405.5777535,2325723560.3025017,15.572816661047383,58,43.55542302131653
EXC,canesm2_rcp26_r1i1p1,GCAM-45,72,6748326750.243681,6218121614.668282,7.8568385201006175,52,56.316645860672
EXC,canesm2_rcp45_r1i1p1,GCAM-ref,72,2663230748.729006,2202313194.7117987,17.306707435590184,59,44.20134496688843
EXC,canesm2_rcp26_r1i1p1,GCAM-ref,72,4982869205.823701,4659128084.525126,6.4970824624536405,62,53.903615951538086
EXC,canesm2_rcp45_r1i1p1,LUCAS-BAU_High-0001,72,1323166843.5555182,947630663.7628409,28.38161956836551,45,44.92142415046692
EXC,canesm2_rcp26_r1i1p1,LUCAS-BAU_High-0002,72,2860678223.7722363,2644174971.350149,7.568249047479203,46,53.32669401168823
EXC,canesm2_rcp45_r1i1p1,LUCAS-BAU_High-0002,72,1262911064.8694277,974344230.3412858,22.849339320498927,48,46.25183296203613
EXC,canesm2_rcp26_r1i1p1,LUCAS-BAU_High-0001,72,2671333060.6185102,2557340894.174206,4.267239009796519,39,55.84560012817383
EXC,canesm2_rcp85_r1i1p1,FORE-SCE-A1B,72,35060800583.05355,23843768988.16889,31.993084608302848,72,48.20498013496399
EXC,canesm2_rcp85_r1i1p1,FORE-SCE-A2,72,34535500519.691795,23280621998.102535,32.58930188422154,66,47.83179211616516
EXC,canesm2_rcp85_r1i1p1,FORE-SCE-B1,72,33575551027.65291,22673747825.65097,32.46946920699286,69,48.160518169403076
EXC,canesm2_rcp85_r1i1p1,GCAM-26,72,41613597128.45685,28661387044.126095,31.124947080034026,70,48.733662128448486
EXC,canesm2_rcp85_r1i1p1,GCAM-45,72,37737237906.27195,25688359443.344933,31.928352819177807,63,48.29369401931763
EXC,canesm2_rcp85_r1i1p1,GCAM-ref,72,34966617314.62259,23946546760.641502,31.515975522666974,71,48.64171600341797
EXC,canesm2_rcp85_r1i1p1,LUCAS-BAU_High-0001,72,32697242735.013935,22123894572.1336,32.33712471895325,58,48.23588013648987
EXC,canesm2_rcp85_r1i1p1,LUCAS-BAU_High-0002,72,32797306521.640247,22232470372.122257,32.21251154434624,57,49.775816917419434
EXC,ccsm4_rcp26_r1i1p1,FORE-SCE-A1B,72,4182820360.362721,3990504730.821987,4.597750153536517,47,37.619603872299194
EXC,ccsm4_rcp26_r1i1p1,GCAM-26,72,9026451109.359888,8755452917.955202,3.002267315486562,51,36.67705178260803
EXC,ccsm4_rcp26_r1i1p1,FORE-SCE-A2,72,3537574309.7044325,3385103066.318047,4.310050617682282,44,38.637476205825806
EXC,ccsm4_rcp26_r1i1p1,GCAM-45,72,5955294182.3829365,5714647318.555498,4.040889609439013,55,37.151850938797
EXC,ccsm4_rcp26_r1i1p1,FORE-SCE-B1,72,2792099402.372524,2601792309.5352864,6.815913956198272,43,39.163289070129395
EXC,ccsm4_rcp26_r1i1p1,GCAM-ref,72,3991519938.868341,3792391186.899382,4.98879512112409,51,39.01523518562317
EXC,ccsm4_rcp26_r1i1p1,LUCAS-BAU_High-0002,72,2175862358.5961432,2050338299.9034767,5.768933783736863,43,39.389731884002686
EXC,ccsm4_rcp26_r1i1p1,LUCAS-BAU_High-0001,72,2080193912.349915,1942396663.694666,6.624250164235168,42,40.36550188064575
EXC,ccsm4_rcp45_r1i1p1,GCAM-26,72,9488135425.33301,9198982491.042011,3.0475211548832815,67,43.13185691833496
EXC,ccsm4_rcp45_r1i1p1,FORE-SCE-A1B,72,4426078264.783046,4189323569.782768,5.349085145738675,51,46.79849910736084
EXC,ccsm4_rcp45_r1i1p1,FORE-SCE-A2,72,3452680041.17297,3223115072.239322,6.648892054754607,43,46.24413514137268
EXC,ccsm4_rcp45_r1i1p1,FORE-SCE-B1,72,2882341430.696248,2678072865.0406437,7.086896905418383,53,45.84354496002197
EXC,ccsm4_rcp45_r1i1p1,GCAM-45,72,6335617674.167687,6096974379.672746,3.766693427034995,55,48.10289192199707
EXC,ccsm4_rcp45_r1i1p1,GCAM-ref,72,4589409730.475696,4400934906.911827,4.106733428316778,51,46.13493585586548
EXC,ccsm4_rcp45_r1i1p1,LUCAS-BAU_High-0002,72,2502146646.773708,2265733462.1281514,9.448414422487584,50,47.13004183769226
EXC,ccsm4_rcp45_r1i1p1,LUCAS-BAU_High-0001,72,2401710652.802309,2164013137.9113045,9.897008809685703,46,48.439772844314575
EXC,ccsm4_rcp60_r1i1p1,FORE-SCE-A1B,72,2119459015.859796,1707993698.7419431,19.41369538353327,43,42.765339851379395
EXC,ccsm4_rcp60_r1i1p1,FORE-SCE-A2,72,1522202863.5602214,1175938784.717754,22.747564541601495,40,42.82480311393738
EXC,ccsm4_rcp60_r1i1p1,FORE-SCE-B1,72,1272491857.1854415,943780527.0562984,25.83209694215275,42,43.92636299133301
EXC,ccsm4_rcp60_r1i1p1,GCAM-26,72,5983117845.167537,5090929293.383966,14.911766321035714,47,42.96412897109985
EXC,ccsm4_rcp60_r1i1p1,GCAM-ref,72,2401402519.899039,1932562682.447552,19.52358397088707,42,44.00479006767273
EXC,ccsm4_rcp60_r1i1p1,GCAM-45,72,3712584264.6153636,2899796117.1604548,21.892786520742213,47,47.304401874542236
EXC,ccsm4_rcp85_r1i1p1,GCAM-26,72,10519892944.092497,9856190529.956848,6.3090225125185695,69,40.386027812957764
EXC,ccsm4_rcp85_r1i1p1,FORE-SCE-A1B,72,4604235726.727894,4148231320.5608873,9.904019542697839,49,42.6538519859314
EXC,ccsm4_rcp60_r1i1p1,LUCAS-BAU_High-0001,72,1014297293.3518566,745412538.2523981,26.5094619557644,39,48.79797577857971
EXC,ccsm4_rcp60_r1i1p1,LUCAS-BAU_High-0002,72,1067341218.3323196,790032757.6640061,25.98123785583747,44,47.181129932403564
EXC,ccsm4_rcp85_r1i1p1,FORE-SCE-A2,72,3695152012.8140497,3265880914.5685987,11.61714313123856,53,44.24152612686157
EXC,ccsm4_rcp85_r1i1p1,GCAM-45,72,6713428779.42141,6090879479.034548,9.273194381612482,65,42.659440994262695
EXC,ccsm4_rcp85_r1i1p1,FORE-SCE-B1,72,3059369382.763866,2698782466.9680095,11.786315108837842,52,45.27298879623413
EXC,ccsm4_rcp85_r1i1p1,GCAM-ref,72,4619471731.927551,4186203675.29074,9.379168913238978,59,45.13867783546448
EXC,ccsm4_rcp85_r1i1p1,LUCAS-BAU_High-0002,72,2432523528.644702,2161972885.9083095,11.122221000145139,46,46.19951415061951
EXC,ccsm4_rcp85_r1i1p1,LUCAS-BAU_High-0001,72,2333285292.083439,2045510528.9457264,12.333458069362468,49,46.96386218070984
EXC,cesm1-bgc_rcp45_r1i1p1,GCAM-26,72,6983383088.747412,6596554957.284963,5.539265518538716,60,41.637831926345825
EXC,cesm1-bgc_rcp45_r1i1p1,FORE-SCE-A1B,72,3023890799.313561,2735574077.031116,9.53462745241641,43,44.290687799453735
EXC,cesm1-bgc_rcp45_r1i1p1,FORE-SCE-A2,72,2576720788.6335764,2276753570.001975,11.641432783668915,46,46.32362174987793
EXC,cesm1-bgc_rcp45_r1i1p1,FORE-SCE-B1,72,1936082772.914342,1684755032.9663284,12.981249741182065,39,46.512046098709106
EXC,cesm1-bgc_rcp45_r1i1p1,GCAM-45,72,4328448415.886119,4074801165.8383965,5.860003993966867,54,43.59487581253052
EXC,cesm1-bgc_rcp45_r1i1p1,GCAM-ref,72,2830531963.5911865,2512007711.082719,11.253158650232864,46,46.601723194122314
EXC,cesm1-bgc_rcp45_r1i1p1,LUCAS-BAU_High-0001,72,1444551140.8567908,1222078230.4486852,15.400833111118006,43,48.83462476730347
EXC,cesm1-bgc_rcp45_r1i1p1,LUCAS-BAU_High-0002,72,1504722190.241198,1282726871.3916154,14.753242843717096,34,48.89044117927551
EXC,cesm1-bgc_rcp85_r1i1p1,FORE-SCE-A1B,72,2262613788.0361013,1096545736.971471,51.536327464739415,55,56.061217069625854
EXC,cesm1-bgc_rcp85_r1i1p1,FORE-SCE-A2,72,1770823511.419692,703025190.1133152,60.29953377173703,51,57.776061058044434
EXC,cesm1-bgc_rcp85_r1i1p1,GCAM-26,72,5108223904.057631,3196904800.2013535,37.41650992114995,70,54.739100217819214
EXC,cesm1-cam5_rcp26_r1i1p1,GCAM-26,72,5647916294.878772,5229632440.504914,7.405985367614864,44,43.703134298324585
EXC,cesm1-cam5_rcp26_r1i1p1,FORE-SCE-A1B,72,2093934822.540432,1890795511.1823,9.701319695886069,49,46.63032388687134
EXC,cesm1-bgc_rcp85_r1i1p1,FORE-SCE-B1,72,1553908993.088039,605154481.1266562,61.055989519434476,52,60.57995820045471
EXC,cesm1-cam5_rcp26_r1i1p1,FORE-SCE-A2,72,1625169919.294881,1475749394.550263,9.19414782236727,46,46.131187200546265
EXC,cesm1-cam5_rcp26_r1i1p1,FORE-SCE-B1,72,1240830246.8046148,1126588516.7154152,9.206878248124173,44,45.890392780303955
EXC,cesm1-bgc_rcp85_r1i1p1,GCAM-45,72,3127542443.665556,1780480876.7118006,43.07092841160507,66,55.34919190406799
EXC,cesm1-cam5_rcp26_r1i1p1,GCAM-45,72,3314000160.04911,2927199181.8294754,11.671724789956029,53,46.201740980148315
EXC,cesm1-bgc_rcp85_r1i1p1,GCAM-ref,72,2335842582.594912,1223300090.5115216,47.62917246107635,46,57.8141131401062
EXC,cesm1-cam5_rcp26_r1i1p1,GCAM-ref,72,1995351019.6572826,1797227350.4418986,9.92926393720005,46,45.80715584754944
EXC,cesm1-cam5_rcp45_r1i1p1,GCAM-26,72,11308599613.387276,10897720983.583858,3.6333290049195277,56,38.63414716720581
EXC,cesm1-cam5_rcp26_r1i1p1,LUCAS-BAU_High-0002,72,900072958.5190971,797846904.9840604,11.357529694396185,46,46.819464921951294
EXC,cesm1-cam5_rcp45_r1i1p1,FORE-SCE-B1,72,3498018155.3060555,3269099456.3118463,6.544239876141534,52,40.332571029663086
EXC,cesm1-cam5_rcp45_r1i1p1,FORE-SCE-A1B,72,5203561009.424093,4910352265.181514,5.634770952268142,56,43.428894996643066
EXC,cesm1-bgc_rcp85_r1i1p1,LUCAS-BAU_High-0001,72,1315771491.8498003,526941267.10717976,59.951916394968386,40,59.960450172424316
EXC,cesm1-cam5_rcp26_r1i1p1,LUCAS-BAU_High-0001,72,845357800.9600362,739967025.3855394,12.467002191830368,48,49.46095895767212
EXC,cesm1-cam5_rcp45_r1i1p1,FORE-SCE-A2,72,4105036112.858547,3808662777.736222,7.219749765269312,61,45.19207310676575
EXC,cesm1-bgc_rcp85_r1i1p1,LUCAS-BAU_High-0002,72,1366094351.8476903,522275916.9776888,61.76867898829299,41,61.99972414970398
EXC,cesm1-cam5_rcp45_r1i1p1,GCAM-45,72,7442616422.22834,7120802466.105408,4.323935802492695,55,41.68907976150513
EXC,cesm1-cam5_rcp45_r1i1p1,GCAM-ref,72,5472415763.780341,5124708321.67273,6.353819905441805,58,42.74323916435242
EXC,cesm1-cam5_rcp45_r1i1p1,LUCAS-BAU_High-0002,72,2940449395.2109327,2759029727.6927233,6.169793903397391,50,46.27809286117554
EXC,cesm1-cam5_rcp45_r1i1p1,LUCAS-BAU_High-0001,72,2816580886.409497,2636191319.352116,6.404558375290847,51,47.04323697090149
EXC,cesm1-cam5_rcp60_r1i1p1,FORE-SCE-A1B,72,5191418818.06274,4800936497.119333,7.521687897435358,68,44.31087613105774
EXC,cesm1-cam5_rcp60_r1i1p1,FORE-SCE-A2,72,4196446691.2259507,3821215449.2174916,8.941642051428966,56,45.720675230026245
EXC,cesm1-cam5_rcp60_r1i1p1,GCAM-26,72,11176149554.63099,10549257523.301153,5.60919508338249,71,43.2892382144928
EXC,cesm1-cam5_rcp60_r1i1p1,GCAM-45,72,7473696159.153426,6897734914.643532,7.706511373284619,65,43.85213017463684
EXC,cesm1-cam5_rcp60_r1i1p1,FORE-SCE-B1,72,3419471450.744138,3140590367.3473015,8.155678075222617,54,50.12449383735657
EXC,cesm1-cam5_rcp85_r1i1p1,FORE-SCE-A1B,72,5432047092.484908,4085203293.7506037,24.794405788521733,59,44.11954998970032
EXC,cesm1-cam5_rcp85_r1i1p1,GCAM-26,72,11284056050.114014,9810722626.033249,13.056771585833083,61,41.87053179740906
EXC,cesm1-cam5_rcp60_r1i1p1,GCAM-ref,72,5382925287.224973,4963498413.446017,7.791801880928206,65,48.83052587509155
EXC,cesm1-cam5_rcp85_r1i1p1,FORE-SCE-A2,72,4559719281.706031,3429854781.2563224,24.779255709508654,57,45.706873178482056
EXC,cmcc-cm_rcp45_r1i1p1,FORE-SCE-A1B,72,5840060007.647868,5584235343.66263,4.380514303795202,59,37.45255899429321
EXC,cesm1-cam5_rcp60_r1i1p1,LUCAS-BAU_High-0002,72,2804598004.502819,2557639072.868297,8.805501937818761,55,48.686058044433594
EXC,cesm1-cam5_rcp60_r1i1p1,LUCAS-BAU_High-0001,72,2690331893.432287,2440862145.9032655,9.27282422432839,54,49.077778816223145
EXC,cmcc-cm_rcp45_r1i1p1,FORE-SCE-A2,72,4554122075.782923,4333643226.9771,4.841303002794861,51,37.3927218914032
EXC,cmcc-cm_rcp45_r1i1p1,FORE-SCE-B1,72,3599774476.044666,3394399286.4169755,5.705223785389768,53,37.61854100227356
EXC,cmcc-cm_rcp45_r1i1p1,GCAM-26,72,13708317285.226234,13354335397.31427,2.582241718999745,64,36.58883786201477
EXC,cesm1-cam5_rcp85_r1i1p1,FORE-SCE-B1,72,3452086368.629914,2639617366.5135717,23.53559312708622,55,45.86182498931885
EXC,cesm1-cam5_rcp85_r1i1p1,GCAM-45,72,7658320129.508983,6135024358.000198,19.890729895701696,63,42.823282957077026
EXC,cmcc-cm_rcp45_r1i1p1,GCAM-45,72,8650944806.21875,8339853166.087412,3.5960423641555272,68,37.56974482536316
EXC,cesm1-cam5_rcp85_r1i1p1,GCAM-ref,72,4967642424.347582,3928719196.336863,20.9138085889337,61,44.75150394439697
EXC,cesm1-cam5_rcp85_r1i1p1,LUCAS-BAU_High-0002,72,2758594410.946624,1956741736.744006,29.067436337169205,58,47.830804109573364
EXC,cmcc-cm_rcp45_r1i1p1,GCAM-ref,72,5750705794.807047,5495420283.500273,4.439203124202596,60,38.53581523895264
EXC,cesm1-cam5_rcp85_r1i1p1,LUCAS-BAU_High-0001,72,2678498001.231526,1878594011.0145812,29.863900956773648,62,50.054205894470215
EXC,cmcc-cm_rcp45_r1i1p1,LUCAS-BAU_High-0002,72,2701092450.1332316,2514003830.396477,6.926405637375588,50,38.586687088012695
EXC,cmcc-cm_rcp45_r1i1p1,LUCAS-BAU_High-0001,72,2538027016.353563,2357262369.371676,7.122250701712196,53,39.4248468875885
EXC,cmcc-cm_rcp85_r1i1p1,FORE-SCE-A1B,72,8264800146.273358,7888395592.494461,4.554309204302054,52,35.24168014526367
EXC,cmcc-cm_rcp85_r1i1p1,FORE-SCE-A2,72,7203466244.769036,6862794585.1763935,4.729274046921916,62,34.550788164138794
EXC,cmcc-cm_rcp85_r1i1p1,FORE-SCE-B1,72,5823661185.804111,5504380273.671782,5.482477464702362,65,34.67830204963684
EXC,cmcc-cm_rcp85_r1i1p1,GCAM-26,72,16775757846.56131,16207261120.62123,3.388799070300186,58,34.70028901100159
EXC,cmcc-cm_rcp85_r1i1p1,GCAM-45,72,11378905959.431618,10975222096.019434,3.547650932799762,59,34.70043420791626
EXC,cmcc-cm_rcp85_r1i1p1,GCAM-ref,72,7881370204.580474,7512003751.188915,4.686576620609584,50,34.961870193481445
EXC,cmcc-cm_rcp85_r1i1p1,LUCAS-BAU_High-0001,72,4400656451.856834,4097603885.4894147,6.886530900169408,53,35.06645703315735
EXC,cmcc-cm_rcp85_r1i1p1,LUCAS-BAU_High-0002,72,4566055289.988689,4237148172.9157495,7.203309994823881,61,35.19131326675415
EXC,cnrm-cm5_rcp45_r1i1p1,GCAM-26,72,3519863292.9682865,3036408687.95204,13.735039255133996,58,46.07277798652649
EXC,cnrm-cm5_rcp45_r1i1p1,FORE-SCE-A1B,72,979167685.2656795,688755113.3516343,29.659125427045417,45,49.85134482383728
EXC,cnrm-cm5_rcp45_r1i1p1,FORE-SCE-B1,72,450639358.4717788,277079846.65855193,38.51405975763122,43,51.82714915275574
EXC,cnrm-cm5_rcp45_r1i1p1,GCAM-ref,72,1072780573.7862471,761225633.7163336,29.04181411211788,42,51.92193078994751
EXC,cnrm-cm5_rcp45_r1i1p1,GCAM-45,72,2162275012.149482,1435438707.444809,33.61442465092065,51,52.444602251052856
EXC,cnrm-cm5_rcp45_r1i1p1,LUCAS-BAU_High-0001,72,290671004.4054649,181817734.58477473,37.448960567407596,34,52.26971912384033
EXC,cnrm-cm5_rcp45_r1i1p1,FORE-SCE-A2,72,959011706.9576461,412200085.21266764,57.018242611414536,49,54.8405020236969
EXC,cnrm-cm5_rcp85_r1i1p1,FORE-SCE-A1B,72,8469185060.941634,5877955224.920635,30.595976087136023,57,52.755491971969604
EXC,cnrm-cm5_rcp45_r1i1p1,LUCAS-BAU_High-0002,72,328957298.99868774,193016469.28434834,41.32476468165605,35,54.60325074195862
EXC,cnrm-cm5_rcp85_r1i1p1,FORE-SCE-A2,72,7390484714.345985,5303456744.47265,28.2393922799423,61,54.83708214759827
EXC,cnrm-cm5_rcp85_r1i1p1,GCAM-26,72,12744451301.662611,9539963302.770708,25.14418175440675,51,51.41291522979736
EXC,cnrm-cm5_rcp85_r1i1p1,FORE-SCE-B1,72,6987562426.874354,5112306609.448059,26.837052792745155,55,57.021474838256836
EXC,cnrm-cm5_rcp85_r1i1p1,GCAM-45,72,9657178201.085733,7065884008.942214,26.83282982033185,58,51.537670850753784
EXC,csiro-mk3-6-0_rcp26_r1i1p1,FORE-SCE-A1B,72,7101847257.579621,5760725927.886723,18.884119596652184,68,41.88559699058533
EXC,csiro-mk3-6-0_rcp26_r1i1p1,FORE-SCE-A2,72,5694634390.457861,4407452465.065001,22.603416429151444,66,41.20993089675903
EXC,cnrm-cm5_rcp85_r1i1p1,GCAM-ref,72,8144914866.212312,6033198050.669155,25.92681262149501,47,55.873839139938354
EXC,csiro-mk3-6-0_rcp26_r1i1p1,GCAM-26,72,14447248987.744833,12356210141.433903,14.473612575547746,70,40.029152154922485
EXC,csiro-mk3-6-0_rcp26_r1i1p1,FORE-SCE-B1,72,4899656771.151061,3797412581.9039593,22.496355167918324,56,42.569709062576294
EXC,csiro-mk3-6-0_rcp26_r1i1p1,GCAM-45,72,9861893283.768602,8218928067.682536,16.659734280335137,73,40.38124489784241
EXC,csiro-mk3-6-0_rcp26_r1i1p1,GCAM-ref,72,7291495717.35412,6062927530.498795,16.849330157751762,61,41.5880970954895
EXC,csiro-mk3-6-0_rcp26_r1i1p1,LUCAS-BAU_High-0001,72,4046750869.0356226,3152870801.8264346,22.088833638088712,60,43.79680919647217
EXC,cnrm-cm5_rcp85_r1i1p1,LUCAS-BAU_High-0001,72,6318980535.832981,4682347176.395502,25.90027537126659,58,56.575483083724976
EXC,csiro-mk3-6-0_rcp26_r1i1p1,LUCAS-BAU_High-0002,72,4214805539.681544,3317453704.4932623,21.290468249125492,57,43.88453483581543
EXC,cnrm-cm5_rcp85_r1i1p1,LUCAS-BAU_High-0002,72,6390659242.616196,4671357208.867855,26.903359551439575,54,57.113959312438965
EXC,csiro-mk3-6-0_rcp45_r1i1p1,FORE-SCE-A1B,72,6268924003.592815,5968433907.157826,4.793328109620942,57,37.39840912818909
EXC,csiro-mk3-6-0_rcp45_r1i1p1,FORE-SCE-A2,72,4934375651.623434,4608409777.6312475,6.606020639813714,56,37.16864585876465
EXC,csiro-mk3-6-0_rcp45_r1i1p1,GCAM-45,72,9183186284.288208,8805923170.179192,4.108194067177829,57,36.91876769065857
EXC,csiro-mk3-6-0_rcp45_r1i1p1,GCAM-26,72,14009894960.606249,13555945114.341616,3.2402087777322564,63,37.20102095603943
EXC,csiro-mk3-6-0_rcp45_r1i1p1,FORE-SCE-B1,72,4000563167.5014887,3746675515.5165825,6.346297792454781,56,39.83160901069641
EXC,csiro-mk3-6-0_rcp45_r1i1p1,GCAM-ref,72,6489140573.889938,6199937433.90151,4.456724841993431,53,39.295774936676025
EXC,csiro-mk3-6-0_rcp45_r1i1p1,LUCAS-BAU_High-0001,72,3247847085.608943,3016434455.4620676,7.125108542586678,59,39.040698289871216
EXC,csiro-mk3-6-0_rcp45_r1i1p1,LUCAS-BAU_High-0002,72,3391265377.163384,3163571093.947125,6.7141393519227766,61,38.41714119911194
EXC,csiro-mk3-6-0_rcp60_r1i1p1,FORE-SCE-A1B,72,5249550131.219041,4947052816.1859865,5.7623473911431855,68,38.673449993133545
EXC,csiro-mk3-6-0_rcp60_r1i1p1,FORE-SCE-A2,72,4278859471.7513995,3998635363.862252,6.549037418479353,69,37.500000953674316
EXC,csiro-mk3-6-0_rcp60_r1i1p1,FORE-SCE-B1,72,3397755154.0408072,3150147507.266849,7.287389336441407,62,38.1882438659668
EXC,csiro-mk3-6-0_rcp60_r1i1p1,GCAM-26,72,11592456377.859385,11182001128.922445,3.5407098854464913,68,36.74735617637634
EXC,csiro-mk3-6-0_rcp60_r1i1p1,GCAM-45,72,7550931358.951694,7186331569.79877,4.8285406371849415,60,37.232897996902466
EXC,csiro-mk3-6-0_rcp60_r1i1p1,GCAM-ref,72,5134772628.493211,4835540459.176319,5.827564158467924,74,38.76195502281189
EXC,csiro-mk3-6-0_rcp60_r1i1p1,LUCAS-BAU_High-0001,72,2575751376.7068725,2327697672.252092,9.63034346785131,59,40.63724613189697
EXC,csiro-mk3-6-0_rcp60_r1i1p1,LUCAS-BAU_High-0002,72,2694388526.3546352,2479032820.158696,7.99274878472348,56,40.200199842453
EXC,csiro-mk3-6-0_rcp85_r1i1p1,FORE-SCE-A1B,72,5312534164.896908,4149856519.889976,21.88555610031534,62,46.55413889884949
EXC,csiro-mk3-6-0_rcp85_r1i1p1,FORE-SCE-A2,72,4341436587.063667,3378402929.442068,22.18237300738619,61,47.17828989028931
EXC,csiro-mk3-6-0_rcp85_r1i1p1,GCAM-26,72,12011674694.075481,10316880214.704214,14.109560261461219,68,47.95118308067322
EXC,csiro-mk3-6-0_rcp85_r1i1p1,FORE-SCE-B1,72,3555634105.750957,2662837623.810102,25.109346332819438,58,51.799076080322266
EXC,csiro-mk3-6-0_rcp85_r1i1p1,GCAM-45,72,7962896121.437129,6252729377.530894,21.476692874370773,70,49.305625200271606
EXC,csiro-mk3-6-0_rcp85_r1i1p1,GCAM-ref,72,5541597416.414181,4538554663.377705,18.100245789516734,70,49.38811802864075
EXC,csiro-mk3-6-0_rcp85_r1i1p1,LUCAS-BAU_High-0001,72,2868155853.969011,2177817325.7718925,24.069073068041757,64,49.14671015739441
EXC,fgoals-g2_rcp26_r1i1p1,GCAM-26,72,6958442448.229029,6601444325.599044,5.130431490754706,67,37.57978010177612
EXC,fgoals-g2_rcp26_r1i1p1,FORE-SCE-A1B,72,2535606769.3570333,2342983462.3424506,7.596734215354184,53,45.14246392250061
EXC,fgoals-g2_rcp26_r1i1p1,GCAM-45,72,4109011275.374872,3937308008.794155,4.178700302180416,50,39.57855486869812
EXC,fgoals-g2_rcp26_r1i1p1,FORE-SCE-A2,72,1788578498.3865297,1616862183.9162982,9.600714457047099,48,45.57455897331238
FOL,access1-0_rcp45_r1i1p1,FORE-SCE-A1B,72,36716707499.770096,36041736953.961754,1.8383199142040896,16,36.57978582382202
FOL,access1-0_rcp45_r1i1p1,GCAM-26,72,79247651466.17764,78878245282.658,0.4661414902336847,15,32.941149950027466
EXC,csiro-mk3-6-0_rcp85_r1i1p1,LUCAS-BAU_High-0002,72,2983882786.479683,2154450213.7009974,27.79708963558958,57,54.206648111343384
FOL,access1-0_rcp45_r1i1p1,FORE-SCE-A2,72,29774551476.465378,29176324625.858955,2.009188454372779,21,36.29769206047058
FOL,access1-0_rcp45_r1i1p1,GCAM-45,72,52187812024.500854,51434501927.22552,1.4434598195488202,20,35.89359521865845
FOL,access1-0_rcp45_r1i1p1,FORE-SCE-B1,72,24492621915.21794,23871828034.908382,2.5346158629258153,22,38.0008659362793
EXC,fgoals-g2_rcp26_r1i1p1,FORE-SCE-B1,72,1472308755.3556807,1281118793.225062,12.985724728943227,49,48.06406211853027
EXC,fgoals-g2_rcp26_r1i1p1,GCAM-ref,72,2652087160.8539085,2453681894.7772565,7.481099000259494,51,47.14866304397583
FOL,access1-0_rcp45_r1i1p1,GCAM-ref,72,36651804463.56983,35832154903.104576,2.2363143437588384,23,39.00126504898071
EXC,fgoals-g2_rcp26_r1i1p1,LUCAS-BAU_High-0001,72,1099846890.0587976,931009017.5164585,15.351034227438065,50,50.879542112350464
EXC,fgoals-g2_rcp26_r1i1p1,LUCAS-BAU_High-0002,72,1174222479.0670617,1003841439.6917382,14.510115622270646,47,50.3399121761322
FOL,access1-0_rcp45_r1i1p1,LUCAS-BAU_High-0001,72,18935832841.683205,18118571172.00602,4.315953127121808,32,42.896286964416504
FOL,access1-0_rcp45_r1i1p1,LUCAS-BAU_High-0002,72,19805774706.016624,18837287311.45927,4.889924322238937,35,42.690459966659546
FOL,access1-0_rcp85_r1i1p1,FORE-SCE-A1B,72,59078853873.10061,59046297430.24627,0.05510676108285706,4,35.242701053619385
FOL,access1-0_rcp85_r1i1p1,FORE-SCE-A2,72,48515593047.82014,48366679273.396095,0.3069400270491629,9,34.75555777549744
FOL,access1-0_rcp85_r1i1p1,GCAM-26,72,119207155854.32191,119173428181.47496,0.02829332904156212,4,33.34370398521423
FOL,access1-0_rcp85_r1i1p1,FORE-SCE-B1,72,41019689715.883286,40844602914.6943,0.42683599608309697,7,36.13109278678894
FOL,access1-0_rcp85_r1i1p1,GCAM-45,72,81398805613.28026,81366895807.33702,0.03920181101285669,6,34.068045139312744
FOL,access1-0_rcp85_r1i1p1,GCAM-ref,72,59157150304.679924,59071296962.72305,0.1451275822359488,5,36.309800148010254
FOL,access1-0_rcp85_r1i1p1,LUCAS-BAU_High-0001,72,32241108916.917133,32128293159.206116,0.34991277130614895,7,37.934592962265015
FOL,access1-0_rcp85_r1i1p1,LUCAS-BAU_High-0002,72,33620374436.001453,33482219733.81872,0.4109255310220217,7,37.564873933792114
FOL,bcc-csm1-1-m_rcp45_r1i1p1,FORE-SCE-A1B,72,41058094839.02106,39723084042.549484,3.2515166660943007,43,38.86375308036804
FOL,bcc-csm1-1-m_rcp45_r1i1p1,GCAM-45,72,57538214057.16334,56275174730.44171,2.195131266095285,34,36.88507914543152
FOL,bcc-csm1-1-m_rcp45_r1i1p1,GCAM-26,72,85623634167.74007,84266549630.44774,1.5849415298511471,30,38.175055742263794
FOL,bcc-csm1-1-m_rcp45_r1i1p1,FORE-SCE-A2,72,33905978698.89043,32455433025.45059,4.278141286885518,52,40.123960733413696
FOL,bcc-csm1-1-m_rcp85_r1i1p1,FORE-SCE-A1B,72,48974424752.91207,48278388505.03503,1.4212239375729574,28,35.80923390388489
FOL,bcc-csm1-1-m_rcp85_r1i1p1,FORE-SCE-A2,72,41613696314.43078,41004350821.6547,1.4642907185458798,33,35.805564165115356
FOL,bcc-csm1-1-m_rcp45_r1i1p1,FORE-SCE-B1,72,28089156890.81479,26390249112.57902,6.048269034345111,57,42.588380098342896
FOL,bcc-csm1-1-m_rcp45_r1i1p1,GCAM-ref,72,40900614626.64475,39616283812.042496,3.1401259524485914,44,41.9672110080719
FOL,bcc-csm1-1-m_rcp85_r1i1p1,GCAM-26,72,100025367929.36449,99148022152.16199,0.8771232691911268,27,34.43952679634094
FOL,bcc-csm1-1-m_rcp85_r1i1p1,FORE-SCE-B1,72,34330300857.27654,33653803149.688732,1.970555721023981,39,37.44996905326843
FOL,bcc-csm1-1-m_rcp45_r1i1p1,LUCAS-BAU_High-0001,72,21782069454.399734,20259190072.56915,6.991435708249383,61,45.224629163742065
FOL,bcc-csm1-1-m_rcp85_r1i1p1,GCAM-45,72,67441441011.2248,66708973278.428246,1.0860796000409345,30,35.048380851745605
FOL,bcc-csm1-1-m_rcp45_r1i1p1,LUCAS-BAU_High-0002,72,22657031294.925117,21060123539.734554,7.048177382127951,62,45.49024224281311
FOL,bcc-csm1-1-m_rcp85_r1i1p1,GCAM-ref,72,47718043625.05919,47035595791.61362,1.430167252471315,31,36.99623131752014
FOL,bcc-csm1-1_rcp26_r1i1p1,FORE-SCE-A1B,72,71883222786.40263,71029071672.0824,1.1882482187231647,30,32.91386079788208
FOL,bcc-csm1-1_rcp26_r1i1p1,FORE-SCE-A2,72,60409520932.61655,59685064635.50508,1.1992419173784796,27,32.30468416213989
FOL,bcc-csm1-1-m_rcp85_r1i1p1,LUCAS-BAU_High-0002,72,27467826594.69907,26857914871.842743,2.2204586182076436,37,38.128828287124634
FOL,bcc-csm1-1-m_rcp85_r1i1p1,LUCAS-BAU_High-0001,72,26411829208.78514,25843856304.719643,2.150448950641326,36,38.803401947021484
FOL,bcc-csm1-1_rcp26_r1i1p1,FORE-SCE-B1,72,52179129702.23389,51231665633.33431,1.8157912450943225,33,33.28474020957947
FOL,bcc-csm1-1_rcp26_r1i1p1,GCAM-26,72,132254369973.19193,131516204242.46344,0.558140899902293,37,32.312479972839355
FOL,bcc-csm1-1_rcp26_r1i1p1,GCAM-45,72,95197490797.40132,94525207332.81879,0.7061987232555134,33,32.27942991256714
FOL,bcc-csm1-1_rcp26_r1i1p1,GCAM-ref,72,72265067172.39832,71349556904.02489,1.2668780424563209,32,33.5439031124115
FOL,bcc-csm1-1_rcp26_r1i1p1,LUCAS-BAU_High-0001,72,43670217394.7504,42677145955.2361,2.274024492567961,38,34.417540073394775
FOL,bcc-csm1-1_rcp26_r1i1p1,LUCAS-BAU_High-0002,72,45185964405.40038,44256640406.87344,2.0566651852093054,33,34.447250843048096
FOL,bcc-csm1-1_rcp45_r1i1p1,FORE-SCE-A1B,72,57064354001.54666,55679032915.20589,2.4276470146375906,40,33.49877691268921
FOL,bcc-csm1-1_rcp45_r1i1p1,FORE-SCE-A2,72,47982268171.99925,46884603725.521675,2.287646016530198,36,33.313786029815674
FOL,bcc-csm1-1_rcp45_r1i1p1,GCAM-26,72,110926543181.82645,109785971208.54338,1.0282227684797585,28,32.531501054763794
FOL,bcc-csm1-1_rcp45_r1i1p1,FORE-SCE-B1,72,40268512613.86271,39177911667.44917,2.708321901211941,38,33.910253047943115
FOL,bcc-csm1-1_rcp45_r1i1p1,GCAM-45,72,77481003464.09236,76376372035.89618,1.4256803329968593,30,32.9055380821228
FOL,bcc-csm1-1_rcp45_r1i1p1,GCAM-ref,72,56459610123.30672,55125436820.888374,2.3630579444394506,35,34.46215605735779
FOL,bcc-csm1-1_rcp45_r1i1p1,LUCAS-BAU_High-0002,72,33987728174.216816,32776620701.4399,3.5633669498853604,39,35.004401206970215
FOL,bcc-csm1-1_rcp45_r1i1p1,LUCAS-BAU_High-0001,72,32830873500.06129,31713917928.054676,3.4021500280963624,37,35.54158592224121
FOL,bcc-csm1-1_rcp60_r1i1p1,FORE-SCE-A1B,72,50165254443.049126,48967920254.94545,2.3867798566893916,34,35.93103218078613
FOL,bcc-csm1-1_rcp60_r1i1p1,GCAM-26,72,100858766839.32115,99641784367.41508,1.2066204158978522,29,33.395506858825684
FOL,bcc-csm1-1_rcp60_r1i1p1,FORE-SCE-A2,72,41175130998.15212,40036939916.18199,2.764268271596293,35,36.66934084892273
FOL,bcc-csm1-1_rcp60_r1i1p1,FORE-SCE-B1,72,34894548105.37025,33667064845.31875,3.5176935272091647,35,37.14800786972046
FOL,bcc-csm1-1_rcp60_r1i1p1,GCAM-45,72,69456402974.83885,68135870492.68369,1.901239375487862,32,35.03951597213745
FOL,bcc-csm1-1_rcp60_r1i1p1,GCAM-ref,72,51337090299.493454,50107751897.41633,2.3946398109151446,32,36.610950231552124
FOL,bcc-csm1-1_rcp60_r1i1p1,LUCAS-BAU_High-0001,72,28591093173.941113,27226181044.47107,4.77390675888556,43,39.84560704231262
FOL,bcc-csm1-1_rcp60_r1i1p1,LUCAS-BAU_High-0002,72,29718954413.276703,28401686330.70389,4.43241731944759,41,40.00812387466431
FOL,bcc-csm1-1_rcp85_r1i1p1,GCAM-26,72,137019355618.2427,135278984492.91443,1.2701644358751984,13,34.02036094665527
FOL,bcc-csm1-1_rcp85_r1i1p1,FORE-SCE-A1B,72,79430331116.35147,77359275933.30962,2.6073858108536907,20,35.93219709396362
FOL,bcc-csm1-1_rcp85_r1i1p1,FORE-SCE-A2,72,71106373893.1345,69174070246.85626,2.7174830334933064,20,36.11628198623657
FOL,bcc-csm1-1_rcp85_r1i1p1,FORE-SCE-B1,72,62283425263.76165,60494460538.18099,2.872296631093496,17,36.55015802383423
FOL,bcc-csm1-1_rcp85_r1i1p1,GCAM-45,72,100851967677.37643,99153292480.67076,1.6843252896559302,15,34.25183701515198
FOL,bcc-csm1-1_rcp85_r1i1p1,GCAM-ref,72,78065565434.99031,76181419258.19997,2.413543239316418,19,37.85244798660278
FOL,bcc-csm1-1_rcp85_r1i1p1,LUCAS-BAU_High-0001,72,53322913588.62424,51287843782.922356,3.8165015164063343,21,38.90785217285156
FOL,bcc-csm1-1_rcp85_r1i1p1,LUCAS-BAU_High-0002,72,54502963217.3425,52600238506.82795,3.491048189301227,18,38.553401947021484
FOL,canesm2_rcp26_r1i1p1,FORE-SCE-A1B,72,51331709022.197495,49116505969.03314,4.315467174892673,29,43.55947804450989
FOL,canesm2_rcp26_r1i1p1,GCAM-26,72,95755306891.67583,93816538108.18504,2.0247115762304757,29,41.680119037628174
FOL,canesm2_rcp26_r1i1p1,FORE-SCE-A2,72,43488079939.65163,41282865420.566315,5.0708482005770055,28,43.379271030426025
FOL,canesm2_rcp26_r1i1p1,GCAM-45,72,67584562296.07981,65387680076.47709,3.250568095682038,29,41.76093316078186
FOL,canesm2_rcp26_r1i1p1,FORE-SCE-B1,72,38431323600.93468,35800371401.18639,6.845853728764883,29,46.89375710487366
FOL,canesm2_rcp45_r1i1p1,FORE-SCE-A1B,72,57816637612.6169,55777371544.184975,3.527126710645845,31,38.984331130981445
FOL,canesm2_rcp45_r1i1p1,FORE-SCE-A2,72,50127810637.7471,48208324123.3043,3.8291848178132804,26,38.717408895492554
FOL,canesm2_rcp45_r1i1p1,GCAM-26,72,103880047606.90167,101470782873.82994,2.319275730589543,24,36.83430290222168
FOL,canesm2_rcp26_r1i1p1,GCAM-ref,72,51548482760.11336,49227583901.93305,4.502361144130795,29,45.706376791000366
FOL,canesm2_rcp45_r1i1p1,GCAM-45,72,74990833111.06998,72721501038.13365,3.0261459685014924,27,38.3061900138855
FOL,canesm2_rcp45_r1i1p1,FORE-SCE-B1,72,44111116485.754745,41790990348.54242,5.25973115634375,36,42.72018814086914
FOL,canesm2_rcp26_r1i1p1,LUCAS-BAU_High-0002,72,33396957120.566772,30614862461.35452,8.330383660908325,37,47.25601291656494
FOL,canesm2_rcp26_r1i1p1,LUCAS-BAU_High-0001,72,32426680756.100006,29688321748.08137,8.444771232108007,39,49.27166390419006
FOL,canesm2_rcp45_r1i1p1,GCAM-ref,72,57286754930.90899,55184698865.88497,3.6693578953096773,31,40.79909896850586
FOL,canesm2_rcp85_r1i1p1,FORE-SCE-A1B,72,214926951431.2989,210627691662.58548,2.0003353418836634,37,40.30351686477661
FOL,canesm2_rcp85_r1i1p1,FORE-SCE-A2,72,205365096967.67447,201119146771.05994,2.0675130581137013,35,40.585697174072266
FOL,canesm2_rcp85_r1i1p1,GCAM-26,72,274373436478.93753,269407068327.16226,1.8100761558805356,39,39.09567618370056
FOL,canesm2_rcp85_r1i1p1,FORE-SCE-B1,72,196628139589.91357,193151382717.7858,1.7681888662420708,36,41.02354598045349
FOL,canesm2_rcp45_r1i1p1,LUCAS-BAU_High-0001,72,37382865838.283585,35350683077.19938,5.4361342168771305,38,42.91012525558472
FOL,canesm2_rcp85_r1i1p1,GCAM-45,72,237640760509.29193,233148885553.2529,1.8901954977809443,36,39.51488518714905
FOL,canesm2_rcp45_r1i1p1,LUCAS-BAU_High-0002,72,38367703661.37389,36303116864.32861,5.381053855260487,41,42.95031023025513
FOL,canesm2_rcp85_r1i1p1,GCAM-ref,72,214832813375.2316,210370022855.39322,2.077331879485078,31,40.99685764312744
FOL,ccsm4_rcp26_r1i1p1,FORE-SCE-A1B,72,36736902605.061966,35909160685.83967,2.2531619720935425,50,34.98780298233032
FOL,canesm2_rcp85_r1i1p1,LUCAS-BAU_High-0001,72,187705805390.22446,184029127221.85086,1.9587450482578816,31,41.845402002334595
FOL,canesm2_rcp85_r1i1p1,LUCAS-BAU_High-0002,72,189019563633.7982,185307410626.7918,1.9638988344075403,37,41.612781047821045
FOL,ccsm4_rcp26_r1i1p1,FORE-SCE-A2,72,30854894990.68051,29955146911.520218,2.916062684485088,52,34.73710918426514
FOL,ccsm4_rcp26_r1i1p1,GCAM-26,72,77065808492.65796,76260491202.72481,1.0449735176785602,41,33.66949200630188
FOL,ccsm4_rcp26_r1i1p1,FORE-SCE-B1,72,25204187070.364864,24402873165.175716,3.179288833843541,49,35.7874538898468
FOL,ccsm4_rcp26_r1i1p1,GCAM-45,72,51833233282.64186,50696440760.23582,2.1931730868634425,45,34.36378502845764
FOL,ccsm4_rcp26_r1i1p1,GCAM-ref,72,36390043644.61439,35167186942.359375,3.360415596632549,52,36.055723905563354
FOL,ccsm4_rcp26_r1i1p1,LUCAS-BAU_High-0002,72,20574303430.634808,19425182462.996418,5.585224168160008,59,38.35745573043823
FOL,ccsm4_rcp26_r1i1p1,LUCAS-BAU_High-0001,72,19773813112.86158,18667030597.08644,5.5972133925714544,61,39.28325366973877
FOL,ccsm4_rcp45_r1i1p1,GCAM-26,72,88244539554.62872,87146777918.31883,1.243999506202087,23,37.29314994812012
FOL,ccsm4_rcp45_r1i1p1,FORE-SCE-A2,72,35500929646.8454,34437591376.39696,2.995240634615126,38,40.341866970062256
FOL,ccsm4_rcp45_r1i1p1,FORE-SCE-A1B,72,43265225119.11363,41961727272.42273,3.012807267504647,37,41.262797117233276
FOL,ccsm4_rcp45_r1i1p1,GCAM-45,72,60261478229.15373,59110942909.54818,1.9092384611450464,29,39.255582094192505
FOL,ccsm4_rcp45_r1i1p1,FORE-SCE-B1,72,30038482166.520958,28995570397.822426,3.471918996828993,42,45.50479006767273
FOL,ccsm4_rcp45_r1i1p1,GCAM-ref,72,44373427836.105415,42917902944.857254,3.2801723063275334,44,45.75200390815735
FOL,ccsm4_rcp60_r1i1p1,GCAM-26,72,75155214789.41231,73234216849.48848,2.556040782142044,25,38.42307186126709
FOL,ccsm4_rcp60_r1i1p1,FORE-SCE-A1B,72,34857273558.197296,33227167813.43831,4.676515339151188,36,40.40063405036926
FOL,ccsm4_rcp60_r1i1p1,FORE-SCE-A2,72,28291480171.39532,26569154320.20884,6.087789824895317,34,41.22469687461853
FOL,ccsm4_rcp60_r1i1p1,GCAM-45,72,49888999969.70997,47978545863.171936,3.8294095044959064,33,40.385282039642334
FOL,ccsm4_rcp45_r1i1p1,LUCAS-BAU_High-0001,72,24803891711.051067,23995063232.358036,3.260893444122992,47,43.66388201713562
FOL,ccsm4_rcp45_r1i1p1,LUCAS-BAU_High-0002,72,25735155059.931236,24769227882.671673,3.753337312365679,42,44.557307958602905
FOL,ccsm4_rcp60_r1i1p1,FORE-SCE-B1,72,23562571908.141556,21972126789.205235,6.749879109702695,41,45.09992003440857
FOL,ccsm4_rcp85_r1i1p1,FORE-SCE-A2,72,67312282126.24392,65288879346.95353,3.005993431474374,42,35.06057620048523
FOL,ccsm4_rcp85_r1i1p1,FORE-SCE-A1B,72,75726087071.1147,73589401153.15938,2.821598210863252,39,35.447498083114624
FOL,ccsm4_rcp85_r1i1p1,GCAM-26,72,127747759413.17882,125484557127.4864,1.7716179885178707,37,34.40252184867859
FOL,ccsm4_rcp85_r1i1p1,FORE-SCE-B1,72,60233968074.32182,58199008919.19208,3.3784245338424945,40,37.017926931381226
FOL,ccsm4_rcp85_r1i1p1,GCAM-45,72,95027524814.35445,92695894164.19762,2.4536371485123887,42,35.80544090270996
FOL,ccsm4_rcp60_r1i1p1,GCAM-ref,72,35826001974.14204,34148195208.22309,4.683209606056316,36,45.20883584022522
FOL,ccsm4_rcp85_r1i1p1,GCAM-ref,72,75365170048.81993,73133633180.9537,2.9609657437522974,44,36.99884223937988
FOL,ccsm4_rcp85_r1i1p1,LUCAS-BAU_High-0001,72,52571867617.37638,50648199006.80928,3.659121689508471,44,36.11768817901611
FOL,ccsm4_rcp60_r1i1p1,LUCAS-BAU_High-0001,72,18804034112.430874,17258374157.45728,8.219831690008462,41,47.2473030090332
FOL,ccsm4_rcp85_r1i1p1,LUCAS-BAU_High-0002,72,53715887561.58778,51698681798.16135,3.7553242718248225,45,36.234780073165894
FOL,ccsm4_rcp60_r1i1p1,LUCAS-BAU_High-0002,72,19591856849.435017,18068915573.0366,7.773338117475759,39,47.71358823776245
FOL,cesm1-bgc_rcp45_r1i1p1,FORE-SCE-A1B,72,49122713185.81569,46743867365.21365,4.842659670697779,49,36.80027985572815
FOL,cesm1-bgc_rcp45_r1i1p1,FORE-SCE-A2,72,42004207561.080605,39794188269.94839,5.2614236036199635,48,36.54778695106506
FOL,cesm1-bgc_rcp45_r1i1p1,GCAM-26,72,92644898424.58679,89913184557.72012,2.948585311570384,43,35.704503774642944
FOL,cesm1-bgc_rcp45_r1i1p1,FORE-SCE-B1,72,36422048270.02818,34145456540.07293,6.250586768423638,49,38.75070333480835
FOL,cesm1-bgc_rcp45_r1i1p1,GCAM-45,72,65245678611.97314,62822413870.525696,3.7140616712089014,43,36.24595785140991
FOL,cesm1-bgc_rcp45_r1i1p1,GCAM-ref,72,49268773053.05879,46693433731.63285,5.227122905318737,51,38.142093896865845
FOL,cesm1-bgc_rcp45_r1i1p1,LUCAS-BAU_High-0001,72,30696843991.898582,28490208016.36285,7.188478320827052,51,38.57678508758545
FOL,cesm1-bgc_rcp45_r1i1p1,LUCAS-BAU_High-0002,72,31590046290.979836,29375750806.47835,7.009472110630465,50,39.03784394264221
FOL,cesm1-bgc_rcp85_r1i1p1,GCAM-26,72,90882779944.11452,89072434583.23007,1.9919564102216736,41,38.112059116363525
FOL,cesm1-bgc_rcp85_r1i1p1,FORE-SCE-A1B,72,44974308274.06151,42814689402.25408,4.8018945808955715,47,40.80198407173157
FOL,cesm1-bgc_rcp85_r1i1p1,FORE-SCE-A2,72,36842284434.52612,34845223249.3416,5.420568284069304,51,41.24576497077942
FOL,cesm1-bgc_rcp85_r1i1p1,GCAM-45,72,61686272540.9759,59819369501.730515,3.0264481258861387,41,39.89361500740051
FOL,cesm1-bgc_rcp85_r1i1p1,FORE-SCE-B1,72,31642794844.77281,29625576987.865475,6.374967403489551,49,43.613442182540894
FOL,cesm1-cam5_rcp26_r1i1p1,FORE-SCE-A1B,72,29836170219.340027,28883129531.86281,3.1942460458931454,49,38.98914670944214
FOL,cesm1-bgc_rcp85_r1i1p1,GCAM-ref,72,45224816318.8739,43052524407.16586,4.803318373681186,43,43.22806715965271
FOL,cesm1-cam5_rcp26_r1i1p1,FORE-SCE-A2,72,24476101073.278843,23522935729.73555,3.894269519028448,51,37.8147189617157
FOL,cesm1-cam5_rcp26_r1i1p1,FORE-SCE-B1,72,19315972912.4209,18508555184.36084,4.180052082910402,48,38.60089111328125
FOL,cesm1-cam5_rcp26_r1i1p1,GCAM-26,72,67281701718.32374,66111262933.3479,1.7396093664157064,46,34.99613904953003
FOL,cesm1-bgc_rcp85_r1i1p1,LUCAS-BAU_High-0001,72,24997198360.283825,22891944591.32326,8.42195888762256,61,46.52221393585205
FOL,cesm1-bgc_rcp85_r1i1p1,LUCAS-BAU_High-0002,72,26049707279.765057,23997857757.362743,7.876670168943334,56,46.64627408981323
FOL,cesm1-cam5_rcp26_r1i1p1,GCAM-45,72,43456044391.10237,42333946886.36988,2.582143682093252,48,37.008578062057495
FOL,cesm1-cam5_rcp26_r1i1p1,GCAM-ref,72,29011655538.893482,27964390565.601177,3.609807692250877,51,38.99384784698486
FOL,cesm1-cam5_rcp26_r1i1p1,LUCAS-BAU_High-0001,72,14229950645.712395,13359235469.853283,6.118891045637365,56,41.62881278991699
FOL,cesm1-cam5_rcp26_r1i1p1,LUCAS-BAU_High-0002,72,14941156039.51178,13914886153.033276,6.868744853239872,61,42.092801094055176
FOL,cesm1-cam5_rcp45_r1i1p1,FORE-SCE-A2,72,40757208689.86234,39152870499.40953,3.936329896045765,39,39.57152080535889
FOL,cesm1-cam5_rcp45_r1i1p1,FORE-SCE-A1B,72,49985070959.14384,48382260613.78038,3.206578113440195,32,41.19832181930542
FOL,cesm1-cam5_rcp45_r1i1p1,GCAM-26,72,99934803114.99078,98250221886.20227,1.6856802397960724,30,38.23914408683777
FOL,cesm1-cam5_rcp45_r1i1p1,FORE-SCE-B1,72,35083256114.45658,33383440090.44026,4.845091967720416,38,42.87700700759888
FOL,cesm1-cam5_rcp45_r1i1p1,GCAM-45,72,68640529868.01292,66921959099.61723,2.503725964383252,34,39.47753405570984
FOL,cesm1-cam5_rcp60_r1i1p1,GCAM-26,72,94283581548.06427,93444839108.00058,0.8895954378187354,27,33.5909628868103
FOL,cesm1-cam5_rcp60_r1i1p1,FORE-SCE-A1B,72,46921280200.34081,46108630283.17636,1.7319431901573479,40,37.826045989990234
FOL,cesm1-cam5_rcp60_r1i1p1,FORE-SCE-A2,72,38709895542.16728,37797286445.69628,2.357560214743748,48,38.070013999938965
FOL,cesm1-cam5_rcp60_r1i1p1,FORE-SCE-B1,72,32633292933.308147,31716295905.648018,2.81000458499292,46,38.594682931900024
FOL,cesm1-cam5_rcp45_r1i1p1,GCAM-ref,72,51087130291.918945,49334635709.76814,3.430403258387793,38,44.10316205024719
FOL,cesm1-cam5_rcp60_r1i1p1,GCAM-45,72,64776012626.90616,63857722628.52704,1.4176389702593162,36,36.21629214286804
FOL,cesm1-cam5_rcp45_r1i1p1,LUCAS-BAU_High-0001,72,28329182280.02461,26645585688.25228,5.942976310189718,39,45.34117794036865
FOL,cesm1-cam5_rcp45_r1i1p1,LUCAS-BAU_High-0002,72,29502400424.693806,28038347836.92576,4.962486328884008,37,44.866769790649414
FOL,cesm1-cam5_rcp60_r1i1p1,GCAM-ref,72,47166786630.21023,46201434884.87209,2.046676940081882,42,39.30115795135498
FOL,cesm1-cam5_rcp85_r1i1p1,FORE-SCE-A1B,72,80154233981.39148,78887048934.45984,1.5809333880301701,45,40.0286180973053
FOL,cesm1-cam5_rcp85_r1i1p1,FORE-SCE-A2,72,70684862848.853,69688496957.28867,1.4095887739004054,43,40.36556100845337
FOL,cesm1-cam5_rcp85_r1i1p1,GCAM-26,72,137019589958.55951,135642330274.38423,1.0051553099756139,40,37.157163858413696
FOL,cesm1-cam5_rcp60_r1i1p1,LUCAS-BAU_High-0002,72,27290378292.27843,26173014737.559906,4.094349820847565,56,41.73893880844116
FOL,cesm1-cam5_rcp85_r1i1p1,GCAM-45,72,101168244115.41928,99883350308.77852,1.270056446936918,40,37.313843965530396
FOL,cesm1-cam5_rcp60_r1i1p1,LUCAS-BAU_High-0001,72,26265967345.62568,25125451025.77989,4.3421828133648805,58,42.15554618835449
FOL,cesm1-cam5_rcp85_r1i1p1,FORE-SCE-B1,72,63375784822.775246,62348606626.569695,1.6207739266313803,41,41.249576807022095
FOL,cmcc-cm_rcp45_r1i1p1,FORE-SCE-A1B,72,49437467005.10178,48676871523.92076,1.5385001037826918,22,34.47357201576233
FOL,cmcc-cm_rcp45_r1i1p1,FORE-SCE-A2,72,40379822915.46812,39628747719.05723,1.8600259787746043,21,33.88311004638672
FOL,cesm1-cam5_rcp85_r1i1p1,GCAM-ref,72,79762323888.19954,78592984765.66368,1.4660294052802225,38,40.49953293800354
FOL,cmcc-cm_rcp45_r1i1p1,FORE-SCE-B1,72,33740502029.298527,32929753627.453938,2.4028937125493144,26,35.24790906906128
FOL,cmcc-cm_rcp45_r1i1p1,GCAM-26,72,101486502725.83884,100907412490.42477,0.5706081300076438,19,33.032480001449585
FOL,cesm1-cam5_rcp85_r1i1p1,LUCAS-BAU_High-0001,72,54839774058.88668,53815418321.8495,1.8679065598213973,43,42.06857776641846
FOL,cmcc-cm_rcp45_r1i1p1,GCAM-45,72,68651564069.95273,67877415075.03748,1.1276494649508972,23,33.89737892150879
FOL,cesm1-cam5_rcp85_r1i1p1,LUCAS-BAU_High-0002,72,56160167012.635826,55122721795.19738,1.8472972439790403,41,42.252912759780884
FOL,cmcc-cm_rcp45_r1i1p1,GCAM-ref,72,49128624547.3271,48334873445.8618,1.6156591168162149,23,34.859654903411865
FOL,cmcc-cm_rcp85_r1i1p1,FORE-SCE-A1B,72,67428563469.83461,66705070321.78575,1.0729772529894155,37,33.75277614593506
FOL,cmcc-cm_rcp85_r1i1p1,FORE-SCE-A2,72,58581241836.50415,57863305974.29996,1.225538823857475,40,33.69915294647217
FOL,cmcc-cm_rcp85_r1i1p1,GCAM-26,72,126781397600.72935,125960369939.9227,0.6475931614133956,31,32.711825132369995
FOL,cmcc-cm_rcp45_r1i1p1,LUCAS-BAU_High-0001,72,26480160530.692577,25736010492.89127,2.810217245242075,26,37.201085805892944
FOL,cmcc-cm_rcp85_r1i1p1,FORE-SCE-B1,72,49729711055.21028,48850464505.741,1.7680507905890264,38,34.55420517921448
FOL,cmcc-cm_rcp85_r1i1p1,GCAM-45,72,89824537913.52588,89082525429.41872,0.8260688018473239,37,33.36497378349304
FOL,cmcc-cm_rcp45_r1i1p1,LUCAS-BAU_High-0002,72,27636777569.75067,26771762249.095295,3.1299427672861646,28,37.24197292327881
FOL,cmcc-cm_rcp85_r1i1p1,GCAM-ref,72,66426739468.87585,65761013512.8207,1.0021957443313467,34,34.51548719406128
FOL,cmcc-cm_rcp85_r1i1p1,LUCAS-BAU_High-0001,72,39718707565.9882,38995143639.484695,1.821720722662945,41,35.02113604545593
FOL,cmcc-cm_rcp85_r1i1p1,LUCAS-BAU_High-0002,72,41053849689.31131,40378392479.95784,1.645295665242641,37,34.990248918533325
FOL,cnrm-cm5_rcp45_r1i1p1,GCAM-26,72,76458936281.19055,74730187797.08928,2.261015609403083,34,40.25225329399109
FOL,cnrm-cm5_rcp45_r1i1p1,FORE-SCE-A1B,72,36806916855.92551,34918106860.45799,5.1316713183583,43,45.07969117164612
FOL,cnrm-cm5_rcp45_r1i1p1,GCAM-45,72,51269851160.44251,49214220746.826904,4.009433160207099,41,41.96445989608765
FOL,cnrm-cm5_rcp45_r1i1p1,FORE-SCE-A2,72,30399522356.699883,28074836196.76584,7.647114098230878,56,46.0786030292511
FOL,cnrm-cm5_rcp85_r1i1p1,FORE-SCE-A1B,72,117437746997.38853,116129423188.14345,1.114057313509409,27,39.84002208709717
FOL,cnrm-cm5_rcp85_r1i1p1,FORE-SCE-A2,72,108863958264.76488,107309424843.56511,1.427959671849366,29,39.61420178413391
FOL,cnrm-cm5_rcp45_r1i1p1,FORE-SCE-B1,72,25578364604.182285,23367782758.02718,8.642389301908915,52,49.00017309188843
FOL,cnrm-cm5_rcp85_r1i1p1,GCAM-26,72,169726623458.81085,167742655572.92117,1.1689196694419257,35,38.700093030929565
FOL,cnrm-cm5_rcp85_r1i1p1,GCAM-45,72,136698942107.5666,135123615576.08076,1.152405795683653,30,39.14393186569214
FOL,cnrm-cm5_rcp45_r1i1p1,GCAM-ref,72,36956288136.49443,34878573469.756294,5.622086988455932,44,46.00859808921814
FOL,cnrm-cm5_rcp85_r1i1p1,FORE-SCE-B1,72,101996230432.77869,100734585372.98032,1.2369526348621984,23,41.48124694824219
FOL,cnrm-cm5_rcp45_r1i1p1,LUCAS-BAU_High-0001,72,20519690342.02268,18507945277.55814,9.803973797521914,58,49.292856216430664
FOL,cnrm-cm5_rcp45_r1i1p1,LUCAS-BAU_High-0002,72,21301314518.724678,19194965766.500137,9.888351023468434,59,50.54667806625366
FOL,csiro-mk3-6-0_rcp26_r1i1p1,GCAM-45,72,74183259589.10034,73170254934.36246,1.3655434667456001,35,34.482128858566284
FOL,csiro-mk3-6-0_rcp26_r1i1p1,GCAM-26,72,105281921398.83275,103976386829.28497,1.2400368004323425,39,34.76488280296326
FOL,csiro-mk3-6-0_rcp26_r1i1p1,FORE-SCE-A1B,72,55265752248.0831,54324982432.23713,1.702265467450692,36,36.542789936065674
FOL,csiro-mk3-6-0_rcp26_r1i1p1,FORE-SCE-A2,72,45855765052.61015,44903077889.823105,2.077573368788055,42,38.05022120475769
FOL,cnrm-cm5_rcp85_r1i1p1,GCAM-ref,72,117165597254.85431,115795470085.02927,1.1693937486144446,28,41.20384478569031
FOL,cnrm-cm5_rcp85_r1i1p1,LUCAS-BAU_High-0002,72,95247519387.88272,94220184294.74489,1.0785951169543284,27,42.406959772109985
FOL,cnrm-cm5_rcp85_r1i1p1,LUCAS-BAU_High-0001,72,94097461398.63556,93073426100.56535,1.0882709085338393,33,42.435977935791016
FOL,csiro-mk3-6-0_rcp26_r1i1p1,FORE-SCE-B1,72,39771907626.62976,38789244097.099396,2.4707477920229537,49,41.689138889312744
FOL,csiro-mk3-6-0_rcp26_r1i1p1,GCAM-ref,72,56079574148.47506,55252597094.31346,1.47464931165866,36,40.47064399719238
FOL,csiro-mk3-6-0_rcp45_r1i1p1,FORE-SCE-A1B,72,55898716754.46345,55267673607.92259,1.128904531588315,19,33.99930381774902
FOL,csiro-mk3-6-0_rcp26_r1i1p1,LUCAS-BAU_High-0001,72,33231855292.56022,32250654875.490887,2.9525899424850954,52,40.9858021736145
FOL,csiro-mk3-6-0_rcp26_r1i1p1,LUCAS-BAU_High-0002,72,34447156251.96069,33498735567.706272,2.753262641819487,48,41.366050243377686
FOL,csiro-mk3-6-0_rcp45_r1i1p1,FORE-SCE-A2,72,46567292609.60425,45871956680.81137,1.4931852161176873,22,33.781232833862305
FOL,csiro-mk3-6-0_rcp45_r1i1p1,GCAM-26,72,109267507706.30745,108802045537.0207,0.4259840633849099,15,32.64225888252258
FOL,csiro-mk3-6-0_rcp45_r1i1p1,GCAM-45,72,76245540040.30081,75639861287.98627,0.7943792541759254,15,33.08771800994873
FOL,csiro-mk3-6-0_rcp45_r1i1p1,FORE-SCE-B1,72,39548403708.00541,38778662688.219505,1.946326394028619,23,36.79513216018677
FOL,csiro-mk3-6-0_rcp45_r1i1p1,LUCAS-BAU_High-0001,72,32263261993.221893,31479407558.20159,2.4295572939431187,23,35.61082601547241
FOL,csiro-mk3-6-0_rcp45_r1i1p1,GCAM-ref,72,56298248243.26761,55639453289.51388,1.1701873047755273,18,36.34423232078552
FOL,csiro-mk3-6-0_rcp45_r1i1p1,LUCAS-BAU_High-0002,72,33475069667.99163,32786060434.114265,2.058275727910386,23,36.60100197792053
FOL,csiro-mk3-6-0_rcp60_r1i1p1,FORE-SCE-A2,72,35239024867.01654,34400045672.51755,2.3808240939273917,45,35.91380715370178
FOL,csiro-mk3-6-0_rcp60_r1i1p1,FORE-SCE-A1B,72,42711647311.42737,41721398797.05682,2.3184507662517784,45,36.58777976036072
FOL,csiro-mk3-6-0_rcp60_r1i1p1,GCAM-26,72,89698764800.05785,88661850136.69077,1.155996591121855,34,34.52304220199585
FOL,csiro-mk3-6-0_rcp60_r1i1p1,FORE-SCE-B1,72,28875091371.2555,28100142529.013794,2.683797021723544,42,37.96831679344177
FOL,csiro-mk3-6-0_rcp60_r1i1p1,GCAM-45,72,60037599562.36108,59170580039.43558,1.4441275621369987,35,36.01114797592163
FOL,csiro-mk3-6-0_rcp60_r1i1p1,GCAM-ref,72,42120724586.539986,41025714961.133095,2.599693229771294,43,38.29307985305786
FOL,csiro-mk3-6-0_rcp60_r1i1p1,LUCAS-BAU_High-0001,72,22327590097.514416,21259204236.25446,4.785047811222998,47,39.744966983795166
FOL,csiro-mk3-6-0_rcp60_r1i1p1,LUCAS-BAU_High-0002,72,23285145956.13241,22283268641.490925,4.302645628801082,47,39.88720107078552
FOL,csiro-mk3-6-0_rcp85_r1i1p1,FORE-SCE-A1B,72,62514144740.93582,61584022037.44943,1.4878595993609078,31,37.876678705215454
FOL,csiro-mk3-6-0_rcp85_r1i1p1,FORE-SCE-A2,72,52887854902.36527,51923244719.9154,1.8238784390681273,31,37.871593952178955
FOL,csiro-mk3-6-0_rcp85_r1i1p1,GCAM-26,72,118742274269.01578,117783837008.83235,0.8071575738999637,27,36.7358558177948
FOL,csiro-mk3-6-0_rcp85_r1i1p1,GCAM-45,72,83680748666.88182,82453343575.00136,1.4667711647353254,32,36.792556047439575
FOL,csiro-mk3-6-0_rcp85_r1i1p1,FORE-SCE-B1,72,45440885376.459854,44463602971.81128,2.1506676125523816,33,39.62915897369385
FOL,csiro-mk3-6-0_rcp85_r1i1p1,GCAM-ref,72,62690870515.15028,61653149098.42911,1.655299102076424,31,38.75788426399231
FOL,csiro-mk3-6-0_rcp85_r1i1p1,LUCAS-BAU_High-0002,72,38577136024.966125,37384974016.26296,3.090333113198518,33,40.106608867645264
FOL,csiro-mk3-6-0_rcp85_r1i1p1,LUCAS-BAU_High-0001,72,37320047920.78285,36385883619.666405,2.503116563781871,31,41.46504807472229
FOL,fgoals-g2_rcp26_r1i1p1,GCAM-26,72,72687459750.19194,70743738942.71452,2.6740799776983293,49,38.72067308425903
FOL,fgoals-g2_rcp26_r1i1p1,FORE-SCE-A1B,72,33826319208.279167,31903996486.21267,5.682920184812779,63,44.563167095184326
FOL,fgoals-g2_rcp26_r1i1p1,FORE-SCE-A2,72,26684563054.212254,25052739902.73012,6.11523279645586,59,43.802183866500854
FOL,fgoals-g2_rcp26_r1i1p1,GCAM-45,72,47942030396.02803,45963477750.03476,4.126968819737753,56,42.144317865371704
FOL,fgoals-g2_rcp26_r1i1p1,FORE-SCE-B1,72,22705963830.337738,20818687385.11048,8.31180944059129,69,47.13571810722351
FOL,fgoals-g2_rcp26_r1i1p1,GCAM-ref,72,34422493705.88665,32430345123.616573,5.787345330909,60,44.3374400138855
MIL,access1-0_rcp45_r1i1p1,FORE-SCE-A1B,72,139675357818.60916,104973937525.19026,24.8443396425619,107,45.085269927978516
MIL,access1-0_rcp45_r1i1p1,FORE-SCE-A2,72,129480415940.30292,95938046288.40337,25.90536136937056,103,45.337944984436035
MIL,access1-0_rcp45_r1i1p1,GCAM-26,72,195179248936.17807,153997873592.31802,21.09925904947303,109,43.198708057403564
FOL,fgoals-g2_rcp26_r1i1p1,LUCAS-BAU_High-0001,72,17958012396.96975,16309823622.342224,9.178013346875968,63,48.80584216117859
MIL,access1-0_rcp45_r1i1p1,FORE-SCE-B1,72,121637104578.32504,89136555974.17264,26.719271818267032,108,46.11790585517883
FOL,fgoals-g2_rcp26_r1i1p1,LUCAS-BAU_High-0002,72,18812578637.464203,17077254902.406782,9.224273654870574,70,48.829143047332764
MIL,access1-0_rcp45_r1i1p1,GCAM-45,72,161073284379.995,123579028427.94846,23.277762104603394,108,44.61974906921387
MIL,access1-0_rcp45_r1i1p1,GCAM-ref,72,139977517823.52994,104959333957.90604,25.017005880738242,109,45.58459115028381
MIL,access1-0_rcp85_r1i1p1,FORE-SCE-A2,72,114468381814.04813,80950154359.62032,29.28164696944662,113,43.62298107147217
MIL,access1-0_rcp85_r1i1p1,FORE-SCE-A1B,72,127509202015.74629,92939598224.87653,27.111458031555024,116,43.7367160320282
MIL,access1-0_rcp85_r1i1p1,GCAM-26,72,195201263312.3064,154836230464.69012,20.678673981241324,117,41.73684501647949
MIL,access1-0_rcp45_r1i1p1,LUCAS-BAU_High-0001,72,112877843905.04858,81919372212.96707,27.426526429866417,108,46.10623788833618
MIL,access1-0_rcp45_r1i1p1,LUCAS-BAU_High-0002,72,114303393280.89462,82934245222.99452,27.44375924239805,105,46.17217993736267
MIL,access1-0_rcp85_r1i1p1,FORE-SCE-B1,72,104478556774.83485,72594774984.38092,30.517058020975263,116,44.87507605552673
MIL,access1-0_rcp85_r1i1p1,GCAM-45,72,154162462564.7094,117341420220.6886,23.884570686956465,124,43.966012954711914
MIL,access1-0_rcp85_r1i1p1,GCAM-ref,72,127850787083.38264,93626234655.9423,26.769137060626402,119,46.245232820510864
MIL,access1-0_rcp85_r1i1p1,LUCAS-BAU_High-0002,72,94719012961.61484,64069978251.90333,32.3578484946123,113,46.28376126289368
MIL,access1-0_rcp85_r1i1p1,LUCAS-BAU_High-0001,72,92823517873.90112,62379118341.56177,32.79815312935829,115,47.114985942840576
MIL,bcc-csm1-1-m_rcp45_r1i1p1,FORE-SCE-A1B,72,138199899601.98688,115090248220.6892,16.72190171472848,111,49.40597414970398
MIL,bcc-csm1-1-m_rcp45_r1i1p1,FORE-SCE-A2,72,129668226944.3428,107389022912.19127,17.181698676048363,110,49.27310514450073
MIL,bcc-csm1-1-m_rcp45_r1i1p1,GCAM-26,72,187247261549.78732,160879449364.2771,14.081814584241204,121,46.58274483680725
MIL,bcc-csm1-1-m_rcp45_r1i1p1,FORE-SCE-B1,72,122640663628.2748,100545610939.39682,18.0160902878415,104,50.40886688232422
MIL,bcc-csm1-1-m_rcp45_r1i1p1,GCAM-45,72,156913195970.51874,132486811967.67519,15.566813136246903,112,47.62900471687317
MIL,bcc-csm1-1-m_rcp45_r1i1p1,GCAM-ref,72,137572739130.3068,115061083647.30542,16.363456615978745,117,48.99083590507507
MIL,bcc-csm1-1-m_rcp85_r1i1p1,FORE-SCE-A1B,72,309463553936.71063,265297001209.73386,14.27197230986671,111,48.512561082839966
MIL,bcc-csm1-1-m_rcp85_r1i1p1,GCAM-26,72,358739863240.0515,309805145617.99554,13.640724836122043,114,46.96208310127258
MIL,bcc-csm1-1-m_rcp85_r1i1p1,FORE-SCE-A2,72,301408482402.2596,259900972225.86136,13.771181834558433,111,48.85862398147583
MIL,bcc-csm1-1-m_rcp45_r1i1p1,LUCAS-BAU_High-0001,72,114595663889.43799,93760047191.62238,18.181854348274328,112,51.00870418548584
MIL,bcc-csm1-1-m_rcp45_r1i1p1,LUCAS-BAU_High-0002,72,115733665212.50256,95001103058.72412,17.914028831378214,111,50.998761892318726
MIL,bcc-csm1-1_rcp26_r1i1p1,FORE-SCE-A1B,72,170528663789.3359,150771448344.36517,11.585861875618741,115,41.69241690635681
MIL,bcc-csm1-1-m_rcp85_r1i1p1,GCAM-45,72,327952133973.97766,284542093461.8794,13.23670012025071,113,47.24962306022644
MIL,bcc-csm1-1-m_rcp85_r1i1p1,FORE-SCE-B1,72,293500779741.58844,253601288547.98148,13.594339077646167,112,49.38111734390259
MIL,bcc-csm1-1_rcp26_r1i1p1,FORE-SCE-A2,72,158788398089.9313,139193313491.317,12.340375515040126,113,41.66105008125305
MIL,bcc-csm1-1_rcp26_r1i1p1,GCAM-26,72,228317257366.4686,205759720155.7037,9.879908978828578,120,40.670510053634644
MIL,bcc-csm1-1_rcp26_r1i1p1,FORE-SCE-B1,72,150615711713.15332,131743631338.04973,12.529954651109277,114,42.745550870895386
MIL,bcc-csm1-1_rcp26_r1i1p1,GCAM-45,72,193529716636.35352,172603980763.4959,10.812673235179437,117,41.491657972335815
MIL,bcc-csm1-1-m_rcp85_r1i1p1,GCAM-ref,72,308000705422.05774,266024851393.75766,13.62849282139792,110,48.86166310310364
MIL,bcc-csm1-1-m_rcp85_r1i1p1,LUCAS-BAU_High-0002,72,285657726222.4809,247152942932.2476,13.479342498247126,113,50.22776007652283
MIL,bcc-csm1-1-m_rcp85_r1i1p1,LUCAS-BAU_High-0001,72,284404082406.57306,245765883540.77545,13.58566956523568,112,50.85808086395264
MIL,bcc-csm1-1_rcp26_r1i1p1,GCAM-ref,72,171403892102.07205,151629234120.02527,11.536878036743092,117,42.38079309463501
MIL,bcc-csm1-1_rcp26_r1i1p1,LUCAS-BAU_High-0002,72,143656056626.25534,125134104966.12949,12.89326193069168,109,42.103699922561646
MIL,bcc-csm1-1_rcp26_r1i1p1,LUCAS-BAU_High-0001,72,142047402515.0472,123571977539.3679,13.006520815276568,112,42.59829020500183
MIL,bcc-csm1-1_rcp45_r1i1p1,FORE-SCE-A1B,72,135499448287.61873,114013864164.61554,15.856584210879355,114,47.25226187705994
MIL,bcc-csm1-1_rcp45_r1i1p1,GCAM-26,72,188289027653.24225,162959847551.93185,13.452286846983586,120,44.40935826301575
MIL,bcc-csm1-1_rcp45_r1i1p1,FORE-SCE-A2,72,124882959514.06596,104431469421.46336,16.376525806388408,109,47.570629835128784
MIL,bcc-csm1-1_rcp45_r1i1p1,FORE-SCE-B1,72,117378530488.75536,97584058280.68092,16.863792829618617,106,48.30564308166504
MIL,bcc-csm1-1_rcp45_r1i1p1,GCAM-45,72,156113593754.22717,133323515834.4882,14.59839426643259,111,46.282922983169556
MIL,bcc-csm1-1_rcp45_r1i1p1,GCAM-ref,72,136443262761.89476,114637651017.4995,15.981449947036175,108,48.07456111907959
MIL,bcc-csm1-1_rcp60_r1i1p1,GCAM-26,72,235354718127.33688,205185949786.98972,12.818425133089784,121,43.22693109512329
MIL,bcc-csm1-1_rcp60_r1i1p1,FORE-SCE-A1B,72,183627611512.2612,157333456860.4101,14.319281525967787,107,45.25892400741577
MIL,bcc-csm1-1_rcp60_r1i1p1,GCAM-45,72,203728232219.3774,175952079833.8566,13.633924018744281,114,44.33553981781006
MIL,bcc-csm1-1_rcp60_r1i1p1,FORE-SCE-A2,72,173920555581.5033,149230143834.75513,14.196373547793584,116,45.383180141448975
MIL,bcc-csm1-1_rcp60_r1i1p1,FORE-SCE-B1,72,166678289265.18375,142459246509.48782,14.530412366522217,115,46.0876579284668
MIL,bcc-csm1-1_rcp60_r1i1p1,GCAM-ref,72,184366734163.6034,158449371220.5583,14.057505037783303,113,45.121209144592285
MIL,bcc-csm1-1_rcp85_r1i1p1,FORE-SCE-A1B,72,276178480014.8702,238301552259.80142,13.714655737488801,106,44.06934595108032
MIL,bcc-csm1-1_rcp60_r1i1p1,LUCAS-BAU_High-0001,72,158697738129.9476,136316788047.20953,14.102879062089535,109,46.085620164871216
MIL,bcc-csm1-1_rcp45_r1i1p1,LUCAS-BAU_High-0001,72,108848042458.21504,90583866095.81923,16.77951752729695,113,49.68061900138855
MIL,bcc-csm1-1_rcp60_r1i1p1,LUCAS-BAU_High-0002,72,160009184928.11426,136652870919.51619,14.596858311034532,110,46.13687229156494
MIL,bcc-csm1-1_rcp45_r1i1p1,LUCAS-BAU_High-0002,72,110358746727.30104,91907077136.47943,16.719716504588533,107,49.15272498130798
MIL,bcc-csm1-1_rcp85_r1i1p1,FORE-SCE-A2,72,266256603144.4023,228187651362.45206,14.297843258108356,111,45.02351379394531
MIL,bcc-csm1-1_rcp85_r1i1p1,GCAM-26,72,334631611663.8373,286713640042.4756,14.319618933521117,109,42.118836879730225
MIL,bcc-csm1-1_rcp85_r1i1p1,FORE-SCE-B1,72,256917579924.44867,220348370749.98056,14.233829068926285,106,45.48573088645935
MIL,bcc-csm1-1_rcp85_r1i1p1,GCAM-45,72,298973875631.42633,255325150990.30756,14.599511261287834,104,43.09454107284546
MIL,bcc-csm1-1_rcp85_r1i1p1,GCAM-ref,72,275611984008.9046,235262285474.57193,14.640037761576085,109,45.041807889938354
MIL,bcc-csm1-1_rcp85_r1i1p1,LUCAS-BAU_High-0002,72,248581427860.58182,213754569849.0529,14.010241356832886,108,45.93754696846008
MIL,bcc-csm1-1_rcp85_r1i1p1,LUCAS-BAU_High-0001,72,247173424256.69785,211692749482.17905,14.354566993282791,111,46.62852191925049
MIL,canesm2_rcp26_r1i1p1,FORE-SCE-A1B,72,774452939765.5186,745653537595.2574,3.7186768480704235,113,44.913787841796875
MIL,canesm2_rcp26_r1i1p1,FORE-SCE-B1,72,760128259932.992,733634056374.5912,3.485491193385748,108,44.38683009147644
MIL,canesm2_rcp26_r1i1p1,FORE-SCE-A2,72,765711970178.1182,736932136860.2174,3.7585716873677733,104,44.85822892189026
MIL,canesm2_rcp26_r1i1p1,GCAM-26,72,818644922461.6161,787143391244.2628,3.8480091127457428,116,44.205037117004395
MIL,canesm2_rcp26_r1i1p1,GCAM-45,72,791694746285.3209,762061939408.8955,3.7429586359470357,112,44.5292181968689
MIL,canesm2_rcp85_r1i1p1,FORE-SCE-A1B,72,1259580865638.4521,1215304467342.9297,3.5151691728089074,120,38.11591076850891
MIL,canesm2_rcp26_r1i1p1,GCAM-ref,72,775184575802.4387,747071070602.9636,3.6266853181867287,110,44.22825217247009
MIL,canesm2_rcp85_r1i1p1,FORE-SCE-A2,72,1251392570779.1416,1205501410101.039,3.6672073775801506,112,37.95307397842407
MIL,canesm2_rcp85_r1i1p1,FORE-SCE-B1,72,1243293243349.9707,1198198041260.8928,3.627076904847637,118,37.40548920631409
MIL,canesm2_rcp26_r1i1p1,LUCAS-BAU_High-0001,72,753457989983.1136,729819297719.4668,3.137360354248364,111,45.10545992851257
MIL,canesm2_rcp26_r1i1p1,LUCAS-BAU_High-0002,72,754605425884.0857,728434997996.9076,3.468094316512127,105,44.86536908149719
MIL,canesm2_rcp85_r1i1p1,GCAM-45,72,1278951191141.2126,1225285125627.7441,4.196099576371015,120,37.62165904045105
MIL,canesm2_rcp85_r1i1p1,GCAM-26,72,1309239054171.1,1250147972884.607,4.51339127856254,117,38.40789604187012
MIL,canesm2_rcp45_r1i1p1,FORE-SCE-A2,72,241885140927.0193,210011595935.92352,13.1771405506519,109,46.96588969230652
MIL,canesm2_rcp45_r1i1p1,FORE-SCE-A1B,72,250563062466.2929,216710412028.7019,13.510630858506945,112,46.98317503929138
MIL,canesm2_rcp45_r1i1p1,GCAM-26,72,297517834822.3284,256333011953.27478,13.842808076916935,114,46.48032522201538
MIL,canesm2_rcp45_r1i1p1,FORE-SCE-B1,72,235357977403.47305,205159004091.63904,12.831081251205712,112,47.72838830947876
MIL,canesm2_rcp45_r1i1p1,GCAM-ref,72,251047226320.8311,217034238349.92523,13.548442047887132,108,46.94528794288635
MIL,canesm2_rcp45_r1i1p1,GCAM-45,72,269011743717.45825,232224277179.40753,13.675041107754915,116,47.22694206237793
MIL,canesm2_rcp45_r1i1p1,LUCAS-BAU_High-0001,72,228590602341.93146,199555227341.1084,12.701911059926784,111,47.60591673851013
MIL,canesm2_rcp45_r1i1p1,LUCAS-BAU_High-0002,72,229617780199.2756,201387473098.14487,12.29447783905534,109,47.49725914001465
MIL,canesm2_rcp85_r1i1p1,GCAM-ref,72,1258682601278.259,1212473637334.017,3.671216547945788,118,38.6694540977478
MIL,canesm2_rcp85_r1i1p1,LUCAS-BAU_High-0001,72,1235617655595.125,1190754045059.0022,3.6308651250628654,115,38.063273906707764
MIL,canesm2_rcp85_r1i1p1,LUCAS-BAU_High-0002,72,1236773969988.9683,1195100846522.1763,3.36950198484236,111,38.50344800949097
MIL,ccsm4_rcp26_r1i1p1,FORE-SCE-A1B,72,382178393965.7717,339085598328.48676,11.275570863680063,114,49.35417890548706
MIL,ccsm4_rcp26_r1i1p1,GCAM-26,72,423471743833.89557,376065106008.7516,11.194758213605628,123,48.5530149936676
MIL,ccsm4_rcp26_r1i1p1,FORE-SCE-A2,72,375512629515.7882,333464699043.7707,11.197474376890337,118,50.19249105453491
MIL,ccsm4_rcp26_r1i1p1,FORE-SCE-B1,72,369469014664.30475,327707316649.87506,11.303166532753462,114,50.61371111869812
MIL,ccsm4_rcp26_r1i1p1,GCAM-45,72,398230894345.9063,352921927630.5158,11.377561951794423,119,48.84145998954773
MIL,ccsm4_rcp60_r1i1p1,FORE-SCE-A1B,72,333617072001.2705,307379577088.3788,7.864554039606164,108,42.851027965545654
MIL,ccsm4_rcp26_r1i1p1,GCAM-ref,72,382157228690.9636,337920646377.35565,11.575492753371531,114,50.6226921081543
MIL,ccsm4_rcp60_r1i1p1,FORE-SCE-B1,72,320446770993.5114,296580595496.6141,7.447781552893407,104,42.61680293083191
MIL,ccsm4_rcp60_r1i1p1,GCAM-26,72,375961253045.2044,345567382223.17285,8.084309373864407,113,42.21906495094299
MIL,ccsm4_rcp60_r1i1p1,FORE-SCE-A2,72,325381258868.51685,299347957826.8406,8.000860631065432,99,43.03769278526306
MIL,ccsm4_rcp26_r1i1p1,LUCAS-BAU_High-0001,72,363958999074.98755,322077779246.35236,11.50712578479377,113,50.785658836364746
MIL,ccsm4_rcp60_r1i1p1,GCAM-45,72,350224027868.2767,321537128244.63446,8.191014134082108,107,42.606411933898926
MIL,ccsm4_rcp45_r1i1p1,GCAM-26,72,340253985847.3366,297511278938.3843,12.562000354679137,122,48.409588098526
MIL,ccsm4_rcp26_r1i1p1,LUCAS-BAU_High-0002,72,364800188628.4767,323228749583.3611,11.39567367040295,112,50.669408082962036
MIL,ccsm4_rcp45_r1i1p1,FORE-SCE-A1B,72,291833629066.67474,254749525148.5911,12.707275729902634,113,52.53100895881653
MIL,ccsm4_rcp45_r1i1p1,FORE-SCE-A2,72,281752796095.46747,247199855311.6416,12.263566240570034,112,51.735079765319824
MIL,ccsm4_rcp45_r1i1p1,GCAM-45,72,310790846710.2921,271353967007.1924,12.689202439691316,120,50.76747989654541
MIL,ccsm4_rcp60_r1i1p1,GCAM-ref,72,335762459299.45123,310677677634.1256,7.4709905680532485,107,42.76044416427612
MIL,ccsm4_rcp45_r1i1p1,FORE-SCE-B1,72,276008284285.53107,242509758603.6359,12.136782694261772,115,52.18933176994324
MIL,ccsm4_rcp45_r1i1p1,GCAM-ref,72,293539546022.29596,256583915810.5371,12.589659796282394,120,52.279670000076294
MIL,ccsm4_rcp45_r1i1p1,LUCAS-BAU_High-0001,72,268948612225.899,236364935811.15964,12.115205259869954,107,52.543065786361694
MIL,ccsm4_rcp45_r1i1p1,LUCAS-BAU_High-0002,72,270233672553.76086,237360413326.43823,12.164753162203635,110,52.88201689720154
MIL,ccsm4_rcp60_r1i1p1,LUCAS-BAU_High-0001,72,315237272193.62573,291988737526.7479,7.374932064695083,107,42.8327898979187
MIL,ccsm4_rcp60_r1i1p1,LUCAS-BAU_High-0002,72,316347484109.8411,292975449184.5733,7.388089395126229,112,42.46010494232178
MIL,ccsm4_rcp85_r1i1p1,FORE-SCE-A1B,72,355860162590.9539,298390733313.1808,16.149441640038752,116,43.313514947891235
MIL,ccsm4_rcp85_r1i1p1,FORE-SCE-A2,72,345133607301.0482,289770271446.586,16.041131516401606,111,43.50184106826782
MIL,ccsm4_rcp85_r1i1p1,GCAM-26,72,414040521821.0064,348705563696.0314,15.779846339102999,123,42.613895893096924
MIL,ccsm4_rcp85_r1i1p1,FORE-SCE-B1,72,336803288044.6477,283663869127.3563,15.777583177943043,108,43.95759320259094
MIL,ccsm4_rcp85_r1i1p1,GCAM-45,72,378882054818.3991,317452976871.93054,16.213245564219704,113,43.57309007644653
MIL,ccsm4_rcp85_r1i1p1,GCAM-ref,72,356294210839.32025,300014608399.7872,15.795822869800647,112,43.650935888290405
MIL,ccsm4_rcp85_r1i1p1,LUCAS-BAU_High-0002,72,328648191127.32745,277265468362.0449,15.634567343587003,111,43.85926175117493
MIL,ccsm4_rcp85_r1i1p1,LUCAS-BAU_High-0001,72,327122251139.0808,274509138300.073,16.083623983328042,109,44.35762906074524
MIL,cesm1-bgc_rcp45_r1i1p1,GCAM-26,72,524608571300.6854,482592067343.19257,8.009115034723791,112,43.87298893928528
MIL,cesm1-bgc_rcp45_r1i1p1,GCAM-45,72,500091189841.37177,457296273572.6211,8.55742255373968,116,45.185791969299316
MIL,cesm1-bgc_rcp45_r1i1p1,FORE-SCE-A2,72,478907397851.6846,435508159411.54156,9.06213573538982,109,46.112382888793945
MIL,cesm1-bgc_rcp45_r1i1p1,FORE-SCE-A1B,72,485729840818.69916,442783200500.78644,8.841672203117279,107,46.218104124069214
MIL,cesm1-bgc_rcp45_r1i1p1,FORE-SCE-B1,72,473640209345.8701,429361565671.8102,9.348582067221823,111,46.6133189201355
MIL,cesm1-bgc_rcp45_r1i1p1,GCAM-ref,72,485523065201.82745,442366951435.9611,8.888581585290234,116,46.56334686279297
MIL,cesm1-bgc_rcp45_r1i1p1,LUCAS-BAU_High-0001,72,467922215538.9901,424409712181.1727,9.299089017967699,111,46.92176914215088
MIL,cesm1-bgc_rcp45_r1i1p1,LUCAS-BAU_High-0002,72,468937449872.89465,424107865429.9597,9.559821774756095,110,47.55149006843567
MIL,cesm1-bgc_rcp85_r1i1p1,FORE-SCE-A1B,72,480267201697.7485,430050280974.9901,10.45603791915024,117,47.455289125442505
MIL,cesm1-bgc_rcp85_r1i1p1,FORE-SCE-A2,72,471436550627.61,424019233801.27203,10.058048482497306,115,47.77156591415405
MIL,cesm1-bgc_rcp85_r1i1p1,FORE-SCE-B1,72,464886620599.0385,423345587275.7186,8.935734323734978,115,47.886204957962036
MIL,cesm1-bgc_rcp85_r1i1p1,GCAM-45,72,499190258843.6095,445810027837.9397,10.6933639148582,121,46.84663724899292
MIL,cesm1-bgc_rcp85_r1i1p1,GCAM-26,72,530566427386.6606,470740354075.95886,11.275887470939116,112,47.22676372528076
MIL,cesm1-bgc_rcp85_r1i1p1,GCAM-ref,72,480066281302.2515,432455762309.46405,9.917488656698993,116,48.27446913719177
MIL,cesm1-bgc_rcp85_r1i1p1,LUCAS-BAU_High-0001,72,457555193962.0539,412416547948.487,9.865180552908415,118,48.8594069480896
MIL,cesm1-bgc_rcp85_r1i1p1,LUCAS-BAU_High-0002,72,458700599866.5851,412786420867.6276,10.009618259124098,113,49.181849002838135
MIL,cesm1-cam5_rcp26_r1i1p1,FORE-SCE-A1B,72,628813513878.8837,559072456372.9713,11.090896739115763,116,46.890790939331055
MIL,cesm1-cam5_rcp26_r1i1p1,GCAM-26,72,666840736689.5189,590608286001.7043,11.431882681052885,113,44.79225516319275
MIL,cesm1-cam5_rcp26_r1i1p1,FORE-SCE-A2,72,621857862869.779,551950275551.6122,11.241730866850187,112,46.356279134750366
MIL,cesm1-cam5_rcp26_r1i1p1,GCAM-45,72,643186659207.6064,570517681191.5304,11.298271967519169,111,45.67212700843811
MIL,cesm1-cam5_rcp26_r1i1p1,FORE-SCE-B1,72,616614931247.5234,545921554647.435,11.464752638581576,107,47.73377513885498
MIL,cesm1-cam5_rcp45_r1i1p1,FORE-SCE-A1B,72,285677982914.6034,237292222008.4029,16.93716835037451,112,44.452483892440796
MIL,cesm1-cam5_rcp45_r1i1p1,GCAM-26,72,338220286088.2989,285461129054.8626,15.599051625088656,114,43.64664602279663
MIL,cesm1-cam5_rcp60_r1i1p1,FORE-SCE-A1B,72,561559655402.2281,511214130138.89465,8.965303112324285,114,39.444294929504395
MIL,cesm1-cam5_rcp60_r1i1p1,FORE-SCE-A2,72,552361193984.8416,503968660829.4902,8.761030586931383,119,39.4537558555603
MIL,cesm1-cam5_rcp26_r1i1p1,GCAM-ref,72,628451103590.394,557519898807.8901,11.286670415131416,113,48.055723905563354
MIL,cesm1-cam5_rcp45_r1i1p1,FORE-SCE-A2,72,275250318951.3212,227576403444.55447,17.32020354722932,112,45.36730217933655
MIL,cesm1-cam5_rcp45_r1i1p1,GCAM-45,72,306460161130.3504,255717040214.57834,16.557819694609144,110,44.471702098846436
MIL,cesm1-cam5_rcp60_r1i1p1,FORE-SCE-B1,72,545282590134.0905,496338818485.2737,8.975854453152643,113,39.50112199783325
MIL,cesm1-cam5_rcp45_r1i1p1,FORE-SCE-B1,72,267892729775.25894,221362168928.5103,17.369101761658158,106,45.67554306983948
MIL,cesm1-cam5_rcp45_r1i1p1,GCAM-ref,72,286153128826.5628,237331033790.996,17.06152759390509,110,45.22576189041138
MIL,cesm1-cam5_rcp60_r1i1p1,GCAM-26,72,612042287179.7073,557613400616.1514,8.892994439054924,118,39.26173400878906
MIL,cesm1-cam5_rcp60_r1i1p1,GCAM-45,72,580812970621.3596,531109165780.01587,8.557626526172468,117,39.473994970321655
MIL,cesm1-cam5_rcp26_r1i1p1,LUCAS-BAU_High-0002,72,611952976768.2671,539893581147.8593,11.775315809550357,110,49.991894006729126
MIL,cesm1-cam5_rcp26_r1i1p1,LUCAS-BAU_High-0001,72,611067532165.331,540369764642.2532,11.5695506309358,114,50.26375198364258
MIL,cesm1-cam5_rcp45_r1i1p1,LUCAS-BAU_High-0001,72,259687211845.40524,214217487600.55447,17.509419860042787,111,46.01065516471863
MIL,cesm1-cam5_rcp60_r1i1p1,GCAM-ref,72,561729676411.6609,513095298503.2047,8.657968405574268,115,39.32872009277344
MIL,cesm1-cam5_rcp45_r1i1p1,LUCAS-BAU_High-0002,72,261045239292.81836,215422498599.92075,17.476947986675174,107,46.016364097595215
MIL,cesm1-cam5_rcp60_r1i1p1,LUCAS-BAU_High-0001,72,537120584482.4005,491042243774.99414,8.578770212616227,113,39.284817934036255
MIL,cesm1-cam5_rcp60_r1i1p1,LUCAS-BAU_High-0002,72,538450035609.7022,492899143856.89215,8.459632043896425,119,39.38450479507446
MIL,cesm1-cam5_rcp85_r1i1p1,FORE-SCE-A1B,72,574314246127.2278,521835684508.1267,9.137604016090439,120,40.79288077354431
MIL,cesm1-cam5_rcp85_r1i1p1,FORE-SCE-A2,72,563918031787.9006,516072103029.6381,8.484553793494975,115,40.98620319366455
MIL,cesm1-cam5_rcp85_r1i1p1,GCAM-26,72,634612464952.2297,577689070778.8536,8.969788227790476,119,40.105725049972534
MIL,cesm1-cam5_rcp85_r1i1p1,FORE-SCE-B1,72,555262212258.6508,505417563190.3111,8.976776731408687,107,41.09914493560791
MIL,cesm1-cam5_rcp85_r1i1p1,GCAM-45,72,598078371582.7981,542894249792.02905,9.226904769140166,121,40.41070103645325
MIL,cesm1-cam5_rcp85_r1i1p1,GCAM-ref,72,574337246876.1053,523039470292.44806,8.931647192076175,112,40.68682289123535
MIL,cesm1-cam5_rcp85_r1i1p1,LUCAS-BAU_High-0001,72,545584551627.13715,498630881759.27966,8.606121586072057,105,41.238362073898315
MIL,cesm1-cam5_rcp85_r1i1p1,LUCAS-BAU_High-0002,72,547195693944.19867,500171802957.7498,8.59361495473394,109,41.18895125389099
MIL,cmcc-cm_rcp45_r1i1p1,GCAM-26,72,242061211318.43594,200862660054.62408,17.01988973756494,114,41.01305603981018
MIL,cmcc-cm_rcp45_r1i1p1,FORE-SCE-A2,72,171877007314.27435,137376252864.6065,20.072931795108452,108,41.51906418800354
MIL,cmcc-cm_rcp45_r1i1p1,GCAM-45,72,205456318026.10843,167872190681.99515,18.293001502799868,107,41.667989015579224
MIL,cmcc-cm_rcp45_r1i1p1,FORE-SCE-A1B,72,182840025609.0023,147171701379.91614,19.50794095017343,108,42.2074191570282
MIL,cmcc-cm_rcp45_r1i1p1,FORE-SCE-B1,72,163721699527.44952,129570378951.80095,20.859373359927027,114,42.520912170410156
MIL,cmcc-cm_rcp45_r1i1p1,GCAM-ref,72,183041763945.12076,147083981424.25644,19.644578234967792,107,42.62953495979309
MIL,cmcc-cm_rcp45_r1i1p1,LUCAS-BAU_High-0001,72,154009494384.55453,121029386818.80037,21.414334030215286,106,43.413217067718506
MIL,cmcc-cm_rcp85_r1i1p1,GCAM-26,72,213973223786.91986,175238421495.52173,18.102639949927223,115,40.36162090301514
MIL,cmcc-cm_rcp85_r1i1p1,FORE-SCE-A1B,72,150023626530.50894,116282135968.07861,22.490784513577022,114,42.85754609107971
MIL,cmcc-cm_rcp45_r1i1p1,LUCAS-BAU_High-0002,72,155603940342.97125,122361597765.73553,21.363432380931545,106,43.40635704994202
MIL,cmcc-cm_rcp85_r1i1p1,FORE-SCE-A2,72,138491419425.7861,106118762012.85007,23.37520804332841,117,43.11576509475708
MIL,cmcc-cm_rcp85_r1i1p1,FORE-SCE-B1,72,128160688369.53268,96893903475.58186,24.396548810503894,115,43.681869983673096
MIL,cmcc-cm_rcp85_r1i1p1,GCAM-45,72,175209187343.10553,139214904166.00394,20.543604889060607,117,41.51328182220459
MIL,cmcc-cm_rcp85_r1i1p1,GCAM-ref,72,149471237298.8903,115049865469.88084,23.028759546680355,116,42.52075719833374
MIL,cmcc-cm_rcp85_r1i1p1,LUCAS-BAU_High-0001,72,117102569414.82426,86350275152.39336,26.26099018672592,117,44.725533962249756
MIL,cmcc-cm_rcp85_r1i1p1,LUCAS-BAU_High-0002,72,118817419737.56308,87888949813.22502,26.030248757001328,118,44.83490991592407
MIL,cnrm-cm5_rcp45_r1i1p1,GCAM-26,72,440787735813.32904,399168104350.89087,9.442102871951008,115,48.36663007736206
MIL,cnrm-cm5_rcp45_r1i1p1,FORE-SCE-A1B,72,395426907460.70264,359677169508.42126,9.040795473897834,115,51.016239166259766
MIL,cnrm-cm5_rcp45_r1i1p1,FORE-SCE-A2,72,387532102399.9309,354404343895.20215,8.548390778357017,108,51.64329385757446
MIL,cnrm-cm5_rcp45_r1i1p1,GCAM-45,72,412987960328.2477,373870621845.2666,9.471786647700375,117,50.11523628234863
MIL,cnrm-cm5_rcp45_r1i1p1,FORE-SCE-B1,72,381300513999.07263,349228440713.6789,8.411232638797795,120,51.94784998893738
MIL,cnrm-cm5_rcp85_r1i1p1,FORE-SCE-A1B,72,671122769755.1527,612804194736.7874,8.689702934627274,119,43.957239866256714
MIL,cnrm-cm5_rcp85_r1i1p1,FORE-SCE-A2,72,660804636934.994,606387867955.4567,8.234925413347327,113,43.76653599739075
MIL,cnrm-cm5_rcp85_r1i1p1,GCAM-26,72,729086357670.3301,664040483183.8041,8.921559675642388,117,43.458367109298706
MIL,cnrm-cm5_rcp85_r1i1p1,GCAM-45,72,692971080541.0381,628532793684.5825,9.298842140157603,114,43.47325801849365
MIL,cnrm-cm5_rcp85_r1i1p1,FORE-SCE-B1,72,652279990423.5623,598136683294.3224,8.300623646922167,113,44.54106593132019
MIL,cnrm-cm5_rcp85_r1i1p1,GCAM-ref,72,669785722482.4146,615121079383.3535,8.161512146968208,107,43.89851903915405
MIL,cnrm-cm5_rcp85_r1i1p1,LUCAS-BAU_High-0001,72,641481713088.3999,587938021388.2928,8.346877332219204,111,44.88387989997864
MIL,cnrm-cm5_rcp85_r1i1p1,LUCAS-BAU_High-0002,72,643090863281.71,591771302976.6501,7.980141413170561,117,44.812060832977295
MIL,csiro-mk3-6-0_rcp26_r1i1p1,GCAM-26,72,356236902928.0646,331420832889.1406,6.9661704991678235,116,44.32901120185852
MIL,cnrm-cm5_rcp45_r1i1p1,GCAM-ref,72,395450992645.80786,359474989151.6105,9.097461926570482,120,52.448933839797974
MIL,csiro-mk3-6-0_rcp26_r1i1p1,FORE-SCE-A2,72,298702236963.52985,277830582082.89496,6.987445120199487,120,45.556068897247314
MIL,csiro-mk3-6-0_rcp26_r1i1p1,FORE-SCE-A1B,72,308486826949.92694,286811739890.2046,7.026260172607179,113,46.12477707862854
MIL,csiro-mk3-6-0_rcp26_r1i1p1,GCAM-45,72,326916625396.35925,303285649765.61945,7.228441074873205,110,45.23786687850952
MIL,csiro-mk3-6-0_rcp26_r1i1p1,FORE-SCE-B1,72,292568449069.8134,271863001047.13492,7.077129502005086,112,47.21277689933777
MIL,cnrm-cm5_rcp45_r1i1p1,LUCAS-BAU_High-0001,72,373860698309.8757,344029601573.86145,7.979201042225792,115,53.887264013290405
MIL,cnrm-cm5_rcp45_r1i1p1,LUCAS-BAU_High-0002,72,374907146575.2545,344607901890.4348,8.081799710035076,119,53.48844504356384
MIL,csiro-mk3-6-0_rcp26_r1i1p1,GCAM-ref,72,309441310177.83813,287733493602.1713,7.015164382283401,119,46.697826862335205
MIL,csiro-mk3-6-0_rcp26_r1i1p1,LUCAS-BAU_High-0001,72,285827042999.32043,266179799274.606,6.873822546161657,117,47.929574966430664
MIL,csiro-mk3-6-0_rcp26_r1i1p1,LUCAS-BAU_High-0002,72,287125417643.40576,266962155646.94296,7.022458047063074,119,47.780086040496826
MIL,csiro-mk3-6-0_rcp45_r1i1p1,FORE-SCE-A1B,72,140503255080.15134,113084587354.43114,19.514613885691812,112,42.40754508972168
MIL,csiro-mk3-6-0_rcp45_r1i1p1,FORE-SCE-A2,72,128692918574.03717,102981734358.99663,19.978709395924433,111,42.333292961120605
MIL,csiro-mk3-6-0_rcp45_r1i1p1,GCAM-26,72,199038865357.76956,166683349912.54523,16.255878160813342,116,41.44086980819702
MIL,csiro-mk3-6-0_rcp45_r1i1p1,GCAM-45,72,163449113304.61038,133512315619.86879,18.315668454530044,115,41.624167919158936
MIL,csiro-mk3-6-0_rcp45_r1i1p1,FORE-SCE-B1,72,120636098126.79604,95433046390.94504,20.891799492189335,103,42.82363820075989
MIL,csiro-mk3-6-0_rcp45_r1i1p1,GCAM-ref,72,141500066006.79138,114104164011.59297,19.36105244917944,112,42.648369789123535
MIL,csiro-mk3-6-0_rcp45_r1i1p1,LUCAS-BAU_High-0001,72,111507828516.2077,88045627998.24211,21.040855005579584,99,43.364444971084595
MIL,csiro-mk3-6-0_rcp45_r1i1p1,LUCAS-BAU_High-0002,72,113196348446.12543,89522924176.89877,20.91359358689363,100,43.56483697891235
MIL,csiro-mk3-6-0_rcp60_r1i1p1,FORE-SCE-A1B,72,223183958164.51956,188038634363.18854,15.747244600538778,117,48.457191944122314
MIL,csiro-mk3-6-0_rcp60_r1i1p1,FORE-SCE-A2,72,212788460275.46826,180166702646.05408,15.330604670564952,110,48.11845684051514
MIL,csiro-mk3-6-0_rcp60_r1i1p1,GCAM-26,72,281471799323.7896,239585242665.29324,14.88126226468336,116,45.69968390464783
MIL,csiro-mk3-6-0_rcp60_r1i1p1,FORE-SCE-B1,72,203875112004.30243,172310214804.9663,15.48246712853798,111,49.263453006744385
MIL,csiro-mk3-6-0_rcp60_r1i1p1,GCAM-45,72,245541977155.02646,206989849710.9059,15.700829605921152,119,47.490859031677246
MIL,csiro-mk3-6-0_rcp85_r1i1p1,FORE-SCE-A1B,72,310631390224.39996,263817802690.70422,15.070462614830271,115,47.41047215461731
MIL,csiro-mk3-6-0_rcp85_r1i1p1,FORE-SCE-A2,72,300383578992.8957,254812730620.22906,15.170885347812046,110,47.4968318939209
MIL,csiro-mk3-6-0_rcp85_r1i1p1,GCAM-26,72,371219960145.29596,316890604426.6332,14.63535411657234,116,45.373631954193115
MIL,csiro-mk3-6-0_rcp60_r1i1p1,GCAM-ref,72,222581068884.1283,187464429639.10736,15.777010785810376,119,48.85507822036743
MIL,csiro-mk3-6-0_rcp85_r1i1p1,GCAM-45,72,334814195438.52563,285681669762.9581,14.674564682425062,110,46.514431953430176
MIL,csiro-mk3-6-0_rcp60_r1i1p1,LUCAS-BAU_High-0001,72,194171599648.0247,163189330547.17926,15.95612806250093,110,50.341906785964966
MIL,csiro-mk3-6-0_rcp60_r1i1p1,LUCAS-BAU_High-0002,72,195712285978.151,164527318071.0158,15.934088016639192,112,50.19393610954285
MIL,csiro-mk3-6-0_rcp85_r1i1p1,FORE-SCE-B1,72,290860595882.4746,250179411358.823,13.986488750813564,103,48.3814001083374
MIL,csiro-mk3-6-0_rcp85_r1i1p1,GCAM-ref,72,310027408282.28406,266361186015.02316,14.084632874620628,115,48.68055701255798
MIL,csiro-mk3-6-0_rcp85_r1i1p1,LUCAS-BAU_High-0001,72,280651510302.8444,242060581958.655,13.750479483451505,110,48.26708722114563
MIL,csiro-mk3-6-0_rcp85_r1i1p1,LUCAS-BAU_High-0002,72,282249650344.3804,242183719723.6567,14.195210010654801,112,49.518232107162476
NHG,access1-0_rcp45_r1i1p1,FORE-SCE-A2,72,4.012563082512023e-24,4.012563082512023e-24,0.0,0,34.30163288116455
NHG,access1-0_rcp45_r1i1p1,FORE-SCE-A1B,72,5.177805302832084e-24,5.177805302832084e-24,0.0,0,34.99418020248413
NHG,access1-0_rcp45_r1i1p1,FORE-SCE-B1,72,3.637494431959261e-24,3.637494431959261e-24,0.0,0,34.44384980201721
NHG,access1-0_rcp45_r1i1p1,GCAM-26,72,7.668081408433774e-24,7.668081408433774e-24,0.0,0,36.443487882614136
NHG,access1-0_rcp45_r1i1p1,LUCAS-BAU_High-0001,72,3.135804139787665e-24,3.135804139787665e-24,0.0,0,33.932539224624634
NHG,access1-0_rcp45_r1i1p1,GCAM-ref,72,5.111970127125959e-24,5.111970127125959e-24,0.0,0,34.43614983558655
MIL,fgoals-g2_rcp26_r1i1p1,FORE-SCE-A1B,72,143853981241.23575,107917362993.13289,24.981316427968014,111,52.31545925140381
MIL,fgoals-g2_rcp26_r1i1p1,GCAM-26,72,185929627168.79117,148091668410.06982,20.350688233441772,111,49.6118950843811
NHG,access1-0_rcp45_r1i1p1,GCAM-45,72,6.165585373913626e-24,6.165585373913626e-24,0.0,0,36.37853384017944
NHG,access1-0_rcp45_r1i1p1,LUCAS-BAU_High-0002,72,3.160239895187791e-24,3.160239895187791e-24,0.0,0,34.85381007194519
MIL,fgoals-g2_rcp26_r1i1p1,FORE-SCE-A2,72,135767347207.47409,100348415591.41805,26.087960282475198,110,52.546292781829834
MIL,fgoals-g2_rcp26_r1i1p1,GCAM-45,72,160190952979.5333,123250900249.56274,23.060011843921156,109,51.18784785270691
MIL,fgoals-g2_rcp26_r1i1p1,FORE-SCE-B1,72,129933129878.42322,95553865889.44969,26.459197912912412,103,53.31937384605408
NHG,access1-0_rcp85_r1i1p1,FORE-SCE-B1,72,3.8095039746208925e-24,3.8095039746208925e-24,0.0,0,35.56226563453674
NHG,access1-0_rcp85_r1i1p1,FORE-SCE-A2,72,4.234504365030523e-24,4.234504365030523e-24,0.0,0,36.596762895584106
NHG,access1-0_rcp85_r1i1p1,FORE-SCE-A1B,72,5.405199191927472e-24,5.405199191927472e-24,0.0,0,39.205193281173706
MIL,fgoals-g2_rcp26_r1i1p1,GCAM-ref,72,144096242785.92145,108593346348.62311,24.638322103959165,107,52.78215408325195
MIL,fgoals-g2_rcp26_r1i1p1,LUCAS-BAU_High-0002,72,124904740606.93756,90601782151.96361,27.463295859139446,105,55.372791051864624
MIL,fgoals-g2_rcp26_r1i1p1,LUCAS-BAU_High-0001,72,123790358795.46265,89670653213.79306,27.562490256648474,104,55.946791887283325
NHG,access1-0_rcp85_r1i1p1,LUCAS-BAU_High-0001,72,3.2835798754409066e-24,3.2835798754409066e-24,0.0,0,36.40079307556152
NHG,access1-0_rcp85_r1i1p1,LUCAS-BAU_High-0002,72,3.337803018622178e-24,3.337803018622178e-24,0.0,0,36.855040073394775
NHG,access1-0_rcp85_r1i1p1,GCAM-26,72,636350.0507097326,35224.44698033638,94.4646115858638,6,54.24401783943176
NHG,access1-0_rcp85_r1i1p1,GCAM-ref,72,0.002704597520164236,5.3413330130407786e-24,100.0,1,61.32863998413086
NHG,access1-0_rcp85_r1i1p1,GCAM-45,72,20699.612047187456,6.5082917946906004e-24,100.0,2,63.66108798980713
NHG,bcc-csm1-1-m_rcp85_r1i1p1,FORE-SCE-A2,72,5876831464.047924,4610951950.087384,21.540170442264305,29,49.51790904998779
NHG,bcc-csm1-1-m_rcp85_r1i1p1,FORE-SCE-B1,72,5877610835.731162,4612059489.204064,21.531730866452747,25,49.445565938949585
NHG,bcc-csm1-1-m_rcp85_r1i1p1,GCAM-45,72,5867771992.237269,4621411003.096002,21.240787658248017,35,48.718510150909424
NHG,bcc-csm1-1-m_rcp85_r1i1p1,FORE-SCE-A1B,72,5871830758.668018,4606865837.894543,21.542939038325137,35,51.0346097946167
NHG,bcc-csm1-1-m_rcp85_r1i1p1,GCAM-26,72,5864342907.780423,4604207094.823602,21.488099055138065,35,50.15733885765076
NHG,bcc-csm1-1-m_rcp85_r1i1p1,LUCAS-BAU_High-0001,72,5879849993.999396,4622774480.331372,21.379380680645188,20,48.45112705230713
NHG,bcc-csm1-1-m_rcp85_r1i1p1,LUCAS-BAU_High-0002,72,5879153127.1509905,4608359985.321256,21.615241419057153,22,47.80265283584595
NHG,bcc-csm1-1-m_rcp85_r1i1p1,GCAM-ref,72,5871670132.014344,4611407926.612755,21.463436757630696,26,52.21366500854492
NHG,bcc-csm1-1-m_rcp45_r1i1p1,FORE-SCE-A2,72,54300572.836455084,3.993781882080521e-24,100.0,2,62.49887800216675
NHG,bcc-csm1-1-m_rcp45_r1i1p1,FORE-SCE-A1B,72,54335548.620386094,5.143322614943063e-24,100.0,3,63.08461093902588
NHG,bcc-csm1-1-m_rcp45_r1i1p1,FORE-SCE-B1,72,54068053.15600206,3.613563547538477e-24,100.0,2,63.22874069213867
NHG,bcc-csm1-1-m_rcp45_r1i1p1,LUCAS-BAU_High-0002,72,54223237.90173039,3.1374197269215575e-24,100.0,2,62.7244348526001
NHG,bcc-csm1-1-m_rcp45_r1i1p1,GCAM-26,72,55424225.06940356,7.700645586601297e-24,100.0,5,63.524094343185425
NHG,bcc-csm1-1-m_rcp45_r1i1p1,LUCAS-BAU_High-0001,72,54207142.478843,3.09920099378541e-24,100.0,2,63.84654378890991
NHG,bcc-csm1-1_rcp26_r1i1p1,FORE-SCE-A1B,72,2479275803.758136,2074744694.7418418,16.316502924083622,6,57.33616805076599
NHG,bcc-csm1-1-m_rcp45_r1i1p1,GCAM-ref,72,54701622.26241857,5.07057070681996e-24,100.0,3,65.03981709480286
NHG,bcc-csm1-1-m_rcp45_r1i1p1,GCAM-45,72,54873631.23159256,6.046284361495242e-24,100.0,4,66.08418989181519
NHG,bcc-csm1-1_rcp26_r1i1p1,FORE-SCE-B1,72,2480403712.952173,2075853172.8183846,16.309866737471257,7,58.036746978759766
NHG,bcc-csm1-1_rcp26_r1i1p1,FORE-SCE-A2,72,2480326834.1464276,2078669355.0133338,16.193731955140468,8,58.51483702659607
NHG,bcc-csm1-1_rcp26_r1i1p1,GCAM-26,72,2477654199.218425,2071501346.9480739,16.392636728663412,6,61.059146881103516
NHG,bcc-csm1-1_rcp26_r1i1p1,GCAM-45,72,2478423670.5982833,2076416592.1982527,16.220272714833595,3,59.84277606010437
NHG,bcc-csm1-1_rcp26_r1i1p1,GCAM-ref,72,2479050318.1425056,2076428686.9498363,16.24096244622999,5,60.9845871925354
NHG,bcc-csm1-1_rcp26_r1i1p1,LUCAS-BAU_High-0001,72,2480470811.6533923,2075365481.3640656,16.331791867339007,7,55.20387887954712
NHG,bcc-csm1-1_rcp26_r1i1p1,LUCAS-BAU_High-0002,72,2480376781.9783673,2073089811.155022,16.42036700966416,7,57.851475954055786
NHG,bcc-csm1-1_rcp45_r1i1p1,FORE-SCE-B1,72,136094014.86880323,3.642492654654742e-24,100.0,7,62.50605225563049
NHG,bcc-csm1-1_rcp85_r1i1p1,FORE-SCE-A1B,72,25111804906.105686,23156552881.247593,7.786186744317581,33,48.0765323638916
NHG,bcc-csm1-1_rcp45_r1i1p1,FORE-SCE-A1B,72,136929657.98194006,5.173665360801484e-24,100.0,6,65.2309091091156
NHG,bcc-csm1-1_rcp85_r1i1p1,FORE-SCE-B1,72,25115663337.821438,23172265625.44558,7.737791696902208,36,46.214617013931274
NHG,bcc-csm1-1_rcp85_r1i1p1,FORE-SCE-A2,72,25114387851.338,23127571846.513325,7.911066821876878,31,46.77714419364929
NHG,bcc-csm1-1_rcp45_r1i1p1,FORE-SCE-A2,72,136367602.35534695,3.998780104776001e-24,100.0,7,65.75657892227173
NHG,bcc-csm1-1_rcp60_r1i1p1,FORE-SCE-A1B,72,2457231.9237990924,40.12494189400576,99.99836706736936,3,58.406689167022705
NHG,bcc-csm1-1_rcp60_r1i1p1,FORE-SCE-A2,72,1983667.6819599057,29.187958236417643,99.99852858628984,3,58.65390396118164
NHG,bcc-csm1-1_rcp45_r1i1p1,LUCAS-BAU_High-0001,72,136207807.55097878,3.117325861943768e-24,100.0,5,64.16251611709595
NHG,bcc-csm1-1_rcp60_r1i1p1,FORE-SCE-B1,72,1946774.8348164046,28.18502238191751,99.99855221970832,2,58.12936973571777
NHG,bcc-csm1-1_rcp45_r1i1p1,GCAM-45,72,137849543.89534813,6.0726891137147995e-24,100.0,7,67.74612927436829
NHG,bcc-csm1-1_rcp45_r1i1p1,LUCAS-BAU_High-0002,72,136222964.87860435,3.1538280337501546e-24,100.0,5,64.0411057472229
NHG,bcc-csm1-1_rcp85_r1i1p1,GCAM-45,72,25108066331.87416,23214576720.88978,7.5413597604712335,26,46.77582597732544
NHG,bcc-csm1-1_rcp85_r1i1p1,GCAM-26,72,25103540584.548477,23143948069.053684,7.806040382610191,34,48.89890480041504
NHG,bcc-csm1-1_rcp60_r1i1p1,LUCAS-BAU_High-0002,72,1872426.6809552573,26.457199292472126,99.99858701013174,3,57.725353956222534
NHG,bcc-csm1-1_rcp45_r1i1p1,GCAM-ref,72,137333473.40238795,5.093542336379996e-24,100.0,6,70.59812998771667
NHG,bcc-csm1-1_rcp60_r1i1p1,LUCAS-BAU_High-0001,72,1823242.3411058877,25.88222330532318,99.99858042879316,3,58.64643669128418
NHG,bcc-csm1-1_rcp60_r1i1p1,GCAM-ref,72,2613432.065477229,43.314174603783286,99.99834263246495,2,60.40041399002075
NHG,bcc-csm1-1_rcp60_r1i1p1,GCAM-45,72,2974846.2206242243,51.65606273109304,99.99826357200003,2,61.706522941589355
NHG,bcc-csm1-1_rcp60_r1i1p1,GCAM-26,72,3811716.694050621,679.5025100471383,99.98217332072167,2,63.455334186553955
NHG,bcc-csm1-1_rcp45_r1i1p1,GCAM-26,72,138684334.5315623,7.35485945285034e-24,100.0,8,74.8523919582367
NHG,bcc-csm1-1_rcp85_r1i1p1,GCAM-ref,72,25111515240.90125,23168781553.72481,7.736425574240712,33,46.625542879104614
NHG,bcc-csm1-1_rcp85_r1i1p1,LUCAS-BAU_High-0001,72,25118156730.445282,23169973178.24025,7.756076901310493,34,45.4457688331604
NHG,bcc-csm1-1_rcp85_r1i1p1,LUCAS-BAU_High-0002,72,25117540831.004726,23144188844.945404,7.85646970512115,31,46.02780723571777
NHG,canesm2_rcp26_r1i1p1,FORE-SCE-A1B,72,71584532623.90112,69511701551.78975,2.8956409941262695,24,47.19098496437073
NHG,canesm2_rcp45_r1i1p1,FORE-SCE-A1B,72,8987102856.786615,7565228554.138641,15.821275502307675,38,44.266578912734985
NHG,canesm2_rcp26_r1i1p1,FORE-SCE-B1,72,71592030738.5088,69358536828.01974,3.1197521392387073,24,46.56390905380249
NHG,canesm2_rcp45_r1i1p1,FORE-SCE-A2,72,8983841981.487295,7555078234.44332,15.90370522976896,36,46.438854932785034
NHG,canesm2_rcp45_r1i1p1,FORE-SCE-B1,72,8985680950.223877,7567787759.96378,15.77947401109061,41,44.900588035583496
NHG,canesm2_rcp26_r1i1p1,GCAM-45,72,71576823115.44876,69320323585.5654,3.152556137122453,25,48.69300198554993
NHG,canesm2_rcp45_r1i1p1,GCAM-26,72,8993550333.429132,7555516673.39365,15.98961040658542,39,45.518150806427
NHG,canesm2_rcp26_r1i1p1,GCAM-ref,72,71581553076.33731,69253567594.07736,3.2522142677978705,25,48.81653594970703
NHG,canesm2_rcp26_r1i1p1,FORE-SCE-A2,72,71590499549.34476,69270227717.13681,3.2410331633580314,24,51.27123403549194
NHG,canesm2_rcp26_r1i1p1,LUCAS-BAU_High-0002,72,71595215320.04327,69302327002.6725,3.202571997473791,29,48.06924390792847
NHG,canesm2_rcp26_r1i1p1,GCAM-26,72,71565689221.63536,69268615399.52689,3.209741773036734,27,50.29408311843872
NHG,canesm2_rcp45_r1i1p1,GCAM-45,72,8989126126.612064,7546622951.5184,16.047201416199652,40,45.730433225631714
NHG,canesm2_rcp45_r1i1p1,LUCAS-BAU_High-0001,72,8985442325.543953,7562601454.7488365,15.834956357688068,38,43.92945718765259
NHG,canesm2_rcp45_r1i1p1,GCAM-ref,72,8990089668.584473,7551933147.95751,15.99713210483924,43,45.23563814163208
NHG,canesm2_rcp26_r1i1p1,LUCAS-BAU_High-0001,72,71595945712.9182,69295619746.46204,3.212927692414169,22,50.17577791213989
NHG,canesm2_rcp45_r1i1p1,LUCAS-BAU_High-0002,72,8985891674.658014,7559801331.928107,15.87032644463947,36,44.59894514083862
NHG,canesm2_rcp85_r1i1p1,FORE-SCE-A1B,72,131545309284.9161,127864259319.61913,2.798313360854343,50,44.72700214385986
NHG,canesm2_rcp85_r1i1p1,FORE-SCE-A2,72,131553129786.5647,127351462107.15434,3.193894121886154,56,45.03012204170227
NHG,canesm2_rcp85_r1i1p1,FORE-SCE-B1,72,131557820141.98035,127250578280.30275,3.274029515713406,58,46.21490979194641
NHG,canesm2_rcp85_r1i1p1,GCAM-45,72,131533130222.56964,127257016386.99896,3.250978539273708,58,45.259880781173706
NHG,canesm2_rcp85_r1i1p1,GCAM-26,72,131516776941.80681,127523289684.35867,3.036485040395387,54,45.73717784881592
NHG,canesm2_rcp85_r1i1p1,GCAM-ref,72,131544148762.02556,127245939617.94038,3.2675031041182967,48,43.9873149394989
NHG,canesm2_rcp85_r1i1p1,LUCAS-BAU_High-0001,72,131567729002.69713,127601285121.97679,3.0147543860387094,55,45.289644718170166
NHG,canesm2_rcp85_r1i1p1,LUCAS-BAU_High-0002,72,131566051808.75175,127444103447.91216,3.1329878066352457,54,44.22456884384155
NHG,ccsm4_rcp60_r1i1p1,FORE-SCE-A1B,72,28167056741.916183,26840208584.11685,4.710638282006984,22,30.216428756713867
NHG,ccsm4_rcp60_r1i1p1,FORE-SCE-A2,72,28168485150.83745,26821646409.741913,4.781367311317752,21,30.28890109062195
NHG,ccsm4_rcp60_r1i1p1,FORE-SCE-B1,72,28171452680.017357,26853309793.86472,4.679002183964853,20,30.423962116241455
NHG,ccsm4_rcp60_r1i1p1,GCAM-26,72,28158032550.74962,26992708555.447155,4.138513559859636,24,31.15653920173645
NHG,ccsm4_rcp60_r1i1p1,GCAM-45,72,28163252926.921097,26844631300.356903,4.682064355228411,25,30.825984954833984
NHG,ccsm4_rcp45_r1i1p1,FORE-SCE-A1B,72,18388600339.550224,16099771292.650612,12.44699979680779,21,37.80779004096985
NHG,ccsm4_rcp60_r1i1p1,GCAM-ref,72,28168894826.53507,26826271209.568058,4.766334019261064,24,30.755645990371704
NHG,ccsm4_rcp45_r1i1p1,GCAM-26,72,18379143789.908424,16118756646.76407,12.298653130868276,19,38.46098303794861
NHG,ccsm4_rcp45_r1i1p1,FORE-SCE-A2,72,18390919794.010178,16105687099.734587,12.425874941936721,18,39.65856409072876
NHG,ccsm4_rcp45_r1i1p1,GCAM-ref,72,18388774846.563267,16122593418.574755,12.32372165572545,18,38.58464217185974
NHG,ccsm4_rcp45_r1i1p1,FORE-SCE-B1,72,18392443916.52539,16085280329.095566,12.54408385259158,20,40.002840995788574
NHG,ccsm4_rcp45_r1i1p1,LUCAS-BAU_High-0001,72,18394965462.54487,16118849388.845097,12.373581664691425,16,39.291099071502686
NHG,ccsm4_rcp45_r1i1p1,LUCAS-BAU_High-0002,72,18394566802.694225,16123901340.445131,12.344218195540835,13,39.78478002548218
NHG,ccsm4_rcp45_r1i1p1,GCAM-45,72,18387503061.837856,16111654053.841843,12.377150939647697,21,41.044989824295044
NHG,ccsm4_rcp60_r1i1p1,LUCAS-BAU_High-0001,72,28174362395.63815,26880239186.120834,4.593265293264159,21,30.800657987594604
NHG,ccsm4_rcp60_r1i1p1,LUCAS-BAU_High-0002,72,28174055164.470963,26864120673.88337,4.649435386353229,23,30.742817878723145
NHG,ccsm4_rcp26_r1i1p1,FORE-SCE-B1,72,9390504834.501907,8546178637.816886,8.99127588522035,23,53.03042387962341
NHG,ccsm4_rcp26_r1i1p1,FORE-SCE-A1B,72,9390216636.613806,8563942100.742795,8.79931281509787,23,54.267817974090576
NHG,ccsm4_rcp26_r1i1p1,GCAM-ref,72,9388870674.626493,8558911205.303832,8.83982214778647,19,54.514333963394165
NHG,ccsm4_rcp26_r1i1p1,FORE-SCE-A2,72,9391557523.524158,8552851495.786373,8.930425285017717,17,58.05150103569031
NHG,ccsm4_rcp26_r1i1p1,LUCAS-BAU_High-0001,72,9388936651.156868,8552450899.527476,8.909270375429823,20,56.055867195129395
NHG,ccsm4_rcp26_r1i1p1,GCAM-26,72,9391613896.232037,8549798970.995571,8.96347459060477,21,58.221171140670776
NHG,ccsm4_rcp26_r1i1p1,LUCAS-BAU_High-0002,72,9388954627.634352,8555077587.253679,8.881468421695594,18,57.30864596366882
NHG,ccsm4_rcp26_r1i1p1,GCAM-45,72,9390340952.450975,8557405222.736163,8.87013297954221,24,58.538511991500854
NHG,ccsm4_rcp85_r1i1p1,FORE-SCE-A1B,72,23201169133.748104,22004117111.626694,5.1594469882993765,27,36.156503200531006
NHG,ccsm4_rcp85_r1i1p1,FORE-SCE-A2,72,23200614028.086094,21991286263.527092,5.212481717488249,27,35.24409008026123
NHG,ccsm4_rcp85_r1i1p1,FORE-SCE-B1,72,23199660094.844048,22013837086.276997,5.111380958683065,20,34.37616515159607
NHG,ccsm4_rcp85_r1i1p1,GCAM-45,72,23202729746.514782,22563339504.28331,2.755668187392968,28,35.29491686820984
NHG,ccsm4_rcp85_r1i1p1,GCAM-ref,72,23200926994.981365,21986079386.993114,5.236202882113449,30,35.09827518463135
NHG,ccsm4_rcp85_r1i1p1,GCAM-26,72,23205229462.65999,22153511496.34227,4.532245492379461,24,36.153472661972046
NHG,ccsm4_rcp85_r1i1p1,LUCAS-BAU_High-0002,72,23195541350.487015,22018672568.917217,5.073685342312939,25,34.394968032836914
NHG,ccsm4_rcp85_r1i1p1,LUCAS-BAU_High-0001,72,23195464339.457745,22030858285.869587,5.020835265656009,28,35.91112995147705
NHG,cesm1-bgc_rcp45_r1i1p1,FORE-SCE-A1B,72,26800478447.974022,25453177733.691513,5.027151723794532,15,39.88720202445984
NHG,cesm1-bgc_rcp45_r1i1p1,FORE-SCE-A2,72,26800630492.413498,25513677857.543934,4.801949100540249,14,40.34027910232544
NHG,cesm1-bgc_rcp45_r1i1p1,GCAM-26,72,26798812496.631157,25496288676.18671,4.8603788716689795,21,39.98480796813965
NHG,cesm1-bgc_rcp45_r1i1p1,FORE-SCE-B1,72,26801558419.978024,25498253126.385845,4.862796682079084,20,40.30513834953308
NHG,cesm1-bgc_rcp45_r1i1p1,GCAM-ref,72,26801018623.130527,25477737458.152397,4.937428623836249,16,40.281920194625854
NHG,cesm1-bgc_rcp45_r1i1p1,LUCAS-BAU_High-0001,72,26802744529.045147,25497966747.299896,4.868075283601314,16,39.78270220756531
NHG,cesm1-bgc_rcp45_r1i1p1,GCAM-45,72,26799665686.979946,25508912852.037354,4.816302001743544,22,41.29174590110779
NHG,cesm1-bgc_rcp45_r1i1p1,LUCAS-BAU_High-0002,72,26802657798.160473,25488908113.723713,4.901564965422667,16,40.35370588302612
NHG,cesm1-bgc_rcp85_r1i1p1,FORE-SCE-A2,72,15939693616.149574,14558491353.29539,8.665174476470462,36,45.32791781425476
NHG,cesm1-bgc_rcp85_r1i1p1,FORE-SCE-A1B,72,15936952307.202877,14514597176.027033,8.924887919335712,32,45.869438886642456
NHG,cesm1-bgc_rcp85_r1i1p1,FORE-SCE-B1,72,15942070906.439009,14521544211.211369,8.910553111728348,36,44.84844493865967
NHG,cesm1-bgc_rcp85_r1i1p1,GCAM-26,72,15922977343.941774,14524181304.954956,8.784764361415231,41,46.82232213020325
NHG,cesm1-bgc_rcp85_r1i1p1,GCAM-45,72,15931179439.630424,14496824727.157328,9.003443328903781,31,45.9726459980011
NHG,cesm1-bgc_rcp85_r1i1p1,GCAM-ref,72,15936721876.560587,14537799291.235613,8.777982047754007,33,44.73841619491577
NHG,cesm1-bgc_rcp85_r1i1p1,LUCAS-BAU_High-0001,72,15946849227.589888,14517149141.94537,8.965407932564961,38,45.86266493797302
NHG,cesm1-bgc_rcp85_r1i1p1,LUCAS-BAU_High-0002,72,15946362733.0441,14520845853.59553,8.939448470556922,40,46.20206904411316
NHG,cesm1-cam5_rcp26_r1i1p1,FORE-SCE-A1B,72,6433089105.345568,5563354483.153349,13.519704265708278,11,45.913336992263794
NHG,cesm1-cam5_rcp26_r1i1p1,FORE-SCE-A2,72,6433817197.286951,5571663531.271277,13.400344454598923,13,47.67360806465149
NHG,cesm1-cam5_rcp26_r1i1p1,FORE-SCE-B1,72,6433582883.46976,5566963291.803232,13.470248341607471,13,47.04024696350098
NHG,cesm1-cam5_rcp26_r1i1p1,LUCAS-BAU_High-0001,72,6433371042.081774,5571405390.252815,13.39835128722865,10,46.814956188201904
NHG,cesm1-cam5_rcp26_r1i1p1,GCAM-ref,72,6433178021.895428,5559957271.652266,13.573707229477261,14,47.49478602409363
NHG,cesm1-cam5_rcp26_r1i1p1,GCAM-45,72,6433038045.799262,5561649267.089859,13.545525030407912,11,48.4017231464386
NHG,cesm1-cam5_rcp26_r1i1p1,LUCAS-BAU_High-0002,72,6433090903.958372,5570181256.837626,13.413608792466858,13,46.484190940856934
NHG,cesm1-cam5_rcp26_r1i1p1,GCAM-26,72,6434358209.299356,5552509887.45285,13.705303515306333,14,49.48551821708679
NHG,cesm1-cam5_rcp45_r1i1p1,FORE-SCE-A1B,72,3553105698.731218,3274995001.9855194,7.827256499715429,6,46.89731502532959
NHG,cesm1-cam5_rcp45_r1i1p1,FORE-SCE-B1,72,3552778872.8364673,3285469487.5960274,7.523952230300934,6,45.64277505874634
NHG,cesm1-cam5_rcp45_r1i1p1,LUCAS-BAU_High-0001,72,3552937601.234562,3287579403.69994,7.468698505777748,7,44.64415216445923
NHG,cesm1-cam5_rcp45_r1i1p1,FORE-SCE-A2,72,3552954226.7672997,3279919615.6505265,7.684720761663099,7,47.6883499622345
NHG,cesm1-cam5_rcp45_r1i1p1,GCAM-26,72,3554632597.848163,3283699617.467933,7.62196859794293,12,47.85323524475098
NHG,cesm1-cam5_rcp45_r1i1p1,GCAM-ref,72,3553340268.911004,3279579330.7671723,7.704326561096031,11,48.14453983306885
NHG,cesm1-cam5_rcp45_r1i1p1,LUCAS-BAU_High-0002,72,3552943829.43401,3280399624.592698,7.670940434899265,4,48.65037679672241
NHG,cesm1-cam5_rcp45_r1i1p1,GCAM-45,72,3553657516.688379,3279572553.5286827,7.7127568391878505,8,52.6197566986084
NHG,cesm1-cam5_rcp60_r1i1p1,FORE-SCE-A2,72,4280476317.113723,3038478775.516431,29.015405052743215,13,41.2958550453186
NHG,cesm1-cam5_rcp60_r1i1p1,FORE-SCE-A1B,72,4278621110.30993,3025780104.837695,29.28141971845417,12,46.94061899185181
NHG,cesm1-cam5_rcp60_r1i1p1,FORE-SCE-B1,72,4280531068.76382,3028098633.982861,29.258809588377797,11,45.41820287704468
NHG,cesm1-cam5_rcp60_r1i1p1,GCAM-45,72,4277179810.396428,3023745827.5908275,29.305150551747015,9,45.22933292388916
NHG,cesm1-cam5_rcp60_r1i1p1,LUCAS-BAU_High-0001,72,4281017719.04121,3030697137.568391,29.20615291806933,9,45.809778928756714
NHG,cesm1-cam5_rcp60_r1i1p1,GCAM-26,72,4272638247.166093,3032332738.9812956,29.029031629519608,16,48.057293176651
NHG,cesm1-cam5_rcp60_r1i1p1,GCAM-ref,72,4278077787.7587776,3035265537.4114485,29.05071651346528,10,47.50816988945007
NHG,cesm1-cam5_rcp60_r1i1p1,LUCAS-BAU_High-0002,72,4280855907.8788104,3031748830.794284,29.178909637803407,12,45.92818784713745
NHG,cesm1-cam5_rcp85_r1i1p1,FORE-SCE-A1B,72,41270947269.62413,37861178618.42969,8.261910318942622,29,35.91823887825012
NHG,cesm1-cam5_rcp85_r1i1p1,FORE-SCE-A2,72,41275476583.60628,37912245740.99203,8.14825441397823,30,34.974299907684326
NHG,cesm1-cam5_rcp85_r1i1p1,FORE-SCE-B1,72,41276394928.14961,37913177938.20137,8.148039565477172,31,34.80474877357483
NHG,cesm1-cam5_rcp85_r1i1p1,GCAM-ref,72,41270735306.01499,37845872601.98799,8.298526010337026,38,35.17590928077698
NHG,cesm1-cam5_rcp85_r1i1p1,GCAM-26,72,41264522776.90511,37898447755.95346,8.157309946731228,43,36.00942802429199
NHG,cesm1-cam5_rcp85_r1i1p1,GCAM-45,72,41267248723.59791,37836938480.62959,8.312427770370734,38,35.8936870098114
NHG,cesm1-cam5_rcp85_r1i1p1,LUCAS-BAU_High-0001,72,41278021414.08181,37941167648.77933,8.083851044672718,28,35.684699296951294
NHG,cesm1-cam5_rcp85_r1i1p1,LUCAS-BAU_High-0002,72,41277520384.05606,37886436670.533615,8.215328057429272,35,35.32991600036621
NHG,cmcc-cm_rcp45_r1i1p1,FORE-SCE-A1B,72,60589.88466002491,5.2680257468404004e-24,100.0,3,60.09518480300903
NHG,cmcc-cm_rcp45_r1i1p1,FORE-SCE-A2,72,42993.00501754957,4.127168794822531e-24,100.0,2,61.781304121017456
NHG,cmcc-cm_rcp45_r1i1p1,GCAM-26,72,225984.9348344613,7.818078576396118e-24,100.0,6,61.03173518180847
NHG,cnrm-cm5_rcp45_r1i1p1,FORE-SCE-A1B,72,34788620683.895226,33734261796.77282,3.030757950143459,38,39.311752796173096
NHG,cmcc-cm_rcp85_r1i1p1,FORE-SCE-A1B,72,973571.9965503884,17862.280192025715,98.16528410273546,10,54.09459209442139
NHG,cmcc-cm_rcp45_r1i1p1,FORE-SCE-B1,72,39802.474875224296,3.7721940092475596e-24,100.0,2,63.74664282798767
NHG,cnrm-cm5_rcp45_r1i1p1,FORE-SCE-A2,72,34789253230.055725,33725004118.994877,3.05913180723697,41,39.82289481163025
NHG,cmcc-cm_rcp45_r1i1p1,GCAM-ref,72,72394.57383433124,5.260503169248213e-24,100.0,2,61.643075942993164
NHG,cnrm-cm5_rcp45_r1i1p1,FORE-SCE-B1,72,34790901907.59948,33733320747.32345,3.0398210517360025,37,40.14996409416199
NHG,cmcc-cm_rcp45_r1i1p1,GCAM-45,72,102486.46410275233,6.2579262760351766e-24,100.0,3,63.991753339767456
NHG,cmcc-cm_rcp45_r1i1p1,LUCAS-BAU_High-0001,72,33668.76741379421,3.1869475699949535e-24,100.0,2,61.28240895271301
NHG,cmcc-cm_rcp45_r1i1p1,LUCAS-BAU_High-0002,72,34602.549170689694,3.2279935806154132e-24,100.0,2,60.9262170791626
NHG,cnrm-cm5_rcp45_r1i1p1,GCAM-26,72,34784652107.55712,33713172690.23983,3.0803223617248965,41,40.225547075271606
NHG,cnrm-cm5_rcp45_r1i1p1,GCAM-45,72,34786856655.140854,33747564042.261272,2.987601389750727,38,40.84125065803528
NHG,cnrm-cm5_rcp45_r1i1p1,GCAM-ref,72,34789666024.41168,33754019378.19386,2.976880104256008,45,40.6240131855011
NHG,cnrm-cm5_rcp45_r1i1p1,LUCAS-BAU_High-0002,72,34792936014.610825,33728058107.396637,3.060615254679877,31,40.17131018638611
NHG,cnrm-cm5_rcp45_r1i1p1,LUCAS-BAU_High-0001,72,34793460856.671364,33736205504.11209,3.0386610774781664,39,40.77157187461853
NHG,cmcc-cm_rcp85_r1i1p1,GCAM-26,72,5057096.568243156,2918348.8870565803,42.29200792045742,15,54.792293071746826
NHG,cmcc-cm_rcp85_r1i1p1,FORE-SCE-B1,72,306110.9882867379,3.804366912406093e-24,100.0,7,58.45449185371399
NHG,cmcc-cm_rcp85_r1i1p1,FORE-SCE-A2,72,480056.1494164216,4.106115674983993e-24,100.0,9,60.73291230201721
NHG,cmcc-cm_rcp85_r1i1p1,GCAM-45,72,2074277.6740325503,53677.57026429621,97.41222831753556,7,57.51537489891052
NHG,cmcc-cm_rcp85_r1i1p1,LUCAS-BAU_High-0001,72,72608.77365239347,3.242230942232842e-24,100.0,9,59.272573947906494
NHG,cmcc-cm_rcp85_r1i1p1,LUCAS-BAU_High-0002,72,95534.92834617874,3.3110953438150155e-24,100.0,7,59.70466709136963
NHG,cmcc-cm_rcp85_r1i1p1,GCAM-ref,72,1166957.1740802384,5.264037266103603e-24,100.0,11,63.14054489135742
NHG,cnrm-cm5_rcp85_r1i1p1,FORE-SCE-A1B,72,68692857902.99625,66276177661.55455,3.5180953525829173,64,50.91281485557556
NHG,cnrm-cm5_rcp85_r1i1p1,FORE-SCE-B1,72,68695545307.51897,65952770654.80126,3.9926528575317977,61,49.14098000526428
NHG,cnrm-cm5_rcp85_r1i1p1,FORE-SCE-A2,72,68695988714.64149,66248631890.015144,3.562590582679437,60,51.50169515609741
NHG,cnrm-cm5_rcp85_r1i1p1,GCAM-26,72,68690927400.03932,66239721775.41424,3.5684561519308877,64,50.71606183052063
NHG,csiro-mk3-6-0_rcp26_r1i1p1,FORE-SCE-A1B,72,7144916496.36131,6575662846.478792,7.967254063394879,8,48.53175091743469
NHG,cnrm-cm5_rcp85_r1i1p1,GCAM-45,72,68691074697.14098,66189378681.49994,3.6419520682578144,55,50.39534401893616
NHG,cnrm-cm5_rcp85_r1i1p1,LUCAS-BAU_High-0001,72,68696699186.247696,66272528934.879005,3.5288016456167415,53,49.47268104553223
NHG,cnrm-cm5_rcp85_r1i1p1,LUCAS-BAU_High-0002,72,68696401279.68358,66214563417.79801,3.6127625547388798,58,49.423750162124634
NHG,cnrm-cm5_rcp85_r1i1p1,GCAM-ref,72,68690852504.65711,66194529277.985695,3.634142153792852,67,50.22773194313049
NHG,csiro-mk3-6-0_rcp26_r1i1p1,FORE-SCE-A2,72,7145229780.500508,6566553235.547654,8.098781463012926,15,49.23019218444824
NHG,csiro-mk3-6-0_rcp45_r1i1p1,FORE-SCE-A1B,72,702141578.605941,373835323.0718928,46.75784279658814,9,45.16909193992615
NHG,csiro-mk3-6-0_rcp26_r1i1p1,FORE-SCE-B1,72,7144807006.405983,6521270017.124685,8.727135508660188,13,48.3645498752594
NHG,csiro-mk3-6-0_rcp26_r1i1p1,LUCAS-BAU_High-0001,72,7143839568.264056,6570398718.251907,8.027067860812753,13,47.91018104553223
NHG,csiro-mk3-6-0_rcp26_r1i1p1,LUCAS-BAU_High-0002,72,7143916127.546312,6572014500.391707,8.005435911396031,11,48.93724274635315
NHG,csiro-mk3-6-0_rcp26_r1i1p1,GCAM-ref,72,7144165971.097804,6556368436.09474,8.227657887303263,13,49.60159420967102
NHG,csiro-mk3-6-0_rcp45_r1i1p1,FORE-SCE-A2,72,701459926.5049381,372231554.71455294,46.9347370178056,8,45.28113317489624
NHG,csiro-mk3-6-0_rcp26_r1i1p1,GCAM-45,72,7146518039.878025,6559777382.95892,8.21016127917198,18,50.83167791366577
NHG,csiro-mk3-6-0_rcp45_r1i1p1,FORE-SCE-B1,72,702935025.5311126,372139010.49864423,47.059259108981045,5,45.99007821083069
NHG,csiro-mk3-6-0_rcp26_r1i1p1,GCAM-26,72,7143809108.598057,6561130053.543375,8.156419722265372,26,54.60921812057495
NHG,csiro-mk3-6-0_rcp45_r1i1p1,GCAM-ref,72,702253429.1699601,373779114.0266028,46.774326973611636,9,44.970436096191406
NHG,csiro-mk3-6-0_rcp45_r1i1p1,GCAM-26,72,704572160.5695056,372161611.547762,47.17906378149489,14,51.485467195510864
NHG,csiro-mk3-6-0_rcp45_r1i1p1,LUCAS-BAU_High-0001,72,703363497.8628099,373559706.9957926,46.88952325065709,5,45.7631630897522
NHG,csiro-mk3-6-0_rcp45_r1i1p1,GCAM-45,72,703087031.4361172,373185471.0780665,46.92186679708736,11,50.75962519645691
NHG,csiro-mk3-6-0_rcp45_r1i1p1,LUCAS-BAU_High-0002,72,703048560.3894315,373234548.4788765,46.91198168841495,5,44.70143222808838
NHG,csiro-mk3-6-0_rcp85_r1i1p1,FORE-SCE-B1,72,22738181569.90691,22365769311.81258,1.6378277961646814,24,39.74492001533508
NHG,csiro-mk3-6-0_rcp85_r1i1p1,FORE-SCE-A2,72,22741591649.012726,22366280793.583595,1.6503280035169543,24,40.61317205429077
NHG,csiro-mk3-6-0_rcp85_r1i1p1,FORE-SCE-A1B,72,22742077711.40114,22357768398.582645,1.689860168870272,29,41.39274001121521
NHG,csiro-mk3-6-0_rcp85_r1i1p1,GCAM-26,72,22755358884.612984,22363248395.919033,1.7231566888584293,33,40.93496918678284
NHG,csiro-mk3-6-0_rcp85_r1i1p1,GCAM-45,72,22746905485.677887,22364862115.306507,1.679539973522659,36,41.1074800491333
NHG,csiro-mk3-6-0_rcp85_r1i1p1,LUCAS-BAU_High-0002,72,22734865794.3011,22356789879.382183,1.6629784329480812,30,40.001293897628784
NHG,csiro-mk3-6-0_rcp85_r1i1p1,LUCAS-BAU_High-0001,72,22734603365.24207,22368395306.931274,1.6107958974585612,29,40.51551294326782
NHG,csiro-mk3-6-0_rcp85_r1i1p1,GCAM-ref,72,22739712257.6121,22361602988.029594,1.6627706863614033,31,41.13389801979065
NHG,csiro-mk3-6-0_rcp60_r1i1p1,FORE-SCE-A2,72,2124986319.566923,1980524475.8929799,6.798248174293409,10,59.80120778083801
NHG,csiro-mk3-6-0_rcp60_r1i1p1,LUCAS-BAU_High-0002,72,2125203250.6816971,1980649969.2088072,6.801856783652194,6,56.995193004608154
NHG,csiro-mk3-6-0_rcp60_r1i1p1,FORE-SCE-B1,72,2125109631.915042,1981775065.9005644,6.744808073045694,6,59.994251012802124
NHG,csiro-mk3-6-0_rcp60_r1i1p1,LUCAS-BAU_High-0001,72,2125472892.8618877,1980979575.7674835,6.798172659819157,7,59.30536699295044
NHG,csiro-mk3-6-0_rcp60_r1i1p1,FORE-SCE-A1B,72,2122816012.3863473,1980231740.9513047,6.71675126827207,7,63.30834412574768
NHG,csiro-mk3-6-0_rcp60_r1i1p1,GCAM-ref,72,2122410188.630403,1978945787.0509903,6.759503999177019,9,60.2271409034729
NHG,csiro-mk3-6-0_rcp60_r1i1p1,GCAM-45,72,2121012000.9353578,1977876605.7080667,6.748448154190967,7,62.12519693374634
NHG,csiro-mk3-6-0_rcp60_r1i1p1,GCAM-26,72,2119051027.484379,1977495651.22212,6.680130606873858,11,63.000752210617065
NHG,fgoals-g2_rcp26_r1i1p1,FORE-SCE-A2,72,96789.72945632992,3.8265686137226335e-24,100.0,3,59.65041494369507
NHG,fgoals-g2_rcp26_r1i1p1,FORE-SCE-B1,72,87616.13024978207,3.47790471538943e-24,100.0,3,58.14807605743408
NHG,fgoals-g2_rcp26_r1i1p1,FORE-SCE-A1B,72,272418.8481353132,4.913606319342704e-24,100.0,4,61.73529124259949
NHG,fgoals-g2_rcp26_r1i1p1,GCAM-26,72,1268755.0243314565,108647.75360529948,91.43666416907006,6,58.57357597351074
NHG,fgoals-g2_rcp26_r1i1p1,LUCAS-BAU_High-0002,72,63364.87617370134,2.9912090913042743e-24,100.0,3,58.78899383544922
NHG,fgoals-g2_rcp26_r1i1p1,LUCAS-BAU_High-0001,72,51457.07584869588,2.9573827356883973e-24,100.0,3,59.0803279876709
NHG,fgoals-g2_rcp26_r1i1p1,GCAM-45,72,564754.6957945002,5.69130957592027e-24,100.0,6,63.82611870765686
NHG,fgoals-g2_rcp26_r1i1p1,GCAM-ref,72,352616.76356369053,4.818741062324446e-24,100.0,4,66.21257400512695
NML,access1-0_rcp45_r1i1p1,GCAM-26,72,17500085144.451977,16809909400.491772,3.943842205699266,84,53.244187116622925
NML,access1-0_rcp45_r1i1p1,GCAM-45,72,10099005097.998873,9668994944.166409,4.257945705143484,70,52.8773729801178
NML,access1-0_rcp45_r1i1p1,FORE-SCE-A2,72,5010806388.682788,4753391390.570604,5.1371970526255195,66,56.907569885253906
NML,access1-0_rcp45_r1i1p1,FORE-SCE-A1B,72,6359389153.834529,6016194058.838228,5.396667615306483,75,57.511191844940186
NML,access1-0_rcp45_r1i1p1,FORE-SCE-B1,72,3563468766.388864,3372081789.043133,5.370805523845757,58,58.5738742351532
NML,access1-0_rcp45_r1i1p1,GCAM-ref,72,6092437100.63281,5773580304.308673,5.233649376388605,68,56.23311710357666
NML,access1-0_rcp45_r1i1p1,LUCAS-BAU_High-0001,72,2463354678.6449733,2235464008.6668196,9.251232555090706,68,56.78426694869995
NML,access1-0_rcp45_r1i1p1,LUCAS-BAU_High-0002,72,2610672975.2488003,2426652851.5402637,7.04876196494888,67,60.24506688117981
NML,access1-0_rcp85_r1i1p1,FORE-SCE-A2,72,10107675454.07546,9802928999.00395,3.0150003970362493,50,52.015307903289795
NML,access1-0_rcp85_r1i1p1,FORE-SCE-A1B,72,13015935175.655874,12607193851.484472,3.1403146885356614,60,52.99112296104431
NML,access1-0_rcp85_r1i1p1,GCAM-26,72,30291306521.0312,29402175135.820217,2.9352691822442933,81,50.41145300865173
NML,access1-0_rcp85_r1i1p1,GCAM-45,72,19318487295.58859,18686356174.593903,3.272156413297611,70,51.67295002937317
NML,access1-0_rcp85_r1i1p1,FORE-SCE-B1,72,8156221510.099353,7897516300.696272,3.1718757157679245,52,52.736398220062256
NML,access1-0_rcp85_r1i1p1,GCAM-ref,72,13226552240.541264,12838750109.782766,2.93199711992842,63,53.82724189758301
NML,access1-0_rcp85_r1i1p1,LUCAS-BAU_High-0001,72,5804009845.806939,5642142283.927285,2.7888919243752475,43,54.36683511734009
NML,access1-0_rcp85_r1i1p1,LUCAS-BAU_High-0002,72,6153103364.000646,5986419777.958827,2.708935250738964,46,53.81692028045654
NML,bcc-csm1-1-m_rcp45_r1i1p1,FORE-SCE-A2,72,5737586333.6506815,5374371322.094821,6.330449607801469,61,57.75984215736389
NML,bcc-csm1-1-m_rcp45_r1i1p1,GCAM-26,72,18868867404.377403,17927181781.50737,4.99068440457412,76,56.135183811187744
NML,bcc-csm1-1-m_rcp45_r1i1p1,FORE-SCE-B1,72,4309000841.007446,4046158595.4724555,6.099842056970639,59,60.39078092575073
NML,bcc-csm1-1-m_rcp45_r1i1p1,FORE-SCE-A1B,72,7372890088.681772,6878765332.380327,6.70191404399183,79,61.876638889312744
NML,bcc-csm1-1-m_rcp45_r1i1p1,GCAM-45,72,11453797627.59834,10778135244.315199,5.899024980632683,75,58.6832492351532
NML,bcc-csm1-1-m_rcp45_r1i1p1,GCAM-ref,72,7197568940.361511,6643538302.643562,7.6974689969433125,81,59.851139068603516
NML,bcc-csm1-1-m_rcp45_r1i1p1,LUCAS-BAU_High-0001,72,2861709017.2518816,2634150719.2921705,7.9518321600089426,61,60.79121685028076
NML,bcc-csm1-1-m_rcp45_r1i1p1,LUCAS-BAU_High-0002,72,3024840870.5809174,2806466499.390725,7.219367250491215,55,60.198872089385986
NML,bcc-csm1-1-m_rcp85_r1i1p1,GCAM-26,72,12887199786.18131,11989750307.177254,6.963882720017844,54,53.853418827056885
NML,bcc-csm1-1-m_rcp85_r1i1p1,FORE-SCE-A1B,72,4725920503.402409,4165649940.6005344,11.855268458250823,44,58.95870399475098
NML,bcc-csm1-1-m_rcp85_r1i1p1,GCAM-45,72,7286590639.794091,6797057021.514155,6.718280777383834,47,57.13250374794006
NML,bcc-csm1-1-m_rcp85_r1i1p1,FORE-SCE-A2,72,3838933485.1852837,3330600593.8179917,13.241513387220294,39,60.39206385612488
NML,bcc-csm1-1_rcp26_r1i1p1,GCAM-26,72,34960487019.73067,33684095746.60898,3.6509539252165824,86,50.58634114265442
NML,bcc-csm1-1_rcp26_r1i1p1,FORE-SCE-A1B,72,16808886629.427586,16128597315.731054,4.047200321439126,79,52.299580812454224
NML,bcc-csm1-1-m_rcp85_r1i1p1,FORE-SCE-B1,72,2828152227.102234,2427752973.1998043,14.157627374700565,39,63.37236475944519
NML,bcc-csm1-1_rcp26_r1i1p1,FORE-SCE-A2,72,13271991745.739172,12715219545.553116,4.19509151943831,76,52.4221830368042
NML,bcc-csm1-1_rcp26_r1i1p1,FORE-SCE-B1,72,11045935881.594978,10574207562.657597,4.270605261464421,80,52.42889189720154
NML,bcc-csm1-1-m_rcp85_r1i1p1,GCAM-ref,72,4357687742.621582,3804946967.990779,12.684267604228905,49,61.8170530796051
NML,bcc-csm1-1_rcp26_r1i1p1,GCAM-45,72,23672784847.033695,22787632675.651756,3.7391129818545754,86,52.574934005737305
NML,bcc-csm1-1_rcp26_r1i1p1,GCAM-ref,72,16867308202.4143,16228141327.338333,3.7893827954390558,84,52.29700207710266
NML,bcc-csm1-1_rcp26_r1i1p1,LUCAS-BAU_High-0002,72,9060730231.362988,8642167850.413116,4.619521498400325,86,52.52249598503113
NML,bcc-csm1-1_rcp26_r1i1p1,LUCAS-BAU_High-0001,72,8629669442.747076,8252826509.777656,4.366829291313623,71,52.57267904281616
NML,bcc-csm1-1-m_rcp85_r1i1p1,LUCAS-BAU_High-0001,72,1792256845.2420769,1486199514.413678,17.07664454684007,34,66.11712789535522
NML,bcc-csm1-1-m_rcp85_r1i1p1,LUCAS-BAU_High-0002,72,1747358750.021246,1478741573.277993,15.372754835833625,45,63.8878059387207
NML,bcc-csm1-1_rcp45_r1i1p1,FORE-SCE-A1B,72,10361241550.7961,9941813657.511534,4.048046667267791,73,52.31558299064636
NML,bcc-csm1-1_rcp45_r1i1p1,FORE-SCE-A2,72,8130361434.870715,7763506342.280829,4.512162165589128,65,52.458840131759644
NML,bcc-csm1-1_rcp45_r1i1p1,GCAM-26,72,24532803127.3128,23704913529.47475,3.374622922385684,79,50.594878911972046
NML,bcc-csm1-1_rcp45_r1i1p1,FORE-SCE-B1,72,6391584647.344215,6022646444.675216,5.772249340737401,69,54.556432247161865
NML,bcc-csm1-1_rcp45_r1i1p1,GCAM-45,72,15478173707.44261,14872934284.682182,3.910276717397232,73,52.21517586708069
NML,bcc-csm1-1_rcp45_r1i1p1,GCAM-ref,72,10120943940.124239,9645711177.668652,4.695537938625849,67,54.29245972633362
NML,bcc-csm1-1_rcp45_r1i1p1,LUCAS-BAU_High-0001,72,4680097322.179848,4312938672.061718,7.845107160017739,63,54.851327896118164
NML,bcc-csm1-1_rcp45_r1i1p1,LUCAS-BAU_High-0002,72,4943320092.517913,4574600496.391943,7.4589464009028,71,53.88236594200134
NML,bcc-csm1-1_rcp60_r1i1p1,FORE-SCE-A1B,72,7455062931.061668,7097813260.91668,4.7920409720017325,63,51.91210174560547
NML,bcc-csm1-1_rcp60_r1i1p1,FORE-SCE-A2,72,5483760762.840475,5145178100.734985,6.1742785060906025,68,54.70922899246216
NML,bcc-csm1-1_rcp60_r1i1p1,GCAM-26,72,19827286302.62112,18929166992.997467,4.529713728423457,84,51.922224044799805
NML,bcc-csm1-1_rcp60_r1i1p1,GCAM-45,72,12019534764.478529,11512593134.249727,4.217647689051763,84,52.71709394454956
NML,bcc-csm1-1_rcp60_r1i1p1,FORE-SCE-B1,72,4349163414.361683,4063699136.6602373,6.5636595019353265,63,56.92452812194824
NML,bcc-csm1-1_rcp60_r1i1p1,GCAM-ref,72,8062045167.257698,7690767723.075768,4.605251353462947,75,53.40469193458557
NML,bcc-csm1-1_rcp85_r1i1p1,FORE-SCE-A1B,72,10044211053.723848,9114382637.785412,9.257356411220641,77,56.267881870269775
NML,bcc-csm1-1_rcp60_r1i1p1,LUCAS-BAU_High-0001,72,3428958364.7338815,3193861199.294293,6.8562268897025325,59,56.827072858810425
NML,bcc-csm1-1_rcp60_r1i1p1,LUCAS-BAU_High-0002,72,3599792572.228627,3371047166.749427,6.35440517445105,64,58.44510579109192
NML,bcc-csm1-1_rcp85_r1i1p1,GCAM-26,72,22531844750.839214,21308901699.587772,5.4276206177299,87,55.018999099731445
NML,bcc-csm1-1_rcp85_r1i1p1,FORE-SCE-A2,72,9015057390.837656,8092751407.562111,10.230727806712792,77,57.622639894485474
NML,bcc-csm1-1_rcp85_r1i1p1,FORE-SCE-B1,72,6776798356.386179,5906065912.717046,12.848728822639243,72,60.32198405265808
NML,bcc-csm1-1_rcp85_r1i1p1,GCAM-45,72,14575237901.627611,13635266048.571497,6.44910127299636,73,56.627219915390015
NML,bcc-csm1-1_rcp85_r1i1p1,GCAM-ref,72,9274187837.21695,8418360164.380243,9.228060589869703,77,58.34818506240845
NML,bcc-csm1-1_rcp85_r1i1p1,LUCAS-BAU_High-0002,72,5237473233.497779,4343818888.321577,17.062699995497375,84,60.27328705787659
NML,bcc-csm1-1_rcp85_r1i1p1,LUCAS-BAU_High-0001,72,5014762093.21483,4255320896.7233443,15.144112170725698,73,61.83552289009094
NML,canesm2_rcp26_r1i1p1,FORE-SCE-A1B,72,23380194646.1107,5727382719.385344,75.50327186716517,67,63.10853409767151
NML,canesm2_rcp26_r1i1p1,GCAM-26,72,37996888397.58317,15381147739.033215,59.519980746603586,69,61.86432099342346
NML,canesm2_rcp26_r1i1p1,FORE-SCE-A2,72,20404984251.25297,4863076958.607149,76.16721042894935,65,67.14129996299744
NML,canesm2_rcp26_r1i1p1,FORE-SCE-B1,72,18855868728.738373,3795017999.1784825,79.87354465724262,60,68.7024838924408
NML,canesm2_rcp26_r1i1p1,GCAM-45,72,29186319996.640266,8967421370.908802,69.27525850487122,70,63.50046896934509
NML,canesm2_rcp26_r1i1p1,GCAM-ref,72,24633813362.916718,7479819181.586465,69.63596715055719,59,68.400151014328
NML,canesm2_rcp26_r1i1p1,LUCAS-BAU_High-0001,72,16993830025.946714,2605491210.7739267,84.66801652837658,49,70.65347671508789
NML,canesm2_rcp45_r1i1p1,FORE-SCE-A1B,72,3906739205.376849,3133579533.451066,19.79040911821508,71,61.78035020828247
NML,canesm2_rcp26_r1i1p1,LUCAS-BAU_High-0002,72,17312485939.16981,2788542424.47113,83.89288266128203,45,73.39690089225769
NML,canesm2_rcp45_r1i1p1,FORE-SCE-A2,72,2796901972.116302,2261732318.8735085,19.134372908960138,71,63.35333037376404
NML,canesm2_rcp45_r1i1p1,GCAM-26,72,10912170308.189795,9943333583.770157,8.878497100549342,66,59.45188498497009
NML,canesm2_rcp45_r1i1p1,FORE-SCE-B1,72,2083515507.8595085,1683295152.5746763,19.20889735522041,56,67.36285901069641
NML,canesm2_rcp45_r1i1p1,GCAM-45,72,6637744892.355021,5729448245.619508,13.683813726882432,77,65.07301616668701
NML,canesm2_rcp45_r1i1p1,GCAM-ref,72,3668928982.7501526,3157454188.3029003,13.940711222593938,63,66.42993426322937
NML,canesm2_rcp45_r1i1p1,LUCAS-BAU_High-0001,72,1680047883.6197546,1076526765.1414196,35.92285222121264,65,67.75273704528809
NML,canesm2_rcp45_r1i1p1,LUCAS-BAU_High-0002,72,1686309757.302787,1128223379.335417,33.09512831497911,59,70.60849285125732
NML,ccsm4_rcp26_r1i1p1,FORE-SCE-A1B,72,6036951888.74478,5687315427.5146,5.7916058910795325,58,54.440951108932495
NML,ccsm4_rcp26_r1i1p1,FORE-SCE-A2,72,5257768337.282288,4721909584.046502,10.19175282859206,47,55.14697027206421
NML,ccsm4_rcp26_r1i1p1,FORE-SCE-B1,72,3800682454.944416,3570930299.4911423,6.045023707633945,50,54.775116205215454
NML,ccsm4_rcp26_r1i1p1,GCAM-45,72,8918009698.649223,8662027000.855412,2.8704016528775966,61,52.42818474769592
NML,ccsm4_rcp26_r1i1p1,GCAM-26,72,14782701300.431044,14410733757.765627,2.51623526110597,57,53.29260587692261
NML,canesm2_rcp85_r1i1p1,GCAM-26,72,57329680135.738976,13854491583.721176,75.83364925302563,87,77.49946904182434
NML,canesm2_rcp85_r1i1p1,GCAM-45,72,45133291266.08906,9419828159.411486,79.12886941066255,86,78.82973980903625
NML,canesm2_rcp85_r1i1p1,FORE-SCE-A1B,72,37822522491.08984,7321498335.168913,80.64249063003744,91,84.05526399612427
NML,canesm2_rcp85_r1i1p1,FORE-SCE-A2,72,35569376882.994415,6062830927.133244,82.95491386571953,85,84.401930809021
NML,canesm2_rcp85_r1i1p1,FORE-SCE-B1,72,33885408662.0504,4899762527.490796,85.54019939273086,84,88.77139210700989
NML,ccsm4_rcp26_r1i1p1,GCAM-ref,72,5719690598.969916,5431907466.198465,5.031445806234325,52,56.147496938705444
NML,canesm2_rcp85_r1i1p1,GCAM-ref,72,38858378889.89441,6393021861.115586,83.54789354638217,87,88.44358420372009
NML,ccsm4_rcp26_r1i1p1,LUCAS-BAU_High-0001,72,2721810809.4282427,2488629654.9341755,8.567133089718693,49,55.89096999168396
NML,canesm2_rcp85_r1i1p1,LUCAS-BAU_High-0002,72,29639610066.57675,4518323060.445943,84.75579452530972,96,88.25347304344177
NML,canesm2_rcp85_r1i1p1,LUCAS-BAU_High-0001,72,28956533019.177288,4024602309.8895907,86.10122866841765,81,92.55839228630066
NML,ccsm4_rcp26_r1i1p1,LUCAS-BAU_High-0002,72,2836486644.4403853,2630707039.9957905,7.254735531645462,47,57.52182197570801
NML,ccsm4_rcp45_r1i1p1,FORE-SCE-A1B,72,6529171929.302669,6112849934.981132,6.376336828459062,57,58.82211112976074
NML,ccsm4_rcp45_r1i1p1,GCAM-26,72,16228982667.79269,15466962079.659182,4.695430414413959,68,53.28851008415222
NML,ccsm4_rcp45_r1i1p1,FORE-SCE-A2,72,4781065476.794585,4485182593.493151,6.1886390123191966,59,58.57920813560486
NML,ccsm4_rcp45_r1i1p1,FORE-SCE-B1,72,3866089952.521237,3615986014.939539,6.469170160373395,54,63.632551193237305
NML,ccsm4_rcp45_r1i1p1,GCAM-45,72,10071815737.932917,9473587840.970343,5.939623127828897,65,58.63902020454407
NML,ccsm4_rcp45_r1i1p1,GCAM-ref,72,6875272498.893661,6478520848.011625,5.7707043749302915,66,65.34641885757446
NML,ccsm4_rcp45_r1i1p1,LUCAS-BAU_High-0001,72,3114185395.761461,2760740457.5159297,11.3495149879832,53,66.70312905311584
NML,ccsm4_rcp45_r1i1p1,LUCAS-BAU_High-0002,72,3245363303.139286,2924662258.9363213,9.881822595724365,52,67.66062688827515
NML,ccsm4_rcp60_r1i1p1,FORE-SCE-A1B,72,3335452023.744713,2867644816.498292,14.025301635764908,59,70.04871916770935
NML,ccsm4_rcp60_r1i1p1,GCAM-45,72,5574808160.216406,4859430850.598349,12.832321562618354,64,65.22311091423035
NML,ccsm4_rcp60_r1i1p1,GCAM-26,72,10022804100.196999,9152616551.155472,8.682076795499006,62,65.42953491210938
NML,ccsm4_rcp85_r1i1p1,GCAM-26,72,18206466754.410408,17014499520.475786,6.546944280915323,74,55.117493867874146
NML,ccsm4_rcp60_r1i1p1,FORE-SCE-B1,72,1843480140.4586003,1291874802.4714484,29.921957165751166,55,70.02535605430603
NML,ccsm4_rcp85_r1i1p1,FORE-SCE-A1B,72,7633167396.962778,6792646143.375859,11.011434832692924,58,65.75581908226013
NML,ccsm4_rcp60_r1i1p1,FORE-SCE-A2,72,2049107997.7103097,1673859178.2785509,18.312788776924638,50,74.42711687088013
NML,ccsm4_rcp60_r1i1p1,LUCAS-BAU_High-0002,72,1453431225.7144876,1034909350.9472414,28.7954371257922,52,70.6028220653534
NML,ccsm4_rcp60_r1i1p1,GCAM-ref,72,3977360478.664449,3481116612.232935,12.476713365396218,64,73.34064292907715
NML,ccsm4_rcp85_r1i1p1,FORE-SCE-A2,72,5828442032.996301,4948573726.09283,15.096114912395308,60,65.54012084007263
NML,ccsm4_rcp85_r1i1p1,FORE-SCE-B1,72,4843779762.275836,3962988711.858194,18.18396156814126,56,64.43625593185425
NML,ccsm4_rcp60_r1i1p1,LUCAS-BAU_High-0001,72,1201745718.3582442,934562478.2040362,22.232926323150814,49,75.45548009872437
NML,ccsm4_rcp85_r1i1p1,GCAM-45,72,11245904839.858168,10384858455.383997,7.656532726672349,69,63.18700098991394
NML,ccsm4_rcp85_r1i1p1,GCAM-ref,72,7705380392.678471,6620316523.6053095,14.081898800274306,71,65.52388906478882
NML,cesm1-bgc_rcp45_r1i1p1,FORE-SCE-A1B,72,4244629611.328167,3767094105.2348022,11.250345726725053,60,61.31341576576233
NML,ccsm4_rcp85_r1i1p1,LUCAS-BAU_High-0002,72,4020625484.6766696,2908685006.2892246,27.655907833874384,57,67.20856881141663
NML,cesm1-bgc_rcp45_r1i1p1,FORE-SCE-A2,72,3198353305.500652,2810099756.214688,12.139170135401567,52,62.69762992858887
NML,cesm1-bgc_rcp45_r1i1p1,GCAM-26,72,11705458412.329378,10756229689.95646,8.109282771643468,71,57.288175106048584
NML,ccsm4_rcp85_r1i1p1,LUCAS-BAU_High-0001,72,3847350731.132818,2690749417.068825,30.062279082194376,55,71.92079591751099
NML,cesm1-bgc_rcp45_r1i1p1,GCAM-45,72,6815574888.222054,6323211027.322921,7.22409875871195,64,59.64554810523987
NML,cesm1-bgc_rcp45_r1i1p1,FORE-SCE-B1,72,2437655995.263191,2086696902.0434556,14.397400367472402,57,66.20764398574829
NML,cesm1-bgc_rcp45_r1i1p1,GCAM-ref,72,4164735750.377881,3709849465.315044,10.922332467829765,60,63.00023078918457
NML,cesm1-bgc_rcp45_r1i1p1,LUCAS-BAU_High-0001,72,1889426626.631454,1399659018.649574,25.921493911359626,57,67.75138521194458
NML,cesm1-bgc_rcp45_r1i1p1,LUCAS-BAU_High-0002,72,2050676723.4325542,1655054318.1745281,19.29228535816254,54,64.46623730659485
NML,cesm1-cam5_rcp26_r1i1p1,GCAM-26,72,8666569383.427732,8154749465.268819,5.905680731497043,61,56.9579119682312
NML,cesm1-cam5_rcp26_r1i1p1,FORE-SCE-A1B,72,2854801073.557064,2571272762.1174183,9.931631106134176,59,62.4958860874176
NML,cesm1-bgc_rcp85_r1i1p1,GCAM-26,72,8448248626.96989,6360967546.387862,24.70667203044504,66,67.30772924423218
NML,cesm1-cam5_rcp26_r1i1p1,FORE-SCE-A2,72,2295534717.357079,2047506310.0446415,10.804820569126495,45,62.34713006019592
NML,cesm1-cam5_rcp26_r1i1p1,FORE-SCE-B1,72,1621638447.6165826,1324658409.66166,18.313578984971134,53,62.51966309547424
NML,cesm1-cam5_rcp26_r1i1p1,GCAM-45,72,4765147921.881115,4445305059.809684,6.712128716985733,51,59.119868993759155
NML,cesm1-cam5_rcp26_r1i1p1,GCAM-ref,72,2628375124.8046794,2337749574.500994,11.057232567793463,55,62.341617822647095
NML,cesm1-cam5_rcp45_r1i1p1,FORE-SCE-A1B,72,9709962991.749218,9131177061.217274,5.960742909357664,61,53.95988178253174
NML,cesm1-cam5_rcp45_r1i1p1,FORE-SCE-A2,72,7522874573.722654,7042482251.528092,6.385754773482056,58,53.28926992416382
NML,cesm1-cam5_rcp45_r1i1p1,GCAM-26,72,22495204703.64699,21572354269.948772,4.102431810938823,68,52.05558800697327
NML,cesm1-cam5_rcp26_r1i1p1,LUCAS-BAU_High-0001,72,1025265179.8471941,801353572.4356021,21.83938475750867,39,63.1461079120636
NML,cesm1-cam5_rcp45_r1i1p1,GCAM-45,72,14304486315.568449,13511896428.488161,5.540848301680457,73,52.72047781944275
NML,cesm1-cam5_rcp45_r1i1p1,FORE-SCE-B1,72,6302430080.940513,5836599060.355178,7.391292161956342,58,58.093344926834106
NML,cesm1-bgc_rcp85_r1i1p1,FORE-SCE-A2,72,2422878567.936095,1388443404.7942612,42.69446999248531,55,86.87127208709717
NML,cesm1-cam5_rcp26_r1i1p1,LUCAS-BAU_High-0002,72,1067018926.6403844,841177870.4810919,21.165609205300196,40,63.46633195877075
NML,cesm1-bgc_rcp85_r1i1p1,FORE-SCE-A1B,72,3006285338.1466365,1928247460.7361095,35.85946628988761,53,89.69340896606445
NML,cesm1-bgc_rcp85_r1i1p1,FORE-SCE-B1,72,2102936558.2390742,1044885520.7942512,50.3130269574465,53,88.73756623268127
NML,cesm1-bgc_rcp85_r1i1p1,GCAM-ref,72,3241075134.199807,2030260889.353788,37.35841332616804,54,85.06041479110718
NML,cesm1-bgc_rcp85_r1i1p1,GCAM-45,72,4529470698.926061,3194071795.2765265,29.482449328266057,59,88.81039428710938
NML,cesm1-bgc_rcp85_r1i1p1,LUCAS-BAU_High-0002,72,1862861106.8949559,760198396.6596639,59.19189069727406,59,89.1869580745697
NML,cesm1-bgc_rcp85_r1i1p1,LUCAS-BAU_High-0001,72,1790720956.564708,579098357.1453048,67.6611615549394,66,91.09902691841125
NML,cesm1-cam5_rcp45_r1i1p1,GCAM-ref,72,9991228217.705078,9434687975.017883,5.570288562731163,56,55.754725217819214
NML,cesm1-cam5_rcp45_r1i1p1,LUCAS-BAU_High-0001,72,4731977765.029647,4403547752.740149,6.940649948033739,59,64.5378098487854
NML,cesm1-cam5_rcp45_r1i1p1,LUCAS-BAU_High-0002,72,5091287219.0202465,4674648181.179408,8.183373279047013,57,67.04149508476257
NML,cesm1-cam5_rcp60_r1i1p1,GCAM-26,72,17463687330.593132,16207564237.018982,7.192771319111147,69,54.77790093421936
NML,cesm1-cam5_rcp60_r1i1p1,FORE-SCE-A2,72,5214447525.996366,4813528132.289864,7.688626488381334,49,57.4301598072052
NML,cesm1-cam5_rcp60_r1i1p1,FORE-SCE-A1B,72,6716340363.96323,6248944624.314118,6.959083583031922,49,60.367093086242676
NML,cesm1-cam5_rcp60_r1i1p1,FORE-SCE-B1,72,4407336050.52301,3840004737.121625,12.872431484639367,53,61.35079622268677
NML,cesm1-cam5_rcp60_r1i1p1,GCAM-45,72,10806309767.417812,9912173993.147612,8.274200846676782,62,59.53824710845947
NML,cesm1-cam5_rcp60_r1i1p1,GCAM-ref,72,6873893093.472214,6393217435.210772,6.992771806677,55,62.69768285751343
NML,cesm1-cam5_rcp60_r1i1p1,LUCAS-BAU_High-0001,72,3192126173.456911,2776873550.6227875,13.008653175648943,53,61.89702105522156
NML,cmcc-cm_rcp45_r1i1p1,FORE-SCE-A1B,72,11746878644.84191,11184195298.824944,4.790066902274859,69,54.36852812767029
NML,cmcc-cm_rcp45_r1i1p1,FORE-SCE-A2,72,9125723777.216425,8683765662.205124,4.842992466139595,67,53.46925497055054
NML,cesm1-cam5_rcp60_r1i1p1,LUCAS-BAU_High-0002,72,3368968829.5355396,2914987049.6909256,13.47539270368381,48,62.741251945495605
NML,cmcc-cm_rcp45_r1i1p1,FORE-SCE-B1,72,7177865572.67206,6830180985.177854,4.843843674335857,69,52.97138810157776
NML,cmcc-cm_rcp45_r1i1p1,GCAM-26,72,27831341394.05519,26719130901.010216,3.9962518417547277,83,52.459254026412964
NML,cesm1-cam5_rcp85_r1i1p1,GCAM-26,72,17479954117.438374,15123304916.643318,13.482010221319818,60,65.71646094322205
NML,cmcc-cm_rcp45_r1i1p1,GCAM-45,72,17514751532.35721,16718327075.297796,4.547163889753603,72,53.9646692276001
NML,cmcc-cm_rcp45_r1i1p1,GCAM-ref,72,11582067280.963434,11094250965.30932,4.211824226370197,63,54.511494874954224
NML,cesm1-cam5_rcp85_r1i1p1,FORE-SCE-A1B,72,7907984632.877881,6195632227.43899,21.653461468800682,68,78.23009586334229
NML,cesm1-cam5_rcp85_r1i1p1,GCAM-45,72,11691604737.281784,9602709069.215382,17.866629218189388,66,73.29091668128967
NML,cesm1-cam5_rcp85_r1i1p1,FORE-SCE-A2,72,6839995319.248189,5240763851.888898,23.380593007994467,67,77.23699307441711
NML,cesm1-cam5_rcp85_r1i1p1,FORE-SCE-B1,72,5517051163.2288475,3848975024.561879,30.23492241262321,76,79.30147790908813
NML,cesm1-cam5_rcp85_r1i1p1,GCAM-ref,72,7641308383.857104,5840756557.031574,23.56339695214166,64,77.6511459350586
NML,cesm1-cam5_rcp85_r1i1p1,LUCAS-BAU_High-0001,72,4453306047.130415,2667023444.645163,40.11138205146,91,81.88315415382385
NML,cesm1-cam5_rcp85_r1i1p1,LUCAS-BAU_High-0002,72,4673530696.778296,2969927211.1657257,36.45217280346424,77,83.22822785377502
NML,cmcc-cm_rcp45_r1i1p1,LUCAS-BAU_High-0001,72,5031137006.25785,4767657884.837982,5.236969716629581,68,54.39508891105652
NML,cmcc-cm_rcp45_r1i1p1,LUCAS-BAU_High-0002,72,5356217230.13891,5079181275.188324,5.172231503078928,67,55.12792181968689
NML,cmcc-cm_rcp85_r1i1p1,FORE-SCE-A1B,72,11877026213.822655,11319472646.012861,4.694386943096118,70,52.22638177871704
NML,cmcc-cm_rcp85_r1i1p1,FORE-SCE-A2,72,9989294699.041647,9504734420.111889,4.850795712096123,61,51.74783492088318
NML,cmcc-cm_rcp85_r1i1p1,GCAM-45,72,17343021198.99667,16646697694.976791,4.015006935816712,71,50.62583923339844
NML,cmcc-cm_rcp85_r1i1p1,FORE-SCE-B1,72,7776442145.208737,7354548081.286543,5.425283902898115,57,53.93625497817993
NML,cmcc-cm_rcp85_r1i1p1,GCAM-26,72,26981802970.019474,26046829069.06551,3.4652017212965736,77,51.66851496696472
NML,cmcc-cm_rcp85_r1i1p1,GCAM-ref,72,11245083634.665035,10715942035.516714,4.705537249337521,66,52.5874981880188
NML,cmcc-cm_rcp85_r1i1p1,LUCAS-BAU_High-0002,72,5838388856.364093,5490055244.296117,5.966262622063578,60,52.64440298080444
NML,cmcc-cm_rcp85_r1i1p1,LUCAS-BAU_High-0001,72,5569997873.601072,5225834409.425137,6.178879633098133,60,54.069875955581665
NML,cnrm-cm5_rcp45_r1i1p1,FORE-SCE-A2,72,4384858176.341105,1149103248.9436443,73.79383317016423,68,69.66791820526123
NML,cnrm-cm5_rcp45_r1i1p1,FORE-SCE-A1B,72,4267974479.3595796,1717915796.2281852,59.74868630222075,65,71.81957411766052
NML,cnrm-cm5_rcp45_r1i1p1,GCAM-26,72,8281853272.373435,6296150379.366039,23.976552441846486,55,65.6040346622467
NML,cnrm-cm5_rcp45_r1i1p1,GCAM-45,72,5561385351.454079,3130939692.577107,43.70216241608771,53,66.70857381820679
NML,cnrm-cm5_rcp45_r1i1p1,FORE-SCE-B1,72,4093317607.8689313,1035252692.1674895,74.70871328974485,51,77.49126100540161
NML,cnrm-cm5_rcp45_r1i1p1,GCAM-ref,72,4188434863.234134,1682764339.893842,59.82355235687056,70,74.01396989822388
NML,cnrm-cm5_rcp45_r1i1p1,LUCAS-BAU_High-0001,72,4042776265.0798526,523282566.6990397,87.0563560190313,56,82.24593615531921
NML,csiro-mk3-6-0_rcp26_r1i1p1,FORE-SCE-A1B,72,9974266611.909998,9220732599.276648,7.55478113782898,77,59.55551886558533
NML,csiro-mk3-6-0_rcp26_r1i1p1,GCAM-45,72,14848952405.540558,13698512440.594067,7.7476170272943286,79,55.9807448387146
NML,csiro-mk3-6-0_rcp26_r1i1p1,GCAM-26,72,22945498023.720184,21099873833.493874,8.043513321516816,72,56.2772490978241
NML,cnrm-cm5_rcp45_r1i1p1,LUCAS-BAU_High-0002,72,4245761286.9930177,554335479.7029258,86.94379070718968,67,81.21555471420288
NML,cnrm-cm5_rcp85_r1i1p1,GCAM-26,72,17651246714.37373,9673145210.020815,45.198515625846426,58,77.16150212287903
NML,csiro-mk3-6-0_rcp26_r1i1p1,FORE-SCE-A2,72,7532284170.047282,6932714939.0592785,7.959992181020437,67,62.22791385650635
NML,cnrm-cm5_rcp85_r1i1p1,FORE-SCE-A1B,72,9541022558.003645,3324879486.5630403,65.15174902532948,77,82.62793612480164
NML,cnrm-cm5_rcp85_r1i1p1,FORE-SCE-A2,72,7530415698.940123,2893022955.4676046,61.58216131581173,64,83.70640206336975
NML,csiro-mk3-6-0_rcp26_r1i1p1,FORE-SCE-B1,72,6767339232.987477,6112824801.1396475,9.67166576573244,68,61.88959193229675
NML,cnrm-cm5_rcp85_r1i1p1,GCAM-45,72,12526524014.911064,5451833308.460019,56.47768445603602,63,82.30526685714722
NML,cnrm-cm5_rcp85_r1i1p1,FORE-SCE-B1,72,6570432353.9772835,2204725073.005279,66.44474892629111,69,90.62715983390808
NML,csiro-mk3-6-0_rcp26_r1i1p1,GCAM-ref,72,10752678030.52823,10132311451.58849,5.7694146256257355,69,66.03723478317261
NML,csiro-mk3-6-0_rcp26_r1i1p1,LUCAS-BAU_High-0002,72,5666618136.644614,5103126791.551145,9.944050075467603,63,61.24694085121155
NML,csiro-mk3-6-0_rcp26_r1i1p1,LUCAS-BAU_High-0001,72,5357469022.169182,4801319096.083311,10.380833258848998,61,63.32767105102539
NML,cnrm-cm5_rcp85_r1i1p1,GCAM-ref,72,9370791147.599567,3391469316.96904,63.80807913067401,67,88.9980480670929
NML,cnrm-cm5_rcp85_r1i1p1,LUCAS-BAU_High-0001,72,5794206759.7667055,1418550536.3969321,75.51777844299696,74,95.2219648361206
NML,csiro-mk3-6-0_rcp45_r1i1p1,FORE-SCE-A1B,72,11488235656.049822,10975730805.43279,4.461127591399472,72,55.654430866241455
NML,csiro-mk3-6-0_rcp45_r1i1p1,GCAM-26,72,27020619099.78867,26060439181.610355,3.553508210275702,89,52.384631872177124
NML,csiro-mk3-6-0_rcp45_r1i1p1,FORE-SCE-A2,72,8656183676.01616,8134074559.79512,6.031631672369153,82,55.04080510139465
NML,csiro-mk3-6-0_rcp45_r1i1p1,FORE-SCE-B1,72,6944303627.456675,6578405450.200726,5.269040596226892,70,56.485305070877075
NML,cnrm-cm5_rcp85_r1i1p1,LUCAS-BAU_High-0002,72,6093243821.316543,1504029528.694976,75.31643944013378,88,97.84323811531067
NML,csiro-mk3-6-0_rcp45_r1i1p1,GCAM-45,72,17309978438.48323,16602074998.260233,4.089568584610137,91,53.40043807029724
NML,csiro-mk3-6-0_rcp45_r1i1p1,GCAM-ref,72,11946486489.877874,11456297702.70735,4.1032046333108525,82,56.414167642593384
NML,csiro-mk3-6-0_rcp45_r1i1p1,LUCAS-BAU_High-0001,72,5419837156.752549,5102671852.892558,5.851934194458897,61,56.33885383605957
NML,csiro-mk3-6-0_rcp60_r1i1p1,GCAM-26,72,19098312630.21913,18366815357.200485,3.830167026699538,70,50.533362865448
NML,csiro-mk3-6-0_rcp60_r1i1p1,FORE-SCE-A1B,72,7583369092.066373,7116969546.230777,6.15029468001943,62,52.432393074035645
NML,csiro-mk3-6-0_rcp60_r1i1p1,FORE-SCE-A2,72,5998727007.915318,5581896218.500119,6.948654087195338,58,52.69600319862366
NML,csiro-mk3-6-0_rcp60_r1i1p1,GCAM-45,72,11663461102.78435,11082838438.388332,4.978133499818583,64,51.29075598716736
NML,csiro-mk3-6-0_rcp45_r1i1p1,LUCAS-BAU_High-0002,72,5731033814.223364,5395400940.039136,5.856410641850507,66,56.16594409942627
NML,csiro-mk3-6-0_rcp60_r1i1p1,FORE-SCE-B1,72,4550311791.099114,4162905482.831009,8.513840942194618,58,53.92980909347534
NML,csiro-mk3-6-0_rcp60_r1i1p1,GCAM-ref,72,7216690331.197158,6844048897.47605,5.1636057059315625,67,53.85734295845032
NML,csiro-mk3-6-0_rcp60_r1i1p1,LUCAS-BAU_High-0001,72,3424630753.5776834,2995818174.0755816,12.521425238447236,55,55.829938888549805
NML,csiro-mk3-6-0_rcp60_r1i1p1,LUCAS-BAU_High-0002,72,3592739341.2595963,3164025377.526553,11.932787853814586,59,55.03303503990173
NML,csiro-mk3-6-0_rcp85_r1i1p1,GCAM-26,72,18832857655.550842,18030143249.229008,4.262308041632979,68,56.528213024139404
NML,csiro-mk3-6-0_rcp85_r1i1p1,FORE-SCE-A1B,72,7632440591.8822775,6796384609.49299,10.953979560332272,70,66.33054399490356
NML,csiro-mk3-6-0_rcp85_r1i1p1,GCAM-45,72,11620994705.539007,10911011792.984482,6.10948486377092,73,60.981297969818115
NML,csiro-mk3-6-0_rcp85_r1i1p1,FORE-SCE-A2,72,5785006497.917303,5156630883.621643,10.862141892526578,55,66.15544390678406
NML,csiro-mk3-6-0_rcp85_r1i1p1,FORE-SCE-B1,72,4712026527.697281,3980644191.521315,15.521609054552265,63,66.74083209037781
NML,fgoals-g2_rcp26_r1i1p1,FORE-SCE-A2,72,2229349086.501239,2116698796.496001,5.053057445661513,46,56.41491103172302
NML,fgoals-g2_rcp26_r1i1p1,FORE-SCE-A1B,72,3581356210.1970615,3404338338.8556094,4.9427608132761485,53,59.04291605949402
ORO,access1-0_rcp45_r1i1p1,FORE-SCE-A1B,72,90188001044.73662,89127143034.19579,1.1762740034725994,19,37.28323221206665
NML,csiro-mk3-6-0_rcp85_r1i1p1,GCAM-ref,72,8188310665.706539,7649038569.967689,6.58587732873126,71,69.65186619758606
ORO,access1-0_rcp45_r1i1p1,GCAM-26,72,211558686632.49396,209360331921.3066,1.039122877051224,23,36.014347076416016
NML,fgoals-g2_rcp26_r1i1p1,GCAM-26,72,13064348913.331541,12352084558.1727,5.451969783446375,75,55.476233959198
ORO,access1-0_rcp45_r1i1p1,FORE-SCE-A2,72,72390164835.3183,71245243005.20253,1.581598595224054,22,37.1808979511261
ORO,access1-0_rcp45_r1i1p1,GCAM-45,72,133462269369.85172,131768099690.90742,1.2693997239395016,18,37.17918515205383
ORO,access1-0_rcp45_r1i1p1,FORE-SCE-B1,72,56487514287.780266,55545404134.208885,1.6678201642432389,22,38.271332025527954
NML,fgoals-g2_rcp26_r1i1p1,FORE-SCE-B1,72,1657941100.5761652,1555540948.2908738,6.176344397862232,46,60.25315189361572
ORO,access1-0_rcp45_r1i1p1,GCAM-ref,72,87574496035.07228,86396655168.86288,1.3449587717155542,18,38.31812906265259
NML,fgoals-g2_rcp26_r1i1p1,GCAM-45,72,6714830103.667657,6306067303.306848,6.087463034061602,73,57.528053998947144
NML,csiro-mk3-6-0_rcp85_r1i1p1,LUCAS-BAU_High-0001,72,3308069420.854863,2781598790.1079135,15.914739498148144,60,68.38786292076111
NML,csiro-mk3-6-0_rcp85_r1i1p1,LUCAS-BAU_High-0002,72,3699265768.022544,3147019547.2979674,14.92853596782211,61,69.78367400169373
ORO,access1-0_rcp45_r1i1p1,LUCAS-BAU_High-0001,72,40943274184.3661,40209774483.88832,1.791502304321957,24,40.85448336601257
ORO,access1-0_rcp45_r1i1p1,LUCAS-BAU_High-0002,72,43135775248.79553,42387366353.05521,1.7350074072477129,24,40.35495185852051
NML,fgoals-g2_rcp26_r1i1p1,GCAM-ref,72,3769128821.5433264,3567073158.608267,5.360805440773575,56,60.119495153427124
ORO,access1-0_rcp85_r1i1p1,FORE-SCE-A1B,72,158433383036.5934,157334836859.43408,0.6933804960193246,28,38.94118595123291
ORO,access1-0_rcp85_r1i1p1,FORE-SCE-A2,72,128682975602.8709,127373671870.95522,1.0174646069394,27,38.385802030563354
ORO,access1-0_rcp85_r1i1p1,GCAM-26,72,331425383954.8069,330172032550.3841,0.37817000902794495,34,36.942437171936035
NML,fgoals-g2_rcp26_r1i1p1,LUCAS-BAU_High-0002,72,1151672003.9685028,1052537034.1160085,8.607916968623774,45,66.71662497520447
NML,fgoals-g2_rcp26_r1i1p1,LUCAS-BAU_High-0001,72,1045106250.9473457,953950522.3327461,8.722149401744627,40,67.71359086036682
ORO,access1-0_rcp85_r1i1p1,GCAM-45,72,221094988959.91348,220032133945.51364,0.4807232490432134,31,37.62240791320801
ORO,access1-0_rcp85_r1i1p1,FORE-SCE-B1,72,108245790957.52466,106797002985.72046,1.3384243017566355,32,40.292819023132324
ORO,access1-0_rcp85_r1i1p1,GCAM-ref,72,158770554619.98514,157579420315.2356,0.7502236844863952,31,39.15307307243347
ORO,bcc-csm1-1-m_rcp45_r1i1p1,GCAM-26,72,241262890425.51462,236929198558.8556,1.7962529832149965,38,39.429744720458984
ORO,access1-0_rcp85_r1i1p1,LUCAS-BAU_High-0001,72,83405657499.64941,82057074635.71603,1.6168961487283418,29,42.05180072784424
ORO,bcc-csm1-1-m_rcp45_r1i1p1,FORE-SCE-A2,72,92012138707.355,89531835796.76425,2.695625757031206,43,40.973767042160034
ORO,bcc-csm1-1-m_rcp45_r1i1p1,FORE-SCE-A1B,72,112361257680.42169,109346942341.39418,2.6826998925206347,42,41.66182494163513
ORO,access1-0_rcp85_r1i1p1,LUCAS-BAU_High-0002,72,87271378659.17462,85935943306.59146,1.5302099876277953,28,42.75117301940918
ORO,bcc-csm1-1-m_rcp85_r1i1p1,FORE-SCE-A1B,72,95101107647.20961,93424495734.08734,1.7629783233880758,28,38.30686688423157
ORO,bcc-csm1-1-m_rcp85_r1i1p1,FORE-SCE-A2,72,78579203154.61865,76996321639.02242,2.014377153305602,26,37.680644035339355
ORO,bcc-csm1-1-m_rcp45_r1i1p1,GCAM-45,72,158639175171.82428,154293406555.16702,2.7394044453082245,42,42.62968397140503
ORO,bcc-csm1-1-m_rcp45_r1i1p1,GCAM-ref,72,111780274166.47836,108247919521.63316,3.1600876551656443,45,44.603147983551025
ORO,bcc-csm1-1-m_rcp45_r1i1p1,FORE-SCE-B1,72,76333441133.3218,73798198208.66716,3.321274250202677,45,46.43226504325867
ORO,bcc-csm1-1-m_rcp85_r1i1p1,GCAM-26,72,211952972915.48166,210740124886.16522,0.5722250613583335,22,36.46122908592224
ORO,bcc-csm1-1-m_rcp45_r1i1p1,LUCAS-BAU_High-0001,72,58533013527.73621,56336214969.527725,3.753093213230041,47,45.50947093963623
ORO,bcc-csm1-1-m_rcp85_r1i1p1,FORE-SCE-B1,72,63114518131.739494,61437650529.370865,2.6568650953945117,31,39.48688888549805
ORO,bcc-csm1-1-m_rcp85_r1i1p1,GCAM-45,72,136314544064.66014,134425046091.1152,1.386130868507074,20,37.58207678794861
ORO,bcc-csm1-1-m_rcp45_r1i1p1,LUCAS-BAU_High-0002,72,60986450452.289505,58899630350.73493,3.421776617721206,44,46.19768500328064
ORO,bcc-csm1-1-m_rcp85_r1i1p1,GCAM-ref,72,92085220207.84,90238690368.01805,2.0052401847487134,21,39.91945195198059
ORO,bcc-csm1-1_rcp26_r1i1p1,FORE-SCE-A1B,72,217504863522.22638,213332996968.1176,1.9180566754004813,46,34.98204278945923
ORO,bcc-csm1-1_rcp26_r1i1p1,FORE-SCE-A2,72,181160362927.7569,177513477739.59613,2.0130701491336,44,34.69105386734009
ORO,bcc-csm1-1-m_rcp85_r1i1p1,LUCAS-BAU_High-0001,72,46973683396.25511,44884863266.32031,4.446788028765325,33,41.55835294723511
ORO,bcc-csm1-1_rcp26_r1i1p1,GCAM-26,72,404546108207.49255,399970620068.8116,1.1310177124072562,54,34.47453308105469
ORO,bcc-csm1-1_rcp26_r1i1p1,FORE-SCE-B1,72,156074351372.6453,153168636636.6481,1.861750319922506,42,35.318233013153076
ORO,bcc-csm1-1_rcp26_r1i1p1,GCAM-45,72,289954188572.9387,285495559368.287,1.5377012577730498,55,34.701141119003296
ORO,bcc-csm1-1-m_rcp85_r1i1p1,LUCAS-BAU_High-0002,72,49169559356.6661,47382465002.90594,3.6345543404140312,27,41.79492497444153
ORO,bcc-csm1-1_rcp26_r1i1p1,GCAM-ref,72,218968720707.93475,215048578791.5651,1.790274840943351,48,35.7525908946991
ORO,bcc-csm1-1_rcp45_r1i1p1,FORE-SCE-A1B,72,158504105009.5959,156585702588.3989,1.2103171845807115,21,35.08635997772217
ORO,bcc-csm1-1_rcp45_r1i1p1,FORE-SCE-A2,72,133225731807.63254,130880353542.98315,1.7604544053365978,29,34.611902952194214
ORO,bcc-csm1-1_rcp26_r1i1p1,LUCAS-BAU_High-0001,72,129889089489.32942,127077101190.74124,2.1649149359994513,45,36.51703500747681
ORO,bcc-csm1-1_rcp26_r1i1p1,LUCAS-BAU_High-0002,72,134654924041.04405,131866359810.74623,2.070896590048088,48,36.32651209831238
ORO,bcc-csm1-1_rcp45_r1i1p1,GCAM-26,72,317656726168.96796,315486982774.8029,0.6830465768292604,34,34.32105803489685
ORO,bcc-csm1-1_rcp45_r1i1p1,GCAM-45,72,218306612864.07047,215837063416.38666,1.1312297943175342,27,34.59443211555481
ORO,bcc-csm1-1_rcp45_r1i1p1,FORE-SCE-B1,72,109687917586.17978,106626643517.4128,2.79089450883393,30,36.31297779083252
ORO,bcc-csm1-1_rcp45_r1i1p1,GCAM-ref,72,155433695877.57068,152418346605.8096,1.9399585493586669,27,36.86544322967529
ORO,bcc-csm1-1_rcp45_r1i1p1,LUCAS-BAU_High-0002,72,90181286945.01619,87612408274.21169,2.8485717578756176,28,36.868208169937134
ORO,bcc-csm1-1_rcp45_r1i1p1,LUCAS-BAU_High-0001,72,86865822778.00598,84399819798.2508,2.8388644703881916,31,37.122334003448486
ORO,bcc-csm1-1_rcp60_r1i1p1,FORE-SCE-A1B,72,147385276067.63104,145229555421.87335,1.462643150845333,26,38.06254577636719
ORO,bcc-csm1-1_rcp60_r1i1p1,GCAM-26,72,296477342291.82135,294011909638.7396,0.8315754027014344,30,36.92107319831848
ORO,bcc-csm1-1_rcp60_r1i1p1,FORE-SCE-A2,72,119522126413.66187,116937922742.89989,2.1621131988717623,30,38.73613119125366
ORO,bcc-csm1-1_rcp60_r1i1p1,GCAM-45,72,205502462214.194,203502159963.00214,0.9733714280790284,26,36.974889039993286
ORO,bcc-csm1-1_rcp60_r1i1p1,FORE-SCE-B1,72,101692224817.93779,99236599973.3328,2.4147616486917878,31,39.966304063797
ORO,bcc-csm1-1_rcp60_r1i1p1,GCAM-ref,72,152792981829.9388,151224333524.8295,1.0266494483727295,19,40.52630019187927
ORO,bcc-csm1-1_rcp85_r1i1p1,FORE-SCE-A2,72,131281136422.99747,128875874758.19223,1.832145676325736,19,34.999428033828735
ORO,bcc-csm1-1_rcp85_r1i1p1,GCAM-26,72,307450648021.8195,305685569263.3911,0.5741014923159815,31,35.50780701637268
ORO,bcc-csm1-1_rcp85_r1i1p1,FORE-SCE-B1,72,106005439980.13554,103816997674.0257,2.064462263936584,24,36.53352975845337
ORO,bcc-csm1-1_rcp85_r1i1p1,FORE-SCE-A1B,72,151324964861.25345,149188884582.7895,1.411584850141867,20,37.13283395767212
ORO,bcc-csm1-1_rcp60_r1i1p1,LUCAS-BAU_High-0001,72,85641372161.24736,83263791806.32697,2.7762053490266836,32,42.22285795211792
ORO,bcc-csm1-1_rcp85_r1i1p1,GCAM-45,72,209418672618.65445,207576676134.48,0.879576047895525,23,36.000765323638916
ORO,bcc-csm1-1_rcp60_r1i1p1,LUCAS-BAU_High-0002,72,88880997619.27925,86552932178.29878,2.6193061546774143,30,41.2198760509491
ORO,bcc-csm1-1_rcp85_r1i1p1,GCAM-ref,72,146439235434.93903,144073533333.58502,1.6154837836510394,19,36.14195990562439
ORO,bcc-csm1-1_rcp85_r1i1p1,LUCAS-BAU_High-0002,72,85769662761.43983,83921789096.59825,2.1544606861534144,21,37.043410778045654
ORO,bcc-csm1-1_rcp85_r1i1p1,LUCAS-BAU_High-0001,72,82863913212.68533,80378152166.46623,2.9998113169467877,25,37.5626380443573
ORO,canesm2_rcp26_r1i1p1,GCAM-45,72,143754658270.14343,140587293478.87244,2.203312803484181,26,43.04740810394287
ORO,canesm2_rcp26_r1i1p1,GCAM-26,72,223097802244.99838,219221634453.7622,1.737429841186644,36,43.349427938461304
ORO,canesm2_rcp26_r1i1p1,FORE-SCE-A1B,72,98553167392.42418,95863382218.91016,2.7292731879470677,29,46.04955577850342
ORO,canesm2_rcp26_r1i1p1,FORE-SCE-A2,72,76531984202.42676,73656527868.40135,3.757195588212947,33,45.95300316810608
ORO,canesm2_rcp26_r1i1p1,FORE-SCE-B1,72,63437979071.77037,61277812423.737114,3.4051630894315843,30,46.822144985198975
ORO,canesm2_rcp45_r1i1p1,GCAM-26,72,199673537913.94476,198671473401.34067,0.5018514336316171,18,39.35864210128784
ORO,canesm2_rcp45_r1i1p1,FORE-SCE-A1B,72,92234763822.68867,89943727237.3974,2.4839187420651276,25,43.28275489807129
ORO,canesm2_rcp45_r1i1p1,FORE-SCE-A2,72,75067943959.35023,72806695436.72723,3.0122691569219984,33,43.041499853134155
ORO,canesm2_rcp45_r1i1p1,FORE-SCE-B1,72,61733248370.37836,60342516806.858376,2.252808009026297,37,43.89086389541626
ORO,canesm2_rcp26_r1i1p1,GCAM-ref,72,99600508970.98915,96858258391.03807,2.7532495649694178,28,49.26548480987549
ORO,canesm2_rcp45_r1i1p1,GCAM-45,72,132497101811.17651,130466457863.14104,1.5325949928545413,17,43.143056869506836
ORO,canesm2_rcp26_r1i1p1,LUCAS-BAU_High-0002,72,50547078504.7177,48508093171.18904,4.033834187545282,31,50.39310693740845
ORO,canesm2_rcp26_r1i1p1,LUCAS-BAU_High-0001,72,47980897704.54204,45809272812.24316,4.526019720746721,41,52.067310094833374
ORO,canesm2_rcp45_r1i1p1,GCAM-ref,72,91847721315.20393,89802741431.19862,2.2264895140809537,24,45.05177712440491
ORO,canesm2_rcp45_r1i1p1,LUCAS-BAU_High-0001,72,48447878792.11871,46758269056.945076,3.4874792814427513,38,46.32666230201721
ORO,canesm2_rcp45_r1i1p1,LUCAS-BAU_High-0002,72,50444877992.76573,48618434960.11288,3.6206709289985484,39,45.818941831588745
ORO,canesm2_rcp85_r1i1p1,GCAM-26,72,251702854539.8559,241830557320.01593,3.922203122363377,30,42.88919401168823
ORO,canesm2_rcp85_r1i1p1,FORE-SCE-A1B,72,126362192909.46498,117944862189.47775,6.66127306449803,34,46.09336709976196
ORO,canesm2_rcp85_r1i1p1,FORE-SCE-A2,72,107996843463.77739,100401962047.19008,7.032503148237534,38,46.514790296554565
ORO,canesm2_rcp85_r1i1p1,GCAM-45,72,172769244906.10284,164480678952.3585,4.797477675062511,27,44.95547580718994
ORO,canesm2_rcp85_r1i1p1,FORE-SCE-B1,72,90735722071.67162,82580578271.18686,8.9877984263387,45,50.30237603187561
ORO,ccsm4_rcp26_r1i1p1,GCAM-26,72,221815971469.73233,218778676793.0147,1.3692858348264059,33,34.37246322631836
ORO,ccsm4_rcp26_r1i1p1,FORE-SCE-A1B,72,101514578985.00626,97873191345.73024,3.587058800503773,35,35.95680522918701
ORO,ccsm4_rcp26_r1i1p1,FORE-SCE-B1,72,67935458482.76064,66204628921.712494,2.54775576658155,43,35.963881969451904
ORO,canesm2_rcp85_r1i1p1,GCAM-ref,72,128156799648.7328,119480078434.30685,6.770394733801188,37,50.74648666381836
ORO,ccsm4_rcp26_r1i1p1,FORE-SCE-A2,72,84976646587.96439,81707225555.21707,3.8474347529858566,38,36.50805401802063
ORO,ccsm4_rcp26_r1i1p1,GCAM-45,72,145312278070.58633,140452038636.3269,3.3446860091881137,44,36.958412885665894
ORO,ccsm4_rcp26_r1i1p1,GCAM-ref,72,98722708203.133,94950208989.08444,3.8213084737163117,47,37.953837156295776
ORO,canesm2_rcp85_r1i1p1,LUCAS-BAU_High-0001,72,74932075364.82883,67269929343.63931,10.225455499376078,40,52.3393440246582
ORO,ccsm4_rcp26_r1i1p1,LUCAS-BAU_High-0002,72,54294026735.42698,52184806828.69369,3.884810233382485,36,37.512001037597656
ORO,ccsm4_rcp26_r1i1p1,LUCAS-BAU_High-0001,72,52013221733.36682,49620056465.764694,4.601071012040192,43,38.237380027770996
ORO,canesm2_rcp85_r1i1p1,LUCAS-BAU_High-0002,72,77226931307.10353,70494611437.38953,8.717580455116114,37,53.29811716079712
ORO,ccsm4_rcp45_r1i1p1,FORE-SCE-A2,72,80759028434.8577,78179442793.6278,3.1941761698020543,33,40.73395299911499
ORO,ccsm4_rcp45_r1i1p1,FORE-SCE-A1B,72,100962827864.17018,96978162052.07297,3.9466662101203864,31,42.90829300880432
ORO,ccsm4_rcp45_r1i1p1,GCAM-26,72,222893074423.47366,219567162748.87778,1.492155681910956,30,40.31670594215393
ORO,ccsm4_rcp45_r1i1p1,GCAM-45,72,146218902327.1358,142317370469.97165,2.6682814568223523,21,42.83698296546936
ORO,ccsm4_rcp45_r1i1p1,FORE-SCE-B1,72,66666369473.97294,64203773953.26457,3.6939097481073713,37,47.810731172561646
ORO,ccsm4_rcp45_r1i1p1,GCAM-ref,72,104086776519.89044,100485934260.08539,3.459461787748752,29,46.841963052749634
ORO,ccsm4_rcp60_r1i1p1,GCAM-26,72,173973204316.48495,172034125241.2612,1.1145849056710233,22,41.7174072265625
ORO,ccsm4_rcp60_r1i1p1,FORE-SCE-A2,72,58262495857.73439,56223953808.45304,3.4988924165883173,24,45.87694811820984
ORO,ccsm4_rcp60_r1i1p1,FORE-SCE-B1,72,48329782242.32806,46411003629.57794,3.9701784773812143,27,45.306978940963745
ORO,ccsm4_rcp60_r1i1p1,FORE-SCE-A1B,72,74665326395.32755,72324719097.047,3.1347981871636454,22,47.19877076148987
ORO,ccsm4_rcp85_r1i1p1,FORE-SCE-A2,72,106685942733.82782,102986919596.36925,3.4672076214270486,40,38.04385805130005
ORO,ccsm4_rcp45_r1i1p1,LUCAS-BAU_High-0002,72,56546023042.51066,54131095948.51899,4.270728451010875,42,51.137985944747925
ORO,ccsm4_rcp85_r1i1p1,FORE-SCE-A1B,72,128596844476.20963,125031632756.41617,2.7723944038557047,36,39.30515003204346
ORO,ccsm4_rcp45_r1i1p1,LUCAS-BAU_High-0001,72,54336760191.74618,51302014056.38161,5.585070078995158,50,53.31813097000122
ORO,ccsm4_rcp60_r1i1p1,GCAM-45,72,110444498954.39426,107977748447.75294,2.2334752115267476,19,46.54307007789612
ORO,ccsm4_rcp85_r1i1p1,GCAM-26,72,269030731914.71298,265484574584.48178,1.3181235113895462,36,37.2398681640625
ORO,ccsm4_rcp85_r1i1p1,FORE-SCE-B1,72,87907250501.83379,84621865362.22787,3.7373312449777707,40,41.539055824279785
ORO,ccsm4_rcp60_r1i1p1,GCAM-ref,72,78137749165.30368,76771281904.30455,1.7487927097929457,15,46.139930963516235
ORO,ccsm4_rcp85_r1i1p1,GCAM-45,72,180051313378.5456,176401836697.25354,2.0269092253824783,33,39.21030783653259
ORO,ccsm4_rcp85_r1i1p1,LUCAS-BAU_High-0001,72,68129904278.84988,65226247943.40538,4.261941017207482,42,40.60711598396301
ORO,ccsm4_rcp60_r1i1p1,LUCAS-BAU_High-0001,72,38503470513.15922,36399379155.13236,5.4646797547970305,33,49.53747296333313
ORO,ccsm4_rcp85_r1i1p1,GCAM-ref,72,127191046912.86873,123569303731.52486,2.8474827979243833,37,41.861032247543335
ORO,ccsm4_rcp85_r1i1p1,LUCAS-BAU_High-0002,72,70983688844.29605,68011904632.384415,4.186573366777679,35,41.6428279876709
ORO,cesm1-bgc_rcp45_r1i1p1,FORE-SCE-A1B,72,108338117626.52707,104146770579.00626,3.8687648810454722,37,38.23102021217346
ORO,ccsm4_rcp60_r1i1p1,LUCAS-BAU_High-0002,72,40274719861.510605,37661360129.17223,6.488834041117397,36,51.39972901344299
ORO,cesm1-bgc_rcp45_r1i1p1,FORE-SCE-A2,72,87572953288.10834,82837442195.92401,5.407504160108489,48,38.31184482574463
ORO,cesm1-bgc_rcp45_r1i1p1,FORE-SCE-B1,72,71474982322.35144,67583252542.17154,5.444883865277839,48,39.14308190345764
ORO,cesm1-bgc_rcp45_r1i1p1,GCAM-26,72,231834435541.26144,226812078987.80817,2.166354856528385,40,35.60267686843872
ORO,cesm1-bgc_rcp45_r1i1p1,GCAM-45,72,154204065170.96744,150100733811.2341,2.6609748291550828,38,37.69317102432251
ORO,cesm1-bgc_rcp45_r1i1p1,GCAM-ref,72,107627866155.2067,103948636544.72205,3.418473060851124,35,39.74948287010193
ORO,cesm1-bgc_rcp45_r1i1p1,LUCAS-BAU_High-0001,72,55246215176.176834,51674222748.21279,6.465587582014765,44,39.934162855148315
ORO,cesm1-bgc_rcp45_r1i1p1,LUCAS-BAU_High-0002,72,57805715685.28481,54686234614.87784,5.3964924288638745,46,39.88525676727295
ORO,cesm1-cam5_rcp26_r1i1p1,FORE-SCE-A1B,72,79305302742.34297,77225433824.69502,2.622610148031701,33,38.57021379470825
ORO,cesm1-bgc_rcp85_r1i1p1,GCAM-26,72,182167560777.86826,179123722647.84808,1.6709001959639647,26,44.23466968536377
ORO,cesm1-cam5_rcp26_r1i1p1,FORE-SCE-A2,72,64755764707.21771,63252449070.61878,2.3215163057619947,24,39.04311919212341
ORO,cesm1-cam5_rcp26_r1i1p1,GCAM-26,72,188193573173.9827,186728527214.7069,0.7784782097321474,28,35.976552963256836
ORO,cesm1-bgc_rcp85_r1i1p1,FORE-SCE-A1B,72,76353461386.35126,72751098511.08745,4.718008600861879,32,51.902458906173706
ORO,cesm1-cam5_rcp26_r1i1p1,GCAM-45,72,117924479969.46782,116097857538.60692,1.5489764562318542,29,39.223325967788696
ORO,cesm1-bgc_rcp85_r1i1p1,GCAM-45,72,113408931971.71846,109888852473.9806,3.103882063377228,30,49.2558958530426
ORO,cesm1-cam5_rcp26_r1i1p1,FORE-SCE-B1,72,50427082323.9081,47946626651.34253,4.918895875499729,29,42.29697299003601
ORO,cesm1-bgc_rcp85_r1i1p1,FORE-SCE-A2,72,56605455696.80923,53189902825.45603,6.033964092874045,40,53.6770601272583
ORO,cesm1-cam5_rcp26_r1i1p1,GCAM-ref,72,76611525914.76785,74230582618.64267,3.1078134362889975,39,42.40151500701904
ORO,cesm1-cam5_rcp26_r1i1p1,LUCAS-BAU_High-0001,72,36792013259.54236,35176580115.898285,4.390716898932123,33,42.64278030395508
ORO,cesm1-cam5_rcp45_r1i1p1,FORE-SCE-A1B,72,153788314234.3087,150910731120.8046,1.871132490027727,43,42.205896854400635
ORO,cesm1-cam5_rcp45_r1i1p1,GCAM-26,72,305846470969.4942,302412566760.97296,1.1227542360178977,38,38.23768091201782
ORO,cesm1-cam5_rcp26_r1i1p1,LUCAS-BAU_High-0002,72,38644104130.005455,36928732890.7183,4.438895086081828,38,42.94128370285034
ORO,cesm1-cam5_rcp45_r1i1p1,FORE-SCE-A2,72,125182869567.8716,122024941388.87971,2.5226520129255525,39,42.60339307785034
ORO,cesm1-bgc_rcp85_r1i1p1,FORE-SCE-B1,72,48072811247.90917,45484904542.65792,5.383306359816453,39,58.7670202255249
ORO,cesm1-bgc_rcp85_r1i1p1,GCAM-ref,72,80152254358.19928,75717008426.24168,5.533526121594212,38,57.40609002113342
ORO,cesm1-cam5_rcp45_r1i1p1,GCAM-45,72,210971331626.91153,206827097587.21973,1.964358857544024,41,41.21549391746521
ORO,cesm1-cam5_rcp45_r1i1p1,FORE-SCE-B1,72,108895627326.9184,106057167230.21614,2.6065877633275725,38,46.3820321559906
ORO,cesm1-bgc_rcp85_r1i1p1,LUCAS-BAU_High-0002,72,39131914778.163284,36860830204.62552,5.803663292257544,42,60.219409704208374
ORO,cesm1-bgc_rcp85_r1i1p1,LUCAS-BAU_High-0001,72,36983597363.92828,34530858387.56471,6.6319643063057825,41,63.26060485839844
ORO,cesm1-cam5_rcp45_r1i1p1,GCAM-ref,72,158987707244.12424,155930927891.9527,1.9226513830266634,39,43.03088593482971
ORO,cesm1-cam5_rcp45_r1i1p1,LUCAS-BAU_High-0001,72,89726306030.45047,87328075411.10233,2.6728288786727172,36,48.54662084579468
ORO,cesm1-cam5_rcp45_r1i1p1,LUCAS-BAU_High-0002,72,93343385856.96434,90848581083.33417,2.6727172479613204,41,48.13431191444397
ORO,cesm1-cam5_rcp60_r1i1p1,FORE-SCE-A1B,72,122521657033.77425,119402648397.19994,2.545679443197968,40,41.02542686462402
ORO,cesm1-cam5_rcp60_r1i1p1,GCAM-26,72,256800467936.32336,252584037934.3066,1.6419090026978722,37,39.03683090209961
ORO,cesm1-cam5_rcp60_r1i1p1,FORE-SCE-A2,72,99746319717.46237,97429716749.66672,2.3224946788588996,38,43.506606101989746
ORO,cesm1-cam5_rcp60_r1i1p1,GCAM-45,72,172990834117.5922,170234642490.22937,1.593258765079586,31,40.180269956588745
ORO,cesm1-cam5_rcp85_r1i1p1,FORE-SCE-A1B,72,137801076254.02798,136833001442.28848,0.7025161472287156,13,39.19132208824158
ORO,cesm1-cam5_rcp60_r1i1p1,FORE-SCE-B1,72,83291710758.25081,80672898997.64673,3.1441445214218544,39,45.816837787628174
ORO,cesm1-cam5_rcp85_r1i1p1,FORE-SCE-A2,72,112566391057.68755,111736577069.43059,0.7371773941226345,16,37.85431790351868
ORO,cesm1-cam5_rcp85_r1i1p1,GCAM-26,72,281072706923.434,279604020527.9281,0.5225289967076052,22,36.6969108581543
ORO,cesm1-cam5_rcp85_r1i1p1,GCAM-45,72,190335896344.4333,189140573859.66107,0.6280068593100041,19,37.80472493171692
ORO,cesm1-cam5_rcp85_r1i1p1,FORE-SCE-B1,72,95506578446.23085,94025150711.2974,1.5511263821135435,24,39.61892509460449
ORO,cesm1-cam5_rcp60_r1i1p1,LUCAS-BAU_High-0002,72,69304794712.88162,67456098156.87148,2.6674872404845673,34,44.66561794281006
ORO,cesm1-cam5_rcp85_r1i1p1,GCAM-ref,72,137630080008.40384,136574927178.88226,0.7666585890650834,13,39.903566122055054
ORO,cesm1-cam5_rcp60_r1i1p1,LUCAS-BAU_High-0001,72,66564180372.51944,64948685033.5705,2.426973981964453,32,46.32301688194275
ORO,cesm1-cam5_rcp60_r1i1p1,GCAM-ref,72,124358928610.12433,121271583233.39267,2.4826085358219396,37,46.61846685409546
ORO,cmcc-cm_rcp45_r1i1p1,FORE-SCE-A1B,72,112982953284.59122,111435226354.8627,1.369876503254408,27,37.786190032958984
ORO,cesm1-cam5_rcp85_r1i1p1,LUCAS-BAU_High-0001,72,75179888946.69621,73859169713.10829,1.7567453904119623,26,41.13260293006897
ORO,cesm1-cam5_rcp85_r1i1p1,LUCAS-BAU_High-0002,72,78651849173.88492,77294246296.14217,1.7260914930828153,26,40.66017270088196
ORO,cmcc-cm_rcp45_r1i1p1,FORE-SCE-A2,72,88948548677.99052,87431889334.3314,1.7050973469501907,18,38.3051540851593
ORO,cmcc-cm_rcp45_r1i1p1,FORE-SCE-B1,72,72662755870.57222,71189765593.3785,2.027159938466183,20,38.76072907447815
ORO,cmcc-cm_rcp45_r1i1p1,GCAM-26,72,253541831739.25616,251423336899.34286,0.8355602802822548,36,36.327850103378296
ORO,cmcc-cm_rcp45_r1i1p1,GCAM-45,72,163759067858.7032,162066619841.95712,1.0334988094866104,25,37.42733573913574
ORO,cmcc-cm_rcp45_r1i1p1,GCAM-ref,72,112709741623.19221,111150788514.94678,1.3831573791174834,25,38.43412685394287
ORO,cmcc-cm_rcp85_r1i1p1,FORE-SCE-A2,72,127078049928.86334,124930780211.44722,1.6897251087958476,29,34.61465287208557
ORO,cmcc-cm_rcp85_r1i1p1,FORE-SCE-A1B,72,147282982671.19962,144866563146.56604,1.6406644412057303,30,34.96710562705994
ORO,cmcc-cm_rcp45_r1i1p1,LUCAS-BAU_High-0001,72,54885006415.699615,53780482123.85515,2.0124335660613557,18,39.45503211021423
ORO,cmcc-cm_rcp85_r1i1p1,GCAM-26,72,296612662274.3058,294153120682.9708,0.8292099104860173,24,34.046674966812134
ORO,cmcc-cm_rcp45_r1i1p1,LUCAS-BAU_High-0002,72,57750748234.85515,56433908074.27088,2.280213158847866,24,39.07031607627869
ORO,cmcc-cm_rcp85_r1i1p1,FORE-SCE-B1,72,105014838973.1358,102508179772.40579,2.386957143619717,25,35.69502520561218
ORO,cmcc-cm_rcp85_r1i1p1,GCAM-45,72,202392743291.81525,200066200221.20786,1.1495190157351232,22,34.860777139663696
ORO,cmcc-cm_rcp85_r1i1p1,LUCAS-BAU_High-0001,72,82632744152.17703,81022985893.9339,1.948087619211325,22,35.39806008338928
ORO,cmcc-cm_rcp85_r1i1p1,LUCAS-BAU_High-0002,72,85557795320.02715,83723846446.01935,2.143520490620343,22,35.46763896942139
ORO,cmcc-cm_rcp85_r1i1p1,GCAM-ref,72,144450598345.23404,142111453876.3122,1.619338719062513,25,36.10450506210327
ORO,cnrm-cm5_rcp45_r1i1p1,GCAM-26,72,122879914978.06862,120008773002.17566,2.336542938205477,22,48.33803200721741
ORO,cnrm-cm5_rcp85_r1i1p1,GCAM-26,72,161463935098.42383,158952939053.0387,1.5551435952892545,21,41.83875393867493
ORO,cnrm-cm5_rcp85_r1i1p1,FORE-SCE-A2,72,49972555343.63514,47741533985.33563,4.464493246258749,36,47.97288990020752
ORO,cnrm-cm5_rcp85_r1i1p1,FORE-SCE-A1B,72,63770639341.85126,61405494843.304535,3.708829836044203,36,48.55999302864075
ORO,cnrm-cm5_rcp45_r1i1p1,FORE-SCE-A1B,72,42778248112.51792,39399873118.00257,7.897413156399824,34,55.224944829940796
ORO,cnrm-cm5_rcp45_r1i1p1,FORE-SCE-B1,72,23913316297.398266,21273036466.742416,11.041044235855768,43,53.603204011917114
ORO,cnrm-cm5_rcp45_r1i1p1,FORE-SCE-A2,72,30971240100.890507,27362509612.443657,11.65187598782358,37,54.6857488155365
ORO,cnrm-cm5_rcp85_r1i1p1,GCAM-45,72,97044733231.08186,94876694321.17992,2.2340613835677536,25,45.36837601661682
ORO,cnrm-cm5_rcp45_r1i1p1,GCAM-45,72,70217057492.5759,66677267465.048416,5.041211001901846,38,54.76416206359863
ORO,cnrm-cm5_rcp85_r1i1p1,FORE-SCE-B1,72,39656484807.24746,37698170348.03985,4.938194771236293,41,50.479071855545044
ORO,cnrm-cm5_rcp45_r1i1p1,GCAM-ref,72,44119191955.6311,40284808747.00736,8.690964268973522,39,61.460877895355225
ORO,csiro-mk3-6-0_rcp26_r1i1p1,GCAM-26,72,292741793227.5142,289687314092.51117,1.0434038479190333,37,36.387941122055054
ORO,cnrm-cm5_rcp85_r1i1p1,GCAM-ref,72,62780175180.54127,60999725850.82481,2.83600567312261,30,51.37318134307861
ORO,cnrm-cm5_rcp45_r1i1p1,LUCAS-BAU_High-0001,72,17225314993.35848,15127473511.826754,12.178827976966367,59,63.705739974975586
ORO,csiro-mk3-6-0_rcp26_r1i1p1,FORE-SCE-A1B,72,147072239925.39514,144966272184.47745,1.4319274269474547,34,40.24179291725159
ORO,csiro-mk3-6-0_rcp26_r1i1p1,FORE-SCE-A2,72,119314687186.94937,117029000191.78392,1.9156794934927834,35,41.04862976074219
ORO,csiro-mk3-6-0_rcp26_r1i1p1,GCAM-45,72,201561718934.9102,199124340590.1078,1.2092466554075698,37,38.39815807342529
ORO,cnrm-cm5_rcp45_r1i1p1,LUCAS-BAU_High-0002,72,18389537032.159748,15445640746.280365,16.00853942506044,60,67.48982000350952
ORO,csiro-mk3-6-0_rcp26_r1i1p1,FORE-SCE-B1,72,102957832933.06357,100986130654.78215,1.9150580602869671,39,43.458470821380615
ORO,csiro-mk3-6-0_rcp26_r1i1p1,GCAM-ref,72,150235458687.40164,148531212955.2904,1.1343831522871661,39,40.57711982727051
ORO,csiro-mk3-6-0_rcp26_r1i1p1,LUCAS-BAU_High-0002,72,87714929171.84677,85921129223.51147,2.045033799002416,37,43.1867036819458
ORO,csiro-mk3-6-0_rcp26_r1i1p1,LUCAS-BAU_High-0001,72,84158430614.15355,82469519901.68732,2.006822964902333,41,43.66850996017456
ORO,cnrm-cm5_rcp85_r1i1p1,LUCAS-BAU_High-0001,72,28131796769.923847,26794646963.811943,4.753161758730862,37,51.42920994758606
ORO,cnrm-cm5_rcp85_r1i1p1,LUCAS-BAU_High-0002,72,29713930493.79754,27906305913.499935,6.083424677441862,43,53.946861743927
ORO,csiro-mk3-6-0_rcp45_r1i1p1,FORE-SCE-A2,72,107250133032.35918,105759256456.25534,1.3900929853896016,24,38.496339082717896
ORO,csiro-mk3-6-0_rcp45_r1i1p1,FORE-SCE-A1B,72,133052275761.60263,131182751589.56102,1.4051049945145944,30,38.632668018341064
ORO,csiro-mk3-6-0_rcp45_r1i1p1,GCAM-26,72,285117773004.1663,282762671010.09924,0.8260102375423184,32,36.18355202674866
ORO,csiro-mk3-6-0_rcp45_r1i1p1,GCAM-45,72,190127581198.96188,187907373878.98547,1.1677460502971582,32,38.22558093070984
ORO,csiro-mk3-6-0_rcp45_r1i1p1,FORE-SCE-B1,72,88337345003.98592,86906660456.48343,1.6195693309980386,29,39.29895782470703
ORO,csiro-mk3-6-0_rcp45_r1i1p1,GCAM-ref,72,134931369795.82402,132526259251.15378,1.7824695238102262,35,39.4697630405426
ORO,csiro-mk3-6-0_rcp45_r1i1p1,LUCAS-BAU_High-0001,72,70335839403.76103,69237755277.15378,1.561201424360248,26,39.417750120162964
ORO,csiro-mk3-6-0_rcp60_r1i1p1,FORE-SCE-A1B,72,105345511078.45096,102306836258.16982,2.884484387776365,40,38.65394306182861
ORO,csiro-mk3-6-0_rcp45_r1i1p1,LUCAS-BAU_High-0002,72,73410647321.62338,72270103594.73198,1.5536489167497836,32,39.72458577156067
ORO,csiro-mk3-6-0_rcp60_r1i1p1,FORE-SCE-A2,72,86253848358.62395,83500269304.74931,3.192412983622339,39,38.6802978515625
ORO,csiro-mk3-6-0_rcp60_r1i1p1,GCAM-26,72,232222501820.70203,230326983144.23206,0.8162510788612076,34,35.91661477088928
ORO,csiro-mk3-6-0_rcp60_r1i1p1,FORE-SCE-B1,72,69672700904.79428,67098875721.191986,3.69416593612375,37,40.18937611579895
ORO,csiro-mk3-6-0_rcp60_r1i1p1,GCAM-45,72,151611961765.89365,148859289956.39816,1.8156033187842535,33,38.18608999252319
ORO,csiro-mk3-6-0_rcp60_r1i1p1,GCAM-ref,72,103887392896.00089,100664525044.05434,3.1022704123231604,37,40.82685399055481
ORO,csiro-mk3-6-0_rcp60_r1i1p1,LUCAS-BAU_High-0001,72,54115059518.04345,52143455991.6063,3.643354629924711,36,41.600665807724
ORO,csiro-mk3-6-0_rcp85_r1i1p1,GCAM-26,72,286100277575.128,284326986589.0571,0.6198144934009053,30,37.812458992004395
ORO,csiro-mk3-6-0_rcp60_r1i1p1,LUCAS-BAU_High-0002,72,56492466135.99951,54280237507.58145,3.9159710661105795,39,42.295204877853394
ORO,csiro-mk3-6-0_rcp85_r1i1p1,FORE-SCE-A2,72,110423750195.87666,108790126900.82936,1.4794129814912793,31,40.68745493888855
ORO,csiro-mk3-6-0_rcp85_r1i1p1,FORE-SCE-A1B,72,137098803756.41792,135832850480.54916,0.9233875432771543,21,43.05259919166565
ORO,csiro-mk3-6-0_rcp85_r1i1p1,GCAM-45,72,192364453139.8814,190692700262.7082,0.86905498905121,22,38.64889073371887
ORO,csiro-mk3-6-0_rcp85_r1i1p1,FORE-SCE-B1,72,93507888286.25317,91527155161.76556,2.1182524392210023,32,44.467740297317505
ORO,csiro-mk3-6-0_rcp85_r1i1p1,LUCAS-BAU_High-0001,72,74265575145.17545,73060780143.56598,1.6222792313320356,25,42.714213848114014
ORO,csiro-mk3-6-0_rcp85_r1i1p1,GCAM-ref,72,140471014432.90347,138869850672.0209,1.1398534903066193,28,44.81536316871643
ORO,csiro-mk3-6-0_rcp85_r1i1p1,LUCAS-BAU_High-0002,72,77551342107.72832,76021984811.4768,1.9720578067198957,27,45.46825885772705
ORO,fgoals-g2_rcp26_r1i1p1,GCAM-26,72,170978894905.77386,166984990911.19293,2.335904672200606,26,43.69266605377197
ORO,fgoals-g2_rcp26_r1i1p1,FORE-SCE-A2,72,52531994826.56626,48564176075.42951,7.553146923577625,35,48.18643498420715
ORO,fgoals-g2_rcp26_r1i1p1,FORE-SCE-A1B,72,70505797945.68878,66690293944.807526,5.411617359214016,36,48.642783403396606
ORO,fgoals-g2_rcp26_r1i1p1,GCAM-45,72,105593794760.2335,100882853048.22586,4.461381203985082,29,44.749423027038574
SHA,access1-0_rcp45_r1i1p1,FORE-SCE-A1B,72,157922280217.5727,155085011077.11945,1.7966237167702293,45,46.290467739105225
SHA,access1-0_rcp45_r1i1p1,FORE-SCE-A2,72,125932195846.62997,123584404733.73709,1.864329528369546,51,46.867676973342896
ORO,fgoals-g2_rcp26_r1i1p1,FORE-SCE-B1,72,43998437727.70225,40663977121.455505,7.57858864644938,48,54.42422914505005
SHA,access1-0_rcp45_r1i1p1,GCAM-26,72,390612861374.94617,387489555763.19336,0.7995910838058062,47,40.89296793937683
ORO,fgoals-g2_rcp26_r1i1p1,GCAM-ref,72,72774751458.72197,68955571682.53513,5.247946162142636,35,52.025562047958374
SHA,access1-0_rcp45_r1i1p1,GCAM-45,72,239810217808.74072,237135536864.94553,1.1153323524889847,53,42.896464109420776
SHA,access1-0_rcp45_r1i1p1,FORE-SCE-B1,72,96151757002.87898,94334484845.81427,1.890004107787957,47,48.54350686073303
ORO,fgoals-g2_rcp26_r1i1p1,LUCAS-BAU_High-0002,72,35855609369.93971,33566215443.3093,6.3850370049763345,43,55.38019108772278
ORO,fgoals-g2_rcp26_r1i1p1,LUCAS-BAU_High-0001,72,33930108817.803043,30853906341.66413,9.066291218390777,51,58.386921882629395
SHA,access1-0_rcp85_r1i1p1,GCAM-26,72,622626317561.8308,615047161935.5369,1.2172880285519438,33,39.35255479812622
SHA,access1-0_rcp85_r1i1p1,FORE-SCE-A1B,72,288621302558.3373,281727542827.3585,2.3885138310556164,41,43.82108402252197
SHA,access1-0_rcp85_r1i1p1,FORE-SCE-A2,72,232483750024.31546,226135076071.1107,2.73080331530301,35,43.64703416824341
SHA,access1-0_rcp45_r1i1p1,GCAM-ref,72,152167127973.00424,149197840796.17166,1.951332864322286,53,48.7334680557251
SHA,access1-0_rcp85_r1i1p1,GCAM-45,72,408027027573.28046,400477022637.1694,1.8503688299802978,39,42.07951998710632
SHA,access1-0_rcp85_r1i1p1,FORE-SCE-B1,72,192903841959.92615,186748981977.74908,3.190636287822446,36,46.930798053741455
SHA,access1-0_rcp45_r1i1p1,LUCAS-BAU_High-0001,72,68121375685.768715,66818466931.87805,1.912628364847968,47,51.170546770095825
SHA,access1-0_rcp45_r1i1p1,LUCAS-BAU_High-0002,72,71984455556.54199,70659095830.43178,1.8411748979183074,46,51.124027967453
SHA,access1-0_rcp85_r1i1p1,GCAM-ref,72,287665196391.70154,280204177447.47363,2.5936467246696626,42,45.57927489280701
SHA,access1-0_rcp85_r1i1p1,LUCAS-BAU_High-0001,72,146428479294.10593,140446048451.79102,4.085565097141397,38,51.01101493835449
SHA,access1-0_rcp85_r1i1p1,LUCAS-BAU_High-0002,72,153668534522.73453,147600779043.35065,3.9485998211860274,34,50.09085011482239
SHA,bcc-csm1-1-m_rcp45_r1i1p1,GCAM-26,72,426151401641.08905,417410464192.2725,2.0511342718000147,68,48.52455997467041
SHA,bcc-csm1-1-m_rcp45_r1i1p1,FORE-SCE-A2,72,146690138496.6843,141460383616.02142,3.5651714111518684,76,54.13624715805054
SHA,bcc-csm1-1-m_rcp45_r1i1p1,FORE-SCE-A1B,72,183220860982.4816,177271445559.69357,3.2471277511117447,75,55.887641191482544
SHA,bcc-csm1-1-m_rcp45_r1i1p1,GCAM-45,72,269241847223.99832,261846649478.04733,2.7466747172472328,79,51.48827028274536
SHA,bcc-csm1-1-m_rcp45_r1i1p1,FORE-SCE-B1,72,117954090789.53462,113462716086.93645,3.807731188070562,74,57.97867703437805
SHA,bcc-csm1-1-m_rcp85_r1i1p1,GCAM-26,72,399895869509.57996,388252376473.1203,2.9116312330854766,58,47.98029899597168
SHA,bcc-csm1-1-m_rcp85_r1i1p1,FORE-SCE-A1B,72,178906889607.23535,170110545748.05396,4.916716107743257,59,55.1262788772583
SHA,bcc-csm1-1-m_rcp45_r1i1p1,GCAM-ref,72,181612609163.45145,175948653278.96335,3.1187018955223134,71,58.04018688201904
SHA,bcc-csm1-1_rcp26_r1i1p1,GCAM-26,72,612627494040.9902,604202130867.8772,1.3752832275838567,74,40.99506115913391
SHA,bcc-csm1-1-m_rcp85_r1i1p1,FORE-SCE-A2,72,148015555564.4919,142499914746.82376,3.726392673143686,62,54.462562084198
SHA,bcc-csm1-1_rcp26_r1i1p1,FORE-SCE-A1B,72,298015423730.58636,289362251319.2601,2.9035988483431585,73,46.449345111846924
SHA,bcc-csm1-1-m_rcp85_r1i1p1,GCAM-45,72,256602779439.35562,247213181504.78528,3.659195724647024,59,51.75080609321594
SHA,bcc-csm1-1-m_rcp45_r1i1p1,LUCAS-BAU_High-0001,72,86449020306.2078,82940025283.28233,4.059033879732099,76,61.172333002090454
SHA,bcc-csm1-1_rcp26_r1i1p1,FORE-SCE-A2,72,241858682829.22116,234556904507.71985,3.0190267457369635,76,46.444000005722046
SHA,bcc-csm1-1-m_rcp45_r1i1p1,LUCAS-BAU_High-0002,72,90663052009.47282,86983178887.16353,4.058845406974399,75,61.23338007926941
SHA,bcc-csm1-1_rcp26_r1i1p1,GCAM-45,72,415496066659.57623,407022578800.70514,2.0393665641637915,82,44.253663063049316
SHA,bcc-csm1-1-m_rcp85_r1i1p1,FORE-SCE-B1,72,119638261214.80368,114033942970.63123,4.684386238370863,51,55.867213010787964
SHA,bcc-csm1-1_rcp26_r1i1p1,FORE-SCE-B1,72,200775006313.5532,193587650458.295,3.579806066116409,77,48.82779812812805
SHA,bcc-csm1-1-m_rcp85_r1i1p1,GCAM-ref,72,173324173899.56485,165372708368.7271,4.587626383521859,59,56.718843936920166
SHA,bcc-csm1-1_rcp26_r1i1p1,GCAM-ref,72,299303633865.5453,290287201856.74335,3.0124699430987723,80,48.19446516036987
SHA,bcc-csm1-1-m_rcp85_r1i1p1,LUCAS-BAU_High-0001,72,91779038987.13168,85952267385.81673,6.348695372733126,63,58.11301565170288
SHA,bcc-csm1-1-m_rcp85_r1i1p1,LUCAS-BAU_High-0002,72,95336996330.0378,88901454219.32155,6.750309280185074,67,58.117769956588745
SHA,bcc-csm1-1_rcp26_r1i1p1,LUCAS-BAU_High-0001,72,161107506198.4304,154462389211.3388,4.124647661609904,69,50.47476887702942
SHA,bcc-csm1-1_rcp26_r1i1p1,LUCAS-BAU_High-0002,72,168036986838.5641,161191536037.35306,4.073776214392355,69,50.995604038238525
SHA,bcc-csm1-1_rcp45_r1i1p1,FORE-SCE-A1B,72,247398566058.12646,235458312091.37793,4.8263230288663745,59,42.75793790817261
SHA,bcc-csm1-1_rcp45_r1i1p1,GCAM-26,72,527039740194.9445,515266163685.65625,2.233906783752848,54,38.87336230278015
SHA,bcc-csm1-1_rcp45_r1i1p1,FORE-SCE-A2,72,209545935118.32892,198988529798.69177,5.038229595661425,54,42.83378195762634
SHA,bcc-csm1-1_rcp45_r1i1p1,FORE-SCE-B1,72,167588611651.37732,157991493362.0861,5.726593349466624,49,43.907607078552246
SHA,bcc-csm1-1_rcp45_r1i1p1,GCAM-45,72,350290899483.7577,338152786787.6592,3.4651521675233665,51,41.30838990211487
SHA,bcc-csm1-1_rcp45_r1i1p1,GCAM-ref,72,238674670959.5835,227495646595.17438,4.683791673186022,55,43.16136813163757
SHA,bcc-csm1-1_rcp45_r1i1p1,LUCAS-BAU_High-0002,72,134694595680.53691,125587970688.2137,6.760943114541829,51,45.040590047836304
SHA,bcc-csm1-1_rcp45_r1i1p1,LUCAS-BAU_High-0001,72,129729504820.59218,120316452739.41031,7.255906891959185,51,46.311851978302
SHA,bcc-csm1-1_rcp60_r1i1p1,GCAM-26,72,480196211219.81976,476240709006.5633,0.8237262437386761,63,43.62836503982544
SHA,bcc-csm1-1_rcp85_r1i1p1,FORE-SCE-A1B,72,240430881286.80566,235202159725.17572,2.1747296077963885,61,45.90063214302063
SHA,bcc-csm1-1_rcp60_r1i1p1,GCAM-45,72,314572574149.3582,310970145905.4223,1.1451819198406987,60,48.273561239242554
SHA,bcc-csm1-1_rcp85_r1i1p1,FORE-SCE-A2,72,205789616305.07236,200380807155.9324,2.6283197598860775,65,45.843531131744385
SHA,bcc-csm1-1_rcp85_r1i1p1,GCAM-26,72,516431933690.05646,508010859801.03076,1.6306260979747411,54,41.775768995285034
SHA,bcc-csm1-1_rcp60_r1i1p1,FORE-SCE-A2,72,168600347047.48672,164925431995.40503,2.179660431568775,57,53.37017321586609
SHA,bcc-csm1-1_rcp85_r1i1p1,GCAM-45,72,341712225175.7756,335051008975.50574,1.9493643216432543,55,42.92417025566101
SHA,bcc-csm1-1_rcp60_r1i1p1,FORE-SCE-A1B,72,213798917163.64035,209818463135.4635,1.8617746436621285,65,55.36147379875183
SHA,bcc-csm1-1_rcp85_r1i1p1,FORE-SCE-B1,72,163308804712.85236,157674955151.59512,3.44981372631028,74,47.82392692565918
SHA,bcc-csm1-1_rcp60_r1i1p1,FORE-SCE-B1,72,138087855519.5814,133770149477.48969,3.1267818779903034,71,57.948392152786255
SHA,bcc-csm1-1_rcp60_r1i1p1,GCAM-ref,72,221348008773.981,217622936091.884,1.6829031816141926,57,56.830426931381226
SHA,bcc-csm1-1_rcp85_r1i1p1,GCAM-ref,72,233437781928.95795,226356471908.88724,3.0334892499217503,58,48.937721252441406
SHA,bcc-csm1-1_rcp60_r1i1p1,LUCAS-BAU_High-0002,72,117889714924.7122,114722366088.14294,2.6867049755714634,57,58.55208683013916
SHA,bcc-csm1-1_rcp60_r1i1p1,LUCAS-BAU_High-0001,72,113015260227.38678,109812561056.84456,2.83386435079509,63,59.16722512245178
SHA,bcc-csm1-1_rcp85_r1i1p1,LUCAS-BAU_High-0001,72,125504135556.18382,119547872631.70433,4.745869845709649,65,52.36928105354309
SHA,bcc-csm1-1_rcp85_r1i1p1,LUCAS-BAU_High-0002,72,130230167808.6904,124568628135.30563,4.34733347015388,64,51.52158713340759
SHA,canesm2_rcp26_r1i1p1,FORE-SCE-A1B,72,257947655974.3645,245997439395.75488,4.632806812478751,63,57.37130308151245
SHA,canesm2_rcp26_r1i1p1,GCAM-26,72,484050770197.8431,472829134169.655,2.3182766600291727,54,50.39389491081238
SHA,canesm2_rcp26_r1i1p1,GCAM-45,72,338151064753.43115,327180687364.6738,3.2442238195395268,60,53.56997609138489
SHA,canesm2_rcp26_r1i1p1,FORE-SCE-A2,72,219589220754.8696,207682517928.181,5.42226197887018,64,57.52415490150452
SHA,canesm2_rcp26_r1i1p1,FORE-SCE-B1,72,195131186247.4212,184548472223.2267,5.423384251236952,73,61.49791693687439
SHA,canesm2_rcp26_r1i1p1,GCAM-ref,72,258073862649.42657,246789662063.43588,4.372469365996745,55,59.63277006149292
SHA,canesm2_rcp45_r1i1p1,GCAM-26,72,393693661826.7712,372737279017.8652,5.323017574544298,67,55.96512722969055
SHA,canesm2_rcp26_r1i1p1,LUCAS-BAU_High-0002,72,173372083806.95325,163073323147.6572,5.940264679960549,66,63.25500512123108
SHA,canesm2_rcp45_r1i1p1,FORE-SCE-A1B,72,176596201836.0256,162121588682.48483,8.196446471131269,72,62.987606048583984
SHA,canesm2_rcp26_r1i1p1,LUCAS-BAU_High-0001,72,169972771091.4767,159370091772.7841,6.237869307305955,64,64.40389800071716
SHA,canesm2_rcp45_r1i1p1,FORE-SCE-A2,72,144067931266.28656,128857961529.27711,10.557498537891997,71,62.25567698478699
SHA,canesm2_rcp85_r1i1p1,FORE-SCE-A1B,72,681999264215.3492,656807716082.2013,3.6937793711744327,79,56.6647047996521
SHA,canesm2_rcp45_r1i1p1,GCAM-45,72,253704932252.54843,238441764423.25516,6.016110011649156,76,59.89833307266235
SHA,canesm2_rcp85_r1i1p1,GCAM-26,72,924961591425.9421,895274601076.2948,3.2095376310578683,68,52.54900407791138
SHA,canesm2_rcp85_r1i1p1,FORE-SCE-A2,72,646006821593.084,623820321792.7339,3.434406427108172,76,56.02937412261963
SHA,canesm2_rcp85_r1i1p1,GCAM-45,72,771502988436.5408,743655177571.6262,3.6095532074799097,74,53.255943059921265
SHA,canesm2_rcp85_r1i1p1,FORE-SCE-B1,72,614756685795.9327,592960680939.2833,3.5454685341778536,61,56.0591459274292
SHA,canesm2_rcp45_r1i1p1,FORE-SCE-B1,72,118112560651.64297,105808313031.61299,10.417391302115364,73,65.47985816001892
SHA,canesm2_rcp45_r1i1p1,GCAM-ref,72,173832665403.179,160812264300.89346,7.490192405487561,75,64.60482501983643
SHA,canesm2_rcp85_r1i1p1,GCAM-ref,72,682392288860.1276,658430593663.7191,3.5114252589861783,78,58.15705132484436
SHA,canesm2_rcp45_r1i1p1,LUCAS-BAU_High-0001,72,91036176418.41011,80261469585.60199,11.835632005551988,75,67.5657811164856
SHA,canesm2_rcp45_r1i1p1,LUCAS-BAU_High-0002,72,95733608521.26572,84676160776.52577,11.550225584867313,69,68.8108880519867
SHA,ccsm4_rcp26_r1i1p1,FORE-SCE-A2,72,126195179209.42973,123376515884.17154,2.233574485900469,56,45.40635108947754
SHA,ccsm4_rcp26_r1i1p1,GCAM-26,72,369239427056.0379,363419197856.98956,1.576275113807124,53,41.57348680496216
SHA,ccsm4_rcp26_r1i1p1,FORE-SCE-A1B,72,152793267322.53705,149738316907.11328,1.9994011967654046,50,46.212098598480225
SHA,canesm2_rcp85_r1i1p1,LUCAS-BAU_High-0001,72,585544358354.217,566152159540.334,3.3118240381289854,70,58.99348998069763
SHA,canesm2_rcp85_r1i1p1,LUCAS-BAU_High-0002,72,589884876204.7985,568472278001.5026,3.629962229420136,72,57.991491079330444
SHA,ccsm4_rcp26_r1i1p1,FORE-SCE-B1,72,97054619420.39069,93866641030.2153,3.284726074053934,56,47.72408604621887
SHA,ccsm4_rcp26_r1i1p1,GCAM-45,72,229762714951.34622,225800452789.85303,1.7245018027978287,51,44.14056205749512
SHA,ccsm4_rcp26_r1i1p1,GCAM-ref,72,147444441472.6562,143824223175.77805,2.4553101227281715,59,47.85547423362732
SHA,ccsm4_rcp26_r1i1p1,LUCAS-BAU_High-0001,72,69338071401.09662,67036409768.97948,3.319477432250506,57,50.3125159740448
SHA,ccsm4_rcp26_r1i1p1,LUCAS-BAU_High-0002,72,72881161495.49403,70087180994.79893,3.8336113796263227,62,50.4733669757843
SHA,ccsm4_rcp45_r1i1p1,GCAM-26,72,374153298323.1978,367701107979.7743,1.72447774009733,60,49.692651987075806
SHA,ccsm4_rcp45_r1i1p1,FORE-SCE-A1B,72,153577833596.68564,147926622430.80704,3.6797049636208445,78,56.79430413246155
SHA,ccsm4_rcp45_r1i1p1,FORE-SCE-A2,72,122846432616.49991,118267957477.98808,3.72699071596555,69,57.709819078445435
SHA,ccsm4_rcp45_r1i1p1,GCAM-45,72,233141643515.06195,226195991101.91095,2.9791556362183225,65,54.295340061187744
SHA,ccsm4_rcp45_r1i1p1,FORE-SCE-B1,72,96101974171.05554,91467843632.848,4.822097129824899,68,62.141502141952515
SHA,ccsm4_rcp45_r1i1p1,GCAM-ref,72,155452597505.83893,149821479900.62088,3.622401745333681,71,61.151320695877075
SHA,ccsm4_rcp60_r1i1p1,GCAM-26,72,326261086755.324,316133514396.97205,3.104131252387754,56,55.08579993247986
SHA,ccsm4_rcp60_r1i1p1,FORE-SCE-A2,72,104063883010.77122,96152467821.73389,7.602460104451858,69,62.098089933395386
SHA,ccsm4_rcp60_r1i1p1,FORE-SCE-A1B,72,134915561109.47174,126460038819.45015,6.267269854187319,57,62.437692165374756
SHA,ccsm4_rcp85_r1i1p1,FORE-SCE-A1B,72,222383969916.12372,211740079222.89996,4.786267057485438,72,49.33171820640564
SHA,ccsm4_rcp85_r1i1p1,FORE-SCE-A2,72,183065081235.2675,175508539634.77243,4.127789718009467,58,48.829792976379395
SHA,ccsm4_rcp85_r1i1p1,GCAM-26,72,482277801379.81384,471755740562.3935,2.1817427190960026,64,45.69925379753113
SHA,ccsm4_rcp60_r1i1p1,GCAM-45,72,203456245901.0345,194085343729.31375,4.605856227328086,53,58.93097114562988
SHA,ccsm4_rcp45_r1i1p1,LUCAS-BAU_High-0002,72,76582505274.19354,72279694330.94046,5.618529882050005,67,66.03914594650269
SHA,ccsm4_rcp45_r1i1p1,LUCAS-BAU_High-0001,72,73074829653.96338,68684240121.089455,6.00834727041446,76,67.42646908760071
SHA,ccsm4_rcp85_r1i1p1,GCAM-45,72,313301812070.97845,305251944724.25903,2.569365077561614,68,46.98219108581543
SHA,ccsm4_rcp85_r1i1p1,FORE-SCE-B1,72,147647608350.40692,142064486442.13486,3.781383234479385,57,50.28902006149292
SHA,ccsm4_rcp60_r1i1p1,FORE-SCE-B1,72,84610785761.79147,77108622623.14462,8.866674704768762,73,66.50956082344055
SHA,ccsm4_rcp60_r1i1p1,GCAM-ref,72,138576283379.01498,131365081095.93446,5.203778097697587,57,65.29467105865479
SHA,ccsm4_rcp85_r1i1p1,GCAM-ref,72,215583172653.2083,206666028457.56516,4.136289528490922,68,51.437079191207886
SHA,ccsm4_rcp60_r1i1p1,LUCAS-BAU_High-0001,72,64321501781.854256,58637909467.32287,8.836224523810454,76,70.12352895736694
SHA,ccsm4_rcp60_r1i1p1,LUCAS-BAU_High-0002,72,67455580169.233765,62212713906.71626,7.772324023252198,71,70.34521198272705
SHA,ccsm4_rcp85_r1i1p1,LUCAS-BAU_High-0001,72,109436867421.43645,104659971918.28754,4.3649782890379125,59,52.921201944351196
SHA,ccsm4_rcp85_r1i1p1,LUCAS-BAU_High-0002,72,114567255624.80664,109600423126.12871,4.335298486108186,62,53.498459815979004
SHA,cesm1-bgc_rcp45_r1i1p1,FORE-SCE-A1B,72,175748168439.06116,150253037580.73734,14.506626774414432,62,52.69195508956909
SHA,cesm1-bgc_rcp45_r1i1p1,GCAM-26,72,395266613980.063,366141345711.3502,7.368512097553936,77,48.220582246780396
SHA,cesm1-bgc_rcp45_r1i1p1,FORE-SCE-A2,72,141566463077.36343,116230872546.946,17.89660487355117,66,52.971808671951294
SHA,cesm1-bgc_rcp45_r1i1p1,FORE-SCE-B1,72,116464562708.22055,91116889022.19771,21.764280135174285,60,56.63518571853638
SHA,cesm1-bgc_rcp45_r1i1p1,GCAM-45,72,254827395081.0617,228064151128.7502,10.502498737939058,68,51.13714003562927
SHA,cesm1-bgc_rcp45_r1i1p1,GCAM-ref,72,175758367423.15088,149224613268.82254,15.096723156540492,67,55.432599782943726
SHA,cesm1-cam5_rcp26_r1i1p1,FORE-SCE-A2,72,93909766630.47858,91185809983.95724,2.9006106012803845,70,50.31155514717102
SHA,cesm1-cam5_rcp26_r1i1p1,FORE-SCE-A1B,72,116718175523.30827,113551647795.88742,2.7129688355936543,75,50.69447088241577
SHA,cesm1-bgc_rcp85_r1i1p1,GCAM-26,72,412326445095.06244,395726946929.0507,4.0258145853789955,65,56.71733093261719
SHA,cesm1-bgc_rcp45_r1i1p1,LUCAS-BAU_High-0001,72,91159213791.85333,66324587733.33398,27.243133223181403,67,63.58175206184387
SHA,cesm1-bgc_rcp45_r1i1p1,LUCAS-BAU_High-0002,72,95062438242.4047,70135094383.35031,26.222075006629687,68,61.24603009223938
SHA,cesm1-bgc_rcp85_r1i1p1,GCAM-45,72,272968532059.90857,254713456161.02875,6.687611850758445,83,61.877216815948486
SHA,cesm1-cam5_rcp26_r1i1p1,GCAM-26,72,307101470775.7991,301567419334.8561,1.8020270065665533,56,45.63863563537598
SHA,cesm1-cam5_rcp26_r1i1p1,FORE-SCE-B1,72,69320031061.45125,66357057965.23036,4.274338962130953,69,56.613457918167114
SHA,cesm1-bgc_rcp85_r1i1p1,FORE-SCE-A1B,72,195292659118.198,179211460231.71765,8.234410325043218,82,67.10850214958191
SHA,cesm1-bgc_rcp85_r1i1p1,FORE-SCE-A2,72,156311602424.8106,142588618667.30835,8.779248337693502,74,67.1742570400238
SHA,cesm1-cam5_rcp26_r1i1p1,GCAM-45,72,182105741224.93582,179027725016.67624,1.690235677115548,54,47.570088148117065
SHA,cesm1-bgc_rcp85_r1i1p1,FORE-SCE-B1,72,134415574086.67558,124632971311.6447,7.277878952272854,78,70.93078589439392
SHA,cesm1-bgc_rcp85_r1i1p1,GCAM-ref,72,200274721943.98346,187614092766.458,6.321631134790251,77,71.78172087669373
SHA,cesm1-cam5_rcp26_r1i1p1,GCAM-ref,72,110613548313.27756,107640306100.62971,2.6879548283064603,69,55.581727027893066
SHA,cesm1-bgc_rcp85_r1i1p1,LUCAS-BAU_High-0001,72,112611352117.09616,102087820585.89308,9.345000600170794,76,73.97752499580383
SHA,cesm1-bgc_rcp85_r1i1p1,LUCAS-BAU_High-0002,72,115074906524.59117,106043059894.86081,7.848667361550521,80,73.27171993255615
SHA,cesm1-cam5_rcp45_r1i1p1,FORE-SCE-A2,72,175641145224.7047,172974192749.98267,1.51840986422066,62,54.19845199584961
SHA,cesm1-cam5_rcp45_r1i1p1,FORE-SCE-A1B,72,222245564986.53394,218936515711.99646,1.488915774196875,62,55.68179512023926
SHA,cesm1-cam5_rcp26_r1i1p1,LUCAS-BAU_High-0001,72,48249173835.153824,46162553679.07143,4.324675409389311,69,60.39620876312256
SHA,cesm1-cam5_rcp26_r1i1p1,LUCAS-BAU_High-0002,72,50811682907.028625,48550530337.944145,4.4500643153696835,68,59.762728214263916
SHA,cesm1-cam5_rcp45_r1i1p1,GCAM-26,72,485049076917.29175,480331673620.3848,0.9725620605008034,66,49.22903394699097
SHA,cesm1-cam5_rcp45_r1i1p1,FORE-SCE-B1,72,149475977746.31955,146716072640.00818,1.8463870569191299,66,56.691725969314575
SHA,cesm1-cam5_rcp45_r1i1p1,GCAM-45,72,316840607468.7775,313106027788.4975,1.1786935109471597,59,53.91266179084778
SHA,cesm1-cam5_rcp45_r1i1p1,GCAM-ref,72,229877077834.97803,226907238530.1194,1.2919249421600054,63,56.03493618965149
SHA,cesm1-cam5_rcp60_r1i1p1,GCAM-26,72,365002273495.82623,358591228785.3179,1.7564396651851721,58,49.74407505989075
SHA,cesm1-cam5_rcp60_r1i1p1,FORE-SCE-A1B,72,155053458774.20822,146138714270.71353,5.749465103178708,56,55.09583592414856
SHA,cesm1-cam5_rcp60_r1i1p1,FORE-SCE-A2,72,123165687442.68109,114943517231.38055,6.675698712863499,63,55.6257426738739
SHA,cesm1-cam5_rcp85_r1i1p1,FORE-SCE-A1B,72,274044416740.49426,265473339019.02164,3.1276235522028517,62,49.400808811187744
SHA,cesm1-cam5_rcp60_r1i1p1,GCAM-45,72,231034271882.914,223456518496.86328,3.2799261011331904,60,52.21765613555908
SHA,cesm1-cam5_rcp45_r1i1p1,LUCAS-BAU_High-0001,72,118572038195.56224,115602771447.76656,2.5041879965818192,64,62.255873918533325
SHA,cesm1-cam5_rcp45_r1i1p1,LUCAS-BAU_High-0002,72,124230679130.61923,121211748354.39835,2.430100839299698,61,63.04568600654602
SHA,cesm1-cam5_rcp85_r1i1p1,GCAM-26,72,546221558924.0883,535338358775.64056,1.9924515923327446,61,46.23071479797363
SHA,cesm1-cam5_rcp60_r1i1p1,FORE-SCE-B1,72,97672494201.70152,89986725695.42113,7.868918029684657,59,61.57264995574951
SHA,cesm1-cam5_rcp85_r1i1p1,FORE-SCE-A2,72,228796213875.40378,219703682998.22018,3.9740740124900586,69,50.46016883850098
SHA,cesm1-cam5_rcp85_r1i1p1,GCAM-45,72,371948292522.72614,362837215130.7944,2.449554837350165,58,47.33153939247131
SHA,cesm1-cam5_rcp60_r1i1p1,GCAM-ref,72,155293533406.76993,146500019689.46967,5.662511196951692,62,59.79938507080078
SHA,cesm1-cam5_rcp85_r1i1p1,FORE-SCE-B1,72,197922597957.47214,189101602450.90503,4.4567904815308035,65,52.62857794761658
SHA,cesm1-cam5_rcp85_r1i1p1,GCAM-ref,72,274023078441.39697,266586573782.0164,2.7138242157114356,62,51.70717978477478
SHA,cesm1-cam5_rcp60_r1i1p1,LUCAS-BAU_High-0001,72,74376952424.5245,67489069240.22912,9.260776302020446,65,63.905670166015625
SHA,cesm1-cam5_rcp60_r1i1p1,LUCAS-BAU_High-0002,72,78020599945.37715,71111828496.14589,8.855060655862868,66,63.71769189834595
SHA,cmcc-cm_rcp45_r1i1p1,GCAM-26,72,346044390704.67865,336714765327.9908,2.6960776210500526,49,46.82956600189209
SHA,cmcc-cm_rcp45_r1i1p1,FORE-SCE-A1B,72,138700426804.94565,132843756872.69368,4.222532018944836,59,52.48648405075073
SHA,cmcc-cm_rcp45_r1i1p1,FORE-SCE-A2,72,107948363760.95273,101645616148.28589,5.83866896456533,64,53.10415601730347
SHA,cesm1-cam5_rcp85_r1i1p1,LUCAS-BAU_High-0001,72,160115906467.5974,151251637563.36243,5.53615758720939,68,56.13426113128662
SHA,cesm1-cam5_rcp85_r1i1p1,LUCAS-BAU_High-0002,72,166403049494.11414,156963318298.5116,5.672811420403945,70,54.90998911857605
SHA,cmcc-cm_rcp45_r1i1p1,GCAM-45,72,210976860944.39032,204526045096.6626,3.0575940028930715,59,48.364314794540405
SHA,cmcc-cm_rcp45_r1i1p1,FORE-SCE-B1,72,84896610384.24387,79781659792.73169,6.024917329869595,67,56.498191118240356
SHA,cmcc-cm_rcp85_r1i1p1,GCAM-26,72,435493135839.30634,429050129995.0493,1.4794735700804362,68,43.223426818847656
SHA,cmcc-cm_rcp85_r1i1p1,FORE-SCE-A1B,72,198187917740.72644,195370810700.94846,1.421432280984647,64,47.092931270599365
SHA,cmcc-cm_rcp45_r1i1p1,GCAM-ref,72,136997128067.93643,130984479413.2332,4.388886642734279,58,56.78430700302124
SHA,cmcc-cm_rcp85_r1i1p1,FORE-SCE-A2,72,167978213435.8048,165085025492.67813,1.7223590392764554,62,46.76876902580261
SHA,cmcc-cm_rcp85_r1i1p1,GCAM-45,72,282619928217.46906,278705693018.345,1.3849820229634213,60,45.872164249420166
SHA,cmcc-cm_rcp85_r1i1p1,FORE-SCE-B1,72,136326152377.26205,131683059217.64029,3.4058711983396273,65,48.57177782058716
SHA,cmcc-cm_rcp85_r1i1p1,GCAM-ref,72,194214590880.31833,189644280883.35617,2.3532269003303408,68,49.422029972076416
SHA,cmcc-cm_rcp85_r1i1p1,LUCAS-BAU_High-0001,72,102414519205.56795,97960764137.11949,4.3487535781023485,65,51.12345814704895
SHA,cmcc-cm_rcp45_r1i1p1,LUCAS-BAU_High-0001,72,62306424782.61439,57946305631.07536,6.9978644525847455,62,60.27085900306702
SHA,cmcc-cm_rcp45_r1i1p1,LUCAS-BAU_High-0002,72,65720821332.82879,61021953640.73008,7.149739757971552,62,60.38796019554138
SHA,cmcc-cm_rcp85_r1i1p1,LUCAS-BAU_High-0002,72,106800663340.3644,101673490941.98619,4.8006934020984104,73,51.27461123466492
SHA,cnrm-cm5_rcp45_r1i1p1,GCAM-26,72,288435750983.1181,264082784897.26898,8.443116362255132,71,63.79211711883545
SHA,cnrm-cm5_rcp45_r1i1p1,FORE-SCE-A1B,72,131140602488.55421,110946379364.59091,15.398909827126827,76,77.20710587501526
SHA,cnrm-cm5_rcp45_r1i1p1,GCAM-45,72,183981172819.43402,159708115532.72778,13.193228912900079,77,71.20469498634338
SHA,cnrm-cm5_rcp45_r1i1p1,FORE-SCE-A2,72,107487190828.44087,88026500113.94183,18.105125424256396,82,77.70225811004639
SHA,cnrm-cm5_rcp85_r1i1p1,GCAM-26,72,352791117365.31995,308077852509.6396,12.674147010730763,74,56.85565185546875
SHA,cnrm-cm5_rcp45_r1i1p1,FORE-SCE-B1,72,93164947020.15521,73681758972.58276,20.912573527635313,94,85.52410984039307
SHA,cnrm-cm5_rcp85_r1i1p1,GCAM-45,72,229237556117.24875,187341334936.428,18.276333900275908,73,65.32215714454651
SHA,cnrm-cm5_rcp85_r1i1p1,FORE-SCE-A1B,72,165120196893.8741,125978345471.2424,23.705065860470675,85,70.05194020271301
SHA,cnrm-cm5_rcp85_r1i1p1,FORE-SCE-A2,72,142340741863.97684,103765095271.37752,27.100917198719422,84,69.71550798416138
SHA,cnrm-cm5_rcp45_r1i1p1,GCAM-ref,72,133981013632.62177,112126417759.53989,16.311711100356018,83,85.9926290512085
SHA,csiro-mk3-6-0_rcp26_r1i1p1,FORE-SCE-A2,72,163885265214.698,160031648885.44327,2.3514111071585964,52,54.61540985107422
SHA,csiro-mk3-6-0_rcp26_r1i1p1,GCAM-26,72,459364126581.61487,453635751916.1985,1.2470226415032482,54,47.99162197113037
SHA,csiro-mk3-6-0_rcp26_r1i1p1,FORE-SCE-A1B,72,206845333506.9963,203141009492.55725,1.790866611121189,54,57.53606128692627
SHA,cnrm-cm5_rcp85_r1i1p1,FORE-SCE-B1,72,119121543143.67007,80780934324.9183,32.18612503408384,84,76.0096960067749
SHA,csiro-mk3-6-0_rcp26_r1i1p1,FORE-SCE-B1,72,136781609421.7863,133138201261.47351,2.663668146408338,53,58.91391706466675
SHA,csiro-mk3-6-0_rcp26_r1i1p1,GCAM-45,72,298073538061.7104,292216481609.81506,1.9649702855148221,55,54.474863052368164
SHA,csiro-mk3-6-0_rcp26_r1i1p1,GCAM-ref,72,210482219126.55832,207395676168.64923,1.466415059056947,50,57.06726312637329
SHA,cnrm-cm5_rcp45_r1i1p1,LUCAS-BAU_High-0001,72,79564168410.0779,61834592405.66716,22.283367448813863,98,90.65479922294617
SHA,cnrm-cm5_rcp85_r1i1p1,GCAM-ref,72,162221695420.1092,122553165047.89114,24.45328306394996,80,73.09010601043701
SHA,csiro-mk3-6-0_rcp26_r1i1p1,LUCAS-BAU_High-0001,72,107749040424.34647,105670393434.55252,1.9291559178695628,57,60.514147996902466
SHA,csiro-mk3-6-0_rcp26_r1i1p1,LUCAS-BAU_High-0002,72,113106623700.5565,110982495560.21399,1.877987398833536,60,60.44765591621399
SHA,cnrm-cm5_rcp45_r1i1p1,LUCAS-BAU_High-0002,72,82070168039.00357,63375831499.088806,22.77847966758194,94,91.34725379943848
SHA,csiro-mk3-6-0_rcp45_r1i1p1,FORE-SCE-A1B,72,199385948821.4487,196361462099.47702,1.5169006340963964,45,48.48549795150757
SHA,cnrm-cm5_rcp85_r1i1p1,LUCAS-BAU_High-0001,72,92567208734.30676,57662644110.84385,37.70726707731738,85,79.94226002693176
SHA,cnrm-cm5_rcp85_r1i1p1,LUCAS-BAU_High-0002,72,96554724076.41206,60386108015.97375,37.45918846168001,82,79.92472696304321
SHA,csiro-mk3-6-0_rcp45_r1i1p1,GCAM-26,72,462785035142.9848,456813818476.3813,1.290278685169366,38,44.33782196044922
SHA,csiro-mk3-6-0_rcp45_r1i1p1,FORE-SCE-A2,72,160723444141.7579,157822997094.53836,1.8046197695100075,46,47.79296374320984
SHA,csiro-mk3-6-0_rcp45_r1i1p1,GCAM-45,72,294971926681.9529,291349515435.30835,1.2280528819782588,37,45.22270679473877
SHA,csiro-mk3-6-0_rcp45_r1i1p1,FORE-SCE-B1,72,128451862185.44597,125102920961.1562,2.6071566167370164,50,51.45210099220276
SHA,csiro-mk3-6-0_rcp45_r1i1p1,GCAM-ref,72,198886603891.68457,196001977798.89215,1.4503873244089416,45,49.99631094932556
SHA,csiro-mk3-6-0_rcp60_r1i1p1,GCAM-26,72,371495885601.07935,366988918856.8605,1.2131942556851238,65,46.31047821044922
SHA,csiro-mk3-6-0_rcp60_r1i1p1,FORE-SCE-A1B,72,155507081902.82092,152314664866.23795,2.052907814563698,69,52.806458711624146
SHA,csiro-mk3-6-0_rcp45_r1i1p1,LUCAS-BAU_High-0002,72,101264791873.8609,97422163663.68471,3.794633987855034,55,54.18190598487854
SHA,csiro-mk3-6-0_rcp45_r1i1p1,LUCAS-BAU_High-0001,72,96567235977.41138,92260761273.9044,4.459560905848359,59,55.15594220161438
SHA,csiro-mk3-6-0_rcp60_r1i1p1,GCAM-45,72,232490828321.96796,228732940122.7816,1.6163597619353043,67,49.651761054992676
SHA,csiro-mk3-6-0_rcp60_r1i1p1,FORE-SCE-A2,72,124783081450.52454,121329267335.86716,2.7678544835637697,67,54.802117109298706
SHA,csiro-mk3-6-0_rcp60_r1i1p1,GCAM-ref,72,152164651936.42688,148463307796.66602,2.432459899627182,67,55.63231682777405
SHA,csiro-mk3-6-0_rcp60_r1i1p1,FORE-SCE-B1,72,97563748607.98062,92557198455.70694,5.131568050332325,75,59.38731002807617
SHA,csiro-mk3-6-0_rcp85_r1i1p1,GCAM-26,72,533759556630.86346,518173755601.87164,2.9200041170917346,64,47.22690296173096
SHA,csiro-mk3-6-0_rcp60_r1i1p1,LUCAS-BAU_High-0001,72,72166301023.86012,68496411975.30712,5.08532236859367,68,58.64735412597656
SHA,csiro-mk3-6-0_rcp85_r1i1p1,GCAM-45,72,352621336819.94165,338929127263.62665,3.8829781770428173,64,49.60909175872803
SHA,csiro-mk3-6-0_rcp85_r1i1p1,FORE-SCE-A1B,72,248027861340.16504,233425322735.35034,5.8874589838065035,63,53.82970094680786
SHA,csiro-mk3-6-0_rcp85_r1i1p1,FORE-SCE-A2,72,198154415843.67233,185571521196.83917,6.350045035968332,60,52.21509122848511
SHA,csiro-mk3-6-0_rcp60_r1i1p1,LUCAS-BAU_High-0002,72,75782655009.8743,72025211564.6891,4.95818396003097,74,58.65181803703308
SHA,csiro-mk3-6-0_rcp85_r1i1p1,FORE-SCE-B1,72,166370105020.7647,154195610446.03366,7.317717671219571,68,54.41937589645386
SHA,csiro-mk3-6-0_rcp85_r1i1p1,GCAM-ref,72,252299127270.50732,238086188384.5388,5.63336823227687,66,52.695549964904785
SHA,csiro-mk3-6-0_rcp85_r1i1p1,LUCAS-BAU_High-0001,72,130291918942.91216,118211453914.57593,9.271845196807115,66,55.26822113990784
SHA,csiro-mk3-6-0_rcp85_r1i1p1,LUCAS-BAU_High-0002,72,136335943526.46461,124277269656.30031,8.844823718716233,69,54.96940493583679
SHA,fgoals-g2_rcp26_r1i1p1,GCAM-26,72,296528250148.9193,283663117860.16003,4.33858571056831,65,50.22814321517944
SHA,fgoals-g2_rcp26_r1i1p1,FORE-SCE-A1B,72,116134388258.67543,107816001726.2535,7.162724716725355,64,60.85531306266785
SHA,fgoals-g2_rcp26_r1i1p1,GCAM-45,72,177841101489.66522,166643627355.48196,6.296336471371877,71,55.195791721343994
SHA,fgoals-g2_rcp26_r1i1p1,FORE-SCE-A2,72,86573519802.66075,78856795393.52286,8.913492747814477,57,60.34777903556824
SHA,fgoals-g2_rcp26_r1i1p1,FORE-SCE-B1,72,72749827644.1042,65655095326.49024,9.752232475823508,60,61.35348105430603
SHA,fgoals-g2_rcp26_r1i1p1,GCAM-ref,72,120124171589.81186,111516994817.37756,7.165232990596793,73,61.046308279037476
SHA,fgoals-g2_rcp26_r1i1p1,LUCAS-BAU_High-0001,72,55790200994.5768,49326166316.10126,11.58632620646749,67,64.44888591766357
SHA,fgoals-g2_rcp26_r1i1p1,LUCAS-BAU_High-0002,72,58824510156.09367,52392937719.31627,10.933490852216055,61,62.41756296157837
