res,clim,lulc,J_oracle,J_oracle_flood,J_oracle_short
BUL,access1-0_rcp45_r1i1p1,FORE-SCE-A1B,5648086190.976453,4035620.688794734,5644050570.287658
BUL,access1-0_rcp45_r1i1p1,FORE-SCE-A2,4528388365.680073,0.0,4528388365.680073
BUL,access1-0_rcp45_r1i1p1,FORE-SCE-B1,3720219072.0920467,0.0,3720219072.0920467
BUL,access1-0_rcp45_r1i1p1,GCAM-26,13282546880.149714,8936447.717224654,13273610432.43249
BUL,access1-0_rcp45_r1i1p1,GCAM-45,8412872060.20481,227808.07935268967,8412644252.125457
BUL,access1-0_rcp45_r1i1p1,GCAM-ref,5686673146.201686,0.0,5686673146.201686
BUL,access1-0_rcp45_r1i1p1,LUCAS-BAU_High-0001,2863493236.009397,0.0,2863493236.009397
BUL,access1-0_rcp45_r1i1p1,LUCAS-BAU_High-0002,2987851722.741444,0.0,2987851722.741444
BUL,access1-0_rcp85_r1i1p1,FORE-SCE-A1B,10437402306.762003,146712604.8139602,10290689701.948042
BUL,access1-0_rcp85_r1i1p1,FORE-SCE-A2,8527778144.699535,134136929.67164025,8393641215.027896
BUL,access1-0_rcp85_r1i1p1,FORE-SCE-B1,7275239017.214634,219104454.3248245,7056134562.889811
BUL,access1-0_rcp85_r1i1p1,GCAM-26,22044035272.448105,176644245.8380814,21867391026.610023
BUL,access1-0_rcp85_r1i1p1,GCAM-45,14623717162.79832,155472818.5088381,14468244344.289482
BUL,access1-0_rcp85_r1i1p1,GCAM-ref,10494765725.804686,140563485.95280358,10354202239.851883
BUL,access1-0_rcp85_r1i1p1,LUCAS-BAU_High-0001,5881376925.872973,119956696.37925312,5761420229.493721
BUL,access1-0_rcp85_r1i1p1,LUCAS-BAU_High-0002,6057264410.083594,206579555.60834962,5850684854.475245
BUL,bcc-csm1-1-m_rcp45_r1i1p1,FORE-SCE-A1B,7251478971.8786745,135199265.38398066,7116279706.494693
BUL,bcc-csm1-1-m_rcp45_r1i1p1,FORE-SCE-A2,5868470779.434585,114202942.21161747,5754267837.222966
BUL,bcc-csm1-1-m_rcp45_r1i1p1,FORE-SCE-B1,4942985653.551457,112700316.26494601,4830285337.28651
BUL,bcc-csm1-1-m_rcp45_r1i1p1,GCAM-26,15525157555.29546,169823624.62250966,15355333930.67295
BUL,bcc-csm1-1-m_rcp45_r1i1p1,GCAM-45,10176930138.509706,147409786.5028016,10029520352.006905
BUL,bcc-csm1-1-m_rcp45_r1i1p1,GCAM-ref,7324497117.987297,139189841.37501684,7185307276.61228
BUL,bcc-csm1-1-m_rcp45_r1i1p1,LUCAS-BAU_High-0001,3895655128.464637,108402924.59604098,3787252203.868596
BUL,bcc-csm1-1-m_rcp45_r1i1p1,LUCAS-BAU_High-0002,4047898183.695011,110253137.88200729,3937645045.8130035
BUL,bcc-csm1-1-m_rcp85_r1i1p1,FORE-SCE-A1B,44229870266.26559,32576919421.623047,11652950844.642544
BUL,bcc-csm1-1-m_rcp85_r1i1p1,FORE-SCE-A2,42713699598.904816,32472637549.822163,10241062049.082666
BUL,bcc-csm1-1-m_rcp85_r1i1p1,FORE-SCE-B1,41087705671.71755,32440924406.994408,8646781264.723158
BUL,bcc-csm1-1-m_rcp85_r1i1p1,GCAM-26,55383524785.34858,32896060623.24372,22487464162.10487
BUL,bcc-csm1-1-m_rcp85_r1i1p1,GCAM-45,48315898989.56057,32718274046.85875,15597624942.701834
BUL,bcc-csm1-1-m_rcp85_r1i1p1,GCAM-ref,44156617231.19623,32627952447.237144,11528664783.959087
BUL,bcc-csm1-1-m_rcp85_r1i1p1,LUCAS-BAU_High-0001,39419046081.39597,32431548976.281986,6987497105.113993
BUL,bcc-csm1-1-m_rcp85_r1i1p1,LUCAS-BAU_High-0002,39772502521.48099,32447902550.08651,7324599971.39449
BUL,bcc-csm1-1_rcp26_r1i1p1,FORE-SCE-A1B,20552509358.82105,9491614651.771248,11060894707.0498
BUL,bcc-csm1-1_rcp26_r1i1p1,FORE-SCE-A2,18579999676.10543,9511716075.139626,9068283600.965801
BUL,bcc-csm1-1_rcp26_r1i1p1,FORE-SCE-B1,17019359595.108438,9513178281.50155,7506181313.606884
BUL,bcc-csm1-1_rcp26_r1i1p1,GCAM-26,32453774093.9569,9461868138.551527,22991905955.405373
BUL,bcc-csm1-1_rcp26_r1i1p1,GCAM-45,24963990540.454865,9476442367.844011,15487548172.610853
BUL,bcc-csm1-1_rcp26_r1i1p1,GCAM-ref,20552835004.468716,9487276730.89127,11065558273.577446
BUL,bcc-csm1-1_rcp26_r1i1p1,LUCAS-BAU_High-0001,15576875504.227993,9514799831.274818,6062075672.953171
BUL,bcc-csm1-1_rcp26_r1i1p1,LUCAS-BAU_High-0002,15830299635.61435,9512667258.77867,6317632376.835681
BUL,bcc-csm1-1_rcp45_r1i1p1,FORE-SCE-A1B,13426183220.211037,4106469069.0084157,9319714151.202625
BUL,bcc-csm1-1_rcp45_r1i1p1,FORE-SCE-A2,12057925355.597738,4115918686.4046273,7942006669.1931095
BUL,bcc-csm1-1_rcp45_r1i1p1,FORE-SCE-B1,10558248152.905342,4116019786.925823,6442228365.979515
BUL,bcc-csm1-1_rcp45_r1i1p1,GCAM-26,23077942904.523407,4135837642.0258107,18942105262.49759
BUL,bcc-csm1-1_rcp45_r1i1p1,GCAM-45,17141223137.631992,4134247888.6793103,13006975248.952679
BUL,bcc-csm1-1_rcp45_r1i1p1,GCAM-ref,13145369189.840284,4121578921.195039,9023790268.645247
BUL,bcc-csm1-1_rcp45_r1i1p1,LUCAS-BAU_High-0001,9564656344.187906,4111836872.8848453,5452819471.303062
BUL,bcc-csm1-1_rcp45_r1i1p1,LUCAS-BAU_High-0002,9716973178.963507,4110530418.157919,5606442760.805588
BUL,bcc-csm1-1_rcp60_r1i1p1,FORE-SCE-A1B,17854821600.630577,10530731079.457764,7324090521.172817
BUL,bcc-csm1-1_rcp60_r1i1p1,FORE-SCE-A2,16306980912.581182,10509352663.496193,5797628249.084985
BUL,bcc-csm1-1_rcp60_r1i1p1,FORE-SCE-B1,15273082258.290123,10507122581.876076,4765959676.414049
BUL,bcc-csm1-1_rcp60_r1i1p1,GCAM-26,26867953113.930496,10588454859.09099,16279498254.839512
BUL,bcc-csm1-1_rcp60_r1i1p1,GCAM-45,21202923558.82214,10560194006.796509,10642729552.025635
BUL,bcc-csm1-1_rcp60_r1i1p1,GCAM-ref,18081146999.15403,10538557465.573973,7542589533.580058
BUL,bcc-csm1-1_rcp60_r1i1p1,LUCAS-BAU_High-0001,14382255566.636456,10500322634.938581,3881932931.69788
BUL,bcc-csm1-1_rcp60_r1i1p1,LUCAS-BAU_High-0002,14552959802.237198,10502799580.534561,4050160221.7026334
BUL,bcc-csm1-1_rcp85_r1i1p1,FORE-SCE-A1B,101453572258.23987,89440469838.03998,12013102420.19991
BUL,bcc-csm1-1_rcp85_r1i1p1,FORE-SCE-A2,99958406255.0599,89482619246.96667,10475787008.093204
BUL,bcc-csm1-1_rcp85_r1i1p1,FORE-SCE-B1,98206897461.41348,89490330943.07762,8716566518.33591
BUL,bcc-csm1-1_rcp85_r1i1p1,GCAM-26,112699223048.97916,89255687985.52997,23443535063.449173
BUL,bcc-csm1-1_rcp85_r1i1p1,GCAM-45,105470921144.5028,89413095277.29158,16057825867.211214
BUL,bcc-csm1-1_rcp85_r1i1p1,GCAM-ref,101024599004.5988,89416102261.569,11608496743.029781
BUL,bcc-csm1-1_rcp85_r1i1p1,LUCAS-BAU_High-0001,96342437378.95744,89535745321.38342,6806692057.574047
BUL,bcc-csm1-1_rcp85_r1i1p1,LUCAS-BAU_High-0002,96695125414.26169,89527238605.08499,7167886809.176684
BUL,canesm2_rcp26_r1i1p1,FORE-SCE-A1B,116435137384.41028,109158076317.19655,7277061067.21373
BUL,canesm2_rcp26_r1i1p1,FORE-SCE-A2,115077316206.92674,109335292506.45312,5742023700.473644
BUL,canesm2_rcp26_r1i1p1,FORE-SCE-B1,114165981867.77074,109157779421.54852,5008202446.2222185
BUL,canesm2_rcp26_r1i1p1,GCAM-26,124633498558.16951,109082607623.11792,15550890935.051552
BUL,canesm2_rcp26_r1i1p1,GCAM-45,119413273227.34822,109338614708.89111,10074658518.457127
BUL,canesm2_rcp26_r1i1p1,GCAM-ref,116441691563.40334,109147350001.32207,7294341562.081318
BUL,canesm2_rcp26_r1i1p1,LUCAS-BAU_High-0001,113184083987.85678,109336378622.08072,3847705365.7760577
BUL,canesm2_rcp26_r1i1p1,LUCAS-BAU_High-0002,113351808509.11421,109344542599.797,4007265909.3171988
BUL,canesm2_rcp45_r1i1p1,FORE-SCE-A1B,108775111835.006,97803565488.20982,10971546346.79615
BUL,canesm2_rcp45_r1i1p1,FORE-SCE-A2,107174060966.33707,97838627717.73038,9335433248.606674
BUL,canesm2_rcp45_r1i1p1,FORE-SCE-B1,105783769664.0657,97755929034.56755,8027840629.498157
BUL,canesm2_rcp45_r1i1p1,GCAM-26,119097169490.54367,97827135966.09074,21270033524.452934
BUL,canesm2_rcp45_r1i1p1,GCAM-45,112540868713.1281,97807752781.04855,14733115932.079536
BUL,canesm2_rcp45_r1i1p1,GCAM-ref,108582308560.6654,97723255242.15752,10859053318.507874
BUL,canesm2_rcp45_r1i1p1,LUCAS-BAU_High-0001,104341686945.08841,97759088413.42876,6582598531.659707
BUL,canesm2_rcp45_r1i1p1,LUCAS-BAU_High-0002,104556931171.08444,97761309676.61671,6795621494.4677305
BUL,canesm2_rcp85_r1i1p1,FORE-SCE-A1B,438725968185.83984,421975349693.32935,16750618492.510393
BUL,canesm2_rcp85_r1i1p1,FORE-SCE-A2,436511420544.827,421934030899.9568,14577389644.870136
BUL,canesm2_rcp85_r1i1p1,FORE-SCE-B1,434713303803.8143,422064558256.4487,12648745547.365469
BUL,canesm2_rcp85_r1i1p1,GCAM-26,452703858358.16736,422283802077.1958,30420056280.971447
BUL,canesm2_rcp85_r1i1p1,GCAM-45,444002998967.36584,422057263367.5317,21945735599.834297
BUL,canesm2_rcp85_r1i1p1,GCAM-ref,438945792224.6392,422137085299.6935,16808706924.945686
BUL,canesm2_rcp85_r1i1p1,LUCAS-BAU_High-0001,432535522928.9376,421959793390.92664,10575729538.011055
BUL,canesm2_rcp85_r1i1p1,LUCAS-BAU_High-0002,432835417952.47644,421955927105.7579,10879490846.718613
BUL,ccsm4_rcp26_r1i1p1,FORE-SCE-A1B,42417293740.875824,36957567897.187225,5459725843.688621
BUL,ccsm4_rcp26_r1i1p1,FORE-SCE-A2,41384200212.55988,36938051492.78811,4446148719.771766
BUL,ccsm4_rcp26_r1i1p1,FORE-SCE-B1,40521733433.22555,36927599524.31447,3594133908.9110875
BUL,ccsm4_rcp26_r1i1p1,GCAM-26,49785990619.00336,37034963771.31579,12751026847.687578
BUL,ccsm4_rcp26_r1i1p1,GCAM-45,45357708747.932274,36992875492.64241,8364833255.289866
BUL,ccsm4_rcp26_r1i1p1,GCAM-ref,42396940271.23395,36971489974.94805,5425450296.285885
BUL,ccsm4_rcp26_r1i1p1,LUCAS-BAU_High-0001,39758769555.505005,36907242812.00824,2851526743.4967766
BUL,ccsm4_rcp26_r1i1p1,LUCAS-BAU_High-0002,39882431893.578575,36910478832.12313,2971953061.4554305
BUL,ccsm4_rcp45_r1i1p1,FORE-SCE-A1B,19247575211.84971,11174717274.756905,8072857937.092808
BUL,ccsm4_rcp45_r1i1p1,FORE-SCE-A2,17739370337.4437,11120339022.280226,6619031315.163473
BUL,ccsm4_rcp45_r1i1p1,FORE-SCE-B1,16642173935.147274,11067254665.217405,5574919269.929871
BUL,ccsm4_rcp45_r1i1p1,GCAM-26,28915144782.64016,11438490388.534172,17476654394.10599
BUL,ccsm4_rcp45_r1i1p1,GCAM-45,22744092435.768795,11274883887.00291,11469208548.76588
BUL,ccsm4_rcp45_r1i1p1,GCAM-ref,19512375920.397144,11160596906.683058,8351779013.714087
BUL,ccsm4_rcp45_r1i1p1,LUCAS-BAU_High-0001,15579035049.816341,11010933878.63124,4568101171.1851
BUL,ccsm4_rcp45_r1i1p1,LUCAS-BAU_High-0002,15760535175.593723,11020264368.058207,4740270807.535516
BUL,ccsm4_rcp60_r1i1p1,FORE-SCE-A1B,50129361230.649445,43124887584.23606,7004473646.413393
BUL,ccsm4_rcp60_r1i1p1,FORE-SCE-A2,48921320689.72931,43066332524.30105,5854988165.428248
BUL,ccsm4_rcp60_r1i1p1,FORE-SCE-B1,47996074911.44801,43101009119.8537,4895065791.59432
BUL,ccsm4_rcp60_r1i1p1,GCAM-26,58365692524.91802,43256955870.23084,15108736654.687191
BUL,ccsm4_rcp60_r1i1p1,GCAM-45,53066662777.91646,43178826091.74955,9887836686.166904
BUL,ccsm4_rcp60_r1i1p1,GCAM-ref,50319817378.23868,43195535568.75666,7124281809.482023
BUL,ccsm4_rcp60_r1i1p1,LUCAS-BAU_High-0001,47101230645.73252,43076737522.53061,4024493123.2019134
BUL,ccsm4_rcp60_r1i1p1,LUCAS-BAU_High-0002,47249782971.306496,43088500474.84463,4161282496.4618907
BUL,ccsm4_rcp85_r1i1p1,FORE-SCE-A1B,67630185034.63898,56852481957.4069,10777703077.232069
BUL,ccsm4_rcp85_r1i1p1,FORE-SCE-A2,66028670529.230095,56831411226.14754,9197259303.08256
BUL,ccsm4_rcp85_r1i1p1,FORE-SCE-B1,64497475775.90043,56826574071.46366,7670901704.436763
BUL,ccsm4_rcp85_r1i1p1,GCAM-26,78493994481.93628,56852212983.65808,21641781498.278225
BUL,ccsm4_rcp85_r1i1p1,GCAM-45,71543826517.62634,56837666926.828575,14706159590.797762
BUL,ccsm4_rcp85_r1i1p1,GCAM-ref,67348490166.17538,56820778448.19444,10527711717.98094
BUL,ccsm4_rcp85_r1i1p1,LUCAS-BAU_High-0001,62948912414.19118,56787841077.359665,6161071336.831507
BUL,ccsm4_rcp85_r1i1p1,LUCAS-BAU_High-0002,63175648551.984184,56787532417.05542,6388116134.928775
BUL,cesm1-bgc_rcp45_r1i1p1,FORE-SCE-A1B,64011671739.79016,57473990923.37212,6537680816.4180355
BUL,cesm1-bgc_rcp45_r1i1p1,FORE-SCE-A2,63171784335.36487,57431359127.42222,5740425207.942652
BUL,cesm1-bgc_rcp45_r1i1p1,FORE-SCE-B1,61837676956.89742,57400742416.68099,4436934540.216432
BUL,cesm1-bgc_rcp45_r1i1p1,GCAM-26,71743927783.51611,57473767105.53288,14270160677.983217
BUL,cesm1-bgc_rcp45_r1i1p1,GCAM-45,66701866790.32305,57454725695.91634,9247141094.406708
BUL,cesm1-bgc_rcp45_r1i1p1,GCAM-ref,63613571356.6631,57395164155.643425,6218407201.019674
BUL,cesm1-bgc_rcp45_r1i1p1,LUCAS-BAU_High-0001,60585866343.08636,57382961490.52379,3202904852.562567
BUL,cesm1-bgc_rcp45_r1i1p1,LUCAS-BAU_High-0002,60720112300.723114,57382477273.97336,3337635026.7497473
BUL,cesm1-bgc_rcp85_r1i1p1,FORE-SCE-A1B,47539261529.23672,37558492432.677826,9980769096.558893
BUL,cesm1-bgc_rcp85_r1i1p1,FORE-SCE-A2,45844352091.1187,37530626535.533585,8313725555.585106
BUL,cesm1-bgc_rcp85_r1i1p1,FORE-SCE-B1,44653630411.951614,37492752253.40272,7160878158.548895
BUL,cesm1-bgc_rcp85_r1i1p1,GCAM-26,57423634560.76352,37810523884.90987,19613110675.85365
BUL,cesm1-bgc_rcp85_r1i1p1,GCAM-45,51150650210.80811,37719696544.981514,13430953665.826601
BUL,cesm1-bgc_rcp85_r1i1p1,GCAM-ref,47610984360.1925,37621174146.25443,9989810213.938057
BUL,cesm1-bgc_rcp85_r1i1p1,LUCAS-BAU_High-0001,43248658710.74812,37437021747.43568,5811636963.312448
BUL,cesm1-bgc_rcp85_r1i1p1,LUCAS-BAU_High-0002,43472326737.590866,37443275403.34457,6029051334.246304
BUL,cesm1-cam5_rcp26_r1i1p1,FORE-SCE-A1B,16079906214.762703,10816927044.919529,5262979169.843179
BUL,cesm1-cam5_rcp26_r1i1p1,FORE-SCE-A2,15255008598.363058,10799738670.742756,4455269927.620301
BUL,cesm1-cam5_rcp26_r1i1p1,FORE-SCE-B1,14320230055.401672,10800041232.589352,3520188822.812317
BUL,cesm1-cam5_rcp26_r1i1p1,GCAM-26,22593456239.370815,11065809101.162582,11527647138.208218
BUL,cesm1-cam5_rcp26_r1i1p1,GCAM-45,18380357866.68549,11031217601.375494,7349140265.309988
BUL,cesm1-cam5_rcp26_r1i1p1,GCAM-ref,15811935898.25742,10834985297.28226,4976950600.975156
BUL,cesm1-cam5_rcp26_r1i1p1,LUCAS-BAU_High-0001,13479219071.266161,10816404693.690891,2662814377.5752683
BUL,cesm1-cam5_rcp26_r1i1p1,LUCAS-BAU_High-0002,13590225304.839016,10814096683.858719,2776128620.9803014
BUL,cesm1-cam5_rcp45_r1i1p1,FORE-SCE-A1B,24686408448.97554,16213276241.369316,8473132207.60622
BUL,cesm1-cam5_rcp45_r1i1p1,FORE-SCE-A2,23007082368.883392,16188330147.78709,6818752221.096313
BUL,cesm1-cam5_rcp45_r1i1p1,FORE-SCE-B1,21943585737.86492,16150224650.96164,5793361086.903282
BUL,cesm1-cam5_rcp45_r1i1p1,GCAM-26,34581446504.68666,16379929293.42904,18201517211.2576
BUL,cesm1-cam5_rcp45_r1i1p1,GCAM-45,28240619101.994324,16281170699.440973,11959448402.553339
BUL,cesm1-cam5_rcp45_r1i1p1,GCAM-ref,24835632356.435047,16198175190.67786,8637457165.757195
BUL,cesm1-cam5_rcp45_r1i1p1,LUCAS-BAU_High-0001,20602279449.19308,16093139368.34017,4509140080.852911
BUL,cesm1-cam5_rcp45_r1i1p1,LUCAS-BAU_High-0002,20815167426.39893,16099667839.630095,4715499586.768835
BUL,cesm1-cam5_rcp60_r1i1p1,FORE-SCE-A1B,12441502712.169779,3832597093.9773235,8608905618.192455
BUL,cesm1-cam5_rcp60_r1i1p1,FORE-SCE-A2,10874959380.058714,3799816160.1677065,7075143219.891008
BUL,cesm1-cam5_rcp60_r1i1p1,FORE-SCE-B1,9733229928.92109,3775998769.2343206,5957231159.686764
BUL,cesm1-cam5_rcp60_r1i1p1,GCAM-26,21674955374.51585,4069505683.70774,17605449690.808113
BUL,cesm1-cam5_rcp60_r1i1p1,GCAM-45,16137837267.059662,3930406486.22161,12207430780.838049
BUL,cesm1-cam5_rcp60_r1i1p1,GCAM-ref,12341428859.568716,3826782452.763999,8514646406.804714
BUL,cesm1-cam5_rcp60_r1i1p1,LUCAS-BAU_High-0001,8502490651.797888,3726573789.6414566,4775916862.156431
BUL,cesm1-cam5_rcp60_r1i1p1,LUCAS-BAU_High-0002,8671791307.305313,3747820317.9929333,4923970989.312377
BUL,cesm1-cam5_rcp85_r1i1p1,FORE-SCE-A1B,114347158277.5634,103006447554.4665,11340710723.096909
BUL,cesm1-cam5_rcp85_r1i1p1,FORE-SCE-A2,112522081768.93286,103002991081.64032,9519090687.292524
BUL,cesm1-cam5_rcp85_r1i1p1,FORE-SCE-B1,111156867153.4323,103083622278.32393,8073244875.108348
BUL,cesm1-cam5_rcp85_r1i1p1,GCAM-26,125642649599.834,103083304502.96646,22559345096.867527
BUL,cesm1-cam5_rcp85_r1i1p1,GCAM-45,118429562152.97383,102988860030.38402,15440702122.589832
BUL,cesm1-cam5_rcp85_r1i1p1,GCAM-ref,114280860942.88885,103048656218.43173,11232204724.457119
BUL,cesm1-cam5_rcp85_r1i1p1,LUCAS-BAU_High-0001,109490201991.58649,103052923119.9089,6437278871.6775465
BUL,cesm1-cam5_rcp85_r1i1p1,LUCAS-BAU_High-0002,109751854698.93854,103057838913.7831,6694015785.155477
BUL,cmcc-cm_rcp45_r1i1p1,FORE-SCE-A1B,8694459811.91898,608074595.9514017,8086385215.967578
BUL,cmcc-cm_rcp45_r1i1p1,FORE-SCE-A2,7161479658.383589,591378817.893289,6570100840.490301
BUL,cmcc-cm_rcp45_r1i1p1,FORE-SCE-B1,6077805499.943584,588332166.1530972,5489473333.790488
BUL,cmcc-cm_rcp45_r1i1p1,GCAM-26,17885490713.69187,652928412.9789455,17232562300.712925
BUL,cmcc-cm_rcp45_r1i1p1,GCAM-45,11996925917.638721,627743547.8434076,11369182369.795315
BUL,cmcc-cm_rcp45_r1i1p1,GCAM-ref,8637309892.268736,614884808.1003162,8022425084.16842
BUL,cmcc-cm_rcp45_r1i1p1,LUCAS-BAU_High-0001,4905596888.018365,560056665.6690469,4345540222.349318
BUL,cmcc-cm_rcp45_r1i1p1,LUCAS-BAU_High-0002,5088939998.919799,583028210.4102466,4505911788.509552
BUL,cmcc-cm_rcp85_r1i1p1,FORE-SCE-A1B,12752313039.151402,11047808.062325202,12741265231.089077
BUL,cmcc-cm_rcp85_r1i1p1,FORE-SCE-A2,11145926222.410593,0.0,11145926222.410593
BUL,cmcc-cm_rcp85_r1i1p1,FORE-SCE-B1,9244402550.301222,0.0,9244402550.301222
BUL,cmcc-cm_rcp85_r1i1p1,GCAM-26,25090598445.970364,0.0,25090598445.970364
BUL,cmcc-cm_rcp85_r1i1p1,GCAM-45,17261941312.078762,0.0,17261941312.078762
BUL,cmcc-cm_rcp85_r1i1p1,GCAM-ref,12374140579.242939,13375197.696770191,12360765381.54617
BUL,cmcc-cm_rcp85_r1i1p1,LUCAS-BAU_High-0001,7247306289.495584,0.0,7247306289.495584
BUL,cmcc-cm_rcp85_r1i1p1,LUCAS-BAU_High-0002,7503638153.999953,0.0,7503638153.999953
BUL,cnrm-cm5_rcp45_r1i1p1,FORE-SCE-A1B,94503992274.99342,85693493556.69798,8810498718.295418
BUL,cnrm-cm5_rcp45_r1i1p1,FORE-SCE-A2,93230100734.07198,85761373924.897,7468726809.1749735
BUL,cnrm-cm5_rcp45_r1i1p1,FORE-SCE-B1,92230709438.00435,85764666919.92972,6466042518.074623
BUL,cnrm-cm5_rcp45_r1i1p1,GCAM-26,102456145431.35944,85746539793.57588,16709605637.783539
BUL,cnrm-cm5_rcp45_r1i1p1,GCAM-45,97512004749.11475,85671884111.51582,11840120637.59892
BUL,cnrm-cm5_rcp45_r1i1p1,GCAM-ref,94480148123.6,85664856766.82951,8815291356.770477
BUL,cnrm-cm5_rcp45_r1i1p1,LUCAS-BAU_High-0001,91108168764.5243,85793960732.24426,5314208032.280048
BUL,cnrm-cm5_rcp45_r1i1p1,LUCAS-BAU_High-0002,91025775227.19075,85792124611.70624,5233650615.484509
BUL,cnrm-cm5_rcp85_r1i1p1,FORE-SCE-A1B,264734911290.33368,252109633486.12875,12625277804.204891
BUL,cnrm-cm5_rcp85_r1i1p1,FORE-SCE-A2,262878212156.19342,252049411381.3423,10828800774.851185
BUL,cnrm-cm5_rcp85_r1i1p1,FORE-SCE-B1,261280184897.00674,251964759345.01733,9315425551.989418
BUL,cnrm-cm5_rcp85_r1i1p1,GCAM-26,276018156988.896,252268315509.87747,23749841479.018562
BUL,cnrm-cm5_rcp85_r1i1p1,GCAM-45,268862690122.31064,252171166942.8128,16691523179.497925
BUL,cnrm-cm5_rcp85_r1i1p1,GCAM-ref,264689376655.72278,252039593827.56436,12649782828.158443
BUL,cnrm-cm5_rcp85_r1i1p1,LUCAS-BAU_High-0001,259499984726.77142,251892902934.791,7607081791.98029
BUL,cnrm-cm5_rcp85_r1i1p1,LUCAS-BAU_High-0002,259781882254.93652,251895623611.61414,7886258643.322278
BUL,csiro-mk3-6-0_rcp26_r1i1p1,FORE-SCE-A1B,21596998917.794487,11471797016.52777,10125201901.266722
BUL,csiro-mk3-6-0_rcp26_r1i1p1,FORE-SCE-A2,19851380893.947254,11458345367.047985,8393035526.899274
BUL,csiro-mk3-6-0_rcp26_r1i1p1,FORE-SCE-B1,18597199100.77912,11440755412.569935,7156443688.20919
BUL,csiro-mk3-6-0_rcp26_r1i1p1,GCAM-26,32185213960.95831,11670839793.423372,20514374167.534924
BUL,csiro-mk3-6-0_rcp26_r1i1p1,GCAM-45,25716088711.646286,11511842111.246103,14204246600.400177
BUL,csiro-mk3-6-0_rcp26_r1i1p1,GCAM-ref,21925919235.281773,11540078793.276583,10385840442.005184
BUL,csiro-mk3-6-0_rcp26_r1i1p1,LUCAS-BAU_High-0001,17352446552.524494,11426760546.729813,5925686005.794679
BUL,csiro-mk3-6-0_rcp26_r1i1p1,LUCAS-BAU_High-0002,17579727434.39824,11424697916.369295,6155029518.028951
BUL,csiro-mk3-6-0_rcp45_r1i1p1,FORE-SCE-A1B,10308378014.107351,2198893.5976827634,10306179120.509668
BUL,csiro-mk3-6-0_rcp45_r1i1p1,FORE-SCE-A2,8620958093.554268,1771315.0756142568,8619186778.478653
BUL,csiro-mk3-6-0_rcp45_r1i1p1,FORE-SCE-B1,7239486900.73695,3141233.876565093,7236345666.860385
BUL,csiro-mk3-6-0_rcp45_r1i1p1,GCAM-26,21242280704.685436,57926511.412036054,21184354193.273403
BUL,csiro-mk3-6-0_rcp45_r1i1p1,GCAM-45,14308858671.707504,7596140.620725783,14301262531.086779
BUL,csiro-mk3-6-0_rcp45_r1i1p1,GCAM-ref,10172746177.904594,7510190.739238169,10165235987.165354
BUL,csiro-mk3-6-0_rcp45_r1i1p1,LUCAS-BAU_High-0001,5847933739.664629,12521665.997654054,5835412073.666974
BUL,csiro-mk3-6-0_rcp45_r1i1p1,LUCAS-BAU_High-0002,6033498912.552369,4981831.713435531,6028517080.838934
BUL,csiro-mk3-6-0_rcp60_r1i1p1,FORE-SCE-A1B,14471424921.661026,7553011837.485177,6918413084.175853
BUL,csiro-mk3-6-0_rcp60_r1i1p1,FORE-SCE-A2,13230562661.496965,7588751197.388594,5641811464.108371
BUL,csiro-mk3-6-0_rcp60_r1i1p1,FORE-SCE-B1,12238732469.501976,7580656058.9065275,4658076410.595445
BUL,csiro-mk3-6-0_rcp60_r1i1p1,GCAM-26,22731035254.324734,7526314172.536007,15204721081.788727
BUL,csiro-mk3-6-0_rcp60_r1i1p1,GCAM-45,17485302726.716984,7538634744.950325,9946667981.766653
BUL,csiro-mk3-6-0_rcp60_r1i1p1,GCAM-ref,14416692501.07224,7551894255.773515,6864798245.298729
BUL,csiro-mk3-6-0_rcp60_r1i1p1,LUCAS-BAU_High-0001,11232247226.551344,7578475775.113149,3653771451.438197
BUL,csiro-mk3-6-0_rcp60_r1i1p1,LUCAS-BAU_High-0002,11365961695.382782,7581667294.621771,3784294400.7610106
BUL,csiro-mk3-6-0_rcp85_r1i1p1,FORE-SCE-A1B,69622427559.03854,58202798608.91142,11419628950.127104
BUL,csiro-mk3-6-0_rcp85_r1i1p1,FORE-SCE-A2,67879501019.11764,58195683966.81052,9683817052.307121
BUL,csiro-mk3-6-0_rcp85_r1i1p1,FORE-SCE-B1,66457236294.39979,58187507756.37709,8269728538.022673
BUL,csiro-mk3-6-0_rcp85_r1i1p1,GCAM-26,81121005195.46417,58316836088.79348,22804169106.67066
BUL,csiro-mk3-6-0_rcp85_r1i1p1,GCAM-45,73717326996.46606,58266759085.73763,15450567910.728445
BUL,csiro-mk3-6-0_rcp85_r1i1p1,GCAM-ref,69488858272.87608,58183513724.52121,11305344548.35489
BUL,csiro-mk3-6-0_rcp85_r1i1p1,LUCAS-BAU_High-0001,64807183459.64671,58219647218.55639,6587536241.090326
BUL,csiro-mk3-6-0_rcp85_r1i1p1,LUCAS-BAU_High-0002,65046909669.08682,58216482744.446526,6830426924.640301
BUL,fgoals-g2_rcp26_r1i1p1,FORE-SCE-A1B,7096776491.447989,757579409.6308527,6339197081.817134
BUL,fgoals-g2_rcp26_r1i1p1,FORE-SCE-A2,5797669728.651799,755759402.2852877,5041910326.366511
BUL,fgoals-g2_rcp26_r1i1p1,FORE-SCE-B1,5132797096.969701,754894768.4439576,4377902328.525743
BUL,fgoals-g2_rcp26_r1i1p1,GCAM-26,14197859954.307524,762405590.8277056,13435454363.479818
BUL,fgoals-g2_rcp26_r1i1p1,GCAM-45,9622302987.699951,758520935.2739482,8863782052.426006
BUL,fgoals-g2_rcp26_r1i1p1,GCAM-ref,7242638329.333017,755827504.7735332,6486810824.5594845
BUL,fgoals-g2_rcp26_r1i1p1,LUCAS-BAU_High-0001,4315343820.292038,749599342.5077343,3565744477.7843027
BUL,fgoals-g2_rcp26_r1i1p1,LUCAS-BAU_High-0002,4471465409.537275,749666613.9686096,3721798795.568666
DNP,access1-0_rcp45_r1i1p1,FORE-SCE-A1B,8908540044.950378,10633119.669680309,8897906925.280697
DNP,access1-0_rcp45_r1i1p1,FORE-SCE-A2,7386263665.399395,0.0,7386263665.399395
DNP,access1-0_rcp45_r1i1p1,FORE-SCE-B1,5683986593.933577,4055625.7315512993,5679930968.202025
DNP,access1-0_rcp45_r1i1p1,GCAM-26,21723607397.737293,6609209.6177473655,21716998188.11954
DNP,access1-0_rcp45_r1i1p1,GCAM-45,13240368966.643848,5942879.3381815925,13234426087.305668
DNP,access1-0_rcp45_r1i1p1,GCAM-ref,8529763165.678001,0.0,8529763165.678001
DNP,access1-0_rcp45_r1i1p1,LUCAS-BAU_High-0001,4205344277.7576823,888606.6525459683,4204455671.1051364
DNP,access1-0_rcp45_r1i1p1,LUCAS-BAU_High-0002,4382742096.475471,7649569.707821501,4375092526.767649
DNP,access1-0_rcp85_r1i1p1,FORE-SCE-A1B,14575651949.232328,0.0,14575651949.232328
DNP,access1-0_rcp85_r1i1p1,FORE-SCE-A2,11539948166.030615,0.0,11539948166.030615
DNP,access1-0_rcp85_r1i1p1,FORE-SCE-B1,9718605912.554323,267838.0309538625,9718338074.523369
DNP,access1-0_rcp85_r1i1p1,GCAM-26,33217486088.755993,39303234.627178244,33178182854.12881
DNP,access1-0_rcp85_r1i1p1,GCAM-45,21494930514.80086,30446573.07401194,21464483941.72685
DNP,access1-0_rcp85_r1i1p1,GCAM-ref,14799586568.51106,13172597.414998017,14786413971.096064
DNP,access1-0_rcp85_r1i1p1,LUCAS-BAU_High-0001,7472241995.020312,635593.69053728,7471606401.329775
DNP,access1-0_rcp85_r1i1p1,LUCAS-BAU_High-0002,7838779614.21509,1303891.3099100683,7837475722.90518
DNP,bcc-csm1-1-m_rcp45_r1i1p1,FORE-SCE-A1B,9152012623.4058,30627134.903917614,9121385488.50188
DNP,bcc-csm1-1-m_rcp45_r1i1p1,FORE-SCE-A2,7673028071.265441,8790914.557967335,7664237156.707474
DNP,bcc-csm1-1-m_rcp45_r1i1p1,FORE-SCE-B1,6141771002.5022,2960966.993310103,6138810035.508889
DNP,bcc-csm1-1-m_rcp45_r1i1p1,GCAM-26,21482038405.687244,14253682.821439724,21467784722.865807
DNP,bcc-csm1-1-m_rcp45_r1i1p1,GCAM-45,13295054935.242447,2190329.483715323,13292864605.75873
DNP,bcc-csm1-1-m_rcp45_r1i1p1,GCAM-ref,8859419251.853876,21962075.514329083,8837457176.339548
DNP,bcc-csm1-1-m_rcp45_r1i1p1,LUCAS-BAU_High-0001,4628425064.398663,1681520.3335607294,4626743544.065102
DNP,bcc-csm1-1-m_rcp45_r1i1p1,LUCAS-BAU_High-0002,4788899325.54339,5502114.341409106,4783397211.201981
DNP,bcc-csm1-1-m_rcp85_r1i1p1,FORE-SCE-A1B,32991128552.455467,21751490346.089756,11239638206.365711
DNP,bcc-csm1-1-m_rcp85_r1i1p1,FORE-SCE-A2,31863000451.283123,21713365255.287365,10149635195.99576
DNP,bcc-csm1-1-m_rcp85_r1i1p1,FORE-SCE-B1,29809374884.505,21029332454.228573,8780042430.276434
DNP,bcc-csm1-1-m_rcp85_r1i1p1,GCAM-26,45972643410.52253,23328103898.948402,22644539511.574158
DNP,bcc-csm1-1-m_rcp85_r1i1p1,GCAM-45,37690789843.181366,22428761855.025814,15262027988.155546
DNP,bcc-csm1-1-m_rcp85_r1i1p1,GCAM-ref,32606740618.303696,21498435500.57887,11108305117.724834
DNP,bcc-csm1-1-m_rcp85_r1i1p1,LUCAS-BAU_High-0001,27746012287.302586,20655387073.486485,7090625213.816088
DNP,bcc-csm1-1-m_rcp85_r1i1p1,LUCAS-BAU_High-0002,27942327197.481377,20678316871.532627,7264010325.948726
DNP,bcc-csm1-1_rcp26_r1i1p1,FORE-SCE-A1B,25533622872.591446,3064977339.352997,22468645533.238457
DNP,bcc-csm1-1_rcp26_r1i1p1,FORE-SCE-A2,20954689013.5865,2692222827.4177833,18262466186.168713
DNP,bcc-csm1-1_rcp26_r1i1p1,FORE-SCE-B1,18097458340.53765,2666030698.6038184,15431427641.933832
DNP,bcc-csm1-1_rcp26_r1i1p1,GCAM-26,48048517940.471466,3796753669.2797613,44251764271.191696
DNP,bcc-csm1-1_rcp26_r1i1p1,GCAM-45,33842687065.370155,3378157283.4709716,30464529781.899178
DNP,bcc-csm1-1_rcp26_r1i1p1,GCAM-ref,25270596889.28532,3166816221.1038985,22103780668.181416
DNP,bcc-csm1-1_rcp26_r1i1p1,LUCAS-BAU_High-0001,15503592407.452435,2669227812.438889,12834364595.013546
DNP,bcc-csm1-1_rcp26_r1i1p1,LUCAS-BAU_High-0002,15993250289.836315,2677946993.2388797,13315303296.597439
DNP,bcc-csm1-1_rcp45_r1i1p1,FORE-SCE-A1B,13987607852.68837,42692944.74530106,13944914907.94307
DNP,bcc-csm1-1_rcp45_r1i1p1,FORE-SCE-A2,11529978384.555407,547379947.4532382,10982598437.102167
DNP,bcc-csm1-1_rcp45_r1i1p1,FORE-SCE-B1,9751969442.83964,424384984.31447875,9327584458.525162
DNP,bcc-csm1-1_rcp45_r1i1p1,GCAM-26,29364261169.930305,53457493.314218484,29310803676.61609
DNP,bcc-csm1-1_rcp45_r1i1p1,GCAM-45,19740967980.869408,53159880.492132664,19687808100.377274
DNP,bcc-csm1-1_rcp45_r1i1p1,GCAM-ref,13590051262.251633,78052758.3142033,13511998503.93743
DNP,bcc-csm1-1_rcp45_r1i1p1,LUCAS-BAU_High-0001,7881151396.218807,460857284.58158606,7420294111.63722
DNP,bcc-csm1-1_rcp45_r1i1p1,LUCAS-BAU_High-0002,8232775112.04697,460638543.97674274,7772136568.070227
DNP,bcc-csm1-1_rcp60_r1i1p1,FORE-SCE-A1B,11110167151.200624,13013314.590434311,11097153836.61019
DNP,bcc-csm1-1_rcp60_r1i1p1,FORE-SCE-A2,8938618537.09975,10156819.184256164,8928461717.915493
DNP,bcc-csm1-1_rcp60_r1i1p1,FORE-SCE-B1,7535001295.122943,3026429.348036254,7531974865.774906
DNP,bcc-csm1-1_rcp60_r1i1p1,GCAM-26,23715619781.983795,85348053.4359389,23630271728.54786
DNP,bcc-csm1-1_rcp60_r1i1p1,GCAM-45,16158372561.110888,30558071.412746903,16127814489.69814
DNP,bcc-csm1-1_rcp60_r1i1p1,GCAM-ref,11846160963.182106,33709945.445176706,11812451017.73693
DNP,bcc-csm1-1_rcp60_r1i1p1,LUCAS-BAU_High-0001,6483352509.279397,31983201.353715774,6451369307.92568
DNP,bcc-csm1-1_rcp60_r1i1p1,LUCAS-BAU_High-0002,6805409982.603174,18691946.736671165,6786718035.866503
DNP,bcc-csm1-1_rcp85_r1i1p1,FORE-SCE-A1B,70485115378.85736,56024008342.20838,14461107036.649002
DNP,bcc-csm1-1_rcp85_r1i1p1,FORE-SCE-A2,66825637698.9651,54241193579.076515,12584444119.888573
DNP,bcc-csm1-1_rcp85_r1i1p1,FORE-SCE-B1,63717387550.5809,53705449711.30517,10011937839.275734
DNP,bcc-csm1-1_rcp85_r1i1p1,GCAM-26,93116023889.41566,62379502465.21014,30736521424.20554
DNP,bcc-csm1-1_rcp85_r1i1p1,GCAM-45,79020945021.11409,58599819302.24965,20421125718.86442
DNP,bcc-csm1-1_rcp85_r1i1p1,GCAM-ref,70551940050.9595,56774216328.104225,13777723722.85529
DNP,bcc-csm1-1_rcp85_r1i1p1,LUCAS-BAU_High-0001,59967353040.30306,52165084300.62904,7802268739.674047
DNP,bcc-csm1-1_rcp85_r1i1p1,LUCAS-BAU_High-0002,60434932987.79583,52474302579.17441,7960630408.621402
DNP,canesm2_rcp26_r1i1p1,FORE-SCE-A1B,244195737243.8186,233843204536.88904,10352532706.92958
DNP,canesm2_rcp26_r1i1p1,FORE-SCE-A2,242017542474.31772,233784662828.75763,8232879645.56001
DNP,canesm2_rcp26_r1i1p1,FORE-SCE-B1,241483831411.97607,234267464436.05215,7216366975.923978
DNP,canesm2_rcp26_r1i1p1,GCAM-26,256959655435.76544,234522683243.57178,22436972192.193577
DNP,canesm2_rcp26_r1i1p1,GCAM-45,248429710219.5786,233918462155.23428,14511248064.34437
DNP,canesm2_rcp26_r1i1p1,GCAM-ref,244111149078.12878,233545111682.6358,10566037395.492968
DNP,canesm2_rcp26_r1i1p1,LUCAS-BAU_High-0001,240292323724.51776,234297544130.80322,5994779593.714643
DNP,canesm2_rcp26_r1i1p1,LUCAS-BAU_High-0002,240432303507.4911,234241687422.18277,6190616085.308258
DNP,canesm2_rcp45_r1i1p1,FORE-SCE-A1B,10723240302.72032,509388971.6081395,10213851331.112179
DNP,canesm2_rcp45_r1i1p1,FORE-SCE-A2,8421699695.685155,380560090.12916833,8041139605.555986
DNP,canesm2_rcp45_r1i1p1,FORE-SCE-B1,7863000731.592867,383450639.6497147,7479550091.943153
DNP,canesm2_rcp45_r1i1p1,GCAM-26,19245911764.779434,979972143.5795025,18265939621.19993
DNP,canesm2_rcp45_r1i1p1,GCAM-45,13131680034.464767,637811724.9016868,12493868309.563082
DNP,canesm2_rcp45_r1i1p1,GCAM-ref,10140470749.66838,503332900.38168126,9637137849.286701
DNP,canesm2_rcp45_r1i1p1,LUCAS-BAU_High-0001,6665139345.987233,325939792.75235,6339199553.234882
DNP,canesm2_rcp45_r1i1p1,LUCAS-BAU_High-0002,6875965637.393479,430136772.4512638,6445828864.942215
DNP,canesm2_rcp85_r1i1p1,FORE-SCE-A1B,524825536109.48303,499962548326.0476,24862987783.435375
DNP,canesm2_rcp85_r1i1p1,FORE-SCE-A2,519227386713.6107,496694056258.4513,22533330455.15941
DNP,canesm2_rcp85_r1i1p1,FORE-SCE-B1,510556972024.5506,490996990574.0536,19559981450.496853
DNP,canesm2_rcp85_r1i1p1,GCAM-26,566208133779.9329,528664149834.72314,37543983945.209946
DNP,canesm2_rcp85_r1i1p1,GCAM-45,541914802072.386,510330087773.7295,31584714298.656322
DNP,canesm2_rcp85_r1i1p1,GCAM-ref,521645807025.4893,497421607398.1967,24224199627.292526
DNP,canesm2_rcp85_r1i1p1,LUCAS-BAU_High-0001,500449730871.6837,483693069372.66345,16756661499.020348
DNP,canesm2_rcp85_r1i1p1,LUCAS-BAU_High-0002,501616446852.88293,484584652659.0528,17031794193.830082
DNP,ccsm4_rcp26_r1i1p1,FORE-SCE-A1B,41377543260.50707,30992121752.82309,10385421507.683968
DNP,ccsm4_rcp26_r1i1p1,FORE-SCE-A2,39919461280.62073,31068800818.171085,8850660462.449635
DNP,ccsm4_rcp26_r1i1p1,FORE-SCE-B1,38426454498.39258,31139559508.166782,7286894990.22582
DNP,ccsm4_rcp26_r1i1p1,GCAM-26,52323999556.73505,31095297364.406963,21228702192.32807
DNP,ccsm4_rcp26_r1i1p1,GCAM-45,45403742048.39572,30898716562.95248,14505025485.44324
DNP,ccsm4_rcp26_r1i1p1,GCAM-ref,41017591905.82159,30836999304.449154,10180592601.372444
DNP,ccsm4_rcp26_r1i1p1,LUCAS-BAU_High-0001,36918280992.06236,31219286133.626167,5698994858.43618
DNP,ccsm4_rcp26_r1i1p1,LUCAS-BAU_High-0002,37030820957.252106,31122936577.936443,5907884379.315674
DNP,ccsm4_rcp45_r1i1p1,FORE-SCE-A1B,16660992398.591475,2673017776.0981627,13987974622.493313
DNP,ccsm4_rcp45_r1i1p1,FORE-SCE-A2,13449599157.73994,2494438354.0557976,10955160803.684147
DNP,ccsm4_rcp45_r1i1p1,FORE-SCE-B1,11933428146.939112,2342998972.266602,9590429174.672508
DNP,ccsm4_rcp45_r1i1p1,GCAM-26,29190777154.97081,4400559645.356822,24790217509.613983
DNP,ccsm4_rcp45_r1i1p1,GCAM-45,21028363903.524536,3429159999.0081186,17599203904.516422
DNP,ccsm4_rcp45_r1i1p1,GCAM-ref,16620410119.564331,2900826880.123458,13719583239.440878
DNP,ccsm4_rcp45_r1i1p1,LUCAS-BAU_High-0001,11055403195.624039,2468627226.5380764,8586775969.085958
DNP,ccsm4_rcp45_r1i1p1,LUCAS-BAU_High-0002,11314093374.265087,2379656984.9078016,8934436389.357286
DNP,ccsm4_rcp60_r1i1p1,FORE-SCE-A1B,24845613385.28825,15305970200.226732,9539643185.061512
DNP,ccsm4_rcp60_r1i1p1,FORE-SCE-A2,22689982482.52805,14720521526.317299,7969460956.210749
DNP,ccsm4_rcp60_r1i1p1,FORE-SCE-B1,20772254433.441364,13946171207.213493,6826083226.22787
DNP,ccsm4_rcp60_r1i1p1,GCAM-26,37611550852.35563,19715556866.31266,17895993986.04297
DNP,ccsm4_rcp60_r1i1p1,GCAM-45,29523564131.116543,16713429104.212212,12810135026.904324
DNP,ccsm4_rcp60_r1i1p1,GCAM-ref,24528619024.349014,14947687034.897972,9580931989.451027
DNP,ccsm4_rcp60_r1i1p1,LUCAS-BAU_High-0001,18837220663.624596,13064174004.678625,5773046658.9459715
DNP,ccsm4_rcp60_r1i1p1,LUCAS-BAU_High-0002,19122866280.082565,13164119645.190006,5958746634.892562
DNP,ccsm4_rcp85_r1i1p1,FORE-SCE-A1B,82963357283.69499,66894388879.27948,16068968404.415504
DNP,ccsm4_rcp85_r1i1p1,FORE-SCE-A2,80311730316.47137,66216820150.76672,14094910165.704666
DNP,ccsm4_rcp85_r1i1p1,FORE-SCE-B1,76503357144.92395,64145778996.16421,12357578148.759739
DNP,ccsm4_rcp85_r1i1p1,GCAM-26,103948221550.9888,74375123659.36754,29573097891.621265
DNP,ccsm4_rcp85_r1i1p1,GCAM-45,90979371249.14685,69891026295.42389,21088344953.72298
DNP,ccsm4_rcp85_r1i1p1,GCAM-ref,81669198671.81628,65898898272.35675,15770300399.459517
DNP,ccsm4_rcp85_r1i1p1,LUCAS-BAU_High-0001,72194177570.48163,62040487425.20442,10153690145.277212
DNP,ccsm4_rcp85_r1i1p1,LUCAS-BAU_High-0002,72750256254.2223,62333466951.34555,10416789302.876766
DNP,cesm1-bgc_rcp45_r1i1p1,FORE-SCE-A1B,45020430624.914215,33664397167.674217,11356033457.240007
DNP,cesm1-bgc_rcp45_r1i1p1,FORE-SCE-A2,42993020966.68034,33202377608.2762,9790643358.404129
DNP,cesm1-bgc_rcp45_r1i1p1,FORE-SCE-B1,41095233123.02875,32967314495.76289,8127918627.265855
DNP,cesm1-bgc_rcp45_r1i1p1,GCAM-26,58478234714.67719,35856792940.38031,22621441774.296886
DNP,cesm1-bgc_rcp45_r1i1p1,GCAM-45,49733090041.581856,34496983217.91398,15236106823.667883
DNP,cesm1-bgc_rcp45_r1i1p1,GCAM-ref,44954855252.33776,33837421361.4306,11117433890.907156
DNP,cesm1-bgc_rcp45_r1i1p1,LUCAS-BAU_High-0001,39336577382.271095,32665694287.583725,6670883094.68737
DNP,cesm1-bgc_rcp45_r1i1p1,LUCAS-BAU_High-0002,39392384907.41532,32673757215.061485,6718627692.353839
DNP,cesm1-bgc_rcp85_r1i1p1,FORE-SCE-A1B,66022672139.618904,54084283392.123856,11938388747.495054
DNP,cesm1-bgc_rcp85_r1i1p1,FORE-SCE-A2,63572826116.089676,53289902225.3315,10282923890.758171
DNP,cesm1-bgc_rcp85_r1i1p1,FORE-SCE-B1,60329934028.86865,51154122861.43694,9175811167.431707
DNP,cesm1-bgc_rcp85_r1i1p1,GCAM-26,82947304373.89946,61687201887.42759,21260102486.47186
DNP,cesm1-bgc_rcp85_r1i1p1,GCAM-45,72733094280.9093,57011170974.70563,15721923306.203682
DNP,cesm1-bgc_rcp85_r1i1p1,GCAM-ref,64754114142.59899,52971864562.62429,11782249579.97468
DNP,cesm1-bgc_rcp85_r1i1p1,LUCAS-BAU_High-0001,56452559140.55494,48712965583.98243,7739593556.572515
DNP,cesm1-bgc_rcp85_r1i1p1,LUCAS-BAU_High-0002,56885214902.61349,48900702900.17872,7984512002.434756
DNP,cesm1-cam5_rcp26_r1i1p1,FORE-SCE-A1B,55174951849.8279,48625126498.44675,6549825351.381155
DNP,cesm1-cam5_rcp26_r1i1p1,FORE-SCE-A2,53518505953.31199,48218572397.4548,5299933555.857185
DNP,cesm1-cam5_rcp26_r1i1p1,FORE-SCE-B1,52558912084.618484,48152023523.617256,4406888561.001241
DNP,cesm1-cam5_rcp26_r1i1p1,GCAM-26,64764282263.55677,49607912698.22123,15156369565.335556
DNP,cesm1-cam5_rcp26_r1i1p1,GCAM-45,58479953078.90843,49164808286.90659,9315144792.00185
DNP,cesm1-cam5_rcp26_r1i1p1,GCAM-ref,55192147542.99686,48823350791.854034,6368796751.1428385
DNP,cesm1-cam5_rcp26_r1i1p1,LUCAS-BAU_High-0001,51598580321.4707,48371092958.77672,3227487362.6939883
DNP,cesm1-cam5_rcp26_r1i1p1,LUCAS-BAU_High-0002,52010346332.14183,48430968936.00858,3579377396.133246
DNP,cesm1-cam5_rcp45_r1i1p1,FORE-SCE-A1B,19049765410.27543,5354610321.124764,13695155089.150667
DNP,cesm1-cam5_rcp45_r1i1p1,FORE-SCE-A2,16229911298.845114,5150752336.262586,11079158962.582527
DNP,cesm1-cam5_rcp45_r1i1p1,FORE-SCE-B1,14873520990.792068,5069471644.276378,9804049346.51569
DNP,cesm1-cam5_rcp45_r1i1p1,GCAM-26,35210791023.73464,6853632757.387314,28357158266.347336
DNP,cesm1-cam5_rcp45_r1i1p1,GCAM-45,24743252609.355743,5863941692.949068,18879310916.406666
DNP,cesm1-cam5_rcp45_r1i1p1,GCAM-ref,19752794805.568073,5495199006.685757,14257595798.882313
DNP,cesm1-cam5_rcp45_r1i1p1,LUCAS-BAU_High-0001,12767796839.049604,4746332117.988775,8021464721.060829
DNP,cesm1-cam5_rcp45_r1i1p1,LUCAS-BAU_High-0002,13169090272.899294,4809630559.5815735,8359459713.317729
DNP,cesm1-cam5_rcp60_r1i1p1,FORE-SCE-A1B,111092823658.02704,96104709524.29564,14988114133.73141
DNP,cesm1-cam5_rcp60_r1i1p1,FORE-SCE-A2,108068037109.59732,95071912074.13602,12996125035.461346
DNP,cesm1-cam5_rcp60_r1i1p1,FORE-SCE-B1,105953674341.43979,94682525469.89204,11271148871.547672
DNP,cesm1-cam5_rcp60_r1i1p1,GCAM-26,125898105578.05101,98017343676.55475,27880761901.496258
DNP,cesm1-cam5_rcp60_r1i1p1,GCAM-45,116975944414.60283,97153187437.67282,19822756976.929977
DNP,cesm1-cam5_rcp60_r1i1p1,GCAM-ref,111563929251.54259,96352420804.78116,15211508446.761396
DNP,cesm1-cam5_rcp60_r1i1p1,LUCAS-BAU_High-0001,103317478307.33907,93758141272.48328,9559337034.855776
DNP,cesm1-cam5_rcp60_r1i1p1,LUCAS-BAU_High-0002,103777143217.37248,93888696451.2088,9888446766.163675
DNP,cesm1-cam5_rcp85_r1i1p1,FORE-SCE-A1B,163940072459.79532,143493322524.37994,20446749935.41537
DNP,cesm1-cam5_rcp85_r1i1p1,FORE-SCE-A2,159164881303.82715,140622003352.10577,18542877951.72141
DNP,cesm1-cam5_rcp85_r1i1p1,FORE-SCE-B1,154149593569.93985,138072360730.12262,16077232839.817263
DNP,cesm1-cam5_rcp85_r1i1p1,GCAM-26,191715258953.15567,155835765403.14612,35879493550.00953
DNP,cesm1-cam5_rcp85_r1i1p1,GCAM-45,174911391470.51498,148829419245.5763,26081972224.9387
DNP,cesm1-cam5_rcp85_r1i1p1,GCAM-ref,162522371790.23343,142738099205.3728,19784272584.860615
DNP,cesm1-cam5_rcp85_r1i1p1,LUCAS-BAU_High-0001,147925840030.25446,134865173111.93217,13060666918.322283
DNP,cesm1-cam5_rcp85_r1i1p1,LUCAS-BAU_High-0002,148786233343.59244,135330307267.61859,13455926075.973867
DNP,cmcc-cm_rcp45_r1i1p1,FORE-SCE-A1B,11956747717.311674,0.0,11956747717.311674
DNP,cmcc-cm_rcp45_r1i1p1,FORE-SCE-A2,9394728427.305922,334635.8404865896,9394393791.465435
DNP,cmcc-cm_rcp45_r1i1p1,FORE-SCE-B1,7522909730.275302,12786278.963764016,7510123451.311538
DNP,cmcc-cm_rcp45_r1i1p1,GCAM-26,28301240862.542263,1636594.948311904,28299604267.593952
DNP,cmcc-cm_rcp45_r1i1p1,GCAM-45,17673516868.870255,7011765.40106826,17666505103.469185
DNP,cmcc-cm_rcp45_r1i1p1,GCAM-ref,11669845152.27553,4591533.361666734,11665253618.913862
DNP,cmcc-cm_rcp45_r1i1p1,LUCAS-BAU_High-0001,5300802726.788328,0.0,5300802726.788328
DNP,cmcc-cm_rcp45_r1i1p1,LUCAS-BAU_High-0002,5538618518.108659,0.0,5538618518.108659
DNP,cmcc-cm_rcp85_r1i1p1,FORE-SCE-A1B,17258746220.52245,1935498.2180553633,17256810722.304394
DNP,cmcc-cm_rcp85_r1i1p1,FORE-SCE-A2,15214276328.029324,38741159.33857265,15175535168.69075
DNP,cmcc-cm_rcp85_r1i1p1,FORE-SCE-B1,13164427820.117132,451100677.74378747,12713327142.373346
DNP,cmcc-cm_rcp85_r1i1p1,GCAM-26,35272287526.402115,9940970.576289874,35262346555.82582
DNP,cmcc-cm_rcp85_r1i1p1,GCAM-45,23688489744.588963,5323345.245336896,23683166399.343624
DNP,cmcc-cm_rcp85_r1i1p1,GCAM-ref,16510462297.156944,2615159.8404425383,16507847137.316504
DNP,cmcc-cm_rcp85_r1i1p1,LUCAS-BAU_High-0001,10188402754.393745,357290589.1810353,9831112165.21271
DNP,cmcc-cm_rcp85_r1i1p1,LUCAS-BAU_High-0002,10546582053.634882,369024900.6102091,10177557153.024672
DNP,cnrm-cm5_rcp45_r1i1p1,FORE-SCE-A1B,61992555425.01127,56266887737.41418,5725667687.597066
DNP,cnrm-cm5_rcp45_r1i1p1,FORE-SCE-A2,60792927193.93804,55909783162.752266,4883144031.185775
DNP,cnrm-cm5_rcp45_r1i1p1,FORE-SCE-B1,59487649316.9196,55333492656.25809,4154156660.661521
DNP,cnrm-cm5_rcp45_r1i1p1,GCAM-26,71521090409.9494,59722928789.83533,11798161620.114082
DNP,cnrm-cm5_rcp45_r1i1p1,GCAM-45,65417338960.70888,57504855760.11214,7912483200.596738
DNP,cnrm-cm5_rcp45_r1i1p1,GCAM-ref,62116506665.46528,56265897021.39544,5850609644.069838
DNP,cnrm-cm5_rcp45_r1i1p1,LUCAS-BAU_High-0001,58502588743.7435,54901945213.67455,3600643530.0689745
DNP,cnrm-cm5_rcp45_r1i1p1,LUCAS-BAU_High-0002,58655901999.66795,54940088649.31151,3715813350.356454
DNP,cnrm-cm5_rcp85_r1i1p1,FORE-SCE-A1B,245352642309.61008,226580110294.4456,18772532015.164474
DNP,cnrm-cm5_rcp85_r1i1p1,FORE-SCE-A2,241048086132.2683,224638956264.06177,16409129868.206553
DNP,cnrm-cm5_rcp85_r1i1p1,FORE-SCE-B1,236329666318.78583,221843362759.06274,14486303559.72304
DNP,cnrm-cm5_rcp85_r1i1p1,GCAM-26,268753621455.82892,241058515118.92664,27695106336.902287
DNP,cnrm-cm5_rcp85_r1i1p1,GCAM-45,254110209883.3496,231880955260.39395,22229254622.955624
DNP,cnrm-cm5_rcp85_r1i1p1,GCAM-ref,243223376276.43753,224993815829.4895,18229560446.948067
DNP,cnrm-cm5_rcp85_r1i1p1,LUCAS-BAU_High-0001,230161965259.1243,217946100947.61008,12215864311.51412
DNP,cnrm-cm5_rcp85_r1i1p1,LUCAS-BAU_High-0002,230864156588.69107,218332723153.84616,12531433434.844929
DNP,csiro-mk3-6-0_rcp26_r1i1p1,FORE-SCE-A1B,46734998104.67808,31262197751.47017,15472800353.207916
DNP,csiro-mk3-6-0_rcp26_r1i1p1,FORE-SCE-A2,43774557102.83337,30656804821.697998,13117752281.135366
DNP,csiro-mk3-6-0_rcp26_r1i1p1,FORE-SCE-B1,41651367077.49797,29771367884.079693,11879999193.41828
DNP,csiro-mk3-6-0_rcp26_r1i1p1,GCAM-26,63847016900.666855,34889992549.9915,28957024350.675373
DNP,csiro-mk3-6-0_rcp26_r1i1p1,GCAM-45,53110228354.73236,32537640098.121906,20572588256.610466
DNP,csiro-mk3-6-0_rcp26_r1i1p1,GCAM-ref,46580832111.414276,30934174149.131447,15646657962.282818
DNP,csiro-mk3-6-0_rcp26_r1i1p1,LUCAS-BAU_High-0001,38930557751.278206,28915439881.716774,10015117869.561434
DNP,csiro-mk3-6-0_rcp26_r1i1p1,LUCAS-BAU_High-0002,39438417251.135056,28999443570.254745,10438973680.88031
DNP,csiro-mk3-6-0_rcp45_r1i1p1,FORE-SCE-A1B,13373541320.386353,52130954.70322606,13321410365.683126
DNP,csiro-mk3-6-0_rcp45_r1i1p1,FORE-SCE-A2,10431830366.87004,60676042.803320706,10371154324.06672
DNP,csiro-mk3-6-0_rcp45_r1i1p1,FORE-SCE-B1,8370335450.477118,45321763.69489516,8325013686.782223
DNP,csiro-mk3-6-0_rcp45_r1i1p1,GCAM-26,29197367233.619976,180925378.59654057,29016441855.023438
DNP,csiro-mk3-6-0_rcp45_r1i1p1,GCAM-45,18969703586.95849,86032950.53639576,18883670636.422092
DNP,csiro-mk3-6-0_rcp45_r1i1p1,GCAM-ref,13750777969.896654,56080201.68705644,13694697768.209599
DNP,csiro-mk3-6-0_rcp45_r1i1p1,LUCAS-BAU_High-0001,7207051556.226361,29127003.92783736,7177924552.298524
DNP,csiro-mk3-6-0_rcp45_r1i1p1,LUCAS-BAU_High-0002,7702005012.840326,57179138.411399975,7644825874.428927
DNP,csiro-mk3-6-0_rcp60_r1i1p1,FORE-SCE-A1B,13915649387.733196,562943637.3644339,13352705750.368763
DNP,csiro-mk3-6-0_rcp60_r1i1p1,FORE-SCE-A2,11336303069.162601,418407370.41792095,10917895698.744678
DNP,csiro-mk3-6-0_rcp60_r1i1p1,FORE-SCE-B1,9595957015.22758,396425979.96968,9199531035.257898
DNP,csiro-mk3-6-0_rcp60_r1i1p1,GCAM-26,28458146951.463943,1054382381.1439333,27403764570.320007
DNP,csiro-mk3-6-0_rcp60_r1i1p1,GCAM-45,19275194516.105328,738585988.8271476,18536608527.278183
DNP,csiro-mk3-6-0_rcp60_r1i1p1,GCAM-ref,14240007725.880703,608664061.7906151,13631343664.090084
DNP,csiro-mk3-6-0_rcp60_r1i1p1,LUCAS-BAU_High-0001,7730104455.84245,332529261.73443377,7397575194.108016
DNP,csiro-mk3-6-0_rcp60_r1i1p1,LUCAS-BAU_High-0002,8064381372.311437,332099500.98664856,7732281871.324787
DNP,csiro-mk3-6-0_rcp85_r1i1p1,FORE-SCE-A1B,44986566887.95891,28593927848.91848,16392639039.040434
DNP,csiro-mk3-6-0_rcp85_r1i1p1,FORE-SCE-A2,42422933373.75478,28432358452.959858,13990574920.794928
DNP,csiro-mk3-6-0_rcp85_r1i1p1,FORE-SCE-B1,39229545861.99936,27323644044.19752,11905901817.80185
DNP,csiro-mk3-6-0_rcp85_r1i1p1,GCAM-26,64427991482.96818,32029807915.51536,32398183567.452816
DNP,csiro-mk3-6-0_rcp85_r1i1p1,GCAM-45,52737334264.4435,29932405045.935753,22804929218.507748
DNP,csiro-mk3-6-0_rcp85_r1i1p1,GCAM-ref,44389423263.56022,27746374588.42753,16643048675.13269
DNP,csiro-mk3-6-0_rcp85_r1i1p1,LUCAS-BAU_High-0001,36400838273.81392,26288932842.4593,10111905431.354614
DNP,csiro-mk3-6-0_rcp85_r1i1p1,LUCAS-BAU_High-0002,36677888813.34451,26360653726.645237,10317235086.699272
DNP,fgoals-g2_rcp26_r1i1p1,FORE-SCE-A1B,13570076218.360704,7011849494.935592,6558226723.425111
DNP,fgoals-g2_rcp26_r1i1p1,FORE-SCE-A2,11735891945.245567,6670807663.9402895,5065084281.30528
DNP,fgoals-g2_rcp26_r1i1p1,FORE-SCE-B1,10951862679.489628,6548528255.779989,4403334423.709639
DNP,fgoals-g2_rcp26_r1i1p1,GCAM-26,23870092812.251842,7875098861.867424,15994993950.384415
DNP,fgoals-g2_rcp26_r1i1p1,GCAM-45,17316735866.813854,7598125416.881219,9718610449.932644
DNP,fgoals-g2_rcp26_r1i1p1,GCAM-ref,14189507343.203537,7266492108.197931,6923015235.005605
DNP,fgoals-g2_rcp26_r1i1p1,LUCAS-BAU_High-0001,10101689032.16912,6537970876.558006,3563718155.611114
DNP,fgoals-g2_rcp26_r1i1p1,LUCAS-BAU_High-0002,10307515002.965937,6542736116.863121,3764778886.1028156
EXC,access1-0_rcp45_r1i1p1,FORE-SCE-A1B,3923007616.0995865,0.0,3923007616.0995865
EXC,access1-0_rcp45_r1i1p1,FORE-SCE-A2,3199708061.5196977,0.0,3199708061.5196977
EXC,access1-0_rcp45_r1i1p1,FORE-SCE-B1,2384625739.69737,0.0,2384625739.69737
EXC,access1-0_rcp45_r1i1p1,GCAM-26,9398886774.195297,0.0,9398886774.195297
EXC,access1-0_rcp45_r1i1p1,GCAM-45,5886188733.409081,0.0,5886188733.409081
EXC,access1-0_rcp45_r1i1p1,GCAM-ref,3690445409.31523,0.0,3690445409.31523
EXC,access1-0_rcp45_r1i1p1,LUCAS-BAU_High-0001,1678938690.9430792,0.0,1678938690.9430792
EXC,access1-0_rcp45_r1i1p1,LUCAS-BAU_High-0002,1766847925.137283,0.0,1766847925.137283
EXC,access1-0_rcp85_r1i1p1,FORE-SCE-A1B,7268542070.218036,0.0,7268542070.218036
EXC,access1-0_rcp85_r1i1p1,FORE-SCE-A2,5809926795.933835,0.0,5809926795.933835
EXC,access1-0_rcp85_r1i1p1,FORE-SCE-B1,4824788558.92155,0.0,4824788558.92155
EXC,access1-0_rcp85_r1i1p1,GCAM-26,16026290811.800222,0.0,16026290811.800222
EXC,access1-0_rcp85_r1i1p1,GCAM-45,10409650644.5603,0.0,10409650644.5603
EXC,access1-0_rcp85_r1i1p1,GCAM-ref,7381270318.559999,0.0,7381270318.559999
EXC,access1-0_rcp85_r1i1p1,LUCAS-BAU_High-0001,3538995863.3723702,0.0,3538995863.3723702
EXC,access1-0_rcp85_r1i1p1,LUCAS-BAU_High-0002,3735333107.406236,0.0,3735333107.406236
EXC,bcc-csm1-1-m_rcp45_r1i1p1,FORE-SCE-A1B,4123285876.1297374,0.0,4123285876.1297374
EXC,bcc-csm1-1-m_rcp45_r1i1p1,FORE-SCE-A2,3383293827.485318,0.0,3383293827.485318
EXC,bcc-csm1-1-m_rcp45_r1i1p1,FORE-SCE-B1,2658638696.620896,0.0,2658638696.620896
EXC,bcc-csm1-1-m_rcp45_r1i1p1,GCAM-26,9831838831.882113,0.0,9831838831.882113
EXC,bcc-csm1-1-m_rcp45_r1i1p1,GCAM-45,6104099035.159447,0.0,6104099035.159447
EXC,bcc-csm1-1-m_rcp45_r1i1p1,GCAM-ref,4006497782.847678,0.0,4006497782.847678
EXC,bcc-csm1-1-m_rcp45_r1i1p1,LUCAS-BAU_High-0001,1837449957.1492908,0.0,1837449957.1492908
EXC,bcc-csm1-1-m_rcp45_r1i1p1,LUCAS-BAU_High-0002,1935084621.024971,0.0,1935084621.024971
EXC,bcc-csm1-1-m_rcp85_r1i1p1,FORE-SCE-A1B,2782146137.872446,12256863.877038632,2769889273.9954076
EXC,bcc-csm1-1-m_rcp85_r1i1p1,FORE-SCE-A2,2349970695.680685,10071304.071345001,2339899391.6093397
EXC,bcc-csm1-1-m_rcp85_r1i1p1,FORE-SCE-B1,1810232991.399841,6016365.632233283,1804216625.7676077
EXC,bcc-csm1-1-m_rcp85_r1i1p1,GCAM-26,7115008885.440365,21255543.186660904,7093753342.253704
EXC,bcc-csm1-1-m_rcp85_r1i1p1,GCAM-45,4224697262.211478,50256058.1724063,4174441204.039072
EXC,bcc-csm1-1-m_rcp85_r1i1p1,GCAM-ref,2619382273.9239483,8273200.322435514,2611109073.601513
EXC,bcc-csm1-1-m_rcp85_r1i1p1,LUCAS-BAU_High-0001,1279388103.0339692,3730848.8015136393,1275657254.2324555
EXC,bcc-csm1-1-m_rcp85_r1i1p1,LUCAS-BAU_High-0002,1342427600.0894957,4527334.5101304585,1337900265.5793653
EXC,bcc-csm1-1_rcp26_r1i1p1,FORE-SCE-A1B,9434958127.438475,8594901.406385906,9426363226.03209
EXC,bcc-csm1-1_rcp26_r1i1p1,FORE-SCE-A2,7727483799.12888,8620926.72386243,7718862872.405018
EXC,bcc-csm1-1_rcp26_r1i1p1,FORE-SCE-B1,6494637466.776523,8947043.680081334,6485690423.096441
EXC,bcc-csm1-1_rcp26_r1i1p1,GCAM-26,18885422605.221622,7618862.520872426,18877803742.70075
EXC,bcc-csm1-1_rcp26_r1i1p1,GCAM-45,13013445389.866453,7953261.083560938,13005492128.782892
EXC,bcc-csm1-1_rcp26_r1i1p1,GCAM-ref,9395938196.266773,8128217.959374706,9387809978.307398
EXC,bcc-csm1-1_rcp26_r1i1p1,LUCAS-BAU_High-0001,5253887503.630903,8749124.702798145,5245138378.928105
EXC,bcc-csm1-1_rcp26_r1i1p1,LUCAS-BAU_High-0002,5473075720.311187,8746220.883759452,5464329499.427427
EXC,bcc-csm1-1_rcp45_r1i1p1,FORE-SCE-A1B,5570007217.059576,0.0,5570007217.059576
EXC,bcc-csm1-1_rcp45_r1i1p1,FORE-SCE-A2,4438161994.063535,0.0,4438161994.063535
EXC,bcc-csm1-1_rcp45_r1i1p1,FORE-SCE-B1,3605406528.6909213,0.0,3605406528.6909213
EXC,bcc-csm1-1_rcp45_r1i1p1,GCAM-26,12413992290.79498,0.0,12413992290.79498
EXC,bcc-csm1-1_rcp45_r1i1p1,GCAM-45,8123984105.575092,0.0,8123984105.575092
EXC,bcc-csm1-1_rcp45_r1i1p1,GCAM-ref,5603317870.827617,0.0,5603317870.827617
EXC,bcc-csm1-1_rcp45_r1i1p1,LUCAS-BAU_High-0001,2833671400.6297994,0.0,2833671400.6297994
EXC,bcc-csm1-1_rcp45_r1i1p1,LUCAS-BAU_High-0002,2965864246.9821463,0.0,2965864246.9821463
EXC,bcc-csm1-1_rcp60_r1i1p1,FORE-SCE-A1B,3933155807.1738997,29727161.032194637,3903428646.141705
EXC,bcc-csm1-1_rcp60_r1i1p1,FORE-SCE-A2,3094787682.6066394,0.0,3094787682.6066394
EXC,bcc-csm1-1_rcp60_r1i1p1,FORE-SCE-B1,2471087991.9775305,0.0,2471087991.9775305
EXC,bcc-csm1-1_rcp60_r1i1p1,GCAM-26,9735368368.21892,9924924.073220791,9725443444.145699
EXC,bcc-csm1-1_rcp60_r1i1p1,GCAM-45,6032556049.196042,27969310.427485835,6004586738.768557
EXC,bcc-csm1-1_rcp60_r1i1p1,GCAM-ref,4156380974.8865843,29354157.512238454,4127026817.374346
EXC,bcc-csm1-1_rcp60_r1i1p1,LUCAS-BAU_High-0001,1987054439.277701,0.0,1987054439.277701
EXC,bcc-csm1-1_rcp60_r1i1p1,LUCAS-BAU_High-0002,2078265033.0599444,0.0,2078265033.0599444
EXC,bcc-csm1-1_rcp85_r1i1p1,FORE-SCE-A1B,4775899560.852309,13803493.890758546,4762096066.961551
EXC,bcc-csm1-1_rcp85_r1i1p1,FORE-SCE-A2,4125256089.841165,15871444.92876596,4109384644.9123993
EXC,bcc-csm1-1_rcp85_r1i1p1,FORE-SCE-B1,3074037758.2040133,12501906.44459344,3061535851.75942
EXC,bcc-csm1-1_rcp85_r1i1p1,GCAM-26,11250862767.024626,112469781.51186885,11138392985.512756
EXC,bcc-csm1-1_rcp85_r1i1p1,GCAM-45,7145280962.538441,63717720.67147504,7081563241.866964
EXC,bcc-csm1-1_rcp85_r1i1p1,GCAM-ref,4542642476.558404,17743027.757883467,4524899448.80052
EXC,bcc-csm1-1_rcp85_r1i1p1,LUCAS-BAU_High-0001,2260119710.5552297,2562275.02974034,2257557435.5254893
EXC,bcc-csm1-1_rcp85_r1i1p1,LUCAS-BAU_High-0002,2345730574.7420254,2809924.830693853,2342920649.9113317
EXC,canesm2_rcp26_r1i1p1,FORE-SCE-A1B,4642393381.71997,1344265127.288972,3298128254.4309964
EXC,canesm2_rcp26_r1i1p1,FORE-SCE-A2,3849446333.49131,1250150648.5464604,2599295684.9448495
EXC,canesm2_rcp26_r1i1p1,FORE-SCE-B1,3304084300.4242477,1234512409.5754852,2069571890.8487628
EXC,canesm2_rcp26_r1i1p1,GCAM-26,10001556206.9108,1491787906.5901394,8509768300.32066
EXC,canesm2_rcp26_r1i1p1,GCAM-45,6748326750.243681,1395328112.7874866,5352998637.456193
EXC,canesm2_rcp26_r1i1p1,GCAM-ref,4982869205.823701,1363934001.4453459,3618935204.3783545
EXC,canesm2_rcp26_r1i1p1,LUCAS-BAU_High-0001,2671333060.6185102,1155174073.7798219,1516158986.8386886
EXC,canesm2_rcp26_r1i1p1,LUCAS-BAU_High-0002,2860678223.7722363,1158340170.4517233,1702338053.3205125
EXC,canesm2_rcp45_r1i1p1,FORE-SCE-A1B,2754709405.5777535,0.0,2754709405.5777535
EXC,canesm2_rcp45_r1i1p1,FORE-SCE-A2,2313638709.622946,0.0,2313638709.622946
EXC,canesm2_rcp45_r1i1p1,FORE-SCE-B1,1824924585.6203833,0.0,1824924585.6203833
EXC,canesm2_rcp45_r1i1p1,GCAM-26,6457279958.37723,0.0,6457279958.37723
EXC,canesm2_rcp45_r1i1p1,GCAM-45,3955875338.278044,0.0,3955875338.278044
EXC,canesm2_rcp45_r1i1p1,GCAM-ref,2663230748.729006,0.0,2663230748.729006
EXC,canesm2_rcp45_r1i1p1,LUCAS-BAU_High-0001,1323166843.5555182,0.0,1323166843.5555182
EXC,canesm2_rcp45_r1i1p1,LUCAS-BAU_High-0002,1262911064.8694277,0.0,1262911064.8694277
EXC,canesm2_rcp85_r1i1p1,FORE-SCE-A1B,35060800583.05355,28980484014.155598,6080316568.897944
EXC,canesm2_rcp85_r1i1p1,FORE-SCE-A2,34535500519.691795,28931559494.767822,5603941024.923978
EXC,canesm2_rcp85_r1i1p1,FORE-SCE-B1,33575551027.65291,28971634009.235744,4603917018.417162
EXC,canesm2_rcp85_r1i1p1,GCAM-26,41613597128.45685,29447806135.336304,12165790993.120537
EXC,canesm2_rcp85_r1i1p1,GCAM-45,37737237906.27195,29146251158.96252,8590986747.309437
EXC,canesm2_rcp85_r1i1p1,GCAM-ref,34966617314.62259,28947620171.7669,6018997142.855679
EXC,canesm2_rcp85_r1i1p1,LUCAS-BAU_High-0001,32697242735.013935,28782511008.174908,3914731726.8390226
EXC,canesm2_rcp85_r1i1p1,LUCAS-BAU_High-0002,32797306521.640247,28811665020.500675,3985641501.139566
EXC,ccsm4_rcp26_r1i1p1,FORE-SCE-A1B,4182820360.362721,0.0,4182820360.362721
EXC,ccsm4_rcp26_r1i1p1,FORE-SCE-A2,3537574309.7044325,0.0,3537574309.7044325
EXC,ccsm4_rcp26_r1i1p1,FORE-SCE-B1,2792099402.372524,0.0,2792099402.372524
EXC,ccsm4_rcp26_r1i1p1,GCAM-26,9026451109.359888,0.0,9026451109.359888
EXC,ccsm4_rcp26_r1i1p1,GCAM-45,5955294182.3829365,0.0,5955294182.3829365
EXC,ccsm4_rcp26_r1i1p1,GCAM-ref,3991519938.868341,0.0,3991519938.868341
EXC,ccsm4_rcp26_r1i1p1,LUCAS-BAU_High-0001,2080193912.349915,0.0,2080193912.349915
EXC,ccsm4_rcp26_r1i1p1,LUCAS-BAU_High-0002,2175862358.5961432,0.0,2175862358.5961432
EXC,ccsm4_rcp45_r1i1p1,FORE-SCE-A1B,4426078264.783046,0.0,4426078264.783046
EXC,ccsm4_rcp45_r1i1p1,FORE-SCE-A2,3452680041.17297,0.0,3452680041.17297
EXC,ccsm4_rcp45_r1i1p1,FORE-SCE-B1,2882341430.696248,0.0,2882341430.696248
EXC,ccsm4_rcp45_r1i1p1,GCAM-26,9488135425.33301,0.0,9488135425.33301
EXC,ccsm4_rcp45_r1i1p1,GCAM-45,6335617674.167687,0.0,6335617674.167687
EXC,ccsm4_rcp45_r1i1p1,GCAM-ref,4589409730.475696,0.0,4589409730.475696
EXC,ccsm4_rcp45_r1i1p1,LUCAS-BAU_High-0001,2401710652.802309,0.0,2401710652.802309
EXC,ccsm4_rcp45_r1i1p1,LUCAS-BAU_High-0002,2502146646.773708,0.0,2502146646.773708
EXC,ccsm4_rcp60_r1i1p1,FORE-SCE-A1B,2119459015.859796,0.0,2119459015.859796
EXC,ccsm4_rcp60_r1i1p1,FORE-SCE-A2,1522202863.5602214,0.0,1522202863.5602214
EXC,ccsm4_rcp60_r1i1p1,FORE-SCE-B1,1272491857.1854415,0.0,1272491857.1854415
EXC,ccsm4_rcp60_r1i1p1,GCAM-26,5983117845.167537,16533821.07405305,5966584024.093483
EXC,ccsm4_rcp60_r1i1p1,GCAM-45,3712584264.6153636,10332724.109274568,3702251540.506089
EXC,ccsm4_rcp60_r1i1p1,GCAM-ref,2401402519.899039,0.0,2401402519.899039
EXC,ccsm4_rcp60_r1i1p1,LUCAS-BAU_High-0001,1014297293.3518566,0.0,1014297293.3518566
EXC,ccsm4_rcp60_r1i1p1,LUCAS-BAU_High-0002,1067341218.3323196,0.0,1067341218.3323196
EXC,ccsm4_rcp85_r1i1p1,FORE-SCE-A1B,4604235726.727894,0.0,4604235726.727894
EXC,ccsm4_rcp85_r1i1p1,FORE-SCE-A2,3695152012.8140497,0.0,3695152012.8140497
EXC,ccsm4_rcp85_r1i1p1,FORE-SCE-B1,3059369382.763866,2884014.842586839,3056485367.9212794
EXC,ccsm4_rcp85_r1i1p1,GCAM-26,10519892944.092497,7067955.867426098,10512824988.22507
EXC,ccsm4_rcp85_r1i1p1,GCAM-45,6713428779.42141,33002528.96753882,6680426250.453871
EXC,ccsm4_rcp85_r1i1p1,GCAM-ref,4619471731.927551,0.0,4619471731.927551
EXC,ccsm4_rcp85_r1i1p1,LUCAS-BAU_High-0001,2333285292.083439,145455.88307300932,2333139836.200366
EXC,ccsm4_rcp85_r1i1p1,LUCAS-BAU_High-0002,2432523528.644702,68366.89178435336,2432455161.7529173
EXC,cesm1-bgc_rcp45_r1i1p1,FORE-SCE-A1B,3023890799.313561,1719723.1689789987,3022171076.144582
EXC,cesm1-bgc_rcp45_r1i1p1,FORE-SCE-A2,2576720788.6335764,1079076.8217571895,2575641711.811819
EXC,cesm1-bgc_rcp45_r1i1p1,FORE-SCE-B1,1936082772.914342,3736169.155963762,1932346603.7583783
EXC,cesm1-bgc_rcp45_r1i1p1,GCAM-26,6983383088.747412,47783116.646048255,6935599972.101364
EXC,cesm1-bgc_rcp45_r1i1p1,GCAM-45,4328448415.886119,47779156.52764277,4280669259.358476
EXC,cesm1-bgc_rcp45_r1i1p1,GCAM-ref,2830531963.5911865,28920693.75213414,2801611269.839052
EXC,cesm1-bgc_rcp45_r1i1p1,LUCAS-BAU_High-0001,1444551140.8567908,358160.02610863507,1444192980.830682
EXC,cesm1-bgc_rcp45_r1i1p1,LUCAS-BAU_High-0002,1504722190.241198,446759.7575592663,1504275430.4836388
EXC,cesm1-bgc_rcp85_r1i1p1,FORE-SCE-A1B,2262613788.0361013,499201042.9054121,1763412745.130689
EXC,cesm1-bgc_rcp85_r1i1p1,FORE-SCE-A2,1770823511.419692,422776841.9568598,1348046669.4628322
EXC,cesm1-bgc_rcp85_r1i1p1,FORE-SCE-B1,1553908993.088039,362078302.3707136,1191830690.7173252
EXC,cesm1-bgc_rcp85_r1i1p1,GCAM-26,5108223904.057631,731633802.2117407,4376590101.84589
EXC,cesm1-bgc_rcp85_r1i1p1,GCAM-45,3127542443.665556,619932780.601872,2507609663.063684
EXC,cesm1-bgc_rcp85_r1i1p1,GCAM-ref,2335842582.594912,456087490.36172414,1879755092.233188
EXC,cesm1-bgc_rcp85_r1i1p1,LUCAS-BAU_High-0001,1315771491.8498003,304918037.1204362,1010853454.7293645
EXC,cesm1-bgc_rcp85_r1i1p1,LUCAS-BAU_High-0002,1366094351.8476903,307603931.1122166,1058490420.7354733
EXC,cesm1-cam5_rcp26_r1i1p1,FORE-SCE-A1B,2093934822.540432,0.0,2093934822.540432
EXC,cesm1-cam5_rcp26_r1i1p1,FORE-SCE-A2,1625169919.294881,0.0,1625169919.294881
EXC,cesm1-cam5_rcp26_r1i1p1,FORE-SCE-B1,1240830246.8046148,0.0,1240830246.8046148
EXC,cesm1-cam5_rcp26_r1i1p1,GCAM-26,5647916294.878772,12058653.185348885,5635857641.693423
EXC,cesm1-cam5_rcp26_r1i1p1,GCAM-45,3314000160.04911,24850108.152673054,3289150051.896437
EXC,cesm1-cam5_rcp26_r1i1p1,GCAM-ref,1995351019.6572826,0.0,1995351019.6572826
EXC,cesm1-cam5_rcp26_r1i1p1,LUCAS-BAU_High-0001,845357800.9600362,0.0,845357800.9600362
EXC,cesm1-cam5_rcp26_r1i1p1,LUCAS-BAU_High-0002,900072958.5190971,0.0,900072958.5190971
EXC,cesm1-cam5_rcp45_r1i1p1,FORE-SCE-A1B,5203561009.424093,0.0,5203561009.424093
EXC,cesm1-cam5_rcp45_r1i1p1,FORE-SCE-A2,4105036112.858547,0.0,4105036112.858547
EXC,cesm1-cam5_rcp45_r1i1p1,FORE-SCE-B1,3498018155.3060555,0.0,3498018155.3060555
EXC,cesm1-cam5_rcp45_r1i1p1,GCAM-26,11308599613.387276,0.0,11308599613.387276
EXC,cesm1-cam5_rcp45_r1i1p1,GCAM-45,7442616422.22834,0.0,7442616422.22834
EXC,cesm1-cam5_rcp45_r1i1p1,GCAM-ref,5472415763.780341,0.0,5472415763.780341
EXC,cesm1-cam5_rcp45_r1i1p1,LUCAS-BAU_High-0001,2816580886.409497,0.0,2816580886.409497
EXC,cesm1-cam5_rcp45_r1i1p1,LUCAS-BAU_High-0002,2940449395.2109327,0.0,2940449395.2109327
EXC,cesm1-cam5_rcp60_r1i1p1,FORE-SCE-A1B,5191418818.06274,0.0,5191418818.06274
EXC,cesm1-cam5_rcp60_r1i1p1,FORE-SCE-A2,4196446691.2259507,0.0,4196446691.2259507
EXC,cesm1-cam5_rcp60_r1i1p1,FORE-SCE-B1,3419471450.744138,0.0,3419471450.744138
EXC,cesm1-cam5_rcp60_r1i1p1,GCAM-26,11176149554.63099,0.0,11176149554.63099
EXC,cesm1-cam5_rcp60_r1i1p1,GCAM-45,7473696159.153426,0.0,7473696159.153426
EXC,cesm1-cam5_rcp60_r1i1p1,GCAM-ref,5382925287.224973,0.0,5382925287.224973
EXC,cesm1-cam5_rcp60_r1i1p1,LUCAS-BAU_High-0001,2690331893.432287,0.0,2690331893.432287
EXC,cesm1-cam5_rcp60_r1i1p1,LUCAS-BAU_High-0002,2804598004.502819,0.0,2804598004.502819
EXC,cesm1-cam5_rcp85_r1i1p1,FORE-SCE-A1B,5432047092.484908,59534131.19308952,5372512961.291819
EXC,cesm1-cam5_rcp85_r1i1p1,FORE-SCE-A2,4559719281.706031,37457368.34314757,4522261913.362883
EXC,cesm1-cam5_rcp85_r1i1p1,FORE-SCE-B1,3452086368.629914,33336222.55071114,3418750146.079203
EXC,cesm1-cam5_rcp85_r1i1p1,GCAM-26,11284056050.114014,42193220.08370928,11241862830.030308
EXC,cesm1-cam5_rcp85_r1i1p1,GCAM-45,7658320129.508983,54406586.0961602,7603913543.412822
EXC,cesm1-cam5_rcp85_r1i1p1,GCAM-ref,4967642424.347582,31563549.696155492,4936078874.651426
EXC,cesm1-cam5_rcp85_r1i1p1,LUCAS-BAU_High-0001,2678498001.231526,34098787.635653384,2644399213.5958724
EXC,cesm1-cam5_rcp85_r1i1p1,LUCAS-BAU_High-0002,2758594410.946624,35481390.48732355,2723113020.4593005
EXC,cmcc-cm_rcp45_r1i1p1,FORE-SCE-A1B,5840060007.647868,0.0,5840060007.647868
EXC,cmcc-cm_rcp45_r1i1p1,FORE-SCE-A2,4554122075.782923,0.0,4554122075.782923
EXC,cmcc-cm_rcp45_r1i1p1,FORE-SCE-B1,3599774476.044666,0.0,3599774476.044666
EXC,cmcc-cm_rcp45_r1i1p1,GCAM-26,13708317285.226234,0.0,13708317285.226234
EXC,cmcc-cm_rcp45_r1i1p1,GCAM-45,8650944806.21875,0.0,8650944806.21875
EXC,cmcc-cm_rcp45_r1i1p1,GCAM-ref,5750705794.807047,0.0,5750705794.807047
EXC,cmcc-cm_rcp45_r1i1p1,LUCAS-BAU_High-0001,2538027016.353563,0.0,2538027016.353563
EXC,cmcc-cm_rcp45_r1i1p1,LUCAS-BAU_High-0002,2701092450.1332316,0.0,2701092450.1332316
EXC,cmcc-cm_rcp85_r1i1p1,FORE-SCE-A1B,8264800146.273358,0.0,8264800146.273358
EXC,cmcc-cm_rcp85_r1i1p1,FORE-SCE-A2,7203466244.769036,0.0,7203466244.769036
EXC,cmcc-cm_rcp85_r1i1p1,FORE-SCE-B1,5823661185.804111,0.0,5823661185.804111
EXC,cmcc-cm_rcp85_r1i1p1,GCAM-26,16775757846.56131,0.0,16775757846.56131
EXC,cmcc-cm_rcp85_r1i1p1,GCAM-45,11378905959.431618,0.0,11378905959.431618
EXC,cmcc-cm_rcp85_r1i1p1,GCAM-ref,7881370204.580474,0.0,7881370204.580474
EXC,cmcc-cm_rcp85_r1i1p1,LUCAS-BAU_High-0001,4400656451.856834,0.0,4400656451.856834
EXC,cmcc-cm_rcp85_r1i1p1,LUCAS-BAU_High-0002,4566055289.988689,0.0,4566055289.988689
EXC,cnrm-cm5_rcp45_r1i1p1,FORE-SCE-A1B,979167685.2656795,13891176.444859777,965276508.8208197
EXC,cnrm-cm5_rcp45_r1i1p1,FORE-SCE-A2,959011706.9576461,13793299.213559477,945218407.7440866
EXC,cnrm-cm5_rcp45_r1i1p1,FORE-SCE-B1,450639358.4717788,1733321.625593271,448906036.8461855
EXC,cnrm-cm5_rcp45_r1i1p1,GCAM-26,3519863292.9682865,35857983.501622945,3484005309.4666634
EXC,cnrm-cm5_rcp45_r1i1p1,GCAM-45,2162275012.149482,89935991.46730104,2072339020.6821804
EXC,cnrm-cm5_rcp45_r1i1p1,GCAM-ref,1072780573.7862471,1617955.4204594751,1071162618.3657877
EXC,cnrm-cm5_rcp45_r1i1p1,LUCAS-BAU_High-0001,290671004.4054649,85349.05035849079,290585655.3551064
EXC,cnrm-cm5_rcp45_r1i1p1,LUCAS-BAU_High-0002,328957298.99868774,0.0,328957298.99868774
EXC,cnrm-cm5_rcp85_r1i1p1,FORE-SCE-A1B,8469185060.941634,4401234040.0642,4067951020.877433
EXC,cnrm-cm5_rcp85_r1i1p1,FORE-SCE-A2,7390484714.345985,4187193322.9873557,3203291391.358629
EXC,cnrm-cm5_rcp85_r1i1p1,FORE-SCE-B1,6987562426.874354,4203411931.6948905,2784150495.179461
EXC,cnrm-cm5_rcp85_r1i1p1,GCAM-26,12744451301.662611,4000481224.0306516,8743970077.631962
EXC,cnrm-cm5_rcp85_r1i1p1,GCAM-45,9657178201.085733,3986510975.7752934,5670667225.31044
EXC,cnrm-cm5_rcp85_r1i1p1,GCAM-ref,8144914866.212312,4178947906.5298567,3965966959.682458
EXC,cnrm-cm5_rcp85_r1i1p1,LUCAS-BAU_High-0001,6318980535.832981,4227227280.9241962,2091753254.9087863
EXC,cnrm-cm5_rcp85_r1i1p1,LUCAS-BAU_High-0002,6390659242.616196,4217492768.753685,2173166473.862509
EXC,csiro-mk3-6-0_rcp26_r1i1p1,FORE-SCE-A1B,7101847257.579621,767865806.770016,6333981450.809606
EXC,csiro-mk3-6-0_rcp26_r1i1p1,FORE-SCE-A2,5694634390.457861,726278801.7053783,4968355588.752482
EXC,csiro-mk3-6-0_rcp26_r1i1p1,FORE-SCE-B1,4899656771.151061,608304493.3319011,4291352277.819162
EXC,csiro-mk3-6-0_rcp26_r1i1p1,GCAM-26,14447248987.744833,1265566680.418466,13181682307.326366
EXC,csiro-mk3-6-0_rcp26_r1i1p1,GCAM-45,9861893283.768602,948553696.2304361,8913339587.538166
EXC,csiro-mk3-6-0_rcp26_r1i1p1,GCAM-ref,7291495717.35412,703249792.9409432,6588245924.413177
EXC,csiro-mk3-6-0_rcp26_r1i1p1,LUCAS-BAU_High-0001,4046750869.0356226,461850963.68956476,3584899905.346058
EXC,csiro-mk3-6-0_rcp26_r1i1p1,LUCAS-BAU_High-0002,4214805539.681544,478765264.4347996,3736040275.2467446
EXC,csiro-mk3-6-0_rcp45_r1i1p1,FORE-SCE-A1B,6268924003.592815,0.0,6268924003.592815
EXC,csiro-mk3-6-0_rcp45_r1i1p1,FORE-SCE-A2,4934375651.623434,0.0,4934375651.623434
EXC,csiro-mk3-6-0_rcp45_r1i1p1,FORE-SCE-B1,4000563167.5014887,0.0,4000563167.5014887
EXC,csiro-mk3-6-0_rcp45_r1i1p1,GCAM-26,14009894960.606249,0.0,14009894960.606249
EXC,csiro-mk3-6-0_rcp45_r1i1p1,GCAM-45,9183186284.288208,0.0,9183186284.288208
EXC,csiro-mk3-6-0_rcp45_r1i1p1,GCAM-ref,6489140573.889938,0.0,6489140573.889938
EXC,csiro-mk3-6-0_rcp45_r1i1p1,LUCAS-BAU_High-0001,3247847085.608943,0.0,3247847085.608943
EXC,csiro-mk3-6-0_rcp45_r1i1p1,LUCAS-BAU_High-0002,3391265377.163384,0.0,3391265377.163384
EXC,csiro-mk3-6-0_rcp60_r1i1p1,FORE-SCE-A1B,5249550131.219041,0.0,5249550131.219041
EXC,csiro-mk3-6-0_rcp60_r1i1p1,FORE-SCE-A2,4278859471.7513995,0.0,4278859471.7513995
EXC,csiro-mk3-6-0_rcp60_r1i1p1,FORE-SCE-B1,3397755154.0408072,0.0,3397755154.0408072
EXC,csiro-mk3-6-0_rcp60_r1i1p1,GCAM-26,11592456377.859385,0.0,11592456377.859385
EXC,csiro-mk3-6-0_rcp60_r1i1p1,GCAM-45,7550931358.951694,0.0,7550931358.951694
EXC,csiro-mk3-6-0_rcp60_r1i1p1,GCAM-ref,5134772628.493211,0.0,5134772628.493211
EXC,csiro-mk3-6-0_rcp60_r1i1p1,LUCAS-BAU_High-0001,2575751376.7068725,0.0,2575751376.7068725
EXC,csiro-mk3-6-0_rcp60_r1i1p1,LUCAS-BAU_High-0002,2694388526.3546352,0.0,2694388526.3546352
EXC,csiro-mk3-6-0_rcp85_r1i1p1,FORE-SCE-A1B,5312534164.896908,0.0,5312534164.896908
EXC,csiro-mk3-6-0_rcp85_r1i1p1,FORE-SCE-A2,4341436587.063667,1273705.0313928192,4340162882.032275
EXC,csiro-mk3-6-0_rcp85_r1i1p1,FORE-SCE-B1,3555634105.750957,6598321.810369452,3549035783.9405875
EXC,csiro-mk3-6-0_rcp85_r1i1p1,GCAM-26,12011674694.075481,36675071.03429089,11974999623.041193
EXC,csiro-mk3-6-0_rcp85_r1i1p1,GCAM-45,7962896121.437129,7283213.807006723,7955612907.630122
EXC,csiro-mk3-6-0_rcp85_r1i1p1,GCAM-ref,5541597416.414181,2058643.3281765494,5539538773.086004
EXC,csiro-mk3-6-0_rcp85_r1i1p1,LUCAS-BAU_High-0001,2868155853.969011,230097.07801465993,2867925756.8909965
EXC,csiro-mk3-6-0_rcp85_r1i1p1,LUCAS-BAU_High-0002,2983882786.479683,0.0,2983882786.479683
EXC,fgoals-g2_rcp26_r1i1p1,FORE-SCE-A1B,2535606769.3570333,0.0,2535606769.3570333
EXC,fgoals-g2_rcp26_r1i1p1,FORE-SCE-A2,1788578498.3865297,0.0,1788578498.3865297
EXC,fgoals-g2_rcp26_r1i1p1,FORE-SCE-B1,1472308755.3556807,0.0,1472308755.3556807
EXC,fgoals-g2_rcp26_r1i1p1,GCAM-26,6958442448.229029,0.0,6958442448.229029
EXC,fgoals-g2_rcp26_r1i1p1,GCAM-45,4109011275.374872,0.0,4109011275.374872
EXC,fgoals-g2_rcp26_r1i1p1,GCAM-ref,2652087160.8539085,0.0,2652087160.8539085
EXC,fgoals-g2_rcp26_r1i1p1,LUCAS-BAU_High-0001,1099846890.0587976,0.0,1099846890.0587976
EXC,fgoals-g2_rcp26_r1i1p1,LUCAS-BAU_High-0002,1174222479.0670617,0.0,1174222479.0670617
FOL,access1-0_rcp45_r1i1p1,FORE-SCE-A1B,36716707499.770096,0.0,36716707499.770096
FOL,access1-0_rcp45_r1i1p1,FORE-SCE-A2,29774551476.465378,0.0,29774551476.465378
FOL,access1-0_rcp45_r1i1p1,FORE-SCE-B1,24492621915.21794,0.0,24492621915.21794
FOL,access1-0_rcp45_r1i1p1,GCAM-26,79247651466.17764,0.0,79247651466.17764
FOL,access1-0_rcp45_r1i1p1,GCAM-45,52187812024.500854,0.0,52187812024.500854
FOL,access1-0_rcp45_r1i1p1,GCAM-ref,36651804463.56983,0.0,36651804463.56983
FOL,access1-0_rcp45_r1i1p1,LUCAS-BAU_High-0001,18935832841.683205,0.0,18935832841.683205
FOL,access1-0_rcp45_r1i1p1,LUCAS-BAU_High-0002,19805774706.016624,0.0,19805774706.016624
FOL,access1-0_rcp85_r1i1p1,FORE-SCE-A1B,59078853873.10061,0.0,59078853873.10061
FOL,access1-0_rcp85_r1i1p1,FORE-SCE-A2,48515593047.82014,0.0,48515593047.82014
FOL,access1-0_rcp85_r1i1p1,FORE-SCE-B1,41019689715.883286,0.0,41019689715.883286
FOL,access1-0_rcp85_r1i1p1,GCAM-26,119207155854.32191,0.0,119207155854.32191
FOL,access1-0_rcp85_r1i1p1,GCAM-45,81398805613.28026,0.0,81398805613.28026
FOL,access1-0_rcp85_r1i1p1,GCAM-ref,59157150304.679924,0.0,59157150304.679924
FOL,access1-0_rcp85_r1i1p1,LUCAS-BAU_High-0001,32241108916.917133,0.0,32241108916.917133
FOL,access1-0_rcp85_r1i1p1,LUCAS-BAU_High-0002,33620374436.001453,0.0,33620374436.001453
FOL,bcc-csm1-1-m_rcp45_r1i1p1,FORE-SCE-A1B,41058094839.02106,0.0,41058094839.02106
FOL,bcc-csm1-1-m_rcp45_r1i1p1,FORE-SCE-A2,33905978698.89043,0.0,33905978698.89043
FOL,bcc-csm1-1-m_rcp45_r1i1p1,FORE-SCE-B1,28089156890.81479,0.0,28089156890.81479
FOL,bcc-csm1-1-m_rcp45_r1i1p1,GCAM-26,85623634167.74007,0.0,85623634167.74007
FOL,bcc-csm1-1-m_rcp45_r1i1p1,GCAM-45,57538214057.16334,0.0,57538214057.16334
FOL,bcc-csm1-1-m_rcp45_r1i1p1,GCAM-ref,40900614626.64475,0.0,40900614626.64475
FOL,bcc-csm1-1-m_rcp45_r1i1p1,LUCAS-BAU_High-0001,21782069454.399734,0.0,21782069454.399734
FOL,bcc-csm1-1-m_rcp45_r1i1p1,LUCAS-BAU_High-0002,22657031294.925117,0.0,22657031294.925117
FOL,bcc-csm1-1-m_rcp85_r1i1p1,FORE-SCE-A1B,48974424752.91207,0.0,48974424752.91207
FOL,bcc-csm1-1-m_rcp85_r1i1p1,FORE-SCE-A2,41613696314.43078,14188209.293664841,41599508105.137115
FOL,bcc-csm1-1-m_rcp85_r1i1p1,FORE-SCE-B1,34330300857.27654,23463526.484000612,34306837330.792538
FOL,bcc-csm1-1-m_rcp85_r1i1p1,GCAM-26,100025367929.36449,0.0,100025367929.36449
FOL,bcc-csm1-1-m_rcp85_r1i1p1,GCAM-45,67441441011.2248,0.0,67441441011.2248
FOL,bcc-csm1-1-m_rcp85_r1i1p1,GCAM-ref,47718043625.05919,0.0,47718043625.05919
FOL,bcc-csm1-1-m_rcp85_r1i1p1,LUCAS-BAU_High-0001,26411829208.78514,46403065.37833967,26365426143.4068
FOL,bcc-csm1-1-m_rcp85_r1i1p1,LUCAS-BAU_High-0002,27467826594.69907,42791976.18092439,27425034618.518147
FOL,bcc-csm1-1_rcp26_r1i1p1,FORE-SCE-A1B,71883222786.40263,0.0,71883222786.40263
FOL,bcc-csm1-1_rcp26_r1i1p1,FORE-SCE-A2,60409520932.61655,0.0,60409520932.61655
FOL,bcc-csm1-1_rcp26_r1i1p1,FORE-SCE-B1,52179129702.23389,0.0,52179129702.23389
FOL,bcc-csm1-1_rcp26_r1i1p1,GCAM-26,132254369973.19193,0.0,132254369973.19193
FOL,bcc-csm1-1_rcp26_r1i1p1,GCAM-45,95197490797.40132,0.0,95197490797.40132
FOL,bcc-csm1-1_rcp26_r1i1p1,GCAM-ref,72265067172.39832,0.0,72265067172.39832
FOL,bcc-csm1-1_rcp26_r1i1p1,LUCAS-BAU_High-0001,43670217394.7504,0.0,43670217394.7504
FOL,bcc-csm1-1_rcp26_r1i1p1,LUCAS-BAU_High-0002,45185964405.40038,0.0,45185964405.40038
FOL,bcc-csm1-1_rcp45_r1i1p1,FORE-SCE-A1B,57064354001.54666,0.0,57064354001.54666
FOL,bcc-csm1-1_rcp45_r1i1p1,FORE-SCE-A2,47982268171.99925,0.0,47982268171.99925
FOL,bcc-csm1-1_rcp45_r1i1p1,FORE-SCE-B1,40268512613.86271,0.0,40268512613.86271
FOL,bcc-csm1-1_rcp45_r1i1p1,GCAM-26,110926543181.82645,0.0,110926543181.82645
FOL,bcc-csm1-1_rcp45_r1i1p1,GCAM-45,77481003464.09236,302686.85718037887,77480700777.23517
FOL,bcc-csm1-1_rcp45_r1i1p1,GCAM-ref,56459610123.30672,0.0,56459610123.30672
FOL,bcc-csm1-1_rcp45_r1i1p1,LUCAS-BAU_High-0001,32830873500.06129,0.0,32830873500.06129
FOL,bcc-csm1-1_rcp45_r1i1p1,LUCAS-BAU_High-0002,33987728174.216816,0.0,33987728174.216816
FOL,bcc-csm1-1_rcp60_r1i1p1,FORE-SCE-A1B,50165254443.049126,0.0,50165254443.049126
FOL,bcc-csm1-1_rcp60_r1i1p1,FORE-SCE-A2,41175130998.15212,0.0,41175130998.15212
FOL,bcc-csm1-1_rcp60_r1i1p1,FORE-SCE-B1,34894548105.37025,0.0,34894548105.37025
FOL,bcc-csm1-1_rcp60_r1i1p1,GCAM-26,100858766839.32115,0.0,100858766839.32115
FOL,bcc-csm1-1_rcp60_r1i1p1,GCAM-45,69456402974.83885,0.0,69456402974.83885
FOL,bcc-csm1-1_rcp60_r1i1p1,GCAM-ref,51337090299.493454,0.0,51337090299.493454
FOL,bcc-csm1-1_rcp60_r1i1p1,LUCAS-BAU_High-0001,28591093173.941113,0.0,28591093173.941113
FOL,bcc-csm1-1_rcp60_r1i1p1,LUCAS-BAU_High-0002,29718954413.276703,0.0,29718954413.276703
FOL,bcc-csm1-1_rcp85_r1i1p1,FORE-SCE-A1B,79430331116.35147,20652557315.47033,58777773800.881134
FOL,bcc-csm1-1_rcp85_r1i1p1,FORE-SCE-A2,71106373893.1345,20675596290.155083,50430777602.979416
FOL,bcc-csm1-1_rcp85_r1i1p1,FORE-SCE-B1,62283425263.76165,20678342001.78931,41605083261.97235
FOL,bcc-csm1-1_rcp85_r1i1p1,GCAM-26,137019355618.2427,20720869163.74645,116298486454.49628
FOL,bcc-csm1-1_rcp85_r1i1p1,GCAM-45,100851967677.37643,20629511933.273193,80222455744.10326
FOL,bcc-csm1-1_rcp85_r1i1p1,GCAM-ref,78065565434.99031,20642969499.29018,57422595935.70012
FOL,bcc-csm1-1_rcp85_r1i1p1,LUCAS-BAU_High-0001,53322913588.62424,20690358615.853745,32632554972.770496
FOL,bcc-csm1-1_rcp85_r1i1p1,LUCAS-BAU_High-0002,54502963217.3425,20686792454.973415,33816170762.36906
FOL,canesm2_rcp26_r1i1p1,FORE-SCE-A1B,51331709022.197495,11194013335.400711,40137695686.79681
FOL,canesm2_rcp26_r1i1p1,FORE-SCE-A2,43488079939.65163,11208497886.81828,32279582052.833363
FOL,canesm2_rcp26_r1i1p1,FORE-SCE-B1,38431323600.93468,11214578337.32678,27216745263.60789
FOL,canesm2_rcp26_r1i1p1,GCAM-26,95755306891.67583,11170160169.049278,84585146722.62653
FOL,canesm2_rcp26_r1i1p1,GCAM-45,67584562296.07981,11194915308.478355,56389646987.60146
FOL,canesm2_rcp26_r1i1p1,GCAM-ref,51548482760.11336,11184548053.448132,40363934706.66523
FOL,canesm2_rcp26_r1i1p1,LUCAS-BAU_High-0001,32426680756.100006,11219526055.83111,21207154700.268906
FOL,canesm2_rcp26_r1i1p1,LUCAS-BAU_High-0002,33396957120.566772,11222696514.604038,22174260605.962738
FOL,canesm2_rcp45_r1i1p1,FORE-SCE-A1B,57816637612.6169,11138871330.92487,46677766281.69203
FOL,canesm2_rcp45_r1i1p1,FORE-SCE-A2,50127810637.7471,11119712990.016697,39008097647.7304
FOL,canesm2_rcp45_r1i1p1,FORE-SCE-B1,44111116485.754745,11089253066.65086,33021863419.103893
FOL,canesm2_rcp45_r1i1p1,GCAM-26,103880047606.90167,11265958729.115768,92614088877.78589
FOL,canesm2_rcp45_r1i1p1,GCAM-45,74990833111.06998,11189581710.33753,63801251400.73244
FOL,canesm2_rcp45_r1i1p1,GCAM-ref,57286754930.90899,11126816848.809391,46159938082.099594
FOL,canesm2_rcp45_r1i1p1,LUCAS-BAU_High-0001,37382865838.283585,11051344638.865139,26331521199.41844
FOL,canesm2_rcp45_r1i1p1,LUCAS-BAU_High-0002,38367703661.37389,11055879747.284876,27311823914.08902
FOL,canesm2_rcp85_r1i1p1,FORE-SCE-A1B,214926951431.2989,145030786877.08868,69896164554.21017
FOL,canesm2_rcp85_r1i1p1,FORE-SCE-A2,205365096967.67447,145039332783.93744,60325764183.736984
FOL,canesm2_rcp85_r1i1p1,FORE-SCE-B1,196628139589.91357,145013519191.9645,51614620397.94908
FOL,canesm2_rcp85_r1i1p1,GCAM-26,274373436478.93753,145224293040.58267,129149143438.35486
FOL,canesm2_rcp85_r1i1p1,GCAM-45,237640760509.29193,145164320447.83032,92476440061.4615
FOL,canesm2_rcp85_r1i1p1,GCAM-ref,214832813375.2316,145017425030.34235,69815388344.88918
FOL,canesm2_rcp85_r1i1p1,LUCAS-BAU_High-0001,187705805390.22446,144996571571.91107,42709233818.31335
FOL,canesm2_rcp85_r1i1p1,LUCAS-BAU_High-0002,189019563633.7982,144992764889.49243,44026798744.305756
FOL,ccsm4_rcp26_r1i1p1,FORE-SCE-A1B,36736902605.061966,0.0,36736902605.061966
FOL,ccsm4_rcp26_r1i1p1,FORE-SCE-A2,30854894990.68051,0.0,30854894990.68051
FOL,ccsm4_rcp26_r1i1p1,FORE-SCE-B1,25204187070.364864,0.0,25204187070.364864
FOL,ccsm4_rcp26_r1i1p1,GCAM-26,77065808492.65796,0.0,77065808492.65796
FOL,ccsm4_rcp26_r1i1p1,GCAM-45,51833233282.64186,0.0,51833233282.64186
FOL,ccsm4_rcp26_r1i1p1,GCAM-ref,36390043644.61439,0.0,36390043644.61439
FOL,ccsm4_rcp26_r1i1p1,LUCAS-BAU_High-0001,19773813112.86158,0.0,19773813112.86158
FOL,ccsm4_rcp26_r1i1p1,LUCAS-BAU_High-0002,20574303430.634808,0.0,20574303430.634808
FOL,ccsm4_rcp45_r1i1p1,FORE-SCE-A1B,43265225119.11363,0.0,43265225119.11363
FOL,ccsm4_rcp45_r1i1p1,FORE-SCE-A2,35500929646.8454,0.0,35500929646.8454
FOL,ccsm4_rcp45_r1i1p1,FORE-SCE-B1,30038482166.520958,0.0,30038482166.520958
FOL,ccsm4_rcp45_r1i1p1,GCAM-26,88244539554.62872,0.0,88244539554.62872
FOL,ccsm4_rcp45_r1i1p1,GCAM-45,60261478229.15373,0.0,60261478229.15373
FOL,ccsm4_rcp45_r1i1p1,GCAM-ref,44373427836.105415,0.0,44373427836.105415
FOL,ccsm4_rcp45_r1i1p1,LUCAS-BAU_High-0001,24803891711.051067,0.0,24803891711.051067
FOL,ccsm4_rcp45_r1i1p1,LUCAS-BAU_High-0002,25735155059.931236,0.0,25735155059.931236
FOL,ccsm4_rcp60_r1i1p1,FORE-SCE-A1B,34857273558.197296,1127451880.9874134,33729821677.20989
FOL,ccsm4_rcp60_r1i1p1,FORE-SCE-A2,28291480171.39532,1125733510.1617937,27165746661.23353
FOL,ccsm4_rcp60_r1i1p1,FORE-SCE-B1,23562571908.141556,1116217703.685767,22446354204.455788
FOL,ccsm4_rcp60_r1i1p1,GCAM-26,75155214789.41231,1253187122.3768802,73902027667.03543
FOL,ccsm4_rcp60_r1i1p1,GCAM-45,49888999969.70997,1138263024.287086,48750736945.42288
FOL,ccsm4_rcp60_r1i1p1,GCAM-ref,35826001974.14204,1121094120.9403565,34704907853.20168
FOL,ccsm4_rcp60_r1i1p1,LUCAS-BAU_High-0001,18804034112.430874,1106538713.288211,17697495399.142666
FOL,ccsm4_rcp60_r1i1p1,LUCAS-BAU_High-0002,19591856849.435017,1107086950.5110226,18484769898.923992
FOL,ccsm4_rcp85_r1i1p1,FORE-SCE-A1B,75726087071.1147,22596252630.323303,53129834440.7914
FOL,ccsm4_rcp85_r1i1p1,FORE-SCE-A2,67312282126.24392,22600743082.429043,44711539043.81487
FOL,ccsm4_rcp85_r1i1p1,FORE-SCE-B1,60233968074.32182,22620130072.40503,37613838001.9168
FOL,ccsm4_rcp85_r1i1p1,GCAM-26,127747759413.17882,22537923350.22785,105209836062.95097
FOL,ccsm4_rcp85_r1i1p1,GCAM-45,95027524814.35445,22573617758.586647,72453907055.7678
FOL,ccsm4_rcp85_r1i1p1,GCAM-ref,75365170048.81993,22606165911.636673,52759004137.18326
FOL,ccsm4_rcp85_r1i1p1,LUCAS-BAU_High-0001,52571867617.37638,22639161645.711174,29932705971.66521
FOL,ccsm4_rcp85_r1i1p1,LUCAS-BAU_High-0002,53715887561.58778,22637215644.01384,31078671917.573944
FOL,cesm1-bgc_rcp45_r1i1p1,FORE-SCE-A1B,49122713185.81569,9337699435.90826,39785013749.90743
FOL,cesm1-bgc_rcp45_r1i1p1,FORE-SCE-A2,42004207561.080605,9346302721.458803,32657904839.621807
FOL,cesm1-bgc_rcp45_r1i1p1,FORE-SCE-B1,36422048270.02818,9384092547.007362,27037955723.020824
FOL,cesm1-bgc_rcp45_r1i1p1,GCAM-26,92644898424.58679,9237432100.145184,83407466324.44159
FOL,cesm1-bgc_rcp45_r1i1p1,GCAM-45,65245678611.97314,9293630468.286522,55952048143.68662
FOL,cesm1-bgc_rcp45_r1i1p1,GCAM-ref,49268773053.05879,9361478043.265947,39907295009.79285
FOL,cesm1-bgc_rcp45_r1i1p1,LUCAS-BAU_High-0001,30696843991.898582,9410881882.50336,21285962109.39522
FOL,cesm1-bgc_rcp45_r1i1p1,LUCAS-BAU_High-0002,31590046290.979836,9408831953.01894,22181214337.9609
FOL,cesm1-bgc_rcp85_r1i1p1,FORE-SCE-A1B,44974308274.06151,1504992304.840879,43469315969.22063
FOL,cesm1-bgc_rcp85_r1i1p1,FORE-SCE-A2,36842284434.52612,1503869198.949676,35338415235.57645
FOL,cesm1-bgc_rcp85_r1i1p1,FORE-SCE-B1,31642794844.77281,1543474088.766717,30099320756.006096
FOL,cesm1-bgc_rcp85_r1i1p1,GCAM-26,90882779944.11452,1699649079.7774196,89183130864.3371
FOL,cesm1-bgc_rcp85_r1i1p1,GCAM-45,61686272540.9759,1471465004.9989023,60214807535.97699
FOL,cesm1-bgc_rcp85_r1i1p1,GCAM-ref,45224816318.8739,1541419513.122947,43683396805.750946
FOL,cesm1-bgc_rcp85_r1i1p1,LUCAS-BAU_High-0001,24997198360.283825,1577127666.8357577,23420070693.448067
FOL,cesm1-bgc_rcp85_r1i1p1,LUCAS-BAU_High-0002,26049707279.765057,1573540820.9538202,24476166458.811237
FOL,cesm1-cam5_rcp26_r1i1p1,FORE-SCE-A1B,29836170219.340027,0.0,29836170219.340027
FOL,cesm1-cam5_rcp26_r1i1p1,FORE-SCE-A2,24476101073.278843,0.0,24476101073.278843
FOL,cesm1-cam5_rcp26_r1i1p1,FORE-SCE-B1,19315972912.4209,0.0,19315972912.4209
FOL,cesm1-cam5_rcp26_r1i1p1,GCAM-26,67281701718.32374,0.0,67281701718.32374
FOL,cesm1-cam5_rcp26_r1i1p1,GCAM-45,43456044391.10237,0.0,43456044391.10237
FOL,cesm1-cam5_rcp26_r1i1p1,GCAM-ref,29011655538.893482,0.0,29011655538.893482
FOL,cesm1-cam5_rcp26_r1i1p1,LUCAS-BAU_High-0001,14229950645.712395,0.0,14229950645.712395
FOL,cesm1-cam5_rcp26_r1i1p1,LUCAS-BAU_High-0002,14941156039.51178,0.0,14941156039.51178
FOL,cesm1-cam5_rcp45_r1i1p1,FORE-SCE-A1B,49985070959.14384,665470027.3334048,49319600931.81043
FOL,cesm1-cam5_rcp45_r1i1p1,FORE-SCE-A2,40757208689.86234,651296378.6766458,40105912311.1857
FOL,cesm1-cam5_rcp45_r1i1p1,FORE-SCE-B1,35083256114.45658,647778910.0177004,34435477204.43889
FOL,cesm1-cam5_rcp45_r1i1p1,GCAM-26,99934803114.99078,826948893.5167465,99107854221.47403
FOL,cesm1-cam5_rcp45_r1i1p1,GCAM-45,68640529868.01292,683914285.0526986,67956615582.96021
FOL,cesm1-cam5_rcp45_r1i1p1,GCAM-ref,51087130291.918945,672250491.9198837,50414879799.999054
FOL,cesm1-cam5_rcp45_r1i1p1,LUCAS-BAU_High-0001,28329182280.02461,638048789.3850718,27691133490.639538
FOL,cesm1-cam5_rcp45_r1i1p1,LUCAS-BAU_High-0002,29502400424.693806,639894816.0612373,28862505608.632572
FOL,cesm1-cam5_rcp60_r1i1p1,FORE-SCE-A1B,46921280200.34081,0.0,46921280200.34081
FOL,cesm1-cam5_rcp60_r1i1p1,FORE-SCE-A2,38709895542.16728,0.0,38709895542.16728
FOL,cesm1-cam5_rcp60_r1i1p1,FORE-SCE-B1,32633292933.308147,0.0,32633292933.308147
FOL,cesm1-cam5_rcp60_r1i1p1,GCAM-26,94283581548.06427,0.0,94283581548.06427
FOL,cesm1-cam5_rcp60_r1i1p1,GCAM-45,64776012626.90616,0.0,64776012626.90616
FOL,cesm1-cam5_rcp60_r1i1p1,GCAM-ref,47166786630.21023,0.0,47166786630.21023
FOL,cesm1-cam5_rcp60_r1i1p1,LUCAS-BAU_High-0001,26265967345.62568,0.0,26265967345.62568
FOL,cesm1-cam5_rcp60_r1i1p1,LUCAS-BAU_High-0002,27290378292.27843,0.0,27290378292.27843
FOL,cesm1-cam5_rcp85_r1i1p1,FORE-SCE-A1B,80154233981.39148,22615586167.341938,57538647814.049515
FOL,cesm1-cam5_rcp85_r1i1p1,FORE-SCE-A2,70684862848.853,22620754993.46338,48064107855.38961
FOL,cesm1-cam5_rcp85_r1i1p1,FORE-SCE-B1,63375784822.775246,22536575681.48242,40839209141.29282
FOL,cesm1-cam5_rcp85_r1i1p1,GCAM-26,137019589958.55951,22593546562.7266,114426043395.83289
FOL,cesm1-cam5_rcp85_r1i1p1,GCAM-45,101168244115.41928,22591980808.14511,78576263307.27417
FOL,cesm1-cam5_rcp85_r1i1p1,GCAM-ref,79762323888.19954,22600207824.437016,57162116063.762505
FOL,cesm1-cam5_rcp85_r1i1p1,LUCAS-BAU_High-0001,54839774058.88668,22538521749.447887,32301252309.438805
FOL,cesm1-cam5_rcp85_r1i1p1,LUCAS-BAU_High-0002,56160167012.635826,22536702009.41494,33623465003.22087
FOL,cmcc-cm_rcp45_r1i1p1,FORE-SCE-A1B,49437467005.10178,0.0,49437467005.10178
FOL,cmcc-cm_rcp45_r1i1p1,FORE-SCE-A2,40379822915.46812,0.0,40379822915.46812
FOL,cmcc-cm_rcp45_r1i1p1,FORE-SCE-B1,33740502029.298527,0.0,33740502029.298527
FOL,cmcc-cm_rcp45_r1i1p1,GCAM-26,101486502725.83884,0.0,101486502725.83884
FOL,cmcc-cm_rcp45_r1i1p1,GCAM-45,68651564069.95273,0.0,68651564069.95273
FOL,cmcc-cm_rcp45_r1i1p1,GCAM-ref,49128624547.3271,0.0,49128624547.3271
FOL,cmcc-cm_rcp45_r1i1p1,LUCAS-BAU_High-0001,26480160530.692577,0.0,26480160530.692577
FOL,cmcc-cm_rcp45_r1i1p1,LUCAS-BAU_High-0002,27636777569.75067,0.0,27636777569.75067
FOL,cmcc-cm_rcp85_r1i1p1,FORE-SCE-A1B,67428563469.83461,830629.9870760995,67427732839.847534
FOL,cmcc-cm_rcp85_r1i1p1,FORE-SCE-A2,58581241836.50415,50837914.943200305,58530403921.56095
FOL,cmcc-cm_rcp85_r1i1p1,FORE-SCE-B1,49729711055.21028,2894354.5498739695,49726816700.66041
FOL,cmcc-cm_rcp85_r1i1p1,GCAM-26,126781397600.72935,0.0,126781397600.72935
FOL,cmcc-cm_rcp85_r1i1p1,GCAM-45,89824537913.52588,0.0,89824537913.52588
FOL,cmcc-cm_rcp85_r1i1p1,GCAM-ref,66426739468.87585,0.0,66426739468.87585
FOL,cmcc-cm_rcp85_r1i1p1,LUCAS-BAU_High-0001,39718707565.9882,0.0,39718707565.9882
FOL,cmcc-cm_rcp85_r1i1p1,LUCAS-BAU_High-0002,41053849689.31131,0.0,41053849689.31131
FOL,cnrm-cm5_rcp45_r1i1p1,FORE-SCE-A1B,36806916855.92551,4311582988.537863,32495333867.38764
FOL,cnrm-cm5_rcp45_r1i1p1,FORE-SCE-A2,30399522356.699883,4318156986.976075,26081365369.72381
FOL,cnrm-cm5_rcp45_r1i1p1,FORE-SCE-B1,25578364604.182285,4320900639.300186,21257463964.8821
FOL,cnrm-cm5_rcp45_r1i1p1,GCAM-26,76458936281.19055,4602698091.231164,71856238189.95937
FOL,cnrm-cm5_rcp45_r1i1p1,GCAM-45,51269851160.44251,4299459343.384152,46970391817.058365
FOL,cnrm-cm5_rcp45_r1i1p1,GCAM-ref,36956288136.49443,4310291707.805553,32645996428.68889
FOL,cnrm-cm5_rcp45_r1i1p1,LUCAS-BAU_High-0001,20519690342.02268,4335262873.649114,16184427468.37356
FOL,cnrm-cm5_rcp45_r1i1p1,LUCAS-BAU_High-0002,21301314518.724678,4333466726.117517,16967847792.607174
FOL,cnrm-cm5_rcp85_r1i1p1,FORE-SCE-A1B,117437746997.38853,65700419290.066345,51737327707.32217
FOL,cnrm-cm5_rcp85_r1i1p1,FORE-SCE-A2,108863958264.76488,65726943797.58116,43137014467.18375
FOL,cnrm-cm5_rcp85_r1i1p1,FORE-SCE-B1,101996230432.77869,65729967538.941605,36266262893.83704
FOL,cnrm-cm5_rcp85_r1i1p1,GCAM-26,169726623458.81085,65636446703.6323,104090176755.17865
FOL,cnrm-cm5_rcp85_r1i1p1,GCAM-45,136698942107.5666,65702313299.8748,70996628807.69177
FOL,cnrm-cm5_rcp85_r1i1p1,GCAM-ref,117165597254.85431,65694161234.71014,51471436020.14416
FOL,cnrm-cm5_rcp85_r1i1p1,LUCAS-BAU_High-0001,94097461398.63556,65736004728.04731,28361456670.58827
FOL,cnrm-cm5_rcp85_r1i1p1,LUCAS-BAU_High-0002,95247519387.88272,65732029033.88444,29515490353.998287
FOL,csiro-mk3-6-0_rcp26_r1i1p1,FORE-SCE-A1B,55265752248.0831,0.0,55265752248.0831
FOL,csiro-mk3-6-0_rcp26_r1i1p1,FORE-SCE-A2,45855765052.61015,0.0,45855765052.61015
FOL,csiro-mk3-6-0_rcp26_r1i1p1,FORE-SCE-B1,39771907626.62976,0.0,39771907626.62976
FOL,csiro-mk3-6-0_rcp26_r1i1p1,GCAM-26,105281921398.83275,119796702.08318858,105162124696.74956
FOL,csiro-mk3-6-0_rcp26_r1i1p1,GCAM-45,74183259589.10034,0.0,74183259589.10034
FOL,csiro-mk3-6-0_rcp26_r1i1p1,GCAM-ref,56079574148.47506,0.0,56079574148.47506
FOL,csiro-mk3-6-0_rcp26_r1i1p1,LUCAS-BAU_High-0001,33231855292.56022,0.0,33231855292.56022
FOL,csiro-mk3-6-0_rcp26_r1i1p1,LUCAS-BAU_High-0002,34447156251.96069,0.0,34447156251.96069
FOL,csiro-mk3-6-0_rcp45_r1i1p1,FORE-SCE-A1B,55898716754.46345,0.0,55898716754.46345
FOL,csiro-mk3-6-0_rcp45_r1i1p1,FORE-SCE-A2,46567292609.60425,0.0,46567292609.60425
FOL,csiro-mk3-6-0_rcp45_r1i1p1,FORE-SCE-B1,39548403708.00541,0.0,39548403708.00541
FOL,csiro-mk3-6-0_rcp45_r1i1p1,GCAM-26,109267507706.30745,126971521.9300444,109140536184.37741
FOL,csiro-mk3-6-0_rcp45_r1i1p1,GCAM-45,76245540040.30081,0.0,76245540040.30081
FOL,csiro-mk3-6-0_rcp45_r1i1p1,GCAM-ref,56298248243.26761,0.0,56298248243.26761
FOL,csiro-mk3-6-0_rcp45_r1i1p1,LUCAS-BAU_High-0001,32263261993.221893,0.0,32263261993.221893
FOL,csiro-mk3-6-0_rcp45_r1i1p1,LUCAS-BAU_High-0002,33475069667.99163,0.0,33475069667.99163
FOL,csiro-mk3-6-0_rcp60_r1i1p1,FORE-SCE-A1B,42711647311.42737,3885620.609135367,42707761690.81822
FOL,csiro-mk3-6-0_rcp60_r1i1p1,FORE-SCE-A2,35239024867.01654,0.0,35239024867.01654
FOL,csiro-mk3-6-0_rcp60_r1i1p1,FORE-SCE-B1,28875091371.2555,0.0,28875091371.2555
FOL,csiro-mk3-6-0_rcp60_r1i1p1,GCAM-26,89698764800.05785,0.0,89698764800.05785
FOL,csiro-mk3-6-0_rcp60_r1i1p1,GCAM-45,60037599562.36108,0.0,60037599562.36108
FOL,csiro-mk3-6-0_rcp60_r1i1p1,GCAM-ref,42120724586.539986,0.0,42120724586.539986
FOL,csiro-mk3-6-0_rcp60_r1i1p1,LUCAS-BAU_High-0001,22327590097.514416,0.0,22327590097.514416
FOL,csiro-mk3-6-0_rcp60_r1i1p1,LUCAS-BAU_High-0002,23285145956.13241,0.0,23285145956.13241
FOL,csiro-mk3-6-0_rcp85_r1i1p1,FORE-SCE-A1B,62514144740.93582,3862783934.641903,58651360806.29391
FOL,csiro-mk3-6-0_rcp85_r1i1p1,FORE-SCE-A2,52887854902.36527,3863706298.135218,49024148604.23005
FOL,csiro-mk3-6-0_rcp85_r1i1p1,FORE-SCE-B1,45440885376.459854,3867509132.0946264,41573376244.36523
FOL,csiro-mk3-6-0_rcp85_r1i1p1,GCAM-26,118742274269.01578,3945103274.887087,114797170994.1287
FOL,csiro-mk3-6-0_rcp85_r1i1p1,GCAM-45,83680748666.88182,3943230991.4779005,79737517675.40392
FOL,csiro-mk3-6-0_rcp85_r1i1p1,GCAM-ref,62690870515.15028,3941495939.6631107,58749374575.48718
FOL,csiro-mk3-6-0_rcp85_r1i1p1,LUCAS-BAU_High-0001,37320047920.78285,3871909183.5114317,33448138737.271404
FOL,csiro-mk3-6-0_rcp85_r1i1p1,LUCAS-BAU_High-0002,38577136024.966125,3866180283.043819,34710955741.92231
FOL,fgoals-g2_rcp26_r1i1p1,FORE-SCE-A1B,33826319208.279167,0.0,33826319208.279167
FOL,fgoals-g2_rcp26_r1i1p1,FORE-SCE-A2,26684563054.212254,0.0,26684563054.212254
FOL,fgoals-g2_rcp26_r1i1p1,FORE-SCE-B1,22705963830.337738,0.0,22705963830.337738
FOL,fgoals-g2_rcp26_r1i1p1,GCAM-26,72687459750.19194,0.0,72687459750.19194
FOL,fgoals-g2_rcp26_r1i1p1,GCAM-45,47942030396.02803,0.0,47942030396.02803
FOL,fgoals-g2_rcp26_r1i1p1,GCAM-ref,34422493705.88665,0.0,34422493705.88665
FOL,fgoals-g2_rcp26_r1i1p1,LUCAS-BAU_High-0001,17958012396.96975,0.0,17958012396.96975
FOL,fgoals-g2_rcp26_r1i1p1,LUCAS-BAU_High-0002,18812578637.464203,0.0,18812578637.464203
MIL,access1-0_rcp45_r1i1p1,FORE-SCE-A1B,139675357818.60916,57871562475.23993,81803795343.36922
MIL,access1-0_rcp45_r1i1p1,FORE-SCE-A2,129480415940.30292,57971829537.06145,71508586403.24149
MIL,access1-0_rcp45_r1i1p1,FORE-SCE-B1,121637104578.32504,58046675014.216415,63590429564.108665
MIL,access1-0_rcp45_r1i1p1,GCAM-26,195179248936.17807,59105408894.738525,136073840041.43958
MIL,access1-0_rcp45_r1i1p1,GCAM-45,161073284379.995,57974662465.23978,103098621914.75522
MIL,access1-0_rcp45_r1i1p1,GCAM-ref,139977517823.52994,57916454609.588104,82061063213.94183
MIL,access1-0_rcp45_r1i1p1,LUCAS-BAU_High-0001,112877843905.04858,57909705445.56018,54968138459.4884
MIL,access1-0_rcp45_r1i1p1,LUCAS-BAU_High-0002,114303393280.89462,57914370510.898926,56389022769.9957
MIL,access1-0_rcp85_r1i1p1,FORE-SCE-A1B,127509202015.74629,16890497388.276972,110618704627.46931
MIL,access1-0_rcp85_r1i1p1,FORE-SCE-A2,114468381814.04813,16874041676.057693,97594340137.99042
MIL,access1-0_rcp85_r1i1p1,FORE-SCE-B1,104478556774.83485,16579315145.07317,87899241629.76167
MIL,access1-0_rcp85_r1i1p1,GCAM-26,195201263312.3064,18035287888.91248,177165975423.39386
MIL,access1-0_rcp85_r1i1p1,GCAM-45,154162462564.7094,17430789415.226135,136731673149.48329
MIL,access1-0_rcp85_r1i1p1,GCAM-ref,127850787083.38264,16876672819.27225,110974114264.11038
MIL,access1-0_rcp85_r1i1p1,LUCAS-BAU_High-0001,92823517873.90112,16364854378.408274,76458663495.49284
MIL,access1-0_rcp85_r1i1p1,LUCAS-BAU_High-0002,94719012961.61484,16387759295.896524,78331253665.71829
MIL,bcc-csm1-1-m_rcp45_r1i1p1,FORE-SCE-A1B,138199899601.98688,68687278435.892166,69512621166.09476
MIL,bcc-csm1-1-m_rcp45_r1i1p1,FORE-SCE-A2,129668226944.3428,69205599160.81563,60462627783.52714
MIL,bcc-csm1-1-m_rcp45_r1i1p1,FORE-SCE-B1,122640663628.2748,69321031123.03964,53319632505.23512
MIL,bcc-csm1-1-m_rcp45_r1i1p1,GCAM-26,187247261549.78732,68423655484.535904,118823606065.25146
MIL,bcc-csm1-1-m_rcp45_r1i1p1,GCAM-45,156913195970.51874,68368396869.02745,88544799101.4913
MIL,bcc-csm1-1-m_rcp45_r1i1p1,GCAM-ref,137572739130.3068,68187580277.36289,69385158852.94391
MIL,bcc-csm1-1-m_rcp45_r1i1p1,LUCAS-BAU_High-0001,114595663889.43799,69190740669.41797,45404923220.020035
MIL,bcc-csm1-1-m_rcp45_r1i1p1,LUCAS-BAU_High-0002,115733665212.50256,69121374013.82195,46612291198.6806
MIL,bcc-csm1-1-m_rcp85_r1i1p1,FORE-SCE-A1B,309463553936.71063,237835631585.09412,71627922351.61644
MIL,bcc-csm1-1-m_rcp85_r1i1p1,FORE-SCE-A2,301408482402.2596,238408820348.8963,62999662053.36336
MIL,bcc-csm1-1-m_rcp85_r1i1p1,FORE-SCE-B1,293500779741.58844,238170243012.0915,55330536729.49703
MIL,bcc-csm1-1-m_rcp85_r1i1p1,GCAM-26,358739863240.0515,237164591621.7946,121575271618.25676
MIL,bcc-csm1-1-m_rcp85_r1i1p1,GCAM-45,327952133973.97766,237193263615.39752,90758870358.58003
MIL,bcc-csm1-1-m_rcp85_r1i1p1,GCAM-ref,308000705422.05774,237213510287.86676,70787195134.19083
MIL,bcc-csm1-1-m_rcp85_r1i1p1,LUCAS-BAU_High-0001,284404082406.57306,237825168358.5192,46578914048.0538
MIL,bcc-csm1-1-m_rcp85_r1i1p1,LUCAS-BAU_High-0002,285657726222.4809,237816307483.91974,47841418738.561035
MIL,bcc-csm1-1_rcp26_r1i1p1,FORE-SCE-A1B,170528663789.3359,76360449172.70766,94168214616.62828
MIL,bcc-csm1-1_rcp26_r1i1p1,FORE-SCE-A2,158788398089.9313,76540355254.9757,82248042834.95564
MIL,bcc-csm1-1_rcp26_r1i1p1,FORE-SCE-B1,150615711713.15332,76549393755.74203,74066317957.41132
MIL,bcc-csm1-1_rcp26_r1i1p1,GCAM-26,228317257366.4686,76031595765.90695,152285661600.5616
MIL,bcc-csm1-1_rcp26_r1i1p1,GCAM-45,193529716636.35352,76385315348.61198,117144401287.74155
MIL,bcc-csm1-1_rcp26_r1i1p1,GCAM-ref,171403892102.07205,76622779525.69324,94781112576.37886
MIL,bcc-csm1-1_rcp26_r1i1p1,LUCAS-BAU_High-0001,142047402515.0472,76854081531.73904,65193320983.308105
MIL,bcc-csm1-1_rcp26_r1i1p1,LUCAS-BAU_High-0002,143656056626.25534,76846257270.74586,66809799355.509476
MIL,bcc-csm1-1_rcp45_r1i1p1,FORE-SCE-A1B,135499448287.61873,55899156214.025246,79600292073.5935
MIL,bcc-csm1-1_rcp45_r1i1p1,FORE-SCE-A2,124882959514.06596,55742929155.307076,69140030358.7589
MIL,bcc-csm1-1_rcp45_r1i1p1,FORE-SCE-B1,117378530488.75536,55557699481.41645,61820831007.33894
MIL,bcc-csm1-1_rcp45_r1i1p1,GCAM-26,188289027653.24225,55748338024.85684,132540689628.38547
MIL,bcc-csm1-1_rcp45_r1i1p1,GCAM-45,156113593754.22717,55687222469.443756,100426371284.78342
MIL,bcc-csm1-1_rcp45_r1i1p1,GCAM-ref,136443262761.89476,56139781206.187805,80303481555.70694
MIL,bcc-csm1-1_rcp45_r1i1p1,LUCAS-BAU_High-0001,108848042458.21504,54938581620.345634,53909460837.86944
MIL,bcc-csm1-1_rcp45_r1i1p1,LUCAS-BAU_High-0002,110358746727.30104,55061243646.41353,55297503080.88755
MIL,bcc-csm1-1_rcp60_r1i1p1,FORE-SCE-A1B,183627611512.2612,108995228173.49886,74632383338.76234
MIL,bcc-csm1-1_rcp60_r1i1p1,FORE-SCE-A2,173920555581.5033,108977207949.38086,64943347632.122475
MIL,bcc-csm1-1_rcp60_r1i1p1,FORE-SCE-B1,166678289265.18375,109120590782.39067,57557698482.79306
MIL,bcc-csm1-1_rcp60_r1i1p1,GCAM-26,235354718127.33688,108704632687.49316,126650085439.84367
MIL,bcc-csm1-1_rcp60_r1i1p1,GCAM-45,203728232219.3774,108807282401.23523,94920949818.14224
MIL,bcc-csm1-1_rcp60_r1i1p1,GCAM-ref,184366734163.6034,109022926016.45335,75343808147.15005
MIL,bcc-csm1-1_rcp60_r1i1p1,LUCAS-BAU_High-0001,158697738129.9476,109037170275.4116,49660567854.53602
MIL,bcc-csm1-1_rcp60_r1i1p1,LUCAS-BAU_High-0002,160009184928.11426,109021690668.85674,50987494259.257515
MIL,bcc-csm1-1_rcp85_r1i1p1,FORE-SCE-A1B,276178480014.8702,186673386163.36923,89505093851.50087
MIL,bcc-csm1-1_rcp85_r1i1p1,FORE-SCE-A2,266256603144.4023,186734990241.77637,79521612902.62604
MIL,bcc-csm1-1_rcp85_r1i1p1,FORE-SCE-B1,256917579924.44867,186564484361.09583,70353095563.35284
MIL,bcc-csm1-1_rcp85_r1i1p1,GCAM-26,334631611663.8373,187545232045.19907,147086379618.63828
MIL,bcc-csm1-1_rcp85_r1i1p1,GCAM-45,298973875631.42633,186959054811.31534,112014820820.11104
MIL,bcc-csm1-1_rcp85_r1i1p1,GCAM-ref,275611984008.9046,186763979808.47925,88848004200.42534
MIL,bcc-csm1-1_rcp85_r1i1p1,LUCAS-BAU_High-0001,247173424256.69785,186755467986.28775,60417956270.41002
MIL,bcc-csm1-1_rcp85_r1i1p1,LUCAS-BAU_High-0002,248581427860.58182,186682439527.04776,61898988333.53397
MIL,canesm2_rcp26_r1i1p1,FORE-SCE-A1B,774452939765.5186,711001171810.3416,63451767955.1767
MIL,canesm2_rcp26_r1i1p1,FORE-SCE-A2,765711970178.1182,711166690549.5149,54545279628.60314
MIL,canesm2_rcp26_r1i1p1,FORE-SCE-B1,760128259932.992,711411374138.9232,48716885794.069214
MIL,canesm2_rcp26_r1i1p1,GCAM-26,818644922461.6161,710367405937.926,108277516523.68997
MIL,canesm2_rcp26_r1i1p1,GCAM-45,791694746285.3209,710863428930.1118,80831317355.20918
MIL,canesm2_rcp26_r1i1p1,GCAM-ref,775184575802.4387,711141701299.7076,64042874502.731445
MIL,canesm2_rcp26_r1i1p1,LUCAS-BAU_High-0001,753457989983.1136,711696581570.8035,41761408412.30992
MIL,canesm2_rcp26_r1i1p1,LUCAS-BAU_High-0002,754605425884.0857,711644656756.3536,42960769127.731705
MIL,canesm2_rcp45_r1i1p1,FORE-SCE-A1B,250563062466.2929,183654418647.82153,66908643818.471275
MIL,canesm2_rcp45_r1i1p1,FORE-SCE-A2,241885140927.0193,183995455920.607,57889685006.41231
MIL,canesm2_rcp45_r1i1p1,FORE-SCE-B1,235357977403.47305,183999037002.78378,51358940400.68922
MIL,canesm2_rcp45_r1i1p1,GCAM-26,297517834822.3284,183825087240.48257,113692747581.8458
MIL,canesm2_rcp45_r1i1p1,GCAM-45,269011743717.45825,183838171839.42938,85173571878.02887
MIL,canesm2_rcp45_r1i1p1,GCAM-ref,251047226320.8311,183945006671.62885,67102219649.20216
MIL,canesm2_rcp45_r1i1p1,LUCAS-BAU_High-0001,228590602341.93146,184342705156.38284,44247897185.548676
MIL,canesm2_rcp45_r1i1p1,LUCAS-BAU_High-0002,229617780199.2756,184190040056.19846,45427740143.077126
MIL,canesm2_rcp85_r1i1p1,FORE-SCE-A1B,1259580865638.4521,1179819484762.2039,79761380876.24843
MIL,canesm2_rcp85_r1i1p1,FORE-SCE-A2,1251392570779.1416,1180801193016.136,70591377763.00656
MIL,canesm2_rcp85_r1i1p1,FORE-SCE-B1,1243293243349.9707,1180320910342.7837,62972333007.186386
MIL,canesm2_rcp85_r1i1p1,GCAM-26,1309239054171.1,1179319879199.4963,129919174971.60374
MIL,canesm2_rcp85_r1i1p1,GCAM-45,1278951191141.2126,1179411043054.9602,99540148086.25252
MIL,canesm2_rcp85_r1i1p1,GCAM-ref,1258682601278.259,1178869069200.0654,79813532078.19371
MIL,canesm2_rcp85_r1i1p1,LUCAS-BAU_High-0001,1235617655595.125,1180558829091.7295,55058826503.39525
MIL,canesm2_rcp85_r1i1p1,LUCAS-BAU_High-0002,1236773969988.9683,1180441230285.5837,56332739703.38442
MIL,ccsm4_rcp26_r1i1p1,FORE-SCE-A1B,382178393965.7717,322678704859.8315,59499689105.940094
MIL,ccsm4_rcp26_r1i1p1,FORE-SCE-A2,375512629515.7882,323525453974.04004,51987175541.74833
MIL,ccsm4_rcp26_r1i1p1,FORE-SCE-B1,369469014664.30475,323670730976.29645,45798283688.00827
MIL,ccsm4_rcp26_r1i1p1,GCAM-26,423471743833.89557,321838141854.734,101633601979.1617
MIL,ccsm4_rcp26_r1i1p1,GCAM-45,398230894345.9063,322217578756.5049,76013315589.40137
MIL,ccsm4_rcp26_r1i1p1,GCAM-ref,382157228690.9636,322418220785.9191,59739007905.0445
MIL,ccsm4_rcp26_r1i1p1,LUCAS-BAU_High-0001,363958999074.98755,324406453776.5623,39552545298.42515
MIL,ccsm4_rcp26_r1i1p1,LUCAS-BAU_High-0002,364800188628.4767,324218425160.80585,40581763467.67078
MIL,ccsm4_rcp45_r1i1p1,FORE-SCE-A1B,291833629066.67474,222023375291.03943,69810253775.63518
MIL,ccsm4_rcp45_r1i1p1,FORE-SCE-A2,281752796095.46747,221836052092.59454,59916744002.87287
MIL,ccsm4_rcp45_r1i1p1,FORE-SCE-B1,276008284285.53107,222070906052.4087,53937378233.122536
MIL,ccsm4_rcp45_r1i1p1,GCAM-26,340253985847.3366,223017222322.57843,117236763524.75832
MIL,ccsm4_rcp45_r1i1p1,GCAM-45,310790846710.2921,222307403246.99014,88483443463.30206
MIL,ccsm4_rcp45_r1i1p1,GCAM-ref,293539546022.29596,222168021531.3655,71371524490.93039
MIL,ccsm4_rcp45_r1i1p1,LUCAS-BAU_High-0001,268948612225.899,221514193144.22522,47434419081.67375
MIL,ccsm4_rcp45_r1i1p1,LUCAS-BAU_High-0002,270233672553.76086,221549268962.97003,48684403590.790794
MIL,ccsm4_rcp60_r1i1p1,FORE-SCE-A1B,333617072001.2705,274300882223.4601,59316189777.81033
MIL,ccsm4_rcp60_r1i1p1,FORE-SCE-A2,325381258868.51685,274916943474.1696,50464315394.34726
MIL,ccsm4_rcp60_r1i1p1,FORE-SCE-B1,320446770993.5114,275044316035.6306,45402454957.88079
MIL,ccsm4_rcp60_r1i1p1,GCAM-26,375961253045.2044,273731620229.31598,102229632815.88841
MIL,ccsm4_rcp60_r1i1p1,GCAM-45,350224027868.2767,273964689590.6368,76259338277.63982
MIL,ccsm4_rcp60_r1i1p1,GCAM-ref,335762459299.45123,274383032729.7375,61379426569.71368
MIL,ccsm4_rcp60_r1i1p1,LUCAS-BAU_High-0001,315237272193.62573,275323038620.53815,39914233573.087616
MIL,ccsm4_rcp60_r1i1p1,LUCAS-BAU_High-0002,316347484109.8411,275331482333.8894,41016001775.9517
MIL,ccsm4_rcp85_r1i1p1,FORE-SCE-A1B,355860162590.9539,272243824649.49023,83616337941.46367
MIL,ccsm4_rcp85_r1i1p1,FORE-SCE-A2,345133607301.0482,272045717485.77106,73087889815.27713
MIL,ccsm4_rcp85_r1i1p1,FORE-SCE-B1,336803288044.6477,271288990975.6784,65514297068.96932
MIL,ccsm4_rcp85_r1i1p1,GCAM-26,414040521821.0064,275979301255.7835,138061220565.22302
MIL,ccsm4_rcp85_r1i1p1,GCAM-45,378882054818.3991,274084266104.77408,104797788713.62509
MIL,ccsm4_rcp85_r1i1p1,GCAM-ref,356294210839.32025,272185853973.20193,84108356866.11842
MIL,ccsm4_rcp85_r1i1p1,LUCAS-BAU_High-0001,327122251139.0808,270547878136.87863,56574373002.20227
MIL,ccsm4_rcp85_r1i1p1,LUCAS-BAU_High-0002,328648191127.32745,270590684482.14673,58057506645.18081
MIL,cesm1-bgc_rcp45_r1i1p1,FORE-SCE-A1B,485729840818.69916,424707485024.59467,61022355794.10453
MIL,cesm1-bgc_rcp45_r1i1p1,FORE-SCE-A2,478907397851.6846,425678986684.4734,53228411167.21096
MIL,cesm1-bgc_rcp45_r1i1p1,FORE-SCE-B1,473640209345.8701,426419357149.8315,47220852196.03867
MIL,cesm1-bgc_rcp45_r1i1p1,GCAM-26,524608571300.6854,421881194617.807,102727376682.87842
MIL,cesm1-bgc_rcp45_r1i1p1,GCAM-45,500091189841.37177,422892120972.46155,77199068868.91019
MIL,cesm1-bgc_rcp45_r1i1p1,GCAM-ref,485523065201.82745,424389912180.19666,61133153021.63086
MIL,cesm1-bgc_rcp45_r1i1p1,LUCAS-BAU_High-0001,467922215538.9901,427271397066.3178,40650818472.672295
MIL,cesm1-bgc_rcp45_r1i1p1,LUCAS-BAU_High-0002,468937449872.89465,427171927086.98413,41765522785.91054
MIL,cesm1-bgc_rcp85_r1i1p1,FORE-SCE-A1B,480267201697.7485,416400860856.25214,63866340841.496284
MIL,cesm1-bgc_rcp85_r1i1p1,FORE-SCE-A2,471436550627.61,416375905779.6351,55060644847.974976
MIL,cesm1-bgc_rcp85_r1i1p1,FORE-SCE-B1,464886620599.0385,416003397412.5167,48883223186.52168
MIL,cesm1-bgc_rcp85_r1i1p1,GCAM-26,530566427386.6606,420850193547.9346,109716233838.72598
MIL,cesm1-bgc_rcp85_r1i1p1,GCAM-45,499190258843.6095,417811235316.6401,81379023526.9695
MIL,cesm1-bgc_rcp85_r1i1p1,GCAM-ref,480066281302.2515,416085357236.67316,63980924065.57822
MIL,cesm1-bgc_rcp85_r1i1p1,LUCAS-BAU_High-0001,457555193962.0539,416186026649.0633,41369167312.99058
MIL,cesm1-bgc_rcp85_r1i1p1,LUCAS-BAU_High-0002,458700599866.5851,416083745922.0546,42616853944.53046
MIL,cesm1-cam5_rcp26_r1i1p1,FORE-SCE-A1B,628813513878.8837,571051756390.3254,57761757488.5585
MIL,cesm1-cam5_rcp26_r1i1p1,FORE-SCE-A2,621857862869.779,571845646435.6642,50012216434.11501
MIL,cesm1-cam5_rcp26_r1i1p1,FORE-SCE-B1,616614931247.5234,572284984858.1582,44329946389.365395
MIL,cesm1-cam5_rcp26_r1i1p1,GCAM-26,666840736689.5189,568520887209.8293,98319849479.68942
MIL,cesm1-cam5_rcp26_r1i1p1,GCAM-45,643186659207.6064,569689184132.298,73497475075.30824
MIL,cesm1-cam5_rcp26_r1i1p1,GCAM-ref,628451103590.394,570628029070.356,57823074520.038155
MIL,cesm1-cam5_rcp26_r1i1p1,LUCAS-BAU_High-0001,611067532165.331,573004995889.0906,38062536276.24052
MIL,cesm1-cam5_rcp26_r1i1p1,LUCAS-BAU_High-0002,611952976768.2671,572827405997.4719,39125570770.79506
MIL,cesm1-cam5_rcp45_r1i1p1,FORE-SCE-A1B,285677982914.6034,205047999513.32657,80629983401.27684
MIL,cesm1-cam5_rcp45_r1i1p1,FORE-SCE-A2,275250318951.3212,204994716967.36636,70255601983.95486
MIL,cesm1-cam5_rcp45_r1i1p1,FORE-SCE-B1,267892729775.25894,204809464443.95514,63083265331.30367
MIL,cesm1-cam5_rcp45_r1i1p1,GCAM-26,338220286088.2989,205717539687.23196,132502746401.06691
MIL,cesm1-cam5_rcp45_r1i1p1,GCAM-45,306460161130.3504,205440057080.74075,101020104049.60966
MIL,cesm1-cam5_rcp45_r1i1p1,GCAM-ref,286153128826.5628,204702644982.62985,81450483843.93295
MIL,cesm1-cam5_rcp45_r1i1p1,LUCAS-BAU_High-0001,259687211845.40524,204725569647.3273,54961642198.07788
MIL,cesm1-cam5_rcp45_r1i1p1,LUCAS-BAU_High-0002,261045239292.81836,204666730069.1908,56378509223.62759
MIL,cesm1-cam5_rcp60_r1i1p1,FORE-SCE-A1B,561559655402.2281,482161328775.49,79398326626.73824
MIL,cesm1-cam5_rcp60_r1i1p1,FORE-SCE-A2,552361193984.8416,482760773695.6676,69600420289.17406
MIL,cesm1-cam5_rcp60_r1i1p1,FORE-SCE-B1,545282590134.0905,482908249153.0508,62374340981.03944
MIL,cesm1-cam5_rcp60_r1i1p1,GCAM-26,612042287179.7073,481921106503.5497,130121180676.15749
MIL,cesm1-cam5_rcp60_r1i1p1,GCAM-45,580812970621.3596,481534553192.7586,99278417428.60106
MIL,cesm1-cam5_rcp60_r1i1p1,GCAM-ref,561729676411.6609,482026876233.10754,79702800178.5534
MIL,cesm1-cam5_rcp60_r1i1p1,LUCAS-BAU_High-0001,537120584482.4005,483077049171.856,54043535310.544525
MIL,cesm1-cam5_rcp60_r1i1p1,LUCAS-BAU_High-0002,538450035609.7022,483031550900.58374,55418484709.118614
MIL,cesm1-cam5_rcp85_r1i1p1,FORE-SCE-A1B,574314246127.2278,485588282136.8965,88725963990.33118
MIL,cesm1-cam5_rcp85_r1i1p1,FORE-SCE-A2,563918031787.9006,485256367721.85034,78661664066.0504
MIL,cesm1-cam5_rcp85_r1i1p1,FORE-SCE-B1,555262212258.6508,485028219047.4522,70233993211.19855
MIL,cesm1-cam5_rcp85_r1i1p1,GCAM-26,634612464952.2297,490755674130.0858,143856790822.14404
MIL,cesm1-cam5_rcp85_r1i1p1,GCAM-45,598078371582.7981,487977661728.46094,110100709854.33693
MIL,cesm1-cam5_rcp85_r1i1p1,GCAM-ref,574337246876.1053,486302576473.2108,88034670402.8945
MIL,cesm1-cam5_rcp85_r1i1p1,LUCAS-BAU_High-0001,545584551627.13715,485006099289.7194,60578452337.41788
MIL,cesm1-cam5_rcp85_r1i1p1,LUCAS-BAU_High-0002,547195693944.19867,485087315327.12897,62108378617.06981
MIL,cmcc-cm_rcp45_r1i1p1,FORE-SCE-A1B,182840025609.0023,93154925477.13014,89685100131.87216
MIL,cmcc-cm_rcp45_r1i1p1,FORE-SCE-A2,171877007314.27435,93524539514.31845,78352467799.95584
MIL,cmcc-cm_rcp45_r1i1p1,FORE-SCE-B1,163721699527.44952,93550783729.74823,70170915797.7013
MIL,cmcc-cm_rcp45_r1i1p1,GCAM-26,242061211318.43594,94181639753.29904,147879571565.13672
MIL,cmcc-cm_rcp45_r1i1p1,GCAM-45,205456318026.10843,93258287682.4421,112198030343.66632
MIL,cmcc-cm_rcp45_r1i1p1,GCAM-ref,183041763945.12076,93242820893.21536,89798943051.90549
MIL,cmcc-cm_rcp45_r1i1p1,LUCAS-BAU_High-0001,154009494384.55453,93551702182.87788,60457792201.67663
MIL,cmcc-cm_rcp45_r1i1p1,LUCAS-BAU_High-0002,155603940342.97125,93580668438.3848,62023271904.58647
MIL,cmcc-cm_rcp85_r1i1p1,FORE-SCE-A1B,150023626530.50894,42544395515.39905,107479231015.1099
MIL,cmcc-cm_rcp85_r1i1p1,FORE-SCE-A2,138491419425.7861,42522191647.986534,95969227777.7996
MIL,cmcc-cm_rcp85_r1i1p1,FORE-SCE-B1,128160688369.53268,42445158297.89427,85715530071.63844
MIL,cmcc-cm_rcp85_r1i1p1,GCAM-26,213973223786.91986,42450732091.37216,171522491695.54773
MIL,cmcc-cm_rcp85_r1i1p1,GCAM-45,175209187343.10553,42493131572.672104,132716055770.4335
MIL,cmcc-cm_rcp85_r1i1p1,GCAM-ref,149471237298.8903,42556102342.73129,106915134956.15892
MIL,cmcc-cm_rcp85_r1i1p1,LUCAS-BAU_High-0001,117102569414.82426,42510324851.72892,74592244563.09537
MIL,cmcc-cm_rcp85_r1i1p1,LUCAS-BAU_High-0002,118817419737.56308,42510835976.86528,76306583760.69777
MIL,cnrm-cm5_rcp45_r1i1p1,FORE-SCE-A1B,395426907460.70264,334575296907.7384,60851610552.96426
MIL,cnrm-cm5_rcp45_r1i1p1,FORE-SCE-A2,387532102399.9309,334473709411.4063,53058392988.524605
MIL,cnrm-cm5_rcp45_r1i1p1,FORE-SCE-B1,381300513999.07263,334652221722.4537,46648292276.61889
MIL,cnrm-cm5_rcp45_r1i1p1,GCAM-26,440787735813.32904,335633723969.65,105154011843.67921
MIL,cnrm-cm5_rcp45_r1i1p1,GCAM-45,412987960328.2477,335087559687.8093,77900400640.4384
MIL,cnrm-cm5_rcp45_r1i1p1,GCAM-ref,395450992645.80786,334550674565.5817,60900318080.22612
MIL,cnrm-cm5_rcp45_r1i1p1,LUCAS-BAU_High-0001,373860698309.8757,334378281366.6249,39482416943.25075
MIL,cnrm-cm5_rcp45_r1i1p1,LUCAS-BAU_High-0002,374907146575.2545,334322554263.77985,40584592311.47484
MIL,cnrm-cm5_rcp85_r1i1p1,FORE-SCE-A1B,671122769755.1527,584782104270.5115,86340665484.64146
MIL,cnrm-cm5_rcp85_r1i1p1,FORE-SCE-A2,660804636934.994,584677588761.7549,76127048173.23906
MIL,cnrm-cm5_rcp85_r1i1p1,FORE-SCE-B1,652279990423.5623,584473121659.8666,67806868763.69583
MIL,cnrm-cm5_rcp85_r1i1p1,GCAM-26,729086357670.3301,586710703001.0339,142375654669.2961
MIL,cnrm-cm5_rcp85_r1i1p1,GCAM-45,692971080541.0381,585155091643.813,107815988897.22481
MIL,cnrm-cm5_rcp85_r1i1p1,GCAM-ref,669785722482.4146,583930834575.5201,85854887906.89436
MIL,cnrm-cm5_rcp85_r1i1p1,LUCAS-BAU_High-0001,641481713088.3999,583375826683.7972,58105886404.60288
MIL,cnrm-cm5_rcp85_r1i1p1,LUCAS-BAU_High-0002,643090863281.71,583446148624.267,59644714657.443016
MIL,csiro-mk3-6-0_rcp26_r1i1p1,FORE-SCE-A1B,308486826949.92694,235415521231.83313,73071305718.09389
MIL,csiro-mk3-6-0_rcp26_r1i1p1,FORE-SCE-A2,298702236963.52985,235886820635.81213,62815416327.717606
MIL,csiro-mk3-6-0_rcp26_r1i1p1,FORE-SCE-B1,292568449069.8134,236025049653.4501,56543399416.36334
MIL,csiro-mk3-6-0_rcp26_r1i1p1,GCAM-26,356236902928.0646,234343369223.69235,121893533704.37198
MIL,csiro-mk3-6-0_rcp26_r1i1p1,GCAM-45,326916625396.35925,234599694288.44766,92316931107.91151
MIL,csiro-mk3-6-0_rcp26_r1i1p1,GCAM-ref,309441310177.83813,235111505347.00595,74329804830.83214
MIL,csiro-mk3-6-0_rcp26_r1i1p1,LUCAS-BAU_High-0001,285827042999.32043,236156148655.32385,49670894343.996574
MIL,csiro-mk3-6-0_rcp26_r1i1p1,LUCAS-BAU_High-0002,287125417643.40576,236091680721.9194,51033736921.48632
MIL,csiro-mk3-6-0_rcp45_r1i1p1,FORE-SCE-A1B,140503255080.15134,45671854409.80797,94831400670.34335
MIL,csiro-mk3-6-0_rcp45_r1i1p1,FORE-SCE-A2,128692918574.03717,45807845872.0943,82885072701.94286
MIL,csiro-mk3-6-0_rcp45_r1i1p1,FORE-SCE-B1,120636098126.79604,45972647267.51984,74663450859.27623
MIL,csiro-mk3-6-0_rcp45_r1i1p1,GCAM-26,199038865357.76956,45155903549.954254,153882961807.81534
MIL,csiro-mk3-6-0_rcp45_r1i1p1,GCAM-45,163449113304.61038,45110828296.21312,118338285008.39726
MIL,csiro-mk3-6-0_rcp45_r1i1p1,GCAM-ref,141500066006.79138,45403798472.10107,96096267534.6903
MIL,csiro-mk3-6-0_rcp45_r1i1p1,LUCAS-BAU_High-0001,111507828516.2077,45842565470.45965,65665263045.74805
MIL,csiro-mk3-6-0_rcp45_r1i1p1,LUCAS-BAU_High-0002,113196348446.12543,45899226767.8175,67297121678.307915
MIL,csiro-mk3-6-0_rcp60_r1i1p1,FORE-SCE-A1B,223183958164.51956,139030196317.50195,84153761847.01772
MIL,csiro-mk3-6-0_rcp60_r1i1p1,FORE-SCE-A2,212788460275.46826,138679815339.30774,74108644936.1606
MIL,csiro-mk3-6-0_rcp60_r1i1p1,FORE-SCE-B1,203875112004.30243,138067356639.01932,65807755365.283035
MIL,csiro-mk3-6-0_rcp60_r1i1p1,GCAM-26,281471799323.7896,142138118797.56168,139333680526.22797
MIL,csiro-mk3-6-0_rcp60_r1i1p1,GCAM-45,245541977155.02646,139989854518.96112,105552122636.06538
MIL,csiro-mk3-6-0_rcp60_r1i1p1,GCAM-ref,222581068884.1283,138755426018.14478,83825642865.98355
MIL,csiro-mk3-6-0_rcp60_r1i1p1,LUCAS-BAU_High-0001,194171599648.0247,137572853923.1416,56598745724.88306
MIL,csiro-mk3-6-0_rcp60_r1i1p1,LUCAS-BAU_High-0002,195712285978.151,137646252418.3452,58066033559.805824
MIL,csiro-mk3-6-0_rcp85_r1i1p1,FORE-SCE-A1B,310631390224.39996,221656288316.7218,88975101907.67819
MIL,csiro-mk3-6-0_rcp85_r1i1p1,FORE-SCE-A2,300383578992.8957,221950994380.46445,78432584612.43121
MIL,csiro-mk3-6-0_rcp85_r1i1p1,FORE-SCE-B1,290860595882.4746,220762686103.39636,70097909779.07822
MIL,csiro-mk3-6-0_rcp85_r1i1p1,GCAM-26,371219960145.29596,224856807875.89227,146363152269.40363
MIL,csiro-mk3-6-0_rcp85_r1i1p1,GCAM-45,334814195438.52563,223513972749.62146,111300222688.90417
MIL,csiro-mk3-6-0_rcp85_r1i1p1,GCAM-ref,310027408282.28406,220877744739.93958,89149663542.34448
MIL,csiro-mk3-6-0_rcp85_r1i1p1,LUCAS-BAU_High-0001,280651510302.8444,220247690403.96988,60403819898.87452
MIL,csiro-mk3-6-0_rcp85_r1i1p1,LUCAS-BAU_High-0002,282249650344.3804,220322818693.96863,61926831650.4118
MIL,fgoals-g2_rcp26_r1i1p1,FORE-SCE-A1B,143853981241.23575,86056943539.02168,57797037702.21404
MIL,fgoals-g2_rcp26_r1i1p1,FORE-SCE-A2,135767347207.47409,86476056974.02007,49291290233.45403
MIL,fgoals-g2_rcp26_r1i1p1,FORE-SCE-B1,129933129878.42322,86125565996.03383,43807563882.38943
MIL,fgoals-g2_rcp26_r1i1p1,GCAM-26,185929627168.79117,85219199439.14029,100710427729.65088
MIL,fgoals-g2_rcp26_r1i1p1,GCAM-45,160190952979.5333,85911438035.46928,74279514944.06407
MIL,fgoals-g2_rcp26_r1i1p1,GCAM-ref,144096242785.92145,85591920389.39075,58504322396.53067
MIL,fgoals-g2_rcp26_r1i1p1,LUCAS-BAU_High-0001,123790358795.46265,86315017522.94545,37475341272.517204
MIL,fgoals-g2_rcp26_r1i1p1,LUCAS-BAU_High-0002,124904740606.93756,86291037380.498,38613703226.439575
NHG,access1-0_rcp45_r1i1p1,FORE-SCE-A1B,5.177805302832084e-24,0.0,5.177805302832084e-24
NHG,access1-0_rcp45_r1i1p1,FORE-SCE-A2,4.012563082512023e-24,0.0,4.012563082512023e-24
NHG,access1-0_rcp45_r1i1p1,FORE-SCE-B1,3.637494431959261e-24,0.0,3.637494431959261e-24
NHG,access1-0_rcp45_r1i1p1,GCAM-26,7.668081408433774e-24,0.0,7.668081408433774e-24
NHG,access1-0_rcp45_r1i1p1,GCAM-45,6.165585373913626e-24,0.0,6.165585373913626e-24
NHG,access1-0_rcp45_r1i1p1,GCAM-ref,5.111970127125959e-24,0.0,5.111970127125959e-24
NHG,access1-0_rcp45_r1i1p1,LUCAS-BAU_High-0001,3.135804139787665e-24,0.0,3.135804139787665e-24
NHG,access1-0_rcp45_r1i1p1,LUCAS-BAU_High-0002,3.160239895187791e-24,0.0,3.160239895187791e-24
NHG,access1-0_rcp85_r1i1p1,FORE-SCE-A1B,5.405199191927472e-24,0.0,5.405199191927472e-24
NHG,access1-0_rcp85_r1i1p1,FORE-SCE-A2,4.234504365030523e-24,0.0,4.234504365030523e-24
NHG,access1-0_rcp85_r1i1p1,FORE-SCE-B1,3.8095039746208925e-24,0.0,3.8095039746208925e-24
NHG,access1-0_rcp85_r1i1p1,GCAM-26,636350.0507097326,0.0,636350.0507097326
NHG,access1-0_rcp85_r1i1p1,GCAM-45,20699.612047187456,0.0,20699.612047187456
NHG,access1-0_rcp85_r1i1p1,GCAM-ref,0.002704597520164236,0.0,0.002704597520164236
NHG,access1-0_rcp85_r1i1p1,LUCAS-BAU_High-0001,3.2835798754409066e-24,0.0,3.2835798754409066e-24
NHG,access1-0_rcp85_r1i1p1,LUCAS-BAU_High-0002,3.337803018622178e-24,0.0,3.337803018622178e-24
NHG,bcc-csm1-1-m_rcp45_r1i1p1,FORE-SCE-A1B,54335548.620386094,53753042.342980005,582506.2774060854
NHG,bcc-csm1-1-m_rcp45_r1i1p1,FORE-SCE-A2,54300572.836455084,53729421.35395297,571151.4825021194
NHG,bcc-csm1-1-m_rcp45_r1i1p1,FORE-SCE-B1,54068053.15600206,53568532.996576145,499520.15942592
NHG,bcc-csm1-1-m_rcp45_r1i1p1,GCAM-26,55424225.06940356,54276525.15222962,1147699.9171739419
NHG,bcc-csm1-1-m_rcp45_r1i1p1,GCAM-45,54873631.23159256,54096694.55517997,776936.676412587
NHG,bcc-csm1-1-m_rcp45_r1i1p1,GCAM-ref,54701622.26241857,53996955.48479995,704666.7776186118
NHG,bcc-csm1-1-m_rcp45_r1i1p1,LUCAS-BAU_High-0001,54207142.478843,53666123.26086797,541019.2179750388
NHG,bcc-csm1-1-m_rcp45_r1i1p1,LUCAS-BAU_High-0002,54223237.90173039,53677226.140179485,546011.7615509065
NHG,bcc-csm1-1-m_rcp85_r1i1p1,FORE-SCE-A1B,5871830758.668018,5868885695.685509,2945062.9825099017
NHG,bcc-csm1-1-m_rcp85_r1i1p1,FORE-SCE-A2,5876831464.047924,5874431318.120384,2400145.9275397994
NHG,bcc-csm1-1-m_rcp85_r1i1p1,FORE-SCE-B1,5877610835.731162,5875537062.958525,2073772.7726387414
NHG,bcc-csm1-1-m_rcp85_r1i1p1,GCAM-26,5864342907.780423,5857274564.326584,7068343.453837041
NHG,bcc-csm1-1-m_rcp85_r1i1p1,GCAM-45,5867771992.237269,5863554918.185248,4217074.052021473
NHG,bcc-csm1-1-m_rcp85_r1i1p1,GCAM-ref,5871670132.014344,5868790662.993196,2879469.021149942
NHG,bcc-csm1-1-m_rcp85_r1i1p1,LUCAS-BAU_High-0001,5879849993.999396,5878086632.549705,1763361.4496924176
NHG,bcc-csm1-1-m_rcp85_r1i1p1,LUCAS-BAU_High-0002,5879153127.1509905,5877320637.457809,1832489.693181511
NHG,bcc-csm1-1_rcp26_r1i1p1,FORE-SCE-A1B,2479275803.758136,2478962317.7108655,313486.0472703819
NHG,bcc-csm1-1_rcp26_r1i1p1,FORE-SCE-A2,2480326834.1464276,2480097221.4754534,229612.6709738738
NHG,bcc-csm1-1_rcp26_r1i1p1,FORE-SCE-B1,2480403712.952173,2480179429.7969446,224283.1552282329
NHG,bcc-csm1-1_rcp26_r1i1p1,GCAM-26,2477654199.218425,2477654077.4127626,121.80566210580216
NHG,bcc-csm1-1_rcp26_r1i1p1,GCAM-45,2478423670.5982833,2478423670.5982833,6.246162782216521e-24
NHG,bcc-csm1-1_rcp26_r1i1p1,GCAM-ref,2479050318.1425056,2478716016.9788504,334301.16365527676
NHG,bcc-csm1-1_rcp26_r1i1p1,LUCAS-BAU_High-0001,2480470811.6533923,2480251132.5703716,219679.08302080227
NHG,bcc-csm1-1_rcp26_r1i1p1,LUCAS-BAU_High-0002,2480376781.9783673,2480150656.6901712,226125.28819633822
NHG,bcc-csm1-1_rcp45_r1i1p1,FORE-SCE-A1B,136929657.98194006,136500514.6729267,429143.3090133266
NHG,bcc-csm1-1_rcp45_r1i1p1,FORE-SCE-A2,136367602.35534695,135996156.4770798,371445.87826714694
NHG,bcc-csm1-1_rcp45_r1i1p1,FORE-SCE-B1,136094014.86880323,135747701.35519865,346313.5136045779
NHG,bcc-csm1-1_rcp45_r1i1p1,GCAM-26,138684334.5315623,137886342.47815153,797992.0534107664
NHG,bcc-csm1-1_rcp45_r1i1p1,GCAM-45,137849543.89534813,137306781.4098209,542762.4855272332
NHG,bcc-csm1-1_rcp45_r1i1p1,GCAM-ref,137333473.40238795,136822208.12717095,511265.27521698223
NHG,bcc-csm1-1_rcp45_r1i1p1,LUCAS-BAU_High-0001,136207807.55097878,135882280.56853533,325526.9824434455
NHG,bcc-csm1-1_rcp45_r1i1p1,LUCAS-BAU_High-0002,136222964.87860435,135890994.97661573,331969.9019886119
NHG,bcc-csm1-1_rcp60_r1i1p1,FORE-SCE-A1B,2457231.9237990924,0.0,2457231.9237990924
NHG,bcc-csm1-1_rcp60_r1i1p1,FORE-SCE-A2,1983667.6819599057,0.0,1983667.6819599057
NHG,bcc-csm1-1_rcp60_r1i1p1,FORE-SCE-B1,1946774.8348164046,0.0,1946774.8348164046
NHG,bcc-csm1-1_rcp60_r1i1p1,GCAM-26,3811716.694050621,0.0,3811716.694050621
NHG,bcc-csm1-1_rcp60_r1i1p1,GCAM-45,2974846.2206242243,0.0,2974846.2206242243
NHG,bcc-csm1-1_rcp60_r1i1p1,GCAM-ref,2613432.065477229,0.0,2613432.065477229
NHG,bcc-csm1-1_rcp60_r1i1p1,LUCAS-BAU_High-0001,1823242.3411058877,0.0,1823242.3411058877
NHG,bcc-csm1-1_rcp60_r1i1p1,LUCAS-BAU_High-0002,1872426.6809552573,0.0,1872426.6809552573
NHG,bcc-csm1-1_rcp85_r1i1p1,FORE-SCE-A1B,25111804906.105686,25096458960.907387,15345945.198297989
NHG,bcc-csm1-1_rcp85_r1i1p1,FORE-SCE-A2,25114387851.338,25101092624.08255,13295227.255454505
NHG,bcc-csm1-1_rcp85_r1i1p1,FORE-SCE-B1,25115663337.821438,25103097031.815132,12566306.006307872
NHG,bcc-csm1-1_rcp85_r1i1p1,GCAM-26,25103540584.548477,25078708885.909386,24831698.63908633
NHG,bcc-csm1-1_rcp85_r1i1p1,GCAM-45,25108066331.87416,25089303677.118958,18762654.755195837
NHG,bcc-csm1-1_rcp85_r1i1p1,GCAM-ref,25111515240.90125,25095409951.83883,16105289.062417023
NHG,bcc-csm1-1_rcp85_r1i1p1,LUCAS-BAU_High-0001,25118156730.445282,25107616072.3887,10540658.056578571
NHG,bcc-csm1-1_rcp85_r1i1p1,LUCAS-BAU_High-0002,25117540831.004726,25106748842.942146,10791988.062582579
NHG,canesm2_rcp26_r1i1p1,FORE-SCE-A1B,71584532623.90112,71577920870.20839,6611753.692726326
NHG,canesm2_rcp26_r1i1p1,FORE-SCE-A2,71590499549.34476,71584625630.4807,5873918.8640599195
NHG,canesm2_rcp26_r1i1p1,FORE-SCE-B1,71592030738.5088,71586548387.31258,5482351.196224327
NHG,canesm2_rcp26_r1i1p1,GCAM-26,71565689221.63536,71556350330.60345,9338891.031899162
NHG,canesm2_rcp26_r1i1p1,GCAM-45,71576823115.44876,71568852925.76733,7970189.681431834
NHG,canesm2_rcp26_r1i1p1,GCAM-ref,71581553076.33731,71574445525.40321,7107550.934093858
NHG,canesm2_rcp26_r1i1p1,LUCAS-BAU_High-0001,71595945712.9182,71590264724.7107,5680988.207503391
NHG,canesm2_rcp26_r1i1p1,LUCAS-BAU_High-0002,71595215320.04327,71589611145.56245,5604174.48082954
NHG,canesm2_rcp45_r1i1p1,FORE-SCE-A1B,8987102856.786615,8967675954.165642,19426902.620969586
NHG,canesm2_rcp45_r1i1p1,FORE-SCE-A2,8983841981.487295,8966356176.890753,17485804.59654324
NHG,canesm2_rcp45_r1i1p1,FORE-SCE-B1,8985680950.223877,8968821845.26312,16859104.9607566
NHG,canesm2_rcp45_r1i1p1,GCAM-26,8993550333.429132,8964096116.638681,29454216.790452298
NHG,canesm2_rcp45_r1i1p1,GCAM-45,8989126126.612064,8966095600.124567,23030526.48749798
NHG,canesm2_rcp45_r1i1p1,GCAM-ref,8990089668.584473,8969406762.160578,20682906.423896704
NHG,canesm2_rcp45_r1i1p1,LUCAS-BAU_High-0001,8985442325.543953,8970083234.449942,15359091.094012916
NHG,canesm2_rcp45_r1i1p1,LUCAS-BAU_High-0002,8985891674.658014,8970080660.485537,15811014.17247692
NHG,canesm2_rcp85_r1i1p1,FORE-SCE-A1B,131545309284.9161,131519576664.42282,25732620.493310228
NHG,canesm2_rcp85_r1i1p1,FORE-SCE-A2,131553129786.5647,131528821397.17445,24308389.39025401
NHG,canesm2_rcp85_r1i1p1,FORE-SCE-B1,131557820141.98035,131536235259.99246,21584881.987892166
NHG,canesm2_rcp85_r1i1p1,GCAM-26,131516776941.80681,131471766537.50327,45010404.303533606
NHG,canesm2_rcp85_r1i1p1,GCAM-45,131533130222.56964,131500595130.92976,32535091.639886145
NHG,canesm2_rcp85_r1i1p1,GCAM-ref,131544148762.02556,131519920876.28838,24227885.737186484
NHG,canesm2_rcp85_r1i1p1,LUCAS-BAU_High-0001,131567729002.69713,131547931916.72218,19797085.97492356
NHG,canesm2_rcp85_r1i1p1,LUCAS-BAU_High-0002,131566051808.75175,131547230488.2966,18821320.4551519
NHG,ccsm4_rcp26_r1i1p1,FORE-SCE-A1B,9390216636.613806,9389558318.803349,658317.8104591802
NHG,ccsm4_rcp26_r1i1p1,FORE-SCE-A2,9391557523.524158,9390875030.787975,682492.7361838403
NHG,ccsm4_rcp26_r1i1p1,FORE-SCE-B1,9390504834.501907,9389859653.556416,645180.945491815
NHG,ccsm4_rcp26_r1i1p1,GCAM-26,9391613896.232037,9390547642.356577,1066253.8754580722
NHG,ccsm4_rcp26_r1i1p1,GCAM-45,9390340952.450975,9389522828.483894,818123.9670797319
NHG,ccsm4_rcp26_r1i1p1,GCAM-ref,9388870674.626493,9388159234.608362,711440.0181313218
NHG,ccsm4_rcp26_r1i1p1,LUCAS-BAU_High-0001,9388936651.156868,9388312963.35217,623687.8046967385
NHG,ccsm4_rcp26_r1i1p1,LUCAS-BAU_High-0002,9388954627.634352,9388311445.907597,643181.7267525065
NHG,ccsm4_rcp45_r1i1p1,FORE-SCE-A1B,18388600339.550224,18387397474.745373,1202864.8048470619
NHG,ccsm4_rcp45_r1i1p1,FORE-SCE-A2,18390919794.010178,18389879276.83197,1040517.1782073735
NHG,ccsm4_rcp45_r1i1p1,FORE-SCE-B1,18392443916.52539,18391505190.25631,938726.2690855899
NHG,ccsm4_rcp45_r1i1p1,GCAM-26,18379143789.908424,18368260024.18316,10883765.725261616
NHG,ccsm4_rcp45_r1i1p1,GCAM-45,18387503061.837856,18385706680.771015,1796381.0668414142
NHG,ccsm4_rcp45_r1i1p1,GCAM-ref,18388774846.563267,18387364868.286613,1409978.276653426
NHG,ccsm4_rcp45_r1i1p1,LUCAS-BAU_High-0001,18394965462.54487,18394188206.43571,777256.1091551088
NHG,ccsm4_rcp45_r1i1p1,LUCAS-BAU_High-0002,18394566802.694225,18393766173.149597,800629.5446277075
NHG,ccsm4_rcp60_r1i1p1,FORE-SCE-A1B,28167056741.916183,28153876400.309296,13180341.606891928
NHG,ccsm4_rcp60_r1i1p1,FORE-SCE-A2,28168485150.83745,28156281976.0972,12203174.740258193
NHG,ccsm4_rcp60_r1i1p1,FORE-SCE-B1,28171452680.017357,28160057044.48026,11395635.537091797
NHG,ccsm4_rcp60_r1i1p1,GCAM-26,28158032550.74962,28139820823.451164,18211727.29846063
NHG,ccsm4_rcp60_r1i1p1,GCAM-45,28163252926.921097,28148068034.27774,15184892.643354608
NHG,ccsm4_rcp60_r1i1p1,GCAM-ref,28168894826.53507,28155141816.071106,13753010.463957949
NHG,ccsm4_rcp60_r1i1p1,LUCAS-BAU_High-0001,28174362395.63815,28162709740.092495,11652655.545655644
NHG,ccsm4_rcp60_r1i1p1,LUCAS-BAU_High-0002,28174055164.470963,28162187946.895836,11867217.57513031
NHG,ccsm4_rcp85_r1i1p1,FORE-SCE-A1B,23201169133.748104,23190242635.820103,10926497.928000066
NHG,ccsm4_rcp85_r1i1p1,FORE-SCE-A2,23200614028.086094,23190030158.40399,10583869.682107935
NHG,ccsm4_rcp85_r1i1p1,FORE-SCE-B1,23199660094.844048,23190648944.152275,9011150.691773748
NHG,ccsm4_rcp85_r1i1p1,GCAM-26,23205229462.65999,23190170780.862953,15058681.797030997
NHG,ccsm4_rcp85_r1i1p1,GCAM-45,23202729746.514782,23191699828.037403,11029918.477380138
NHG,ccsm4_rcp85_r1i1p1,GCAM-ref,23200926994.981365,23190575254.07704,10351740.904325075
NHG,ccsm4_rcp85_r1i1p1,LUCAS-BAU_High-0001,23195464339.457745,23189628646.48503,5835692.972712961
NHG,ccsm4_rcp85_r1i1p1,LUCAS-BAU_High-0002,23195541350.487015,23189567179.58728,5974170.8997372985
NHG,cesm1-bgc_rcp45_r1i1p1,FORE-SCE-A1B,26800478447.974022,26796977501.87169,3500946.102334886
NHG,cesm1-bgc_rcp45_r1i1p1,FORE-SCE-A2,26800630492.413498,26797412062.666367,3218429.747136792
NHG,cesm1-bgc_rcp45_r1i1p1,FORE-SCE-B1,26801558419.978024,26798637049.937122,2921370.040901183
NHG,cesm1-bgc_rcp45_r1i1p1,GCAM-26,26798812496.631157,26792547091.625458,6265405.005698835
NHG,cesm1-bgc_rcp45_r1i1p1,GCAM-45,26799665686.979946,26795196935.39832,4468751.581629162
NHG,cesm1-bgc_rcp45_r1i1p1,GCAM-ref,26801018623.130527,26797634355.527126,3384267.6033968236
NHG,cesm1-bgc_rcp45_r1i1p1,LUCAS-BAU_High-0001,26802744529.045147,26800331891.622173,2412637.4229769027
NHG,cesm1-bgc_rcp45_r1i1p1,LUCAS-BAU_High-0002,26802657798.160473,26800175548.56505,2482249.5954221436
NHG,cesm1-bgc_rcp85_r1i1p1,FORE-SCE-A1B,15936952307.202877,15932102595.718378,4849711.484499049
NHG,cesm1-bgc_rcp85_r1i1p1,FORE-SCE-A2,15939693616.149574,15935179400.139114,4514216.010457638
NHG,cesm1-bgc_rcp85_r1i1p1,FORE-SCE-B1,15942070906.439009,15938254026.491623,3816879.947384726
NHG,cesm1-bgc_rcp85_r1i1p1,GCAM-26,15922977343.941774,15914796717.016855,8180626.924921081
NHG,cesm1-bgc_rcp85_r1i1p1,GCAM-45,15931179439.630424,15925241677.857134,5937761.7732889345
NHG,cesm1-bgc_rcp85_r1i1p1,GCAM-ref,15936721876.560587,15932247124.183743,4474752.376842784
NHG,cesm1-bgc_rcp85_r1i1p1,LUCAS-BAU_High-0001,15946849227.589888,15943770126.955933,3079100.6339516267
NHG,cesm1-bgc_rcp85_r1i1p1,LUCAS-BAU_High-0002,15946362733.0441,15943209899.0372,3152834.006894772
NHG,cesm1-cam5_rcp26_r1i1p1,FORE-SCE-A1B,6433089105.345568,6432736449.271219,352656.0743471616
NHG,cesm1-cam5_rcp26_r1i1p1,FORE-SCE-A2,6433817197.286951,6433436453.295344,380743.991607129
NHG,cesm1-cam5_rcp26_r1i1p1,FORE-SCE-B1,6433582883.46976,6433212092.650755,370790.81900662644
NHG,cesm1-cam5_rcp26_r1i1p1,GCAM-26,6434358209.299356,6434266412.614148,91796.68520800845
NHG,cesm1-cam5_rcp26_r1i1p1,GCAM-45,6433038045.799262,6432982216.207941,55829.59132158311
NHG,cesm1-cam5_rcp26_r1i1p1,GCAM-ref,6433178021.895428,6432802219.890448,375802.004980458
NHG,cesm1-cam5_rcp26_r1i1p1,LUCAS-BAU_High-0001,6433371042.081774,6433020780.653584,350261.4281906714
NHG,cesm1-cam5_rcp26_r1i1p1,LUCAS-BAU_High-0002,6433090903.958372,6432727901.488352,363002.47002077836
NHG,cesm1-cam5_rcp45_r1i1p1,FORE-SCE-A1B,3553105698.731218,3552944708.4755864,160990.25563108127
NHG,cesm1-cam5_rcp45_r1i1p1,FORE-SCE-A2,3552954226.7672997,3552789333.468755,164893.2985449248
NHG,cesm1-cam5_rcp45_r1i1p1,FORE-SCE-B1,3552778872.8364673,3552627983.8141623,150889.0223050007
NHG,cesm1-cam5_rcp45_r1i1p1,GCAM-26,3554632597.848163,3553508824.054377,1123773.7937862063
NHG,cesm1-cam5_rcp45_r1i1p1,GCAM-45,3553657516.688379,3553328278.113087,329238.5752918041
NHG,cesm1-cam5_rcp45_r1i1p1,GCAM-ref,3553340268.911004,3553179368.2107587,160900.70024538937
NHG,cesm1-cam5_rcp45_r1i1p1,LUCAS-BAU_High-0001,3552937601.234562,3552776451.0579114,161150.17665058622
NHG,cesm1-cam5_rcp45_r1i1p1,LUCAS-BAU_High-0002,3552943829.43401,3552808705.7222896,135123.7117199876
NHG,cesm1-cam5_rcp60_r1i1p1,FORE-SCE-A1B,4278621110.30993,4278608497.934756,12612.37517395756
NHG,cesm1-cam5_rcp60_r1i1p1,FORE-SCE-A2,4280476317.113723,4280460163.1545744,16153.959148622405
NHG,cesm1-cam5_rcp60_r1i1p1,FORE-SCE-B1,4280531068.76382,4280444056.5412207,87012.22259986728
NHG,cesm1-cam5_rcp60_r1i1p1,GCAM-26,4272638247.166093,4272588329.676216,49917.48987658789
NHG,cesm1-cam5_rcp60_r1i1p1,GCAM-45,4277179810.396428,4277158773.7026873,21036.693740628532
NHG,cesm1-cam5_rcp60_r1i1p1,GCAM-ref,4278077787.7587776,4277989159.995731,88627.7630472574
NHG,cesm1-cam5_rcp60_r1i1p1,LUCAS-BAU_High-0001,4281017719.04121,4280944556.179099,73162.86211078559
NHG,cesm1-cam5_rcp60_r1i1p1,LUCAS-BAU_High-0002,4280855907.8788104,4280781800.3519745,74107.52683588787
NHG,cesm1-cam5_rcp85_r1i1p1,FORE-SCE-A1B,41270947269.62413,41259110367.67781,11836901.946334405
NHG,cesm1-cam5_rcp85_r1i1p1,FORE-SCE-A2,41275476583.60628,41264560150.5655,10916433.040771723
NHG,cesm1-cam5_rcp85_r1i1p1,FORE-SCE-B1,41276394928.14961,41267128068.75966,9266859.38995415
NHG,cesm1-cam5_rcp85_r1i1p1,GCAM-26,41264522776.90511,41244660011.49845,19862765.406655136
NHG,cesm1-cam5_rcp85_r1i1p1,GCAM-45,41267248723.59791,41252327418.04195,14921305.555952495
NHG,cesm1-cam5_rcp85_r1i1p1,GCAM-ref,41270735306.01499,41259801157.819534,10934148.19545195
NHG,cesm1-cam5_rcp85_r1i1p1,LUCAS-BAU_High-0001,41278021414.08181,41269929469.68973,8091944.392085594
NHG,cesm1-cam5_rcp85_r1i1p1,LUCAS-BAU_High-0002,41277520384.05606,41269269413.3097,8250970.746361707
NHG,cmcc-cm_rcp45_r1i1p1,FORE-SCE-A1B,60589.88466002491,0.0,60589.88466002491
NHG,cmcc-cm_rcp45_r1i1p1,FORE-SCE-A2,42993.00501754957,0.0,42993.00501754957
NHG,cmcc-cm_rcp45_r1i1p1,FORE-SCE-B1,39802.474875224296,0.0,39802.474875224296
NHG,cmcc-cm_rcp45_r1i1p1,GCAM-26,225984.9348344613,0.0,225984.9348344613
NHG,cmcc-cm_rcp45_r1i1p1,GCAM-45,102486.46410275233,0.0,102486.46410275233
NHG,cmcc-cm_rcp45_r1i1p1,GCAM-ref,72394.57383433124,0.0,72394.57383433124
NHG,cmcc-cm_rcp45_r1i1p1,LUCAS-BAU_High-0001,33668.76741379421,0.0,33668.76741379421
NHG,cmcc-cm_rcp45_r1i1p1,LUCAS-BAU_High-0002,34602.549170689694,0.0,34602.549170689694
NHG,cmcc-cm_rcp85_r1i1p1,FORE-SCE-A1B,973571.9965503884,0.0,973571.9965503884
NHG,cmcc-cm_rcp85_r1i1p1,FORE-SCE-A2,480056.1494164216,0.0,480056.1494164216
NHG,cmcc-cm_rcp85_r1i1p1,FORE-SCE-B1,306110.9882867379,0.0,306110.9882867379
NHG,cmcc-cm_rcp85_r1i1p1,GCAM-26,5057096.568243156,0.0,5057096.568243156
NHG,cmcc-cm_rcp85_r1i1p1,GCAM-45,2074277.6740325503,0.0,2074277.6740325503
NHG,cmcc-cm_rcp85_r1i1p1,GCAM-ref,1166957.1740802384,0.0,1166957.1740802384
NHG,cmcc-cm_rcp85_r1i1p1,LUCAS-BAU_High-0001,72608.77365239347,0.0,72608.77365239347
NHG,cmcc-cm_rcp85_r1i1p1,LUCAS-BAU_High-0002,95534.92834617874,0.0,95534.92834617874
NHG,cnrm-cm5_rcp45_r1i1p1,FORE-SCE-A1B,34788620683.895226,34777463041.50604,11157642.389179103
NHG,cnrm-cm5_rcp45_r1i1p1,FORE-SCE-A2,34789253230.055725,34779375312.25457,9877917.801153649
NHG,cnrm-cm5_rcp45_r1i1p1,FORE-SCE-B1,34790901907.59948,34781511342.45594,9390565.143532306
NHG,cnrm-cm5_rcp45_r1i1p1,GCAM-26,34784652107.55712,34767699721.17987,16952386.3772482
NHG,cnrm-cm5_rcp45_r1i1p1,GCAM-45,34786856655.140854,34773625337.635704,13231317.505142737
NHG,cnrm-cm5_rcp45_r1i1p1,GCAM-ref,34789666024.41168,34777842533.490875,11823490.92080139
NHG,cnrm-cm5_rcp45_r1i1p1,LUCAS-BAU_High-0001,34793460856.671364,34785005704.85326,8455151.818115467
NHG,cnrm-cm5_rcp45_r1i1p1,LUCAS-BAU_High-0002,34792936014.610825,34784284907.872215,8651106.73861106
NHG,cnrm-cm5_rcp85_r1i1p1,FORE-SCE-A1B,68692857902.99625,68671149430.04232,21708472.95392266
NHG,cnrm-cm5_rcp85_r1i1p1,FORE-SCE-A2,68695988714.64149,68676685127.03018,19303587.61131203
NHG,cnrm-cm5_rcp85_r1i1p1,FORE-SCE-B1,68695545307.51897,68677436853.77017,18108453.7487978
NHG,cnrm-cm5_rcp85_r1i1p1,GCAM-26,68690927400.03932,68655716773.1606,35210626.87871439
NHG,cnrm-cm5_rcp85_r1i1p1,GCAM-45,68691074697.14098,68664361590.154724,26713106.986278202
NHG,cnrm-cm5_rcp85_r1i1p1,GCAM-ref,68690852504.65711,68668996611.87954,21855892.777570512
NHG,cnrm-cm5_rcp85_r1i1p1,LUCAS-BAU_High-0001,68696699186.247696,68679877853.41608,16821332.83162563
NHG,cnrm-cm5_rcp85_r1i1p1,LUCAS-BAU_High-0002,68696401279.68358,68679399567.888336,17001711.795237783
NHG,csiro-mk3-6-0_rcp26_r1i1p1,FORE-SCE-A1B,7144916496.36131,7141761429.016968,3155067.344342833
NHG,csiro-mk3-6-0_rcp26_r1i1p1,FORE-SCE-A2,7145229780.500508,7142489218.525793,2740561.9747152408
NHG,csiro-mk3-6-0_rcp26_r1i1p1,FORE-SCE-B1,7144807006.405983,7142405694.063767,2401312.3422166524
NHG,csiro-mk3-6-0_rcp26_r1i1p1,GCAM-26,7143809108.598057,7136829019.083263,6980089.514795006
NHG,csiro-mk3-6-0_rcp26_r1i1p1,GCAM-45,7146518039.878025,7141097915.430573,5420124.447451726
NHG,csiro-mk3-6-0_rcp26_r1i1p1,GCAM-ref,7144165971.097804,7140889372.998587,3276598.099217547
NHG,csiro-mk3-6-0_rcp26_r1i1p1,LUCAS-BAU_High-0001,7143839568.264056,7141542330.078012,2297238.1860427307
NHG,csiro-mk3-6-0_rcp26_r1i1p1,LUCAS-BAU_High-0002,7143916127.546312,7141596055.945505,2320071.6008057743
NHG,csiro-mk3-6-0_rcp45_r1i1p1,FORE-SCE-A1B,702141578.605941,700288769.3768821,1852809.229058929
NHG,csiro-mk3-6-0_rcp45_r1i1p1,FORE-SCE-A2,701459926.5049381,701352996.8225915,106929.68234659113
NHG,csiro-mk3-6-0_rcp45_r1i1p1,FORE-SCE-B1,702935025.5311126,702850505.0156697,84520.51544287612
NHG,csiro-mk3-6-0_rcp45_r1i1p1,GCAM-26,704572160.5695056,701472659.28244,3099501.287065572
NHG,csiro-mk3-6-0_rcp45_r1i1p1,GCAM-45,703087031.4361172,700822680.3235062,2264351.1126110856
NHG,csiro-mk3-6-0_rcp45_r1i1p1,GCAM-ref,702253429.1699601,700301250.381039,1952178.7889211758
NHG,csiro-mk3-6-0_rcp45_r1i1p1,LUCAS-BAU_High-0001,703363497.8628099,700327301.1030499,3036196.7597600147
NHG,csiro-mk3-6-0_rcp45_r1i1p1,LUCAS-BAU_High-0002,703048560.3894315,699933072.9662628,3115487.423168644
NHG,csiro-mk3-6-0_rcp60_r1i1p1,FORE-SCE-A1B,2122816012.3863473,2122814070.9259324,1941.4604149108625
NHG,csiro-mk3-6-0_rcp60_r1i1p1,FORE-SCE-A2,2124986319.566923,2124984629.0885754,1690.4783474312226
NHG,csiro-mk3-6-0_rcp60_r1i1p1,FORE-SCE-B1,2125109631.915042,2125107968.9863634,1662.9286785315348
NHG,csiro-mk3-6-0_rcp60_r1i1p1,GCAM-26,2119051027.484379,2119048543.6196861,2483.8646927886302
NHG,csiro-mk3-6-0_rcp60_r1i1p1,GCAM-45,2121012000.9353578,2121011327.9524617,672.9828961718797
NHG,csiro-mk3-6-0_rcp60_r1i1p1,GCAM-ref,2122410188.630403,2122407689.5974255,2499.032977640407
NHG,csiro-mk3-6-0_rcp60_r1i1p1,LUCAS-BAU_High-0001,2125472892.8618877,2125471286.2207534,1606.641134278242
NHG,csiro-mk3-6-0_rcp60_r1i1p1,LUCAS-BAU_High-0002,2125203250.6816971,2125201600.5265906,1650.1551066458464
NHG,csiro-mk3-6-0_rcp85_r1i1p1,FORE-SCE-A1B,22742077711.40114,22725179587.679195,16898123.721940532
NHG,csiro-mk3-6-0_rcp85_r1i1p1,FORE-SCE-A2,22741591649.012726,22726096078.088577,15495570.92416061
NHG,csiro-mk3-6-0_rcp85_r1i1p1,FORE-SCE-B1,22738181569.90691,22724143111.593113,14038458.313793195
NHG,csiro-mk3-6-0_rcp85_r1i1p1,GCAM-26,22755358884.612984,22729756007.379635,25602877.23334914
NHG,csiro-mk3-6-0_rcp85_r1i1p1,GCAM-45,22746905485.677887,22726853264.182335,20052221.49555157
NHG,csiro-mk3-6-0_rcp85_r1i1p1,GCAM-ref,22739712257.6121,22723254184.587784,16458073.024319941
NHG,csiro-mk3-6-0_rcp85_r1i1p1,LUCAS-BAU_High-0001,22734603365.24207,22721495256.616455,13108108.62561735
NHG,csiro-mk3-6-0_rcp85_r1i1p1,LUCAS-BAU_High-0002,22734865794.3011,22721504876.6599,13360917.64120336
NHG,fgoals-g2_rcp26_r1i1p1,FORE-SCE-A1B,272418.8481353132,0.0,272418.8481353132
NHG,fgoals-g2_rcp26_r1i1p1,FORE-SCE-A2,96789.72945632992,0.0,96789.72945632992
NHG,fgoals-g2_rcp26_r1i1p1,FORE-SCE-B1,87616.13024978207,0.0,87616.13024978207
NHG,fgoals-g2_rcp26_r1i1p1,GCAM-26,1268755.0243314565,0.0,1268755.0243314565
NHG,fgoals-g2_rcp26_r1i1p1,GCAM-45,564754.6957945002,0.0,564754.6957945002
NHG,fgoals-g2_rcp26_r1i1p1,GCAM-ref,352616.76356369053,0.0,352616.76356369053
NHG,fgoals-g2_rcp26_r1i1p1,LUCAS-BAU_High-0001,51457.07584869588,0.0,51457.07584869588
NHG,fgoals-g2_rcp26_r1i1p1,LUCAS-BAU_High-0002,63364.87617370134,0.0,63364.87617370134
NML,access1-0_rcp45_r1i1p1,FORE-SCE-A1B,6359389153.834529,1281297.9768151308,6358107855.857713
NML,access1-0_rcp45_r1i1p1,FORE-SCE-A2,5010806388.682788,865671.0385865154,5009940717.644201
NML,access1-0_rcp45_r1i1p1,FORE-SCE-B1,3563468766.388864,702631.4141680815,3562766134.974696
NML,access1-0_rcp45_r1i1p1,GCAM-26,17500085144.451977,0.0,17500085144.451977
NML,access1-0_rcp45_r1i1p1,GCAM-45,10099005097.998873,0.0,10099005097.998873
NML,access1-0_rcp45_r1i1p1,GCAM-ref,6092437100.63281,0.0,6092437100.63281
NML,access1-0_rcp45_r1i1p1,LUCAS-BAU_High-0001,2463354678.6449733,341630.24431791203,2463013048.4006553
NML,access1-0_rcp45_r1i1p1,LUCAS-BAU_High-0002,2610672975.2488003,0.0,2610672975.2488003
NML,access1-0_rcp85_r1i1p1,FORE-SCE-A1B,13015935175.655874,0.0,13015935175.655874
NML,access1-0_rcp85_r1i1p1,FORE-SCE-A2,10107675454.07546,0.0,10107675454.07546
NML,access1-0_rcp85_r1i1p1,FORE-SCE-B1,8156221510.099353,0.0,8156221510.099353
NML,access1-0_rcp85_r1i1p1,GCAM-26,30291306521.0312,0.0,30291306521.0312
NML,access1-0_rcp85_r1i1p1,GCAM-45,19318487295.58859,0.0,19318487295.58859
NML,access1-0_rcp85_r1i1p1,GCAM-ref,13226552240.541264,0.0,13226552240.541264
NML,access1-0_rcp85_r1i1p1,LUCAS-BAU_High-0001,5804009845.806939,0.0,5804009845.806939
NML,access1-0_rcp85_r1i1p1,LUCAS-BAU_High-0002,6153103364.000646,0.0,6153103364.000646
NML,bcc-csm1-1-m_rcp45_r1i1p1,FORE-SCE-A1B,7372890088.681772,0.0,7372890088.681772
NML,bcc-csm1-1-m_rcp45_r1i1p1,FORE-SCE-A2,5737586333.6506815,102249.64404860657,5737484084.006633
NML,bcc-csm1-1-m_rcp45_r1i1p1,FORE-SCE-B1,4309000841.007446,297964.84573480487,4308702876.161712
NML,bcc-csm1-1-m_rcp45_r1i1p1,GCAM-26,18868867404.377403,0.0,18868867404.377403
NML,bcc-csm1-1-m_rcp45_r1i1p1,GCAM-45,11453797627.59834,0.0,11453797627.59834
NML,bcc-csm1-1-m_rcp45_r1i1p1,GCAM-ref,7197568940.361511,0.0,7197568940.361511
NML,bcc-csm1-1-m_rcp45_r1i1p1,LUCAS-BAU_High-0001,2861709017.2518816,2646975.424325319,2859062041.827556
NML,bcc-csm1-1-m_rcp45_r1i1p1,LUCAS-BAU_High-0002,3024840870.5809174,884373.1037098223,3023956497.4772077
NML,bcc-csm1-1-m_rcp85_r1i1p1,FORE-SCE-A1B,4725920503.402409,14299830.3700203,4711620673.032389
NML,bcc-csm1-1-m_rcp85_r1i1p1,FORE-SCE-A2,3838933485.1852837,884498.8742297573,3838048986.311054
NML,bcc-csm1-1-m_rcp85_r1i1p1,FORE-SCE-B1,2828152227.102234,88168035.39012727,2739984191.712106
NML,bcc-csm1-1-m_rcp85_r1i1p1,GCAM-26,12887199786.18131,23007978.566821292,12864191807.61449
NML,bcc-csm1-1-m_rcp85_r1i1p1,GCAM-45,7286590639.794091,19429000.00001082,7267161639.794081
NML,bcc-csm1-1-m_rcp85_r1i1p1,GCAM-ref,4357687742.621582,46094922.10340577,4311592820.518177
NML,bcc-csm1-1-m_rcp85_r1i1p1,LUCAS-BAU_High-0001,1792256845.2420769,22299280.161807656,1769957565.0802693
NML,bcc-csm1-1-m_rcp85_r1i1p1,LUCAS-BAU_High-0002,1747358750.021246,26485547.296211917,1720873202.7250338
NML,bcc-csm1-1_rcp26_r1i1p1,FORE-SCE-A1B,16808886629.427586,0.0,16808886629.427586
NML,bcc-csm1-1_rcp26_r1i1p1,FORE-SCE-A2,13271991745.739172,0.0,13271991745.739172
NML,bcc-csm1-1_rcp26_r1i1p1,FORE-SCE-B1,11045935881.594978,0.0,11045935881.594978
NML,bcc-csm1-1_rcp26_r1i1p1,GCAM-26,34960487019.73067,0.0,34960487019.73067
NML,bcc-csm1-1_rcp26_r1i1p1,GCAM-45,23672784847.033695,0.0,23672784847.033695
NML,bcc-csm1-1_rcp26_r1i1p1,GCAM-ref,16867308202.4143,0.0,16867308202.4143
NML,bcc-csm1-1_rcp26_r1i1p1,LUCAS-BAU_High-0001,8629669442.747076,0.0,8629669442.747076
NML,bcc-csm1-1_rcp26_r1i1p1,LUCAS-BAU_High-0002,9060730231.362988,0.0,9060730231.362988
NML,bcc-csm1-1_rcp45_r1i1p1,FORE-SCE-A1B,10361241550.7961,0.0,10361241550.7961
NML,bcc-csm1-1_rcp45_r1i1p1,FORE-SCE-A2,8130361434.870715,0.0,8130361434.870715
NML,bcc-csm1-1_rcp45_r1i1p1,FORE-SCE-B1,6391584647.344215,0.0,6391584647.344215
NML,bcc-csm1-1_rcp45_r1i1p1,GCAM-26,24532803127.3128,0.0,24532803127.3128
NML,bcc-csm1-1_rcp45_r1i1p1,GCAM-45,15478173707.44261,0.0,15478173707.44261
NML,bcc-csm1-1_rcp45_r1i1p1,GCAM-ref,10120943940.124239,0.0,10120943940.124239
NML,bcc-csm1-1_rcp45_r1i1p1,LUCAS-BAU_High-0001,4680097322.179848,0.0,4680097322.179848
NML,bcc-csm1-1_rcp45_r1i1p1,LUCAS-BAU_High-0002,4943320092.517913,0.0,4943320092.517913
NML,bcc-csm1-1_rcp60_r1i1p1,FORE-SCE-A1B,7455062931.061668,0.0,7455062931.061668
NML,bcc-csm1-1_rcp60_r1i1p1,FORE-SCE-A2,5483760762.840475,9299.91951034026,5483751462.920964
NML,bcc-csm1-1_rcp60_r1i1p1,FORE-SCE-B1,4349163414.361683,0.0,4349163414.361683
NML,bcc-csm1-1_rcp60_r1i1p1,GCAM-26,19827286302.62112,0.0,19827286302.62112
NML,bcc-csm1-1_rcp60_r1i1p1,GCAM-45,12019534764.478529,0.0,12019534764.478529
NML,bcc-csm1-1_rcp60_r1i1p1,GCAM-ref,8062045167.257698,0.0,8062045167.257698
NML,bcc-csm1-1_rcp60_r1i1p1,LUCAS-BAU_High-0001,3428958364.7338815,0.0,3428958364.7338815
NML,bcc-csm1-1_rcp60_r1i1p1,LUCAS-BAU_High-0002,3599792572.228627,0.0,3599792572.228627
NML,bcc-csm1-1_rcp85_r1i1p1,FORE-SCE-A1B,10044211053.723848,22987650.748023953,10021223402.975824
NML,bcc-csm1-1_rcp85_r1i1p1,FORE-SCE-A2,9015057390.837656,26759258.187473368,8988298132.650183
NML,bcc-csm1-1_rcp85_r1i1p1,FORE-SCE-B1,6776798356.386179,11222862.687600173,6765575493.698579
NML,bcc-csm1-1_rcp85_r1i1p1,GCAM-26,22531844750.839214,81360902.83805287,22450483848.001163
NML,bcc-csm1-1_rcp85_r1i1p1,GCAM-45,14575237901.627611,56714380.1828718,14518523521.444738
NML,bcc-csm1-1_rcp85_r1i1p1,GCAM-ref,9274187837.21695,12952109.009642843,9261235728.207308
NML,bcc-csm1-1_rcp85_r1i1p1,LUCAS-BAU_High-0001,5014762093.21483,12914145.683816424,5001847947.5310135
NML,bcc-csm1-1_rcp85_r1i1p1,LUCAS-BAU_High-0002,5237473233.497779,41246835.47396053,5196226398.023818
NML,canesm2_rcp26_r1i1p1,FORE-SCE-A1B,23380194646.1107,16473579466.104813,6906615180.0058975
NML,canesm2_rcp26_r1i1p1,FORE-SCE-A2,20404984251.25297,14849846937.592993,5555137313.6599865
NML,canesm2_rcp26_r1i1p1,FORE-SCE-B1,18855868728.738373,14303065879.678179,4552802849.060189
NML,canesm2_rcp26_r1i1p1,GCAM-26,37996888397.58317,21231429536.694397,16765458860.888775
NML,canesm2_rcp26_r1i1p1,GCAM-45,29186319996.640266,18741417345.050278,10444902651.589994
NML,canesm2_rcp26_r1i1p1,GCAM-ref,24633813362.916718,17947562252.385303,6686251110.531412
NML,canesm2_rcp26_r1i1p1,LUCAS-BAU_High-0001,16993830025.946714,13885940224.67559,3107889801.2711253
NML,canesm2_rcp26_r1i1p1,LUCAS-BAU_High-0002,17312485939.16981,13994492161.897346,3317993777.272465
NML,canesm2_rcp45_r1i1p1,FORE-SCE-A1B,3906739205.376849,78029298.93442452,3828709906.442424
NML,canesm2_rcp45_r1i1p1,FORE-SCE-A2,2796901972.116302,53072014.74124585,2743829957.3750563
NML,canesm2_rcp45_r1i1p1,FORE-SCE-B1,2083515507.8595085,47174531.01957753,2036340976.839931
NML,canesm2_rcp45_r1i1p1,GCAM-26,10912170308.189795,73106295.90902172,10839064012.280773
NML,canesm2_rcp45_r1i1p1,GCAM-45,6637744892.355021,50350288.6119515,6587394603.74307
NML,canesm2_rcp45_r1i1p1,GCAM-ref,3668928982.7501526,73727201.42984398,3595201781.3203087
NML,canesm2_rcp45_r1i1p1,LUCAS-BAU_High-0001,1680047883.6197546,73729708.04653506,1606318175.5732198
NML,canesm2_rcp45_r1i1p1,LUCAS-BAU_High-0002,1686309757.302787,40135874.11096577,1646173883.1918213
NML,canesm2_rcp85_r1i1p1,FORE-SCE-A1B,37822522491.08984,28137077932.351856,9685444558.737986
NML,canesm2_rcp85_r1i1p1,FORE-SCE-A2,35569376882.994415,27376566941.11638,8192809941.8780365
NML,canesm2_rcp85_r1i1p1,FORE-SCE-B1,33885408662.0504,27043420344.29765,6841988317.752757
NML,canesm2_rcp85_r1i1p1,GCAM-26,57329680135.738976,40552749756.30859,16776930379.430393
NML,canesm2_rcp85_r1i1p1,GCAM-45,45133291266.08906,32471710285.307102,12661580980.78196
NML,canesm2_rcp85_r1i1p1,GCAM-ref,38858378889.89441,29993160335.934135,8865218553.96028
NML,canesm2_rcp85_r1i1p1,LUCAS-BAU_High-0001,28956533019.177288,22792580132.50408,6163952886.673217
NML,canesm2_rcp85_r1i1p1,LUCAS-BAU_High-0002,29639610066.57675,23336394937.955605,6303215128.621136
NML,ccsm4_rcp26_r1i1p1,FORE-SCE-A1B,6036951888.74478,14895154.962259222,6022056733.78252
NML,ccsm4_rcp26_r1i1p1,FORE-SCE-A2,5257768337.282288,0.0,5257768337.282288
NML,ccsm4_rcp26_r1i1p1,FORE-SCE-B1,3800682454.944416,0.0,3800682454.944416
NML,ccsm4_rcp26_r1i1p1,GCAM-26,14782701300.431044,0.0,14782701300.431044
NML,ccsm4_rcp26_r1i1p1,GCAM-45,8918009698.649223,0.0,8918009698.649223
NML,ccsm4_rcp26_r1i1p1,GCAM-ref,5719690598.969916,868781.6098150506,5718821817.360101
NML,ccsm4_rcp26_r1i1p1,LUCAS-BAU_High-0001,2721810809.4282427,0.0,2721810809.4282427
NML,ccsm4_rcp26_r1i1p1,LUCAS-BAU_High-0002,2836486644.4403853,0.0,2836486644.4403853
NML,ccsm4_rcp45_r1i1p1,FORE-SCE-A1B,6529171929.302669,0.0,6529171929.302669
NML,ccsm4_rcp45_r1i1p1,FORE-SCE-A2,4781065476.794585,0.0,4781065476.794585
NML,ccsm4_rcp45_r1i1p1,FORE-SCE-B1,3866089952.521237,2932702.951410829,3863157249.569826
NML,ccsm4_rcp45_r1i1p1,GCAM-26,16228982667.79269,851704.2709233465,16228130963.521767
NML,ccsm4_rcp45_r1i1p1,GCAM-45,10071815737.932917,0.0,10071815737.932917
NML,ccsm4_rcp45_r1i1p1,GCAM-ref,6875272498.893661,467520.2200827698,6874804978.673578
NML,ccsm4_rcp45_r1i1p1,LUCAS-BAU_High-0001,3114185395.761461,0.0,3114185395.761461
NML,ccsm4_rcp45_r1i1p1,LUCAS-BAU_High-0002,3245363303.139286,0.0,3245363303.139286
NML,ccsm4_rcp60_r1i1p1,FORE-SCE-A1B,3335452023.744713,12165366.341304889,3323286657.4034076
NML,ccsm4_rcp60_r1i1p1,FORE-SCE-A2,2049107997.7103097,40584536.1250208,2008523461.5852888
NML,ccsm4_rcp60_r1i1p1,FORE-SCE-B1,1843480140.4586003,39919188.01915999,1803560952.4394405
NML,ccsm4_rcp60_r1i1p1,GCAM-26,10022804100.196999,123154143.81352347,9899649956.383474
NML,ccsm4_rcp60_r1i1p1,GCAM-45,5574808160.216406,125484843.6526835,5449323316.563723
NML,ccsm4_rcp60_r1i1p1,GCAM-ref,3977360478.664449,11937738.743797673,3965422739.9206514
NML,ccsm4_rcp60_r1i1p1,LUCAS-BAU_High-0001,1201745718.3582442,4087138.4131002743,1197658579.945144
NML,ccsm4_rcp60_r1i1p1,LUCAS-BAU_High-0002,1453431225.7144876,13578981.266690334,1439852244.447797
NML,ccsm4_rcp85_r1i1p1,FORE-SCE-A1B,7633167396.962778,67736277.93581237,7565431119.026965
NML,ccsm4_rcp85_r1i1p1,FORE-SCE-A2,5828442032.996301,39726513.69053783,5788715519.305762
NML,ccsm4_rcp85_r1i1p1,FORE-SCE-B1,4843779762.275836,84479727.34943259,4759300034.926404
NML,ccsm4_rcp85_r1i1p1,GCAM-26,18206466754.410408,146725192.2426969,18059741562.167713
NML,ccsm4_rcp85_r1i1p1,GCAM-45,11245904839.858168,75072964.31211662,11170831875.546053
NML,ccsm4_rcp85_r1i1p1,GCAM-ref,7705380392.678471,104856391.89775765,7600524000.780712
NML,ccsm4_rcp85_r1i1p1,LUCAS-BAU_High-0001,3847350731.132818,72646441.91614352,3774704289.216675
NML,ccsm4_rcp85_r1i1p1,LUCAS-BAU_High-0002,4020625484.6766696,132724199.6366275,3887901285.0400424
NML,cesm1-bgc_rcp45_r1i1p1,FORE-SCE-A1B,4244629611.328167,20990330.10964713,4223639281.21852
NML,cesm1-bgc_rcp45_r1i1p1,FORE-SCE-A2,3198353305.500652,13567712.94597338,3184785592.554679
NML,cesm1-bgc_rcp45_r1i1p1,FORE-SCE-B1,2437655995.263191,5994763.889827754,2431661231.373364
NML,cesm1-bgc_rcp45_r1i1p1,GCAM-26,11705458412.329378,15842927.224935647,11689615485.104445
NML,cesm1-bgc_rcp45_r1i1p1,GCAM-45,6815574888.222054,0.0,6815574888.222054
NML,cesm1-bgc_rcp45_r1i1p1,GCAM-ref,4164735750.377881,2642849.283788837,4162092901.0940924
NML,cesm1-bgc_rcp45_r1i1p1,LUCAS-BAU_High-0001,1889426626.631454,14712418.04940455,1874714208.5820494
NML,cesm1-bgc_rcp45_r1i1p1,LUCAS-BAU_High-0002,2050676723.4325542,44297331.44069797,2006379391.9918563
NML,cesm1-bgc_rcp85_r1i1p1,FORE-SCE-A1B,3006285338.1466365,158922226.42392063,2847363111.7227163
NML,cesm1-bgc_rcp85_r1i1p1,FORE-SCE-A2,2422878567.936095,161993153.85582522,2260885414.0802693
NML,cesm1-bgc_rcp85_r1i1p1,FORE-SCE-B1,2102936558.2390742,243703553.51638934,1859233004.7226849
NML,cesm1-bgc_rcp85_r1i1p1,GCAM-26,8448248626.96989,1095105473.1927178,7353143153.777173
NML,cesm1-bgc_rcp85_r1i1p1,GCAM-45,4529470698.926061,444899368.3279242,4084571330.5981374
NML,cesm1-bgc_rcp85_r1i1p1,GCAM-ref,3241075134.199807,172298849.75303158,3068776284.4467764
NML,cesm1-bgc_rcp85_r1i1p1,LUCAS-BAU_High-0001,1790720956.564708,108061173.78918944,1682659782.775519
NML,cesm1-bgc_rcp85_r1i1p1,LUCAS-BAU_High-0002,1862861106.8949559,130683613.57823369,1732177493.3167222
NML,cesm1-cam5_rcp26_r1i1p1,FORE-SCE-A1B,2854801073.557064,0.0,2854801073.557064
NML,cesm1-cam5_rcp26_r1i1p1,FORE-SCE-A2,2295534717.357079,31049741.27512578,2264484976.0819535
NML,cesm1-cam5_rcp26_r1i1p1,FORE-SCE-B1,1621638447.6165826,30920971.165940594,1590717476.4506419
NML,cesm1-cam5_rcp26_r1i1p1,GCAM-26,8666569383.427732,27191344.350883264,8639378039.076849
NML,cesm1-cam5_rcp26_r1i1p1,GCAM-45,4765147921.881115,7316685.480575506,4757831236.400539
NML,cesm1-cam5_rcp26_r1i1p1,GCAM-ref,2628375124.8046794,14709307.33273808,2613665817.4719415
NML,cesm1-cam5_rcp26_r1i1p1,LUCAS-BAU_High-0001,1025265179.8471941,30379000.000006273,994886179.8471879
NML,cesm1-cam5_rcp26_r1i1p1,LUCAS-BAU_High-0002,1067018926.6403844,331888.70465128275,1066687037.9357333
NML,cesm1-cam5_rcp45_r1i1p1,FORE-SCE-A1B,9709962991.749218,0.0,9709962991.749218
NML,cesm1-cam5_rcp45_r1i1p1,FORE-SCE-A2,7522874573.722654,0.0,7522874573.722654
NML,cesm1-cam5_rcp45_r1i1p1,FORE-SCE-B1,6302430080.940513,0.0,6302430080.940513
NML,cesm1-cam5_rcp45_r1i1p1,GCAM-26,22495204703.64699,0.0,22495204703.64699
NML,cesm1-cam5_rcp45_r1i1p1,GCAM-45,14304486315.568449,0.0,14304486315.568449
NML,cesm1-cam5_rcp45_r1i1p1,GCAM-ref,9991228217.705078,0.0,9991228217.705078
NML,cesm1-cam5_rcp45_r1i1p1,LUCAS-BAU_High-0001,4731977765.029647,0.0,4731977765.029647
NML,cesm1-cam5_rcp45_r1i1p1,LUCAS-BAU_High-0002,5091287219.0202465,0.0,5091287219.0202465
NML,cesm1-cam5_rcp60_r1i1p1,FORE-SCE-A1B,6716340363.96323,57782953.67083502,6658557410.292395
NML,cesm1-cam5_rcp60_r1i1p1,FORE-SCE-A2,5214447525.996366,4330202.556558925,5210117323.439806
NML,cesm1-cam5_rcp60_r1i1p1,FORE-SCE-B1,4407336050.52301,0.0,4407336050.52301
NML,cesm1-cam5_rcp60_r1i1p1,GCAM-26,17463687330.593132,397546527.52040017,17066140803.072733
NML,cesm1-cam5_rcp60_r1i1p1,GCAM-45,10806309767.417812,225088532.94231212,10581221234.475502
NML,cesm1-cam5_rcp60_r1i1p1,GCAM-ref,6873893093.472214,54417365.375581816,6819475728.096632
NML,cesm1-cam5_rcp60_r1i1p1,LUCAS-BAU_High-0001,3192126173.456911,2089775.3786262912,3190036398.078285
NML,cesm1-cam5_rcp60_r1i1p1,LUCAS-BAU_High-0002,3368968829.5355396,6430607.525276809,3362538222.010263
NML,cesm1-cam5_rcp85_r1i1p1,FORE-SCE-A1B,7907984632.877881,455783664.26738524,7452200968.610494
NML,cesm1-cam5_rcp85_r1i1p1,FORE-SCE-A2,6839995319.248189,568145704.5781868,6271849614.67
NML,cesm1-cam5_rcp85_r1i1p1,FORE-SCE-B1,5517051163.2288475,435193410.95014536,5081857752.278703
NML,cesm1-cam5_rcp85_r1i1p1,GCAM-26,17479954117.438374,845927372.8107178,16634026744.627657
NML,cesm1-cam5_rcp85_r1i1p1,GCAM-45,11691604737.281784,677534626.6825927,11014070110.59919
NML,cesm1-cam5_rcp85_r1i1p1,GCAM-ref,7641308383.857104,488781435.47509843,7152526948.382007
NML,cesm1-cam5_rcp85_r1i1p1,LUCAS-BAU_High-0001,4453306047.130415,407865542.916148,4045440504.214266
NML,cesm1-cam5_rcp85_r1i1p1,LUCAS-BAU_High-0002,4673530696.778296,390694344.8216264,4282836351.95667
NML,cmcc-cm_rcp45_r1i1p1,FORE-SCE-A1B,11746878644.84191,0.0,11746878644.84191
NML,cmcc-cm_rcp45_r1i1p1,FORE-SCE-A2,9125723777.216425,0.0,9125723777.216425
NML,cmcc-cm_rcp45_r1i1p1,FORE-SCE-B1,7177865572.67206,0.0,7177865572.67206
NML,cmcc-cm_rcp45_r1i1p1,GCAM-26,27831341394.05519,0.0,27831341394.05519
NML,cmcc-cm_rcp45_r1i1p1,GCAM-45,17514751532.35721,0.0,17514751532.35721
NML,cmcc-cm_rcp45_r1i1p1,GCAM-ref,11582067280.963434,0.0,11582067280.963434
NML,cmcc-cm_rcp45_r1i1p1,LUCAS-BAU_High-0001,5031137006.25785,0.0,5031137006.25785
NML,cmcc-cm_rcp45_r1i1p1,LUCAS-BAU_High-0002,5356217230.13891,0.0,5356217230.13891
NML,cmcc-cm_rcp85_r1i1p1,FORE-SCE-A1B,11877026213.822655,0.0,11877026213.822655
NML,cmcc-cm_rcp85_r1i1p1,FORE-SCE-A2,9989294699.041647,0.0,9989294699.041647
NML,cmcc-cm_rcp85_r1i1p1,FORE-SCE-B1,7776442145.208737,0.0,7776442145.208737
NML,cmcc-cm_rcp85_r1i1p1,GCAM-26,26981802970.019474,0.0,26981802970.019474
NML,cmcc-cm_rcp85_r1i1p1,GCAM-45,17343021198.99667,0.0,17343021198.99667
NML,cmcc-cm_rcp85_r1i1p1,GCAM-ref,11245083634.665035,0.0,11245083634.665035
NML,cmcc-cm_rcp85_r1i1p1,LUCAS-BAU_High-0001,5569997873.601072,0.0,5569997873.601072
NML,cmcc-cm_rcp85_r1i1p1,LUCAS-BAU_High-0002,5838388856.364093,0.0,5838388856.364093
NML,cnrm-cm5_rcp45_r1i1p1,FORE-SCE-A1B,4267974479.3595796,1485948966.053907,2782025513.3056726
NML,cnrm-cm5_rcp45_r1i1p1,FORE-SCE-A2,4384858176.341105,2217104218.8010235,2167753957.5400825
NML,cnrm-cm5_rcp45_r1i1p1,FORE-SCE-B1,4093317607.8689313,2244677100.014243,1848640507.8546882
NML,cnrm-cm5_rcp45_r1i1p1,GCAM-26,8281853272.373435,1180813733.6958768,7101039538.677559
NML,cnrm-cm5_rcp45_r1i1p1,GCAM-45,5561385351.454079,1292634680.4637065,4268750670.9903736
NML,cnrm-cm5_rcp45_r1i1p1,GCAM-ref,4188434863.234134,1279525313.0615876,2908909550.1725464
NML,cnrm-cm5_rcp45_r1i1p1,LUCAS-BAU_High-0001,4042776265.0798526,2607514051.2304797,1435262213.8493729
NML,cnrm-cm5_rcp45_r1i1p1,LUCAS-BAU_High-0002,4245761286.9930177,2489307474.103068,1756453812.8899488
NML,cnrm-cm5_rcp85_r1i1p1,FORE-SCE-A1B,9541022558.003645,4234172514.563181,5306850043.440461
NML,cnrm-cm5_rcp85_r1i1p1,FORE-SCE-A2,7530415698.940123,2959881000.636696,4570534698.303427
NML,cnrm-cm5_rcp85_r1i1p1,FORE-SCE-B1,6570432353.9772835,2911475324.949369,3658957029.0279155
NML,cnrm-cm5_rcp85_r1i1p1,GCAM-26,17651246714.37373,6104037540.076266,11547209174.297464
NML,cnrm-cm5_rcp85_r1i1p1,GCAM-45,12526524014.911064,5094360170.955472,7432163843.955594
NML,cnrm-cm5_rcp85_r1i1p1,GCAM-ref,9370791147.599567,4287295476.9715576,5083495670.6280155
NML,cnrm-cm5_rcp85_r1i1p1,LUCAS-BAU_High-0001,5794206759.7667055,2516543162.9899697,3277663596.7767363
NML,cnrm-cm5_rcp85_r1i1p1,LUCAS-BAU_High-0002,6093243821.316543,2766173255.8200655,3327070565.49648
NML,csiro-mk3-6-0_rcp26_r1i1p1,FORE-SCE-A1B,9974266611.909998,0.0,9974266611.909998
NML,csiro-mk3-6-0_rcp26_r1i1p1,FORE-SCE-A2,7532284170.047282,0.0,7532284170.047282
NML,csiro-mk3-6-0_rcp26_r1i1p1,FORE-SCE-B1,6767339232.987477,2766817.138445458,6764572415.849031
NML,csiro-mk3-6-0_rcp26_r1i1p1,GCAM-26,22945498023.720184,262445624.70174986,22683052399.018436
NML,csiro-mk3-6-0_rcp26_r1i1p1,GCAM-45,14848952405.540558,104849903.36322826,14744102502.17733
NML,csiro-mk3-6-0_rcp26_r1i1p1,GCAM-ref,10752678030.52823,0.0,10752678030.52823
NML,csiro-mk3-6-0_rcp26_r1i1p1,LUCAS-BAU_High-0001,5357469022.169182,45893967.45498897,5311575054.714193
NML,csiro-mk3-6-0_rcp26_r1i1p1,LUCAS-BAU_High-0002,5666618136.644614,41088346.414242275,5625529790.230371
NML,csiro-mk3-6-0_rcp45_r1i1p1,FORE-SCE-A1B,11488235656.049822,0.0,11488235656.049822
NML,csiro-mk3-6-0_rcp45_r1i1p1,FORE-SCE-A2,8656183676.01616,0.0,8656183676.01616
NML,csiro-mk3-6-0_rcp45_r1i1p1,FORE-SCE-B1,6944303627.456675,0.0,6944303627.456675
NML,csiro-mk3-6-0_rcp45_r1i1p1,GCAM-26,27020619099.78867,0.0,27020619099.78867
NML,csiro-mk3-6-0_rcp45_r1i1p1,GCAM-45,17309978438.48323,0.0,17309978438.48323
NML,csiro-mk3-6-0_rcp45_r1i1p1,GCAM-ref,11946486489.877874,0.0,11946486489.877874
NML,csiro-mk3-6-0_rcp45_r1i1p1,LUCAS-BAU_High-0001,5419837156.752549,5874672.830296822,5413962483.922252
NML,csiro-mk3-6-0_rcp45_r1i1p1,LUCAS-BAU_High-0002,5731033814.223364,2826543.170637615,5728207271.052727
NML,csiro-mk3-6-0_rcp60_r1i1p1,FORE-SCE-A1B,7583369092.066373,0.0,7583369092.066373
NML,csiro-mk3-6-0_rcp60_r1i1p1,FORE-SCE-A2,5998727007.915318,0.0,5998727007.915318
NML,csiro-mk3-6-0_rcp60_r1i1p1,FORE-SCE-B1,4550311791.099114,0.0,4550311791.099114
NML,csiro-mk3-6-0_rcp60_r1i1p1,GCAM-26,19098312630.21913,0.0,19098312630.21913
NML,csiro-mk3-6-0_rcp60_r1i1p1,GCAM-45,11663461102.78435,0.0,11663461102.78435
NML,csiro-mk3-6-0_rcp60_r1i1p1,GCAM-ref,7216690331.197158,0.0,7216690331.197158
NML,csiro-mk3-6-0_rcp60_r1i1p1,LUCAS-BAU_High-0001,3424630753.5776834,0.0,3424630753.5776834
NML,csiro-mk3-6-0_rcp60_r1i1p1,LUCAS-BAU_High-0002,3592739341.2595963,0.0,3592739341.2595963
NML,csiro-mk3-6-0_rcp85_r1i1p1,FORE-SCE-A1B,7632440591.8822775,57714790.39917512,7574725801.483103
NML,csiro-mk3-6-0_rcp85_r1i1p1,FORE-SCE-A2,5785006497.917303,97351660.99885772,5687654836.918447
NML,csiro-mk3-6-0_rcp85_r1i1p1,FORE-SCE-B1,4712026527.697281,20882494.229975056,4691144033.467305
NML,csiro-mk3-6-0_rcp85_r1i1p1,GCAM-26,18832857655.550842,3159462.474687916,18829698193.076153
NML,csiro-mk3-6-0_rcp85_r1i1p1,GCAM-45,11620994705.539007,37838110.97382131,11583156594.565187
NML,csiro-mk3-6-0_rcp85_r1i1p1,GCAM-ref,8188310665.706539,6812263.18618983,8181498402.5203495
NML,csiro-mk3-6-0_rcp85_r1i1p1,LUCAS-BAU_High-0001,3308069420.854863,179953.74248366716,3307889467.1123796
NML,csiro-mk3-6-0_rcp85_r1i1p1,LUCAS-BAU_High-0002,3699265768.022544,47678781.04201046,3651586986.980533
NML,fgoals-g2_rcp26_r1i1p1,FORE-SCE-A1B,3581356210.1970615,0.0,3581356210.1970615
NML,fgoals-g2_rcp26_r1i1p1,FORE-SCE-A2,2229349086.501239,0.0,2229349086.501239
NML,fgoals-g2_rcp26_r1i1p1,FORE-SCE-B1,1657941100.5761652,0.0,1657941100.5761652
NML,fgoals-g2_rcp26_r1i1p1,GCAM-26,13064348913.331541,10534792.3725295,13053814120.959011
NML,fgoals-g2_rcp26_r1i1p1,GCAM-45,6714830103.667657,7459868.169360288,6707370235.498296
NML,fgoals-g2_rcp26_r1i1p1,GCAM-ref,3769128821.5433264,4046583.5453821453,3765082237.997945
NML,fgoals-g2_rcp26_r1i1p1,LUCAS-BAU_High-0001,1045106250.9473457,0.0,1045106250.9473457
NML,fgoals-g2_rcp26_r1i1p1,LUCAS-BAU_High-0002,1151672003.9685028,37144.03603753453,1151634859.9324653
ORO,access1-0_rcp45_r1i1p1,FORE-SCE-A1B,90188001044.73662,0.0,90188001044.73662
ORO,access1-0_rcp45_r1i1p1,FORE-SCE-A2,72390164835.3183,0.0,72390164835.3183
ORO,access1-0_rcp45_r1i1p1,FORE-SCE-B1,56487514287.780266,0.0,56487514287.780266
ORO,access1-0_rcp45_r1i1p1,GCAM-26,211558686632.49396,0.0,211558686632.49396
ORO,access1-0_rcp45_r1i1p1,GCAM-45,133462269369.85172,0.0,133462269369.85172
ORO,access1-0_rcp45_r1i1p1,GCAM-ref,87574496035.07228,0.0,87574496035.07228
ORO,access1-0_rcp45_r1i1p1,LUCAS-BAU_High-0001,40943274184.3661,0.0,40943274184.3661
ORO,access1-0_rcp45_r1i1p1,LUCAS-BAU_High-0002,43135775248.79553,0.0,43135775248.79553
ORO,access1-0_rcp85_r1i1p1,FORE-SCE-A1B,158433383036.5934,0.0,158433383036.5934
ORO,access1-0_rcp85_r1i1p1,FORE-SCE-A2,128682975602.8709,0.0,128682975602.8709
ORO,access1-0_rcp85_r1i1p1,FORE-SCE-B1,108245790957.52466,0.0,108245790957.52466
ORO,access1-0_rcp85_r1i1p1,GCAM-26,331425383954.8069,0.0,331425383954.8069
ORO,access1-0_rcp85_r1i1p1,GCAM-45,221094988959.91348,0.0,221094988959.91348
ORO,access1-0_rcp85_r1i1p1,GCAM-ref,158770554619.98514,0.0,158770554619.98514
ORO,access1-0_rcp85_r1i1p1,LUCAS-BAU_High-0001,83405657499.64941,0.0,83405657499.64941
ORO,access1-0_rcp85_r1i1p1,LUCAS-BAU_High-0002,87271378659.17462,0.0,87271378659.17462
ORO,bcc-csm1-1-m_rcp45_r1i1p1,FORE-SCE-A1B,112361257680.42169,0.0,112361257680.42169
ORO,bcc-csm1-1-m_rcp45_r1i1p1,FORE-SCE-A2,92012138707.355,0.0,92012138707.355
ORO,bcc-csm1-1-m_rcp45_r1i1p1,FORE-SCE-B1,76333441133.3218,0.0,76333441133.3218
ORO,bcc-csm1-1-m_rcp45_r1i1p1,GCAM-26,241262890425.51462,0.0,241262890425.51462
ORO,bcc-csm1-1-m_rcp45_r1i1p1,GCAM-45,158639175171.82428,0.0,158639175171.82428
ORO,bcc-csm1-1-m_rcp45_r1i1p1,GCAM-ref,111780274166.47836,0.0,111780274166.47836
ORO,bcc-csm1-1-m_rcp45_r1i1p1,LUCAS-BAU_High-0001,58533013527.73621,0.0,58533013527.73621
ORO,bcc-csm1-1-m_rcp45_r1i1p1,LUCAS-BAU_High-0002,60986450452.289505,0.0,60986450452.289505
ORO,bcc-csm1-1-m_rcp85_r1i1p1,FORE-SCE-A1B,95101107647.20961,0.0,95101107647.20961
ORO,bcc-csm1-1-m_rcp85_r1i1p1,FORE-SCE-A2,78579203154.61865,0.0,78579203154.61865
ORO,bcc-csm1-1-m_rcp85_r1i1p1,FORE-SCE-B1,63114518131.739494,0.0,63114518131.739494
ORO,bcc-csm1-1-m_rcp85_r1i1p1,GCAM-26,211952972915.48166,252282889.63417,211700690025.84747
ORO,bcc-csm1-1-m_rcp85_r1i1p1,GCAM-45,136314544064.66014,0.0,136314544064.66014
ORO,bcc-csm1-1-m_rcp85_r1i1p1,GCAM-ref,92085220207.84,0.0,92085220207.84
ORO,bcc-csm1-1-m_rcp85_r1i1p1,LUCAS-BAU_High-0001,46973683396.25511,0.0,46973683396.25511
ORO,bcc-csm1-1-m_rcp85_r1i1p1,LUCAS-BAU_High-0002,49169559356.6661,0.0,49169559356.6661
ORO,bcc-csm1-1_rcp26_r1i1p1,FORE-SCE-A1B,217504863522.22638,0.0,217504863522.22638
ORO,bcc-csm1-1_rcp26_r1i1p1,FORE-SCE-A2,181160362927.7569,0.0,181160362927.7569
ORO,bcc-csm1-1_rcp26_r1i1p1,FORE-SCE-B1,156074351372.6453,0.0,156074351372.6453
ORO,bcc-csm1-1_rcp26_r1i1p1,GCAM-26,404546108207.49255,0.0,404546108207.49255
ORO,bcc-csm1-1_rcp26_r1i1p1,GCAM-45,289954188572.9387,0.0,289954188572.9387
ORO,bcc-csm1-1_rcp26_r1i1p1,GCAM-ref,218968720707.93475,0.0,218968720707.93475
ORO,bcc-csm1-1_rcp26_r1i1p1,LUCAS-BAU_High-0001,129889089489.32942,0.0,129889089489.32942
ORO,bcc-csm1-1_rcp26_r1i1p1,LUCAS-BAU_High-0002,134654924041.04405,0.0,134654924041.04405
ORO,bcc-csm1-1_rcp45_r1i1p1,FORE-SCE-A1B,158504105009.5959,0.0,158504105009.5959
ORO,bcc-csm1-1_rcp45_r1i1p1,FORE-SCE-A2,133225731807.63254,0.0,133225731807.63254
ORO,bcc-csm1-1_rcp45_r1i1p1,FORE-SCE-B1,109687917586.17978,0.0,109687917586.17978
ORO,bcc-csm1-1_rcp45_r1i1p1,GCAM-26,317656726168.96796,0.0,317656726168.96796
ORO,bcc-csm1-1_rcp45_r1i1p1,GCAM-45,218306612864.07047,0.0,218306612864.07047
ORO,bcc-csm1-1_rcp45_r1i1p1,GCAM-ref,155433695877.57068,0.0,155433695877.57068
ORO,bcc-csm1-1_rcp45_r1i1p1,LUCAS-BAU_High-0001,86865822778.00598,0.0,86865822778.00598
ORO,bcc-csm1-1_rcp45_r1i1p1,LUCAS-BAU_High-0002,90181286945.01619,0.0,90181286945.01619
ORO,bcc-csm1-1_rcp60_r1i1p1,FORE-SCE-A1B,147385276067.63104,0.0,147385276067.63104
ORO,bcc-csm1-1_rcp60_r1i1p1,FORE-SCE-A2,119522126413.66187,0.0,119522126413.66187
ORO,bcc-csm1-1_rcp60_r1i1p1,FORE-SCE-B1,101692224817.93779,0.0,101692224817.93779
ORO,bcc-csm1-1_rcp60_r1i1p1,GCAM-26,296477342291.82135,0.0,296477342291.82135
ORO,bcc-csm1-1_rcp60_r1i1p1,GCAM-45,205502462214.194,0.0,205502462214.194
ORO,bcc-csm1-1_rcp60_r1i1p1,GCAM-ref,152792981829.9388,0.0,152792981829.9388
ORO,bcc-csm1-1_rcp60_r1i1p1,LUCAS-BAU_High-0001,85641372161.24736,0.0,85641372161.24736
ORO,bcc-csm1-1_rcp60_r1i1p1,LUCAS-BAU_High-0002,88880997619.27925,0.0,88880997619.27925
ORO,bcc-csm1-1_rcp85_r1i1p1,FORE-SCE-A1B,151324964861.25345,0.0,151324964861.25345
ORO,bcc-csm1-1_rcp85_r1i1p1,FORE-SCE-A2,131281136422.99747,0.0,131281136422.99747
ORO,bcc-csm1-1_rcp85_r1i1p1,FORE-SCE-B1,106005439980.13554,0.0,106005439980.13554
ORO,bcc-csm1-1_rcp85_r1i1p1,GCAM-26,307450648021.8195,0.0,307450648021.8195
ORO,bcc-csm1-1_rcp85_r1i1p1,GCAM-45,209418672618.65445,17761682.492092952,209400910936.16235
ORO,bcc-csm1-1_rcp85_r1i1p1,GCAM-ref,146439235434.93903,60228308.15059715,146379007126.78845
ORO,bcc-csm1-1_rcp85_r1i1p1,LUCAS-BAU_High-0001,82863913212.68533,0.0,82863913212.68533
ORO,bcc-csm1-1_rcp85_r1i1p1,LUCAS-BAU_High-0002,85769662761.43983,0.0,85769662761.43983
ORO,canesm2_rcp26_r1i1p1,FORE-SCE-A1B,98553167392.42418,0.0,98553167392.42418
ORO,canesm2_rcp26_r1i1p1,FORE-SCE-A2,76531984202.42676,0.0,76531984202.42676
ORO,canesm2_rcp26_r1i1p1,FORE-SCE-B1,63437979071.77037,0.0,63437979071.77037
ORO,canesm2_rcp26_r1i1p1,GCAM-26,223097802244.99838,0.0,223097802244.99838
ORO,canesm2_rcp26_r1i1p1,GCAM-45,143754658270.14343,0.0,143754658270.14343
ORO,canesm2_rcp26_r1i1p1,GCAM-ref,99600508970.98915,0.0,99600508970.98915
ORO,canesm2_rcp26_r1i1p1,LUCAS-BAU_High-0001,47980897704.54204,0.0,47980897704.54204
ORO,canesm2_rcp26_r1i1p1,LUCAS-BAU_High-0002,50547078504.7177,0.0,50547078504.7177
ORO,canesm2_rcp45_r1i1p1,FORE-SCE-A1B,92234763822.68867,0.0,92234763822.68867
ORO,canesm2_rcp45_r1i1p1,FORE-SCE-A2,75067943959.35023,0.0,75067943959.35023
ORO,canesm2_rcp45_r1i1p1,FORE-SCE-B1,61733248370.37836,0.0,61733248370.37836
ORO,canesm2_rcp45_r1i1p1,GCAM-26,199673537913.94476,36356057.199067436,199637181856.7457
ORO,canesm2_rcp45_r1i1p1,GCAM-45,132497101811.17651,5972800.808065222,132491129010.36844
ORO,canesm2_rcp45_r1i1p1,GCAM-ref,91847721315.20393,6110357.030457817,91841610958.17348
ORO,canesm2_rcp45_r1i1p1,LUCAS-BAU_High-0001,48447878792.11871,0.0,48447878792.11871
ORO,canesm2_rcp45_r1i1p1,LUCAS-BAU_High-0002,50444877992.76573,0.0,50444877992.76573
ORO,canesm2_rcp85_r1i1p1,FORE-SCE-A1B,126362192909.46498,2286928688.721112,124075264220.74387
ORO,canesm2_rcp85_r1i1p1,FORE-SCE-A2,107996843463.77739,2387896826.0507245,105608946637.72667
ORO,canesm2_rcp85_r1i1p1,FORE-SCE-B1,90735722071.67162,1533040330.8107285,89202681740.86092
ORO,canesm2_rcp85_r1i1p1,GCAM-26,251702854539.8559,2343001030.631075,249359853509.22485
ORO,canesm2_rcp85_r1i1p1,GCAM-45,172769244906.10284,2355696117.6012964,170413548788.50153
ORO,canesm2_rcp85_r1i1p1,GCAM-ref,128156799648.7328,2240316360.503968,125916483288.22884
ORO,canesm2_rcp85_r1i1p1,LUCAS-BAU_High-0001,74932075364.82883,1484494693.778618,73447580671.05022
ORO,canesm2_rcp85_r1i1p1,LUCAS-BAU_High-0002,77226931307.10353,1476551312.8312917,75750379994.27223
ORO,ccsm4_rcp26_r1i1p1,FORE-SCE-A1B,101514578985.00626,0.0,101514578985.00626
ORO,ccsm4_rcp26_r1i1p1,FORE-SCE-A2,84976646587.96439,0.0,84976646587.96439
ORO,ccsm4_rcp26_r1i1p1,FORE-SCE-B1,67935458482.76064,0.0,67935458482.76064
ORO,ccsm4_rcp26_r1i1p1,GCAM-26,221815971469.73233,0.0,221815971469.73233
ORO,ccsm4_rcp26_r1i1p1,GCAM-45,145312278070.58633,0.0,145312278070.58633
ORO,ccsm4_rcp26_r1i1p1,GCAM-ref,98722708203.133,0.0,98722708203.133
ORO,ccsm4_rcp26_r1i1p1,LUCAS-BAU_High-0001,52013221733.36682,0.0,52013221733.36682
ORO,ccsm4_rcp26_r1i1p1,LUCAS-BAU_High-0002,54294026735.42698,0.0,54294026735.42698
ORO,ccsm4_rcp45_r1i1p1,FORE-SCE-A1B,100962827864.17018,0.0,100962827864.17018
ORO,ccsm4_rcp45_r1i1p1,FORE-SCE-A2,80759028434.8577,0.0,80759028434.8577
ORO,ccsm4_rcp45_r1i1p1,FORE-SCE-B1,66666369473.97294,0.0,66666369473.97294
ORO,ccsm4_rcp45_r1i1p1,GCAM-26,222893074423.47366,0.0,222893074423.47366
ORO,ccsm4_rcp45_r1i1p1,GCAM-45,146218902327.1358,0.0,146218902327.1358
ORO,ccsm4_rcp45_r1i1p1,GCAM-ref,104086776519.89044,0.0,104086776519.89044
ORO,ccsm4_rcp45_r1i1p1,LUCAS-BAU_High-0001,54336760191.74618,0.0,54336760191.74618
ORO,ccsm4_rcp45_r1i1p1,LUCAS-BAU_High-0002,56546023042.51066,0.0,56546023042.51066
ORO,ccsm4_rcp60_r1i1p1,FORE-SCE-A1B,74665326395.32755,0.0,74665326395.32755
ORO,ccsm4_rcp60_r1i1p1,FORE-SCE-A2,58262495857.73439,0.0,58262495857.73439
ORO,ccsm4_rcp60_r1i1p1,FORE-SCE-B1,48329782242.32806,0.0,48329782242.32806
ORO,ccsm4_rcp60_r1i1p1,GCAM-26,173973204316.48495,146888500.7101373,173826315815.7748
ORO,ccsm4_rcp60_r1i1p1,GCAM-45,110444498954.39426,0.0,110444498954.39426
ORO,ccsm4_rcp60_r1i1p1,GCAM-ref,78137749165.30368,0.0,78137749165.30368
ORO,ccsm4_rcp60_r1i1p1,LUCAS-BAU_High-0001,38503470513.15922,0.0,38503470513.15922
ORO,ccsm4_rcp60_r1i1p1,LUCAS-BAU_High-0002,40274719861.510605,0.0,40274719861.510605
ORO,ccsm4_rcp85_r1i1p1,FORE-SCE-A1B,128596844476.20963,53659607.09615029,128543184869.11348
ORO,ccsm4_rcp85_r1i1p1,FORE-SCE-A2,106685942733.82782,54261222.3491742,106631681511.47865
ORO,ccsm4_rcp85_r1i1p1,FORE-SCE-B1,87907250501.83379,56747412.50697989,87850503089.3268
ORO,ccsm4_rcp85_r1i1p1,GCAM-26,269030731914.71298,46373997.01534887,268984357917.6976
ORO,ccsm4_rcp85_r1i1p1,GCAM-45,180051313378.5456,58019296.70460231,179993294081.841
ORO,ccsm4_rcp85_r1i1p1,GCAM-ref,127191046912.86873,55210958.633193515,127135835954.23552
ORO,ccsm4_rcp85_r1i1p1,LUCAS-BAU_High-0001,68129904278.84988,59544101.582889564,68070360177.26699
ORO,ccsm4_rcp85_r1i1p1,LUCAS-BAU_High-0002,70983688844.29605,59283918.59844269,70924404925.6976
ORO,cesm1-bgc_rcp45_r1i1p1,FORE-SCE-A1B,108338117626.52707,0.0,108338117626.52707
ORO,cesm1-bgc_rcp45_r1i1p1,FORE-SCE-A2,87572953288.10834,0.0,87572953288.10834
ORO,cesm1-bgc_rcp45_r1i1p1,FORE-SCE-B1,71474982322.35144,0.0,71474982322.35144
ORO,cesm1-bgc_rcp45_r1i1p1,GCAM-26,231834435541.26144,0.0,231834435541.26144
ORO,cesm1-bgc_rcp45_r1i1p1,GCAM-45,154204065170.96744,0.0,154204065170.96744
ORO,cesm1-bgc_rcp45_r1i1p1,GCAM-ref,107627866155.2067,0.0,107627866155.2067
ORO,cesm1-bgc_rcp45_r1i1p1,LUCAS-BAU_High-0001,55246215176.176834,0.0,55246215176.176834
ORO,cesm1-bgc_rcp45_r1i1p1,LUCAS-BAU_High-0002,57805715685.28481,0.0,57805715685.28481
ORO,cesm1-bgc_rcp85_r1i1p1,FORE-SCE-A1B,76353461386.35126,0.0,76353461386.35126
ORO,cesm1-bgc_rcp85_r1i1p1,FORE-SCE-A2,56605455696.80923,0.0,56605455696.80923
ORO,cesm1-bgc_rcp85_r1i1p1,FORE-SCE-B1,48072811247.90917,0.0,48072811247.90917
ORO,cesm1-bgc_rcp85_r1i1p1,GCAM-26,182167560777.86826,0.0,182167560777.86826
ORO,cesm1-bgc_rcp85_r1i1p1,GCAM-45,113408931971.71846,0.0,113408931971.71846
ORO,cesm1-bgc_rcp85_r1i1p1,GCAM-ref,80152254358.19928,0.0,80152254358.19928
ORO,cesm1-bgc_rcp85_r1i1p1,LUCAS-BAU_High-0001,36983597363.92828,0.0,36983597363.92828
ORO,cesm1-bgc_rcp85_r1i1p1,LUCAS-BAU_High-0002,39131914778.163284,0.0,39131914778.163284
ORO,cesm1-cam5_rcp26_r1i1p1,FORE-SCE-A1B,79305302742.34297,0.0,79305302742.34297
ORO,cesm1-cam5_rcp26_r1i1p1,FORE-SCE-A2,64755764707.21771,0.0,64755764707.21771
ORO,cesm1-cam5_rcp26_r1i1p1,FORE-SCE-B1,50427082323.9081,0.0,50427082323.9081
ORO,cesm1-cam5_rcp26_r1i1p1,GCAM-26,188193573173.9827,0.0,188193573173.9827
ORO,cesm1-cam5_rcp26_r1i1p1,GCAM-45,117924479969.46782,0.0,117924479969.46782
ORO,cesm1-cam5_rcp26_r1i1p1,GCAM-ref,76611525914.76785,0.0,76611525914.76785
ORO,cesm1-cam5_rcp26_r1i1p1,LUCAS-BAU_High-0001,36792013259.54236,0.0,36792013259.54236
ORO,cesm1-cam5_rcp26_r1i1p1,LUCAS-BAU_High-0002,38644104130.005455,0.0,38644104130.005455
ORO,cesm1-cam5_rcp45_r1i1p1,FORE-SCE-A1B,153788314234.3087,0.0,153788314234.3087
ORO,cesm1-cam5_rcp45_r1i1p1,FORE-SCE-A2,125182869567.8716,0.0,125182869567.8716
ORO,cesm1-cam5_rcp45_r1i1p1,FORE-SCE-B1,108895627326.9184,0.0,108895627326.9184
ORO,cesm1-cam5_rcp45_r1i1p1,GCAM-26,305846470969.4942,0.0,305846470969.4942
ORO,cesm1-cam5_rcp45_r1i1p1,GCAM-45,210971331626.91153,0.0,210971331626.91153
ORO,cesm1-cam5_rcp45_r1i1p1,GCAM-ref,158987707244.12424,0.0,158987707244.12424
ORO,cesm1-cam5_rcp45_r1i1p1,LUCAS-BAU_High-0001,89726306030.45047,0.0,89726306030.45047
ORO,cesm1-cam5_rcp45_r1i1p1,LUCAS-BAU_High-0002,93343385856.96434,0.0,93343385856.96434
ORO,cesm1-cam5_rcp60_r1i1p1,FORE-SCE-A1B,122521657033.77425,0.0,122521657033.77425
ORO,cesm1-cam5_rcp60_r1i1p1,FORE-SCE-A2,99746319717.46237,0.0,99746319717.46237
ORO,cesm1-cam5_rcp60_r1i1p1,FORE-SCE-B1,83291710758.25081,0.0,83291710758.25081
ORO,cesm1-cam5_rcp60_r1i1p1,GCAM-26,256800467936.32336,0.0,256800467936.32336
ORO,cesm1-cam5_rcp60_r1i1p1,GCAM-45,172990834117.5922,0.0,172990834117.5922
ORO,cesm1-cam5_rcp60_r1i1p1,GCAM-ref,124358928610.12433,0.0,124358928610.12433
ORO,cesm1-cam5_rcp60_r1i1p1,LUCAS-BAU_High-0001,66564180372.51944,0.0,66564180372.51944
ORO,cesm1-cam5_rcp60_r1i1p1,LUCAS-BAU_High-0002,69304794712.88162,0.0,69304794712.88162
ORO,cesm1-cam5_rcp85_r1i1p1,FORE-SCE-A1B,137801076254.02798,77846471.6996852,137723229782.3283
ORO,cesm1-cam5_rcp85_r1i1p1,FORE-SCE-A2,112566391057.68755,78010784.73819944,112488380272.94936
ORO,cesm1-cam5_rcp85_r1i1p1,FORE-SCE-B1,95506578446.23085,79817500.97034673,95426760945.26051
ORO,cesm1-cam5_rcp85_r1i1p1,GCAM-26,281072706923.434,72091144.1032542,281000615779.33075
ORO,cesm1-cam5_rcp85_r1i1p1,GCAM-45,190335896344.4333,75859461.93258278,190260036882.5007
ORO,cesm1-cam5_rcp85_r1i1p1,GCAM-ref,137630080008.40384,79259489.36108616,137550820519.04276
ORO,cesm1-cam5_rcp85_r1i1p1,LUCAS-BAU_High-0001,75179888946.69621,81533048.39434567,75098355898.30186
ORO,cesm1-cam5_rcp85_r1i1p1,LUCAS-BAU_High-0002,78651849173.88492,81421280.31464235,78570427893.57028
ORO,cmcc-cm_rcp45_r1i1p1,FORE-SCE-A1B,112982953284.59122,0.0,112982953284.59122
ORO,cmcc-cm_rcp45_r1i1p1,FORE-SCE-A2,88948548677.99052,0.0,88948548677.99052
ORO,cmcc-cm_rcp45_r1i1p1,FORE-SCE-B1,72662755870.57222,0.0,72662755870.57222
ORO,cmcc-cm_rcp45_r1i1p1,GCAM-26,253541831739.25616,0.0,253541831739.25616
ORO,cmcc-cm_rcp45_r1i1p1,GCAM-45,163759067858.7032,0.0,163759067858.7032
ORO,cmcc-cm_rcp45_r1i1p1,GCAM-ref,112709741623.19221,0.0,112709741623.19221
ORO,cmcc-cm_rcp45_r1i1p1,LUCAS-BAU_High-0001,54885006415.699615,0.0,54885006415.699615
ORO,cmcc-cm_rcp45_r1i1p1,LUCAS-BAU_High-0002,57750748234.85515,0.0,57750748234.85515
ORO,cmcc-cm_rcp85_r1i1p1,FORE-SCE-A1B,147282982671.19962,0.0,147282982671.19962
ORO,cmcc-cm_rcp85_r1i1p1,FORE-SCE-A2,127078049928.86334,0.0,127078049928.86334
ORO,cmcc-cm_rcp85_r1i1p1,FORE-SCE-B1,105014838973.1358,0.0,105014838973.1358
ORO,cmcc-cm_rcp85_r1i1p1,GCAM-26,296612662274.3058,0.0,296612662274.3058
ORO,cmcc-cm_rcp85_r1i1p1,GCAM-45,202392743291.81525,0.0,202392743291.81525
ORO,cmcc-cm_rcp85_r1i1p1,GCAM-ref,144450598345.23404,0.0,144450598345.23404
ORO,cmcc-cm_rcp85_r1i1p1,LUCAS-BAU_High-0001,82632744152.17703,0.0,82632744152.17703
ORO,cmcc-cm_rcp85_r1i1p1,LUCAS-BAU_High-0002,85557795320.02715,0.0,85557795320.02715
ORO,cnrm-cm5_rcp45_r1i1p1,FORE-SCE-A1B,42778248112.51792,0.0,42778248112.51792
ORO,cnrm-cm5_rcp45_r1i1p1,FORE-SCE-A2,30971240100.890507,0.0,30971240100.890507
ORO,cnrm-cm5_rcp45_r1i1p1,FORE-SCE-B1,23913316297.398266,0.0,23913316297.398266
ORO,cnrm-cm5_rcp45_r1i1p1,GCAM-26,122879914978.06862,0.0,122879914978.06862
ORO,cnrm-cm5_rcp45_r1i1p1,GCAM-45,70217057492.5759,63501999.99997858,70153555492.57591
ORO,cnrm-cm5_rcp45_r1i1p1,GCAM-ref,44119191955.6311,0.0,44119191955.6311
ORO,cnrm-cm5_rcp45_r1i1p1,LUCAS-BAU_High-0001,17225314993.35848,0.0,17225314993.35848
ORO,cnrm-cm5_rcp45_r1i1p1,LUCAS-BAU_High-0002,18389537032.159748,0.0,18389537032.159748
ORO,cnrm-cm5_rcp85_r1i1p1,FORE-SCE-A1B,63770639341.85126,0.0,63770639341.85126
ORO,cnrm-cm5_rcp85_r1i1p1,FORE-SCE-A2,49972555343.63514,5236494.30157966,49967318849.33356
ORO,cnrm-cm5_rcp85_r1i1p1,FORE-SCE-B1,39656484807.24746,0.0,39656484807.24746
ORO,cnrm-cm5_rcp85_r1i1p1,GCAM-26,161463935098.42383,415644838.7051263,161048290259.7187
ORO,cnrm-cm5_rcp85_r1i1p1,GCAM-45,97044733231.08186,21097041.154812906,97023636189.92705
ORO,cnrm-cm5_rcp85_r1i1p1,GCAM-ref,62780175180.54127,0.0,62780175180.54127
ORO,cnrm-cm5_rcp85_r1i1p1,LUCAS-BAU_High-0001,28131796769.923847,0.0,28131796769.923847
ORO,cnrm-cm5_rcp85_r1i1p1,LUCAS-BAU_High-0002,29713930493.79754,0.0,29713930493.79754
ORO,csiro-mk3-6-0_rcp26_r1i1p1,FORE-SCE-A1B,147072239925.39514,0.0,147072239925.39514
ORO,csiro-mk3-6-0_rcp26_r1i1p1,FORE-SCE-A2,119314687186.94937,0.0,119314687186.94937
ORO,csiro-mk3-6-0_rcp26_r1i1p1,FORE-SCE-B1,102957832933.06357,0.0,102957832933.06357
ORO,csiro-mk3-6-0_rcp26_r1i1p1,GCAM-26,292741793227.5142,0.0,292741793227.5142
ORO,csiro-mk3-6-0_rcp26_r1i1p1,GCAM-45,201561718934.9102,0.0,201561718934.9102
ORO,csiro-mk3-6-0_rcp26_r1i1p1,GCAM-ref,150235458687.40164,0.0,150235458687.40164
ORO,csiro-mk3-6-0_rcp26_r1i1p1,LUCAS-BAU_High-0001,84158430614.15355,0.0,84158430614.15355
ORO,csiro-mk3-6-0_rcp26_r1i1p1,LUCAS-BAU_High-0002,87714929171.84677,0.0,87714929171.84677
ORO,csiro-mk3-6-0_rcp45_r1i1p1,FORE-SCE-A1B,133052275761.60263,0.0,133052275761.60263
ORO,csiro-mk3-6-0_rcp45_r1i1p1,FORE-SCE-A2,107250133032.35918,0.0,107250133032.35918
ORO,csiro-mk3-6-0_rcp45_r1i1p1,FORE-SCE-B1,88337345003.98592,0.0,88337345003.98592
ORO,csiro-mk3-6-0_rcp45_r1i1p1,GCAM-26,285117773004.1663,0.0,285117773004.1663
ORO,csiro-mk3-6-0_rcp45_r1i1p1,GCAM-45,190127581198.96188,0.0,190127581198.96188
ORO,csiro-mk3-6-0_rcp45_r1i1p1,GCAM-ref,134931369795.82402,0.0,134931369795.82402
ORO,csiro-mk3-6-0_rcp45_r1i1p1,LUCAS-BAU_High-0001,70335839403.76103,0.0,70335839403.76103
ORO,csiro-mk3-6-0_rcp45_r1i1p1,LUCAS-BAU_High-0002,73410647321.62338,0.0,73410647321.62338
ORO,csiro-mk3-6-0_rcp60_r1i1p1,FORE-SCE-A1B,105345511078.45096,0.0,105345511078.45096
ORO,csiro-mk3-6-0_rcp60_r1i1p1,FORE-SCE-A2,86253848358.62395,0.0,86253848358.62395
ORO,csiro-mk3-6-0_rcp60_r1i1p1,FORE-SCE-B1,69672700904.79428,0.0,69672700904.79428
ORO,csiro-mk3-6-0_rcp60_r1i1p1,GCAM-26,232222501820.70203,0.0,232222501820.70203
ORO,csiro-mk3-6-0_rcp60_r1i1p1,GCAM-45,151611961765.89365,0.0,151611961765.89365
ORO,csiro-mk3-6-0_rcp60_r1i1p1,GCAM-ref,103887392896.00089,0.0,103887392896.00089
ORO,csiro-mk3-6-0_rcp60_r1i1p1,LUCAS-BAU_High-0001,54115059518.04345,0.0,54115059518.04345
ORO,csiro-mk3-6-0_rcp60_r1i1p1,LUCAS-BAU_High-0002,56492466135.99951,0.0,56492466135.99951
ORO,csiro-mk3-6-0_rcp85_r1i1p1,FORE-SCE-A1B,137098803756.41792,0.0,137098803756.41792
ORO,csiro-mk3-6-0_rcp85_r1i1p1,FORE-SCE-A2,110423750195.87666,270554.2168492684,110423479641.6598
ORO,csiro-mk3-6-0_rcp85_r1i1p1,FORE-SCE-B1,93507888286.25317,0.0,93507888286.25317
ORO,csiro-mk3-6-0_rcp85_r1i1p1,GCAM-26,286100277575.128,0.0,286100277575.128
ORO,csiro-mk3-6-0_rcp85_r1i1p1,GCAM-45,192364453139.8814,0.0,192364453139.8814
ORO,csiro-mk3-6-0_rcp85_r1i1p1,GCAM-ref,140471014432.90347,0.0,140471014432.90347
ORO,csiro-mk3-6-0_rcp85_r1i1p1,LUCAS-BAU_High-0001,74265575145.17545,0.0,74265575145.17545
ORO,csiro-mk3-6-0_rcp85_r1i1p1,LUCAS-BAU_High-0002,77551342107.72832,0.0,77551342107.72832
ORO,fgoals-g2_rcp26_r1i1p1,FORE-SCE-A1B,70505797945.68878,0.0,70505797945.68878
ORO,fgoals-g2_rcp26_r1i1p1,FORE-SCE-A2,52531994826.56626,0.0,52531994826.56626
ORO,fgoals-g2_rcp26_r1i1p1,FORE-SCE-B1,43998437727.70225,0.0,43998437727.70225
ORO,fgoals-g2_rcp26_r1i1p1,GCAM-26,170978894905.77386,0.0,170978894905.77386
ORO,fgoals-g2_rcp26_r1i1p1,GCAM-45,105593794760.2335,0.0,105593794760.2335
ORO,fgoals-g2_rcp26_r1i1p1,GCAM-ref,72774751458.72197,0.0,72774751458.72197
ORO,fgoals-g2_rcp26_r1i1p1,LUCAS-BAU_High-0001,33930108817.803043,0.0,33930108817.803043
ORO,fgoals-g2_rcp26_r1i1p1,LUCAS-BAU_High-0002,35855609369.93971,0.0,35855609369.93971
SHA,access1-0_rcp45_r1i1p1,FORE-SCE-A1B,157922280217.5727,142315999.99999017,157779964217.57275
SHA,access1-0_rcp45_r1i1p1,FORE-SCE-A2,125932195846.62997,0.0,125932195846.62997
SHA,access1-0_rcp45_r1i1p1,FORE-SCE-B1,96151757002.87898,0.0,96151757002.87898
SHA,access1-0_rcp45_r1i1p1,GCAM-26,390612861374.94617,345457408.47957206,390267403966.4666
SHA,access1-0_rcp45_r1i1p1,GCAM-45,239810217808.74072,142315999.99996105,239667901808.74078
SHA,access1-0_rcp45_r1i1p1,GCAM-ref,152167127973.00424,142315999.9999625,152024811973.0043
SHA,access1-0_rcp45_r1i1p1,LUCAS-BAU_High-0001,68121375685.768715,0.0,68121375685.768715
SHA,access1-0_rcp45_r1i1p1,LUCAS-BAU_High-0002,71984455556.54199,0.0,71984455556.54199
SHA,access1-0_rcp85_r1i1p1,FORE-SCE-A1B,288621302558.3373,4495161300.844517,284126141257.49274
SHA,access1-0_rcp85_r1i1p1,FORE-SCE-A2,232483750024.31546,4392710089.612757,228091039934.70273
SHA,access1-0_rcp85_r1i1p1,FORE-SCE-B1,192903841959.92615,3772350534.162174,189131491425.76398
SHA,access1-0_rcp85_r1i1p1,GCAM-26,622626317561.8308,4845440058.464673,617780877503.3662
SHA,access1-0_rcp85_r1i1p1,GCAM-45,408027027573.28046,4626538511.2404375,403400489062.04004
SHA,access1-0_rcp85_r1i1p1,GCAM-ref,287665196391.70154,4546760247.822634,283118436143.87897
SHA,access1-0_rcp85_r1i1p1,LUCAS-BAU_High-0001,146428479294.10593,3712703139.5188622,142715776154.58707
SHA,access1-0_rcp85_r1i1p1,LUCAS-BAU_High-0002,153668534522.73453,3729641863.1294785,149938892659.60504
SHA,bcc-csm1-1-m_rcp45_r1i1p1,FORE-SCE-A1B,183220860982.4816,585815851.9440781,182635045130.5375
SHA,bcc-csm1-1-m_rcp45_r1i1p1,FORE-SCE-A2,146690138496.6843,516474834.92554903,146173663661.75876
SHA,bcc-csm1-1-m_rcp45_r1i1p1,FORE-SCE-B1,117954090789.53462,512182884.56318545,117441907904.97145
SHA,bcc-csm1-1-m_rcp45_r1i1p1,GCAM-26,426151401641.08905,851932060.560066,425299469580.529
SHA,bcc-csm1-1-m_rcp45_r1i1p1,GCAM-45,269241847223.99832,654768835.042225,268587078388.9561
SHA,bcc-csm1-1-m_rcp45_r1i1p1,GCAM-ref,181612609163.45145,609396093.1907175,181003213070.2607
SHA,bcc-csm1-1-m_rcp45_r1i1p1,LUCAS-BAU_High-0001,86449020306.2078,485391177.8871479,85963629128.32065
SHA,bcc-csm1-1-m_rcp45_r1i1p1,LUCAS-BAU_High-0002,90663052009.47282,495672249.0122644,90167379760.46056
SHA,bcc-csm1-1-m_rcp85_r1i1p1,FORE-SCE-A1B,178906889607.23535,7500902250.901273,171405987356.33408
SHA,bcc-csm1-1-m_rcp85_r1i1p1,FORE-SCE-A2,148015555564.4919,7700646748.054703,140314908816.4372
SHA,bcc-csm1-1-m_rcp85_r1i1p1,FORE-SCE-B1,119638261214.80368,7423831548.604421,112214429666.19925
SHA,bcc-csm1-1-m_rcp85_r1i1p1,GCAM-26,399895869509.57996,8158255295.397101,391737614214.1828
SHA,bcc-csm1-1-m_rcp85_r1i1p1,GCAM-45,256602779439.35562,7429022117.124297,249173757322.23132
SHA,bcc-csm1-1-m_rcp85_r1i1p1,GCAM-ref,173324173899.56485,7332729971.011878,165991443928.55298
SHA,bcc-csm1-1-m_rcp85_r1i1p1,LUCAS-BAU_High-0001,91779038987.13168,7539468181.1565075,84239570805.97517
SHA,bcc-csm1-1-m_rcp85_r1i1p1,LUCAS-BAU_High-0002,95336996330.0378,7533014264.631811,87803982065.40598
SHA,bcc-csm1-1_rcp26_r1i1p1,FORE-SCE-A1B,298015423730.58636,820941563.8373656,297194482166.749
SHA,bcc-csm1-1_rcp26_r1i1p1,FORE-SCE-A2,241858682829.22116,808537000.0000039,241050145829.22116
SHA,bcc-csm1-1_rcp26_r1i1p1,FORE-SCE-B1,200775006313.5532,808537000.0000054,199966469313.5532
SHA,bcc-csm1-1_rcp26_r1i1p1,GCAM-26,612627494040.9902,578496325.1243665,612048997715.8657
SHA,bcc-csm1-1_rcp26_r1i1p1,GCAM-45,415496066659.57623,305082683.24738604,415190983976.3288
SHA,bcc-csm1-1_rcp26_r1i1p1,GCAM-ref,299303633865.5453,1587443204.9356937,297716190660.6096
SHA,bcc-csm1-1_rcp26_r1i1p1,LUCAS-BAU_High-0001,161107506198.4304,3451157.5894837733,161104055040.84088
SHA,bcc-csm1-1_rcp26_r1i1p1,LUCAS-BAU_High-0002,168036986838.5641,0.0,168036986838.5641
SHA,bcc-csm1-1_rcp45_r1i1p1,FORE-SCE-A1B,247398566058.12646,6375180822.587812,241023385235.5387
SHA,bcc-csm1-1_rcp45_r1i1p1,FORE-SCE-A2,209545935118.32892,6318904781.547459,203227030336.78143
SHA,bcc-csm1-1_rcp45_r1i1p1,FORE-SCE-B1,167588611651.37732,6268180807.041063,161320430844.3363
SHA,bcc-csm1-1_rcp45_r1i1p1,GCAM-26,527039740194.9445,6632245490.444246,520407494704.50024
SHA,bcc-csm1-1_rcp45_r1i1p1,GCAM-45,350290899483.7577,7066055856.522235,343224843627.2354
SHA,bcc-csm1-1_rcp45_r1i1p1,GCAM-ref,238674670959.5835,6446743418.269686,232227927541.3138
SHA,bcc-csm1-1_rcp45_r1i1p1,LUCAS-BAU_High-0001,129729504820.59218,6298116423.140509,123431388397.45168
SHA,bcc-csm1-1_rcp45_r1i1p1,LUCAS-BAU_High-0002,134694595680.53691,6302267277.774445,128392328402.76248
SHA,bcc-csm1-1_rcp60_r1i1p1,FORE-SCE-A1B,213798917163.64035,39460900.196840525,213759456263.4435
SHA,bcc-csm1-1_rcp60_r1i1p1,FORE-SCE-A2,168600347047.48672,0.0,168600347047.48672
SHA,bcc-csm1-1_rcp60_r1i1p1,FORE-SCE-B1,138087855519.5814,0.0,138087855519.5814
SHA,bcc-csm1-1_rcp60_r1i1p1,GCAM-26,480196211219.81976,214771999.999955,479981439219.81976
SHA,bcc-csm1-1_rcp60_r1i1p1,GCAM-45,314572574149.3582,282819798.98596764,314289754350.37225
SHA,bcc-csm1-1_rcp60_r1i1p1,GCAM-ref,221348008773.981,0.0,221348008773.981
SHA,bcc-csm1-1_rcp60_r1i1p1,LUCAS-BAU_High-0001,113015260227.38678,0.0,113015260227.38678
SHA,bcc-csm1-1_rcp60_r1i1p1,LUCAS-BAU_High-0002,117889714924.7122,0.0,117889714924.7122
SHA,bcc-csm1-1_rcp85_r1i1p1,FORE-SCE-A1B,240430881286.80566,2613317408.4557886,237817563878.34985
SHA,bcc-csm1-1_rcp85_r1i1p1,FORE-SCE-A2,205789616305.07236,2496719356.0265584,203292896949.0458
SHA,bcc-csm1-1_rcp85_r1i1p1,FORE-SCE-B1,163308804712.85236,2306898535.095163,161001906177.7572
SHA,bcc-csm1-1_rcp85_r1i1p1,GCAM-26,516431933690.05646,4112681224.94929,512319252465.1072
SHA,bcc-csm1-1_rcp85_r1i1p1,GCAM-45,341712225175.7756,3866358763.787679,337845866411.9879
SHA,bcc-csm1-1_rcp85_r1i1p1,GCAM-ref,233437781928.95795,3443479100.267538,229994302828.69043
SHA,bcc-csm1-1_rcp85_r1i1p1,LUCAS-BAU_High-0001,125504135556.18382,2257079167.388486,123247056388.79533
SHA,bcc-csm1-1_rcp85_r1i1p1,LUCAS-BAU_High-0002,130230167808.6904,2223529124.6174884,128006638684.0729
SHA,canesm2_rcp26_r1i1p1,FORE-SCE-A1B,257947655974.3645,95513176300.65358,162434479673.71094
SHA,canesm2_rcp26_r1i1p1,FORE-SCE-A2,219589220754.8696,95690931153.89354,123898289600.97607
SHA,canesm2_rcp26_r1i1p1,FORE-SCE-B1,195131186247.4212,94536019215.87903,100595167031.54216
SHA,canesm2_rcp26_r1i1p1,GCAM-26,484050770197.8431,95081858869.76025,388968911328.0828
SHA,canesm2_rcp26_r1i1p1,GCAM-45,338151064753.43115,94913568951.79733,243237495801.63385
SHA,canesm2_rcp26_r1i1p1,GCAM-ref,258073862649.42657,94724037149.15874,163349825500.2678
SHA,canesm2_rcp26_r1i1p1,LUCAS-BAU_High-0001,169972771091.4767,95720278848.31146,74252492243.16531
SHA,canesm2_rcp26_r1i1p1,LUCAS-BAU_High-0002,173372083806.95325,95632911973.6312,77739171833.32199
SHA,canesm2_rcp45_r1i1p1,FORE-SCE-A1B,176596201836.0256,3378297209.0637603,173217904626.96182
SHA,canesm2_rcp45_r1i1p1,FORE-SCE-A2,144067931266.28656,2281725442.7257214,141786205823.56085
SHA,canesm2_rcp45_r1i1p1,FORE-SCE-B1,118112560651.64297,2285838264.0304685,115826722387.61249
SHA,canesm2_rcp45_r1i1p1,GCAM-26,393693661826.7712,3281330780.630955,390412331046.14026
SHA,canesm2_rcp45_r1i1p1,GCAM-45,253704932252.54843,2390916795.1510563,251314015457.3973
SHA,canesm2_rcp45_r1i1p1,GCAM-ref,173832665403.179,2473897299.7443576,171358768103.43466
SHA,canesm2_rcp45_r1i1p1,LUCAS-BAU_High-0001,91036176418.41011,3336973891.7518983,87699202526.6582
SHA,canesm2_rcp45_r1i1p1,LUCAS-BAU_High-0002,95733608521.26572,2231946687.8611274,93501661833.4046
SHA,canesm2_rcp85_r1i1p1,FORE-SCE-A1B,681999264215.3492,466477617929.07294,215521646286.2764
SHA,canesm2_rcp85_r1i1p1,FORE-SCE-A2,646006821593.084,466326957191.1257,179679864401.95834
SHA,canesm2_rcp85_r1i1p1,FORE-SCE-B1,614756685795.9327,465366630727.25757,149390055068.6752
SHA,canesm2_rcp85_r1i1p1,GCAM-26,924961591425.9421,467260638785.2204,457700952640.7218
SHA,canesm2_rcp85_r1i1p1,GCAM-45,771502988436.5408,466788682924.0307,304714305512.5099
SHA,canesm2_rcp85_r1i1p1,GCAM-ref,682392288860.1276,466445303285.91174,215946985574.21555
SHA,canesm2_rcp85_r1i1p1,LUCAS-BAU_High-0001,585544358354.217,464996067740.8419,120548290613.37497
SHA,canesm2_rcp85_r1i1p1,LUCAS-BAU_High-0002,589884876204.7985,465258618113.4558,124626258091.34267
SHA,ccsm4_rcp26_r1i1p1,FORE-SCE-A1B,152793267322.53705,57845999.999988995,152735421322.53708
SHA,ccsm4_rcp26_r1i1p1,FORE-SCE-A2,126195179209.42973,661440999.999961,125533738209.4298
SHA,ccsm4_rcp26_r1i1p1,FORE-SCE-B1,97054619420.39069,661440999.9999844,96393178420.39069
SHA,ccsm4_rcp26_r1i1p1,GCAM-26,369239427056.0379,120309434.8870247,369119117621.1509
SHA,ccsm4_rcp26_r1i1p1,GCAM-45,229762714951.34622,57845999.999990456,229704868951.34622
SHA,ccsm4_rcp26_r1i1p1,GCAM-ref,147444441472.6562,57845999.999968626,147386595472.65622
SHA,ccsm4_rcp26_r1i1p1,LUCAS-BAU_High-0001,69338071401.09662,4678043.85831696,69333393357.23831
SHA,ccsm4_rcp26_r1i1p1,LUCAS-BAU_High-0002,72881161495.49403,0.0,72881161495.49403
SHA,ccsm4_rcp45_r1i1p1,FORE-SCE-A1B,153577833596.68564,72053268.27157259,153505780328.4141
SHA,ccsm4_rcp45_r1i1p1,FORE-SCE-A2,122846432616.49991,5335606.5246334765,122841097009.97528
SHA,ccsm4_rcp45_r1i1p1,FORE-SCE-B1,96101974171.05554,3545042.097703845,96098429128.95782
SHA,ccsm4_rcp45_r1i1p1,GCAM-26,374153298323.1978,308832159.7041606,373844466163.4936
SHA,ccsm4_rcp45_r1i1p1,GCAM-45,233141643515.06195,68655759.24346776,233072987755.81845
SHA,ccsm4_rcp45_r1i1p1,GCAM-ref,155452597505.83893,72188724.4393205,155380408781.3996
SHA,ccsm4_rcp45_r1i1p1,LUCAS-BAU_High-0001,73074829653.96338,4581625.850661658,73070248028.11272
SHA,ccsm4_rcp45_r1i1p1,LUCAS-BAU_High-0002,76582505274.19354,13451981.64517351,76569053292.54837
SHA,ccsm4_rcp60_r1i1p1,FORE-SCE-A1B,134915561109.47174,1031552489.280529,133884008620.19121
SHA,ccsm4_rcp60_r1i1p1,FORE-SCE-A2,104063883010.77122,505685878.07876027,103558197132.69244
SHA,ccsm4_rcp60_r1i1p1,FORE-SCE-B1,84610785761.79147,590338258.4672145,84020447503.32425
SHA,ccsm4_rcp60_r1i1p1,GCAM-26,326261086755.324,2265783837.7600536,323995302917.56396
SHA,ccsm4_rcp60_r1i1p1,GCAM-45,203456245901.0345,2385604634.533738,201070641266.50073
SHA,ccsm4_rcp60_r1i1p1,GCAM-ref,138576283379.01498,1001894007.6569663,137574389371.358
SHA,ccsm4_rcp60_r1i1p1,LUCAS-BAU_High-0001,64321501781.854256,242787280.5989085,64078714501.25534
SHA,ccsm4_rcp60_r1i1p1,LUCAS-BAU_High-0002,67455580169.233765,176792041.74828774,67278788127.48547
SHA,ccsm4_rcp85_r1i1p1,FORE-SCE-A1B,222383969916.12372,1496289012.0314171,220887680904.09232
SHA,ccsm4_rcp85_r1i1p1,FORE-SCE-A2,183065081235.2675,1221383000.0000265,181843698235.26752
SHA,ccsm4_rcp85_r1i1p1,FORE-SCE-B1,147647608350.40692,605330487.5047004,147042277862.90225
SHA,ccsm4_rcp85_r1i1p1,GCAM-26,482277801379.81384,2820345367.935013,479457456011.8789
SHA,ccsm4_rcp85_r1i1p1,GCAM-45,313301812070.97845,688797642.1757586,312613014428.80273
SHA,ccsm4_rcp85_r1i1p1,GCAM-ref,215583172653.2083,1348862250.0383282,214234310403.16995
SHA,ccsm4_rcp85_r1i1p1,LUCAS-BAU_High-0001,109436867421.43645,407525582.62362874,109029341838.81282
SHA,ccsm4_rcp85_r1i1p1,LUCAS-BAU_High-0002,114567255624.80664,407501517.26066977,114159754107.54599
SHA,cesm1-bgc_rcp45_r1i1p1,FORE-SCE-A1B,175748168439.06116,21385225774.441425,154362942664.61975
SHA,cesm1-bgc_rcp45_r1i1p1,FORE-SCE-A2,141566463077.36343,22079009386.410915,119487453690.95251
SHA,cesm1-bgc_rcp45_r1i1p1,FORE-SCE-B1,116464562708.22055,22765502323.688515,93699060384.53204
SHA,cesm1-bgc_rcp45_r1i1p1,GCAM-26,395266613980.063,20890982991.201305,374375630988.8616
SHA,cesm1-bgc_rcp45_r1i1p1,GCAM-45,254827395081.0617,20699736106.681442,234127658974.38028
SHA,cesm1-bgc_rcp45_r1i1p1,GCAM-ref,175758367423.15088,22549218448.554676,153209148974.59622
SHA,cesm1-bgc_rcp45_r1i1p1,LUCAS-BAU_High-0001,91159213791.85333,22350459401.20986,68808754390.64346
SHA,cesm1-bgc_rcp45_r1i1p1,LUCAS-BAU_High-0002,95062438242.4047,22307270648.429276,72755167593.97543
SHA,cesm1-bgc_rcp85_r1i1p1,FORE-SCE-A1B,195292659118.198,28302321908.675304,166990337209.52267
SHA,cesm1-bgc_rcp85_r1i1p1,FORE-SCE-A2,156311602424.8106,28340733180.37161,127970869244.43898
SHA,cesm1-bgc_rcp85_r1i1p1,FORE-SCE-B1,134415574086.67558,28455891267.356754,105959682819.31883
SHA,cesm1-bgc_rcp85_r1i1p1,GCAM-26,412326445095.06244,32496217802.663967,379830227292.3985
SHA,cesm1-bgc_rcp85_r1i1p1,GCAM-45,272968532059.90857,31113428693.549614,241855103366.359
SHA,cesm1-bgc_rcp85_r1i1p1,GCAM-ref,200274721943.98346,28323563344.327507,171951158599.65594
SHA,cesm1-bgc_rcp85_r1i1p1,LUCAS-BAU_High-0001,112611352117.09616,27930948748.495956,84680403368.6002
SHA,cesm1-bgc_rcp85_r1i1p1,LUCAS-BAU_High-0002,115074906524.59117,27894636820.299046,87180269704.29213
SHA,cesm1-cam5_rcp26_r1i1p1,FORE-SCE-A1B,116718175523.30827,4378760.42323478,116713796762.88506
SHA,cesm1-cam5_rcp26_r1i1p1,FORE-SCE-A2,93909766630.47858,7146045.892275288,93902620584.5863
SHA,cesm1-cam5_rcp26_r1i1p1,FORE-SCE-B1,69320031061.45125,9996148.597050343,69310034912.8542
SHA,cesm1-cam5_rcp26_r1i1p1,GCAM-26,307101470775.7991,394647495.6181991,306706823280.1809
SHA,cesm1-cam5_rcp26_r1i1p1,GCAM-45,182105741224.93582,146689.4043434877,182105594535.53146
SHA,cesm1-cam5_rcp26_r1i1p1,GCAM-ref,110613548313.27756,3997910.8597006416,110609550402.41786
SHA,cesm1-cam5_rcp26_r1i1p1,LUCAS-BAU_High-0001,48249173835.153824,34321105.50800862,48214852729.64581
SHA,cesm1-cam5_rcp26_r1i1p1,LUCAS-BAU_High-0002,50811682907.028625,47975751.04831631,50763707155.980316
SHA,cesm1-cam5_rcp45_r1i1p1,FORE-SCE-A1B,222245564986.53394,417730616.94557256,221827834369.58832
SHA,cesm1-cam5_rcp45_r1i1p1,FORE-SCE-A2,175641145224.7047,311049241.51862067,175330095983.1861
SHA,cesm1-cam5_rcp45_r1i1p1,FORE-SCE-B1,149475977746.31955,139926999.99998584,149336050746.31955
SHA,cesm1-cam5_rcp45_r1i1p1,GCAM-26,485049076917.29175,1741062829.4529989,483308014087.8388
SHA,cesm1-cam5_rcp45_r1i1p1,GCAM-45,316840607468.7775,1264697465.5448022,315575910003.2327
SHA,cesm1-cam5_rcp45_r1i1p1,GCAM-ref,229877077834.97803,416646390.56789017,229460431444.41016
SHA,cesm1-cam5_rcp45_r1i1p1,LUCAS-BAU_High-0001,118572038195.56224,139926999.99996695,118432111195.56227
SHA,cesm1-cam5_rcp45_r1i1p1,LUCAS-BAU_High-0002,124230679130.61923,139926999.9999917,124090752130.61923
SHA,cesm1-cam5_rcp60_r1i1p1,FORE-SCE-A1B,155053458774.20822,1706681498.7780235,153346777275.4302
SHA,cesm1-cam5_rcp60_r1i1p1,FORE-SCE-A2,123165687442.68109,1686850875.429563,121478836567.25153
SHA,cesm1-cam5_rcp60_r1i1p1,FORE-SCE-B1,97672494201.70152,1629593976.352729,96042900225.3488
SHA,cesm1-cam5_rcp60_r1i1p1,GCAM-26,365002273495.82623,4989812026.613921,360012461469.21234
SHA,cesm1-cam5_rcp60_r1i1p1,GCAM-45,231034271882.914,5411191084.409089,225623080798.5049
SHA,cesm1-cam5_rcp60_r1i1p1,GCAM-ref,155293533406.76993,1674685657.96007,153618847748.80988
SHA,cesm1-cam5_rcp60_r1i1p1,LUCAS-BAU_High-0001,74376952424.5245,168473559.84272435,74208478864.68178
SHA,cesm1-cam5_rcp60_r1i1p1,LUCAS-BAU_High-0002,78020599945.37715,167304512.51268968,77853295432.86446
SHA,cesm1-cam5_rcp85_r1i1p1,FORE-SCE-A1B,274044416740.49426,30354930120.768753,243689486619.72546
SHA,cesm1-cam5_rcp85_r1i1p1,FORE-SCE-A2,228796213875.40378,32427479447.039528,196368734428.36426
SHA,cesm1-cam5_rcp85_r1i1p1,FORE-SCE-B1,197922597957.47214,32856154001.219513,165066443956.25266
SHA,cesm1-cam5_rcp85_r1i1p1,GCAM-26,546221558924.0883,32394495453.898247,513827063470.19
SHA,cesm1-cam5_rcp85_r1i1p1,GCAM-45,371948292522.72614,30570348013.84611,341377944508.88007
SHA,cesm1-cam5_rcp85_r1i1p1,GCAM-ref,274023078441.39697,30543937387.96859,243479141053.42834
SHA,cesm1-cam5_rcp85_r1i1p1,LUCAS-BAU_High-0001,160115906467.5974,31579402911.40237,128536503556.19505
SHA,cesm1-cam5_rcp85_r1i1p1,LUCAS-BAU_High-0002,166403049494.11414,31587100590.213936,134815948903.90018
SHA,cmcc-cm_rcp45_r1i1p1,FORE-SCE-A1B,138700426804.94565,192663908.10259616,138507762896.84308
SHA,cmcc-cm_rcp45_r1i1p1,FORE-SCE-A2,107948363760.95273,211385721.82300267,107736978039.12973
SHA,cmcc-cm_rcp45_r1i1p1,FORE-SCE-B1,84896610384.24387,30237342.214386445,84866373042.02948
SHA,cmcc-cm_rcp45_r1i1p1,GCAM-26,346044390704.67865,1302388679.5681553,344742002025.1105
SHA,cmcc-cm_rcp45_r1i1p1,GCAM-45,210976860944.39032,1334304688.5696983,209642556255.82062
SHA,cmcc-cm_rcp45_r1i1p1,GCAM-ref,136997128067.93643,187410306.28209847,136809717761.65436
SHA,cmcc-cm_rcp45_r1i1p1,LUCAS-BAU_High-0001,62306424782.61439,30625198.101997375,62275799584.5124
SHA,cmcc-cm_rcp45_r1i1p1,LUCAS-BAU_High-0002,65720821332.82879,30438278.431895014,65690383054.396904
SHA,cmcc-cm_rcp85_r1i1p1,FORE-SCE-A1B,198187917740.72644,477644999.9999997,197710272740.72644
SHA,cmcc-cm_rcp85_r1i1p1,FORE-SCE-A2,167978213435.8048,499427845.51519,167478785590.2896
SHA,cmcc-cm_rcp85_r1i1p1,FORE-SCE-B1,136326152377.26205,2144049999.9999943,134182102377.26207
SHA,cmcc-cm_rcp85_r1i1p1,GCAM-26,435493135839.30634,3986322730.661491,431506813108.64496
SHA,cmcc-cm_rcp85_r1i1p1,GCAM-45,282619928217.46906,1070565817.6130062,281549362399.8561
SHA,cmcc-cm_rcp85_r1i1p1,GCAM-ref,194214590880.31833,2144049999.999968,192070540880.31833
SHA,cmcc-cm_rcp85_r1i1p1,LUCAS-BAU_High-0001,102414519205.56795,2146450702.8493462,100268068502.7186
SHA,cmcc-cm_rcp85_r1i1p1,LUCAS-BAU_High-0002,106800663340.3644,2144049999.9999986,104656613340.36438
SHA,cnrm-cm5_rcp45_r1i1p1,FORE-SCE-A1B,131140602488.55421,42581046700.01982,88559555788.53442
SHA,cnrm-cm5_rcp45_r1i1p1,FORE-SCE-A2,107487190828.44087,42508584635.51691,64978606192.92394
SHA,cnrm-cm5_rcp45_r1i1p1,FORE-SCE-B1,93164947020.15521,42742805217.746574,50422141802.408646
SHA,cnrm-cm5_rcp45_r1i1p1,GCAM-26,288435750983.1181,41653685204.584854,246782065778.53314
SHA,cnrm-cm5_rcp45_r1i1p1,GCAM-45,183981172819.43402,43106079430.80711,140875093388.62695
SHA,cnrm-cm5_rcp45_r1i1p1,GCAM-ref,133981013632.62177,42430056480.65476,91550957151.967
SHA,cnrm-cm5_rcp45_r1i1p1,LUCAS-BAU_High-0001,79564168410.0779,42519732283.45135,37044436126.626564
SHA,cnrm-cm5_rcp45_r1i1p1,LUCAS-BAU_High-0002,82070168039.00357,42473889179.232956,39596278859.77066
SHA,cnrm-cm5_rcp85_r1i1p1,FORE-SCE-A1B,165120196893.8741,37767393250.423546,127352803643.45059
SHA,cnrm-cm5_rcp85_r1i1p1,FORE-SCE-A2,142340741863.97684,37044390257.93566,105296351606.04118
SHA,cnrm-cm5_rcp85_r1i1p1,FORE-SCE-B1,119121543143.67007,36853174268.62378,82268368875.04626
SHA,cnrm-cm5_rcp85_r1i1p1,GCAM-26,352791117365.31995,40234911615.06021,312556205750.2597
SHA,cnrm-cm5_rcp85_r1i1p1,GCAM-45,229237556117.24875,38079922981.06727,191157633136.18146
SHA,cnrm-cm5_rcp85_r1i1p1,GCAM-ref,162221695420.1092,37839913574.33557,124381781845.77362
SHA,cnrm-cm5_rcp85_r1i1p1,LUCAS-BAU_High-0001,92567208734.30676,34317803877.5709,58249404856.73591
SHA,cnrm-cm5_rcp85_r1i1p1,LUCAS-BAU_High-0002,96554724076.41206,34594841236.89523,61959882839.51688
SHA,csiro-mk3-6-0_rcp26_r1i1p1,FORE-SCE-A1B,206845333506.9963,50473039.217626505,206794860467.7787
SHA,csiro-mk3-6-0_rcp26_r1i1p1,FORE-SCE-A2,163885265214.698,793424060.435877,163091841154.26212
SHA,csiro-mk3-6-0_rcp26_r1i1p1,FORE-SCE-B1,136781609421.7863,795808815.0414435,135985800606.74486
SHA,csiro-mk3-6-0_rcp26_r1i1p1,GCAM-26,459364126581.61487,44638734.260716595,459319487847.3542
SHA,csiro-mk3-6-0_rcp26_r1i1p1,GCAM-45,298073538061.7104,48488008.33565038,298025050053.37476
SHA,csiro-mk3-6-0_rcp26_r1i1p1,GCAM-ref,210482219126.55832,49883378.437878855,210432335748.12042
SHA,csiro-mk3-6-0_rcp26_r1i1p1,LUCAS-BAU_High-0001,107749040424.34647,52920057.96959129,107696120366.37689
SHA,csiro-mk3-6-0_rcp26_r1i1p1,LUCAS-BAU_High-0002,113106623700.5565,52708786.54802218,113053914914.00847
SHA,csiro-mk3-6-0_rcp45_r1i1p1,FORE-SCE-A1B,199385948821.4487,29468247.587724183,199356480573.86096
SHA,csiro-mk3-6-0_rcp45_r1i1p1,FORE-SCE-A2,160723444141.7579,28266300.55521673,160695177841.20267
SHA,csiro-mk3-6-0_rcp45_r1i1p1,FORE-SCE-B1,128451862185.44597,49539861.33726576,128402322324.1087
SHA,csiro-mk3-6-0_rcp45_r1i1p1,GCAM-26,462785035142.9848,3000822230.076806,459784212912.90796
SHA,csiro-mk3-6-0_rcp45_r1i1p1,GCAM-45,294971926681.9529,12100254.580902401,294959826427.37195
SHA,csiro-mk3-6-0_rcp45_r1i1p1,GCAM-ref,198886603891.68457,47976436.02405151,198838627455.66052
SHA,csiro-mk3-6-0_rcp45_r1i1p1,LUCAS-BAU_High-0001,96567235977.41138,0.0,96567235977.41138
SHA,csiro-mk3-6-0_rcp45_r1i1p1,LUCAS-BAU_High-0002,101264791873.8609,0.0,101264791873.8609
SHA,csiro-mk3-6-0_rcp60_r1i1p1,FORE-SCE-A1B,155507081902.82092,1133625.2358654747,155505948277.58505
SHA,csiro-mk3-6-0_rcp60_r1i1p1,FORE-SCE-A2,124783081450.52454,132637181.12802744,124650444269.39651
SHA,csiro-mk3-6-0_rcp60_r1i1p1,FORE-SCE-B1,97563748607.98062,139674637.7709118,97424073970.20972
SHA,csiro-mk3-6-0_rcp60_r1i1p1,GCAM-26,371495885601.07935,9233220.049279043,371486652381.0301
SHA,csiro-mk3-6-0_rcp60_r1i1p1,GCAM-45,232490828321.96796,0.0,232490828321.96796
SHA,csiro-mk3-6-0_rcp60_r1i1p1,GCAM-ref,152164651936.42688,68438371.95507804,152096213564.4718
SHA,csiro-mk3-6-0_rcp60_r1i1p1,LUCAS-BAU_High-0001,72166301023.86012,145368835.99513823,72020932187.86499
SHA,csiro-mk3-6-0_rcp60_r1i1p1,LUCAS-BAU_High-0002,75782655009.8743,137290819.58666503,75645364190.28763
SHA,csiro-mk3-6-0_rcp85_r1i1p1,FORE-SCE-A1B,248027861340.16504,6886441432.361292,241141419907.80374
SHA,csiro-mk3-6-0_rcp85_r1i1p1,FORE-SCE-A2,198154415843.67233,6346549407.821802,191807866435.85056
SHA,csiro-mk3-6-0_rcp85_r1i1p1,FORE-SCE-B1,166370105020.7647,6335708195.6940565,160034396825.07068
SHA,csiro-mk3-6-0_rcp85_r1i1p1,GCAM-26,533759556630.86346,7740987372.697791,526018569258.1657
SHA,csiro-mk3-6-0_rcp85_r1i1p1,GCAM-45,352621336819.94165,6907228091.209222,345714108728.73254
SHA,csiro-mk3-6-0_rcp85_r1i1p1,GCAM-ref,252299127270.50732,6751788873.184563,245547338397.32275
SHA,csiro-mk3-6-0_rcp85_r1i1p1,LUCAS-BAU_High-0001,130291918942.91216,6325886292.161941,123966032650.7502
SHA,csiro-mk3-6-0_rcp85_r1i1p1,LUCAS-BAU_High-0002,136335943526.46461,6411192334.673218,129924751191.79141
SHA,fgoals-g2_rcp26_r1i1p1,FORE-SCE-A1B,116134388258.67543,111197000.0000234,116023191258.67543
SHA,fgoals-g2_rcp26_r1i1p1,FORE-SCE-A2,86573519802.66075,245809798.0531238,86327710004.60765
SHA,fgoals-g2_rcp26_r1i1p1,FORE-SCE-B1,72749827644.1042,925155999.9999983,71824671644.1042
SHA,fgoals-g2_rcp26_r1i1p1,GCAM-26,296528250148.9193,8647042728.294306,287881207420.62506
SHA,fgoals-g2_rcp26_r1i1p1,GCAM-45,177841101489.66522,438971073.9302624,177402130415.73495
SHA,fgoals-g2_rcp26_r1i1p1,GCAM-ref,120124171589.81186,0.0,120124171589.81186
SHA,fgoals-g2_rcp26_r1i1p1,LUCAS-BAU_High-0001,55790200994.5768,982585146.399893,54807615848.1769
SHA,fgoals-g2_rcp26_r1i1p1,LUCAS-BAU_High-0002,58824510156.09367,925155999.9999954,57899354156.09367
