res,clim,lulc,J_truelookup,J_truelookup_flood,J_truelookup_short
BUL,access1-0_rcp45_r1i1p1,FORE-SCE-A1B,12601907684.628466,773251777.0709041,11828655907.557562
BUL,access1-0_rcp45_r1i1p1,FORE-SCE-A2,10842703029.459684,768326740.2978134,10074376289.161875
BUL,access1-0_rcp45_r1i1p1,FORE-SCE-B1,10488935881.262028,1303592116.6902359,9185343764.571789
BUL,access1-0_rcp45_r1i1p1,GCAM-26,22816894954.421307,1421849749.788476,21395045204.632835
BUL,access1-0_rcp45_r1i1p1,GCAM-45,16128042721.891151,586738576.9024426,15541304144.988708
BUL,access1-0_rcp45_r1i1p1,GCAM-ref,12779319126.291702,774787607.0800995,12004531519.211603
BUL,access1-0_rcp45_r1i1p1,LUCAS-BAU_High-0001,9300350728.42013,1767009065.321136,7533341663.098998
BUL,access1-0_rcp45_r1i1p1,LUCAS-BAU_High-0002,9683547466.626839,1696438527.963702,7987108938.6631365
BUL,access1-0_rcp85_r1i1p1,FORE-SCE-A1B,29428782253.724277,11007853111.254608,18420929142.469685
BUL,access1-0_rcp85_r1i1p1,FORE-SCE-A2,27380459958.39554,10874212179.577204,16506247778.818336
BUL,access1-0_rcp85_r1i1p1,FORE-SCE-B1,25011601125.187057,9419653334.530561,15591947790.656494
BUL,access1-0_rcp85_r1i1p1,GCAM-26,37483924856.31423,4106897281.343539,33377027574.9707
BUL,access1-0_rcp85_r1i1p1,GCAM-45,32681596649.544914,8105258209.5855665,24576338439.95935
BUL,access1-0_rcp85_r1i1p1,GCAM-ref,29719155855.006676,11039744024.327515,18679411830.679165
BUL,access1-0_rcp85_r1i1p1,LUCAS-BAU_High-0001,22301181700.43525,9647463929.407444,12653717771.027805
BUL,access1-0_rcp85_r1i1p1,LUCAS-BAU_High-0002,22804801286.954582,9558316221.410036,13246485065.544558
BUL,bcc-csm1-1-m_rcp45_r1i1p1,FORE-SCE-A1B,41513178258.681786,29772477987.218796,11740700271.462984
BUL,bcc-csm1-1-m_rcp45_r1i1p1,FORE-SCE-A2,36425840253.11669,26552137930.645714,9873702322.470957
BUL,bcc-csm1-1-m_rcp45_r1i1p1,FORE-SCE-B1,38654994506.12682,29376929068.43854,9278065437.688278
BUL,bcc-csm1-1-m_rcp45_r1i1p1,GCAM-26,53421760677.70421,32024739411.74919,21397021265.95502
BUL,bcc-csm1-1-m_rcp45_r1i1p1,GCAM-45,48522885904.65062,32843426334.280624,15679459570.369984
BUL,bcc-csm1-1-m_rcp45_r1i1p1,GCAM-ref,45259827659.91071,33570801261.578938,11689026398.331774
BUL,bcc-csm1-1-m_rcp45_r1i1p1,LUCAS-BAU_High-0001,34671835260.59237,27003224087.35263,7668611173.239729
BUL,bcc-csm1-1-m_rcp45_r1i1p1,LUCAS-BAU_High-0002,33998863568.52529,26013258126.381622,7985605442.143665
BUL,bcc-csm1-1-m_rcp85_r1i1p1,FORE-SCE-A1B,63108070788.7212,40683768578.37163,22424302210.349586
BUL,bcc-csm1-1-m_rcp85_r1i1p1,FORE-SCE-A2,60321632603.37273,40660552534.92774,19661080068.44498
BUL,bcc-csm1-1-m_rcp85_r1i1p1,FORE-SCE-B1,58629527063.66817,40740423581.13962,17889103482.52857
BUL,bcc-csm1-1-m_rcp85_r1i1p1,GCAM-26,82381316286.76181,44962642281.855965,37418674004.90584
BUL,bcc-csm1-1-m_rcp85_r1i1p1,GCAM-45,69125846907.27966,40892296574.37883,28233550332.90082
BUL,bcc-csm1-1-m_rcp85_r1i1p1,GCAM-ref,63428057171.21338,40686937987.07294,22741119184.140434
BUL,bcc-csm1-1-m_rcp85_r1i1p1,LUCAS-BAU_High-0001,56115634103.15925,40723464348.54349,15392169754.615734
BUL,bcc-csm1-1-m_rcp85_r1i1p1,LUCAS-BAU_High-0002,56467947790.40142,40687578028.27296,15780369762.12845
BUL,bcc-csm1-1_rcp26_r1i1p1,FORE-SCE-A1B,32979697215.02579,18208856945.799892,14770840269.225906
BUL,bcc-csm1-1_rcp26_r1i1p1,FORE-SCE-A2,32391140334.796474,19907358809.151367,12483781525.6451
BUL,bcc-csm1-1_rcp26_r1i1p1,FORE-SCE-B1,30338554226.31751,19447384458.61619,10891169767.701311
BUL,bcc-csm1-1_rcp26_r1i1p1,GCAM-26,50760342331.037636,24304651635.606472,26455690695.431187
BUL,bcc-csm1-1_rcp26_r1i1p1,GCAM-45,42546625063.03852,22970193270.30603,19576431792.732487
BUL,bcc-csm1-1_rcp26_r1i1p1,GCAM-ref,32767301931.66001,17838712383.61533,14928589548.044672
BUL,bcc-csm1-1_rcp26_r1i1p1,LUCAS-BAU_High-0001,28743091612.839012,19375282406.830845,9367809206.008175
BUL,bcc-csm1-1_rcp26_r1i1p1,LUCAS-BAU_High-0002,29006531452.020607,19354148920.687958,9652382531.332651
BUL,bcc-csm1-1_rcp45_r1i1p1,FORE-SCE-A1B,27996865053.314697,12231146462.971386,15765718590.34331
BUL,bcc-csm1-1_rcp45_r1i1p1,FORE-SCE-A2,23113105647.276283,9120003129.724113,13993102517.55218
BUL,bcc-csm1-1_rcp45_r1i1p1,FORE-SCE-B1,21212680242.871532,8832760196.757824,12379920046.113718
BUL,bcc-csm1-1_rcp45_r1i1p1,GCAM-26,45719736366.60664,19027680504.612804,26692055861.993824
BUL,bcc-csm1-1_rcp45_r1i1p1,GCAM-45,34993542835.948906,15396709351.273077,19596833484.675842
BUL,bcc-csm1-1_rcp45_r1i1p1,GCAM-ref,30904109963.19925,15385730961.39773,15518379001.801517
BUL,bcc-csm1-1_rcp45_r1i1p1,LUCAS-BAU_High-0001,22148149813.6877,11695834351.540207,10452315462.147497
BUL,bcc-csm1-1_rcp45_r1i1p1,LUCAS-BAU_High-0002,22398426025.737488,11671556446.50346,10726869579.234015
BUL,bcc-csm1-1_rcp60_r1i1p1,FORE-SCE-A1B,27440921182.729504,12636504900.386492,14804416282.343037
BUL,bcc-csm1-1_rcp60_r1i1p1,FORE-SCE-A2,25392929225.9273,12451026588.309992,12941902637.617304
BUL,bcc-csm1-1_rcp60_r1i1p1,FORE-SCE-B1,24467856069.090908,12448827376.154163,12019028692.936745
BUL,bcc-csm1-1_rcp60_r1i1p1,GCAM-26,38442990480.71473,12937977936.30976,25505012544.40499
BUL,bcc-csm1-1_rcp60_r1i1p1,GCAM-45,32423064751.04088,13561408736.750374,18861656014.290512
BUL,bcc-csm1-1_rcp60_r1i1p1,GCAM-ref,28212691525.889824,13382894131.370106,14829797394.519716
BUL,bcc-csm1-1_rcp60_r1i1p1,LUCAS-BAU_High-0001,21862561479.51607,11419076554.657948,10443484924.858128
BUL,bcc-csm1-1_rcp60_r1i1p1,LUCAS-BAU_High-0002,22079712615.595455,11361433503.60155,10718279111.993916
BUL,bcc-csm1-1_rcp85_r1i1p1,FORE-SCE-A1B,122808386456.78415,102650501059.53804,20157885397.24611
BUL,bcc-csm1-1_rcp85_r1i1p1,FORE-SCE-A2,120308050837.5072,102850676183.83733,17457374653.66988
BUL,bcc-csm1-1_rcp85_r1i1p1,FORE-SCE-B1,114596074194.98381,98797283810.28789,15798790384.6959
BUL,bcc-csm1-1_rcp85_r1i1p1,GCAM-26,136573270551.08904,102205911220.3878,34367359330.701164
BUL,bcc-csm1-1_rcp85_r1i1p1,GCAM-45,128806520204.82306,102853726532.95358,25952793671.869488
BUL,bcc-csm1-1_rcp85_r1i1p1,GCAM-ref,122773362240.15036,102658925768.45227,20114436471.698086
BUL,bcc-csm1-1_rcp85_r1i1p1,LUCAS-BAU_High-0001,112883080547.77878,99454819577.02747,13428260970.75129
BUL,bcc-csm1-1_rcp85_r1i1p1,LUCAS-BAU_High-0002,113154609596.49628,99351783597.25754,13802825999.238716
BUL,canesm2_rcp26_r1i1p1,FORE-SCE-A1B,137112969940.47981,117438411537.19504,19674558403.284744
BUL,canesm2_rcp26_r1i1p1,FORE-SCE-A2,134287893452.21152,117417161011.03378,16870732441.17771
BUL,canesm2_rcp26_r1i1p1,FORE-SCE-B1,129705678096.6297,114134902288.8779,15570775807.751806
BUL,canesm2_rcp26_r1i1p1,GCAM-26,148261772289.34775,115699194991.31367,32562577298.034107
BUL,canesm2_rcp26_r1i1p1,GCAM-45,140324239421.15707,115356679102.14415,24967560319.01291
BUL,canesm2_rcp26_r1i1p1,GCAM-ref,137208959734.15436,117368489971.2215,19840469762.93287
BUL,canesm2_rcp26_r1i1p1,LUCAS-BAU_High-0001,130319846032.5342,116711947313.59273,13607898718.941463
BUL,canesm2_rcp26_r1i1p1,LUCAS-BAU_High-0002,128120806738.79546,114132974445.00224,13987832293.793184
BUL,canesm2_rcp45_r1i1p1,FORE-SCE-A1B,132358723201.10863,105960357797.70796,26398365403.400642
BUL,canesm2_rcp45_r1i1p1,FORE-SCE-A2,129328710742.06831,106055907018.79953,23272803723.268784
BUL,canesm2_rcp45_r1i1p1,FORE-SCE-B1,126907178975.81712,106025391177.44524,20881787798.37189
BUL,canesm2_rcp45_r1i1p1,GCAM-26,148164186803.9745,107415645186.69316,40748541617.28129
BUL,canesm2_rcp45_r1i1p1,GCAM-45,138184370679.981,106390768234.9462,31793602445.03478
BUL,canesm2_rcp45_r1i1p1,GCAM-ref,132238991278.14037,105961448812.8592,26277542465.281143
BUL,canesm2_rcp45_r1i1p1,LUCAS-BAU_High-0001,124332617910.46997,106000683731.13417,18331934179.335804
BUL,canesm2_rcp45_r1i1p1,LUCAS-BAU_High-0002,124796204344.73497,106053515812.25522,18742688532.47975
BUL,canesm2_rcp85_r1i1p1,FORE-SCE-A1B,478703953560.05743,443796552468.18713,34907401091.87024
BUL,canesm2_rcp85_r1i1p1,FORE-SCE-A2,473918896248.6244,441966951351.4942,31951944897.130295
BUL,canesm2_rcp85_r1i1p1,FORE-SCE-B1,474707259084.7469,442012503685.84894,32694755398.897865
BUL,canesm2_rcp85_r1i1p1,GCAM-26,500490916783.25494,448061681113.57605,52429235669.678856
BUL,canesm2_rcp85_r1i1p1,GCAM-45,486630569797.10565,444256784236.0002,42373785561.10563
BUL,canesm2_rcp85_r1i1p1,GCAM-ref,478374150502.17615,443597640478.7649,34776510023.41128
BUL,canesm2_rcp85_r1i1p1,LUCAS-BAU_High-0001,469980815616.2506,441748893114.45044,28231922501.800137
BUL,canesm2_rcp85_r1i1p1,LUCAS-BAU_High-0002,470648056999.1582,441744532041.4315,28903524957.72665
BUL,ccsm4_rcp26_r1i1p1,FORE-SCE-A1B,56309725515.291756,44445770381.42116,11863955133.870604
BUL,ccsm4_rcp26_r1i1p1,FORE-SCE-A2,54508452515.05356,44185656744.62422,10322795770.42933
BUL,ccsm4_rcp26_r1i1p1,FORE-SCE-B1,48250265506.32418,38730816794.38773,9519448711.936436
BUL,ccsm4_rcp26_r1i1p1,GCAM-26,62776506148.833496,41332452037.753624,21444054111.079895
BUL,ccsm4_rcp26_r1i1p1,GCAM-45,57374015714.446045,41781890373.641426,15592125340.804613
BUL,ccsm4_rcp26_r1i1p1,GCAM-ref,56501861124.34157,44456330989.35916,12045530134.982414
BUL,ccsm4_rcp26_r1i1p1,LUCAS-BAU_High-0001,46826749312.19481,38729853520.31179,8096895791.883009
BUL,ccsm4_rcp26_r1i1p1,LUCAS-BAU_High-0002,47184640430.34633,38733413136.62996,8451227293.716355
BUL,ccsm4_rcp45_r1i1p1,FORE-SCE-A1B,33431439890.28764,15987238652.159962,17444201238.127678
BUL,ccsm4_rcp45_r1i1p1,FORE-SCE-A2,32450208811.53983,17555956938.546616,14894251872.993223
BUL,ccsm4_rcp45_r1i1p1,FORE-SCE-B1,32516371673.431934,18838915672.07307,13677456001.358871
BUL,ccsm4_rcp45_r1i1p1,GCAM-26,46579212388.219604,16605807006.304104,29973405381.91548
BUL,ccsm4_rcp45_r1i1p1,GCAM-45,38858966232.45493,16099107740.67188,22759858491.78305
BUL,ccsm4_rcp45_r1i1p1,GCAM-ref,34186258787.41308,16033798571.956068,18152460215.457005
BUL,ccsm4_rcp45_r1i1p1,LUCAS-BAU_High-0001,30895126162.07379,18846881156.07078,12048245006.003016
BUL,ccsm4_rcp45_r1i1p1,LUCAS-BAU_High-0002,31279109112.670612,18863685646.709686,12415423465.960918
BUL,ccsm4_rcp60_r1i1p1,FORE-SCE-A1B,72726067214.65152,53279968891.17023,19446098323.48129
BUL,ccsm4_rcp60_r1i1p1,FORE-SCE-A2,70198752026.3567,53062798156.49435,17135953869.862358
BUL,ccsm4_rcp60_r1i1p1,FORE-SCE-B1,69253633981.74338,53652987355.31686,15600646626.426542
BUL,ccsm4_rcp60_r1i1p1,GCAM-26,86266265659.18571,55647144289.02192,30619121370.163788
BUL,ccsm4_rcp60_r1i1p1,GCAM-45,80246274498.53516,55904726146.19477,24341548352.340378
BUL,ccsm4_rcp60_r1i1p1,GCAM-ref,77435298462.8369,57810088172.059586,19625210290.777325
BUL,ccsm4_rcp60_r1i1p1,LUCAS-BAU_High-0001,65499375147.62295,51683091000.750275,13816284146.872679
BUL,ccsm4_rcp60_r1i1p1,LUCAS-BAU_High-0002,65845801515.27489,51695045357.62041,14150756157.654474
BUL,ccsm4_rcp85_r1i1p1,FORE-SCE-A1B,98329382791.19168,73975831290.86888,24353551500.32277
BUL,ccsm4_rcp85_r1i1p1,FORE-SCE-A2,96994442985.953,76006361924.93858,20988081061.014378
BUL,ccsm4_rcp85_r1i1p1,FORE-SCE-B1,94843161493.93927,76106932713.02213,18736228780.917126
BUL,ccsm4_rcp85_r1i1p1,GCAM-26,115682216205.85954,77792186847.61095,37890029358.248634
BUL,ccsm4_rcp85_r1i1p1,GCAM-45,109035833639.04562,79384409011.22874,29651424627.8169
BUL,ccsm4_rcp85_r1i1p1,GCAM-ref,100651604080.50896,76742509093.94736,23909094986.561615
BUL,ccsm4_rcp85_r1i1p1,LUCAS-BAU_High-0001,91235577904.55843,75055136344.71664,16180441559.841745
BUL,ccsm4_rcp85_r1i1p1,LUCAS-BAU_High-0002,91744446203.50793,75163791790.16443,16580654413.3435
BUL,cesm1-bgc_rcp45_r1i1p1,FORE-SCE-A1B,84863227910.93854,67648203322.230545,17215024588.707977
BUL,cesm1-bgc_rcp45_r1i1p1,FORE-SCE-A2,86427648856.00435,71460599958.558,14967048897.446352
BUL,cesm1-bgc_rcp45_r1i1p1,FORE-SCE-B1,83219467573.9005,69773808830.2036,13445658743.696917
BUL,cesm1-bgc_rcp45_r1i1p1,GCAM-26,97655515245.51633,69296848331.99535,28358666913.520996
BUL,cesm1-bgc_rcp45_r1i1p1,GCAM-45,89198535094.03549,67380970856.54572,21817564237.48977
BUL,cesm1-bgc_rcp45_r1i1p1,GCAM-ref,83444225498.78754,65864991561.56053,17579233937.226967
BUL,cesm1-bgc_rcp45_r1i1p1,LUCAS-BAU_High-0001,80981653544.62505,69414703059.10165,11566950485.523375
BUL,cesm1-bgc_rcp45_r1i1p1,LUCAS-BAU_High-0002,81274256679.4901,69407026385.7383,11867230293.751745
BUL,cesm1-bgc_rcp85_r1i1p1,FORE-SCE-A1B,77685974380.56645,57702978413.71377,19982995966.852665
BUL,cesm1-bgc_rcp85_r1i1p1,FORE-SCE-A2,75093412489.87636,57813439544.2537,17279972945.622654
BUL,cesm1-bgc_rcp85_r1i1p1,FORE-SCE-B1,73076294041.48618,56740842590.48887,16335451450.997295
BUL,cesm1-bgc_rcp85_r1i1p1,GCAM-26,101191858650.3107,68627833083.31734,32564025566.993404
BUL,cesm1-bgc_rcp85_r1i1p1,GCAM-45,87091816889.92659,62444675828.775345,24647141061.151237
BUL,cesm1-bgc_rcp85_r1i1p1,GCAM-ref,80263148956.8236,59487466199.02938,20775682757.7942
BUL,cesm1-bgc_rcp85_r1i1p1,LUCAS-BAU_High-0001,70840473254.07564,56714826281.524284,14125646972.551353
BUL,cesm1-bgc_rcp85_r1i1p1,LUCAS-BAU_High-0002,71204083546.84683,56705406279.12566,14498677267.721199
BUL,cesm1-cam5_rcp26_r1i1p1,FORE-SCE-A1B,35071030002.9996,22735171096.132614,12335858906.866997
BUL,cesm1-cam5_rcp26_r1i1p1,FORE-SCE-A2,33616454609.350735,23068426720.10641,10548027889.244328
BUL,cesm1-cam5_rcp26_r1i1p1,FORE-SCE-B1,32464970516.471844,22869187657.77588,9595782858.695957
BUL,cesm1-cam5_rcp26_r1i1p1,GCAM-26,41337775319.46166,19951125124.5859,21386650194.875774
BUL,cesm1-cam5_rcp26_r1i1p1,GCAM-45,37991652623.473495,22427739069.960464,15563913553.513016
BUL,cesm1-cam5_rcp26_r1i1p1,GCAM-ref,34055690135.687157,21703431192.85409,12352258942.833061
BUL,cesm1-cam5_rcp26_r1i1p1,LUCAS-BAU_High-0001,31220634999.615856,23054172730.129803,8166462269.486051
BUL,cesm1-cam5_rcp26_r1i1p1,LUCAS-BAU_High-0002,31460286295.429974,23060045557.2871,8400240738.14286
BUL,cesm1-cam5_rcp45_r1i1p1,FORE-SCE-A1B,61245525842.72895,43813920417.1564,17431605425.572533
BUL,cesm1-cam5_rcp45_r1i1p1,FORE-SCE-A2,58045481106.663536,43321211219.90485,14724269886.758684
BUL,cesm1-cam5_rcp45_r1i1p1,FORE-SCE-B1,52272250635.83669,38073320326.04355,14198930309.79314
BUL,cesm1-cam5_rcp45_r1i1p1,GCAM-26,74344996191.86264,43283623016.83669,31061373175.025944
BUL,cesm1-cam5_rcp45_r1i1p1,GCAM-45,66506515552.07545,43710775390.80985,22795740161.26563
BUL,cesm1-cam5_rcp45_r1i1p1,GCAM-ref,61851620257.924164,43826927920.073616,18024692337.850525
BUL,cesm1-cam5_rcp45_r1i1p1,LUCAS-BAU_High-0001,48491502540.21729,36395147987.69987,12096354552.517431
BUL,cesm1-cam5_rcp45_r1i1p1,LUCAS-BAU_High-0002,50623416663.042145,38172510776.57293,12450905886.469217
BUL,cesm1-cam5_rcp60_r1i1p1,FORE-SCE-A1B,26764976134.56452,6480565540.185229,20284410594.379303
BUL,cesm1-cam5_rcp60_r1i1p1,FORE-SCE-A2,25611433744.294468,7545812616.92523,18065621127.36924
BUL,cesm1-cam5_rcp60_r1i1p1,FORE-SCE-B1,24820836688.51255,9083673800.397411,15737162888.115143
BUL,cesm1-cam5_rcp60_r1i1p1,GCAM-26,39874149049.42934,7373974022.0114,32500175027.417927
BUL,cesm1-cam5_rcp60_r1i1p1,GCAM-45,31964510878.038456,7073802220.351564,24890708657.686893
BUL,cesm1-cam5_rcp60_r1i1p1,GCAM-ref,26470527027.931355,6474653498.830571,19995873529.10078
BUL,cesm1-cam5_rcp60_r1i1p1,LUCAS-BAU_High-0001,22821267008.69623,9137081214.813156,13684185793.883076
BUL,cesm1-cam5_rcp60_r1i1p1,LUCAS-BAU_High-0002,23012368420.414337,9005222117.858364,14007146302.555971
BUL,cesm1-cam5_rcp85_r1i1p1,FORE-SCE-A1B,135627235186.56529,110676875998.36673,24950359188.198536
BUL,cesm1-cam5_rcp85_r1i1p1,FORE-SCE-A2,132838995462.28116,110682637645.67828,22156357816.602875
BUL,cesm1-cam5_rcp85_r1i1p1,FORE-SCE-B1,131466856113.11853,111456972738.78197,20009883374.33659
BUL,cesm1-cam5_rcp85_r1i1p1,GCAM-26,150694002320.99863,110383335960.95044,40310666360.04817
BUL,cesm1-cam5_rcp85_r1i1p1,GCAM-45,141254260432.92697,110485542220.49771,30768718212.429295
BUL,cesm1-cam5_rcp85_r1i1p1,GCAM-ref,135658971220.03708,110826117527.2096,24832853692.82739
BUL,cesm1-cam5_rcp85_r1i1p1,LUCAS-BAU_High-0001,128680381799.39853,111498119713.27145,17182262086.127068
BUL,cesm1-cam5_rcp85_r1i1p1,LUCAS-BAU_High-0002,129339078615.61848,111750068461.97893,17589010153.639572
BUL,cmcc-cm_rcp45_r1i1p1,FORE-SCE-A1B,31846007362.202507,20422235596.39585,11423771765.806644
BUL,cmcc-cm_rcp45_r1i1p1,FORE-SCE-A2,32098029343.90423,22508852196.29652,9589177147.607704
BUL,cmcc-cm_rcp45_r1i1p1,FORE-SCE-B1,30375874194.24888,21909887909.348095,8465986284.900791
BUL,cmcc-cm_rcp45_r1i1p1,GCAM-26,41931812343.09211,20343549513.94377,21588262829.14836
BUL,cmcc-cm_rcp45_r1i1p1,GCAM-45,34674926709.92985,19331889707.816425,15343037002.11342
BUL,cmcc-cm_rcp45_r1i1p1,GCAM-ref,31816300473.71506,20358671606.494328,11457628867.220736
BUL,cmcc-cm_rcp45_r1i1p1,LUCAS-BAU_High-0001,28540988843.709606,21537456644.628788,7003532199.080816
BUL,cmcc-cm_rcp45_r1i1p1,LUCAS-BAU_High-0002,29269060904.641075,22036550618.40336,7232510286.237703
BUL,cmcc-cm_rcp85_r1i1p1,FORE-SCE-A1B,29798656705.260887,11361754907.65997,18436901797.60091
BUL,cmcc-cm_rcp85_r1i1p1,FORE-SCE-A2,26837276983.182068,10502768415.458807,16334508567.723259
BUL,cmcc-cm_rcp85_r1i1p1,FORE-SCE-B1,25366349292.27207,10221580565.48346,15144768726.788612
BUL,cmcc-cm_rcp85_r1i1p1,GCAM-26,46774706337.10719,13597029278.325085,33177677058.782116
BUL,cmcc-cm_rcp85_r1i1p1,GCAM-45,34677065883.66691,10547380706.972988,24129685176.693924
BUL,cmcc-cm_rcp85_r1i1p1,GCAM-ref,29565352433.951714,11670615248.328741,17894737185.622967
BUL,cmcc-cm_rcp85_r1i1p1,LUCAS-BAU_High-0001,21286331594.551712,9028625269.963371,12257706324.588337
BUL,cmcc-cm_rcp85_r1i1p1,LUCAS-BAU_High-0002,21622356646.704205,8935793716.998842,12686562929.70536
BUL,cnrm-cm5_rcp45_r1i1p1,FORE-SCE-A1B,112052490844.42824,90558319056.14192,21494171788.2864
BUL,cnrm-cm5_rcp45_r1i1p1,FORE-SCE-A2,109231544960.86938,90410191536.21051,18821353424.65893
BUL,cnrm-cm5_rcp45_r1i1p1,FORE-SCE-B1,107532139604.22157,90491577536.2061,17040562068.01543
BUL,cnrm-cm5_rcp45_r1i1p1,GCAM-26,128865130992.00691,95471514176.03236,33393616815.97454
BUL,cnrm-cm5_rcp45_r1i1p1,GCAM-45,116586119677.38614,90365447431.96243,26220672245.423695
BUL,cnrm-cm5_rcp45_r1i1p1,GCAM-ref,112388470116.30858,90545323699.51689,21843146416.791695
BUL,cnrm-cm5_rcp45_r1i1p1,LUCAS-BAU_High-0001,105511003920.2967,90428991566.29834,15082012353.998365
BUL,cnrm-cm5_rcp45_r1i1p1,LUCAS-BAU_High-0002,105973083280.52162,90514697094.40448,15458386186.117107
BUL,cnrm-cm5_rcp85_r1i1p1,FORE-SCE-A1B,289791937028.69684,261740588849.2283,28051348179.46853
BUL,cnrm-cm5_rcp85_r1i1p1,FORE-SCE-A2,286616234315.8854,261879446839.63568,24736787476.249874
BUL,cnrm-cm5_rcp85_r1i1p1,FORE-SCE-B1,284205793802.0225,261642409196.69067,22563384605.331932
BUL,cnrm-cm5_rcp85_r1i1p1,GCAM-26,305367497932.8947,261629879744.97318,43737618187.921555
BUL,cnrm-cm5_rcp85_r1i1p1,GCAM-45,295619310713.9239,261610836861.6667,34008473852.257397
BUL,cnrm-cm5_rcp85_r1i1p1,GCAM-ref,289899360733.1076,261512885375.523,28386475357.584602
BUL,cnrm-cm5_rcp85_r1i1p1,LUCAS-BAU_High-0001,281230995098.4165,261496939810.88336,19734055287.533257
BUL,cnrm-cm5_rcp85_r1i1p1,LUCAS-BAU_High-0002,281725766270.8158,261506831215.64255,20218935055.17324
BUL,csiro-mk3-6-0_rcp26_r1i1p1,FORE-SCE-A1B,46444501256.68639,27990788992.85083,18453712263.835552
BUL,csiro-mk3-6-0_rcp26_r1i1p1,FORE-SCE-A2,42642033912.29132,26791175421.123135,15850858491.168179
BUL,csiro-mk3-6-0_rcp26_r1i1p1,FORE-SCE-B1,41262184471.74557,26793088060.47098,14469096411.274595
BUL,csiro-mk3-6-0_rcp26_r1i1p1,GCAM-26,60930000005.856636,29766013120.93827,31163986884.918365
BUL,csiro-mk3-6-0_rcp26_r1i1p1,GCAM-45,50915305501.5309,27649155961.074574,23266149540.45633
BUL,csiro-mk3-6-0_rcp26_r1i1p1,GCAM-ref,46552836092.31244,27829963885.578857,18722872206.733593
BUL,csiro-mk3-6-0_rcp26_r1i1p1,LUCAS-BAU_High-0001,39119520109.73731,26372887205.692455,12746632904.044857
BUL,csiro-mk3-6-0_rcp26_r1i1p1,LUCAS-BAU_High-0002,39831174199.47223,26727120029.928352,13104054169.543869
BUL,csiro-mk3-6-0_rcp45_r1i1p1,FORE-SCE-A1B,31313702658.27131,11769941277.998299,19543761380.273018
BUL,csiro-mk3-6-0_rcp45_r1i1p1,FORE-SCE-A2,26030461060.978245,8465610351.733328,17564850709.24493
BUL,csiro-mk3-6-0_rcp45_r1i1p1,FORE-SCE-B1,24911875222.49457,8468075028.458233,16443800194.03634
BUL,csiro-mk3-6-0_rcp45_r1i1p1,GCAM-26,47870462810.08461,14032652847.740162,33837809962.344463
BUL,csiro-mk3-6-0_rcp45_r1i1p1,GCAM-45,36392116908.21755,11179724697.258709,25212392210.95884
BUL,csiro-mk3-6-0_rcp45_r1i1p1,GCAM-ref,31094905730.40346,11745721929.982159,19349183800.421295
BUL,csiro-mk3-6-0_rcp45_r1i1p1,LUCAS-BAU_High-0001,21428102637.137756,7584226653.576938,13843875983.560822
BUL,csiro-mk3-6-0_rcp45_r1i1p1,LUCAS-BAU_High-0002,22777368241.595192,8479359592.943584,14298008648.651615
BUL,csiro-mk3-6-0_rcp60_r1i1p1,FORE-SCE-A1B,41639972255.24173,27998547816.98697,13641424438.254772
BUL,csiro-mk3-6-0_rcp60_r1i1p1,FORE-SCE-A2,39401599611.30431,27930341503.119446,11471258108.18488
BUL,csiro-mk3-6-0_rcp60_r1i1p1,FORE-SCE-B1,34848851631.124664,24409180855.933945,10439670775.190702
BUL,csiro-mk3-6-0_rcp60_r1i1p1,GCAM-26,48001034849.83525,23182335112.033466,24818699737.8018
BUL,csiro-mk3-6-0_rcp60_r1i1p1,GCAM-45,40203744891.695175,22112792779.93921,18090952111.75595
BUL,csiro-mk3-6-0_rcp60_r1i1p1,GCAM-ref,41640134727.45198,27928524995.8585,13711609731.593473
BUL,csiro-mk3-6-0_rcp60_r1i1p1,LUCAS-BAU_High-0001,33477191139.18983,24379175309.30093,9098015829.888891
BUL,csiro-mk3-6-0_rcp60_r1i1p1,LUCAS-BAU_High-0002,33888619479.97848,24566059103.84781,9322560376.130672
BUL,csiro-mk3-6-0_rcp85_r1i1p1,FORE-SCE-A1B,86824975587.1203,63487424843.61155,23337550743.508724
BUL,csiro-mk3-6-0_rcp85_r1i1p1,FORE-SCE-A2,83069906078.14883,62322167674.462654,20747738403.6862
BUL,csiro-mk3-6-0_rcp85_r1i1p1,FORE-SCE-B1,81831308363.88278,63386473554.86967,18444834809.013115
BUL,csiro-mk3-6-0_rcp85_r1i1p1,GCAM-26,106298788509.33922,67649256454.511536,38649532054.82768
BUL,csiro-mk3-6-0_rcp85_r1i1p1,GCAM-45,96537701401.69934,67646271805.22548,28891429596.47384
BUL,csiro-mk3-6-0_rcp85_r1i1p1,GCAM-ref,86987831582.26122,63682363712.9633,23305467869.297924
BUL,csiro-mk3-6-0_rcp85_r1i1p1,LUCAS-BAU_High-0001,79224592387.67865,63364469808.15246,15860122579.526155
BUL,csiro-mk3-6-0_rcp85_r1i1p1,LUCAS-BAU_High-0002,79746076970.9661,63487947457.485466,16258129513.4806
BUL,fgoals-g2_rcp26_r1i1p1,FORE-SCE-A1B,21382822491.298573,10219902700.524927,11162919790.773651
BUL,fgoals-g2_rcp26_r1i1p1,FORE-SCE-A2,19467581562.059,9893092288.761148,9574489273.297852
BUL,fgoals-g2_rcp26_r1i1p1,FORE-SCE-B1,14622153990.274216,5509006190.629823,9113147799.644386
BUL,fgoals-g2_rcp26_r1i1p1,GCAM-26,27894403382.157764,7664496730.801523,20229906651.35624
BUL,fgoals-g2_rcp26_r1i1p1,GCAM-45,26478361425.470455,12371445345.540792,14106916079.929672
BUL,fgoals-g2_rcp26_r1i1p1,GCAM-ref,24011216905.841614,12936246079.236984,11074970826.604628
BUL,fgoals-g2_rcp26_r1i1p1,LUCAS-BAU_High-0001,13262588642.227251,5416074427.402765,7846514214.824494
BUL,fgoals-g2_rcp26_r1i1p1,LUCAS-BAU_High-0002,13391103635.193377,5402843052.729521,7988260582.463851
DNP,access1-0_rcp45_r1i1p1,FORE-SCE-A1B,29043506547.84288,8147671742.355054,20895834805.48783
DNP,access1-0_rcp45_r1i1p1,FORE-SCE-A2,26410138695.89532,8084713029.987595,18325425665.907722
DNP,access1-0_rcp45_r1i1p1,FORE-SCE-B1,23225034675.330647,6986738192.136562,16238296483.194084
DNP,access1-0_rcp45_r1i1p1,GCAM-26,43757997609.202385,8253097481.813368,35504900127.389015
DNP,access1-0_rcp45_r1i1p1,GCAM-45,34971221231.16486,8608384344.593279,26362836886.57158
DNP,access1-0_rcp45_r1i1p1,GCAM-ref,28597912121.310833,7943251761.715196,20654660359.59563
DNP,access1-0_rcp45_r1i1p1,LUCAS-BAU_High-0001,20825755327.13961,6775115344.356018,14050639982.78359
DNP,access1-0_rcp45_r1i1p1,LUCAS-BAU_High-0002,21212261526.344265,6799344477.992927,14412917048.351337
DNP,access1-0_rcp85_r1i1p1,FORE-SCE-A1B,28948019304.39951,3807421217.93659,25140598086.462925
DNP,access1-0_rcp85_r1i1p1,FORE-SCE-A2,25070140955.093193,3585988273.702179,21484152681.391018
DNP,access1-0_rcp85_r1i1p1,FORE-SCE-B1,22378933813.653133,3750828472.021794,18628105341.631344
DNP,access1-0_rcp85_r1i1p1,GCAM-26,47315167643.074745,2376269256.004023,44938898387.070724
DNP,access1-0_rcp85_r1i1p1,GCAM-45,36783348958.54974,4531165316.568883,32252183641.980858
DNP,access1-0_rcp85_r1i1p1,GCAM-ref,30037711898.019367,4547829595.869294,25489882302.150066
DNP,access1-0_rcp85_r1i1p1,LUCAS-BAU_High-0001,19416715623.93092,3771110057.1093583,15645605566.821547
DNP,access1-0_rcp85_r1i1p1,LUCAS-BAU_High-0002,19893737516.43595,3770099909.299841,16123637607.136114
DNP,bcc-csm1-1-m_rcp45_r1i1p1,FORE-SCE-A1B,40482874214.4945,15378650584.720945,25104223629.773556
DNP,bcc-csm1-1-m_rcp45_r1i1p1,FORE-SCE-A2,37994981380.98283,15878043495.112705,22116937885.87012
DNP,bcc-csm1-1-m_rcp45_r1i1p1,FORE-SCE-B1,35930093126.117676,15789688117.600956,20140405008.516724
DNP,bcc-csm1-1-m_rcp45_r1i1p1,GCAM-26,52763849611.501144,12831152918.171032,39932696693.33013
DNP,bcc-csm1-1-m_rcp45_r1i1p1,GCAM-45,46249186849.706696,14751542943.450254,31497643906.256466
DNP,bcc-csm1-1-m_rcp45_r1i1p1,GCAM-ref,39667350299.99769,14782499000.397303,24884851299.600384
DNP,bcc-csm1-1-m_rcp45_r1i1p1,LUCAS-BAU_High-0001,33009221464.646954,15574123757.732399,17435097706.91457
DNP,bcc-csm1-1-m_rcp45_r1i1p1,LUCAS-BAU_High-0002,33398257132.217884,15532863815.189224,17865393317.028675
DNP,bcc-csm1-1-m_rcp85_r1i1p1,FORE-SCE-A1B,157138235097.40567,115017171249.55136,42121063847.85434
DNP,bcc-csm1-1-m_rcp85_r1i1p1,FORE-SCE-A2,157026216594.09753,119030612613.57332,37995603980.52423
DNP,bcc-csm1-1-m_rcp85_r1i1p1,FORE-SCE-B1,155734159514.97815,120787350646.34886,34946808868.62932
DNP,bcc-csm1-1-m_rcp85_r1i1p1,GCAM-26,172159185533.70953,114730440897.8151,57428744635.89455
DNP,bcc-csm1-1-m_rcp85_r1i1p1,GCAM-45,166651049638.1849,115978060288.61436,50672989349.57052
DNP,bcc-csm1-1-m_rcp85_r1i1p1,GCAM-ref,156286335871.77042,113990705833.88272,42295630037.887695
DNP,bcc-csm1-1-m_rcp85_r1i1p1,LUCAS-BAU_High-0001,150704070341.8764,119844266840.73886,30859803501.137516
DNP,bcc-csm1-1-m_rcp85_r1i1p1,LUCAS-BAU_High-0002,151865842224.91547,120354898257.05077,31510943967.86467
DNP,bcc-csm1-1_rcp26_r1i1p1,FORE-SCE-A1B,58558341497.79219,28211248711.3491,30347092786.443096
DNP,bcc-csm1-1_rcp26_r1i1p1,FORE-SCE-A2,53122387797.42712,27350825565.430763,25771562231.99634
DNP,bcc-csm1-1_rcp26_r1i1p1,FORE-SCE-B1,49699762629.83688,26899283070.69861,22800479559.13827
DNP,bcc-csm1-1_rcp26_r1i1p1,GCAM-26,89734670039.96545,36132544026.40748,53602126013.557976
DNP,bcc-csm1-1_rcp26_r1i1p1,GCAM-45,68276859812.24396,29157072735.46293,39119787076.781006
DNP,bcc-csm1-1_rcp26_r1i1p1,GCAM-ref,59197506700.77292,28770016051.740265,30427490649.03265
DNP,bcc-csm1-1_rcp26_r1i1p1,LUCAS-BAU_High-0001,47114354888.46576,27439418079.185844,19674936809.279903
DNP,bcc-csm1-1_rcp26_r1i1p1,LUCAS-BAU_High-0002,47589455847.222984,27375071955.79548,20214383891.427505
DNP,bcc-csm1-1_rcp45_r1i1p1,FORE-SCE-A1B,39247647503.66805,12549985829.367155,26697661674.30089
DNP,bcc-csm1-1_rcp45_r1i1p1,FORE-SCE-A2,42910593109.57526,19617098795.154854,23293494314.420403
DNP,bcc-csm1-1_rcp45_r1i1p1,FORE-SCE-B1,40762655969.37745,19821645346.465702,20941010622.91173
DNP,bcc-csm1-1_rcp45_r1i1p1,GCAM-26,56018262512.42779,11920830862.382072,44097431650.045715
DNP,bcc-csm1-1_rcp45_r1i1p1,GCAM-45,47028950558.07967,13292080572.347424,33736869985.732258
DNP,bcc-csm1-1_rcp45_r1i1p1,GCAM-ref,40124276280.30889,13218837360.027227,26905438920.28167
DNP,bcc-csm1-1_rcp45_r1i1p1,LUCAS-BAU_High-0001,37470909094.92483,18853166078.563698,18617743016.36113
DNP,bcc-csm1-1_rcp45_r1i1p1,LUCAS-BAU_High-0002,37763853537.81876,18774861766.26853,18988991771.55022
DNP,bcc-csm1-1_rcp60_r1i1p1,FORE-SCE-A1B,43502408844.432495,15109910752.728918,28392498091.7036
DNP,bcc-csm1-1_rcp60_r1i1p1,FORE-SCE-A2,42103345565.55753,17162398164.5763,24940947400.981236
DNP,bcc-csm1-1_rcp60_r1i1p1,FORE-SCE-B1,40364140897.294914,17317534889.060184,23046606008.23471
DNP,bcc-csm1-1_rcp60_r1i1p1,GCAM-26,56538576148.00299,11922685763.656733,44615890384.346275
DNP,bcc-csm1-1_rcp60_r1i1p1,GCAM-45,47263431055.34448,11950592719.754257,35312838335.59025
DNP,bcc-csm1-1_rcp60_r1i1p1,GCAM-ref,41179688683.69495,12141493866.413038,29038194817.281902
DNP,bcc-csm1-1_rcp60_r1i1p1,LUCAS-BAU_High-0001,37087474894.5282,16095959956.638,20991514937.8902
DNP,bcc-csm1-1_rcp60_r1i1p1,LUCAS-BAU_High-0002,37523045486.0169,16078420089.281597,21444625396.735313
DNP,bcc-csm1-1_rcp85_r1i1p1,FORE-SCE-A1B,167809368308.74493,129617080420.25926,38192287888.48571
DNP,bcc-csm1-1_rcp85_r1i1p1,FORE-SCE-A2,162498002887.21747,128965956099.76595,33532046787.451492
DNP,bcc-csm1-1_rcp85_r1i1p1,FORE-SCE-B1,159955286323.07477,129576998970.08194,30378287352.99281
DNP,bcc-csm1-1_rcp85_r1i1p1,GCAM-26,187788361776.89673,127788836758.52933,59999525018.36739
DNP,bcc-csm1-1_rcp85_r1i1p1,GCAM-45,176427423741.46494,129179077631.37825,47248346110.08666
DNP,bcc-csm1-1_rcp85_r1i1p1,GCAM-ref,168901437267.57312,130380091795.09558,38521345472.47756
DNP,bcc-csm1-1_rcp85_r1i1p1,LUCAS-BAU_High-0001,159025278084.79456,132246730771.50592,26778547313.288677
DNP,bcc-csm1-1_rcp85_r1i1p1,LUCAS-BAU_High-0002,158136370841.70544,130582920465.43015,27553450376.2753
DNP,canesm2_rcp26_r1i1p1,FORE-SCE-A1B,354641613910.164,319855637946.78815,34785975963.375786
DNP,canesm2_rcp26_r1i1p1,FORE-SCE-A2,352608017186.41376,322023946027.9491,30584071158.464752
DNP,canesm2_rcp26_r1i1p1,FORE-SCE-B1,349677717532.3492,321513548280.83386,28164169251.51541
DNP,canesm2_rcp26_r1i1p1,GCAM-26,371562974822.8824,319796943948.6084,51766030874.27406
DNP,canesm2_rcp26_r1i1p1,GCAM-45,360115990164.96484,318204364490.85223,41911625674.11255
DNP,canesm2_rcp26_r1i1p1,GCAM-ref,352693812485.1642,317569776217.22705,35124036267.93705
DNP,canesm2_rcp26_r1i1p1,LUCAS-BAU_High-0001,350257007162.006,325019114119.3154,25237893042.690674
DNP,canesm2_rcp26_r1i1p1,LUCAS-BAU_High-0002,348276394023.20026,322497920085.64136,25778473937.55892
DNP,canesm2_rcp45_r1i1p1,FORE-SCE-A1B,72204666685.31853,29269060412.822643,42935606272.49586
DNP,canesm2_rcp45_r1i1p1,FORE-SCE-A2,67675493957.64566,29116925252.353764,38558568705.29187
DNP,canesm2_rcp45_r1i1p1,FORE-SCE-B1,63370188414.57142,28084759015.216496,35285429399.35496
DNP,canesm2_rcp45_r1i1p1,GCAM-26,91166274951.65802,26485753064.411167,64680521887.24684
DNP,canesm2_rcp45_r1i1p1,GCAM-45,80359316657.11568,28401890581.751724,51957426075.363945
DNP,canesm2_rcp45_r1i1p1,GCAM-ref,72158497936.27829,28995217837.693287,43163280098.585
DNP,canesm2_rcp45_r1i1p1,LUCAS-BAU_High-0001,61750919911.50825,30017205814.912186,31733714096.596046
DNP,canesm2_rcp45_r1i1p1,LUCAS-BAU_High-0002,61976540776.62582,29626288369.449963,32350252407.17587
DNP,canesm2_rcp85_r1i1p1,FORE-SCE-A1B,751401465150.6742,704906548166.058,46494916984.61606
DNP,canesm2_rcp85_r1i1p1,FORE-SCE-A2,756347205288.592,714491135879.7504,41856069408.841705
DNP,canesm2_rcp85_r1i1p1,FORE-SCE-B1,765331096512.7157,726971096748.5062,38359999764.20969
DNP,canesm2_rcp85_r1i1p1,GCAM-26,776663545257.2773,707075847781.0709,69587697476.2063
DNP,canesm2_rcp85_r1i1p1,GCAM-45,756560689959.5499,700823028603.5507,55737661355.9995
DNP,canesm2_rcp85_r1i1p1,GCAM-ref,753606930258.354,706817612132.5323,46789318125.82167
DNP,canesm2_rcp85_r1i1p1,LUCAS-BAU_High-0001,759050599706.4415,724608418220.0858,34442181486.35611
DNP,canesm2_rcp85_r1i1p1,LUCAS-BAU_High-0002,758328433567.2037,723240056615.2628,35088376951.94084
DNP,ccsm4_rcp26_r1i1p1,FORE-SCE-A1B,91650648503.47304,58428660976.514854,33221987526.95822
DNP,ccsm4_rcp26_r1i1p1,FORE-SCE-A2,88158643970.00536,58430622120.090096,29728021849.915295
DNP,ccsm4_rcp26_r1i1p1,FORE-SCE-B1,89058840909.57129,61732707281.839066,27326133627.732243
DNP,ccsm4_rcp26_r1i1p1,GCAM-26,108044889647.40631,59930769502.778595,48114120144.62768
DNP,ccsm4_rcp26_r1i1p1,GCAM-45,97531084090.26003,57270926631.97895,40260157458.28105
DNP,ccsm4_rcp26_r1i1p1,GCAM-ref,92534208483.83284,59176788351.691864,33357420132.14096
DNP,ccsm4_rcp26_r1i1p1,LUCAS-BAU_High-0001,87303865677.68802,62513949019.749985,24789916657.938026
DNP,ccsm4_rcp26_r1i1p1,LUCAS-BAU_High-0002,87829772797.28912,62564454574.62148,25265318222.667583
DNP,ccsm4_rcp45_r1i1p1,FORE-SCE-A1B,93709982846.60078,50094815160.502945,43615167686.09783
DNP,ccsm4_rcp45_r1i1p1,FORE-SCE-A2,90381154173.42244,51486436491.68192,38894717681.740555
DNP,ccsm4_rcp45_r1i1p1,FORE-SCE-B1,88198932955.18839,51665925789.795364,36533007165.39303
DNP,ccsm4_rcp45_r1i1p1,GCAM-26,109702327464.25613,50726229628.556435,58976097835.69972
DNP,ccsm4_rcp45_r1i1p1,GCAM-45,99521083540.6622,47563832378.44258,51957251162.2196
DNP,ccsm4_rcp45_r1i1p1,GCAM-ref,94874918787.19968,50230525343.49694,44644393443.70276
DNP,ccsm4_rcp45_r1i1p1,LUCAS-BAU_High-0001,87452813999.71185,54173161666.76223,33279652332.94966
DNP,ccsm4_rcp45_r1i1p1,LUCAS-BAU_High-0002,88145077922.09558,54199759893.16796,33945318028.927593
DNP,ccsm4_rcp60_r1i1p1,FORE-SCE-A1B,115037422731.41595,76851859186.06543,38185563545.35049
DNP,ccsm4_rcp60_r1i1p1,FORE-SCE-A2,112608172917.55597,78616791182.30632,33991381735.249664
DNP,ccsm4_rcp60_r1i1p1,FORE-SCE-B1,116964285836.31357,85586139565.77052,31378146270.54301
DNP,ccsm4_rcp60_r1i1p1,GCAM-26,125294235577.51889,68441472003.81565,56852763573.703285
DNP,ccsm4_rcp60_r1i1p1,GCAM-45,115922312966.01129,69853068368.5075,46069244597.50376
DNP,ccsm4_rcp60_r1i1p1,GCAM-ref,114091543955.05397,74961254929.6943,39130289025.35965
DNP,ccsm4_rcp60_r1i1p1,LUCAS-BAU_High-0001,108773239268.55092,80237136142.1432,28536103126.40769
DNP,ccsm4_rcp60_r1i1p1,LUCAS-BAU_High-0002,109232493053.14365,80106078063.96133,29126414989.182304
DNP,ccsm4_rcp85_r1i1p1,FORE-SCE-A1B,155145957732.0766,112240343965.2174,42905613766.85922
DNP,ccsm4_rcp85_r1i1p1,FORE-SCE-A2,152296206908.63327,113208444317.74431,39087762590.88899
DNP,ccsm4_rcp85_r1i1p1,FORE-SCE-B1,152446782221.93896,116722409640.1585,35724372581.780464
DNP,ccsm4_rcp85_r1i1p1,GCAM-26,176293824303.04608,112274769196.10376,64019055106.94238
DNP,ccsm4_rcp85_r1i1p1,GCAM-45,165262037580.27048,113267368970.70226,51994668609.56824
DNP,ccsm4_rcp85_r1i1p1,GCAM-ref,156255021167.94064,113163698491.58627,43091322676.35443
DNP,ccsm4_rcp85_r1i1p1,LUCAS-BAU_High-0001,148061806612.1519,116513642209.54817,31548164402.60373
DNP,ccsm4_rcp85_r1i1p1,LUCAS-BAU_High-0002,147661265597.5087,115514717221.28629,32146548376.222454
DNP,cesm1-bgc_rcp45_r1i1p1,FORE-SCE-A1B,137209510905.02283,100880147624.89214,36329363280.130714
DNP,cesm1-bgc_rcp45_r1i1p1,FORE-SCE-A2,132254818623.07355,100097058368.21742,32157760254.856133
DNP,cesm1-bgc_rcp45_r1i1p1,FORE-SCE-B1,132038043041.37361,102451086975.04582,29586956066.327805
DNP,cesm1-bgc_rcp45_r1i1p1,GCAM-26,160655534396.4736,105259665732.90604,55395868663.56753
DNP,cesm1-bgc_rcp45_r1i1p1,GCAM-45,147908151493.60626,103837682095.27757,44070469398.32869
DNP,cesm1-bgc_rcp45_r1i1p1,GCAM-ref,136805761471.31177,100248491693.76419,36557269777.5476
DNP,cesm1-bgc_rcp45_r1i1p1,LUCAS-BAU_High-0001,130319754530.00124,103987533197.01794,26332221332.983315
DNP,cesm1-bgc_rcp45_r1i1p1,LUCAS-BAU_High-0002,130907072762.05307,103997253546.34299,26909819215.710083
DNP,cesm1-bgc_rcp85_r1i1p1,FORE-SCE-A1B,130841764692.14941,96269433473.08647,34572331219.062965
DNP,cesm1-bgc_rcp85_r1i1p1,FORE-SCE-A2,126090272117.98279,95672785299.77994,30417486818.202824
DNP,cesm1-bgc_rcp85_r1i1p1,FORE-SCE-B1,129828746330.56793,101137017003.2283,28691729327.3396
DNP,cesm1-bgc_rcp85_r1i1p1,GCAM-26,153231545008.48746,100580615325.2153,52650929683.27213
DNP,cesm1-bgc_rcp85_r1i1p1,GCAM-45,141729646965.15564,99796111241.14012,41933535724.015495
DNP,cesm1-bgc_rcp85_r1i1p1,GCAM-ref,132224392296.13513,96902315395.38692,35322076900.748184
DNP,cesm1-bgc_rcp85_r1i1p1,LUCAS-BAU_High-0001,126083674602.82344,100280139629.89726,25803534972.926186
DNP,cesm1-bgc_rcp85_r1i1p1,LUCAS-BAU_High-0002,126310153180.94063,99922309069.46892,26387844111.471687
DNP,cesm1-cam5_rcp26_r1i1p1,FORE-SCE-A1B,145761760336.27814,110350043039.93471,35411717296.34345
DNP,cesm1-cam5_rcp26_r1i1p1,FORE-SCE-A2,142867645796.28577,111611601347.43791,31256044448.847855
DNP,cesm1-cam5_rcp26_r1i1p1,FORE-SCE-B1,142449366792.54977,113404970772.38687,29044396020.16297
DNP,cesm1-cam5_rcp26_r1i1p1,GCAM-26,155420156719.8697,103644275345.28545,51775881374.584236
DNP,cesm1-cam5_rcp26_r1i1p1,GCAM-45,149310107490.3388,106724127457.8124,42585980032.52649
DNP,cesm1-cam5_rcp26_r1i1p1,GCAM-ref,144359757891.01938,108282710195.79881,36077047695.22049
DNP,cesm1-cam5_rcp26_r1i1p1,LUCAS-BAU_High-0001,141156487598.72775,115071236293.61981,26085251305.10793
DNP,cesm1-cam5_rcp26_r1i1p1,LUCAS-BAU_High-0002,141437393860.16205,114785232471.2295,26652161388.932537
DNP,cesm1-cam5_rcp45_r1i1p1,FORE-SCE-A1B,92583035324.44737,58468006638.10403,34115028686.343323
DNP,cesm1-cam5_rcp45_r1i1p1,FORE-SCE-A2,92848990742.43333,62951879388.61015,29897111353.823204
DNP,cesm1-cam5_rcp45_r1i1p1,FORE-SCE-B1,90882014371.14032,62973081146.57198,27908933224.568336
DNP,cesm1-cam5_rcp45_r1i1p1,GCAM-26,103956191674.21724,53640326384.28791,50315865289.92934
DNP,cesm1-cam5_rcp45_r1i1p1,GCAM-45,99829128843.97461,58409658124.29334,41419470719.68124
DNP,cesm1-cam5_rcp45_r1i1p1,GCAM-ref,92136510199.10182,57375439751.53977,34761070447.56204
DNP,cesm1-cam5_rcp45_r1i1p1,LUCAS-BAU_High-0001,88054154862.32925,63318747330.39055,24735407531.938713
DNP,cesm1-cam5_rcp45_r1i1p1,LUCAS-BAU_High-0002,87417144470.9365,62086996109.44436,25330148361.49212
DNP,cesm1-cam5_rcp60_r1i1p1,FORE-SCE-A1B,183932732207.51044,133840146371.14406,50092585836.36637
DNP,cesm1-cam5_rcp60_r1i1p1,FORE-SCE-A2,179833290112.93393,134858707482.22786,44974582630.70609
DNP,cesm1-cam5_rcp60_r1i1p1,FORE-SCE-B1,176743488549.28525,135271908344.76997,41471580204.51527
DNP,cesm1-cam5_rcp60_r1i1p1,GCAM-26,209480560487.27417,137541994924.23587,71938565563.0383
DNP,cesm1-cam5_rcp60_r1i1p1,GCAM-45,195556196119.17755,135201151314.02531,60355044805.15231
DNP,cesm1-cam5_rcp60_r1i1p1,GCAM-ref,184552073525.4226,133961416563.29103,50590656962.13153
DNP,cesm1-cam5_rcp60_r1i1p1,LUCAS-BAU_High-0001,172837833862.36487,135530948335.8265,37306885526.538414
DNP,cesm1-cam5_rcp60_r1i1p1,LUCAS-BAU_High-0002,173032554279.95984,134970910433.80725,38061643846.15259
DNP,cesm1-cam5_rcp85_r1i1p1,FORE-SCE-A1B,309017540433.08307,257209505792.3138,51808034640.76918
DNP,cesm1-cam5_rcp85_r1i1p1,FORE-SCE-A2,305622511062.28906,258972635649.72745,46649875412.56162
DNP,cesm1-cam5_rcp85_r1i1p1,FORE-SCE-B1,302909202304.3586,260015099668.17654,42894102636.18211
DNP,cesm1-cam5_rcp85_r1i1p1,GCAM-26,339577320673.0706,260737418876.69034,78839901796.3803
DNP,cesm1-cam5_rcp85_r1i1p1,GCAM-45,320024575359.7957,257284376643.1214,62740198716.67437
DNP,cesm1-cam5_rcp85_r1i1p1,GCAM-ref,311845417105.3525,259794527747.22925,52050889358.12325
DNP,cesm1-cam5_rcp85_r1i1p1,LUCAS-BAU_High-0001,301630673268.85626,263573894423.11386,38056778845.742455
DNP,cesm1-cam5_rcp85_r1i1p1,LUCAS-BAU_High-0002,299447191417.85944,260615337981.6351,38831853436.22424
DNP,cmcc-cm_rcp45_r1i1p1,FORE-SCE-A1B,32849146744.713467,11205738457.935463,21643408286.778004
DNP,cmcc-cm_rcp45_r1i1p1,FORE-SCE-A2,28623355261.64727,9946611590.765104,18676743670.88216
DNP,cmcc-cm_rcp45_r1i1p1,FORE-SCE-B1,25409441257.323547,8726689813.716576,16682751443.606968
DNP,cmcc-cm_rcp45_r1i1p1,GCAM-26,52598903548.21927,12907452911.022552,39691450637.196724
DNP,cmcc-cm_rcp45_r1i1p1,GCAM-45,41582082141.65941,13105612668.501522,28476469473.15789
DNP,cmcc-cm_rcp45_r1i1p1,GCAM-ref,32998397304.4866,11418652361.974915,21579744942.51168
DNP,cmcc-cm_rcp45_r1i1p1,LUCAS-BAU_High-0001,23300786256.297222,9012299277.354387,14288486978.942839
DNP,cmcc-cm_rcp45_r1i1p1,LUCAS-BAU_High-0002,23663091217.406033,8998611135.3474,14664480082.058634
DNP,cmcc-cm_rcp85_r1i1p1,FORE-SCE-A1B,34100512116.12463,4587261694.594551,29513250421.53008
DNP,cmcc-cm_rcp85_r1i1p1,FORE-SCE-A2,30807850548.507603,4540103615.95397,26267746932.553635
DNP,cmcc-cm_rcp85_r1i1p1,FORE-SCE-B1,25909082385.72128,3309020740.4711504,22600061645.250134
DNP,cmcc-cm_rcp85_r1i1p1,GCAM-26,55346362588.92478,5131675381.049934,50214687207.874855
DNP,cmcc-cm_rcp85_r1i1p1,GCAM-45,42445831068.094376,4906691494.713322,37539139573.38105
DNP,cmcc-cm_rcp85_r1i1p1,GCAM-ref,33418637215.148872,4592372069.748951,28826265145.399925
DNP,cmcc-cm_rcp85_r1i1p1,LUCAS-BAU_High-0001,22529377034.745132,3270518535.554208,19258858499.190926
DNP,cmcc-cm_rcp85_r1i1p1,LUCAS-BAU_High-0002,23026679553.169106,3298473276.3571053,19728206276.811996
DNP,cnrm-cm5_rcp45_r1i1p1,FORE-SCE-A1B,176501088303.06418,138181167855.5966,38319920447.46751
DNP,cnrm-cm5_rcp45_r1i1p1,FORE-SCE-A2,174147438926.92102,139846624087.8433,34300814839.077755
DNP,cnrm-cm5_rcp45_r1i1p1,FORE-SCE-B1,169508249910.36923,138025402327.59467,31482847582.774635
DNP,cnrm-cm5_rcp45_r1i1p1,GCAM-26,195520576643.19077,137931023572.14044,57589553071.050354
DNP,cnrm-cm5_rcp45_r1i1p1,GCAM-45,186128120305.50784,139646140461.28015,46481979844.22768
DNP,cnrm-cm5_rcp45_r1i1p1,GCAM-ref,177413452840.16745,138822629218.78613,38590823621.38137
DNP,cnrm-cm5_rcp45_r1i1p1,LUCAS-BAU_High-0001,169743275756.3705,141546969014.39993,28196306741.97067
DNP,cnrm-cm5_rcp45_r1i1p1,LUCAS-BAU_High-0002,167813823251.5164,139071700707.05405,28742122544.46232
DNP,cnrm-cm5_rcp85_r1i1p1,FORE-SCE-A1B,384426403491.1729,340278265889.926,44148137601.24687
DNP,cnrm-cm5_rcp85_r1i1p1,FORE-SCE-A2,381804981431.6957,342111222838.78516,39693758592.91063
DNP,cnrm-cm5_rcp85_r1i1p1,FORE-SCE-B1,391667470041.8702,354894813799.907,36772656241.96316
DNP,cnrm-cm5_rcp85_r1i1p1,GCAM-26,403147106949.3794,336535322320.72845,66611784628.65081
DNP,cnrm-cm5_rcp85_r1i1p1,GCAM-45,396599591167.25775,343053647794.89435,53545943372.36352
DNP,cnrm-cm5_rcp85_r1i1p1,GCAM-ref,381763152731.0751,337641743408.11316,44121409322.961655
DNP,cnrm-cm5_rcp85_r1i1p1,LUCAS-BAU_High-0001,382747493306.0618,350199557021.0864,32547936284.97544
DNP,cnrm-cm5_rcp85_r1i1p1,LUCAS-BAU_High-0002,383772568959.59094,350510667945.3861,33261901014.20463
DNP,csiro-mk3-6-0_rcp26_r1i1p1,FORE-SCE-A1B,164988259231.85895,121107033881.85481,43881225350.00413
DNP,csiro-mk3-6-0_rcp26_r1i1p1,FORE-SCE-A2,158224489237.60822,119651530366.28175,38572958871.32652
DNP,csiro-mk3-6-0_rcp26_r1i1p1,FORE-SCE-B1,157388422874.40573,121702391480.04146,35686031394.36432
DNP,csiro-mk3-6-0_rcp26_r1i1p1,GCAM-26,183639721423.4071,120892277085.67691,62747444337.730225
DNP,csiro-mk3-6-0_rcp26_r1i1p1,GCAM-45,174122085430.0948,121292770561.11143,52829314868.98337
DNP,csiro-mk3-6-0_rcp26_r1i1p1,GCAM-ref,166952273628.36716,121890250233.07823,45062023395.28897
DNP,csiro-mk3-6-0_rcp26_r1i1p1,LUCAS-BAU_High-0001,153437564766.05154,121242537586.86212,32195027179.189434
DNP,csiro-mk3-6-0_rcp26_r1i1p1,LUCAS-BAU_High-0002,154222667723.23984,121322927145.94902,32899740577.290833
DNP,csiro-mk3-6-0_rcp45_r1i1p1,FORE-SCE-A1B,45590076151.154106,17320748714.71439,28269327436.43971
DNP,csiro-mk3-6-0_rcp45_r1i1p1,FORE-SCE-A2,41557158336.99533,16602346992.792095,24954811344.203236
DNP,csiro-mk3-6-0_rcp45_r1i1p1,FORE-SCE-B1,39641712859.360146,17123383400.956045,22518329458.40411
DNP,csiro-mk3-6-0_rcp45_r1i1p1,GCAM-26,61394253210.071625,17555979838.213577,43838273371.85805
DNP,csiro-mk3-6-0_rcp45_r1i1p1,GCAM-45,52104797337.88911,16229081250.004078,35875716087.88503
DNP,csiro-mk3-6-0_rcp45_r1i1p1,GCAM-ref,45111726821.05812,16476369619.67425,28635357201.383873
DNP,csiro-mk3-6-0_rcp45_r1i1p1,LUCAS-BAU_High-0001,37220832373.83626,17349743636.629456,19871088737.206806
DNP,csiro-mk3-6-0_rcp45_r1i1p1,LUCAS-BAU_High-0002,37627443069.42346,17309319382.50857,20318123686.914883
DNP,csiro-mk3-6-0_rcp60_r1i1p1,FORE-SCE-A1B,54898203130.30532,19348810681.658627,35549392448.6467
DNP,csiro-mk3-6-0_rcp60_r1i1p1,FORE-SCE-A2,50795665307.29316,19576215941.456203,31219449365.83698
DNP,csiro-mk3-6-0_rcp60_r1i1p1,FORE-SCE-B1,49335016099.64656,20797696142.222992,28537319957.423553
DNP,csiro-mk3-6-0_rcp60_r1i1p1,GCAM-26,71787879933.56674,19531955936.102474,52255923997.464294
DNP,csiro-mk3-6-0_rcp60_r1i1p1,GCAM-45,60308334055.13749,17145598753.368618,43162735301.76888
DNP,csiro-mk3-6-0_rcp60_r1i1p1,GCAM-ref,55318180752.289154,19420482146.76377,35897698605.52539
DNP,csiro-mk3-6-0_rcp60_r1i1p1,LUCAS-BAU_High-0001,46944284276.86025,21153154244.62455,25791130032.23571
DNP,csiro-mk3-6-0_rcp60_r1i1p1,LUCAS-BAU_High-0002,47579258621.42065,21189721648.371674,26389536973.048977
DNP,csiro-mk3-6-0_rcp85_r1i1p1,FORE-SCE-A1B,151547083956.28198,106466898348.17046,45080185608.11147
DNP,csiro-mk3-6-0_rcp85_r1i1p1,FORE-SCE-A2,150164262390.14624,109254281826.94713,40909980563.19909
DNP,csiro-mk3-6-0_rcp85_r1i1p1,FORE-SCE-B1,152127091615.44507,114516641917.36165,37610449698.08339
DNP,csiro-mk3-6-0_rcp85_r1i1p1,GCAM-26,164595775797.92404,97543509506.91667,67052266291.00741
DNP,csiro-mk3-6-0_rcp85_r1i1p1,GCAM-45,155579816764.02658,101220342862.66515,54359473901.361374
DNP,csiro-mk3-6-0_rcp85_r1i1p1,GCAM-ref,155994129416.7007,110133291529.82985,45860837886.87087
DNP,csiro-mk3-6-0_rcp85_r1i1p1,LUCAS-BAU_High-0001,146970524509.36813,113266612415.88576,33703912093.4823
DNP,csiro-mk3-6-0_rcp85_r1i1p1,LUCAS-BAU_High-0002,147413600987.13684,113215898560.19202,34197702426.944817
DNP,fgoals-g2_rcp26_r1i1p1,FORE-SCE-A1B,44005191519.231026,24807874090.990566,19197317428.240475
DNP,fgoals-g2_rcp26_r1i1p1,FORE-SCE-A2,41081463032.70232,24531941638.37378,16549521394.328526
DNP,fgoals-g2_rcp26_r1i1p1,FORE-SCE-B1,39535330030.26181,24186860360.41823,15348469669.843592
DNP,fgoals-g2_rcp26_r1i1p1,GCAM-26,54005386195.133484,24327818966.524776,29677567228.608673
DNP,fgoals-g2_rcp26_r1i1p1,GCAM-45,48973081015.38802,25123453877.35709,23849627138.030933
DNP,fgoals-g2_rcp26_r1i1p1,GCAM-ref,45101874553.33269,25060150774.7084,20041723778.62429
DNP,fgoals-g2_rcp26_r1i1p1,LUCAS-BAU_High-0001,37577434715.295135,24053844833.868633,13523589881.426502
DNP,fgoals-g2_rcp26_r1i1p1,LUCAS-BAU_High-0002,37948760598.129234,24071483187.60962,13877277410.519613
EXC,access1-0_rcp45_r1i1p1,FORE-SCE-A1B,7835060847.389603,3600316027.966303,4234744819.423298
EXC,access1-0_rcp45_r1i1p1,FORE-SCE-A2,8017115823.903799,4480830229.606429,3536285594.297372
EXC,access1-0_rcp45_r1i1p1,FORE-SCE-B1,8011926028.886115,5249681331.491604,2762244697.3945103
EXC,access1-0_rcp45_r1i1p1,GCAM-26,12824281205.620829,3068384037.0958185,9755897168.525007
EXC,access1-0_rcp45_r1i1p1,GCAM-45,9752204583.745907,3580410747.5210195,6171793836.224888
EXC,access1-0_rcp45_r1i1p1,GCAM-ref,8300296368.052846,4288314511.6294546,4011981856.4233932
EXC,access1-0_rcp45_r1i1p1,LUCAS-BAU_High-0001,7860222758.848604,5782716790.403539,2077505968.4450657
EXC,access1-0_rcp45_r1i1p1,LUCAS-BAU_High-0002,7913885567.9677925,5754458664.900867,2159426903.066924
EXC,access1-0_rcp85_r1i1p1,FORE-SCE-A1B,7898886375.2352705,0.0,7898886375.2352705
EXC,access1-0_rcp85_r1i1p1,FORE-SCE-A2,6421440378.791925,0.0,6421440378.791925
EXC,access1-0_rcp85_r1i1p1,FORE-SCE-B1,5382662648.151337,0.0,5382662648.151337
EXC,access1-0_rcp85_r1i1p1,GCAM-26,17454456231.363724,639159628.3049592,16815296603.058771
EXC,access1-0_rcp85_r1i1p1,GCAM-45,11133803972.594814,35165143.33030882,11098638829.264505
EXC,access1-0_rcp85_r1i1p1,GCAM-ref,8045675880.510586,42321999.999993384,8003353880.5105915
EXC,access1-0_rcp85_r1i1p1,LUCAS-BAU_High-0001,4178379185.0704346,0.0,4178379185.0704346
EXC,access1-0_rcp85_r1i1p1,LUCAS-BAU_High-0002,4322528233.04705,0.0,4322528233.04705
EXC,bcc-csm1-1-m_rcp45_r1i1p1,FORE-SCE-A1B,5833105444.386212,437496539.78387594,5395608904.602336
EXC,bcc-csm1-1-m_rcp45_r1i1p1,FORE-SCE-A2,4922048791.171938,412848579.15252817,4509200212.01941
EXC,bcc-csm1-1-m_rcp45_r1i1p1,FORE-SCE-B1,4168249475.460729,414185783.7491949,3754063691.711534
EXC,bcc-csm1-1-m_rcp45_r1i1p1,GCAM-26,12272165447.290138,831412106.3840315,11440753340.906105
EXC,bcc-csm1-1-m_rcp45_r1i1p1,GCAM-45,8001616229.838641,434522235.0934799,7567093994.745162
EXC,bcc-csm1-1-m_rcp45_r1i1p1,GCAM-ref,5708287508.598364,435710821.76957476,5272576686.82879
EXC,bcc-csm1-1-m_rcp45_r1i1p1,LUCAS-BAU_High-0001,3334137344.601967,413353782.19495344,2920783562.407013
EXC,bcc-csm1-1-m_rcp45_r1i1p1,LUCAS-BAU_High-0002,3431142600.4105425,413291126.66467154,3017851473.745871
EXC,bcc-csm1-1-m_rcp85_r1i1p1,FORE-SCE-A1B,8048401922.764479,0.0,8048401922.764479
EXC,bcc-csm1-1-m_rcp85_r1i1p1,FORE-SCE-A2,7032339992.33621,0.0,7032339992.33621
EXC,bcc-csm1-1-m_rcp85_r1i1p1,FORE-SCE-B1,6330721891.938379,0.0,6330721891.938379
EXC,bcc-csm1-1-m_rcp85_r1i1p1,GCAM-26,14721989271.405249,0.0,14721989271.405249
EXC,bcc-csm1-1-m_rcp85_r1i1p1,GCAM-45,10913407459.408342,0.0,10913407459.408342
EXC,bcc-csm1-1-m_rcp85_r1i1p1,GCAM-ref,8053028436.252685,0.0,8053028436.252685
EXC,bcc-csm1-1-m_rcp85_r1i1p1,LUCAS-BAU_High-0001,5330700078.08818,0.0,5330700078.08818
EXC,bcc-csm1-1-m_rcp85_r1i1p1,LUCAS-BAU_High-0002,5462765604.209648,0.0,5462765604.209648
EXC,bcc-csm1-1_rcp26_r1i1p1,FORE-SCE-A1B,11449211707.776814,1296809487.5436268,10152402220.233185
EXC,bcc-csm1-1_rcp26_r1i1p1,FORE-SCE-A2,9500993309.852907,1038945359.1165417,8462047950.736367
EXC,bcc-csm1-1_rcp26_r1i1p1,FORE-SCE-B1,8079894557.904688,894655651.3555708,7185238906.549118
EXC,bcc-csm1-1_rcp26_r1i1p1,GCAM-26,21080749397.92025,1377260238.882135,19703489159.038113
EXC,bcc-csm1-1_rcp26_r1i1p1,GCAM-45,14670032464.456532,966726814.5558987,13703305649.900633
EXC,bcc-csm1-1_rcp26_r1i1p1,GCAM-ref,11532021056.244165,1407090704.1228065,10124930352.121363
EXC,bcc-csm1-1_rcp26_r1i1p1,LUCAS-BAU_High-0001,7080472854.02773,1144821710.2611434,5935651143.766587
EXC,bcc-csm1-1_rcp26_r1i1p1,LUCAS-BAU_High-0002,7295277901.131974,1111175659.9383044,6184102241.193669
EXC,bcc-csm1-1_rcp45_r1i1p1,FORE-SCE-A1B,7373473948.097643,0.0,7373473948.097643
EXC,bcc-csm1-1_rcp45_r1i1p1,FORE-SCE-A2,6103630717.160058,0.0,6103630717.160058
EXC,bcc-csm1-1_rcp45_r1i1p1,FORE-SCE-B1,5188386514.345426,0.0,5188386514.345426
EXC,bcc-csm1-1_rcp45_r1i1p1,GCAM-26,14712649760.675884,0.0,14712649760.675884
EXC,bcc-csm1-1_rcp45_r1i1p1,GCAM-45,10182972092.633892,0.0,10182972092.633892
EXC,bcc-csm1-1_rcp45_r1i1p1,GCAM-ref,7420014212.122028,0.0,7420014212.122028
EXC,bcc-csm1-1_rcp45_r1i1p1,LUCAS-BAU_High-0001,4282273519.7626667,0.0,4282273519.7626667
EXC,bcc-csm1-1_rcp45_r1i1p1,LUCAS-BAU_High-0002,4443603685.878558,0.0,4443603685.878558
EXC,bcc-csm1-1_rcp60_r1i1p1,FORE-SCE-A1B,5208712437.110058,0.0,5208712437.110058
EXC,bcc-csm1-1_rcp60_r1i1p1,FORE-SCE-A2,4197811644.742194,0.0,4197811644.742194
EXC,bcc-csm1-1_rcp60_r1i1p1,FORE-SCE-B1,3505758219.1679015,0.0,3505758219.1679015
EXC,bcc-csm1-1_rcp60_r1i1p1,GCAM-26,11640983513.253923,0.0,11640983513.253923
EXC,bcc-csm1-1_rcp60_r1i1p1,GCAM-45,7486145129.483255,0.0,7486145129.483255
EXC,bcc-csm1-1_rcp60_r1i1p1,GCAM-ref,5411866402.102222,0.0,5411866402.102222
EXC,bcc-csm1-1_rcp60_r1i1p1,LUCAS-BAU_High-0001,2882828219.7034674,0.0,2882828219.7034674
EXC,bcc-csm1-1_rcp60_r1i1p1,LUCAS-BAU_High-0002,2998063089.1943464,0.0,2998063089.1943464
EXC,bcc-csm1-1_rcp85_r1i1p1,FORE-SCE-A1B,11447781783.608696,1650298145.9723232,9797483637.63637
EXC,bcc-csm1-1_rcp85_r1i1p1,FORE-SCE-A2,10073313618.239958,1504951524.8239698,8568362093.415991
EXC,bcc-csm1-1_rcp85_r1i1p1,FORE-SCE-B1,8885742075.774422,1381331922.5888503,7504410153.185573
EXC,bcc-csm1-1_rcp85_r1i1p1,GCAM-26,17689760389.62389,93760004.99440797,17596000384.629482
EXC,bcc-csm1-1_rcp85_r1i1p1,GCAM-45,15000054160.815935,2025803381.0294185,12974250779.786518
EXC,bcc-csm1-1_rcp85_r1i1p1,GCAM-ref,11381085026.986118,1698473608.5001535,9682611418.485964
EXC,bcc-csm1-1_rcp85_r1i1p1,LUCAS-BAU_High-0001,7595814419.691709,1207720973.5774398,6388093446.114268
EXC,bcc-csm1-1_rcp85_r1i1p1,LUCAS-BAU_High-0002,7951044750.828373,1440627490.5057328,6510417260.322642
EXC,canesm2_rcp26_r1i1p1,FORE-SCE-A1B,14392925288.8352,6550785838.753295,7842139450.081911
EXC,canesm2_rcp26_r1i1p1,FORE-SCE-A2,16313237394.99349,9832622927.383167,6480614467.610325
EXC,canesm2_rcp26_r1i1p1,FORE-SCE-B1,15338002455.756111,9410759456.45746,5927242999.298657
EXC,canesm2_rcp26_r1i1p1,GCAM-26,21581412045.89733,7284212090.532389,14297199955.36494
EXC,canesm2_rcp26_r1i1p1,GCAM-45,16770650487.074406,6339050263.64114,10431600223.433268
EXC,canesm2_rcp26_r1i1p1,GCAM-ref,14610143421.45759,6479560897.901136,8130582523.556457
EXC,canesm2_rcp26_r1i1p1,LUCAS-BAU_High-0001,16516122587.782717,11326099287.499527,5190023300.283197
EXC,canesm2_rcp26_r1i1p1,LUCAS-BAU_High-0002,16674853025.643585,11333611825.532963,5341241200.11062
EXC,canesm2_rcp45_r1i1p1,FORE-SCE-A1B,8905472562.290169,0.0,8905472562.290169
EXC,canesm2_rcp45_r1i1p1,FORE-SCE-A2,7834433309.329088,0.0,7834433309.329088
EXC,canesm2_rcp45_r1i1p1,FORE-SCE-B1,7078906705.397244,0.0,7078906705.397244
EXC,canesm2_rcp45_r1i1p1,GCAM-26,14760355185.264906,0.0,14760355185.264906
EXC,canesm2_rcp45_r1i1p1,GCAM-45,11159733605.363241,0.0,11159733605.363241
EXC,canesm2_rcp45_r1i1p1,GCAM-ref,8715645998.853523,0.0,8715645998.853523
EXC,canesm2_rcp45_r1i1p1,LUCAS-BAU_High-0001,6127357243.706047,0.0,6127357243.706047
EXC,canesm2_rcp45_r1i1p1,LUCAS-BAU_High-0002,6272349168.883096,0.0,6272349168.883096
EXC,canesm2_rcp85_r1i1p1,FORE-SCE-A1B,63798728206.83884,45995446959.14527,17803281247.69355
EXC,canesm2_rcp85_r1i1p1,FORE-SCE-A2,61942543258.56299,45891437484.886215,16051105773.676775
EXC,canesm2_rcp85_r1i1p1,FORE-SCE-B1,61483508935.27449,46937682702.29483,14545826232.979664
EXC,canesm2_rcp85_r1i1p1,GCAM-26,69759062171.84009,42408742869.60578,27350319302.234295
EXC,canesm2_rcp85_r1i1p1,GCAM-45,64254252601.32742,42764437655.486916,21489814945.8405
EXC,canesm2_rcp85_r1i1p1,GCAM-ref,63301987867.75717,45632574567.14019,17669413300.616974
EXC,canesm2_rcp85_r1i1p1,LUCAS-BAU_High-0001,59456461104.695595,46674194432.91832,12782266671.777285
EXC,canesm2_rcp85_r1i1p1,LUCAS-BAU_High-0002,59566795410.58208,46529980303.79205,13036815106.790031
EXC,ccsm4_rcp26_r1i1p1,FORE-SCE-A1B,5714087938.186666,32716545.18623636,5681371393.000429
EXC,ccsm4_rcp26_r1i1p1,FORE-SCE-A2,5170742317.91645,247683857.01408443,4923058460.902366
EXC,ccsm4_rcp26_r1i1p1,FORE-SCE-B1,4624352859.127257,497348087.0770767,4127004772.050181
EXC,ccsm4_rcp26_r1i1p1,GCAM-26,10878520044.894135,29136000.000001512,10849384044.89413
EXC,ccsm4_rcp26_r1i1p1,GCAM-45,7713201360.41433,46477563.33101734,7666723797.083313
EXC,ccsm4_rcp26_r1i1p1,GCAM-ref,5627338395.350302,42849582.48219554,5584488812.868106
EXC,ccsm4_rcp26_r1i1p1,LUCAS-BAU_High-0001,3998733771.153317,614875458.2678062,3383858312.8855104
EXC,ccsm4_rcp26_r1i1p1,LUCAS-BAU_High-0002,4093410084.1724706,600863326.6712642,3492546757.5012074
EXC,ccsm4_rcp45_r1i1p1,FORE-SCE-A1B,7007081347.354344,618238097.8873383,6388843249.467006
EXC,ccsm4_rcp45_r1i1p1,FORE-SCE-A2,6210193447.120242,961073606.9143835,5249119840.205858
EXC,ccsm4_rcp45_r1i1p1,FORE-SCE-B1,5665694580.612167,1002247149.0482436,4663447431.563924
EXC,ccsm4_rcp45_r1i1p1,GCAM-26,12933136821.836325,0.0,12933136821.836325
EXC,ccsm4_rcp45_r1i1p1,GCAM-45,9539049833.035341,320532346.70242286,9218517486.332914
EXC,ccsm4_rcp45_r1i1p1,GCAM-ref,7155032663.959005,551562299.7012744,6603470364.257731
EXC,ccsm4_rcp45_r1i1p1,LUCAS-BAU_High-0001,4876382149.995439,900360940.9625359,3976021209.0329027
EXC,ccsm4_rcp45_r1i1p1,LUCAS-BAU_High-0002,4980220737.053185,871295227.0903437,4108925509.962842
EXC,ccsm4_rcp60_r1i1p1,FORE-SCE-A1B,7871716264.302652,1139315912.4454741,6732400351.857178
EXC,ccsm4_rcp60_r1i1p1,FORE-SCE-A2,6981081621.502757,1152673782.4178438,5828407839.084914
EXC,ccsm4_rcp60_r1i1p1,FORE-SCE-B1,6420986156.574076,1090631288.497591,5330354868.076484
EXC,ccsm4_rcp60_r1i1p1,GCAM-26,11573170056.881945,2457977.3132536504,11570712079.56869
EXC,ccsm4_rcp60_r1i1p1,GCAM-45,9611907536.35555,1190280030.2554047,8421627506.1001425
EXC,ccsm4_rcp60_r1i1p1,GCAM-ref,8098262981.181437,1183517003.2744155,6914745977.9070215
EXC,ccsm4_rcp60_r1i1p1,LUCAS-BAU_High-0001,5735964673.407188,1091347097.2921953,4644617576.114996
EXC,ccsm4_rcp60_r1i1p1,LUCAS-BAU_High-0002,5821816239.621061,1090191224.2223358,4731625015.398726
EXC,ccsm4_rcp85_r1i1p1,FORE-SCE-A1B,13327997770.908184,1232672429.6958537,12095325341.21233
EXC,ccsm4_rcp85_r1i1p1,FORE-SCE-A2,11889062474.686487,1193768358.5869408,10695294116.099545
EXC,ccsm4_rcp85_r1i1p1,FORE-SCE-B1,10865660116.239008,1376542298.1216335,9489117818.117373
EXC,ccsm4_rcp85_r1i1p1,GCAM-26,21370132388.31873,857666908.9614956,20512465479.35724
EXC,ccsm4_rcp85_r1i1p1,GCAM-45,16361553394.976809,975037855.0359393,15386515539.94087
EXC,ccsm4_rcp85_r1i1p1,GCAM-ref,13178079977.297487,1215990750.739332,11962089226.558155
EXC,ccsm4_rcp85_r1i1p1,LUCAS-BAU_High-0001,9401348628.372978,1367403444.6983485,8033945183.674629
EXC,ccsm4_rcp85_r1i1p1,LUCAS-BAU_High-0002,9604562317.123919,1368010577.9198859,8236551739.204036
EXC,cesm1-bgc_rcp45_r1i1p1,FORE-SCE-A1B,7610603520.292709,377712345.1316287,7232891175.161081
EXC,cesm1-bgc_rcp45_r1i1p1,FORE-SCE-A2,6722138249.085151,381429461.74195135,6340708787.3432
EXC,cesm1-bgc_rcp45_r1i1p1,FORE-SCE-B1,6697935388.140553,1104330877.6904602,5593604510.450093
EXC,cesm1-bgc_rcp45_r1i1p1,GCAM-26,13087528255.476282,25131962.721525628,13062396292.754757
EXC,cesm1-bgc_rcp45_r1i1p1,GCAM-45,10153675925.971088,916460588.590425,9237215337.380663
EXC,cesm1-bgc_rcp45_r1i1p1,GCAM-ref,7697347723.46483,517381961.4345426,7179965762.030287
EXC,cesm1-bgc_rcp45_r1i1p1,LUCAS-BAU_High-0001,6053515610.546543,1331357366.602374,4722158243.94417
EXC,cesm1-bgc_rcp45_r1i1p1,LUCAS-BAU_High-0002,6136045964.298458,1308133832.3518806,4827912131.946578
EXC,cesm1-bgc_rcp85_r1i1p1,FORE-SCE-A1B,18686760115.8106,9362572125.684685,9324187990.125916
EXC,cesm1-bgc_rcp85_r1i1p1,FORE-SCE-A2,17163481034.185476,8943424631.435925,8220056402.749545
EXC,cesm1-bgc_rcp85_r1i1p1,FORE-SCE-B1,16240854155.834091,8696538712.078575,7544315443.755516
EXC,cesm1-bgc_rcp85_r1i1p1,GCAM-26,22959131980.493477,7260996882.925101,15698135097.56838
EXC,cesm1-bgc_rcp85_r1i1p1,GCAM-45,20090670989.016285,8295029054.254583,11795641934.761703
EXC,cesm1-bgc_rcp85_r1i1p1,GCAM-ref,18478726199.38574,9191904340.494898,9286821858.89084
EXC,cesm1-bgc_rcp85_r1i1p1,LUCAS-BAU_High-0001,15080082670.76774,8483587690.058196,6596494980.709546
EXC,cesm1-bgc_rcp85_r1i1p1,LUCAS-BAU_High-0002,15254250668.637724,8488370039.428778,6765880629.208943
EXC,cesm1-cam5_rcp26_r1i1p1,FORE-SCE-A1B,12902153944.807587,8501358715.154653,4400795229.652937
EXC,cesm1-cam5_rcp26_r1i1p1,FORE-SCE-A2,12482853655.789782,8829002430.057713,3653851225.7320695
EXC,cesm1-cam5_rcp26_r1i1p1,FORE-SCE-B1,11608711557.014282,8366270626.136881,3242440930.8774033
EXC,cesm1-cam5_rcp26_r1i1p1,GCAM-26,16507550861.167261,7118852848.765062,9388698012.402197
EXC,cesm1-cam5_rcp26_r1i1p1,GCAM-45,13126233891.449394,6897224309.039296,6229009582.410098
EXC,cesm1-cam5_rcp26_r1i1p1,GCAM-ref,12951705941.716993,8507423496.782929,4444282444.934059
EXC,cesm1-cam5_rcp26_r1i1p1,LUCAS-BAU_High-0001,11361518126.634308,8659377244.2292,2702140882.4051085
EXC,cesm1-cam5_rcp26_r1i1p1,LUCAS-BAU_High-0002,11445932808.211702,8652647650.972317,2793285157.239389
EXC,cesm1-cam5_rcp45_r1i1p1,FORE-SCE-A1B,12641950627.199167,5621160315.878065,7020790311.321103
EXC,cesm1-cam5_rcp45_r1i1p1,FORE-SCE-A2,11068358813.935888,5304233384.085426,5764125429.850459
EXC,cesm1-cam5_rcp45_r1i1p1,FORE-SCE-B1,10448018840.012817,5359000719.534006,5089018120.478807
EXC,cesm1-cam5_rcp45_r1i1p1,GCAM-26,19868162521.88251,5640932636.537024,14227229885.34549
EXC,cesm1-cam5_rcp45_r1i1p1,GCAM-45,15074188174.596731,5514838532.9415245,9559349641.655203
EXC,cesm1-cam5_rcp45_r1i1p1,GCAM-ref,12742186508.038136,5563478114.796379,7178708393.241748
EXC,cesm1-cam5_rcp45_r1i1p1,LUCAS-BAU_High-0001,9572095293.49066,5326457010.384914,4245638283.105748
EXC,cesm1-cam5_rcp45_r1i1p1,LUCAS-BAU_High-0002,9734871768.366472,5322242567.794716,4412629200.5717535
EXC,cesm1-cam5_rcp60_r1i1p1,FORE-SCE-A1B,13096961239.73816,3016746726.959833,10080214512.778324
EXC,cesm1-cam5_rcp60_r1i1p1,FORE-SCE-A2,12135573372.723587,3439644489.5830364,8695928883.140553
EXC,cesm1-cam5_rcp60_r1i1p1,FORE-SCE-B1,11864764121.647678,4066569286.6624527,7798194834.985224
EXC,cesm1-cam5_rcp60_r1i1p1,GCAM-26,21409305663.827682,3246146999.999983,18163158663.827705
EXC,cesm1-cam5_rcp60_r1i1p1,GCAM-45,16935676425.185383,3443758941.3415895,13491917483.843792
EXC,cesm1-cam5_rcp60_r1i1p1,GCAM-ref,12963065704.820852,2937338372.892414,10025727331.928436
EXC,cesm1-cam5_rcp60_r1i1p1,LUCAS-BAU_High-0001,12088383486.451576,5447957621.073185,6640425865.378393
EXC,cesm1-cam5_rcp60_r1i1p1,LUCAS-BAU_High-0002,12263547324.677742,5442744884.406902,6820802440.270847
EXC,cesm1-cam5_rcp85_r1i1p1,FORE-SCE-A1B,28552818765.443256,13191865181.629065,15360953583.814194
EXC,cesm1-cam5_rcp85_r1i1p1,FORE-SCE-A2,27202974889.065525,13343372167.682585,13859602721.382933
EXC,cesm1-cam5_rcp85_r1i1p1,FORE-SCE-B1,26007952405.484497,13549323272.769306,12458629132.715193
EXC,cesm1-cam5_rcp85_r1i1p1,GCAM-26,37657561757.30824,13367922253.140743,24289639504.167492
EXC,cesm1-cam5_rcp85_r1i1p1,GCAM-45,32109546393.185783,13191080477.858503,18918465915.32728
EXC,cesm1-cam5_rcp85_r1i1p1,GCAM-ref,28357264102.889317,13316582161.44258,15040681941.446741
EXC,cesm1-cam5_rcp85_r1i1p1,LUCAS-BAU_High-0001,24220210083.37967,13526289233.506313,10693920849.873352
EXC,cesm1-cam5_rcp85_r1i1p1,LUCAS-BAU_High-0002,24475332416.08344,13517423228.614748,10957909187.46869
EXC,cmcc-cm_rcp45_r1i1p1,FORE-SCE-A1B,9519108160.500357,3190629262.763715,6328478897.736644
EXC,cmcc-cm_rcp45_r1i1p1,FORE-SCE-A2,7629861710.641519,2596196212.207825,5033665498.433691
EXC,cmcc-cm_rcp45_r1i1p1,FORE-SCE-B1,7330777803.107413,3259423065.4142694,4071354737.6931405
EXC,cmcc-cm_rcp45_r1i1p1,GCAM-26,17203488729.41817,3029667946.747802,14173820782.670364
EXC,cmcc-cm_rcp45_r1i1p1,GCAM-45,12331951109.697754,3180882474.4886084,9151068635.209143
EXC,cmcc-cm_rcp45_r1i1p1,GCAM-ref,9568335354.024061,3332100542.1697416,6236234811.854319
EXC,cmcc-cm_rcp45_r1i1p1,LUCAS-BAU_High-0001,6455854700.691313,3410106098.87506,3045748601.816251
EXC,cmcc-cm_rcp45_r1i1p1,LUCAS-BAU_High-0002,6587411203.306483,3391216020.041032,3196195183.2654524
EXC,cmcc-cm_rcp85_r1i1p1,FORE-SCE-A1B,9563904867.218906,0.0,9563904867.218906
EXC,cmcc-cm_rcp85_r1i1p1,FORE-SCE-A2,8468216886.072318,0.0,8468216886.072318
EXC,cmcc-cm_rcp85_r1i1p1,FORE-SCE-B1,7065311878.63953,0.0,7065311878.63953
EXC,cmcc-cm_rcp85_r1i1p1,GCAM-26,18193811541.435097,0.0,18193811541.435097
EXC,cmcc-cm_rcp85_r1i1p1,GCAM-45,12741106069.502731,0.0,12741106069.502731
EXC,cmcc-cm_rcp85_r1i1p1,GCAM-ref,9220002058.97856,0.0,9220002058.97856
EXC,cmcc-cm_rcp85_r1i1p1,LUCAS-BAU_High-0001,5642223709.1755905,0.0,5642223709.1755905
EXC,cmcc-cm_rcp85_r1i1p1,LUCAS-BAU_High-0002,5804259064.8518915,0.0,5804259064.8518915
EXC,cnrm-cm5_rcp45_r1i1p1,FORE-SCE-A1B,8428681257.13309,0.0,8428681257.13309
EXC,cnrm-cm5_rcp45_r1i1p1,FORE-SCE-A2,7433396543.787894,0.0,7433396543.787894
EXC,cnrm-cm5_rcp45_r1i1p1,FORE-SCE-B1,6822833284.794179,0.0,6822833284.794179
EXC,cnrm-cm5_rcp45_r1i1p1,GCAM-26,13300127639.174294,0.0,13300127639.174294
EXC,cnrm-cm5_rcp45_r1i1p1,GCAM-45,10245554065.354979,0.0,10245554065.354979
EXC,cnrm-cm5_rcp45_r1i1p1,GCAM-ref,8528494436.871367,0.0,8528494436.871367
EXC,cnrm-cm5_rcp45_r1i1p1,LUCAS-BAU_High-0001,6019694497.80826,0.0,6019694497.80826
EXC,cnrm-cm5_rcp45_r1i1p1,LUCAS-BAU_High-0002,6156224346.456238,0.0,6156224346.456238
EXC,cnrm-cm5_rcp85_r1i1p1,FORE-SCE-A1B,26427654824.871418,9411766147.225801,17015888677.64561
EXC,cnrm-cm5_rcp85_r1i1p1,FORE-SCE-A2,24697383663.12227,9432677113.61915,15264706549.503126
EXC,cnrm-cm5_rcp85_r1i1p1,FORE-SCE-B1,23439139267.61332,9493363588.209202,13945775679.404118
EXC,cnrm-cm5_rcp85_r1i1p1,GCAM-26,34435293046.09486,8202712940.412627,26232580105.682228
EXC,cnrm-cm5_rcp85_r1i1p1,GCAM-45,29602022596.762188,8896385871.90835,20705636724.853844
EXC,cnrm-cm5_rcp85_r1i1p1,GCAM-ref,26318719153.211765,9391850913.671698,16926868239.540066
EXC,cnrm-cm5_rcp85_r1i1p1,LUCAS-BAU_High-0001,21791762144.883263,9652961571.447676,12138800573.435581
EXC,cnrm-cm5_rcp85_r1i1p1,LUCAS-BAU_High-0002,22074022572.25141,9650814052.122978,12423208520.12844
EXC,csiro-mk3-6-0_rcp26_r1i1p1,FORE-SCE-A1B,12961042507.357529,4130814372.4450912,8830228134.912437
EXC,csiro-mk3-6-0_rcp26_r1i1p1,FORE-SCE-A2,12862965021.761381,5554528973.875923,7308436047.885455
EXC,csiro-mk3-6-0_rcp26_r1i1p1,FORE-SCE-B1,11789615120.983131,5241952162.191796,6547662958.791334
EXC,csiro-mk3-6-0_rcp26_r1i1p1,GCAM-26,21121273541.03381,4502848032.0932255,16618425508.940577
EXC,csiro-mk3-6-0_rcp26_r1i1p1,GCAM-45,16158883344.92233,4344059985.627704,11814823359.294626
EXC,csiro-mk3-6-0_rcp26_r1i1p1,GCAM-ref,13205478393.684519,4053888013.167007,9151590380.51751
EXC,csiro-mk3-6-0_rcp26_r1i1p1,LUCAS-BAU_High-0001,10825544451.22743,5101388436.114414,5724156015.113015
EXC,csiro-mk3-6-0_rcp26_r1i1p1,LUCAS-BAU_High-0002,11011252496.926054,5117362420.785592,5893890076.14046
EXC,csiro-mk3-6-0_rcp45_r1i1p1,FORE-SCE-A1B,8296577313.394796,0.0,8296577313.394796
EXC,csiro-mk3-6-0_rcp45_r1i1p1,FORE-SCE-A2,6877004933.457778,0.0,6877004933.457778
EXC,csiro-mk3-6-0_rcp45_r1i1p1,FORE-SCE-B1,5925216649.139948,0.0,5925216649.139948
EXC,csiro-mk3-6-0_rcp45_r1i1p1,GCAM-26,16491848830.667439,0.0,16491848830.667439
EXC,csiro-mk3-6-0_rcp45_r1i1p1,GCAM-45,11600867338.267897,0.0,11600867338.267897
EXC,csiro-mk3-6-0_rcp45_r1i1p1,GCAM-ref,8473437296.964122,0.0,8473437296.964122
EXC,csiro-mk3-6-0_rcp45_r1i1p1,LUCAS-BAU_High-0001,4995642762.3099375,0.0,4995642762.3099375
EXC,csiro-mk3-6-0_rcp45_r1i1p1,LUCAS-BAU_High-0002,5166193122.296711,0.0,5166193122.296711
EXC,csiro-mk3-6-0_rcp60_r1i1p1,FORE-SCE-A1B,6895610398.520573,178042048.9544129,6717568349.56616
EXC,csiro-mk3-6-0_rcp60_r1i1p1,FORE-SCE-A2,5762781344.708366,218234814.24091497,5544546530.467451
EXC,csiro-mk3-6-0_rcp60_r1i1p1,FORE-SCE-B1,4956519391.63016,260139214.5883523,4696380177.041809
EXC,csiro-mk3-6-0_rcp60_r1i1p1,GCAM-26,14926006046.737133,735712019.83172,14190294026.90541
EXC,csiro-mk3-6-0_rcp60_r1i1p1,GCAM-45,9543614385.7194,43169820.457046255,9500444565.262354
EXC,csiro-mk3-6-0_rcp60_r1i1p1,GCAM-ref,6844925816.32912,178065693.9409888,6666860122.388131
EXC,csiro-mk3-6-0_rcp60_r1i1p1,LUCAS-BAU_High-0001,4338152093.038714,550983566.9809875,3787168526.0577264
EXC,csiro-mk3-6-0_rcp60_r1i1p1,LUCAS-BAU_High-0002,4360623586.066885,427216979.8463154,3933406606.2205696
EXC,csiro-mk3-6-0_rcp85_r1i1p1,FORE-SCE-A1B,15120761997.58202,1573206150.198848,13547555847.383173
EXC,csiro-mk3-6-0_rcp85_r1i1p1,FORE-SCE-A2,15058058459.939878,2954375809.32732,12103682650.61256
EXC,csiro-mk3-6-0_rcp85_r1i1p1,FORE-SCE-B1,14039913045.445486,3108667182.854332,10931245862.59115
EXC,csiro-mk3-6-0_rcp85_r1i1p1,GCAM-26,24300372703.76601,1415356164.9190419,22885016538.846966
EXC,csiro-mk3-6-0_rcp85_r1i1p1,GCAM-45,18795432375.505234,1412509246.9290166,17382923128.576218
EXC,csiro-mk3-6-0_rcp85_r1i1p1,GCAM-ref,15134903841.232851,1553833424.8026485,13581070416.430206
EXC,csiro-mk3-6-0_rcp85_r1i1p1,LUCAS-BAU_High-0001,12567398379.716719,3164439885.4403944,9402958494.276321
EXC,csiro-mk3-6-0_rcp85_r1i1p1,LUCAS-BAU_High-0002,12680590547.81685,3082702250.9707537,9597888296.8461
EXC,fgoals-g2_rcp26_r1i1p1,FORE-SCE-A1B,3265095797.511062,191001343.39477172,3074094454.11629
EXC,fgoals-g2_rcp26_r1i1p1,FORE-SCE-A2,2506951453.9693165,226660076.62193915,2280291377.347378
EXC,fgoals-g2_rcp26_r1i1p1,FORE-SCE-B1,2223951054.004275,264146000.0000043,1959805054.004271
EXC,fgoals-g2_rcp26_r1i1p1,GCAM-26,7704229520.306695,218465507.67387596,7485764012.632819
EXC,fgoals-g2_rcp26_r1i1p1,GCAM-45,4714616622.848872,1581011.3584851935,4713035611.490387
EXC,fgoals-g2_rcp26_r1i1p1,GCAM-ref,3499117887.9971085,280563848.9922967,3218554039.0048122
EXC,fgoals-g2_rcp26_r1i1p1,LUCAS-BAU_High-0001,1938910025.504669,289197939.2617532,1649712086.2429159
EXC,fgoals-g2_rcp26_r1i1p1,LUCAS-BAU_High-0002,2009444393.8101969,280341772.5809963,1729102621.2292006
FOL,access1-0_rcp45_r1i1p1,FORE-SCE-A1B,39528990225.53477,730420683.0938259,38798569542.44094
FOL,access1-0_rcp45_r1i1p1,FORE-SCE-A2,32623822406.241474,916482650.7128805,31707339755.528595
FOL,access1-0_rcp45_r1i1p1,FORE-SCE-B1,27243324106.297386,943959833.0468318,26299364273.250557
FOL,access1-0_rcp45_r1i1p1,GCAM-26,85446404773.22197,4331589997.295959,81114814775.92601
FOL,access1-0_rcp45_r1i1p1,GCAM-45,59296798751.898346,5223973000.000004,54072825751.89833
FOL,access1-0_rcp45_r1i1p1,GCAM-ref,39679424423.80747,730239160.9811224,38949185262.82635
FOL,access1-0_rcp45_r1i1p1,LUCAS-BAU_High-0001,21798983279.456646,788697896.5647635,21010285382.89188
FOL,access1-0_rcp45_r1i1p1,LUCAS-BAU_High-0002,22620111432.503986,735294854.991269,21884816577.51272
FOL,access1-0_rcp85_r1i1p1,FORE-SCE-A1B,60422711348.166306,0.0,60422711348.166306
FOL,access1-0_rcp85_r1i1p1,FORE-SCE-A2,49753066849.32418,0.0,49753066849.32418
FOL,access1-0_rcp85_r1i1p1,FORE-SCE-B1,42197953250.13941,0.0,42197953250.13941
FOL,access1-0_rcp85_r1i1p1,GCAM-26,121533407323.71939,274505999.9999852,121258901323.7194
FOL,access1-0_rcp85_r1i1p1,GCAM-45,83575395755.13466,0.0,83575395755.13466
FOL,access1-0_rcp85_r1i1p1,GCAM-ref,60533185372.58696,0.0,60533185372.58696
FOL,access1-0_rcp85_r1i1p1,LUCAS-BAU_High-0001,33550252635.82667,0.0,33550252635.82667
FOL,access1-0_rcp85_r1i1p1,LUCAS-BAU_High-0002,34911667407.30856,0.0,34911667407.30856
FOL,bcc-csm1-1-m_rcp45_r1i1p1,FORE-SCE-A1B,44590251173.86217,1185213999.9999986,43405037173.86217
FOL,bcc-csm1-1-m_rcp45_r1i1p1,FORE-SCE-A2,36978012747.229744,1185213999.9999986,35792798747.22974
FOL,bcc-csm1-1-m_rcp45_r1i1p1,FORE-SCE-B1,31060255746.66782,1185214000.0000072,29875041746.667812
FOL,bcc-csm1-1-m_rcp45_r1i1p1,GCAM-26,94524817787.39821,7986325000.0,86538492787.39822
FOL,bcc-csm1-1-m_rcp45_r1i1p1,GCAM-45,63525486638.71382,4719980999.999997,58805505638.71381
FOL,bcc-csm1-1-m_rcp45_r1i1p1,GCAM-ref,46091114619.53443,3019324999.9999943,43071789619.53443
FOL,bcc-csm1-1-m_rcp45_r1i1p1,LUCAS-BAU_High-0001,24732060587.17072,1185213999.9999955,23546846587.170727
FOL,bcc-csm1-1-m_rcp45_r1i1p1,LUCAS-BAU_High-0002,25654647641.559612,1185214000.0000072,24469433641.55961
FOL,bcc-csm1-1-m_rcp85_r1i1p1,FORE-SCE-A1B,66876465001.576256,2100738313.668445,64775726687.907814
FOL,bcc-csm1-1-m_rcp85_r1i1p1,FORE-SCE-A2,58216967604.51808,2090432273.601675,56126535330.91641
FOL,bcc-csm1-1-m_rcp85_r1i1p1,FORE-SCE-B1,49827893074.02086,1049852202.4794466,48778040871.54141
FOL,bcc-csm1-1-m_rcp85_r1i1p1,GCAM-26,122413608644.90569,2555565722.935558,119858042921.97015
FOL,bcc-csm1-1-m_rcp85_r1i1p1,GCAM-45,86779400314.4683,1728599447.3798258,85050800867.08847
FOL,bcc-csm1-1-m_rcp85_r1i1p1,GCAM-ref,66044298655.574066,2100513632.9748812,63943785022.59918
FOL,bcc-csm1-1-m_rcp85_r1i1p1,LUCAS-BAU_High-0001,40822859879.24911,1129420198.1884558,39693439681.06065
FOL,bcc-csm1-1-m_rcp85_r1i1p1,LUCAS-BAU_High-0002,42022713214.23928,1116640853.4240954,40906072360.815186
FOL,bcc-csm1-1_rcp26_r1i1p1,FORE-SCE-A1B,73036410342.62125,0.0,73036410342.62125
FOL,bcc-csm1-1_rcp26_r1i1p1,FORE-SCE-A2,61331950178.21092,0.0,61331950178.21092
FOL,bcc-csm1-1_rcp26_r1i1p1,FORE-SCE-B1,53036474757.85503,0.0,53036474757.85503
FOL,bcc-csm1-1_rcp26_r1i1p1,GCAM-26,137922685436.7976,5250824000.000011,132671861436.7976
FOL,bcc-csm1-1_rcp26_r1i1p1,GCAM-45,101451161410.21541,5250824000.000006,96200337410.21541
FOL,bcc-csm1-1_rcp26_r1i1p1,GCAM-ref,73472935272.95801,0.0,73472935272.95801
FOL,bcc-csm1-1_rcp26_r1i1p1,LUCAS-BAU_High-0001,44516681566.13115,0.0,44516681566.13115
FOL,bcc-csm1-1_rcp26_r1i1p1,LUCAS-BAU_High-0002,46043139965.977036,0.0,46043139965.977036
FOL,bcc-csm1-1_rcp45_r1i1p1,FORE-SCE-A1B,61454884934.07776,1092816447.6044302,60362068486.47333
FOL,bcc-csm1-1_rcp45_r1i1p1,FORE-SCE-A2,51592387231.607025,0.0,51592387231.607025
FOL,bcc-csm1-1_rcp45_r1i1p1,FORE-SCE-B1,43746275280.41554,0.0,43746275280.41554
FOL,bcc-csm1-1_rcp45_r1i1p1,GCAM-26,114634473748.30345,1317105006.1870947,113317368742.11636
FOL,bcc-csm1-1_rcp45_r1i1p1,GCAM-45,80777784384.91232,693474445.1944455,80084309939.71788
FOL,bcc-csm1-1_rcp45_r1i1p1,GCAM-ref,60547544297.46877,930079895.7520019,59617464401.71676
FOL,bcc-csm1-1_rcp45_r1i1p1,LUCAS-BAU_High-0001,36340640588.18395,0.0,36340640588.18395
FOL,bcc-csm1-1_rcp45_r1i1p1,LUCAS-BAU_High-0002,37592344493.982925,0.0,37592344493.982925
FOL,bcc-csm1-1_rcp60_r1i1p1,FORE-SCE-A1B,52852121134.24745,0.0,52852121134.24745
FOL,bcc-csm1-1_rcp60_r1i1p1,FORE-SCE-A2,43507014393.52415,0.0,43507014393.52415
FOL,bcc-csm1-1_rcp60_r1i1p1,FORE-SCE-B1,37177914700.306725,0.0,37177914700.306725
FOL,bcc-csm1-1_rcp60_r1i1p1,GCAM-26,103813466056.92676,0.0,103813466056.92676
FOL,bcc-csm1-1_rcp60_r1i1p1,GCAM-45,72114857189.68073,0.0,72114857189.68073
FOL,bcc-csm1-1_rcp60_r1i1p1,GCAM-ref,53989024265.28055,0.0,53989024265.28055
FOL,bcc-csm1-1_rcp60_r1i1p1,LUCAS-BAU_High-0001,30881129601.068188,0.0,30881129601.068188
FOL,bcc-csm1-1_rcp60_r1i1p1,LUCAS-BAU_High-0002,32073237681.84428,0.0,32073237681.84428
FOL,bcc-csm1-1_rcp85_r1i1p1,FORE-SCE-A1B,104211200558.89789,27056182564.60256,77155017994.29532
FOL,bcc-csm1-1_rcp85_r1i1p1,FORE-SCE-A2,93415452899.2225,26567685767.05996,66847767132.162544
FOL,bcc-csm1-1_rcp85_r1i1p1,FORE-SCE-B1,84739755729.3458,26584193100.66298,58155562628.682816
FOL,bcc-csm1-1_rcp85_r1i1p1,GCAM-26,172733453525.4285,35697409758.13982,137036043767.28864
FOL,bcc-csm1-1_rcp85_r1i1p1,GCAM-45,127985402525.54553,27257357686.250637,100728044839.29489
FOL,bcc-csm1-1_rcp85_r1i1p1,GCAM-ref,103220121567.75174,27043524933.84582,76176596633.90591
FOL,bcc-csm1-1_rcp85_r1i1p1,LUCAS-BAU_High-0001,73731868240.88297,25831890556.562576,47899977684.32036
FOL,bcc-csm1-1_rcp85_r1i1p1,LUCAS-BAU_High-0002,75087382597.69725,25827224658.897057,49260157938.800186
FOL,canesm2_rcp26_r1i1p1,FORE-SCE-A1B,74615877009.42094,22267346467.552044,52348530541.86887
FOL,canesm2_rcp26_r1i1p1,FORE-SCE-A2,64759842584.19194,21830814779.234657,42929027804.95729
FOL,canesm2_rcp26_r1i1p1,FORE-SCE-B1,57454499331.691696,19473479487.416706,37981019844.27501
FOL,canesm2_rcp26_r1i1p1,GCAM-26,132709239551.6784,31265346509.50129,101443893042.17712
FOL,canesm2_rcp26_r1i1p1,GCAM-45,100258383818.1993,28616994994.987267,71641388823.21202
FOL,canesm2_rcp26_r1i1p1,GCAM-ref,76409923375.26178,22325831494.598587,54084091880.66318
FOL,canesm2_rcp26_r1i1p1,LUCAS-BAU_High-0001,49256906455.62977,17889195954.964993,31367710500.664783
FOL,canesm2_rcp26_r1i1p1,LUCAS-BAU_High-0002,51767926392.43103,19199261983.998158,32568664408.432858
FOL,canesm2_rcp45_r1i1p1,FORE-SCE-A1B,85080782882.69788,21789565584.272926,63291217298.42495
FOL,canesm2_rcp45_r1i1p1,FORE-SCE-A2,78367730772.80817,24444741665.005116,53922989107.803055
FOL,canesm2_rcp45_r1i1p1,FORE-SCE-B1,71566427142.17302,24430580540.582188,47135846601.59084
FOL,canesm2_rcp45_r1i1p1,GCAM-26,137802010774.88422,25468566444.321243,112333444330.56296
FOL,canesm2_rcp45_r1i1p1,GCAM-45,103715903890.53596,21474090858.1864,82241813032.34956
FOL,canesm2_rcp45_r1i1p1,GCAM-ref,84686539106.9341,21678961767.07721,63007577339.8569
FOL,canesm2_rcp45_r1i1p1,LUCAS-BAU_High-0001,60725638640.80162,21595213284.565254,39130425356.23636
FOL,canesm2_rcp45_r1i1p1,LUCAS-BAU_High-0002,63061728690.54975,22659566777.148945,40402161913.40082
FOL,canesm2_rcp85_r1i1p1,FORE-SCE-A1B,250146604778.16086,149805702487.9603,100340902290.20052
FOL,canesm2_rcp85_r1i1p1,FORE-SCE-A2,238583366179.1839,150041194032.0531,88542172147.13083
FOL,canesm2_rcp85_r1i1p1,FORE-SCE-B1,228082836883.26025,149388100251.72797,78694736631.53226
FOL,canesm2_rcp85_r1i1p1,GCAM-26,316942682622.8171,149756268306.5803,167186414316.2368
FOL,canesm2_rcp85_r1i1p1,GCAM-45,275667499979.05963,149826345947.38394,125841154031.67566
FOL,canesm2_rcp85_r1i1p1,GCAM-ref,249633296674.43283,149132172824.77676,100501123849.65607
FOL,canesm2_rcp85_r1i1p1,LUCAS-BAU_High-0001,220808295058.61374,149818101688.04797,70990193370.56578
FOL,canesm2_rcp85_r1i1p1,LUCAS-BAU_High-0002,222603253157.16895,149816446065.11365,72786807092.0554
FOL,ccsm4_rcp26_r1i1p1,FORE-SCE-A1B,43362512538.09158,1539781909.8691397,41822730628.22244
FOL,ccsm4_rcp26_r1i1p1,FORE-SCE-A2,37053553564.814735,1541091251.0550244,35512462313.75971
FOL,ccsm4_rcp26_r1i1p1,FORE-SCE-B1,30118517710.21539,438322404.31439716,29680195305.90099
FOL,ccsm4_rcp26_r1i1p1,GCAM-26,87801079837.5311,3990332298.616276,83810747538.91483
FOL,ccsm4_rcp26_r1i1p1,GCAM-45,60050784033.924934,2262195964.8706923,57788588069.05424
FOL,ccsm4_rcp26_r1i1p1,GCAM-ref,43274274808.85146,1539549562.6420612,41734725246.20941
FOL,ccsm4_rcp26_r1i1p1,LUCAS-BAU_High-0001,24567117672.71527,438208805.9623289,24128908866.752945
FOL,ccsm4_rcp26_r1i1p1,LUCAS-BAU_High-0002,25303654036.107204,438221912.43059933,24865432123.676605
FOL,ccsm4_rcp45_r1i1p1,FORE-SCE-A1B,54996090857.397415,513863698.437679,54482227158.95974
FOL,ccsm4_rcp45_r1i1p1,FORE-SCE-A2,45898556425.96476,513407055.6653169,45385149370.299446
FOL,ccsm4_rcp45_r1i1p1,FORE-SCE-B1,39659250653.58778,0.0,39659250653.58778
FOL,ccsm4_rcp45_r1i1p1,GCAM-26,105688224006.68457,4345823642.085747,101342400364.59882
FOL,ccsm4_rcp45_r1i1p1,GCAM-45,75487492164.26857,3817553130.218177,71669939034.05038
FOL,ccsm4_rcp45_r1i1p1,GCAM-ref,55291713188.781876,512927949.57522416,54778785239.20666
FOL,ccsm4_rcp45_r1i1p1,LUCAS-BAU_High-0001,33364186523.516056,0.0,33364186523.516056
FOL,ccsm4_rcp45_r1i1p1,LUCAS-BAU_High-0002,34489211881.79136,0.0,34489211881.79136
FOL,ccsm4_rcp60_r1i1p1,FORE-SCE-A1B,50729151694.48122,5675709141.614151,45053442552.867065
FOL,ccsm4_rcp60_r1i1p1,FORE-SCE-A2,43938476381.23497,5578022208.466829,38360454172.76813
FOL,ccsm4_rcp60_r1i1p1,FORE-SCE-B1,35964288426.404465,3078189540.9178686,32886098885.4866
FOL,ccsm4_rcp60_r1i1p1,GCAM-26,93715986356.18303,6361654202.108619,87354332154.07443
FOL,ccsm4_rcp60_r1i1p1,GCAM-45,69041759350.0758,8092253994.305782,60949505355.77001
FOL,ccsm4_rcp60_r1i1p1,GCAM-ref,54934046109.01246,8737522476.838371,46196523632.17408
FOL,ccsm4_rcp60_r1i1p1,LUCAS-BAU_High-0001,30321596480.99843,3071494980.352619,27250101500.64581
FOL,ccsm4_rcp60_r1i1p1,LUCAS-BAU_High-0002,31196796257.06159,3071872514.3563685,28124923742.70522
FOL,ccsm4_rcp85_r1i1p1,FORE-SCE-A1B,96318173866.90341,25406146483.429813,70912027383.47362
FOL,ccsm4_rcp85_r1i1p1,FORE-SCE-A2,85596039811.48059,24151267294.906296,61444772516.57432
FOL,ccsm4_rcp85_r1i1p1,FORE-SCE-B1,77575652954.42828,24165622369.387062,53410030585.041214
FOL,ccsm4_rcp85_r1i1p1,GCAM-26,153686948583.24384,26799354962.50899,126887593620.73483
FOL,ccsm4_rcp85_r1i1p1,GCAM-45,117574210039.47194,25571092043.47761,92003117995.99432
FOL,ccsm4_rcp85_r1i1p1,GCAM-ref,95366104691.88411,25430560106.023617,69935544585.86047
FOL,ccsm4_rcp85_r1i1p1,LUCAS-BAU_High-0001,67730317401.77118,23570693949.34592,44159623452.42526
FOL,ccsm4_rcp85_r1i1p1,LUCAS-BAU_High-0002,69710894263.75142,24205058949.202995,45505835314.54844
FOL,cesm1-bgc_rcp45_r1i1p1,FORE-SCE-A1B,67121139152.085464,16091236382.326803,51029902769.75865
FOL,cesm1-bgc_rcp45_r1i1p1,FORE-SCE-A2,54686824261.9693,11508421112.6655,43178403149.3038
FOL,cesm1-bgc_rcp45_r1i1p1,FORE-SCE-B1,47282460882.90047,9732244912.224464,37550215970.67599
FOL,cesm1-bgc_rcp45_r1i1p1,GCAM-26,110605123796.79518,16985780316.220692,93619343480.57451
FOL,cesm1-bgc_rcp45_r1i1p1,GCAM-45,82680169891.4877,16931689539.629482,65748480351.85822
FOL,cesm1-bgc_rcp45_r1i1p1,GCAM-ref,66166891290.17959,16115235498.223387,50051655791.956184
FOL,cesm1-bgc_rcp45_r1i1p1,LUCAS-BAU_High-0001,40779971669.0897,9769088346.173565,31010883322.916122
FOL,cesm1-bgc_rcp45_r1i1p1,LUCAS-BAU_High-0002,41774410188.01011,9766993590.974676,32007416597.03544
FOL,cesm1-bgc_rcp85_r1i1p1,FORE-SCE-A1B,64688541122.01377,6272081497.6267805,58416459624.386986
FOL,cesm1-bgc_rcp85_r1i1p1,FORE-SCE-A2,55190201903.36636,5540851559.626029,49649350343.740326
FOL,cesm1-bgc_rcp85_r1i1p1,FORE-SCE-B1,48823351882.30905,5443839047.5008955,43379512834.80815
FOL,cesm1-bgc_rcp85_r1i1p1,GCAM-26,120300049141.63773,12810083995.085075,107489965146.55264
FOL,cesm1-bgc_rcp85_r1i1p1,GCAM-45,84870491494.5358,8677845854.184122,76192645640.35168
FOL,cesm1-bgc_rcp85_r1i1p1,GCAM-ref,65627985792.497856,7700145507.063769,57927840285.43409
FOL,cesm1-bgc_rcp85_r1i1p1,LUCAS-BAU_High-0001,40889636997.33808,5539705198.425978,35349931798.9121
FOL,cesm1-bgc_rcp85_r1i1p1,LUCAS-BAU_High-0002,42115519660.81994,5532579674.852499,36582939985.96744
FOL,cesm1-cam5_rcp26_r1i1p1,FORE-SCE-A1B,41250443555.58545,2853314976.2794523,38397128579.306
FOL,cesm1-cam5_rcp26_r1i1p1,FORE-SCE-A2,34809760984.33528,2843104690.401966,31966656293.933308
FOL,cesm1-cam5_rcp26_r1i1p1,FORE-SCE-B1,29719206159.006165,2854261881.9325147,26864944277.073654
FOL,cesm1-cam5_rcp26_r1i1p1,GCAM-26,85901032593.51054,9892811343.292875,76008221250.21767
FOL,cesm1-cam5_rcp26_r1i1p1,GCAM-45,55929499572.16029,4031532611.0481343,51897966961.11217
FOL,cesm1-cam5_rcp26_r1i1p1,GCAM-ref,40617169618.534256,2855173215.2723155,37761996403.26193
FOL,cesm1-cam5_rcp26_r1i1p1,LUCAS-BAU_High-0001,24176126287.528816,2840001724.354469,21336124563.174355
FOL,cesm1-cam5_rcp26_r1i1p1,LUCAS-BAU_High-0002,25031548041.57631,2841758600.155372,22189789441.420937
FOL,cesm1-cam5_rcp45_r1i1p1,FORE-SCE-A1B,63697758246.850914,7859975115.921793,55837783130.92911
FOL,cesm1-cam5_rcp45_r1i1p1,FORE-SCE-A2,51605675376.131454,5303807990.485709,46301867385.64574
FOL,cesm1-cam5_rcp45_r1i1p1,FORE-SCE-B1,45321190356.02258,3750756561.066306,41570433794.956276
FOL,cesm1-cam5_rcp45_r1i1p1,GCAM-26,116200761143.3779,9870310800.089167,106330450343.28873
FOL,cesm1-cam5_rcp45_r1i1p1,GCAM-45,84119928330.45108,8754619041.528965,75365309288.92213
FOL,cesm1-cam5_rcp45_r1i1p1,GCAM-ref,63506934953.62376,6217559626.506316,57289375327.11745
FOL,cesm1-cam5_rcp45_r1i1p1,LUCAS-BAU_High-0001,37136001268.897285,2702280310.205489,34433720958.6918
FOL,cesm1-cam5_rcp45_r1i1p1,LUCAS-BAU_High-0002,38433130393.29289,2703441276.42088,35729689116.87202
FOL,cesm1-cam5_rcp60_r1i1p1,FORE-SCE-A1B,52201193720.67559,0.0,52201193720.67559
FOL,cesm1-cam5_rcp60_r1i1p1,FORE-SCE-A2,44316023816.71835,0.0,44316023816.71835
FOL,cesm1-cam5_rcp60_r1i1p1,FORE-SCE-B1,38342324217.47845,0.0,38342324217.47845
FOL,cesm1-cam5_rcp60_r1i1p1,GCAM-26,98903416127.25505,0.0,98903416127.25505
FOL,cesm1-cam5_rcp60_r1i1p1,GCAM-45,69437352766.43602,0.0,69437352766.43602
FOL,cesm1-cam5_rcp60_r1i1p1,GCAM-ref,52277930735.65719,0.0,52277930735.65719
FOL,cesm1-cam5_rcp60_r1i1p1,LUCAS-BAU_High-0001,31570060458.023964,0.0,31570060458.023964
FOL,cesm1-cam5_rcp60_r1i1p1,LUCAS-BAU_High-0002,32694981533.688324,0.0,32694981533.688324
FOL,cesm1-cam5_rcp85_r1i1p1,FORE-SCE-A1B,107014037036.65805,29077981347.747543,77936055688.91049
FOL,cesm1-cam5_rcp85_r1i1p1,FORE-SCE-A2,95743929802.7422,28202118780.19474,67541811022.547485
FOL,cesm1-cam5_rcp85_r1i1p1,FORE-SCE-B1,86591305291.50128,27180257415.257557,59411047876.24373
FOL,cesm1-cam5_rcp85_r1i1p1,GCAM-26,166624163865.9979,30724499239.722763,135899664626.27507
FOL,cesm1-cam5_rcp85_r1i1p1,GCAM-45,129655384029.92506,29866872713.44802,99788511316.47705
FOL,cesm1-cam5_rcp85_r1i1p1,GCAM-ref,106016675025.09813,29060960420.379814,76955714604.71829
FOL,cesm1-cam5_rcp85_r1i1p1,LUCAS-BAU_High-0001,76512440422.21307,27184064043.160282,49328376379.05281
FOL,cesm1-cam5_rcp85_r1i1p1,LUCAS-BAU_High-0002,78068818751.05757,27180504619.23219,50888314131.82537
FOL,cmcc-cm_rcp45_r1i1p1,FORE-SCE-A1B,58583064714.6925,4438492376.16436,54144572338.52812
FOL,cmcc-cm_rcp45_r1i1p1,FORE-SCE-A2,48361181320.259285,3416755528.3305554,44944425791.92873
FOL,cmcc-cm_rcp45_r1i1p1,FORE-SCE-B1,41623035640.99269,3423056820.7881937,38199978820.20448
FOL,cmcc-cm_rcp45_r1i1p1,GCAM-26,111934559965.71991,5359426263.066309,106575133702.6536
FOL,cmcc-cm_rcp45_r1i1p1,GCAM-45,78099327288.27974,4683557169.364565,73415770118.91519
FOL,cmcc-cm_rcp45_r1i1p1,GCAM-ref,57999935336.24261,4397623004.846441,53602312331.39616
FOL,cmcc-cm_rcp45_r1i1p1,LUCAS-BAU_High-0001,33769072626.476357,2435235421.5758824,31333837204.900475
FOL,cmcc-cm_rcp45_r1i1p1,LUCAS-BAU_High-0002,35995320636.35564,3432598103.320456,32562722533.035187
FOL,cmcc-cm_rcp85_r1i1p1,FORE-SCE-A1B,73558990989.10855,0.0,73558990989.10855
FOL,cmcc-cm_rcp85_r1i1p1,FORE-SCE-A2,64223053686.28247,0.0,64223053686.28247
FOL,cmcc-cm_rcp85_r1i1p1,FORE-SCE-B1,55555598459.52838,0.0,55555598459.52838
FOL,cmcc-cm_rcp85_r1i1p1,GCAM-26,133577221029.19003,0.0,133577221029.19003
FOL,cmcc-cm_rcp85_r1i1p1,GCAM-45,96305357774.60179,0.0,96305357774.60179
FOL,cmcc-cm_rcp85_r1i1p1,GCAM-ref,72445586532.11742,0.0,72445586532.11742
FOL,cmcc-cm_rcp85_r1i1p1,LUCAS-BAU_High-0001,45198509640.6697,0.0,45198509640.6697
FOL,cmcc-cm_rcp85_r1i1p1,LUCAS-BAU_High-0002,46551549937.57476,0.0,46551549937.57476
FOL,cnrm-cm5_rcp45_r1i1p1,FORE-SCE-A1B,67334471657.57431,17623270774.719135,49711200882.85518
FOL,cnrm-cm5_rcp45_r1i1p1,FORE-SCE-A2,57578685234.61316,16303380289.771519,41275304944.84164
FOL,cnrm-cm5_rcp45_r1i1p1,FORE-SCE-B1,51391118597.55492,13611152541.52801,37779966056.02691
FOL,cnrm-cm5_rcp45_r1i1p1,GCAM-26,113420065678.74065,20439578102.725838,92980487576.01482
FOL,cnrm-cm5_rcp45_r1i1p1,GCAM-45,87846943176.96098,21374226380.884045,66472716796.07696
FOL,cnrm-cm5_rcp45_r1i1p1,GCAM-ref,69045551394.13992,17556213645.317554,51489337748.82237
FOL,cnrm-cm5_rcp45_r1i1p1,LUCAS-BAU_High-0001,44229220076.13715,12773943312.789085,31455276763.348072
FOL,cnrm-cm5_rcp45_r1i1p1,LUCAS-BAU_High-0002,45752681372.14147,13308827886.28802,32443853485.853455
FOL,cnrm-cm5_rcp85_r1i1p1,FORE-SCE-A1B,161168990529.51068,81118285359.47685,80050705170.03389
FOL,cnrm-cm5_rcp85_r1i1p1,FORE-SCE-A2,153058788154.82568,84377851099.01921,68680937055.806496
FOL,cnrm-cm5_rcp85_r1i1p1,FORE-SCE-B1,146457972327.88477,85447523463.19748,61010448864.68728
FOL,cnrm-cm5_rcp85_r1i1p1,GCAM-26,207160136904.41034,66985652983.8893,140174483920.5211
FOL,cnrm-cm5_rcp85_r1i1p1,GCAM-45,180271752783.6827,77769914684.83981,102501838098.84288
FOL,cnrm-cm5_rcp85_r1i1p1,GCAM-ref,161535497360.97525,81061993099.07314,80473504261.90215
FOL,cnrm-cm5_rcp85_r1i1p1,LUCAS-BAU_High-0001,137779481556.72955,81945676320.83112,55833805235.89848
FOL,cnrm-cm5_rcp85_r1i1p1,LUCAS-BAU_High-0002,138034611625.13922,81918636015.51076,56115975609.62844
FOL,csiro-mk3-6-0_rcp26_r1i1p1,FORE-SCE-A1B,61250107977.145905,2912540882.235349,58337567094.91055
FOL,csiro-mk3-6-0_rcp26_r1i1p1,FORE-SCE-A2,54075856611.116936,4365910380.405499,49709946230.71143
FOL,csiro-mk3-6-0_rcp26_r1i1p1,FORE-SCE-B1,47450272316.82475,3420066628.2475343,44030205688.57722
FOL,csiro-mk3-6-0_rcp26_r1i1p1,GCAM-26,111719852720.5332,3599538195.38065,108120314525.15253
FOL,csiro-mk3-6-0_rcp26_r1i1p1,GCAM-45,79787932462.07619,2829073140.589058,76958859321.4871
FOL,csiro-mk3-6-0_rcp26_r1i1p1,GCAM-ref,61743776402.35555,2875615896.9262524,58868160505.4293
FOL,csiro-mk3-6-0_rcp26_r1i1p1,LUCAS-BAU_High-0001,40637839714.83885,3374863620.3754864,37262976094.463356
FOL,csiro-mk3-6-0_rcp26_r1i1p1,LUCAS-BAU_High-0002,41856289680.35247,3369190605.4408727,38487099074.911606
FOL,csiro-mk3-6-0_rcp45_r1i1p1,FORE-SCE-A1B,63217700632.17832,4712138930.287567,58505561701.890755
FOL,csiro-mk3-6-0_rcp45_r1i1p1,FORE-SCE-A2,52445470787.721054,1215949490.2710257,51229521297.45003
FOL,csiro-mk3-6-0_rcp45_r1i1p1,FORE-SCE-B1,45153931204.31157,1248983858.0383046,43904947346.27326
FOL,csiro-mk3-6-0_rcp45_r1i1p1,GCAM-26,116102835698.35768,5224358657.597087,110878477040.7606
FOL,csiro-mk3-6-0_rcp45_r1i1p1,GCAM-45,82560299727.32982,4612812196.918495,77947487530.41133
FOL,csiro-mk3-6-0_rcp45_r1i1p1,GCAM-ref,62644372522.89203,4666075259.791673,57978297263.10036
FOL,csiro-mk3-6-0_rcp45_r1i1p1,LUCAS-BAU_High-0001,37627477858.80023,1229196963.6052673,36398280895.19496
FOL,csiro-mk3-6-0_rcp45_r1i1p1,LUCAS-BAU_High-0002,38942131979.95157,1227610815.3881738,37714521164.56339
FOL,csiro-mk3-6-0_rcp60_r1i1p1,FORE-SCE-A1B,52955833200.49687,5772413962.648411,47183419237.84848
FOL,csiro-mk3-6-0_rcp60_r1i1p1,FORE-SCE-A2,46081968542.62112,5763466175.187461,40318502367.433655
FOL,csiro-mk3-6-0_rcp60_r1i1p1,FORE-SCE-B1,35875214625.289085,1039872618.335695,34835342006.95339
FOL,csiro-mk3-6-0_rcp60_r1i1p1,GCAM-26,98153947630.40962,5777310712.353218,92376636918.05638
FOL,csiro-mk3-6-0_rcp60_r1i1p1,GCAM-45,68685828873.41302,5770477741.589569,62915351131.82343
FOL,csiro-mk3-6-0_rcp60_r1i1p1,GCAM-ref,50807280680.46711,5774097274.291204,45033183406.175896
FOL,csiro-mk3-6-0_rcp60_r1i1p1,LUCAS-BAU_High-0001,28879743871.680943,1038069608.4824274,27841674263.198505
FOL,csiro-mk3-6-0_rcp60_r1i1p1,LUCAS-BAU_High-0002,29984041552.343525,1039407781.330828,28944633771.0127
FOL,csiro-mk3-6-0_rcp85_r1i1p1,FORE-SCE-A1B,81525681385.32156,9717245251.893322,71808436133.42824
FOL,csiro-mk3-6-0_rcp85_r1i1p1,FORE-SCE-A2,70910115502.2153,8748845059.337912,62161270442.8774
FOL,csiro-mk3-6-0_rcp85_r1i1p1,FORE-SCE-B1,61199950604.07123,6587274169.397333,54612676434.6739
FOL,csiro-mk3-6-0_rcp85_r1i1p1,GCAM-26,141490701974.10556,11138441847.18432,130352260126.92122
FOL,csiro-mk3-6-0_rcp85_r1i1p1,GCAM-45,102647174887.94107,9361793349.712843,93285381538.22823
FOL,csiro-mk3-6-0_rcp85_r1i1p1,GCAM-ref,81327989689.05565,9705689947.121433,71622299741.9342
FOL,csiro-mk3-6-0_rcp85_r1i1p1,LUCAS-BAU_High-0001,51767335269.962265,6587367905.624047,45179967364.338234
FOL,csiro-mk3-6-0_rcp85_r1i1p1,LUCAS-BAU_High-0002,53235350666.307915,6587229542.357471,46648121123.95043
FOL,fgoals-g2_rcp26_r1i1p1,FORE-SCE-A1B,36025191016.11201,0.0,36025191016.11201
FOL,fgoals-g2_rcp26_r1i1p1,FORE-SCE-A2,29553307023.13056,0.0,29553307023.13056
FOL,fgoals-g2_rcp26_r1i1p1,FORE-SCE-B1,25652118132.870983,0.0,25652118132.870983
FOL,fgoals-g2_rcp26_r1i1p1,GCAM-26,79568068471.45915,4583002999.999994,74985065471.45917
FOL,fgoals-g2_rcp26_r1i1p1,GCAM-45,50377643231.44026,0.0,50377643231.44026
FOL,fgoals-g2_rcp26_r1i1p1,GCAM-ref,36648977196.71092,0.0,36648977196.71092
FOL,fgoals-g2_rcp26_r1i1p1,LUCAS-BAU_High-0001,20787633196.882378,0.0,20787633196.882378
FOL,fgoals-g2_rcp26_r1i1p1,LUCAS-BAU_High-0002,21709939232.259686,0.0,21709939232.259686
MIL,access1-0_rcp45_r1i1p1,FORE-SCE-A1B,179007015172.976,87126236036.88669,91880779136.08928
MIL,access1-0_rcp45_r1i1p1,FORE-SCE-A2,166457642949.89233,84930551751.19223,81527091198.70016
MIL,access1-0_rcp45_r1i1p1,FORE-SCE-B1,159786752204.16797,85478171641.94945,74308580562.21854
MIL,access1-0_rcp45_r1i1p1,GCAM-26,228606353662.48975,84236477897.68231,144369875764.80743
MIL,access1-0_rcp45_r1i1p1,GCAM-45,196923786022.16492,84148328014.02959,112775458008.13547
MIL,access1-0_rcp45_r1i1p1,GCAM-ref,177590271581.50568,85293723799.84007,92296547781.66563
MIL,access1-0_rcp45_r1i1p1,LUCAS-BAU_High-0001,149794432470.32126,84529786875.96342,65264645594.357864
MIL,access1-0_rcp45_r1i1p1,LUCAS-BAU_High-0002,151590935893.05997,84852798460.87903,66738137432.18101
MIL,access1-0_rcp85_r1i1p1,FORE-SCE-A1B,150031622529.53683,30431598396.013817,119600024133.523
MIL,access1-0_rcp85_r1i1p1,FORE-SCE-A2,139111015577.02682,32063048743.229565,107047966833.79726
MIL,access1-0_rcp85_r1i1p1,FORE-SCE-B1,131053042076.469,32727076966.328793,98325965110.14018
MIL,access1-0_rcp85_r1i1p1,GCAM-26,218189436915.25085,33012931426.037903,185176505489.21295
MIL,access1-0_rcp85_r1i1p1,GCAM-45,176743340689.95575,31515134930.804333,145228205759.15137
MIL,access1-0_rcp85_r1i1p1,GCAM-ref,153350664266.0115,33277736919.74981,120072927346.26172
MIL,access1-0_rcp85_r1i1p1,LUCAS-BAU_High-0001,119268820851.02179,32361388988.296314,86907431862.72545
MIL,access1-0_rcp85_r1i1p1,LUCAS-BAU_High-0002,121153261529.62529,32411762229.980766,88741499299.64447
MIL,bcc-csm1-1-m_rcp45_r1i1p1,FORE-SCE-A1B,193136817822.62866,112719478680.71086,80417339141.91779
MIL,bcc-csm1-1-m_rcp45_r1i1p1,FORE-SCE-A2,183848738295.03415,112797308180.23251,71051430114.80157
MIL,bcc-csm1-1-m_rcp45_r1i1p1,FORE-SCE-B1,177680615471.20026,113621551765.31175,64059063705.88855
MIL,bcc-csm1-1-m_rcp45_r1i1p1,GCAM-26,241510790641.94196,112749501906.73273,128761288735.2092
MIL,bcc-csm1-1-m_rcp45_r1i1p1,GCAM-45,209274392059.30655,110224810886.06917,99049581173.23732
MIL,bcc-csm1-1-m_rcp45_r1i1p1,GCAM-ref,192067453327.08823,111696475927.5836,80370977399.5047
MIL,bcc-csm1-1-m_rcp45_r1i1p1,LUCAS-BAU_High-0001,169842002460.35657,113969245931.88065,55872756528.47596
MIL,bcc-csm1-1-m_rcp45_r1i1p1,LUCAS-BAU_High-0002,171248919796.79974,114209543044.60956,57039376752.19025
MIL,bcc-csm1-1-m_rcp85_r1i1p1,FORE-SCE-A1B,411338623320.3963,328786278178.5039,82552345141.8923
MIL,bcc-csm1-1-m_rcp85_r1i1p1,FORE-SCE-A2,405531970123.1892,331836893910.3137,73695076212.87573
MIL,bcc-csm1-1-m_rcp85_r1i1p1,FORE-SCE-B1,404301228365.917,337943749809.1893,66357478556.72772
MIL,bcc-csm1-1-m_rcp85_r1i1p1,GCAM-26,459649315104.4513,327243954937.7411,132405360166.71039
MIL,bcc-csm1-1-m_rcp85_r1i1p1,GCAM-45,432139769213.239,330546541033.82916,101593228179.40984
MIL,bcc-csm1-1-m_rcp85_r1i1p1,GCAM-ref,412614280890.7892,330593723210.6782,82020557680.11073
MIL,bcc-csm1-1-m_rcp85_r1i1p1,LUCAS-BAU_High-0001,395984779255.7389,338867805828.4694,57116973427.26943
MIL,bcc-csm1-1-m_rcp85_r1i1p1,LUCAS-BAU_High-0002,397050393995.34534,338591884930.4295,58458509064.91597
MIL,bcc-csm1-1_rcp26_r1i1p1,FORE-SCE-A1B,205096476348.52252,101555139393.9795,103541336954.54309
MIL,bcc-csm1-1_rcp26_r1i1p1,FORE-SCE-A2,192278965159.55383,100634985448.5508,91643979711.00304
MIL,bcc-csm1-1_rcp26_r1i1p1,FORE-SCE-B1,183753708642.14273,100145853416.67879,83607855225.46397
MIL,bcc-csm1-1_rcp26_r1i1p1,GCAM-26,262414369680.70773,101648344133.65132,160766025547.05646
MIL,bcc-csm1-1_rcp26_r1i1p1,GCAM-45,227057246977.67444,101115423489.63222,125941823488.04218
MIL,bcc-csm1-1_rcp26_r1i1p1,GCAM-ref,205335853296.57004,101049465343.87697,104286387952.69301
MIL,bcc-csm1-1_rcp26_r1i1p1,LUCAS-BAU_High-0001,173599670860.6121,98961654276.24081,74638016584.37129
MIL,bcc-csm1-1_rcp26_r1i1p1,LUCAS-BAU_High-0002,176600299406.97156,100375655968.94212,76224643438.02951
MIL,bcc-csm1-1_rcp45_r1i1p1,FORE-SCE-A1B,173593314177.99396,85211005600.25934,88382308577.73468
MIL,bcc-csm1-1_rcp45_r1i1p1,FORE-SCE-A2,163893437806.4715,86077310392.27568,77816127414.19592
MIL,bcc-csm1-1_rcp45_r1i1p1,FORE-SCE-B1,156340748579.02393,85691879270.91902,70648869308.10495
MIL,bcc-csm1-1_rcp45_r1i1p1,GCAM-26,227474504205.05,87230323318.02179,140244180887.02814
MIL,bcc-csm1-1_rcp45_r1i1p1,GCAM-45,195842508248.2031,87100742950.30447,108741765297.89864
MIL,bcc-csm1-1_rcp45_r1i1p1,GCAM-ref,176704801807.8316,87370267601.4095,89334534206.42212
MIL,bcc-csm1-1_rcp45_r1i1p1,LUCAS-BAU_High-0001,149729960756.478,86965801795.44638,62764158961.0316
MIL,bcc-csm1-1_rcp45_r1i1p1,LUCAS-BAU_High-0002,151082467247.98935,86967407295.52718,64115059952.46221
MIL,bcc-csm1-1_rcp60_r1i1p1,FORE-SCE-A1B,227551891312.99014,142496893621.17108,85054997691.81906
MIL,bcc-csm1-1_rcp60_r1i1p1,FORE-SCE-A2,218039038609.23477,142946478567.24854,75092560041.98622
MIL,bcc-csm1-1_rcp60_r1i1p1,FORE-SCE-B1,209725550144.5432,141937313511.3962,67788236633.14698
MIL,bcc-csm1-1_rcp60_r1i1p1,GCAM-26,277379176871.60205,142019154858.294,135360022013.30806
MIL,bcc-csm1-1_rcp60_r1i1p1,GCAM-45,245452974475.53268,140863102910.62415,104589871564.9086
MIL,bcc-csm1-1_rcp60_r1i1p1,GCAM-ref,226902191698.57376,141086009814.329,85816181884.24478
MIL,bcc-csm1-1_rcp60_r1i1p1,LUCAS-BAU_High-0001,202305530301.26654,142530766497.0633,59774763804.20327
MIL,bcc-csm1-1_rcp60_r1i1p1,LUCAS-BAU_High-0002,202952569859.36053,141938114432.72363,61014455426.63671
MIL,bcc-csm1-1_rcp85_r1i1p1,FORE-SCE-A1B,333177610680.922,231651374053.1894,101526236627.73262
MIL,bcc-csm1-1_rcp85_r1i1p1,FORE-SCE-A2,324108130949.91,233232230834.57312,90875900115.3369
MIL,bcc-csm1-1_rcp85_r1i1p1,FORE-SCE-B1,322188854319.74615,239806464817.88434,82382389501.86185
MIL,bcc-csm1-1_rcp85_r1i1p1,GCAM-26,389434951140.0201,230588914533.99127,158846036606.02884
MIL,bcc-csm1-1_rcp85_r1i1p1,GCAM-45,357207074023.3726,233355942291.07333,123851131732.29915
MIL,bcc-csm1-1_rcp85_r1i1p1,GCAM-ref,334717254751.4614,233339168370.42245,101378086381.03903
MIL,bcc-csm1-1_rcp85_r1i1p1,LUCAS-BAU_High-0001,312567994535.60785,240562524418.82413,72005470116.78381
MIL,bcc-csm1-1_rcp85_r1i1p1,LUCAS-BAU_High-0002,313536045341.7866,239966909169.59213,73569136172.19434
MIL,canesm2_rcp26_r1i1p1,FORE-SCE-A1B,845422603045.5062,771364571059.3883,74058031986.11836
MIL,canesm2_rcp26_r1i1p1,FORE-SCE-A2,835144947267.8789,770494623939.2881,64650323328.59092
MIL,canesm2_rcp26_r1i1p1,FORE-SCE-B1,830959840924.5219,771968908795.5348,58990932128.98678
MIL,canesm2_rcp26_r1i1p1,GCAM-26,898562873354.7875,778713816154.3391,119849057200.44827
MIL,canesm2_rcp26_r1i1p1,GCAM-45,864797715378.7886,773483334130.3842,91314381248.40445
MIL,canesm2_rcp26_r1i1p1,GCAM-ref,845614881879.1637,770952160755.417,74662721123.74667
MIL,canesm2_rcp26_r1i1p1,LUCAS-BAU_High-0001,824862338491.0833,773516373855.1198,51345964635.96338
MIL,canesm2_rcp26_r1i1p1,LUCAS-BAU_High-0002,825815037745.25,773140435803.2909,52674601941.95866
MIL,canesm2_rcp45_r1i1p1,FORE-SCE-A1B,327577037478.1317,249572223674.5738,78004813803.5579
MIL,canesm2_rcp45_r1i1p1,FORE-SCE-A2,317219033976.29706,248686967211.93124,68532066764.36589
MIL,canesm2_rcp45_r1i1p1,FORE-SCE-B1,310199783500.2407,248175272175.8135,62024511324.42728
MIL,canesm2_rcp45_r1i1p1,GCAM-26,367466405870.08514,242457850146.78723,125008555723.29784
MIL,canesm2_rcp45_r1i1p1,GCAM-45,340226431016.477,243859120304.41595,96367310712.06104
MIL,canesm2_rcp45_r1i1p1,GCAM-ref,327525672150.54626,249124427798.2289,78401244352.31734
MIL,canesm2_rcp45_r1i1p1,LUCAS-BAU_High-0001,305639949270.7048,250971199676.96393,54668749593.740814
MIL,canesm2_rcp45_r1i1p1,LUCAS-BAU_High-0002,306508519107.5729,250683900751.74332,55824618355.82956
MIL,canesm2_rcp85_r1i1p1,FORE-SCE-A1B,1331259873898.2861,1238997914964.843,92261958933.44269
MIL,canesm2_rcp85_r1i1p1,FORE-SCE-A2,1323663782496.6465,1241485351042.3909,82178431454.25519
MIL,canesm2_rcp85_r1i1p1,FORE-SCE-B1,1317106095200.1821,1242851297464.7483,74254797735.43355
MIL,canesm2_rcp85_r1i1p1,GCAM-26,1382127096546.0488,1238873345325.1958,143253751220.8528
MIL,canesm2_rcp85_r1i1p1,GCAM-45,1351390981386.018,1238660452413.277,112730528972.74092
MIL,canesm2_rcp85_r1i1p1,GCAM-ref,1330237878046.4873,1238132057695.3691,92105820351.11778
MIL,canesm2_rcp85_r1i1p1,LUCAS-BAU_High-0001,1306709233257.2861,1240422987853.5574,66286245403.729
MIL,canesm2_rcp85_r1i1p1,LUCAS-BAU_High-0002,1308455630563.5068,1240916548862.9912,67539081700.51543
MIL,ccsm4_rcp26_r1i1p1,FORE-SCE-A1B,460442050953.56146,391151336554.10187,69290714399.45958
MIL,ccsm4_rcp26_r1i1p1,FORE-SCE-A2,452199803719.8667,390797007309.22784,61402796410.63906
MIL,ccsm4_rcp26_r1i1p1,FORE-SCE-B1,445373844220.34265,390098688747.4638,55275155472.87894
MIL,ccsm4_rcp26_r1i1p1,GCAM-26,500511804224.4152,388632365314.98553,111879438909.4296
MIL,ccsm4_rcp26_r1i1p1,GCAM-45,476935448134.1443,390895690675.19696,86039757458.94736
MIL,ccsm4_rcp26_r1i1p1,GCAM-ref,460125095328.2035,390552125488.2762,69572969839.92738
MIL,ccsm4_rcp26_r1i1p1,LUCAS-BAU_High-0001,437393971981.75433,388771260643.6015,48622711338.15269
MIL,ccsm4_rcp26_r1i1p1,LUCAS-BAU_High-0002,438317168903.58057,388661316558.9949,49655852344.58582
MIL,ccsm4_rcp45_r1i1p1,FORE-SCE-A1B,361046618071.09503,279132410764.96106,81914207306.13393
MIL,ccsm4_rcp45_r1i1p1,FORE-SCE-A2,350815416116.0363,279259414834.4955,71556001281.54074
MIL,ccsm4_rcp45_r1i1p1,FORE-SCE-B1,344925141424.6296,279391178094.43335,65533963330.196304
MIL,ccsm4_rcp45_r1i1p1,GCAM-26,409629115098.90826,279737408077.51886,129891707021.38956
MIL,ccsm4_rcp45_r1i1p1,GCAM-45,382760490750.9144,281739788688.8032,101020702062.11127
MIL,ccsm4_rcp45_r1i1p1,GCAM-ref,362688781040.73035,278998941960.48,83689839080.2504
MIL,ccsm4_rcp45_r1i1p1,LUCAS-BAU_High-0001,338055314615.9246,279630592480.11115,58424722135.81359
MIL,ccsm4_rcp45_r1i1p1,LUCAS-BAU_High-0002,338970138879.6551,279200085257.303,59770053622.35198
MIL,ccsm4_rcp60_r1i1p1,FORE-SCE-A1B,387343515685.1262,316094106401.1382,71249409283.98807
MIL,ccsm4_rcp60_r1i1p1,FORE-SCE-A2,377855941705.95154,315916210353.2333,61939731352.71822
MIL,ccsm4_rcp60_r1i1p1,FORE-SCE-B1,373743735880.2528,316932084555.5698,56811651324.682915
MIL,ccsm4_rcp60_r1i1p1,GCAM-26,433674589135.92175,318947533255.2292,114727055880.69255
MIL,ccsm4_rcp60_r1i1p1,GCAM-45,406886740619.45593,318027889940.61334,88858850678.8426
MIL,ccsm4_rcp60_r1i1p1,GCAM-ref,388755704023.3515,315431009925.82275,73324694097.52887
MIL,ccsm4_rcp60_r1i1p1,LUCAS-BAU_High-0001,367699218099.6372,317041821505.51086,50657396594.12623
MIL,ccsm4_rcp60_r1i1p1,LUCAS-BAU_High-0002,368455247673.55756,316565963621.9928,51889284051.56485
MIL,ccsm4_rcp85_r1i1p1,FORE-SCE-A1B,444564688783.4862,349164617128.1084,95400071655.37772
MIL,ccsm4_rcp85_r1i1p1,FORE-SCE-A2,434240827277.6422,349962540478.84283,84278286798.79935
MIL,ccsm4_rcp85_r1i1p1,FORE-SCE-B1,426832689279.21075,350327328012.5465,76505361266.66414
MIL,ccsm4_rcp85_r1i1p1,GCAM-26,502471830090.90686,352334289705.1995,150137540385.7075
MIL,ccsm4_rcp85_r1i1p1,GCAM-45,467825098867.4598,350735643798.7729,117089455068.68697
MIL,ccsm4_rcp85_r1i1p1,GCAM-ref,445518505651.49554,349550662372.18494,95967843279.31062
MIL,ccsm4_rcp85_r1i1p1,LUCAS-BAU_High-0001,417130186643.5291,350132282648.16595,66997903995.36292
MIL,ccsm4_rcp85_r1i1p1,LUCAS-BAU_High-0002,418674621443.6779,350136528885.2362,68538092558.441765
MIL,cesm1-bgc_rcp45_r1i1p1,FORE-SCE-A1B,582035349598.4236,510598867865.87756,71436481732.54607
MIL,cesm1-bgc_rcp45_r1i1p1,FORE-SCE-A2,574585220521.8256,511404081026.3423,63181139495.48333
MIL,cesm1-bgc_rcp45_r1i1p1,FORE-SCE-B1,567022055513.9133,509774538228.94446,57247517284.96882
MIL,cesm1-bgc_rcp45_r1i1p1,GCAM-26,617631346639.3271,503648565891.0236,113982780748.30347
MIL,cesm1-bgc_rcp45_r1i1p1,GCAM-45,596411376578.1825,508231871464.2119,88179505113.97057
MIL,cesm1-bgc_rcp45_r1i1p1,GCAM-ref,581940697942.2286,510244895923.2548,71695802018.97368
MIL,cesm1-bgc_rcp45_r1i1p1,LUCAS-BAU_High-0001,561418387898.7896,511168356910.159,50250030988.63047
MIL,cesm1-bgc_rcp45_r1i1p1,LUCAS-BAU_High-0002,562898168296.4149,511425291587.4555,51472876708.95962
MIL,cesm1-bgc_rcp85_r1i1p1,FORE-SCE-A1B,581631135141.9968,503827008381.68,77804126760.31683
MIL,cesm1-bgc_rcp85_r1i1p1,FORE-SCE-A2,571844153715.4681,503420334822.8355,68423818892.63246
MIL,cesm1-bgc_rcp85_r1i1p1,FORE-SCE-B1,568122417866.9662,505934938123.9436,62187479743.02256
MIL,cesm1-bgc_rcp85_r1i1p1,GCAM-26,628688779252.7598,503103810218.2519,125584969034.50778
MIL,cesm1-bgc_rcp85_r1i1p1,GCAM-45,600489152305.4224,504129831485.18994,96359320820.23264
MIL,cesm1-bgc_rcp85_r1i1p1,GCAM-ref,583333682136.9634,505235975568.6136,78097706568.3497
MIL,cesm1-bgc_rcp85_r1i1p1,LUCAS-BAU_High-0001,558088034213.8745,504077393778.338,54010640435.5365
MIL,cesm1-bgc_rcp85_r1i1p1,LUCAS-BAU_High-0002,559697259278.441,504321135792.3916,55376123486.04927
MIL,cesm1-cam5_rcp26_r1i1p1,FORE-SCE-A1B,743572682401.5762,675060317103.5654,68512365298.0106
MIL,cesm1-cam5_rcp26_r1i1p1,FORE-SCE-A2,737504724763.0714,677119579095.1558,60385145667.91595
MIL,cesm1-cam5_rcp26_r1i1p1,FORE-SCE-B1,729270231644.6898,674710397328.0546,54559834316.63523
MIL,cesm1-cam5_rcp26_r1i1p1,GCAM-26,788431047534.4532,678575436665.8514,109855610868.60152
MIL,cesm1-cam5_rcp26_r1i1p1,GCAM-45,764194820833.4133,679467209291.5985,84727611541.81454
MIL,cesm1-cam5_rcp26_r1i1p1,GCAM-ref,744427032217.8447,675721110323.5399,68705921894.30488
MIL,cesm1-cam5_rcp26_r1i1p1,LUCAS-BAU_High-0001,723173262130.1113,675402671193.2892,47770590936.82202
MIL,cesm1-cam5_rcp26_r1i1p1,LUCAS-BAU_High-0002,723946333554.7635,675079882759.582,48866450795.18131
MIL,cesm1-cam5_rcp45_r1i1p1,FORE-SCE-A1B,348873174117.81445,256318244123.64374,92554929994.17064
MIL,cesm1-cam5_rcp45_r1i1p1,FORE-SCE-A2,337993963011.4319,256389629411.4957,81604333599.93626
MIL,cesm1-cam5_rcp45_r1i1p1,FORE-SCE-B1,332455815728.61194,257822780529.14148,74633035199.47047
MIL,cesm1-cam5_rcp45_r1i1p1,GCAM-26,401811447808.8543,257748008247.15073,144063439561.7036
MIL,cesm1-cam5_rcp45_r1i1p1,GCAM-45,369778190865.4852,256972395046.1152,112805795819.37012
MIL,cesm1-cam5_rcp45_r1i1p1,GCAM-ref,348949437216.3863,255602358866.862,93347078349.5243
MIL,cesm1-cam5_rcp45_r1i1p1,LUCAS-BAU_High-0001,323753107920.47943,257456685275.41998,66296422645.059395
MIL,cesm1-cam5_rcp45_r1i1p1,LUCAS-BAU_High-0002,325782644578.0459,258110675526.4991,67671969051.547005
MIL,cesm1-cam5_rcp60_r1i1p1,FORE-SCE-A1B,636249091225.0963,545167740590.4927,91081350634.60364
MIL,cesm1-cam5_rcp60_r1i1p1,FORE-SCE-A2,626696943513.9562,545857318567.7304,80839624946.22546
MIL,cesm1-cam5_rcp60_r1i1p1,FORE-SCE-B1,618873396753.4944,545517435111.0637,73355961642.43048
MIL,cesm1-cam5_rcp60_r1i1p1,GCAM-26,686999735452.3125,544651533034.95105,142348202417.36127
MIL,cesm1-cam5_rcp60_r1i1p1,GCAM-45,657507184450.6511,546190506806.38904,111316677644.2622
MIL,cesm1-cam5_rcp60_r1i1p1,GCAM-ref,637059898593.7415,545593189752.6313,91466708841.11037
MIL,cesm1-cam5_rcp60_r1i1p1,LUCAS-BAU_High-0001,611540243167.5632,546946043622.61035,64594199544.95275
MIL,cesm1-cam5_rcp60_r1i1p1,LUCAS-BAU_High-0002,613004619585.4623,546986574752.59796,66018044832.86432
MIL,cesm1-cam5_rcp85_r1i1p1,FORE-SCE-A1B,662969320028.5504,562563415760.1359,100405904268.41467
MIL,cesm1-cam5_rcp85_r1i1p1,FORE-SCE-A2,653523289463.13,563706245875.5815,89817043587.5485
MIL,cesm1-cam5_rcp85_r1i1p1,FORE-SCE-B1,645474009706.4429,564120318706.3567,81353691000.08626
MIL,cesm1-cam5_rcp85_r1i1p1,GCAM-26,725030538644.7643,568299446941.7921,156731091702.97195
MIL,cesm1-cam5_rcp85_r1i1p1,GCAM-45,688019533387.398,565453669448.4938,122565863938.90417
MIL,cesm1-cam5_rcp85_r1i1p1,GCAM-ref,664266788167.2203,564472470814.3851,99794317352.83514
MIL,cesm1-cam5_rcp85_r1i1p1,LUCAS-BAU_High-0001,635795110896.1044,564468581067.4247,71326529828.6798
MIL,cesm1-cam5_rcp85_r1i1p1,LUCAS-BAU_High-0002,636880499281.6666,563995875139.2411,72884624142.42537
MIL,cmcc-cm_rcp45_r1i1p1,FORE-SCE-A1B,219936577441.19974,120696119700.5329,99240457740.66682
MIL,cmcc-cm_rcp45_r1i1p1,FORE-SCE-A2,209029454790.14972,121084595672.93092,87944859117.21875
MIL,cmcc-cm_rcp45_r1i1p1,FORE-SCE-B1,200267730190.17233,120074396115.92145,80193334074.25092
MIL,cmcc-cm_rcp45_r1i1p1,GCAM-26,280181091489.86066,123806970021.28043,156374121468.58023
MIL,cmcc-cm_rcp45_r1i1p1,GCAM-45,243840601494.17688,122891111897.36234,120949489596.81459
MIL,cmcc-cm_rcp45_r1i1p1,GCAM-ref,220359948319.20477,120841978426.60756,99517969892.59717
MIL,cmcc-cm_rcp45_r1i1p1,LUCAS-BAU_High-0001,191366723718.6313,120978072964.40752,70388650754.22375
MIL,cmcc-cm_rcp45_r1i1p1,LUCAS-BAU_High-0002,192390908301.86157,120379262571.98114,72011645729.88045
MIL,cmcc-cm_rcp85_r1i1p1,FORE-SCE-A1B,180923453190.31125,62534899158.099,118388554032.21228
MIL,cmcc-cm_rcp85_r1i1p1,FORE-SCE-A2,168613135369.9163,61808633119.77244,106804502250.14388
MIL,cmcc-cm_rcp85_r1i1p1,FORE-SCE-B1,159077018750.1392,61861732838.59813,97215285911.54106
MIL,cmcc-cm_rcp85_r1i1p1,GCAM-26,244778180952.99457,63741922349.27779,181036258603.7168
MIL,cmcc-cm_rcp85_r1i1p1,GCAM-45,206411318202.5998,63179764993.777466,143231553208.82233
MIL,cmcc-cm_rcp85_r1i1p1,GCAM-ref,179707347953.77878,61943729776.195045,117763618177.58363
MIL,cmcc-cm_rcp85_r1i1p1,LUCAS-BAU_High-0001,149706050422.62216,63813725614.36916,85892324808.253
MIL,cmcc-cm_rcp85_r1i1p1,LUCAS-BAU_High-0002,150499106618.71198,62907663397.7865,87591443220.92542
MIL,cnrm-cm5_rcp45_r1i1p1,FORE-SCE-A1B,475527046150.41425,403755527891.379,71771518259.03537
MIL,cnrm-cm5_rcp45_r1i1p1,FORE-SCE-A2,469014964932.32135,405306371474.51337,63708593457.80793
MIL,cnrm-cm5_rcp45_r1i1p1,FORE-SCE-B1,461739240468.3652,404664882484.64435,57074357983.72072
MIL,cnrm-cm5_rcp45_r1i1p1,GCAM-26,516824402913.451,399818730996.45715,117005671916.99394
MIL,cnrm-cm5_rcp45_r1i1p1,GCAM-45,489776677337.28186,400544447032.4292,89232230304.85243
MIL,cnrm-cm5_rcp45_r1i1p1,GCAM-ref,475960954645.3645,403957185516.6076,72003769128.75694
MIL,cnrm-cm5_rcp45_r1i1p1,LUCAS-BAU_High-0001,457148249966.66437,407614521557.24915,49533728409.41535
MIL,cnrm-cm5_rcp45_r1i1p1,LUCAS-BAU_High-0002,458105456571.7827,407413836885.43384,50691619686.34856
MIL,cnrm-cm5_rcp85_r1i1p1,FORE-SCE-A1B,761779258952.031,661358160414.5923,100421098537.43866
MIL,cnrm-cm5_rcp85_r1i1p1,FORE-SCE-A2,749964906364.9152,660239291826.9027,89725614538.01186
MIL,cnrm-cm5_rcp85_r1i1p1,FORE-SCE-B1,744929097618.0658,663431026080.5387,81498071537.5273
MIL,cnrm-cm5_rcp85_r1i1p1,GCAM-26,813623621347.5297,656251472592.04,157372148755.48965
MIL,cnrm-cm5_rcp85_r1i1p1,GCAM-45,782323124018.8993,659722827815.4891,122600296203.40997
MIL,cnrm-cm5_rcp85_r1i1p1,GCAM-ref,759909836204.1425,659919677400.2958,99990158803.84668
MIL,cnrm-cm5_rcp85_r1i1p1,LUCAS-BAU_High-0001,734271165578.8014,663280641491.619,70990524087.18227
MIL,cnrm-cm5_rcp85_r1i1p1,LUCAS-BAU_High-0002,735392307650.5562,662820300568.2667,72572007082.2897
MIL,csiro-mk3-6-0_rcp26_r1i1p1,FORE-SCE-A1B,358430637546.81433,275584453645.0566,82846183901.75775
MIL,csiro-mk3-6-0_rcp26_r1i1p1,FORE-SCE-A2,348019218749.5464,275676849123.2273,72342369626.31908
MIL,csiro-mk3-6-0_rcp26_r1i1p1,FORE-SCE-B1,343325389350.6796,277134807725.9618,66190581624.71776
MIL,csiro-mk3-6-0_rcp26_r1i1p1,GCAM-26,405068695940.59204,273515987552.68048,131552708387.91182
MIL,csiro-mk3-6-0_rcp26_r1i1p1,GCAM-45,376825477730.3073,274887089796.592,101938387933.71536
MIL,csiro-mk3-6-0_rcp26_r1i1p1,GCAM-ref,360830853225.23676,276532887792.8451,84297965432.39168
MIL,csiro-mk3-6-0_rcp26_r1i1p1,LUCAS-BAU_High-0001,335940546608.79175,276940449678.35364,59000096930.43817
MIL,csiro-mk3-6-0_rcp26_r1i1p1,LUCAS-BAU_High-0002,337453999277.86554,276987207619.2796,60466791658.585815
MIL,csiro-mk3-6-0_rcp45_r1i1p1,FORE-SCE-A1B,171022165787.34024,65828257464.25157,105193908323.08871
MIL,csiro-mk3-6-0_rcp45_r1i1p1,FORE-SCE-A2,158934967153.57205,65687746589.81639,93247220563.75566
MIL,csiro-mk3-6-0_rcp45_r1i1p1,FORE-SCE-B1,152236684305.6122,67039816974.635025,85196867330.97719
MIL,csiro-mk3-6-0_rcp45_r1i1p1,GCAM-26,229775292372.11166,67011256643.60062,162764035728.51102
MIL,csiro-mk3-6-0_rcp45_r1i1p1,GCAM-45,192787127772.10965,64954801944.77777,127832325827.33197
MIL,csiro-mk3-6-0_rcp45_r1i1p1,GCAM-ref,173999435106.5905,67512276284.20375,106487158822.38675
MIL,csiro-mk3-6-0_rcp45_r1i1p1,LUCAS-BAU_High-0001,143219069741.49942,67214117227.585205,76004952513.91422
MIL,csiro-mk3-6-0_rcp45_r1i1p1,LUCAS-BAU_High-0002,144982069996.8475,67225524397.56553,77756545599.28197
MIL,csiro-mk3-6-0_rcp60_r1i1p1,FORE-SCE-A1B,293061807974.3858,197357307386.53253,95704500587.85333
MIL,csiro-mk3-6-0_rcp60_r1i1p1,FORE-SCE-A2,281627352548.56415,196582162597.49564,85045189951.06857
MIL,csiro-mk3-6-0_rcp60_r1i1p1,FORE-SCE-B1,276160333913.1731,198700231643.33713,77460102269.83606
MIL,csiro-mk3-6-0_rcp60_r1i1p1,GCAM-26,346786196501.3443,195967102830.1282,150819093671.21613
MIL,csiro-mk3-6-0_rcp60_r1i1p1,GCAM-45,313059950882.8874,195759274054.49582,117300676828.39162
MIL,csiro-mk3-6-0_rcp60_r1i1p1,GCAM-ref,293898633269.6282,198005460117.1106,95893173152.51752
MIL,csiro-mk3-6-0_rcp60_r1i1p1,LUCAS-BAU_High-0001,267317585743.87112,199572997463.1183,67744588280.75293
MIL,csiro-mk3-6-0_rcp60_r1i1p1,LUCAS-BAU_High-0002,267889535135.9383,198594290638.70132,69295244497.23692
MIL,csiro-mk3-6-0_rcp85_r1i1p1,FORE-SCE-A1B,382828397221.02527,281202686533.19525,101625710687.83017
MIL,csiro-mk3-6-0_rcp85_r1i1p1,FORE-SCE-A2,374607380685.9555,283921711914.3825,90685668771.57286
MIL,csiro-mk3-6-0_rcp85_r1i1p1,FORE-SCE-B1,368188612537.14136,285861476618.8248,82327135918.31662
MIL,csiro-mk3-6-0_rcp85_r1i1p1,GCAM-26,438306211230.6055,279470165548.87024,158836045681.73532
MIL,csiro-mk3-6-0_rcp85_r1i1p1,GCAM-45,407475695957.47034,283280711486.5851,124194984470.88533
MIL,csiro-mk3-6-0_rcp85_r1i1p1,GCAM-ref,385179855195.58264,283230312947.16785,101949542248.41484
MIL,csiro-mk3-6-0_rcp85_r1i1p1,LUCAS-BAU_High-0001,353796930676.2692,281793137489.7935,72003793186.4759
MIL,csiro-mk3-6-0_rcp85_r1i1p1,LUCAS-BAU_High-0002,358290389437.97485,284778707157.1661,73511682280.8086
MIL,fgoals-g2_rcp26_r1i1p1,FORE-SCE-A1B,193086752431.2052,126950570471.9325,66136181959.27262
MIL,fgoals-g2_rcp26_r1i1p1,FORE-SCE-A2,184685413278.53714,127182637369.31134,57502775909.22589
MIL,fgoals-g2_rcp26_r1i1p1,FORE-SCE-B1,178469063044.75775,126232703721.23418,52236359323.52359
MIL,fgoals-g2_rcp26_r1i1p1,GCAM-26,238900627250.61288,130935112081.87042,107965515168.74248
MIL,fgoals-g2_rcp26_r1i1p1,GCAM-45,211406719051.1996,129309220245.9519,82097498805.24767
MIL,fgoals-g2_rcp26_r1i1p1,GCAM-ref,192461409733.94012,125493978512.5131,66967431221.427025
MIL,fgoals-g2_rcp26_r1i1p1,LUCAS-BAU_High-0001,171509051220.09262,125935015153.60947,45574036066.48316
MIL,fgoals-g2_rcp26_r1i1p1,LUCAS-BAU_High-0002,172307781173.38876,125461502866.4307,46846278306.95806
NHG,access1-0_rcp45_r1i1p1,FORE-SCE-A1B,20804550.190049686,0.0,20804550.190049686
NHG,access1-0_rcp45_r1i1p1,FORE-SCE-A2,16857310.97453262,0.0,16857310.97453262
NHG,access1-0_rcp45_r1i1p1,FORE-SCE-B1,16035230.436499488,0.0,16035230.436499488
NHG,access1-0_rcp45_r1i1p1,GCAM-26,34299344.110768475,0.0,34299344.110768475
NHG,access1-0_rcp45_r1i1p1,GCAM-45,25863811.57118326,0.0,25863811.57118326
NHG,access1-0_rcp45_r1i1p1,GCAM-ref,22454974.67850341,0.0,22454974.67850341
NHG,access1-0_rcp45_r1i1p1,LUCAS-BAU_High-0001,14407230.588954879,0.0,14407230.588954879
NHG,access1-0_rcp45_r1i1p1,LUCAS-BAU_High-0002,14777075.678944755,0.0,14777075.678944755
NHG,access1-0_rcp85_r1i1p1,FORE-SCE-A1B,15728199.276711248,0.0,15728199.276711248
NHG,access1-0_rcp85_r1i1p1,FORE-SCE-A2,14440688.242099125,0.0,14440688.242099125
NHG,access1-0_rcp85_r1i1p1,FORE-SCE-B1,11864220.153757513,0.0,11864220.153757513
NHG,access1-0_rcp85_r1i1p1,GCAM-26,28747791.91737617,0.0,28747791.91737617
NHG,access1-0_rcp85_r1i1p1,GCAM-45,20085149.560340088,0.0,20085149.560340088
NHG,access1-0_rcp85_r1i1p1,GCAM-ref,14314110.263835965,0.0,14314110.263835965
NHG,access1-0_rcp85_r1i1p1,LUCAS-BAU_High-0001,9460520.790504696,0.0,9460520.790504696
NHG,access1-0_rcp85_r1i1p1,LUCAS-BAU_High-0002,9707039.03437587,0.0,9707039.03437587
NHG,bcc-csm1-1-m_rcp45_r1i1p1,FORE-SCE-A1B,139494181.3778638,107355407.10594106,32138774.271922775
NHG,bcc-csm1-1-m_rcp45_r1i1p1,FORE-SCE-A2,137117829.03067195,109779220.6249791,27338608.405692823
NHG,bcc-csm1-1-m_rcp45_r1i1p1,FORE-SCE-B1,135382115.10776916,109494748.04445145,25887367.063317668
NHG,bcc-csm1-1-m_rcp45_r1i1p1,GCAM-26,165922207.46556827,116725023.42851585,49197184.03705239
NHG,bcc-csm1-1-m_rcp45_r1i1p1,GCAM-45,146881777.20657,107974282.49835375,38907494.70821621
NHG,bcc-csm1-1-m_rcp45_r1i1p1,GCAM-ref,141534183.41722125,107792671.72500423,33741511.692217045
NHG,bcc-csm1-1-m_rcp45_r1i1p1,LUCAS-BAU_High-0001,132895966.8948532,109665857.24943215,23230109.645421132
NHG,bcc-csm1-1-m_rcp45_r1i1p1,LUCAS-BAU_High-0002,133483092.5840723,109685422.62848005,23797669.955592267
NHG,bcc-csm1-1-m_rcp85_r1i1p1,FORE-SCE-A1B,7139453761.25051,7078304724.891062,61149036.35944667
NHG,bcc-csm1-1-m_rcp85_r1i1p1,FORE-SCE-A2,7092236944.052984,7039261901.923172,52975042.12981316
NHG,bcc-csm1-1-m_rcp85_r1i1p1,FORE-SCE-B1,7082111763.94887,7036635872.45309,45475891.49578175
NHG,bcc-csm1-1-m_rcp85_r1i1p1,GCAM-26,7267964508.92359,7173331073.6991415,94633435.22444859
NHG,bcc-csm1-1-m_rcp85_r1i1p1,GCAM-45,7235305191.211571,7161676606.64235,73628584.56921987
NHG,bcc-csm1-1-m_rcp85_r1i1p1,GCAM-ref,7259951611.034091,7198168065.751781,61783545.28230721
NHG,bcc-csm1-1-m_rcp85_r1i1p1,LUCAS-BAU_High-0001,7124719083.081236,7084864040.326078,39855042.75515384
NHG,bcc-csm1-1-m_rcp85_r1i1p1,LUCAS-BAU_High-0002,7121113953.704415,7080479526.087255,40634427.61716336
NHG,bcc-csm1-1_rcp26_r1i1p1,FORE-SCE-A1B,5003247699.566385,4978570241.133843,24677458.432543054
NHG,bcc-csm1-1_rcp26_r1i1p1,FORE-SCE-A2,4593098716.918512,4571270709.166609,21828007.751901828
NHG,bcc-csm1-1_rcp26_r1i1p1,FORE-SCE-B1,4654542333.219943,4633359975.281379,21182357.93856368
NHG,bcc-csm1-1_rcp26_r1i1p1,GCAM-26,4354229929.601015,4317505552.850354,36724376.75066203
NHG,bcc-csm1-1_rcp26_r1i1p1,GCAM-45,5088285766.591437,5058140720.223393,30145046.368044645
NHG,bcc-csm1-1_rcp26_r1i1p1,GCAM-ref,5005262294.922157,4977117242.108279,28145052.813877087
NHG,bcc-csm1-1_rcp26_r1i1p1,LUCAS-BAU_High-0001,4656865518.484597,4636519370.661278,20346147.82331837
NHG,bcc-csm1-1_rcp26_r1i1p1,LUCAS-BAU_High-0002,4656526225.647373,4635842462.430738,20683763.216634665
NHG,bcc-csm1-1_rcp45_r1i1p1,FORE-SCE-A1B,675174796.2519394,629877497.9789779,45297298.27296144
NHG,bcc-csm1-1_rcp45_r1i1p1,FORE-SCE-A2,690285380.1341945,651924056.062637,38361324.07155744
NHG,bcc-csm1-1_rcp45_r1i1p1,FORE-SCE-B1,686891245.0996648,651405606.2160635,35485638.8836012
NHG,bcc-csm1-1_rcp45_r1i1p1,GCAM-26,713234552.3531345,644579310.320728,68655242.03240642
NHG,bcc-csm1-1_rcp45_r1i1p1,GCAM-45,687034827.4274921,631453856.3666301,55580971.06086242
NHG,bcc-csm1-1_rcp45_r1i1p1,GCAM-ref,677533768.9200554,630622086.3873291,46911682.53272639
NHG,bcc-csm1-1_rcp45_r1i1p1,LUCAS-BAU_High-0001,684449154.8483626,651701288.2637086,32747866.584654327
NHG,bcc-csm1-1_rcp45_r1i1p1,LUCAS-BAU_High-0002,685130474.9141676,651726637.9671423,33403836.947025236
NHG,bcc-csm1-1_rcp60_r1i1p1,FORE-SCE-A1B,32505417.537389576,0.0,32505417.537389576
NHG,bcc-csm1-1_rcp60_r1i1p1,FORE-SCE-A2,25458798.85624653,0.0,25458798.85624653
NHG,bcc-csm1-1_rcp60_r1i1p1,FORE-SCE-B1,24222848.087278347,0.0,24222848.087278347
NHG,bcc-csm1-1_rcp60_r1i1p1,GCAM-26,46936697.8620452,0.0,46936697.8620452
NHG,bcc-csm1-1_rcp60_r1i1p1,GCAM-45,37464661.47503972,0.0,37464661.47503972
NHG,bcc-csm1-1_rcp60_r1i1p1,GCAM-ref,33558986.466392644,0.0,33558986.466392644
NHG,bcc-csm1-1_rcp60_r1i1p1,LUCAS-BAU_High-0001,21990735.54214069,0.0,21990735.54214069
NHG,bcc-csm1-1_rcp60_r1i1p1,LUCAS-BAU_High-0002,22512431.72629841,0.0,22512431.72629841
NHG,bcc-csm1-1_rcp85_r1i1p1,FORE-SCE-A1B,25975815313.47102,25936663548.479397,39151764.99163218
NHG,bcc-csm1-1_rcp85_r1i1p1,FORE-SCE-A2,25983670434.930077,25951502805.90699,32167629.023090716
NHG,bcc-csm1-1_rcp85_r1i1p1,FORE-SCE-B1,26029758740.647194,26001542999.169266,28215741.477926426
NHG,bcc-csm1-1_rcp85_r1i1p1,GCAM-26,25982725427.444256,25922321327.996765,60404099.44748773
NHG,bcc-csm1-1_rcp85_r1i1p1,GCAM-45,25915996184.249153,25868152017.639748,47844166.609412454
NHG,bcc-csm1-1_rcp85_r1i1p1,GCAM-ref,25967507986.093056,25925493661.43679,42014324.65626639
NHG,bcc-csm1-1_rcp85_r1i1p1,LUCAS-BAU_High-0001,25993198018.79123,25968059670.973106,25138347.81811506
NHG,bcc-csm1-1_rcp85_r1i1p1,LUCAS-BAU_High-0002,26016279303.109398,25990744205.58316,25535097.52623562
NHG,canesm2_rcp26_r1i1p1,FORE-SCE-A1B,74374576681.23882,74310328498.46684,64248182.77195422
NHG,canesm2_rcp26_r1i1p1,FORE-SCE-A2,74829339714.77112,74770674671.47862,58665043.29248521
NHG,canesm2_rcp26_r1i1p1,FORE-SCE-B1,74855031619.44685,74801023786.53275,54007832.914158806
NHG,canesm2_rcp26_r1i1p1,GCAM-26,77504290197.65306,77401205642.66579,103084554.98724799
NHG,canesm2_rcp26_r1i1p1,GCAM-45,74173640641.21371,74095779674.75244,77860966.4612919
NHG,canesm2_rcp26_r1i1p1,GCAM-ref,74322931362.59265,74259961741.73283,62969620.8598304
NHG,canesm2_rcp26_r1i1p1,LUCAS-BAU_High-0001,74684537718.43526,74637696173.51768,46841544.91756206
NHG,canesm2_rcp26_r1i1p1,LUCAS-BAU_High-0002,74756610934.61284,74707825106.82446,48785827.78837297
NHG,canesm2_rcp45_r1i1p1,FORE-SCE-A1B,11389429939.372744,11300506825.412664,88923113.96008198
NHG,canesm2_rcp45_r1i1p1,FORE-SCE-A2,11434151699.762468,11356397213.68179,77754486.08067884
NHG,canesm2_rcp45_r1i1p1,FORE-SCE-B1,11390102414.570179,11321757917.55216,68344497.01802067
NHG,canesm2_rcp45_r1i1p1,GCAM-26,11490275912.207891,11358795126.064259,131480786.14363268
NHG,canesm2_rcp45_r1i1p1,GCAM-45,11635515572.105862,11524888979.533625,110626592.57223974
NHG,canesm2_rcp45_r1i1p1,GCAM-ref,11382470882.16604,11294209998.45863,88260883.7074126
NHG,canesm2_rcp45_r1i1p1,LUCAS-BAU_High-0001,11308240902.540422,11247383410.593418,60857491.9470038
NHG,canesm2_rcp45_r1i1p1,LUCAS-BAU_High-0002,11338265391.798819,11276416917.447306,61848474.35151193
NHG,canesm2_rcp85_r1i1p1,FORE-SCE-A1B,134336083712.07568,134179739721.52167,156343990.5539658
NHG,canesm2_rcp85_r1i1p1,FORE-SCE-A2,134501360849.7287,134360345081.30728,141015768.4213774
NHG,canesm2_rcp85_r1i1p1,FORE-SCE-B1,134525960585.18616,134390069317.51572,135891267.670413
NHG,canesm2_rcp85_r1i1p1,GCAM-26,134389041192.84245,134155636322.6103,233404870.2321474
NHG,canesm2_rcp85_r1i1p1,GCAM-45,134401345703.60129,134205680231.20267,195665472.39865556
NHG,canesm2_rcp85_r1i1p1,GCAM-ref,134328649184.77103,134174465389.86133,154183794.9096981
NHG,canesm2_rcp85_r1i1p1,LUCAS-BAU_High-0001,134615997292.9592,134487661129.20872,128336163.75050655
NHG,canesm2_rcp85_r1i1p1,LUCAS-BAU_High-0002,134608207937.46344,134482246185.90392,125961751.5595648
NHG,ccsm4_rcp26_r1i1p1,FORE-SCE-A1B,11339067561.25567,11276717680.372154,62349880.88352142
NHG,ccsm4_rcp26_r1i1p1,FORE-SCE-A2,11287799455.642801,11230843248.629128,56956207.01367962
NHG,ccsm4_rcp26_r1i1p1,FORE-SCE-B1,11269459781.294012,11215582193.27121,53877588.02279957
NHG,ccsm4_rcp26_r1i1p1,GCAM-26,11391911649.3929,11294966104.117172,96945545.27572021
NHG,ccsm4_rcp26_r1i1p1,GCAM-45,11378746850.588125,11300946447.309795,77800403.2783301
NHG,ccsm4_rcp26_r1i1p1,GCAM-ref,11340389714.583782,11277566840.259514,62822874.32426477
NHG,ccsm4_rcp26_r1i1p1,LUCAS-BAU_High-0001,11260625058.353857,11212781403.724865,47843654.628990754
NHG,ccsm4_rcp26_r1i1p1,LUCAS-BAU_High-0002,11262102118.218868,11213178370.890804,48923747.328065835
NHG,ccsm4_rcp45_r1i1p1,FORE-SCE-A1B,19229709144.731422,19149898519.28679,79810625.44463576
NHG,ccsm4_rcp45_r1i1p1,FORE-SCE-A2,19227269920.0848,19158354405.50374,68915514.58105995
NHG,ccsm4_rcp45_r1i1p1,FORE-SCE-B1,19140028395.724308,19076750564.95777,63277830.76653878
NHG,ccsm4_rcp45_r1i1p1,GCAM-26,19151706065.67319,19033555856.09473,118150209.57846896
NHG,ccsm4_rcp45_r1i1p1,GCAM-45,19459838733.52071,19364876933.176926,94961800.34378704
NHG,ccsm4_rcp45_r1i1p1,GCAM-ref,19232960943.167572,19150685215.102745,82275728.06482385
NHG,ccsm4_rcp45_r1i1p1,LUCAS-BAU_High-0001,19114917566.598957,19056569876.119743,58347690.47920135
NHG,ccsm4_rcp45_r1i1p1,LUCAS-BAU_High-0002,19115565738.591656,19056288783.779545,59276954.812113635
NHG,ccsm4_rcp60_r1i1p1,FORE-SCE-A1B,28429752264.99418,28360383123.227654,69369141.76652329
NHG,ccsm4_rcp60_r1i1p1,FORE-SCE-A2,28432387157.454697,28373110705.819046,59276451.63565199
NHG,ccsm4_rcp60_r1i1p1,FORE-SCE-B1,28360840011.775238,28306775449.599792,54064562.175443396
NHG,ccsm4_rcp60_r1i1p1,GCAM-26,28365402426.10062,28262838917.952175,102563508.14844148
NHG,ccsm4_rcp60_r1i1p1,GCAM-45,28362205390.58024,28277226522.03894,84978868.54129326
NHG,ccsm4_rcp60_r1i1p1,GCAM-ref,28435482325.539726,28363390461.005184,72091864.53453393
NHG,ccsm4_rcp60_r1i1p1,LUCAS-BAU_High-0001,28361127762.877968,28311727676.89068,49400085.98729499
NHG,ccsm4_rcp60_r1i1p1,LUCAS-BAU_High-0002,28361571706.078217,28311211676.419533,50360029.65868789
NHG,ccsm4_rcp85_r1i1p1,FORE-SCE-A1B,24870515543.26715,24757740717.887154,112774825.37999046
NHG,ccsm4_rcp85_r1i1p1,FORE-SCE-A2,24875243474.975967,24773725478.27264,101517996.70332806
NHG,ccsm4_rcp85_r1i1p1,FORE-SCE-B1,24872376124.091354,24784254785.575935,88121338.51542029
NHG,ccsm4_rcp85_r1i1p1,GCAM-26,24972299376.953003,24806563365.436348,165736011.51665604
NHG,ccsm4_rcp85_r1i1p1,GCAM-45,24987327527.55123,24849306381.955826,138021145.59540898
NHG,ccsm4_rcp85_r1i1p1,GCAM-ref,24879635563.60452,24769745818.806404,109889744.79811195
NHG,ccsm4_rcp85_r1i1p1,LUCAS-BAU_High-0001,24843853387.65622,24767177607.28192,76675780.37429488
NHG,ccsm4_rcp85_r1i1p1,LUCAS-BAU_High-0002,24859300324.609447,24781135102.95235,78165221.65710585
NHG,cesm1-bgc_rcp45_r1i1p1,FORE-SCE-A1B,28217072358.628944,28165433891.44485,51638467.184092246
NHG,cesm1-bgc_rcp45_r1i1p1,FORE-SCE-A2,28231809951.384495,28187945516.765835,43864434.61866045
NHG,cesm1-bgc_rcp45_r1i1p1,FORE-SCE-B1,28214202594.282867,28174012738.276222,40189856.00663771
NHG,cesm1-bgc_rcp45_r1i1p1,GCAM-26,28272956540.520042,28191315225.791748,81641314.72829157
NHG,cesm1-bgc_rcp45_r1i1p1,GCAM-45,28257181796.204624,28188708984.378677,68472811.82594554
NHG,cesm1-bgc_rcp45_r1i1p1,GCAM-ref,28216641953.626656,28164453761.6705,52188191.95615373
NHG,cesm1-bgc_rcp45_r1i1p1,LUCAS-BAU_High-0001,28208362854.66317,28173221994.310394,35140860.35277404
NHG,cesm1-bgc_rcp45_r1i1p1,LUCAS-BAU_High-0002,28209299391.249527,28173394100.68172,35905290.56781175
NHG,cesm1-bgc_rcp85_r1i1p1,FORE-SCE-A1B,22220785662.299335,22156987065.851402,63798596.4479311
NHG,cesm1-bgc_rcp85_r1i1p1,FORE-SCE-A2,22221793247.909473,22166689827.38629,55103420.52317967
NHG,cesm1-bgc_rcp85_r1i1p1,FORE-SCE-B1,22193773888.77181,22143936299.12464,49837589.64717095
NHG,cesm1-bgc_rcp85_r1i1p1,GCAM-26,22122607348.713142,22017763295.148502,104844053.56464209
NHG,cesm1-bgc_rcp85_r1i1p1,GCAM-45,21933245456.282707,21850458341.148163,82787115.13453639
NHG,cesm1-bgc_rcp85_r1i1p1,GCAM-ref,22240562144.556343,22174156365.80982,66405778.7465255
NHG,cesm1-bgc_rcp85_r1i1p1,LUCAS-BAU_High-0001,22189624943.60484,22145242533.68045,44382409.92439484
NHG,cesm1-bgc_rcp85_r1i1p1,LUCAS-BAU_High-0002,22200691531.649864,22155791182.25658,44900349.393289424
NHG,cesm1-cam5_rcp26_r1i1p1,FORE-SCE-A1B,6996656259.908154,6954986693.512517,41669566.39563408
NHG,cesm1-cam5_rcp26_r1i1p1,FORE-SCE-A2,6966919110.272413,6932563482.596264,34355627.67615184
NHG,cesm1-cam5_rcp26_r1i1p1,FORE-SCE-B1,6956021078.690057,6924109649.79678,31911428.893275533
NHG,cesm1-cam5_rcp26_r1i1p1,GCAM-26,7030663263.573289,6969557767.89418,61105495.67910946
NHG,cesm1-cam5_rcp26_r1i1p1,GCAM-45,7120715296.103703,7070136277.347809,50579018.755893394
NHG,cesm1-cam5_rcp26_r1i1p1,GCAM-ref,6995521727.229943,6952517407.172731,43004320.05721211
NHG,cesm1-cam5_rcp26_r1i1p1,LUCAS-BAU_High-0001,6969099873.039289,6940288240.635509,28811632.40378184
NHG,cesm1-cam5_rcp26_r1i1p1,LUCAS-BAU_High-0002,6965935856.934863,6936508861.838467,29426995.096394762
NHG,cesm1-cam5_rcp45_r1i1p1,FORE-SCE-A1B,5403686644.639659,5361584095.818775,42102548.8208843
NHG,cesm1-cam5_rcp45_r1i1p1,FORE-SCE-A2,5394898245.617853,5359179664.585909,35718581.03194521
NHG,cesm1-cam5_rcp45_r1i1p1,FORE-SCE-B1,5392791360.126052,5360057180.35099,32734179.775061358
NHG,cesm1-cam5_rcp45_r1i1p1,GCAM-26,5458833460.387604,5387661881.218344,71171579.16925935
NHG,cesm1-cam5_rcp45_r1i1p1,GCAM-45,5437396761.682177,5385270841.957293,52125919.72488105
NHG,cesm1-cam5_rcp45_r1i1p1,GCAM-ref,5402885880.708497,5360213296.374506,42672584.33399101
NHG,cesm1-cam5_rcp45_r1i1p1,LUCAS-BAU_High-0001,5416851819.974895,5389276483.329591,27575336.64530347
NHG,cesm1-cam5_rcp45_r1i1p1,LUCAS-BAU_High-0002,5417800901.413386,5389264690.222906,28536211.190480098
NHG,cesm1-cam5_rcp60_r1i1p1,FORE-SCE-A1B,6052526396.630592,5973045093.992145,79481302.63844748
NHG,cesm1-cam5_rcp60_r1i1p1,FORE-SCE-A2,6048292341.158718,5978137147.836678,70155193.32204026
NHG,cesm1-cam5_rcp60_r1i1p1,FORE-SCE-B1,6014713243.724257,5950957069.596312,63756174.12794688
NHG,cesm1-cam5_rcp60_r1i1p1,GCAM-26,5973639268.998382,5855712074.594024,117927194.40436111
NHG,cesm1-cam5_rcp60_r1i1p1,GCAM-45,6036707462.725593,5943539016.01496,93168446.71063268
NHG,cesm1-cam5_rcp60_r1i1p1,GCAM-ref,6038754853.0817375,5959703270.284305,79051582.797434
NHG,cesm1-cam5_rcp60_r1i1p1,LUCAS-BAU_High-0001,5947941260.803185,5891250043.861998,56691216.94118514
NHG,cesm1-cam5_rcp60_r1i1p1,LUCAS-BAU_High-0002,5948849288.705929,5890931986.495491,57917302.21043973
NHG,cesm1-cam5_rcp85_r1i1p1,FORE-SCE-A1B,44939547480.52422,44832927545.75562,106619934.7686092
NHG,cesm1-cam5_rcp85_r1i1p1,FORE-SCE-A2,44954466229.53027,44858146669.16061,96319560.36968109
NHG,cesm1-cam5_rcp85_r1i1p1,FORE-SCE-B1,44939141404.0711,44854095361.07031,85046043.0007761
NHG,cesm1-cam5_rcp85_r1i1p1,GCAM-26,45093254128.49511,44928981749.53665,164272378.95846358
NHG,cesm1-cam5_rcp85_r1i1p1,GCAM-45,45107727923.96608,44972852306.567345,134875617.3987417
NHG,cesm1-cam5_rcp85_r1i1p1,GCAM-ref,44979029969.169075,44871745264.547424,107284704.62164584
NHG,cesm1-cam5_rcp85_r1i1p1,LUCAS-BAU_High-0001,45015674507.67818,44941456665.14603,74217842.53213629
NHG,cesm1-cam5_rcp85_r1i1p1,LUCAS-BAU_High-0002,44989866073.04131,44913950693.00562,75915380.03568192
NHG,cmcc-cm_rcp45_r1i1p1,FORE-SCE-A1B,2015762249.0937161,1993301018.690894,22461230.40282187
NHG,cmcc-cm_rcp45_r1i1p1,FORE-SCE-A2,1345382851.6564806,1326390524.0488634,18992327.60761742
NHG,cmcc-cm_rcp45_r1i1p1,FORE-SCE-B1,1344960525.3494203,1326539665.322299,18420860.02712175
NHG,cmcc-cm_rcp45_r1i1p1,GCAM-26,1804687656.9147863,1769209839.6722116,35477817.242574796
NHG,cmcc-cm_rcp45_r1i1p1,GCAM-45,2048369270.6489122,2021213910.1528633,27155360.496048756
NHG,cmcc-cm_rcp45_r1i1p1,GCAM-ref,2015431614.614846,1991532197.735056,23899416.8797897
NHG,cmcc-cm_rcp45_r1i1p1,LUCAS-BAU_High-0001,1342809811.7149146,1326605650.4110646,16204161.303849531
NHG,cmcc-cm_rcp45_r1i1p1,LUCAS-BAU_High-0002,1343086649.6028297,1326459166.26439,16627483.338439573
NHG,cmcc-cm_rcp85_r1i1p1,FORE-SCE-A1B,84292369.57463908,0.0,84292369.57463908
NHG,cmcc-cm_rcp85_r1i1p1,FORE-SCE-A2,75230998.3898299,0.0,75230998.3898299
NHG,cmcc-cm_rcp85_r1i1p1,FORE-SCE-B1,69130406.32841767,0.0,69130406.32841767
NHG,cmcc-cm_rcp85_r1i1p1,GCAM-26,128918738.95169903,0.0,128918738.95169903
NHG,cmcc-cm_rcp85_r1i1p1,GCAM-45,99736359.12704372,0.0,99736359.12704372
NHG,cmcc-cm_rcp85_r1i1p1,GCAM-ref,83470580.38197795,0.0,83470580.38197795
NHG,cmcc-cm_rcp85_r1i1p1,LUCAS-BAU_High-0001,58176961.09024835,0.0,58176961.09024835
NHG,cmcc-cm_rcp85_r1i1p1,LUCAS-BAU_High-0002,59643207.68979462,0.0,59643207.68979462
NHG,cnrm-cm5_rcp45_r1i1p1,FORE-SCE-A1B,37091984502.75596,37049262804.74755,42721698.00842379
NHG,cnrm-cm5_rcp45_r1i1p1,FORE-SCE-A2,37005765623.84651,36969433206.84148,36332417.005035125
NHG,cnrm-cm5_rcp45_r1i1p1,FORE-SCE-B1,37162123934.43306,37129498020.22687,32625914.206188407
NHG,cnrm-cm5_rcp45_r1i1p1,GCAM-26,37114514833.9238,37049313053.28008,65201780.643739276
NHG,cnrm-cm5_rcp45_r1i1p1,GCAM-45,37363770019.50945,37307815630.59498,55954388.9144914
NHG,cnrm-cm5_rcp45_r1i1p1,GCAM-ref,37150029324.77468,37104615234.73492,45414090.03976538
NHG,cnrm-cm5_rcp45_r1i1p1,LUCAS-BAU_High-0001,36888353203.07266,36857712048.555595,30641154.517076354
NHG,cnrm-cm5_rcp45_r1i1p1,LUCAS-BAU_High-0002,37194564962.378365,37163997006.55048,30567955.82787922
NHG,cnrm-cm5_rcp85_r1i1p1,FORE-SCE-A1B,73857048271.35547,73761400081.22197,95648190.13350701
NHG,cnrm-cm5_rcp85_r1i1p1,FORE-SCE-A2,74172829209.83984,74087432650.14027,85396559.69956087
NHG,cnrm-cm5_rcp85_r1i1p1,FORE-SCE-B1,74018906592.16481,73939660788.90639,79245803.25843428
NHG,cnrm-cm5_rcp85_r1i1p1,GCAM-26,75223805737.3096,75069589159.39832,154216577.91126525
NHG,cnrm-cm5_rcp85_r1i1p1,GCAM-45,73967641222.20593,73849992406.8183,117648815.38762397
NHG,cnrm-cm5_rcp85_r1i1p1,GCAM-ref,73881057507.44539,73783274213.31677,97783294.12859192
NHG,cnrm-cm5_rcp85_r1i1p1,LUCAS-BAU_High-0001,74104522375.21143,74034192724.54741,70329650.66398758
NHG,cnrm-cm5_rcp85_r1i1p1,LUCAS-BAU_High-0002,74105921944.23639,74033989214.0597,71932730.17668155
NHG,csiro-mk3-6-0_rcp26_r1i1p1,FORE-SCE-A1B,8929991657.499275,8848229411.025337,81762246.47393997
NHG,csiro-mk3-6-0_rcp26_r1i1p1,FORE-SCE-A2,9080938246.142845,9008668109.629253,72270136.5135947
NHG,csiro-mk3-6-0_rcp26_r1i1p1,FORE-SCE-B1,9136912237.05242,9070685038.175987,66227198.87643265
NHG,csiro-mk3-6-0_rcp26_r1i1p1,GCAM-26,10159758637.944765,10035332956.724358,124425681.22041109
NHG,csiro-mk3-6-0_rcp26_r1i1p1,GCAM-45,9021800347.701767,8923275560.722992,98524786.97877336
NHG,csiro-mk3-6-0_rcp26_r1i1p1,GCAM-ref,8930800972.446508,8847230468.75575,83570503.69076039
NHG,csiro-mk3-6-0_rcp26_r1i1p1,LUCAS-BAU_High-0001,9137530339.90716,9077666078.569994,59864261.33716382
NHG,csiro-mk3-6-0_rcp26_r1i1p1,LUCAS-BAU_High-0002,9137856932.0808,9076699976.775757,61156955.30504159
NHG,csiro-mk3-6-0_rcp45_r1i1p1,FORE-SCE-A1B,1554708147.0447702,1483041076.158219,71667070.88655081
NHG,csiro-mk3-6-0_rcp45_r1i1p1,FORE-SCE-A2,1418318128.6762187,1351989241.2499847,66328887.42623425
NHG,csiro-mk3-6-0_rcp45_r1i1p1,FORE-SCE-B1,1398118009.9067006,1335792575.808436,62325434.09826492
NHG,csiro-mk3-6-0_rcp45_r1i1p1,GCAM-26,1551545933.1953912,1438792973.734805,112752959.4605855
NHG,csiro-mk3-6-0_rcp45_r1i1p1,GCAM-45,1584258018.527645,1496592924.1347551,87665094.39289021
NHG,csiro-mk3-6-0_rcp45_r1i1p1,GCAM-ref,1552416764.625467,1480054519.1957073,72362245.4297596
NHG,csiro-mk3-6-0_rcp45_r1i1p1,LUCAS-BAU_High-0001,1389748254.603,1335665652.3396535,54082602.26334647
NHG,csiro-mk3-6-0_rcp45_r1i1p1,LUCAS-BAU_High-0002,1391394408.997423,1335730905.876082,55663503.12134087
NHG,csiro-mk3-6-0_rcp60_r1i1p1,FORE-SCE-A1B,2616068905.592454,2575842737.11213,40226168.48032391
NHG,csiro-mk3-6-0_rcp60_r1i1p1,FORE-SCE-A2,2630101626.611074,2593967966.4154944,36133660.195578516
NHG,csiro-mk3-6-0_rcp60_r1i1p1,FORE-SCE-B1,2632253666.7952056,2597220865.0569234,35032801.73828268
NHG,csiro-mk3-6-0_rcp60_r1i1p1,GCAM-26,2640104590.004307,2578535344.115879,61569245.888425805
NHG,csiro-mk3-6-0_rcp60_r1i1p1,GCAM-45,2637290964.043645,2587855202.7825265,49435761.26111782
NHG,csiro-mk3-6-0_rcp60_r1i1p1,GCAM-ref,2618313840.106027,2575547837.5851307,42766002.5208973
NHG,csiro-mk3-6-0_rcp60_r1i1p1,LUCAS-BAU_High-0001,2628459788.019395,2597573172.048447,30886615.97094775
NHG,csiro-mk3-6-0_rcp60_r1i1p1,LUCAS-BAU_High-0002,2630237096.804596,2597333270.398064,32903826.40653193
NHG,csiro-mk3-6-0_rcp85_r1i1p1,FORE-SCE-A1B,25256891972.424377,25159994210.5349,96897761.88947326
NHG,csiro-mk3-6-0_rcp85_r1i1p1,FORE-SCE-A2,25212926967.98149,25126065311.15472,86861656.82675526
NHG,csiro-mk3-6-0_rcp85_r1i1p1,FORE-SCE-B1,25219449679.303757,25144145461.454533,75304217.84922448
NHG,csiro-mk3-6-0_rcp85_r1i1p1,GCAM-26,25479793397.654034,25335660113.385693,144133284.2683563
NHG,csiro-mk3-6-0_rcp85_r1i1p1,GCAM-45,25313638671.48463,25197385766.466488,116252905.01813288
NHG,csiro-mk3-6-0_rcp85_r1i1p1,GCAM-ref,25212208658.034863,25115741575.354546,96467082.68032283
NHG,csiro-mk3-6-0_rcp85_r1i1p1,LUCAS-BAU_High-0001,25206871212.961643,25141139712.589436,65731500.37220895
NHG,csiro-mk3-6-0_rcp85_r1i1p1,LUCAS-BAU_High-0002,25208445127.114693,25141411261.0466,67033866.068102956
NHG,fgoals-g2_rcp26_r1i1p1,FORE-SCE-A1B,26035291.184858438,0.0,26035291.184858438
NHG,fgoals-g2_rcp26_r1i1p1,FORE-SCE-A2,21964317.251577705,0.0,21964317.251577705
NHG,fgoals-g2_rcp26_r1i1p1,FORE-SCE-B1,21238553.867109507,0.0,21238553.867109507
NHG,fgoals-g2_rcp26_r1i1p1,GCAM-26,306615350.25177413,267330000.00000155,39285350.251772605
NHG,fgoals-g2_rcp26_r1i1p1,GCAM-45,170979793.94148064,139508243.67372078,31471550.26775983
NHG,fgoals-g2_rcp26_r1i1p1,GCAM-ref,27923441.153319996,0.0,27923441.153319996
NHG,fgoals-g2_rcp26_r1i1p1,LUCAS-BAU_High-0001,19573057.429452073,0.0,19573057.429452073
NHG,fgoals-g2_rcp26_r1i1p1,LUCAS-BAU_High-0002,20200481.323298264,0.0,20200481.323298264
NML,access1-0_rcp45_r1i1p1,FORE-SCE-A1B,14649166168.47833,7857271654.064032,6791894514.414293
NML,access1-0_rcp45_r1i1p1,FORE-SCE-A2,14024854567.571043,8582237691.516878,5442616876.054165
NML,access1-0_rcp45_r1i1p1,FORE-SCE-B1,9197342483.03494,5131852404.987705,4065490078.0472364
NML,access1-0_rcp45_r1i1p1,GCAM-26,19361684871.077312,1323700058.4928274,18037984812.584476
NML,access1-0_rcp45_r1i1p1,GCAM-45,13046018173.73269,2432133250.8676124,10613884922.86508
NML,access1-0_rcp45_r1i1p1,GCAM-ref,13994709805.90567,7457799201.397077,6536910604.508598
NML,access1-0_rcp45_r1i1p1,LUCAS-BAU_High-0001,9670468600.490284,6729569923.605169,2940898676.8851123
NML,access1-0_rcp45_r1i1p1,LUCAS-BAU_High-0002,9581028682.37057,6494944047.2409315,3086084635.129638
NML,access1-0_rcp85_r1i1p1,FORE-SCE-A1B,17067649202.819809,3924645887.0327783,13143003315.78703
NML,access1-0_rcp85_r1i1p1,FORE-SCE-A2,14180704560.593264,3807966654.5341225,10372737906.05914
NML,access1-0_rcp85_r1i1p1,FORE-SCE-B1,12422175277.458565,4003652990.201483,8418522287.257078
NML,access1-0_rcp85_r1i1p1,GCAM-26,33695712585.246655,2991813482.4280963,30703899102.818554
NML,access1-0_rcp85_r1i1p1,GCAM-45,23445373286.843647,3958742509.6535335,19486630777.190117
NML,access1-0_rcp85_r1i1p1,GCAM-ref,17316924223.72314,3962535356.4229946,13354388867.300142
NML,access1-0_rcp85_r1i1p1,LUCAS-BAU_High-0001,10138535263.6309,3903971722.796738,6234563540.834162
NML,access1-0_rcp85_r1i1p1,LUCAS-BAU_High-0002,10410105032.099363,3896575182.3797154,6513529849.719647
NML,bcc-csm1-1-m_rcp45_r1i1p1,FORE-SCE-A1B,8718776267.193766,650903624.3468451,8067872642.846921
NML,bcc-csm1-1-m_rcp45_r1i1p1,FORE-SCE-A2,8213955517.312178,1724451942.156918,6489503575.15526
NML,bcc-csm1-1-m_rcp45_r1i1p1,FORE-SCE-B1,6953441487.785731,1852399340.655923,5101042147.129809
NML,bcc-csm1-1-m_rcp45_r1i1p1,GCAM-26,20209387938.274437,482794368.009007,19726593570.265427
NML,bcc-csm1-1-m_rcp45_r1i1p1,GCAM-45,12415011104.597593,421135612.29930973,11993875492.298285
NML,bcc-csm1-1-m_rcp45_r1i1p1,GCAM-ref,8271062193.713611,427587623.15998346,7843474570.553626
NML,bcc-csm1-1-m_rcp45_r1i1p1,LUCAS-BAU_High-0001,4551711170.859657,868606134.2939494,3683105036.565707
NML,bcc-csm1-1-m_rcp45_r1i1p1,LUCAS-BAU_High-0002,4745317695.138931,862832632.0347762,3882485063.104155
NML,bcc-csm1-1-m_rcp85_r1i1p1,FORE-SCE-A1B,15036671646.957558,1835921839.1098397,13200749807.847717
NML,bcc-csm1-1-m_rcp85_r1i1p1,FORE-SCE-A2,13456888274.040754,1679092099.8360484,11777796174.204706
NML,bcc-csm1-1-m_rcp85_r1i1p1,FORE-SCE-B1,11776251981.10168,1240809314.4215233,10535442666.68016
NML,bcc-csm1-1-m_rcp85_r1i1p1,GCAM-26,25885409854.67334,2702626439.2391915,23182783415.434147
NML,bcc-csm1-1-m_rcp85_r1i1p1,GCAM-45,18979852410.430824,2267343315.427074,16712509095.00375
NML,bcc-csm1-1-m_rcp85_r1i1p1,GCAM-ref,14564603005.692472,1681341154.060668,12883261851.631804
NML,bcc-csm1-1-m_rcp85_r1i1p1,LUCAS-BAU_High-0001,9846426477.048773,892088739.8857484,8954337737.163021
NML,bcc-csm1-1-m_rcp85_r1i1p1,LUCAS-BAU_High-0002,10018310224.159342,908822612.8269742,9109487611.332363
NML,bcc-csm1-1_rcp26_r1i1p1,FORE-SCE-A1B,18349963161.808086,1029829565.5272396,17320133596.28084
NML,bcc-csm1-1_rcp26_r1i1p1,FORE-SCE-A2,13908154140.482498,40637389.15265231,13867516751.329845
NML,bcc-csm1-1_rcp26_r1i1p1,FORE-SCE-B1,13096318627.55335,1363065297.2897806,11733253330.263573
NML,bcc-csm1-1_rcp26_r1i1p1,GCAM-26,35979923037.61752,0.0,35979923037.61752
NML,bcc-csm1-1_rcp26_r1i1p1,GCAM-45,27843946771.710777,3553629339.6005583,24290317432.110218
NML,bcc-csm1-1_rcp26_r1i1p1,GCAM-ref,18286037081.457317,760189127.8926985,17525847953.564617
NML,bcc-csm1-1_rcp26_r1i1p1,LUCAS-BAU_High-0001,10967842474.569874,1783370522.465465,9184471952.10441
NML,bcc-csm1-1_rcp26_r1i1p1,LUCAS-BAU_High-0002,11348337816.18321,1718040485.923119,9630297330.26009
NML,bcc-csm1-1_rcp45_r1i1p1,FORE-SCE-A1B,11157548220.96325,0.0,11157548220.96325
NML,bcc-csm1-1_rcp45_r1i1p1,FORE-SCE-A2,9133746605.094814,0.0,9133746605.094814
NML,bcc-csm1-1_rcp45_r1i1p1,FORE-SCE-B1,7255126962.144626,0.0,7255126962.144626
NML,bcc-csm1-1_rcp45_r1i1p1,GCAM-26,25106130120.56915,0.0,25106130120.56915
NML,bcc-csm1-1_rcp45_r1i1p1,GCAM-45,16289027653.117487,0.0,16289027653.117487
NML,bcc-csm1-1_rcp45_r1i1p1,GCAM-ref,11003648377.533117,0.0,11003648377.533117
NML,bcc-csm1-1_rcp45_r1i1p1,LUCAS-BAU_High-0001,5560335285.732442,0.0,5560335285.732442
NML,bcc-csm1-1_rcp45_r1i1p1,LUCAS-BAU_High-0002,5821127402.613484,0.0,5821127402.613484
NML,bcc-csm1-1_rcp60_r1i1p1,FORE-SCE-A1B,12600769541.866512,4114789370.2513475,8485980171.615165
NML,bcc-csm1-1_rcp60_r1i1p1,FORE-SCE-A2,8131206194.024493,1679338720.0149417,6451867474.009552
NML,bcc-csm1-1_rcp60_r1i1p1,FORE-SCE-B1,7193375853.856614,1805309347.84279,5388066506.013825
NML,bcc-csm1-1_rcp60_r1i1p1,GCAM-26,22334163928.455666,1895819905.9886532,20438344022.467014
NML,bcc-csm1-1_rcp60_r1i1p1,GCAM-45,14256970725.130838,1629955552.7951548,12627015172.335682
NML,bcc-csm1-1_rcp60_r1i1p1,GCAM-ref,12204165909.0274,3249252499.9493446,8954913409.07805
NML,bcc-csm1-1_rcp60_r1i1p1,LUCAS-BAU_High-0001,8019670500.929471,3400799948.0495267,4618870552.879944
NML,bcc-csm1-1_rcp60_r1i1p1,LUCAS-BAU_High-0002,7890177951.730791,3199458371.9369154,4690719579.793879
NML,bcc-csm1-1_rcp85_r1i1p1,FORE-SCE-A1B,17134221738.481966,1474508321.7400854,15659713416.74188
NML,bcc-csm1-1_rcp85_r1i1p1,FORE-SCE-A2,15218737030.249655,1375559924.00557,13843177106.24409
NML,bcc-csm1-1_rcp85_r1i1p1,FORE-SCE-B1,12528076806.518091,723312688.3112614,11804764118.206831
NML,bcc-csm1-1_rcp85_r1i1p1,GCAM-26,30549918865.592823,1492106625.7858953,29057812239.806923
NML,bcc-csm1-1_rcp85_r1i1p1,GCAM-45,23180825348.90212,2111612032.657912,21069213316.24421
NML,bcc-csm1-1_rcp85_r1i1p1,GCAM-ref,16870872630.686455,1708596498.7802181,15162276131.906239
NML,bcc-csm1-1_rcp85_r1i1p1,LUCAS-BAU_High-0001,10406510251.097456,543506636.417212,9863003614.680246
NML,bcc-csm1-1_rcp85_r1i1p1,LUCAS-BAU_High-0002,10521650387.247412,494715953.09961927,10026934434.14779
NML,canesm2_rcp26_r1i1p1,FORE-SCE-A1B,99319328910.39153,88112600200.04095,11206728710.35056
NML,canesm2_rcp26_r1i1p1,FORE-SCE-A2,74634096458.96033,65087880242.88889,9546216216.0714
NML,canesm2_rcp26_r1i1p1,FORE-SCE-B1,75725595829.8695,67378425958.901436,8347169870.968092
NML,canesm2_rcp26_r1i1p1,GCAM-26,114631545831.92195,93311628286.8621,21319917545.05988
NML,canesm2_rcp26_r1i1p1,GCAM-45,96903215476.15051,81859276614.8225,15043938861.328009
NML,canesm2_rcp26_r1i1p1,GCAM-ref,99634379469.95732,88285768552.06017,11348610917.89719
NML,canesm2_rcp26_r1i1p1,LUCAS-BAU_High-0001,64364267485.56585,57169507842.32277,7194759643.243056
NML,canesm2_rcp26_r1i1p1,LUCAS-BAU_High-0002,67535719484.98221,60116669899.335335,7419049585.6468525
NML,canesm2_rcp45_r1i1p1,FORE-SCE-A1B,12484472677.08493,0.0,12484472677.08493
NML,canesm2_rcp45_r1i1p1,FORE-SCE-A2,11074573734.183237,19845718.52573954,11054728015.657497
NML,canesm2_rcp45_r1i1p1,FORE-SCE-B1,10029446708.823277,19093662.90041289,10010353045.922865
NML,canesm2_rcp45_r1i1p1,GCAM-26,21614927003.325157,1163263627.691229,20451663375.633926
NML,canesm2_rcp45_r1i1p1,GCAM-45,15595346105.145018,132108286.75631037,15463237818.388708
NML,canesm2_rcp45_r1i1p1,GCAM-ref,12266597383.330791,0.0,12266597383.330791
NML,canesm2_rcp45_r1i1p1,LUCAS-BAU_High-0001,8793236925.24407,0.0,8793236925.24407
NML,canesm2_rcp45_r1i1p1,LUCAS-BAU_High-0002,8938468528.89493,18418491.13631488,8920050037.758615
NML,canesm2_rcp85_r1i1p1,FORE-SCE-A1B,113632502851.51541,86710520143.91823,26921982707.597153
NML,canesm2_rcp85_r1i1p1,FORE-SCE-A2,104422689712.7549,80636069921.09886,23786619791.65603
NML,canesm2_rcp85_r1i1p1,FORE-SCE-B1,90313394984.84035,68973621503.62392,21339773481.216393
NML,canesm2_rcp85_r1i1p1,GCAM-26,137492048212.29623,96426327980.1678,41065720232.1284
NML,canesm2_rcp85_r1i1p1,GCAM-45,116413309896.71477,83951803856.99812,32461506039.71662
NML,canesm2_rcp85_r1i1p1,GCAM-ref,112660877625.96187,85407188316.54109,27253689309.420795
NML,canesm2_rcp85_r1i1p1,LUCAS-BAU_High-0001,84594648434.62929,65527785640.474396,19066862794.154896
NML,canesm2_rcp85_r1i1p1,LUCAS-BAU_High-0002,84299092871.0915,64909261081.35969,19389831789.731804
NML,ccsm4_rcp26_r1i1p1,FORE-SCE-A1B,9301303217.856647,1774167433.8402681,7527135784.016378
NML,ccsm4_rcp26_r1i1p1,FORE-SCE-A2,9833290534.704912,3340691271.491926,6492599263.212986
NML,ccsm4_rcp26_r1i1p1,FORE-SCE-B1,5952362727.390844,596368023.6131372,5355994703.777707
NML,ccsm4_rcp26_r1i1p1,GCAM-26,20144842156.326103,3371689034.3677707,16773153121.958338
NML,ccsm4_rcp26_r1i1p1,GCAM-45,12417977109.454077,1610084212.2556918,10807892897.19839
NML,ccsm4_rcp26_r1i1p1,GCAM-ref,8932147715.043674,1563587779.3952365,7368559935.648439
NML,ccsm4_rcp26_r1i1p1,LUCAS-BAU_High-0001,4807874286.048495,638404438.168877,4169469847.8796177
NML,ccsm4_rcp26_r1i1p1,LUCAS-BAU_High-0002,4978996809.904167,641375989.554554,4337620820.349615
NML,ccsm4_rcp45_r1i1p1,FORE-SCE-A1B,19365731968.09281,10799472798.48893,8566259169.603879
NML,ccsm4_rcp45_r1i1p1,FORE-SCE-A2,10783980799.835249,3710873347.28415,7073107452.5511
NML,ccsm4_rcp45_r1i1p1,FORE-SCE-B1,10114630879.960114,3913544201.423428,6201086678.536686
NML,ccsm4_rcp45_r1i1p1,GCAM-26,27371905168.969154,9162527517.599081,18209377651.370075
NML,ccsm4_rcp45_r1i1p1,GCAM-45,19850870300.800377,8253040485.967817,11597829814.832563
NML,ccsm4_rcp45_r1i1p1,GCAM-ref,18514950281.585827,10112383970.926079,8402566310.659744
NML,ccsm4_rcp45_r1i1p1,LUCAS-BAU_High-0001,5534932282.064572,257663484.27508694,5277268797.789486
NML,ccsm4_rcp45_r1i1p1,LUCAS-BAU_High-0002,5623987655.919502,213948082.44950545,5410039573.4699955
NML,ccsm4_rcp60_r1i1p1,FORE-SCE-A1B,12696696479.96615,2282906318.830284,10413790161.135862
NML,ccsm4_rcp60_r1i1p1,FORE-SCE-A2,11096014587.202534,1937974209.1911278,9158040378.011406
NML,ccsm4_rcp60_r1i1p1,FORE-SCE-B1,9853754143.415003,1488521824.933023,8365232318.48198
NML,ccsm4_rcp60_r1i1p1,GCAM-26,19855737141.422527,1982120697.082475,17873616444.340054
NML,ccsm4_rcp60_r1i1p1,GCAM-45,18991632091.863354,6398007990.419744,12593624101.44361
NML,ccsm4_rcp60_r1i1p1,GCAM-ref,12771289646.313955,2347343967.098106,10423945679.215845
NML,ccsm4_rcp60_r1i1p1,LUCAS-BAU_High-0001,8686081439.456522,1323989368.296228,7362092071.160293
NML,ccsm4_rcp60_r1i1p1,LUCAS-BAU_High-0002,8810763375.550983,1351599963.8179576,7459163411.7330265
NML,ccsm4_rcp85_r1i1p1,FORE-SCE-A1B,39881314727.99653,22892374224.32794,16988940503.668596
NML,ccsm4_rcp85_r1i1p1,FORE-SCE-A2,33176504433.928116,18192480865.252003,14984023568.676107
NML,ccsm4_rcp85_r1i1p1,FORE-SCE-B1,27456039877.603264,13617904875.991095,13838135001.612175
NML,ccsm4_rcp85_r1i1p1,GCAM-26,37313239036.76182,9551040877.942598,27762198158.81922
NML,ccsm4_rcp85_r1i1p1,GCAM-45,41803491735.03249,20615218228.514355,21188273506.51814
NML,ccsm4_rcp85_r1i1p1,GCAM-ref,38899466481.019485,22327978394.707474,16571488086.312023
NML,ccsm4_rcp85_r1i1p1,LUCAS-BAU_High-0001,24358572350.05892,12874618900.667912,11483953449.39102
NML,ccsm4_rcp85_r1i1p1,LUCAS-BAU_High-0002,24685273668.837147,12925290872.007341,11759982796.829807
NML,cesm1-bgc_rcp45_r1i1p1,FORE-SCE-A1B,12706545672.673565,3346330422.5922585,9360215250.081303
NML,cesm1-bgc_rcp45_r1i1p1,FORE-SCE-A2,8523160087.550088,451915233.4290763,8071244854.121012
NML,cesm1-bgc_rcp45_r1i1p1,FORE-SCE-B1,8033553169.630451,942341311.6195803,7091211858.010873
NML,cesm1-bgc_rcp45_r1i1p1,GCAM-26,24667865481.68845,7589895087.155298,17077970394.533154
NML,cesm1-bgc_rcp45_r1i1p1,GCAM-45,15294725442.974577,3329256595.879658,11965468847.09492
NML,cesm1-bgc_rcp45_r1i1p1,GCAM-ref,14482221835.25959,5352874798.1357,9129347037.12389
NML,cesm1-bgc_rcp45_r1i1p1,LUCAS-BAU_High-0001,7102029772.116544,1185026731.664568,5917003040.451976
NML,cesm1-bgc_rcp45_r1i1p1,LUCAS-BAU_High-0002,7215208259.736238,1172064621.268104,6043143638.468133
NML,cesm1-bgc_rcp85_r1i1p1,FORE-SCE-A1B,23704457545.877895,8598278983.87341,15106178562.004492
NML,cesm1-bgc_rcp85_r1i1p1,FORE-SCE-A2,21788922341.923515,8319223978.917111,13469698363.006405
NML,cesm1-bgc_rcp85_r1i1p1,FORE-SCE-B1,19743888066.91676,6853655523.561511,12890232543.355251
NML,cesm1-bgc_rcp85_r1i1p1,GCAM-26,29048254533.62419,8811407107.154167,20236847426.470024
NML,cesm1-bgc_rcp85_r1i1p1,GCAM-45,27186208787.762783,8951617545.622046,18234591242.14074
NML,cesm1-bgc_rcp85_r1i1p1,GCAM-ref,23448274401.590416,8280286843.013064,15167987558.577353
NML,cesm1-bgc_rcp85_r1i1p1,LUCAS-BAU_High-0001,17255801180.26067,6047824913.311392,11207976266.949272
NML,cesm1-bgc_rcp85_r1i1p1,LUCAS-BAU_High-0002,17620814509.32712,6116529531.152212,11504284978.17491
NML,cesm1-cam5_rcp26_r1i1p1,FORE-SCE-A1B,7629910598.080885,2951315226.767391,4678595371.313493
NML,cesm1-cam5_rcp26_r1i1p1,FORE-SCE-A2,7308712194.439032,3445426773.9128923,3863285420.5261393
NML,cesm1-cam5_rcp26_r1i1p1,FORE-SCE-B1,5982016438.742789,2526460825.436324,3455555613.3064666
NML,cesm1-cam5_rcp26_r1i1p1,GCAM-26,18668624522.832035,7339880441.845815,11328744080.986223
NML,cesm1-cam5_rcp26_r1i1p1,GCAM-45,10371566107.776321,3545498677.432092,6826067430.34423
NML,cesm1-cam5_rcp26_r1i1p1,GCAM-ref,8416972043.747937,4028384846.666318,4388587197.08162
NML,cesm1-cam5_rcp26_r1i1p1,LUCAS-BAU_High-0001,5998758010.117798,3143055611.066536,2855702399.0512643
NML,cesm1-cam5_rcp26_r1i1p1,LUCAS-BAU_High-0002,6017679055.723661,3093555434.710953,2924123621.012707
NML,cesm1-cam5_rcp45_r1i1p1,FORE-SCE-A1B,14464559843.257805,3646518973.433173,10818040869.824627
NML,cesm1-cam5_rcp45_r1i1p1,FORE-SCE-A2,9047684398.084137,382696243.73467934,8664988154.349457
NML,cesm1-cam5_rcp45_r1i1p1,FORE-SCE-B1,7813421302.534093,442547378.58954465,7370873923.944549
NML,cesm1-cam5_rcp45_r1i1p1,GCAM-26,32545734369.147984,9261882520.98897,23283851848.15901
NML,cesm1-cam5_rcp45_r1i1p1,GCAM-45,16297438829.423073,1036245895.9368563,15261192933.486216
NML,cesm1-cam5_rcp45_r1i1p1,GCAM-ref,14441533486.050186,3332676029.4344163,11108857456.615765
NML,cesm1-cam5_rcp45_r1i1p1,LUCAS-BAU_High-0001,6372558180.3615055,411656043.44576454,5960902136.915741
NML,cesm1-cam5_rcp45_r1i1p1,LUCAS-BAU_High-0002,6630228935.870998,406057990.6205574,6224170945.250441
NML,cesm1-cam5_rcp60_r1i1p1,FORE-SCE-A1B,25764580233.475826,14222309908.24448,11542270325.231342
NML,cesm1-cam5_rcp60_r1i1p1,FORE-SCE-A2,25873960971.567986,15856174726.08472,10017786245.483261
NML,cesm1-cam5_rcp60_r1i1p1,FORE-SCE-B1,22756895033.926632,13900387943.834566,8856507090.092075
NML,cesm1-cam5_rcp60_r1i1p1,GCAM-26,38492752399.64564,16529903798.17614,21962848601.46949
NML,cesm1-cam5_rcp60_r1i1p1,GCAM-45,32269300609.59947,16944940975.03326,15324359634.56621
NML,cesm1-cam5_rcp60_r1i1p1,GCAM-ref,26037385610.05366,14466704500.332628,11570681109.721033
NML,cesm1-cam5_rcp60_r1i1p1,LUCAS-BAU_High-0001,21380759540.515427,13915988071.045813,7464771469.469615
NML,cesm1-cam5_rcp60_r1i1p1,LUCAS-BAU_High-0002,21472420971.852795,13826308269.556475,7646112702.296319
NML,cesm1-cam5_rcp85_r1i1p1,FORE-SCE-A1B,63572420998.597466,41405548949.10698,22166872049.490498
NML,cesm1-cam5_rcp85_r1i1p1,FORE-SCE-A2,58546408496.66753,38421385045.38006,20125023451.287457
NML,cesm1-cam5_rcp85_r1i1p1,FORE-SCE-B1,54394591829.51655,35718956160.049355,18675635669.46719
NML,cesm1-cam5_rcp85_r1i1p1,GCAM-26,80914949382.56308,47367719478.48778,33547229904.07532
NML,cesm1-cam5_rcp85_r1i1p1,GCAM-45,72284963559.16971,45892844939.41859,26392118619.75113
NML,cesm1-cam5_rcp85_r1i1p1,GCAM-ref,60412296358.394455,38840944718.08544,21571351640.309025
NML,cesm1-cam5_rcp85_r1i1p1,LUCAS-BAU_High-0001,48433007584.8107,32325749730.029827,16107257854.780865
NML,cesm1-cam5_rcp85_r1i1p1,LUCAS-BAU_High-0002,51506139045.92476,35024740515.862366,16481398530.062395
NML,cmcc-cm_rcp45_r1i1p1,FORE-SCE-A1B,12068122358.132626,0.0,12068122358.132626
NML,cmcc-cm_rcp45_r1i1p1,FORE-SCE-A2,9423349423.698156,0.0,9423349423.698156
NML,cmcc-cm_rcp45_r1i1p1,FORE-SCE-B1,7463711850.131509,0.0,7463711850.131509
NML,cmcc-cm_rcp45_r1i1p1,GCAM-26,28227909691.16345,0.0,28227909691.16345
NML,cmcc-cm_rcp45_r1i1p1,GCAM-45,17851218936.870533,0.0,17851218936.870533
NML,cmcc-cm_rcp45_r1i1p1,GCAM-ref,11913562723.116562,0.0,11913562723.116562
NML,cmcc-cm_rcp45_r1i1p1,LUCAS-BAU_High-0001,5347834139.440745,0.0,5347834139.440745
NML,cmcc-cm_rcp45_r1i1p1,LUCAS-BAU_High-0002,5603296044.220293,0.0,5603296044.220293
NML,cmcc-cm_rcp85_r1i1p1,FORE-SCE-A1B,12392247444.079163,0.0,12392247444.079163
NML,cmcc-cm_rcp85_r1i1p1,FORE-SCE-A2,10651587244.699062,0.0,10651587244.699062
NML,cmcc-cm_rcp85_r1i1p1,FORE-SCE-B1,8373364978.123387,9222960.812305063,8364142017.311082
NML,cmcc-cm_rcp85_r1i1p1,GCAM-26,27621249474.279602,0.0,27621249474.279602
NML,cmcc-cm_rcp85_r1i1p1,GCAM-45,18004048645.587696,0.0,18004048645.587696
NML,cmcc-cm_rcp85_r1i1p1,GCAM-ref,11873318689.87463,0.0,11873318689.87463
NML,cmcc-cm_rcp85_r1i1p1,LUCAS-BAU_High-0001,6541348066.280758,254082213.0358895,6287265853.244867
NML,cmcc-cm_rcp85_r1i1p1,LUCAS-BAU_High-0002,6547833306.432999,196662507.13908046,6351170799.293919
NML,cnrm-cm5_rcp45_r1i1p1,FORE-SCE-A1B,49140555873.43669,37581406873.48814,11559148999.948515
NML,cnrm-cm5_rcp45_r1i1p1,FORE-SCE-A2,46403230413.899956,36213765460.94075,10189464952.959215
NML,cnrm-cm5_rcp45_r1i1p1,FORE-SCE-B1,45230403487.7505,35767048374.73046,9463355113.02003
NML,cnrm-cm5_rcp45_r1i1p1,GCAM-26,56483043522.46473,38190088182.75644,18292955339.708294
NML,cnrm-cm5_rcp45_r1i1p1,GCAM-45,53279928085.72091,39350016681.576004,13929911404.144909
NML,cnrm-cm5_rcp45_r1i1p1,GCAM-ref,50352431911.62595,38626618154.643684,11725813756.98227
NML,cnrm-cm5_rcp45_r1i1p1,LUCAS-BAU_High-0001,42137476637.701035,33677401028.60938,8460075609.0916605
NML,cnrm-cm5_rcp45_r1i1p1,LUCAS-BAU_High-0002,42285444033.53802,33668318649.510303,8617125384.027721
NML,cnrm-cm5_rcp85_r1i1p1,FORE-SCE-A1B,58900050499.66634,34449583243.15664,24450467256.509712
NML,cnrm-cm5_rcp85_r1i1p1,FORE-SCE-A2,55251756490.51262,33287804277.4086,21963952213.10401
NML,cnrm-cm5_rcp85_r1i1p1,FORE-SCE-B1,49132982379.82825,28995082843.231224,20137899536.597008
NML,cnrm-cm5_rcp85_r1i1p1,GCAM-26,70304607201.1596,35543711520.34731,34760895680.81233
NML,cnrm-cm5_rcp85_r1i1p1,GCAM-45,68022060735.18715,38947429197.578125,29074631537.60903
NML,cnrm-cm5_rcp85_r1i1p1,GCAM-ref,58628100208.32005,34207388431.218964,24420711777.1011
NML,cnrm-cm5_rcp85_r1i1p1,LUCAS-BAU_High-0001,47933120652.99174,30203666665.11133,17729453987.88041
NML,cnrm-cm5_rcp85_r1i1p1,LUCAS-BAU_High-0002,48453539902.177284,30367955703.309086,18085584198.868202
NML,csiro-mk3-6-0_rcp26_r1i1p1,FORE-SCE-A1B,29363682954.19527,17012627812.784302,12351055141.41096
NML,csiro-mk3-6-0_rcp26_r1i1p1,FORE-SCE-A2,26354618386.89787,16500535941.196327,9854082445.701546
NML,csiro-mk3-6-0_rcp26_r1i1p1,FORE-SCE-B1,24989328644.405323,16063558754.705227,8925769889.700083
NML,csiro-mk3-6-0_rcp26_r1i1p1,GCAM-26,44425826708.94729,18935434903.680103,25490391805.267178
NML,csiro-mk3-6-0_rcp26_r1i1p1,GCAM-45,29540298385.80447,12557716698.069435,16982581687.735035
NML,csiro-mk3-6-0_rcp26_r1i1p1,GCAM-ref,29394063477.148457,16412028436.222616,12982035040.925842
NML,csiro-mk3-6-0_rcp26_r1i1p1,LUCAS-BAU_High-0001,23488227337.931965,15804205554.006525,7684021783.925447
NML,csiro-mk3-6-0_rcp26_r1i1p1,LUCAS-BAU_High-0002,23780550051.82827,15852696289.932932,7927853761.895345
NML,csiro-mk3-6-0_rcp45_r1i1p1,FORE-SCE-A1B,13908496981.978987,1617675485.145258,12290821496.833729
NML,csiro-mk3-6-0_rcp45_r1i1p1,FORE-SCE-A2,10854902955.246298,1030604041.7186981,9824298913.527603
NML,csiro-mk3-6-0_rcp45_r1i1p1,FORE-SCE-B1,9411265208.150566,1028345222.7241421,8382919985.426428
NML,csiro-mk3-6-0_rcp45_r1i1p1,GCAM-26,30302040809.989033,2214008406.5917134,28088032403.39732
NML,csiro-mk3-6-0_rcp45_r1i1p1,GCAM-45,20067385511.74264,1631739822.611257,18435645689.131393
NML,csiro-mk3-6-0_rcp45_r1i1p1,GCAM-ref,14402863999.667263,1624134463.197681,12778729536.46958
NML,csiro-mk3-6-0_rcp45_r1i1p1,LUCAS-BAU_High-0001,7890226637.91861,1028878194.6747546,6861348443.243854
NML,csiro-mk3-6-0_rcp45_r1i1p1,LUCAS-BAU_High-0002,8156385118.21816,1030037068.6023011,7126348049.615857
NML,csiro-mk3-6-0_rcp60_r1i1p1,FORE-SCE-A1B,9962023434.460537,918935841.455037,9043087593.0055
NML,csiro-mk3-6-0_rcp60_r1i1p1,FORE-SCE-A2,11301538334.750647,3267511629.415766,8034026705.334879
NML,csiro-mk3-6-0_rcp60_r1i1p1,FORE-SCE-B1,9974192433.415539,3447330954.0855336,6526861479.330006
NML,csiro-mk3-6-0_rcp60_r1i1p1,GCAM-26,21029813805.253986,923202310.9004185,20106611494.353565
NML,csiro-mk3-6-0_rcp60_r1i1p1,GCAM-45,16699759314.0478,3611976625.536762,13087782688.51104
NML,csiro-mk3-6-0_rcp60_r1i1p1,GCAM-ref,8898666130.58407,402196669.9269971,8496469460.657073
NML,csiro-mk3-6-0_rcp60_r1i1p1,LUCAS-BAU_High-0001,6288554334.889179,1018600111.6903157,5269954223.198864
NML,csiro-mk3-6-0_rcp60_r1i1p1,LUCAS-BAU_High-0002,6411407246.632944,987827159.3960135,5423580087.236933
NML,csiro-mk3-6-0_rcp85_r1i1p1,FORE-SCE-A1B,17938205294.641098,2129725718.1029434,15808479576.538157
NML,csiro-mk3-6-0_rcp85_r1i1p1,FORE-SCE-A2,15785669176.607061,2148739489.423548,13636929687.183512
NML,csiro-mk3-6-0_rcp85_r1i1p1,FORE-SCE-B1,12881172217.551355,522927421.46474427,12358244796.08661
NML,csiro-mk3-6-0_rcp85_r1i1p1,GCAM-26,29587189655.993725,1387619516.2684593,28199570139.725266
NML,csiro-mk3-6-0_rcp85_r1i1p1,GCAM-45,22907503817.116264,2384147558.2163815,20523356258.899883
NML,csiro-mk3-6-0_rcp85_r1i1p1,GCAM-ref,16657255794.747446,537219713.9108164,16120036080.83663
NML,csiro-mk3-6-0_rcp85_r1i1p1,LUCAS-BAU_High-0001,10593940289.346691,342042957.60868853,10251897331.738003
NML,csiro-mk3-6-0_rcp85_r1i1p1,LUCAS-BAU_High-0002,10880221694.83057,354781511.7093828,10525440183.121187
NML,fgoals-g2_rcp26_r1i1p1,FORE-SCE-A1B,15329236919.734905,11215298529.540276,4113938390.194625
NML,fgoals-g2_rcp26_r1i1p1,FORE-SCE-A2,9506917671.255909,6777633746.914456,2729283924.3414564
NML,fgoals-g2_rcp26_r1i1p1,FORE-SCE-B1,9958594390.604654,7853594218.293764,2105000172.3108923
NML,fgoals-g2_rcp26_r1i1p1,GCAM-26,30391785528.208984,16918033793.994083,13473751734.214907
NML,fgoals-g2_rcp26_r1i1p1,GCAM-45,15576717522.717176,8388517517.054232,7188200005.662942
NML,fgoals-g2_rcp26_r1i1p1,GCAM-ref,14832689464.571754,10572463890.458982,4260225574.1127706
NML,fgoals-g2_rcp26_r1i1p1,LUCAS-BAU_High-0001,9670764534.723328,7918162442.848508,1752602091.8748207
NML,fgoals-g2_rcp26_r1i1p1,LUCAS-BAU_High-0002,9689910995.720749,7846666833.905125,1843244161.8156245
ORO,access1-0_rcp45_r1i1p1,FORE-SCE-A1B,90494460056.02512,235241000.00000325,90259219056.0251
ORO,access1-0_rcp45_r1i1p1,FORE-SCE-A2,72962582459.56337,235240999.99999452,72727341459.56337
ORO,access1-0_rcp45_r1i1p1,FORE-SCE-B1,56997782082.27425,235241000.0000091,56762541082.27423
ORO,access1-0_rcp45_r1i1p1,GCAM-26,211999560631.10977,235240999.99999163,211764319631.10977
ORO,access1-0_rcp45_r1i1p1,GCAM-45,133798574575.75539,235241000.00000617,133563333575.75536
ORO,access1-0_rcp45_r1i1p1,GCAM-ref,87849307663.81111,235240999.99999744,87614066663.81111
ORO,access1-0_rcp45_r1i1p1,LUCAS-BAU_High-0001,41468651440.879944,235241000.00000036,41233410440.879944
ORO,access1-0_rcp45_r1i1p1,LUCAS-BAU_High-0002,43668621408.42064,235241000.0000091,43433380408.42063
ORO,access1-0_rcp85_r1i1p1,FORE-SCE-A1B,158798636535.89957,0.0,158798636535.89957
ORO,access1-0_rcp85_r1i1p1,FORE-SCE-A2,128965831085.58072,0.0,128965831085.58072
ORO,access1-0_rcp85_r1i1p1,FORE-SCE-B1,108575115476.22873,0.0,108575115476.22873
ORO,access1-0_rcp85_r1i1p1,GCAM-26,332940472596.4832,0.0,332940472596.4832
ORO,access1-0_rcp85_r1i1p1,GCAM-45,221648801076.91367,0.0,221648801076.91367
ORO,access1-0_rcp85_r1i1p1,GCAM-ref,159211896711.17096,0.0,159211896711.17096
ORO,access1-0_rcp85_r1i1p1,LUCAS-BAU_High-0001,84604380498.5573,0.0,84604380498.5573
ORO,access1-0_rcp85_r1i1p1,LUCAS-BAU_High-0002,88242718122.77136,0.0,88242718122.77136
ORO,bcc-csm1-1-m_rcp45_r1i1p1,FORE-SCE-A1B,117204768824.83496,4393687999.999986,112811080824.83499
ORO,bcc-csm1-1-m_rcp45_r1i1p1,FORE-SCE-A2,97364936770.52849,4393687999.999994,92971248770.52849
ORO,bcc-csm1-1-m_rcp45_r1i1p1,FORE-SCE-B1,81703245394.25676,4393687999.999991,77309557394.25676
ORO,bcc-csm1-1-m_rcp45_r1i1p1,GCAM-26,246046190091.58868,4393687999.999991,241652502091.58875
ORO,bcc-csm1-1-m_rcp45_r1i1p1,GCAM-45,163456318681.24814,4393687999.999994,159062630681.24814
ORO,bcc-csm1-1-m_rcp45_r1i1p1,GCAM-ref,116606656911.52368,4393688000.0,112212968911.52368
ORO,bcc-csm1-1-m_rcp45_r1i1p1,LUCAS-BAU_High-0001,62466238454.391174,2977354190.853264,59488884263.5379
ORO,bcc-csm1-1-m_rcp45_r1i1p1,LUCAS-BAU_High-0002,64940105578.6165,2974646784.081936,61965458794.53458
ORO,bcc-csm1-1-m_rcp85_r1i1p1,FORE-SCE-A1B,105039605772.29765,4954984999.999994,100084620772.29767
ORO,bcc-csm1-1-m_rcp85_r1i1p1,FORE-SCE-A2,87068096041.6247,4954984999.999987,82113111041.62471
ORO,bcc-csm1-1-m_rcp85_r1i1p1,FORE-SCE-B1,73265999005.93896,4954985000.000004,68311014005.93897
ORO,bcc-csm1-1-m_rcp85_r1i1p1,GCAM-26,218169908199.79745,252281199.27156076,217917627000.5259
ORO,bcc-csm1-1-m_rcp85_r1i1p1,GCAM-45,146351568053.16693,4954985000.000012,141396583053.16687
ORO,bcc-csm1-1-m_rcp85_r1i1p1,GCAM-ref,102147896676.43488,4954984999.999992,97192911676.43488
ORO,bcc-csm1-1-m_rcp85_r1i1p1,LUCAS-BAU_High-0001,55904063148.55741,4954984999.999992,50949078148.55742
ORO,bcc-csm1-1-m_rcp85_r1i1p1,LUCAS-BAU_High-0002,58293804249.89045,4954984999.999998,53338819249.89045
ORO,bcc-csm1-1_rcp26_r1i1p1,FORE-SCE-A1B,218986947365.6902,0.0,218986947365.6902
ORO,bcc-csm1-1_rcp26_r1i1p1,FORE-SCE-A2,182944692173.41467,0.0,182944692173.41467
ORO,bcc-csm1-1_rcp26_r1i1p1,FORE-SCE-B1,157652843414.52676,0.0,157652843414.52676
ORO,bcc-csm1-1_rcp26_r1i1p1,GCAM-26,406539062260.17737,0.0,406539062260.17737
ORO,bcc-csm1-1_rcp26_r1i1p1,GCAM-45,291661067128.8449,0.0,291661067128.8449
ORO,bcc-csm1-1_rcp26_r1i1p1,GCAM-ref,220194640186.3317,0.0,220194640186.3317
ORO,bcc-csm1-1_rcp26_r1i1p1,LUCAS-BAU_High-0001,131281176645.78146,0.0,131281176645.78146
ORO,bcc-csm1-1_rcp26_r1i1p1,LUCAS-BAU_High-0002,136078644571.46503,0.0,136078644571.46503
ORO,bcc-csm1-1_rcp45_r1i1p1,FORE-SCE-A1B,160994089960.05194,2216624999.9999943,158777464960.05194
ORO,bcc-csm1-1_rcp45_r1i1p1,FORE-SCE-A2,135680017038.29443,2216624999.999997,133463392038.29443
ORO,bcc-csm1-1_rcp45_r1i1p1,FORE-SCE-B1,112104801779.80176,2216624999.9999914,109888176779.80177
ORO,bcc-csm1-1_rcp45_r1i1p1,GCAM-26,320255036448.1528,2216624999.9999914,318038411448.1528
ORO,bcc-csm1-1_rcp45_r1i1p1,GCAM-45,220830141763.2702,2216625000.0,218613516763.2702
ORO,bcc-csm1-1_rcp45_r1i1p1,GCAM-ref,157919018342.1701,2216625000.000012,155702393342.17007
ORO,bcc-csm1-1_rcp45_r1i1p1,LUCAS-BAU_High-0001,89277786500.30241,2216625000.0,87061161500.30241
ORO,bcc-csm1-1_rcp45_r1i1p1,LUCAS-BAU_High-0002,92600667434.36551,2216624999.9999943,90384042434.36554
ORO,bcc-csm1-1_rcp60_r1i1p1,FORE-SCE-A1B,147475817347.58792,0.0,147475817347.58792
ORO,bcc-csm1-1_rcp60_r1i1p1,FORE-SCE-A2,119819067229.62195,0.0,119819067229.62195
ORO,bcc-csm1-1_rcp60_r1i1p1,FORE-SCE-B1,102190966541.43687,0.0,102190966541.43687
ORO,bcc-csm1-1_rcp60_r1i1p1,GCAM-26,297098703199.99884,0.0,297098703199.99884
ORO,bcc-csm1-1_rcp60_r1i1p1,GCAM-45,205870408101.34152,0.0,205870408101.34152
ORO,bcc-csm1-1_rcp60_r1i1p1,GCAM-ref,152889381767.94174,0.0,152889381767.94174
ORO,bcc-csm1-1_rcp60_r1i1p1,LUCAS-BAU_High-0001,86255840576.55937,0.0,86255840576.55937
ORO,bcc-csm1-1_rcp60_r1i1p1,LUCAS-BAU_High-0002,89501553653.87723,0.0,89501553653.87723
ORO,bcc-csm1-1_rcp85_r1i1p1,FORE-SCE-A1B,172352132172.5491,19170408326.143322,153181723846.40576
ORO,bcc-csm1-1_rcp85_r1i1p1,FORE-SCE-A2,153866181687.45697,20266581070.676247,133599600616.7807
ORO,bcc-csm1-1_rcp85_r1i1p1,FORE-SCE-B1,121196418591.5443,12626008608.633673,108570409982.9106
ORO,bcc-csm1-1_rcp85_r1i1p1,GCAM-26,323082183688.8125,14398634151.357395,308683549537.45514
ORO,bcc-csm1-1_rcp85_r1i1p1,GCAM-45,226876169183.32178,16426494449.654427,210449674733.66733
ORO,bcc-csm1-1_rcp85_r1i1p1,GCAM-ref,166036449091.0568,17973258527.83883,148063190563.21793
ORO,bcc-csm1-1_rcp85_r1i1p1,LUCAS-BAU_High-0001,94228938494.4601,8713910568.643707,85515027925.81639
ORO,bcc-csm1-1_rcp85_r1i1p1,LUCAS-BAU_High-0002,96971808061.01283,8430044389.652327,88541763671.3605
ORO,canesm2_rcp26_r1i1p1,FORE-SCE-A1B,134576762277.96086,32406380795.50864,102170381482.45224
ORO,canesm2_rcp26_r1i1p1,FORE-SCE-A2,108079851781.54532,28626709099.837437,79453142681.70793
ORO,canesm2_rcp26_r1i1p1,FORE-SCE-B1,94820311533.43785,28640318062.81768,66179993470.62014
ORO,canesm2_rcp26_r1i1p1,GCAM-26,273333107919.75745,44257433000.0,229075674919.75745
ORO,canesm2_rcp26_r1i1p1,GCAM-45,183094573466.61234,34949850242.88963,148144723223.72272
ORO,canesm2_rcp26_r1i1p1,GCAM-ref,135712250734.22757,32379572832.51253,103332677901.71507
ORO,canesm2_rcp26_r1i1p1,LUCAS-BAU_High-0001,74311731939.35127,22060340006.08976,52251391933.261505
ORO,canesm2_rcp26_r1i1p1,LUCAS-BAU_High-0002,76929565692.8002,22049662537.268967,54879903155.53124
ORO,canesm2_rcp45_r1i1p1,FORE-SCE-A1B,120297971513.2921,9175975671.960363,111121995841.33174
ORO,canesm2_rcp45_r1i1p1,FORE-SCE-A2,97177903248.37068,4985721844.490498,92192181403.88017
ORO,canesm2_rcp45_r1i1p1,FORE-SCE-B1,83059417126.68527,5224304112.357673,77835113014.32759
ORO,canesm2_rcp45_r1i1p1,GCAM-26,238305443681.35043,18141235496.26319,220164208185.08722
ORO,canesm2_rcp45_r1i1p1,GCAM-45,160825533924.0403,8972539541.566227,151852994382.4741
ORO,canesm2_rcp45_r1i1p1,GCAM-ref,118023547512.86656,8498257999.999981,109525289512.8666
ORO,canesm2_rcp45_r1i1p1,LUCAS-BAU_High-0001,65463455616.34314,1888390776.294397,63575064840.04874
ORO,canesm2_rcp45_r1i1p1,LUCAS-BAU_High-0002,71284447183.73605,5435366073.615712,65849081110.120346
ORO,canesm2_rcp85_r1i1p1,FORE-SCE-A1B,266327680444.32925,90317071214.87302,176010609229.45624
ORO,canesm2_rcp85_r1i1p1,FORE-SCE-A2,243742595972.56552,91068183475.09692,152674412497.4685
ORO,canesm2_rcp85_r1i1p1,FORE-SCE-B1,156189022103.39365,1201308538.7335014,154987713564.66013
ORO,canesm2_rcp85_r1i1p1,GCAM-26,371255200732.4118,64442734650.28432,306812466082.12756
ORO,canesm2_rcp85_r1i1p1,GCAM-45,324539164135.0342,99123493531.4952,225415670603.53906
ORO,canesm2_rcp85_r1i1p1,GCAM-ref,250052649061.8277,67764244406.75859,182288404655.06903
ORO,canesm2_rcp85_r1i1p1,LUCAS-BAU_High-0001,133596335990.95284,1186822162.1027362,132409513828.8501
ORO,canesm2_rcp85_r1i1p1,LUCAS-BAU_High-0002,136858061381.43068,1188363309.5150144,135669698071.91566
ORO,ccsm4_rcp26_r1i1p1,FORE-SCE-A1B,104527470689.21967,0.0,104527470689.21967
ORO,ccsm4_rcp26_r1i1p1,FORE-SCE-A2,86775276008.25385,0.0,86775276008.25385
ORO,ccsm4_rcp26_r1i1p1,FORE-SCE-B1,69347714779.28656,0.0,69347714779.28656
ORO,ccsm4_rcp26_r1i1p1,GCAM-26,226442648455.9456,0.0,226442648455.9456
ORO,ccsm4_rcp26_r1i1p1,GCAM-45,149199017162.0849,0.0,149199017162.0849
ORO,ccsm4_rcp26_r1i1p1,GCAM-ref,102000743050.0579,0.0,102000743050.0579
ORO,ccsm4_rcp26_r1i1p1,LUCAS-BAU_High-0001,53351927884.26175,0.0,53351927884.26175
ORO,ccsm4_rcp26_r1i1p1,LUCAS-BAU_High-0002,55638924698.023315,0.0,55638924698.023315
ORO,ccsm4_rcp45_r1i1p1,FORE-SCE-A1B,101710782184.90807,0.0,101710782184.90807
ORO,ccsm4_rcp45_r1i1p1,FORE-SCE-A2,81721888765.17552,0.0,81721888765.17552
ORO,ccsm4_rcp45_r1i1p1,FORE-SCE-B1,71192881196.13521,3906196882.3372183,67286684313.797966
ORO,ccsm4_rcp45_r1i1p1,GCAM-26,225451037974.42355,0.0,225451037974.42355
ORO,ccsm4_rcp45_r1i1p1,GCAM-45,147213159253.45032,0.0,147213159253.45032
ORO,ccsm4_rcp45_r1i1p1,GCAM-ref,104771498876.51004,0.0,104771498876.51004
ORO,ccsm4_rcp45_r1i1p1,LUCAS-BAU_High-0001,60237650375.78639,4913874108.182194,55323776267.6042
ORO,ccsm4_rcp45_r1i1p1,LUCAS-BAU_High-0002,62269618376.60006,4836320602.803456,57433297773.7966
ORO,ccsm4_rcp60_r1i1p1,FORE-SCE-A1B,85853872019.75487,8847294643.011843,77006577376.74301
ORO,ccsm4_rcp60_r1i1p1,FORE-SCE-A2,69987990386.8978,8942975207.8704,61045015179.0274
ORO,ccsm4_rcp60_r1i1p1,FORE-SCE-B1,51707209039.8305,201735604.5752589,51505473435.25524
ORO,ccsm4_rcp60_r1i1p1,GCAM-26,192342854105.88196,15729759319.965017,176613094785.91693
ORO,ccsm4_rcp60_r1i1p1,GCAM-45,125843293035.31328,13000317309.855906,112842975725.45738
ORO,ccsm4_rcp60_r1i1p1,GCAM-ref,88907784045.95856,9024003679.622166,79883780366.33638
ORO,ccsm4_rcp60_r1i1p1,LUCAS-BAU_High-0001,41600322728.07966,208097417.81786144,41392225310.261795
ORO,ccsm4_rcp60_r1i1p1,LUCAS-BAU_High-0002,43230937669.58831,207649162.48084918,43023288507.10746
ORO,ccsm4_rcp85_r1i1p1,FORE-SCE-A1B,150013269052.3846,17216981802.753365,132796287249.63127
ORO,ccsm4_rcp85_r1i1p1,FORE-SCE-A2,129436071441.63303,18013944186.826893,111422127254.80615
ORO,ccsm4_rcp85_r1i1p1,FORE-SCE-B1,110036521525.30626,16759886294.886898,93276635230.41936
ORO,ccsm4_rcp85_r1i1p1,GCAM-26,296000470784.10425,22751411234.491302,273249059549.613
ORO,ccsm4_rcp85_r1i1p1,GCAM-45,207650754285.25366,23789676989.88438,183861077295.36926
ORO,ccsm4_rcp85_r1i1p1,GCAM-ref,147629390748.6333,16574283966.916706,131055106781.71657
ORO,ccsm4_rcp85_r1i1p1,LUCAS-BAU_High-0001,89895697911.3781,17139857405.25369,72755840506.12444
ORO,ccsm4_rcp85_r1i1p1,LUCAS-BAU_High-0002,93568439851.22241,17931978973.990757,75636460877.23163
ORO,cesm1-bgc_rcp45_r1i1p1,FORE-SCE-A1B,115468094977.36264,4356899369.04322,111111195608.31943
ORO,cesm1-bgc_rcp45_r1i1p1,FORE-SCE-A2,96619666521.1896,6233570376.102996,90386096145.08664
ORO,cesm1-bgc_rcp45_r1i1p1,FORE-SCE-B1,80500030277.3442,6180025143.385102,74320005133.95909
ORO,cesm1-bgc_rcp45_r1i1p1,GCAM-26,234841355433.274,1219274492.9779553,233622080940.29602
ORO,cesm1-bgc_rcp45_r1i1p1,GCAM-45,158178100797.89062,1426615010.7220166,156751485787.1686
ORO,cesm1-bgc_rcp45_r1i1p1,GCAM-ref,114199761848.9043,3932520000.00001,110267241848.9043
ORO,cesm1-bgc_rcp45_r1i1p1,LUCAS-BAU_High-0001,61383627092.601944,3547163982.4842596,57836463110.11768
ORO,cesm1-bgc_rcp45_r1i1p1,LUCAS-BAU_High-0002,63366558704.25928,2988567288.7024817,60377991415.55679
ORO,cesm1-bgc_rcp85_r1i1p1,FORE-SCE-A1B,83653579218.1067,2678423046.780849,80975156171.32585
ORO,cesm1-bgc_rcp85_r1i1p1,FORE-SCE-A2,62878349695.23577,2687017347.839277,60191332347.39649
ORO,cesm1-bgc_rcp85_r1i1p1,FORE-SCE-B1,53315030580.855644,878591777.6382848,52436438803.217354
ORO,cesm1-bgc_rcp85_r1i1p1,GCAM-26,211168672760.60553,26858838999.999996,184309833760.60556
ORO,cesm1-bgc_rcp85_r1i1p1,GCAM-45,127279207540.6479,10341351208.885845,116937856331.76205
ORO,cesm1-bgc_rcp85_r1i1p1,GCAM-ref,87775510039.57812,2710241429.8529415,85065268609.72519
ORO,cesm1-bgc_rcp85_r1i1p1,LUCAS-BAU_High-0001,41719295217.4585,933956337.0111922,40785338880.44731
ORO,cesm1-bgc_rcp85_r1i1p1,LUCAS-BAU_High-0002,44027480904.532425,930806226.6068213,43096674677.9256
ORO,cesm1-cam5_rcp26_r1i1p1,FORE-SCE-A1B,89428010060.15213,7857581999.999992,81570428060.15211
ORO,cesm1-cam5_rcp26_r1i1p1,FORE-SCE-A2,70960308934.41858,4842256144.338387,66118052790.08019
ORO,cesm1-cam5_rcp26_r1i1p1,FORE-SCE-B1,56182158658.86674,4858234384.383026,51323924274.48372
ORO,cesm1-cam5_rcp26_r1i1p1,GCAM-26,199371448959.90225,7659083043.88355,191712365916.0187
ORO,cesm1-cam5_rcp26_r1i1p1,GCAM-45,128572290520.28288,7857581999.999981,120714708520.28291
ORO,cesm1-cam5_rcp26_r1i1p1,GCAM-ref,86962861015.15872,7857581999.999995,79105279015.1587
ORO,cesm1-cam5_rcp26_r1i1p1,LUCAS-BAU_High-0001,42486387444.32444,4880445542.966726,37605941901.35772
ORO,cesm1-cam5_rcp26_r1i1p1,LUCAS-BAU_High-0002,44379405033.64862,4863396953.126401,39516008080.52222
ORO,cesm1-cam5_rcp45_r1i1p1,FORE-SCE-A1B,161275867258.10452,6300958999.999994,154974908258.10455
ORO,cesm1-cam5_rcp45_r1i1p1,FORE-SCE-A2,132500188035.96375,6300959000.000006,126199229035.96375
ORO,cesm1-cam5_rcp45_r1i1p1,FORE-SCE-B1,116115706555.66464,6300958999.999996,109814747555.66466
ORO,cesm1-cam5_rcp45_r1i1p1,GCAM-26,309557468980.2578,1028863348.4706864,308528605631.7871
ORO,cesm1-cam5_rcp45_r1i1p1,GCAM-45,218550244195.32184,6300958999.99999,212249285195.32184
ORO,cesm1-cam5_rcp45_r1i1p1,GCAM-ref,166485194056.78442,6300959000.000009,160184235056.78442
ORO,cesm1-cam5_rcp45_r1i1p1,LUCAS-BAU_High-0001,93273523007.02373,2391850207.74178,90881672799.28195
ORO,cesm1-cam5_rcp45_r1i1p1,LUCAS-BAU_High-0002,100529090964.21329,6300959000.000003,94228131964.21329
ORO,cesm1-cam5_rcp60_r1i1p1,FORE-SCE-A1B,123537252387.06392,244132999.9999958,123293119387.06393
ORO,cesm1-cam5_rcp60_r1i1p1,FORE-SCE-A2,100679654977.31961,244133000.00001618,100435521977.31958
ORO,cesm1-cam5_rcp60_r1i1p1,FORE-SCE-B1,83678641849.71452,244132999.99999872,83434508849.71452
ORO,cesm1-cam5_rcp60_r1i1p1,GCAM-26,260006368545.42044,244133000.00001618,259762235545.42038
ORO,cesm1-cam5_rcp60_r1i1p1,GCAM-45,174116739601.19058,244133000.00001326,173872606601.19058
ORO,cesm1-cam5_rcp60_r1i1p1,GCAM-ref,124940463152.52989,244133000.00001326,124696330152.52986
ORO,cesm1-cam5_rcp60_r1i1p1,LUCAS-BAU_High-0001,66922263995.99891,244133000.00000164,66678130995.99891
ORO,cesm1-cam5_rcp60_r1i1p1,LUCAS-BAU_High-0002,69647068580.59045,244132999.9999958,69402935580.59047
ORO,cesm1-cam5_rcp85_r1i1p1,FORE-SCE-A1B,170827422663.2337,27220260238.01716,143607162425.21658
ORO,cesm1-cam5_rcp85_r1i1p1,FORE-SCE-A2,136551835564.5733,18572392253.72624,117979443310.84708
ORO,cesm1-cam5_rcp85_r1i1p1,FORE-SCE-B1,119018085522.23091,18285562123.378452,100732523398.85248
ORO,cesm1-cam5_rcp85_r1i1p1,GCAM-26,329345828969.30066,41907184349.300446,287438644620.00024
ORO,cesm1-cam5_rcp85_r1i1p1,GCAM-45,227343310467.07062,30873659605.831482,196469650861.2392
ORO,cesm1-cam5_rcp85_r1i1p1,GCAM-ref,170824679223.88983,26918178552.7585,143906500671.13135
ORO,cesm1-cam5_rcp85_r1i1p1,LUCAS-BAU_High-0001,99220418483.72939,18292709226.12445,80927709257.60493
ORO,cesm1-cam5_rcp85_r1i1p1,LUCAS-BAU_High-0002,102537946861.01009,18285973325.744503,84251973535.26556
ORO,cmcc-cm_rcp45_r1i1p1,FORE-SCE-A1B,113384589965.01466,0.0,113384589965.01466
ORO,cmcc-cm_rcp45_r1i1p1,FORE-SCE-A2,89305843465.6909,0.0,89305843465.6909
ORO,cmcc-cm_rcp45_r1i1p1,FORE-SCE-B1,72906592822.0068,0.0,72906592822.0068
ORO,cmcc-cm_rcp45_r1i1p1,GCAM-26,254436365265.43,0.0,254436365265.43
ORO,cmcc-cm_rcp45_r1i1p1,GCAM-45,164335090876.19403,0.0,164335090876.19403
ORO,cmcc-cm_rcp45_r1i1p1,GCAM-ref,113034780963.37776,0.0,113034780963.37776
ORO,cmcc-cm_rcp45_r1i1p1,LUCAS-BAU_High-0001,55030351283.02901,0.0,55030351283.02901
ORO,cmcc-cm_rcp45_r1i1p1,LUCAS-BAU_High-0002,57904802303.093094,0.0,57904802303.093094
ORO,cmcc-cm_rcp85_r1i1p1,FORE-SCE-A1B,149711975490.29037,0.0,149711975490.29037
ORO,cmcc-cm_rcp85_r1i1p1,FORE-SCE-A2,128320717795.3919,0.0,128320717795.3919
ORO,cmcc-cm_rcp85_r1i1p1,FORE-SCE-B1,105186486564.93489,0.0,105186486564.93489
ORO,cmcc-cm_rcp85_r1i1p1,GCAM-26,298921393462.70557,0.0,298921393462.70557
ORO,cmcc-cm_rcp85_r1i1p1,GCAM-45,204473428721.18924,0.0,204473428721.18924
ORO,cmcc-cm_rcp85_r1i1p1,GCAM-ref,146973230422.44403,0.0,146973230422.44403
ORO,cmcc-cm_rcp85_r1i1p1,LUCAS-BAU_High-0001,82944998315.3753,0.0,82944998315.3753
ORO,cmcc-cm_rcp85_r1i1p1,LUCAS-BAU_High-0002,85690425855.34271,0.0,85690425855.34271
ORO,cnrm-cm5_rcp45_r1i1p1,FORE-SCE-A1B,58315421755.35138,7306691055.724144,51008730699.62723
ORO,cnrm-cm5_rcp45_r1i1p1,FORE-SCE-A2,45835052059.73661,7242857370.014343,38592194689.72227
ORO,cnrm-cm5_rcp45_r1i1p1,FORE-SCE-B1,38373891903.39914,6683160695.812886,31690731207.586243
ORO,cnrm-cm5_rcp45_r1i1p1,GCAM-26,141489566075.30356,13256386455.688684,128233179619.61487
ORO,cnrm-cm5_rcp45_r1i1p1,GCAM-45,85925789849.14432,7671688954.781076,78254100894.36325
ORO,cnrm-cm5_rcp45_r1i1p1,GCAM-ref,59751041263.75489,7292829677.965644,52458211585.78926
ORO,cnrm-cm5_rcp45_r1i1p1,LUCAS-BAU_High-0001,30692650955.94182,6678507356.8522005,24014143599.089622
ORO,cnrm-cm5_rcp45_r1i1p1,LUCAS-BAU_High-0002,31797744679.082504,6677485415.2870245,25120259263.795486
ORO,cnrm-cm5_rcp85_r1i1p1,FORE-SCE-A1B,91870402901.5405,9168232755.946243,82702170145.59427
ORO,cnrm-cm5_rcp85_r1i1p1,FORE-SCE-A2,77715161767.04309,10433231625.832232,67281930141.21088
ORO,cnrm-cm5_rcp85_r1i1p1,FORE-SCE-B1,65914794361.50356,9385719780.100494,56529074581.40307
ORO,cnrm-cm5_rcp85_r1i1p1,GCAM-26,221865342745.45505,43744526912.70813,178120815832.7469
ORO,cnrm-cm5_rcp85_r1i1p1,GCAM-45,144059217510.5007,26868381786.977005,117190835723.5237
ORO,cnrm-cm5_rcp85_r1i1p1,GCAM-ref,90699847746.52342,9026788003.406544,81673059743.11687
ORO,cnrm-cm5_rcp85_r1i1p1,LUCAS-BAU_High-0001,56743845682.60672,11928646819.762249,44815198862.844475
ORO,cnrm-cm5_rcp85_r1i1p1,LUCAS-BAU_High-0002,57668666013.59909,11597614289.373657,46071051724.22543
ORO,csiro-mk3-6-0_rcp26_r1i1p1,FORE-SCE-A1B,148593617003.74277,0.0,148593617003.74277
ORO,csiro-mk3-6-0_rcp26_r1i1p1,FORE-SCE-A2,120594064111.81645,0.0,120594064111.81645
ORO,csiro-mk3-6-0_rcp26_r1i1p1,FORE-SCE-B1,103139877360.88829,0.0,103139877360.88829
ORO,csiro-mk3-6-0_rcp26_r1i1p1,GCAM-26,293880757658.6845,0.0,293880757658.6845
ORO,csiro-mk3-6-0_rcp26_r1i1p1,GCAM-45,203051213820.32828,0.0,203051213820.32828
ORO,csiro-mk3-6-0_rcp26_r1i1p1,GCAM-ref,151761018242.08572,0.0,151761018242.08572
ORO,csiro-mk3-6-0_rcp26_r1i1p1,LUCAS-BAU_High-0001,84301232663.49066,0.0,84301232663.49066
ORO,csiro-mk3-6-0_rcp26_r1i1p1,LUCAS-BAU_High-0002,87864543437.96634,0.0,87864543437.96634
ORO,csiro-mk3-6-0_rcp45_r1i1p1,FORE-SCE-A1B,133188930008.61629,0.0,133188930008.61629
ORO,csiro-mk3-6-0_rcp45_r1i1p1,FORE-SCE-A2,107617717209.17387,0.0,107617717209.17387
ORO,csiro-mk3-6-0_rcp45_r1i1p1,FORE-SCE-B1,88690629906.23006,0.0,88690629906.23006
ORO,csiro-mk3-6-0_rcp45_r1i1p1,GCAM-26,286540934639.7109,0.0,286540934639.7109
ORO,csiro-mk3-6-0_rcp45_r1i1p1,GCAM-45,190596109285.03302,0.0,190596109285.03302
ORO,csiro-mk3-6-0_rcp45_r1i1p1,GCAM-ref,135068973614.47684,0.0,135068973614.47684
ORO,csiro-mk3-6-0_rcp45_r1i1p1,LUCAS-BAU_High-0001,71177332851.10004,0.0,71177332851.10004
ORO,csiro-mk3-6-0_rcp45_r1i1p1,LUCAS-BAU_High-0002,74071508642.67104,0.0,74071508642.67104
ORO,csiro-mk3-6-0_rcp60_r1i1p1,FORE-SCE-A1B,129873293178.60231,23908017000.00001,105965276178.6023
ORO,csiro-mk3-6-0_rcp60_r1i1p1,FORE-SCE-A2,104281005271.9629,17089463481.495007,87191541790.46791
ORO,csiro-mk3-6-0_rcp60_r1i1p1,FORE-SCE-B1,87653551126.23227,17095869935.776375,70557681190.45592
ORO,csiro-mk3-6-0_rcp60_r1i1p1,GCAM-26,256008023533.44666,21306553426.073555,234701470107.37317
ORO,csiro-mk3-6-0_rcp60_r1i1p1,GCAM-45,166840284988.49133,14095495998.666164,152744788989.82513
ORO,csiro-mk3-6-0_rcp60_r1i1p1,GCAM-ref,128430178674.31613,23908016999.99997,104522161674.31621
ORO,csiro-mk3-6-0_rcp60_r1i1p1,LUCAS-BAU_High-0001,72558885867.11414,17100433662.49667,55458452204.617424
ORO,csiro-mk3-6-0_rcp60_r1i1p1,LUCAS-BAU_High-0002,74752602151.91039,17093257198.21273,57659344953.69763
ORO,csiro-mk3-6-0_rcp85_r1i1p1,FORE-SCE-A1B,140597639654.81894,418659000.00000256,140178980654.81894
ORO,csiro-mk3-6-0_rcp85_r1i1p1,FORE-SCE-A2,113604573733.13727,418659000.0000171,113185914733.13724
ORO,csiro-mk3-6-0_rcp85_r1i1p1,FORE-SCE-B1,95042067496.19373,418658999.99999094,94623408496.19373
ORO,csiro-mk3-6-0_rcp85_r1i1p1,GCAM-26,291150228951.4374,1417339679.5545967,289732889271.88275
ORO,csiro-mk3-6-0_rcp85_r1i1p1,GCAM-45,196020283669.5215,1460458001.113587,194559825668.40793
ORO,csiro-mk3-6-0_rcp85_r1i1p1,GCAM-ref,143864786062.6554,418658999.9999938,143446127062.6554
ORO,csiro-mk3-6-0_rcp85_r1i1p1,LUCAS-BAU_High-0001,78192977722.38216,2088809095.1634543,76104168627.21872
ORO,csiro-mk3-6-0_rcp85_r1i1p1,LUCAS-BAU_High-0002,80491151038.40993,1154832293.39245,79336318745.01749
ORO,fgoals-g2_rcp26_r1i1p1,FORE-SCE-A1B,71777042451.01753,570630999.9999852,71206411451.01755
ORO,fgoals-g2_rcp26_r1i1p1,FORE-SCE-A2,53727314051.20289,570630999.9999969,53156683051.20289
ORO,fgoals-g2_rcp26_r1i1p1,FORE-SCE-B1,45278032111.18934,570630999.9999881,44707401111.18935
ORO,fgoals-g2_rcp26_r1i1p1,GCAM-26,171288702403.68234,0.0,171288702403.68234
ORO,fgoals-g2_rcp26_r1i1p1,GCAM-45,106591789029.92366,570630999.9999852,106021158029.92368
ORO,fgoals-g2_rcp26_r1i1p1,GCAM-ref,74126047027.98103,570630999.9999969,73555416027.98103
ORO,fgoals-g2_rcp26_r1i1p1,LUCAS-BAU_High-0001,35551156714.8572,570630999.999991,34980525714.8572
ORO,fgoals-g2_rcp26_r1i1p1,LUCAS-BAU_High-0002,37544651727.413124,570630999.9999824,36974020727.41314
SHA,access1-0_rcp45_r1i1p1,FORE-SCE-A1B,214753745442.65918,1226256034.4421568,213527489408.21698
SHA,access1-0_rcp45_r1i1p1,FORE-SCE-A2,177172818196.58926,1870120670.8468788,175302697525.74237
SHA,access1-0_rcp45_r1i1p1,FORE-SCE-B1,145291610409.1183,183343084.01308808,145108267325.1052
SHA,access1-0_rcp45_r1i1p1,GCAM-26,452793750063.55634,4525165213.834898,448268584849.72144
SHA,access1-0_rcp45_r1i1p1,GCAM-45,302293973118.0904,2387185009.712343,299906788108.378
SHA,access1-0_rcp45_r1i1p1,GCAM-ref,210812879878.57938,1032385675.0376741,209780494203.54172
SHA,access1-0_rcp45_r1i1p1,LUCAS-BAU_High-0001,113744546609.46426,226944129.43164936,113517602480.03261
SHA,access1-0_rcp45_r1i1p1,LUCAS-BAU_High-0002,118650320939.58768,222257177.56233788,118428063762.02534
SHA,access1-0_rcp85_r1i1p1,FORE-SCE-A1B,393642500043.0648,15514851019.135107,378127649023.9297
SHA,access1-0_rcp85_r1i1p1,FORE-SCE-A2,331937250916.5672,18050844437.149014,313886406479.41815
SHA,access1-0_rcp85_r1i1p1,FORE-SCE-B1,293017165684.35425,19199192806.07457,273817972878.2797
SHA,access1-0_rcp85_r1i1p1,GCAM-26,731796165686.8652,14588191211.582924,717207974475.2822
SHA,access1-0_rcp85_r1i1p1,GCAM-45,517300668509.4437,13860422377.700642,503440246131.74304
SHA,access1-0_rcp85_r1i1p1,GCAM-ref,397752711046.5902,14908354930.903603,382844356115.6866
SHA,access1-0_rcp85_r1i1p1,LUCAS-BAU_High-0001,242676477730.95685,20923122787.13901,221753354943.8179
SHA,access1-0_rcp85_r1i1p1,LUCAS-BAU_High-0002,250914786315.14835,20580977565.948757,230333808749.19962
SHA,bcc-csm1-1-m_rcp45_r1i1p1,FORE-SCE-A1B,291749286607.57086,46190126672.78995,245559159934.7809
SHA,bcc-csm1-1-m_rcp45_r1i1p1,FORE-SCE-A2,249221452001.86703,47435567727.68047,201785884274.18652
SHA,bcc-csm1-1-m_rcp45_r1i1p1,FORE-SCE-B1,218149963671.15015,47206419874.92978,170943543796.22034
SHA,bcc-csm1-1-m_rcp45_r1i1p1,GCAM-26,548463376131.84894,54650823629.94082,493812552501.9081
SHA,bcc-csm1-1-m_rcp45_r1i1p1,GCAM-45,386522151851.05884,48984614551.18493,337537537299.8739
SHA,bcc-csm1-1-m_rcp45_r1i1p1,GCAM-ref,293200133990.74146,46392883206.733734,246807250784.00778
SHA,bcc-csm1-1-m_rcp45_r1i1p1,LUCAS-BAU_High-0001,184444180710.81534,49898884256.88764,134545296453.92772
SHA,bcc-csm1-1-m_rcp45_r1i1p1,LUCAS-BAU_High-0002,189560534741.24872,49804618130.94737,139755916610.3014
SHA,bcc-csm1-1-m_rcp85_r1i1p1,FORE-SCE-A1B,351415312732.5933,51630755842.37193,299784556890.22144
SHA,bcc-csm1-1-m_rcp85_r1i1p1,FORE-SCE-A2,307348913411.19666,51650873699.045746,255698039712.15097
SHA,bcc-csm1-1-m_rcp85_r1i1p1,FORE-SCE-B1,272329010800.4474,51111831859.77873,221217178940.6687
SHA,bcc-csm1-1-m_rcp85_r1i1p1,GCAM-26,630401620408.4481,58536121257.64238,571865499150.8058
SHA,bcc-csm1-1-m_rcp85_r1i1p1,GCAM-45,451641107670.48413,54738241595.961205,396902866074.52295
SHA,bcc-csm1-1-m_rcp85_r1i1p1,GCAM-ref,348225577470.08154,52130386316.87728,296095191153.20435
SHA,bcc-csm1-1-m_rcp85_r1i1p1,LUCAS-BAU_High-0001,235817202003.31274,51891048984.115204,183926153019.19748
SHA,bcc-csm1-1-m_rcp85_r1i1p1,LUCAS-BAU_High-0002,239966790371.5429,51875463998.357376,188091326373.18552
SHA,bcc-csm1-1_rcp26_r1i1p1,FORE-SCE-A1B,363958538591.22845,28788210192.338676,335170328398.8898
SHA,bcc-csm1-1_rcp26_r1i1p1,FORE-SCE-A2,304359330161.98016,27936066946.030647,276423263215.9496
SHA,bcc-csm1-1_rcp26_r1i1p1,FORE-SCE-B1,252503949321.02563,18519970927.310486,233983978393.71515
SHA,bcc-csm1-1_rcp26_r1i1p1,GCAM-26,682577145878.9937,21622691597.87584,660954454281.1177
SHA,bcc-csm1-1_rcp26_r1i1p1,GCAM-45,482929298774.5364,24598511455.69201,458330787318.8443
SHA,bcc-csm1-1_rcp26_r1i1p1,GCAM-ref,356837164283.7098,19005417511.335487,337831746772.3743
SHA,bcc-csm1-1_rcp26_r1i1p1,LUCAS-BAU_High-0001,211589864493.3856,19904197170.26603,191685667323.11954
SHA,bcc-csm1-1_rcp26_r1i1p1,LUCAS-BAU_High-0002,218771315333.50006,19754550831.20347,199016764502.29657
SHA,bcc-csm1-1_rcp45_r1i1p1,FORE-SCE-A1B,326089177233.6252,43157654993.91527,282931522239.70996
SHA,bcc-csm1-1_rcp45_r1i1p1,FORE-SCE-A2,287094593910.59534,46768075595.2679,240326518315.32748
SHA,bcc-csm1-1_rcp45_r1i1p1,FORE-SCE-B1,245352064101.2926,46836255332.97307,198515808768.31952
SHA,bcc-csm1-1_rcp45_r1i1p1,GCAM-26,609302788772.3672,40658574066.86162,568644214705.5056
SHA,bcc-csm1-1_rcp45_r1i1p1,GCAM-45,433098897311.43823,42991583669.56204,390107313641.8761
SHA,bcc-csm1-1_rcp45_r1i1p1,GCAM-ref,318762787606.5132,43060430515.63923,275702357090.87396
SHA,bcc-csm1-1_rcp45_r1i1p1,LUCAS-BAU_High-0001,206522264239.79666,46794999852.33934,159727264387.45724
SHA,bcc-csm1-1_rcp45_r1i1p1,LUCAS-BAU_High-0002,211809459480.02765,46791403674.70622,165018055805.3214
SHA,bcc-csm1-1_rcp60_r1i1p1,FORE-SCE-A1B,297243875728.22876,5162969249.761607,292080906478.46716
SHA,bcc-csm1-1_rcp60_r1i1p1,FORE-SCE-A2,246243593050.60284,5755115067.26067,240488477983.34216
SHA,bcc-csm1-1_rcp60_r1i1p1,FORE-SCE-B1,211132558225.5521,5794867470.14489,205337690755.40717
SHA,bcc-csm1-1_rcp60_r1i1p1,GCAM-26,578556996246.7319,6282011167.123943,572274985079.608
SHA,bcc-csm1-1_rcp60_r1i1p1,GCAM-45,407160709162.2266,5917044405.763966,401243664756.4627
SHA,bcc-csm1-1_rcp60_r1i1p1,GCAM-ref,303276378679.7216,5115948067.918204,298160430611.8034
SHA,bcc-csm1-1_rcp60_r1i1p1,LUCAS-BAU_High-0001,179731735474.9865,7472205123.9943,172259530350.99225
SHA,bcc-csm1-1_rcp60_r1i1p1,LUCAS-BAU_High-0002,185561176373.7445,7452953082.338095,178108223291.40643
SHA,bcc-csm1-1_rcp85_r1i1p1,FORE-SCE-A1B,443475808781.75366,106902130274.99722,336573678506.7565
SHA,bcc-csm1-1_rcp85_r1i1p1,FORE-SCE-A2,398267794686.30475,107515790916.82602,290752003769.47876
SHA,bcc-csm1-1_rcp85_r1i1p1,FORE-SCE-B1,340884365194.8457,94874381036.56471,246009984158.28098
SHA,bcc-csm1-1_rcp85_r1i1p1,GCAM-26,741727497414.0853,103535217208.53381,638192280205.5515
SHA,bcc-csm1-1_rcp85_r1i1p1,GCAM-45,559588356022.707,107062416595.27672,452525939427.43036
SHA,bcc-csm1-1_rcp85_r1i1p1,GCAM-ref,437444321383.24915,106395726220.75627,331048595162.4928
SHA,bcc-csm1-1_rcp85_r1i1p1,LUCAS-BAU_High-0001,296398198860.15576,95322668824.83275,201075530035.3231
SHA,bcc-csm1-1_rcp85_r1i1p1,LUCAS-BAU_High-0002,302080091782.80414,95159028294.63055,206921063488.17355
SHA,canesm2_rcp26_r1i1p1,FORE-SCE-A1B,520704337502.7254,254043993560.15143,266660343942.57376
SHA,canesm2_rcp26_r1i1p1,FORE-SCE-A2,475890547099.0946,254211555921.9022,221678991177.1926
SHA,canesm2_rcp26_r1i1p1,FORE-SCE-B1,446944065936.73865,254676348246.16885,192267717690.5698
SHA,canesm2_rcp26_r1i1p1,GCAM-26,775198643626.3491,258903524385.58722,516295119240.7614
SHA,canesm2_rcp26_r1i1p1,GCAM-45,615204009972.4148,256788181784.3809,358415828188.03406
SHA,canesm2_rcp26_r1i1p1,GCAM-ref,521143479799.3618,252753677470.69928,268389802328.66245
SHA,canesm2_rcp26_r1i1p1,LUCAS-BAU_High-0001,416311069193.89014,254080154321.84268,162230914872.0475
SHA,canesm2_rcp26_r1i1p1,LUCAS-BAU_High-0002,421273672605.4666,253461411304.15726,167812261301.30936
SHA,canesm2_rcp45_r1i1p1,FORE-SCE-A1B,346874578362.6781,50145869675.34489,296728708687.33325
SHA,canesm2_rcp45_r1i1p1,FORE-SCE-A2,299173321125.82733,45863923854.58242,253309397271.24487
SHA,canesm2_rcp45_r1i1p1,FORE-SCE-B1,266692791723.07657,41469255230.06385,225223536493.0127
SHA,canesm2_rcp45_r1i1p1,GCAM-26,604270107004.0167,53442220478.28821,550827886525.7284
SHA,canesm2_rcp45_r1i1p1,GCAM-45,438853964905.3442,49230823668.75717,389623141236.5869
SHA,canesm2_rcp45_r1i1p1,GCAM-ref,347016394683.43915,50128131854.84642,296888262828.59265
SHA,canesm2_rcp45_r1i1p1,LUCAS-BAU_High-0001,231461200264.00208,38062765407.46419,193398434856.5379
SHA,canesm2_rcp45_r1i1p1,LUCAS-BAU_High-0002,240364468420.85217,41879999620.162766,198484468800.68945
SHA,canesm2_rcp85_r1i1p1,FORE-SCE-A1B,940778681571.7977,523367430716.4742,417411250855.32355
SHA,canesm2_rcp85_r1i1p1,FORE-SCE-A2,888438061259.2949,521310018792.7356,367128042466.5594
SHA,canesm2_rcp85_r1i1p1,FORE-SCE-B1,859030195740.1411,525453492120.28674,333576703619.85425
SHA,canesm2_rcp85_r1i1p1,GCAM-26,1223761070208.682,528829930843.914,694931139364.7677
SHA,canesm2_rcp85_r1i1p1,GCAM-45,1044748285746.5922,522236945056.1879,522511340690.4043
SHA,canesm2_rcp85_r1i1p1,GCAM-ref,945452787758.9996,525269456691.00183,420183331067.99756
SHA,canesm2_rcp85_r1i1p1,LUCAS-BAU_High-0001,802637917107.2135,516142732455.58154,286495184651.63184
SHA,canesm2_rcp85_r1i1p1,LUCAS-BAU_High-0002,809217599869.5492,515789976498.6446,293427623370.90454
SHA,ccsm4_rcp26_r1i1p1,FORE-SCE-A1B,207962527893.95914,4217816155.5236015,203744711738.43552
SHA,ccsm4_rcp26_r1i1p1,FORE-SCE-A2,176398188278.0167,6025949151.514031,170372239126.50266
SHA,ccsm4_rcp26_r1i1p1,FORE-SCE-B1,146228389367.0546,7252096836.055851,138976292530.99872
SHA,ccsm4_rcp26_r1i1p1,GCAM-26,443187065699.92566,7647511999.999937,435539553699.92566
SHA,ccsm4_rcp26_r1i1p1,GCAM-45,292120841575.34326,2990454722.5353365,289130386852.80786
SHA,ccsm4_rcp26_r1i1p1,GCAM-ref,203844479051.64343,3962505503.480164,199881973548.16327
SHA,ccsm4_rcp26_r1i1p1,LUCAS-BAU_High-0001,120054055705.46565,11196574078.247524,108857481627.21812
SHA,ccsm4_rcp26_r1i1p1,LUCAS-BAU_High-0002,124028003867.42659,10842102329.79723,113185901537.62935
SHA,ccsm4_rcp45_r1i1p1,FORE-SCE-A1B,247741882963.76947,6693222507.288386,241048660456.48108
SHA,ccsm4_rcp45_r1i1p1,FORE-SCE-A2,208143519098.6826,7099586840.695419,201043932257.9872
SHA,ccsm4_rcp45_r1i1p1,FORE-SCE-B1,177197745709.81305,7192567511.052732,170005178198.76028
SHA,ccsm4_rcp45_r1i1p1,GCAM-26,497165728837.95703,13361537520.480032,483804191317.47705
SHA,ccsm4_rcp45_r1i1p1,GCAM-45,342203675758.40515,9730735986.304588,332472939772.1006
SHA,ccsm4_rcp45_r1i1p1,GCAM-ref,250872843051.83942,7446772847.543991,243426070204.29547
SHA,ccsm4_rcp45_r1i1p1,LUCAS-BAU_High-0001,145459304854.06366,7080378020.813984,138378926833.2497
SHA,ccsm4_rcp45_r1i1p1,LUCAS-BAU_High-0002,150907702733.69812,7077896476.529879,143829806257.16824
SHA,ccsm4_rcp60_r1i1p1,FORE-SCE-A1B,272433914707.88425,37809907616.39704,234624007091.48718
SHA,ccsm4_rcp60_r1i1p1,FORE-SCE-A2,234530565624.3443,39437054034.36018,195093511589.98413
SHA,ccsm4_rcp60_r1i1p1,FORE-SCE-B1,207199679751.4482,37444399738.42554,169755280013.02267
SHA,ccsm4_rcp60_r1i1p1,GCAM-26,504287712598.596,42575211046.878174,461712501551.71783
SHA,ccsm4_rcp60_r1i1p1,GCAM-45,364376166197.3694,44088196750.02571,320287969447.3437
SHA,ccsm4_rcp60_r1i1p1,GCAM-ref,278908255561.37616,37670318968.782265,241237936592.59396
SHA,ccsm4_rcp60_r1i1p1,LUCAS-BAU_High-0001,182371512627.77527,37725022021.63621,144646490606.13898
SHA,ccsm4_rcp60_r1i1p1,LUCAS-BAU_High-0002,186708733712.19092,37508279312.85565,149200454399.3353
SHA,ccsm4_rcp85_r1i1p1,FORE-SCE-A1B,320932494929.95624,5872287397.359061,315060207532.59717
SHA,ccsm4_rcp85_r1i1p1,FORE-SCE-A2,274013701090.7871,5220343025.93773,268793358064.84937
SHA,ccsm4_rcp85_r1i1p1,FORE-SCE-B1,235631587560.5952,3194767564.02021,232436819996.57495
SHA,ccsm4_rcp85_r1i1p1,GCAM-26,607240712402.589,9950248095.17041,597290464307.4186
SHA,ccsm4_rcp85_r1i1p1,GCAM-45,429948006481.8294,7746297238.096543,422201709243.733
SHA,ccsm4_rcp85_r1i1p1,GCAM-ref,315910528091.99384,5199003665.78578,310711524426.20807
SHA,ccsm4_rcp85_r1i1p1,LUCAS-BAU_High-0001,189839501488.83182,3540689478.0823364,186298812010.74948
SHA,ccsm4_rcp85_r1i1p1,LUCAS-BAU_High-0002,196442640007.67407,3643392163.6812334,192799247843.99286
SHA,cesm1-bgc_rcp45_r1i1p1,FORE-SCE-A1B,296453032590.4678,59913150528.34358,236539882062.12418
SHA,cesm1-bgc_rcp45_r1i1p1,FORE-SCE-A2,255334182624.58002,60034282399.10428,195299900225.47577
SHA,cesm1-bgc_rcp45_r1i1p1,FORE-SCE-B1,224325287598.1024,55928622704.04112,168396664894.0613
SHA,cesm1-bgc_rcp45_r1i1p1,GCAM-26,537847175971.1858,63618299335.30936,474228876635.87634
SHA,cesm1-bgc_rcp45_r1i1p1,GCAM-45,380230257203.1838,59017498562.63872,321212758640.5451
SHA,cesm1-bgc_rcp45_r1i1p1,GCAM-ref,292151467505.21954,55694193288.93777,236457274216.2818
SHA,cesm1-bgc_rcp45_r1i1p1,LUCAS-BAU_High-0001,193448533038.50305,55241249318.009705,138207283720.4933
SHA,cesm1-bgc_rcp45_r1i1p1,LUCAS-BAU_High-0002,198265002485.29788,55115404864.50659,143149597620.79132
SHA,cesm1-bgc_rcp85_r1i1p1,FORE-SCE-A1B,324847266794.3247,52925693339.18969,271921573455.135
SHA,cesm1-bgc_rcp85_r1i1p1,FORE-SCE-A2,276501071606.67615,51458358096.2148,225042713510.46136
SHA,cesm1-bgc_rcp85_r1i1p1,FORE-SCE-B1,250760969361.06793,50190579669.11132,200570389691.95663
SHA,cesm1-bgc_rcp85_r1i1p1,GCAM-26,584605627547.4546,56349259730.01314,528256367817.44147
SHA,cesm1-bgc_rcp85_r1i1p1,GCAM-45,418538187445.76074,51624791553.812256,366913395891.9485
SHA,cesm1-bgc_rcp85_r1i1p1,GCAM-ref,330139975433.8685,51255223681.55708,278884751752.3115
SHA,cesm1-bgc_rcp85_r1i1p1,LUCAS-BAU_High-0001,217009599908.20535,49071924223.838165,167937675684.3672
SHA,cesm1-bgc_rcp85_r1i1p1,LUCAS-BAU_High-0002,221093912685.69128,49044136793.72655,172049775891.96478
SHA,cesm1-cam5_rcp26_r1i1p1,FORE-SCE-A1B,203557668051.73822,5459177253.168443,198098490798.56976
SHA,cesm1-cam5_rcp26_r1i1p1,FORE-SCE-A2,171270949428.78986,4665735428.293646,166605214000.49622
SHA,cesm1-cam5_rcp26_r1i1p1,FORE-SCE-B1,142196822513.4467,4657028029.784079,137539794483.66263
SHA,cesm1-cam5_rcp26_r1i1p1,GCAM-26,417120551928.0015,6013064501.107862,411107487426.8937
SHA,cesm1-cam5_rcp26_r1i1p1,GCAM-45,281060534811.8428,5545585338.547285,275514949473.2955
SHA,cesm1-cam5_rcp26_r1i1p1,GCAM-ref,198413137835.19492,5490358099.06402,192922779736.1309
SHA,cesm1-cam5_rcp26_r1i1p1,LUCAS-BAU_High-0001,113028219391.11374,4234393987.1770706,108793825403.93666
SHA,cesm1-cam5_rcp26_r1i1p1,LUCAS-BAU_High-0002,117205707104.75914,4252408811.533407,112953298293.22572
SHA,cesm1-cam5_rcp45_r1i1p1,FORE-SCE-A1B,311384238810.34705,19705636683.280376,291678602127.0667
SHA,cesm1-cam5_rcp45_r1i1p1,FORE-SCE-A2,257601208283.18484,20021594146.034485,237579614137.15036
SHA,cesm1-cam5_rcp45_r1i1p1,FORE-SCE-B1,226484727797.54968,18143638476.76391,208341089320.78577
SHA,cesm1-cam5_rcp45_r1i1p1,GCAM-26,593017721224.9614,26946670499.98987,566071050724.9714
SHA,cesm1-cam5_rcp45_r1i1p1,GCAM-45,418071777119.4896,24393470704.6762,393678306414.8134
SHA,cesm1-cam5_rcp45_r1i1p1,GCAM-ref,318483688169.7801,19635527459.314636,298848160710.46545
SHA,cesm1-cam5_rcp45_r1i1p1,LUCAS-BAU_High-0001,185866665546.4513,16754273827.701023,169112391718.75027
SHA,cesm1-cam5_rcp45_r1i1p1,LUCAS-BAU_High-0002,194450383583.7308,18382385746.629173,176067997837.1016
SHA,cesm1-cam5_rcp60_r1i1p1,FORE-SCE-A1B,332051502529.54065,68996571082.91353,263054931446.62714
SHA,cesm1-cam5_rcp60_r1i1p1,FORE-SCE-A2,279420704636.7882,58285480487.02482,221135224149.76343
SHA,cesm1-cam5_rcp60_r1i1p1,FORE-SCE-B1,247042822334.30115,56513369002.44811,190529453331.85294
SHA,cesm1-cam5_rcp60_r1i1p1,GCAM-26,573905700007.415,69892723167.88858,504012976839.5265
SHA,cesm1-cam5_rcp60_r1i1p1,GCAM-45,425965811208.3933,70362500908.68037,355603310299.7128
SHA,cesm1-cam5_rcp60_r1i1p1,GCAM-ref,333004097827.8302,68248137491.83816,264755960335.99213
SHA,cesm1-cam5_rcp60_r1i1p1,LUCAS-BAU_High-0001,214457315532.17145,56342420954.91641,158114894577.25507
SHA,cesm1-cam5_rcp60_r1i1p1,LUCAS-BAU_High-0002,219678354330.43643,56430271537.31768,163248082793.11874
SHA,cesm1-cam5_rcp85_r1i1p1,FORE-SCE-A1B,436573538186.2874,88857285934.12259,347716252252.1649
SHA,cesm1-cam5_rcp85_r1i1p1,FORE-SCE-A2,381382294061.19336,87444487989.48886,293937806071.70447
SHA,cesm1-cam5_rcp85_r1i1p1,FORE-SCE-B1,342491460019.80774,84290092492.41006,258201367527.39767
SHA,cesm1-cam5_rcp85_r1i1p1,GCAM-26,747107570613.4104,90393722041.8564,656713848571.5538
SHA,cesm1-cam5_rcp85_r1i1p1,GCAM-45,551357048355.5825,89525659037.31004,461831389318.2726
SHA,cesm1-cam5_rcp85_r1i1p1,GCAM-ref,434268920804.70154,85730719951.74236,348538200852.9591
SHA,cesm1-cam5_rcp85_r1i1p1,LUCAS-BAU_High-0001,295466188696.8119,84011427540.5259,211454761156.28592
SHA,cesm1-cam5_rcp85_r1i1p1,LUCAS-BAU_High-0002,302951491572.9267,83988518855.71594,218962972717.21088
SHA,cmcc-cm_rcp45_r1i1p1,FORE-SCE-A1B,221751294636.65485,3947610490.477399,217803684146.1775
SHA,cmcc-cm_rcp45_r1i1p1,FORE-SCE-A2,182714332755.71317,4179884794.1793756,178534447961.53378
SHA,cmcc-cm_rcp45_r1i1p1,FORE-SCE-B1,156010752390.15186,4181616314.2211356,151829136075.93073
SHA,cmcc-cm_rcp45_r1i1p1,GCAM-26,446090668000.7716,7928821892.214606,438161846108.5571
SHA,cmcc-cm_rcp45_r1i1p1,GCAM-45,304577720900.5673,4062353425.8207455,300515367474.74664
SHA,cmcc-cm_rcp45_r1i1p1,GCAM-ref,221956199753.95984,3946859217.322283,218009340536.6376
SHA,cmcc-cm_rcp45_r1i1p1,LUCAS-BAU_High-0001,126372931066.10223,4180628076.814701,122192302989.28754
SHA,cmcc-cm_rcp45_r1i1p1,LUCAS-BAU_High-0002,131215730904.17365,4180702157.501342,127035028746.6723
SHA,cmcc-cm_rcp85_r1i1p1,FORE-SCE-A1B,281570073864.32996,17697087045.6773,263872986818.65265
SHA,cmcc-cm_rcp85_r1i1p1,FORE-SCE-A2,244238268923.12216,17511000841.80392,226727268081.31824
SHA,cmcc-cm_rcp85_r1i1p1,FORE-SCE-B1,200143285807.5087,10112319834.12957,190030965973.3791
SHA,cmcc-cm_rcp85_r1i1p1,GCAM-26,555545838628.2653,36196941734.99517,519348896893.27
SHA,cmcc-cm_rcp85_r1i1p1,GCAM-45,377696633542.85535,16965704354.739372,360730929188.11597
SHA,cmcc-cm_rcp85_r1i1p1,GCAM-ref,270389869704.01196,10054465522.05584,260335404181.95612
SHA,cmcc-cm_rcp85_r1i1p1,LUCAS-BAU_High-0001,160097164790.88165,10820692877.543907,149276471913.3377
SHA,cmcc-cm_rcp85_r1i1p1,LUCAS-BAU_High-0002,164921041445.2905,10578324853.794643,154342716591.49585
SHA,cnrm-cm5_rcp45_r1i1p1,FORE-SCE-A1B,351379099770.85596,124707327568.71521,226671772202.1407
SHA,cnrm-cm5_rcp45_r1i1p1,FORE-SCE-A2,311595020521.5208,119936699165.78096,191658321355.73987
SHA,cnrm-cm5_rcp45_r1i1p1,FORE-SCE-B1,282323932255.2926,114124683322.62015,168199248932.67255
SHA,cnrm-cm5_rcp45_r1i1p1,GCAM-26,576007716974.1118,132377104968.41603,443630612005.6957
SHA,cnrm-cm5_rcp45_r1i1p1,GCAM-45,437261620095.6539,131104880114.0921,306156739981.5617
SHA,cnrm-cm5_rcp45_r1i1p1,GCAM-ref,356058110047.43756,124588256826.92969,231469853220.50803
SHA,cnrm-cm5_rcp45_r1i1p1,LUCAS-BAU_High-0001,258120827927.53085,112748179957.79129,145372647969.73962
SHA,cnrm-cm5_rcp45_r1i1p1,LUCAS-BAU_High-0002,262310988666.7853,112582433106.16425,149728555560.62106
SHA,cnrm-cm5_rcp85_r1i1p1,FORE-SCE-A1B,370074968675.0981,83786061481.77956,286288907193.3184
SHA,cnrm-cm5_rcp85_r1i1p1,FORE-SCE-A2,330459197048.871,83008210380.36186,247450986668.50897
SHA,cnrm-cm5_rcp85_r1i1p1,FORE-SCE-B1,301499347616.43823,81947004460.26654,219552343156.1716
SHA,cnrm-cm5_rcp85_r1i1p1,GCAM-26,629232150720.0089,91934901170.52176,537297249549.4872
SHA,cnrm-cm5_rcp85_r1i1p1,GCAM-45,468562964745.04834,91411353952.96675,377151610792.0815
SHA,cnrm-cm5_rcp85_r1i1p1,GCAM-ref,375064363104.3749,88825159472.56334,286239203631.8114
SHA,cnrm-cm5_rcp85_r1i1p1,LUCAS-BAU_High-0001,254011837389.47784,68642423396.05171,185369413993.4262
SHA,cnrm-cm5_rcp85_r1i1p1,LUCAS-BAU_High-0002,259208548527.85648,68789462694.67781,190419085833.17862
SHA,csiro-mk3-6-0_rcp26_r1i1p1,FORE-SCE-A1B,287962618236.7936,14338517064.253292,273624101172.54028
SHA,csiro-mk3-6-0_rcp26_r1i1p1,FORE-SCE-A2,239892155066.96722,14346943870.177502,225545211196.78976
SHA,csiro-mk3-6-0_rcp26_r1i1p1,FORE-SCE-B1,206999870555.97504,10018045636.708862,196981824919.2662
SHA,csiro-mk3-6-0_rcp26_r1i1p1,GCAM-26,560306403956.9628,19846466960.27242,540459936996.6904
SHA,csiro-mk3-6-0_rcp26_r1i1p1,GCAM-45,390288711323.9415,18111305203.503742,372177406120.43787
SHA,csiro-mk3-6-0_rcp26_r1i1p1,GCAM-ref,294776199964.6208,14427306060.517595,280348893904.10315
SHA,csiro-mk3-6-0_rcp26_r1i1p1,LUCAS-BAU_High-0001,174050690147.85397,10668666646.447771,163382023501.40625
SHA,csiro-mk3-6-0_rcp26_r1i1p1,LUCAS-BAU_High-0002,179603009268.1371,10243222529.532267,169359786738.60483
SHA,csiro-mk3-6-0_rcp45_r1i1p1,FORE-SCE-A1B,307275766027.73114,0.0,307275766027.73114
SHA,csiro-mk3-6-0_rcp45_r1i1p1,FORE-SCE-A2,258395890377.10413,0.0,258395890377.10413
SHA,csiro-mk3-6-0_rcp45_r1i1p1,FORE-SCE-B1,220686868775.65927,0.0,220686868775.65927
SHA,csiro-mk3-6-0_rcp45_r1i1p1,GCAM-26,592483997944.3607,0.0,592483997944.3607
SHA,csiro-mk3-6-0_rcp45_r1i1p1,GCAM-45,412782932263.3697,0.0,412782932263.3697
SHA,csiro-mk3-6-0_rcp45_r1i1p1,GCAM-ref,308262387326.8193,0.0,308262387326.8193
SHA,csiro-mk3-6-0_rcp45_r1i1p1,LUCAS-BAU_High-0001,178897273654.04846,0.0,178897273654.04846
SHA,csiro-mk3-6-0_rcp45_r1i1p1,LUCAS-BAU_High-0002,185465966042.4479,0.0,185465966042.4479
SHA,csiro-mk3-6-0_rcp60_r1i1p1,FORE-SCE-A1B,272941839511.51508,31820770811.66011,241121068699.85492
SHA,csiro-mk3-6-0_rcp60_r1i1p1,FORE-SCE-A2,230534462069.14377,29169274979.77248,201365187089.37128
SHA,csiro-mk3-6-0_rcp60_r1i1p1,FORE-SCE-B1,201538876237.39053,29192851788.01595,172346024449.37454
SHA,csiro-mk3-6-0_rcp60_r1i1p1,GCAM-26,520923771850.81226,33583379467.35974,487340392383.4524
SHA,csiro-mk3-6-0_rcp60_r1i1p1,GCAM-45,365090637847.4834,33937831022.59222,331152806824.8912
SHA,csiro-mk3-6-0_rcp60_r1i1p1,GCAM-ref,272732839647.8016,31742973605.38452,240989866042.41708
SHA,csiro-mk3-6-0_rcp60_r1i1p1,LUCAS-BAU_High-0001,167661798278.08252,29209676515.88134,138452121762.2012
SHA,csiro-mk3-6-0_rcp60_r1i1p1,LUCAS-BAU_High-0002,172783318547.91824,29183218321.337925,143600100226.58026
SHA,csiro-mk3-6-0_rcp85_r1i1p1,FORE-SCE-A1B,368317096215.0487,33123046840.695267,335194049374.3534
SHA,csiro-mk3-6-0_rcp85_r1i1p1,FORE-SCE-A2,315007064632.29553,36283881425.84507,278723183206.4505
SHA,csiro-mk3-6-0_rcp85_r1i1p1,FORE-SCE-B1,279273634419.7868,32524963395.26314,246748671024.52362
SHA,csiro-mk3-6-0_rcp85_r1i1p1,GCAM-26,674667459622.5452,32846271851.294678,641821187771.2504
SHA,csiro-mk3-6-0_rcp85_r1i1p1,GCAM-45,484363546413.43567,34055670431.884014,450307875981.5517
SHA,csiro-mk3-6-0_rcp85_r1i1p1,GCAM-ref,368973712367.74896,28384836069.489586,340588876298.25946
SHA,csiro-mk3-6-0_rcp85_r1i1p1,LUCAS-BAU_High-0001,236043054343.5057,33179435099.732635,202863619243.7731
SHA,csiro-mk3-6-0_rcp85_r1i1p1,LUCAS-BAU_High-0002,243067570005.0829,32872373693.06877,210195196312.01407
SHA,fgoals-g2_rcp26_r1i1p1,FORE-SCE-A1B,201606012684.55624,5851227851.142862,195754784833.41336
SHA,fgoals-g2_rcp26_r1i1p1,FORE-SCE-A2,162470891875.3746,6017889535.632122,156453002339.7425
SHA,fgoals-g2_rcp26_r1i1p1,FORE-SCE-B1,141749255894.59048,6543743852.762503,135205512041.82796
SHA,fgoals-g2_rcp26_r1i1p1,GCAM-26,413729188270.70184,10077735951.820852,403651452318.881
SHA,fgoals-g2_rcp26_r1i1p1,GCAM-45,280480509296.23083,6209221097.097834,274271288199.13306
SHA,fgoals-g2_rcp26_r1i1p1,GCAM-ref,206718075694.1439,5854137056.790903,200863938637.353
SHA,fgoals-g2_rcp26_r1i1p1,LUCAS-BAU_High-0001,115820572229.09572,6817872859.709486,109002699369.38623
SHA,fgoals-g2_rcp26_r1i1p1,LUCAS-BAU_High-0002,120464204266.34695,6807546791.620331,113656657474.72662
